name	term	lev	seq	value
"cilium"	GO:0005929;GO:0120025;GO:0042995	2	LOC111101763	0.832191614168484
"cilium"	GO:0005929;GO:0120025;GO:0042995	2	LOC111125471	0.0388250581179278
"cilium"	GO:0005929;GO:0120025;GO:0042995	2	LOC111103560	1.91147742869042
"cilium"	GO:0005929;GO:0120025;GO:0042995	2	LOC111119161	0.000142702960174126
"cilium"	GO:0005929;GO:0120025;GO:0042995	2	LOC111115715	-0.880038124052739
"cilium"	GO:0005929;GO:0120025;GO:0042995	2	LOC111131840	-0.549138311050669
"cilium"	GO:0005929;GO:0120025;GO:0042995	2	LOC111129900	-0.271067553129285
"cilium"	GO:0005929;GO:0120025;GO:0042995	2	LOC111138395	0.195202895762199
"cilium"	GO:0005929;GO:0120025;GO:0042995	2	LOC111119660	0.552511467196258
"cilium"	GO:0005929;GO:0120025;GO:0042995	2	LOC111138334	-0.3758626384586
"cilium"	GO:0005929;GO:0120025;GO:0042995	2	LOC111136218	0.480703417025206
"cilium"	GO:0005929;GO:0120025;GO:0042995	2	LOC111136390	0.134124707574373
"cilium"	GO:0005929;GO:0120025;GO:0042995	2	LOC111113098	-4.44012144338814
"cilium"	GO:0005929;GO:0120025;GO:0042995	2	LOC111125668	0.141810419560597
"cilium"	GO:0005929;GO:0120025;GO:0042995	2	LOC111128088	1.12510414109709
"cilium"	GO:0005929;GO:0120025;GO:0042995	2	LOC111129556	-1.35202351814008
"cilium"	GO:0005929;GO:0120025;GO:0042995	2	LOC111132810	-1.44665028981635
"cilium"	GO:0005929;GO:0120025;GO:0042995	2	LOC111133353	1.27819080876598
"cilium"	GO:0005929;GO:0120025;GO:0042995	2	LOC111129389	1.63297870168371
"cilium"	GO:0005929;GO:0120025;GO:0042995	2	LOC111138333	1.74677232212977
"cilium"	GO:0005929;GO:0120025;GO:0042995	2	LOC111111569	-1.70239707726846
"cilium"	GO:0005929;GO:0120025;GO:0042995	2	LOC111101168	0.656650108595821
"cilium"	GO:0005929;GO:0120025;GO:0042995	2	LOC111135915	0.115132128574134
"cilium"	GO:0005929;GO:0120025;GO:0042995	2	LOC111122299	1.69409744876548
"GO:0003674;GO:0007165;unknown"	GO:0003674;GO:0007165;unknown	5	LOC111106668	0.364065306462861
"GO:0003674;GO:0007165;unknown"	GO:0003674;GO:0007165;unknown	5	LOC111108645	0.381508185467346
"GO:0003674;GO:0007165;unknown"	GO:0003674;GO:0007165;unknown	5	LOC111133372	-0.557630009045727
"GO:0003674;GO:0007165;unknown"	GO:0003674;GO:0007165;unknown	5	LOC111108113	0.436708839435973
"GO:0003674;GO:0007165;unknown"	GO:0003674;GO:0007165;unknown	5	LOC111099612	-0.079421894951645
"mitochondrion"	GO:0005739	3	LOC111101642	0.111871974674418
"mitochondrion"	GO:0005739	3	LOC111119655	0.266173975443575
"mitochondrion"	GO:0005739	3	LOC111123104	-0.021426143450925
"mitochondrion"	GO:0005739	3	LOC111106598	-0.00961478231658358
"mitochondrion"	GO:0005739	3	LOC111120952	-0.289573098625964
"mitochondrion"	GO:0005739	3	LOC111112604	1.28632156850547
"mitochondrion"	GO:0005739	3	LOC111119787	-0.258716388142162
"mitochondrion"	GO:0005739	3	LOC111100274	1.52134870198516
"mitochondrion"	GO:0005739	3	LOC111137562	0.652620447453145
"mitochondrion"	GO:0005739	3	LOC111136800	0.0196389801126927
"mitochondrion"	GO:0005739	3	LOC111100766	0.0442469242589838
"mitochondrion"	GO:0005739	3	LOC111121196	-0.329950462445958
"mitochondrion"	GO:0005739	3	LOC111133049	0.93030863048884
"mitochondrion"	GO:0005739	3	LOC111136314	0.641520716303946
"mitochondrion"	GO:0005739	3	LOC111106358	0.904251118888537
"mitochondrion"	GO:0005739	3	LOC111116974	-0.0888879018077623
"mitochondrion"	GO:0005739	3	LOC111136505	-0.161322841398503
"mitochondrion"	GO:0005739	3	LOC111108952	0.781457652687366
"mitochondrion"	GO:0005739	3	LOC111119213	-0.424151595961035
"mitochondrion"	GO:0005739	3	LOC111110359	0.782490366053403
"mitochondrion"	GO:0005739	3	LOC111127081	-1.78284425142363
"mitochondrion"	GO:0005739	3	LOC111133154	2.35884732148746
"mitochondrion"	GO:0005739	3	LOC111136650	0.308942865613052
"mitochondrion"	GO:0005739	3	LOC111131551	-0.407659020740176
"mitochondrion"	GO:0005739	3	LOC111124659	0.946285896089793
"mitochondrion"	GO:0005739	3	LOC111136890	-0.0594895912678376
"mitochondrion"	GO:0005739	3	LOC111101553	0.140216123429691
"mitochondrion"	GO:0005739	3	LOC111131274	0.725745385109946
"mitochondrion"	GO:0005739	3	LOC111126886	0.438069947593725
"mitochondrion"	GO:0005739	3	LOC111109896	0.144995838912205
"mitochondrion"	GO:0005739	3	LOC111133050	1.85535805489072
"mitochondrion"	GO:0005739	3	LOC111136313	-0.52433257308693
"mitochondrion"	GO:0005739	3	LOC111118591	-0.316666559295491
"mitochondrion"	GO:0005739	3	LOC111102942	-0.294909749871149
"mitochondrion"	GO:0005739	3	LOC111118962	0.320757036058184
"mitochondrion"	GO:0005739	3	LOC111132130	0.311957232740888
"mitochondrion"	GO:0005739	3	LOC111130805	0.732154813771158
"mitochondrion"	GO:0005739	3	LOC111121248	0.824463887039968
"mitochondrion"	GO:0005739	3	LOC111137730	-0.0217253737354277
"mitochondrion"	GO:0005739	3	LOC111118404	-1.74842036191486
"mitochondrion"	GO:0005739	3	LOC111104841	-0.0278396126980744
"mitochondrion"	GO:0005739	3	LOC111123124	-0.572443744762765
"mitochondrion"	GO:0005739	3	LOC111121310	0.338603961218338
"mitochondrion"	GO:0005739	3	LOC111137772	0.855626284409711
"mitochondrion"	GO:0005739	3	LOC111138145	0.310559326234541
"mitochondrion"	GO:0005739	3	LOC111133903	-0.956714225087661
"mitochondrion"	GO:0005739	3	LOC111108825	0.0579407275900948
"mitochondrion"	GO:0005739	3	LOC111123101	-0.127807854803739
"mitochondrion"	GO:0005739	3	LOC111110197	-0.0486430818003816
"mitochondrion"	GO:0005739	3	LOC111121158	-0.253595905177823
"mitochondrion"	GO:0005739	3	LOC111129897	-1.20279396666275
"mitochondrion"	GO:0005739	3	LOC111104588	0.386613517708451
"mitochondrion"	GO:0005739	3	LOC111122953	-1.88495208923441
"mitochondrion"	GO:0005739	3	LOC111099212	-0.686972425252957
"mitochondrion"	GO:0005739	3	LOC111102659	1.42067182576846
"mitochondrion"	GO:0005739	3	LOC111131009	0.535159159835013
"mitochondrion"	GO:0005739	3	LOC111126787	0.406693000020025
"mitochondrion"	GO:0005739	3	LOC111128042	2.63105400979157
"mitochondrion"	GO:0005739	3	LOC111115711	0.873158797079582
"mitochondrion"	GO:0005739	3	LOC111123450	-0.912171501255686
"mitochondrion"	GO:0005739	3	LOC111136646	0.757519827804953
"mitochondrion"	GO:0005739	3	LOC111125769	2.13005398184101
"mitochondrion"	GO:0005739	3	LOC111112511	-0.197266291514521
"mitochondrion"	GO:0005739	3	LOC111130956	-1.71285978994809
"mitochondrion"	GO:0005739	3	LOC111132318	2.74305851399216
"mitochondrion"	GO:0005739	3	LOC111123120	-0.436329514189021
"mitochondrion"	GO:0005739	3	LOC111102414	1.10046859162606
"mitochondrion"	GO:0005739	3	LOC111104128	-0.952054816955824
"mitochondrion"	GO:0005739	3	LOC111119118	-1.06159718511298
"mitochondrion"	GO:0005739	3	LOC111134642	-0.694535203883575
"mitochondrion"	GO:0005739	3	LOC111137943	1.14907489634963
"mitochondrion"	GO:0005739	3	LOC111127645	0.175225979327735
"mitochondrion"	GO:0005739	3	LOC111124777	0.999961049130928
"mitochondrion"	GO:0005739	3	LOC111125900	0.135284061437151
"mitochondrion"	GO:0005739	3	LOC111130538	0.807527068698543
"mitochondrion"	GO:0005739	3	LOC111104044	-0.700606877295206
"mitochondrion"	GO:0005739	3	LOC111129942	2.44923317652779
"mitochondrion"	GO:0005739	3	LOC111120233	-0.43575025838095
"mitochondrion"	GO:0005739	3	LOC111127142	0.623081455718162
"mitochondrion"	GO:0005739	3	LOC111126054	-1.2546091140906
"mitochondrion"	GO:0005739	3	LOC111119683	-0.560399109032787
"mitochondrion"	GO:0005739	3	LOC111133413	-0.322385983440844
"mitochondrion"	GO:0005739	3	LOC111120574	0.265623259770479
"mitochondrion"	GO:0005739	3	LOC111124799	0.349822562285667
"mitochondrion"	GO:0005739	3	LOC111119453	-0.173868350372515
"mitochondrion"	GO:0005739	3	LOC111126631	0.35212302742847
"mitochondrion"	GO:0005739	3	LOC111133766	-1.48245282132001
"mitochondrion"	GO:0005739	3	LOC111131550	0.30519789448175
"mitochondrion"	GO:0005739	3	LOC111125901	0.672162247141738
"mitochondrion"	GO:0005739	3	LOC111138275	1.83130445817331
"mitochondrion"	GO:0005739	3	LOC111125013	-0.296447728277773
"mitochondrion"	GO:0005739	3	LOC111103991	0.314812820111688
"mitochondrion"	GO:0005739	3	LOC111122914	-0.191239574569885
"mitochondrion"	GO:0005739	3	LOC111133250	-0.167550171148646
"mitochondrion"	GO:0005739	3	LOC111125339	0.803305333425913
"mitochondrion"	GO:0005739	3	LOC111126607	-0.806517707008281
"mitochondrion"	GO:0005739	3	LOC111126444	0.316703723356901
"mitochondrion"	GO:0005739	3	LOC111137963	0.300377089306872
"mitochondrion"	GO:0005739	3	LOC111125655	0.997470118030851
"mitochondrion"	GO:0005739	3	LOC111101799	-0.253622219302306
"mitochondrion"	GO:0005739	3	LOC111099104	-2.3239164991522
"mitochondrion"	GO:0005739	3	LOC111119917	-0.274234157330911
"mitochondrion"	GO:0005739	3	LOC111104494	-3.43294578181842
"mitochondrion"	GO:0005739	3	LOC111112973	-19.2202809300036
"mitochondrion"	GO:0005739	3	LOC111127777	-1.05011606195424
"mitochondrion"	GO:0005739	3	LOC111136071	-0.762247233801854
"mitochondrion"	GO:0005739	3	LOC111123448	0.769977295182838
"mitochondrion"	GO:0005739	3	LOC111122906	-4.83179990707351
"mitochondrion"	GO:0005739	3	LOC111121515	-0.00517739058996563
"mitochondrion"	GO:0005739	3	LOC111117543	0.539689327801686
"mitochondrion"	GO:0005739	3	LOC111110545	0.150184556254793
"mitochondrion"	GO:0005739	3	LOC111105457	-0.675243840807498
"mitochondrion"	GO:0005739	3	LOC111130521	-0.985896010375703
"mitochondrion"	GO:0005739	3	LOC111101617	-1.1312168506679
"mitochondrion"	GO:0005739	3	LOC111126814	-0.772411758434294
"mitochondrion"	GO:0005739	3	LOC111127826	-0.569476082230272
"mitochondrion"	GO:0005739	3	LOC111125994	0.94234843856671
"mitochondrion"	GO:0005739	3	LOC111127461	-0.349149529575357
"mitochondrion"	GO:0005739	3	LOC111118592	3.8036859838779
"mitochondrion"	GO:0005739	3	LOC111123106	-0.398171095969551
"mitochondrion"	GO:0005739	3	LOC111122577	0.00891764637755101
"mitochondrion"	GO:0005739	3	LOC111108044	-0.070291335913629
"mitochondrion"	GO:0005739	3	LOC111107099	0.210318714153729
"mitochondrion"	GO:0005739	3	LOC111122972	-0.250907597249252
"mitochondrion"	GO:0005739	3	LOC111121610	-0.189516604429972
"mitochondrion"	GO:0005739	3	LOC111126859	-0.246073560782591
"mitochondrion"	GO:0005739	3	LOC111117758	-0.143746277787023
"mitochondrion"	GO:0005739	3	LOC111125556	0.146500256486475
"mitochondrion"	GO:0005739	3	LOC111108232	0.906774490287376
"mitochondrion"	GO:0005739	3	LOC111132762	-0.513683552329696
"mitochondrion"	GO:0005739	3	LOC111099502	-0.499277325060692
"mitochondrion"	GO:0005739	3	LOC111132088	0.842701041962549
"mitochondrion"	GO:0005739	3	LOC111118593	0.310192355821219
"mitochondrion"	GO:0005739	3	LOC111106955	-0.878264175394403
"mitochondrion"	GO:0005739	3	LOC111126104	-0.0860938580988059
"mitochondrion"	GO:0005739	3	LOC111125453	1.11786304761653
"mitochondrion"	GO:0005739	3	LOC111106862	-0.650756226128106
"mitochondrion"	GO:0005739	3	LOC111127131	-0.168216952781935
"mitochondrion"	GO:0005739	3	LOC111105498	0.244862090430797
"vesicle"	GO:0031410;GO:0097708;GO:0031982	4	LOC111137900	2.86206025699566
"vesicle"	GO:0031410;GO:0097708;GO:0031982	4	LOC111110025	1.08429705193714
"vesicle"	GO:0031410;GO:0097708;GO:0031982	4	LOC111122347	-0.139766753486809
"vesicle"	GO:0031410;GO:0097708;GO:0031982	4	LOC111120937	-0.0539287095299271
"vesicle"	GO:0031410;GO:0097708;GO:0031982	4	LOC111135977	0.990917015943549
"vesicle"	GO:0031410;GO:0097708;GO:0031982	4	LOC111121893	2.40583068455992
"vesicle"	GO:0031410;GO:0097708;GO:0031982	4	LOC111107872	-0.524005268482773
"vesicle"	GO:0031410;GO:0097708;GO:0031982	4	LOC111134816	-0.887261795991973
"vesicle"	GO:0031410;GO:0097708;GO:0031982	4	LOC111130391	2.07182702181746
"vesicle"	GO:0031410;GO:0097708;GO:0031982	4	LOC111133261	1.39111839666414
"vesicle"	GO:0031410;GO:0097708;GO:0031982	4	LOC111111458	0.32237969693879
"vesicle"	GO:0031410;GO:0097708;GO:0031982	4	LOC111130192	0.085445954054014
"vesicle"	GO:0031410;GO:0097708;GO:0031982	4	LOC111130401	0.319486459975792
"vesicle"	GO:0031410;GO:0097708;GO:0031982	4	LOC111115748	-0.0675101213956768
"vesicle"	GO:0031410;GO:0097708;GO:0031982	4	LOC111132028	-0.0661227205837089
"vesicle"	GO:0031410;GO:0097708;GO:0031982	4	LOC111110660	-1.54052742511848
"vesicle"	GO:0031410;GO:0097708;GO:0031982	4	LOC111134663	0.843157226050481
"vesicle"	GO:0031410;GO:0097708;GO:0031982	4	LOC111133356	0.468036211100243
"vesicle"	GO:0031410;GO:0097708;GO:0031982	4	LOC111135696	-0.367634250213114
"vesicle"	GO:0031410;GO:0097708;GO:0031982	4	LOC111127032	0.573238689307095
"vesicle"	GO:0031410;GO:0097708;GO:0031982	4	LOC111129413	-1.2987440331981
"vesicle"	GO:0031410;GO:0097708;GO:0031982	4	LOC111125337	0.732824438163801
"vesicle"	GO:0031410;GO:0097708;GO:0031982	4	LOC111112119	3.86607087289255
"vesicle"	GO:0031410;GO:0097708;GO:0031982	4	LOC111103287	2.0694330686217
"vesicle"	GO:0031410;GO:0097708;GO:0031982	4	LOC111119514	0.429176656972024
"vesicle"	GO:0031410;GO:0097708;GO:0031982	4	LOC111103244	0.0870426835588087
"vesicle"	GO:0031410;GO:0097708;GO:0031982	4	LOC111106364	-0.908276139078534
"vesicle"	GO:0031410;GO:0097708;GO:0031982	4	LOC111103912	-1.18423346948595
"vesicle"	GO:0031410;GO:0097708;GO:0031982	4	LOC111131321	-1.60940750126136
"vesicle"	GO:0031410;GO:0097708;GO:0031982	4	LOC111105624	-0.335541136746136
"vesicle"	GO:0031410;GO:0097708;GO:0031982	4	LOC111123133	0.498588818776016
"vesicle"	GO:0031410;GO:0097708;GO:0031982	4	LOC111136866	1.1326246909194
"vesicle"	GO:0031410;GO:0097708;GO:0031982	4	LOC111122791	0.328754084808217
"vesicle"	GO:0031410;GO:0097708;GO:0031982	4	LOC111133565	0.276004990255221
"vesicle"	GO:0031410;GO:0097708;GO:0031982	4	LOC111125427	0.94397393580753
"vesicle"	GO:0031410;GO:0097708;GO:0031982	4	LOC111129315	-0.29771211482685
"vesicle"	GO:0031410;GO:0097708;GO:0031982	4	LOC111133206	0.363579012687877
"vesicle"	GO:0031410;GO:0097708;GO:0031982	4	LOC111114212	0.105625292290982
"vesicle"	GO:0031410;GO:0097708;GO:0031982	4	LOC111120467	0.800280475129468
"vesicle"	GO:0031410;GO:0097708;GO:0031982	4	LOC111127928	0.21536331856814
"vesicle"	GO:0031410;GO:0097708;GO:0031982	4	LOC111103370	0.23962760861629
"vesicle"	GO:0031410;GO:0097708;GO:0031982	4	LOC111125974	-1.22436048528729
"vesicle"	GO:0031410;GO:0097708;GO:0031982	4	LOC111118255	-0.767933973677862
"vesicle"	GO:0031410;GO:0097708;GO:0031982	4	LOC111105880	1.30200076069409
"vesicle"	GO:0031410;GO:0097708;GO:0031982	4	LOC111136731	2.84175775315774
"protein-containing complex"	GO:0032991	1	LOC111120664	0.262857674150779
"protein-containing complex"	GO:0032991	1	LOC111131641	0.703259484837153
"protein-containing complex"	GO:0032991	1	LOC111138326	0.404906979828816
"protein-containing complex"	GO:0032991	1	LOC111133693	-1.36029307919237
"protein-containing complex"	GO:0032991	1	LOC111107271	-0.613918338037342
"protein-containing complex"	GO:0032991	1	LOC111137761	-0.649957242216807
"protein-containing complex"	GO:0032991	1	LOC111120585	0.336109058684089
"protein-containing complex"	GO:0032991	1	LOC111112549	-0.25030297913836
"protein-containing complex"	GO:0032991	1	LOC111125982	-0.449474716263707
"protein-containing complex"	GO:0032991	1	LOC111133472	-0.994480236393996
"protein-containing complex"	GO:0032991	1	LOC111130495	0.0275652841946794
"protein-containing complex"	GO:0032991	1	LOC111124861	-4.78410438659968
"protein-containing complex"	GO:0032991	1	LOC111118920	0.847414594919379
"protein-containing complex"	GO:0032991	1	LOC111131786	-0.19973252169052
"protein-containing complex"	GO:0032991	1	LOC111137900	2.86206025699566
"protein-containing complex"	GO:0032991	1	LOC111128770	-1.98466602703586
"protein-containing complex"	GO:0032991	1	LOC111134843	-0.598528171313273
"protein-containing complex"	GO:0032991	1	LOC111137775	-0.498309796734079
"protein-containing complex"	GO:0032991	1	LOC111124804	1.10612663917281
"protein-containing complex"	GO:0032991	1	LOC111136211	-0.307276773096671
"protein-containing complex"	GO:0032991	1	LOC111108643	0.844285195905207
"protein-containing complex"	GO:0032991	1	LOC111111616	0.0859510853172778
"protein-containing complex"	GO:0032991	1	LOC111100179	0.199029729147264
"protein-containing complex"	GO:0032991	1	LOC111136759	-0.435272599247489
"protein-containing complex"	GO:0032991	1	LOC111118140	-0.0648266940938723
"protein-containing complex"	GO:0032991	1	LOC111138463	1.33663737225422
"protein-containing complex"	GO:0032991	1	LOC111134887	0.230100411882487
"protein-containing complex"	GO:0032991	1	LOC111126088	1.05520639872079
"protein-containing complex"	GO:0032991	1	LOC111134794	3.81314154060426
"protein-containing complex"	GO:0032991	1	LOC111125905	-0.897313308898184
"protein-containing complex"	GO:0032991	1	LOC111109277	-0.0336243957228275
"protein-containing complex"	GO:0032991	1	LOC111132464	-0.433919900355201
"protein-containing complex"	GO:0032991	1	LOC111133871	2.57341530733809
"protein-containing complex"	GO:0032991	1	LOC111125867	1.21530098989989
"protein-containing complex"	GO:0032991	1	LOC111118864	-0.243531805150385
"protein-containing complex"	GO:0032991	1	LOC111130492	0.0831327331168742
"protein-containing complex"	GO:0032991	1	LOC111135336	1.16718083401116
"protein-containing complex"	GO:0032991	1	LOC111132811	-0.558497344527361
"protein-containing complex"	GO:0032991	1	LOC111121429	4.90511874106967
"protein-containing complex"	GO:0032991	1	LOC111125431	-0.0767471840445696
"protein-containing complex"	GO:0032991	1	LOC111125851	-1.68338163666943
"protein-containing complex"	GO:0032991	1	LOC111133731	-0.256888186853725
"protein-containing complex"	GO:0032991	1	LOC111121546	0.987901028630417
"protein-containing complex"	GO:0032991	1	LOC111125836	0.0334263859693888
"protein-containing complex"	GO:0032991	1	LOC111105096	-0.0343443941336728
"protein-containing complex"	GO:0032991	1	LOC111102596	0.0498318220480436
"protein-containing complex"	GO:0032991	1	LOC111110025	1.08429705193714
"protein-containing complex"	GO:0032991	1	LOC111135895	-0.0581286004478118
"protein-containing complex"	GO:0032991	1	LOC111120776	-0.848620305563283
"protein-containing complex"	GO:0032991	1	LOC111121686	-0.109940275120044
"protein-containing complex"	GO:0032991	1	LOC111130268	0.263075950737596
"protein-containing complex"	GO:0032991	1	LOC111130366	0.244146233467871
"protein-containing complex"	GO:0032991	1	LOC111100268	-1.03080493947213
"protein-containing complex"	GO:0032991	1	LOC111135210	0.18872442402842
"protein-containing complex"	GO:0032991	1	LOC111101801	0.227732689330611
"protein-containing complex"	GO:0032991	1	LOC111118072	-0.138076829032227
"protein-containing complex"	GO:0032991	1	LOC111138076	3.50298746717423
"protein-containing complex"	GO:0032991	1	LOC111128364	3.13271346728142
"protein-containing complex"	GO:0032991	1	LOC111102238	0.258102766107194
"protein-containing complex"	GO:0032991	1	LOC111114853	0.429700954544628
"protein-containing complex"	GO:0032991	1	LOC111118811	-0.353313481676194
"protein-containing complex"	GO:0032991	1	LOC111128718	-0.655655171222112
"protein-containing complex"	GO:0032991	1	LOC111104480	-0.0267933621574272
"protein-containing complex"	GO:0032991	1	LOC111130572	-0.271091447781635
"protein-containing complex"	GO:0032991	1	LOC111123588	-2.12314259326989
"protein-containing complex"	GO:0032991	1	LOC111104148	0.049833138514661
"protein-containing complex"	GO:0032991	1	LOC111130471	0.210950367079176
"protein-containing complex"	GO:0032991	1	LOC111105220	0.233345992334478
"protein-containing complex"	GO:0032991	1	LOC111124955	0.275248798029595
"protein-containing complex"	GO:0032991	1	LOC111106467	-1.56033289299248
"protein-containing complex"	GO:0032991	1	LOC111131112	0.299200977044478
"protein-containing complex"	GO:0032991	1	LOC111136469	0.230293361169007
"protein-containing complex"	GO:0032991	1	LOC111104470	0.176706253439801
"protein-containing complex"	GO:0032991	1	LOC111131693	0.106093911705514
"protein-containing complex"	GO:0032991	1	LOC111124563	-0.432966010345312
"protein-containing complex"	GO:0032991	1	LOC111118970	-0.815731078444318
"protein-containing complex"	GO:0032991	1	LOC111105532	-0.0344067832600813
"protein-containing complex"	GO:0032991	1	LOC111119594	-0.141800463137235
"protein-containing complex"	GO:0032991	1	LOC111137133	1.51527148538053
"protein-containing complex"	GO:0032991	1	LOC111101091	-0.0884245248208061
"protein-containing complex"	GO:0032991	1	LOC111136807	-1.43497384104455
"protein-containing complex"	GO:0032991	1	LOC111105277	0.0584606541623137
"protein-containing complex"	GO:0032991	1	LOC111116059	0.476859219681403
"protein-containing complex"	GO:0032991	1	LOC111121714	0.0962846513460594
"protein-containing complex"	GO:0032991	1	LOC111099524	-0.35176911842694
"protein-containing complex"	GO:0032991	1	LOC111104018	1.02147795684301
"protein-containing complex"	GO:0032991	1	LOC111123322	0.737769016284986
"protein-containing complex"	GO:0032991	1	LOC111122871	-0.837393990271409
"protein-containing complex"	GO:0032991	1	LOC111130920	-1.3704971145904
"protein-containing complex"	GO:0032991	1	LOC111100616	0.756661528733169
"protein-containing complex"	GO:0032991	1	LOC111099115	0.000244973561561841
"protein-containing complex"	GO:0032991	1	LOC111138498	2.03862488757412
"protein-containing complex"	GO:0032991	1	LOC111115398	0.11112776457531
"protein-containing complex"	GO:0032991	1	LOC111115569	0.274056146618305
"protein-containing complex"	GO:0032991	1	LOC111120993	-0.0885985659467346
"protein-containing complex"	GO:0032991	1	LOC111130343	2.40383012894384
"protein-containing complex"	GO:0032991	1	LOC111136250	0.972224189906973
"protein-containing complex"	GO:0032991	1	LOC111105773	-0.620846319598994
"protein-containing complex"	GO:0032991	1	LOC111136019	0.622847335568254
"protein-containing complex"	GO:0032991	1	LOC111114721	0.495816530220035
"protein-containing complex"	GO:0032991	1	LOC111104160	-0.350620290969674
"protein-containing complex"	GO:0032991	1	LOC111136087	1.09406309073132
"protein-containing complex"	GO:0032991	1	LOC111136055	0.479041028674003
"protein-containing complex"	GO:0032991	1	LOC111120138	0.137925969484606
"protein-containing complex"	GO:0032991	1	LOC111107578	-0.480973874440376
"protein-containing complex"	GO:0032991	1	LOC111101549	-1.08194164879154
"protein-containing complex"	GO:0032991	1	LOC111100741	-0.0344603030683701
"protein-containing complex"	GO:0032991	1	LOC111121806	1.18513565395865
"protein-containing complex"	GO:0032991	1	LOC111131718	-0.315986218537675
"protein-containing complex"	GO:0032991	1	LOC111129966	-0.356140815975122
"protein-containing complex"	GO:0032991	1	LOC111124662	0.450386987386457
"protein-containing complex"	GO:0032991	1	LOC111113720	-0.366962935678578
"protein-containing complex"	GO:0032991	1	LOC111108331	-0.28686499573379
"protein-containing complex"	GO:0032991	1	LOC111107554	-0.363814307183747
"protein-containing complex"	GO:0032991	1	LOC111103560	1.91147742869042
"protein-containing complex"	GO:0032991	1	LOC111100679	1.79117700635362
"protein-containing complex"	GO:0032991	1	LOC111121080	0.346061691772953
"protein-containing complex"	GO:0032991	1	LOC111137594	-0.0456357320093163
"protein-containing complex"	GO:0032991	1	LOC111121549	-0.205243934483032
"protein-containing complex"	GO:0032991	1	LOC111122429	0.607695152968749
"protein-containing complex"	GO:0032991	1	LOC111114842	-1.88108088592209
"protein-containing complex"	GO:0032991	1	LOC111126828	-2.83811726019808
"protein-containing complex"	GO:0032991	1	LOC111137505	-0.347503744561613
"protein-containing complex"	GO:0032991	1	LOC111113042	1.11614897605305
"protein-containing complex"	GO:0032991	1	LOC111106561	-0.374784216313548
"protein-containing complex"	GO:0032991	1	LOC111129185	0.632051621177875
"protein-containing complex"	GO:0032991	1	LOC111137803	-0.554637818298078
"protein-containing complex"	GO:0032991	1	LOC111136314	0.641520716303946
"protein-containing complex"	GO:0032991	1	LOC111101260	-0.315033742567763
"protein-containing complex"	GO:0032991	1	LOC111133944	-0.219078571382173
"protein-containing complex"	GO:0032991	1	LOC111135492	-0.294537321222302
"protein-containing complex"	GO:0032991	1	LOC111118767	-0.340365936628664
"protein-containing complex"	GO:0032991	1	LOC111115225	-7.22841534079357
"protein-containing complex"	GO:0032991	1	LOC111137908	-0.176673202622162
"protein-containing complex"	GO:0032991	1	LOC111102873	-0.377295421627685
"protein-containing complex"	GO:0032991	1	LOC111105027	-0.746683148593356
"protein-containing complex"	GO:0032991	1	LOC111136988	1.02608566137551
"protein-containing complex"	GO:0032991	1	LOC111120745	0.332075619228592
"protein-containing complex"	GO:0032991	1	LOC111114430	0.758940436327675
"protein-containing complex"	GO:0032991	1	LOC111106358	0.904251118888537
"protein-containing complex"	GO:0032991	1	LOC111106907	0.587637953310961
"protein-containing complex"	GO:0032991	1	LOC111125368	-0.114812212399917
"protein-containing complex"	GO:0032991	1	LOC111127274	0.157307921589188
"protein-containing complex"	GO:0032991	1	LOC111111238	0.645603222543929
"protein-containing complex"	GO:0032991	1	LOC111103989	-0.782005379640211
"protein-containing complex"	GO:0032991	1	LOC111134954	-0.360756240102167
"protein-containing complex"	GO:0032991	1	LOC111128416	-0.435397356503511
"protein-containing complex"	GO:0032991	1	LOC111122902	-0.740802915112261
"protein-containing complex"	GO:0032991	1	LOC111132309	1.31374294317671
"protein-containing complex"	GO:0032991	1	LOC111122503	0.439720024056992
"protein-containing complex"	GO:0032991	1	LOC111119628	-0.377784491122639
"protein-containing complex"	GO:0032991	1	LOC111129175	0.414196987679966
"protein-containing complex"	GO:0032991	1	LOC111123325	0.898375016731027
"protein-containing complex"	GO:0032991	1	LOC111103552	1.2756030581238
"protein-containing complex"	GO:0032991	1	LOC111126210	-1.07380718283931
"protein-containing complex"	GO:0032991	1	LOC111124711	1.29528409409297
"protein-containing complex"	GO:0032991	1	LOC111110359	0.782490366053403
"protein-containing complex"	GO:0032991	1	LOC111120921	-0.238827068216731
"protein-containing complex"	GO:0032991	1	LOC111118550	-0.373301923963293
"protein-containing complex"	GO:0032991	1	LOC111133154	2.35884732148746
"protein-containing complex"	GO:0032991	1	LOC111135297	-0.299300511094024
"protein-containing complex"	GO:0032991	1	LOC111118300	-4.86964604454664
"protein-containing complex"	GO:0032991	1	LOC111100957	0.303838860571123
"protein-containing complex"	GO:0032991	1	LOC111134430	-0.101622571239939
"protein-containing complex"	GO:0032991	1	LOC111118611	2.28393317349635
"protein-containing complex"	GO:0032991	1	LOC111116460	0.235872846722732
"protein-containing complex"	GO:0032991	1	LOC111132118	-1.02729919738328
"protein-containing complex"	GO:0032991	1	LOC111101470	-1.94897980637958
"protein-containing complex"	GO:0032991	1	LOC111119225	-1.67608544661232
"protein-containing complex"	GO:0032991	1	LOC111118761	0.818830541435823
"protein-containing complex"	GO:0032991	1	LOC111105763	0.140255472586191
"protein-containing complex"	GO:0032991	1	LOC111135977	0.990917015943549
"protein-containing complex"	GO:0032991	1	LOC111122952	1.5405421115856
"protein-containing complex"	GO:0032991	1	LOC111121685	-0.0348508600273549
"protein-containing complex"	GO:0032991	1	LOC111135795	0.645911945015396
"protein-containing complex"	GO:0032991	1	LOC111107832	0.502551460086344
"protein-containing complex"	GO:0032991	1	LOC111133954	-0.0958879822251999
"protein-containing complex"	GO:0032991	1	LOC111136219	-1.17947453850015
"protein-containing complex"	GO:0032991	1	LOC111121893	2.40583068455992
"protein-containing complex"	GO:0032991	1	LOC111130231	-0.0852727784369574
"protein-containing complex"	GO:0032991	1	LOC111114783	-0.871565413571126
"protein-containing complex"	GO:0032991	1	LOC111119086	-0.0715890883226731
"protein-containing complex"	GO:0032991	1	LOC111125592	0.204147907538074
"protein-containing complex"	GO:0032991	1	LOC111106496	-7.36868194829903
"protein-containing complex"	GO:0032991	1	LOC111112600	0.405663215020972
"protein-containing complex"	GO:0032991	1	LOC111130397	1.60887503740092
"protein-containing complex"	GO:0032991	1	LOC111126753	-0.0747328631139326
"protein-containing complex"	GO:0032991	1	LOC111101424	2.73622981083463
"protein-containing complex"	GO:0032991	1	LOC111115357	-1.02526506449971
"protein-containing complex"	GO:0032991	1	LOC111134592	-0.838371692569132
"protein-containing complex"	GO:0032991	1	LOC111111256	0.072504383966845
"protein-containing complex"	GO:0032991	1	LOC111125868	-1.77441156902566
"protein-containing complex"	GO:0032991	1	LOC111121349	0.000903248553633081
"protein-containing complex"	GO:0032991	1	LOC111120673	1.1933940889718
"protein-containing complex"	GO:0032991	1	LOC111121932	0.837429001011202
"protein-containing complex"	GO:0032991	1	LOC111135880	-1.63081831999273
"protein-containing complex"	GO:0032991	1	LOC111129337	-0.414863289396689
"protein-containing complex"	GO:0032991	1	LOC111136413	0.562243726462637
"protein-containing complex"	GO:0032991	1	LOC111134816	-0.887261795991973
"protein-containing complex"	GO:0032991	1	LOC111128831	7.3671620275769
"protein-containing complex"	GO:0032991	1	LOC111123418	0.0721275746180906
"protein-containing complex"	GO:0032991	1	LOC111117972	-0.710086788094603
"protein-containing complex"	GO:0032991	1	LOC111105474	-0.867314044670909
"protein-containing complex"	GO:0032991	1	LOC111107250	3.26006825934063
"protein-containing complex"	GO:0032991	1	LOC111126886	0.438069947593725
"protein-containing complex"	GO:0032991	1	LOC111100650	-0.304570273166172
"protein-containing complex"	GO:0032991	1	LOC111113404	-0.00543268175744164
"protein-containing complex"	GO:0032991	1	LOC111129301	-0.900529494182354
"protein-containing complex"	GO:0032991	1	LOC111107338	-0.371249309911886
"protein-containing complex"	GO:0032991	1	LOC111135564	0.289807017255233
"protein-containing complex"	GO:0032991	1	LOC111100869	1.82765370464433
"protein-containing complex"	GO:0032991	1	LOC111124911	0.815559961687434
"protein-containing complex"	GO:0032991	1	LOC111100592	-0.373192687699182
"protein-containing complex"	GO:0032991	1	LOC111126911	0.0170456343358147
"protein-containing complex"	GO:0032991	1	LOC111132777	-0.076684334390876
"protein-containing complex"	GO:0032991	1	LOC111100362	-0.033181289621639
"protein-containing complex"	GO:0032991	1	LOC111120856	1.28278355059626
"protein-containing complex"	GO:0032991	1	LOC111121590	-4.03164032368336
"protein-containing complex"	GO:0032991	1	LOC111136313	-0.52433257308693
"protein-containing complex"	GO:0032991	1	LOC111126900	0.163874256047236
"protein-containing complex"	GO:0032991	1	LOC111128739	-0.0735971814914183
"protein-containing complex"	GO:0032991	1	LOC111135298	1.07497056567425
"protein-containing complex"	GO:0032991	1	LOC111134501	-0.531909811775265
"protein-containing complex"	GO:0032991	1	LOC111130824	-0.100745569633983
"protein-containing complex"	GO:0032991	1	LOC111135038	-0.873733375591697
"protein-containing complex"	GO:0032991	1	LOC111127266	-1.06025546361599
"protein-containing complex"	GO:0032991	1	LOC111126675	0.0872751501249348
"protein-containing complex"	GO:0032991	1	LOC111138490	-0.58034260577506
"protein-containing complex"	GO:0032991	1	LOC111134649	-1.16790726574147
"protein-containing complex"	GO:0032991	1	LOC111128950	-3.49281200930562
"protein-containing complex"	GO:0032991	1	LOC111120479	-0.622918621825406
"protein-containing complex"	GO:0032991	1	LOC111127224	-1.61639874054876e-05
"protein-containing complex"	GO:0032991	1	LOC111123434	1.66222323857365
"protein-containing complex"	GO:0032991	1	LOC111133969	-1.07598535519571
"protein-containing complex"	GO:0032991	1	LOC111133998	0.5170211926567
"protein-containing complex"	GO:0032991	1	LOC111130568	0.665974432138674
"protein-containing complex"	GO:0032991	1	LOC111134206	0.58930807518299
"protein-containing complex"	GO:0032991	1	LOC111130391	2.07182702181746
"protein-containing complex"	GO:0032991	1	LOC111126926	-0.403685104165992
"protein-containing complex"	GO:0032991	1	LOC111116577	0.175039118076763
"protein-containing complex"	GO:0032991	1	LOC111129212	1.16739538122951
"protein-containing complex"	GO:0032991	1	LOC111131102	-0.691626041058205
"protein-containing complex"	GO:0032991	1	LOC111119608	-0.120523933908149
"protein-containing complex"	GO:0032991	1	LOC111137354	1.22008495183427
"protein-containing complex"	GO:0032991	1	LOC111128998	2.83359592747376
"protein-containing complex"	GO:0032991	1	LOC111126975	1.07287117885087
"protein-containing complex"	GO:0032991	1	LOC111105834	-0.250607749491555
"protein-containing complex"	GO:0032991	1	LOC111127086	-0.400856849540684
"protein-containing complex"	GO:0032991	1	LOC111110350	-2.99886634342671
"protein-containing complex"	GO:0032991	1	LOC111134658	0.815535736482753
"protein-containing complex"	GO:0032991	1	LOC111133772	1.62195070876684
"protein-containing complex"	GO:0032991	1	LOC111118766	-5.11753885736318
"protein-containing complex"	GO:0032991	1	LOC111113265	-0.700131055322631
"protein-containing complex"	GO:0032991	1	LOC111124280	-0.39604455300516
"protein-containing complex"	GO:0032991	1	LOC111119106	-1.30253621186385
"protein-containing complex"	GO:0032991	1	LOC111128085	-8.88102981633725
"protein-containing complex"	GO:0032991	1	LOC111133642	0.485000597114385
"protein-containing complex"	GO:0032991	1	LOC111108356	-1.83696545265089
"protein-containing complex"	GO:0032991	1	LOC111119756	-0.585408315050725
"protein-containing complex"	GO:0032991	1	LOC111102496	-0.0492318052214604
"protein-containing complex"	GO:0032991	1	LOC111127006	0.631604620676832
"protein-containing complex"	GO:0032991	1	LOC111120092	-0.360901374864715
"protein-containing complex"	GO:0032991	1	LOC111118069	-0.812890385899247
"protein-containing complex"	GO:0032991	1	LOC111102004	0.441838370863479
"protein-containing complex"	GO:0032991	1	LOC111135015	-0.443962981094496
"protein-containing complex"	GO:0032991	1	LOC111124707	0.666965134300502
"protein-containing complex"	GO:0032991	1	LOC111131637	0.0730232592548523
"protein-containing complex"	GO:0032991	1	LOC111127376	-8.64245377071962
"protein-containing complex"	GO:0032991	1	LOC111111171	1.1768419241555
"protein-containing complex"	GO:0032991	1	LOC111126745	-0.368193359363168
"protein-containing complex"	GO:0032991	1	LOC111134103	-0.0291331026463647
"protein-containing complex"	GO:0032991	1	LOC111117872	0.548119143553184
"protein-containing complex"	GO:0032991	1	LOC111110584	-0.0614719996376304
"protein-containing complex"	GO:0032991	1	LOC111131133	0.438461701802663
"protein-containing complex"	GO:0032991	1	LOC111133261	1.39111839666414
"protein-containing complex"	GO:0032991	1	LOC111111015	-1.06994811977326
"protein-containing complex"	GO:0032991	1	LOC111099995	0.0948456031876822
"protein-containing complex"	GO:0032991	1	LOC111117050	-0.499363430974775
"protein-containing complex"	GO:0032991	1	LOC111129147	-0.554545431406365
"protein-containing complex"	GO:0032991	1	LOC111137078	-0.769670488390538
"protein-containing complex"	GO:0032991	1	LOC111127462	1.06649078715971
"protein-containing complex"	GO:0032991	1	LOC111127431	-0.0336813451248343
"protein-containing complex"	GO:0032991	1	LOC111123147	2.00391394612071
"protein-containing complex"	GO:0032991	1	LOC111127095	0.222761869338275
"protein-containing complex"	GO:0032991	1	LOC111107854	-0.269383840378433
"protein-containing complex"	GO:0032991	1	LOC111124329	0.775524591268129
"protein-containing complex"	GO:0032991	1	LOC111121592	-0.165404524059597
"protein-containing complex"	GO:0032991	1	LOC111123477	-1.79921163926211
"protein-containing complex"	GO:0032991	1	LOC111118045	-0.255300308422338
"protein-containing complex"	GO:0032991	1	LOC111121185	-0.703983526140964
"protein-containing complex"	GO:0032991	1	LOC111138125	-0.402141104695692
"protein-containing complex"	GO:0032991	1	LOC111118537	-0.332457455113189
"protein-containing complex"	GO:0032991	1	LOC111136644	0.530304211477601
"protein-containing complex"	GO:0032991	1	LOC111126610	1.8240923624428
"protein-containing complex"	GO:0032991	1	LOC111101550	-0.8071929062733
"protein-containing complex"	GO:0032991	1	LOC111125871	0.29504787393233
"protein-containing complex"	GO:0032991	1	LOC111135413	0.267086665724023
"protein-containing complex"	GO:0032991	1	LOC111105629	-0.17855854459989
"protein-containing complex"	GO:0032991	1	LOC111106223	-1.83807258285258
"protein-containing complex"	GO:0032991	1	LOC111137553	-0.24246663791218
"protein-containing complex"	GO:0032991	1	LOC111135796	-3.20468020045547
"protein-containing complex"	GO:0032991	1	LOC111124560	-1.00888629268786
"protein-containing complex"	GO:0032991	1	LOC111123493	-2.20117013633775
"protein-containing complex"	GO:0032991	1	LOC111120022	1.24899328087119
"protein-containing complex"	GO:0032991	1	LOC111126379	-4.0301168726597
"protein-containing complex"	GO:0032991	1	LOC111108349	0.42114518594359
"protein-containing complex"	GO:0032991	1	LOC111126296	-0.16752867083095
"protein-containing complex"	GO:0032991	1	LOC111135118	-0.721843124966417
"protein-containing complex"	GO:0032991	1	LOC111130954	0.188261877540333
"protein-containing complex"	GO:0032991	1	LOC111107556	0.118897668589148
"protein-containing complex"	GO:0032991	1	LOC111126022	0.0903793916752465
"protein-containing complex"	GO:0032991	1	LOC111119161	0.000142702960174126
"protein-containing complex"	GO:0032991	1	LOC111129329	0.750619226017124
"protein-containing complex"	GO:0032991	1	LOC111101069	0.150052984932162
"protein-containing complex"	GO:0032991	1	LOC111109171	-0.690768203258556
"protein-containing complex"	GO:0032991	1	LOC111115219	0.837565481231746
"protein-containing complex"	GO:0032991	1	LOC111121688	0.112599519532862
"protein-containing complex"	GO:0032991	1	LOC111114242	-0.412527758596563
"protein-containing complex"	GO:0032991	1	LOC111101359	-0.550381982519207
"protein-containing complex"	GO:0032991	1	LOC111120971	0.621739651141507
"protein-containing complex"	GO:0032991	1	LOC111125990	2.30130133644887
"protein-containing complex"	GO:0032991	1	LOC111123124	-0.572443744762765
"protein-containing complex"	GO:0032991	1	LOC111129467	1.05331307441261
"protein-containing complex"	GO:0032991	1	LOC111111115	0.455774915633277
"protein-containing complex"	GO:0032991	1	LOC111133939	0.260501665735984
"protein-containing complex"	GO:0032991	1	LOC111120639	-1.13129826227789
"protein-containing complex"	GO:0032991	1	LOC111133631	-0.393806331760403
"protein-containing complex"	GO:0032991	1	LOC111127772	0.104142322909104
"protein-containing complex"	GO:0032991	1	LOC111121425	-0.127725491107161
"protein-containing complex"	GO:0032991	1	LOC111125296	-0.219546538477299
"protein-containing complex"	GO:0032991	1	LOC111118971	0.0250883802553764
"protein-containing complex"	GO:0032991	1	LOC111127323	0.604219309387521
"protein-containing complex"	GO:0032991	1	LOC111129838	0.140101889732846
"protein-containing complex"	GO:0032991	1	LOC111136943	0.438031765071804
"protein-containing complex"	GO:0032991	1	LOC111115441	-4.14182597659163
"protein-containing complex"	GO:0032991	1	LOC111113447	0.503437771486061
"protein-containing complex"	GO:0032991	1	LOC111137772	0.855626284409711
"protein-containing complex"	GO:0032991	1	LOC111114597	1.89746030563745
"protein-containing complex"	GO:0032991	1	LOC111130253	-0.684559981253642
"protein-containing complex"	GO:0032991	1	LOC111121745	0.264011419803659
"protein-containing complex"	GO:0032991	1	LOC111111072	0.496649655526355
"protein-containing complex"	GO:0032991	1	LOC111106097	0.0115266231055972
"protein-containing complex"	GO:0032991	1	LOC111133428	0.193884289953285
"protein-containing complex"	GO:0032991	1	LOC111108064	3.96647873842315
"protein-containing complex"	GO:0032991	1	LOC111113499	-0.0730996284738043
"protein-containing complex"	GO:0032991	1	LOC111120999	0.635570503030761
"protein-containing complex"	GO:0032991	1	LOC111125980	0.579211678983999
"protein-containing complex"	GO:0032991	1	LOC111104028	0.410320725350152
"protein-containing complex"	GO:0032991	1	LOC111131840	-0.549138311050669
"protein-containing complex"	GO:0032991	1	LOC111126582	0.743441756276898
"protein-containing complex"	GO:0032991	1	LOC111135393	-0.0125311273203925
"protein-containing complex"	GO:0032991	1	LOC111110554	0.136109765280722
"protein-containing complex"	GO:0032991	1	LOC111127906	0.676569767313302
"protein-containing complex"	GO:0032991	1	LOC111116344	0.163558405696094
"protein-containing complex"	GO:0032991	1	LOC111114057	1.47930383341759
"protein-containing complex"	GO:0032991	1	LOC111130940	-1.71794927828527
"protein-containing complex"	GO:0032991	1	LOC111118152	-0.437645647625834
"protein-containing complex"	GO:0032991	1	LOC111109520	-0.550222142660675
"protein-containing complex"	GO:0032991	1	LOC111128922	0.389702721651206
"protein-containing complex"	GO:0032991	1	LOC111123631	-2.20281908644384
"protein-containing complex"	GO:0032991	1	LOC111126788	-1.68114181600067
"protein-containing complex"	GO:0032991	1	LOC111112736	1.88768882466406
"protein-containing complex"	GO:0032991	1	LOC111128222	0.0387537340579317
"protein-containing complex"	GO:0032991	1	LOC111100287	-1.38606887798645
"protein-containing complex"	GO:0032991	1	LOC111132966	1.6194502853945
"protein-containing complex"	GO:0032991	1	LOC111118770	-0.0917869614086401
"protein-containing complex"	GO:0032991	1	LOC111103788	-0.0845298185046916
"protein-containing complex"	GO:0032991	1	LOC111109224	0.209159767395434
"protein-containing complex"	GO:0032991	1	LOC111122214	-0.0731335282784401
"protein-containing complex"	GO:0032991	1	LOC111130192	0.085445954054014
"protein-containing complex"	GO:0032991	1	LOC111133515	0.99150302761699
"protein-containing complex"	GO:0032991	1	LOC111101510	-0.403853145747148
"protein-containing complex"	GO:0032991	1	LOC111131411	-0.57236245253432
"protein-containing complex"	GO:0032991	1	LOC111136714	-4.46197491792298
"protein-containing complex"	GO:0032991	1	LOC111123963	1.98553304163257
"protein-containing complex"	GO:0032991	1	LOC111100906	-1.66859179645434
"protein-containing complex"	GO:0032991	1	LOC111120454	1.82584324767175
"protein-containing complex"	GO:0032991	1	LOC111102230	-0.230207843643045
"protein-containing complex"	GO:0032991	1	LOC111114644	-0.0286674232088802
"protein-containing complex"	GO:0032991	1	LOC111102393	-0.0775741450165189
"protein-containing complex"	GO:0032991	1	LOC111103394	-0.385840859938663
"protein-containing complex"	GO:0032991	1	LOC111107848	-0.658995087519984
"protein-containing complex"	GO:0032991	1	LOC111119341	0.820594702063596
"protein-containing complex"	GO:0032991	1	LOC111123236	-5.97702497001712
"protein-containing complex"	GO:0032991	1	LOC111121322	0.901440445003829
"protein-containing complex"	GO:0032991	1	LOC111118536	0.130528637387912
"protein-containing complex"	GO:0032991	1	LOC111124016	4.97935744174552
"protein-containing complex"	GO:0032991	1	LOC111125137	1.07566180534606
"protein-containing complex"	GO:0032991	1	LOC111125572	0.241719052949206
"protein-containing complex"	GO:0032991	1	LOC111134721	3.48078170276523
"protein-containing complex"	GO:0032991	1	LOC111136896	-0.307129764034458
"protein-containing complex"	GO:0032991	1	LOC111130875	0.114653002544226
"protein-containing complex"	GO:0032991	1	LOC111120123	-0.255523058065489
"protein-containing complex"	GO:0032991	1	LOC111121158	-0.253595905177823
"protein-containing complex"	GO:0032991	1	LOC111128424	-0.46281757522982
"protein-containing complex"	GO:0032991	1	LOC111118291	0.426164267770552
"protein-containing complex"	GO:0032991	1	LOC111115505	0.546432341257338
"protein-containing complex"	GO:0032991	1	LOC111129897	-1.20279396666275
"protein-containing complex"	GO:0032991	1	LOC111118090	0.0064888607363055
"protein-containing complex"	GO:0032991	1	LOC111131555	0.263750355996581
"protein-containing complex"	GO:0032991	1	LOC111100101	0.244105622676971
"protein-containing complex"	GO:0032991	1	LOC111128793	0.525351521248019
"protein-containing complex"	GO:0032991	1	LOC111120641	-0.531545371770032
"protein-containing complex"	GO:0032991	1	LOC111118760	1.34525030908367
"protein-containing complex"	GO:0032991	1	LOC111104588	0.386613517708451
"protein-containing complex"	GO:0032991	1	LOC111135975	-0.972882506210779
"protein-containing complex"	GO:0032991	1	LOC111136602	-0.705178094103373
"protein-containing complex"	GO:0032991	1	LOC111120769	-0.0233064909367063
"protein-containing complex"	GO:0032991	1	LOC111119651	-0.399046313699386
"protein-containing complex"	GO:0032991	1	LOC111130667	0.0662205232126419
"protein-containing complex"	GO:0032991	1	LOC111137055	0.0380505313059006
"protein-containing complex"	GO:0032991	1	LOC111099857	-0.100201086362068
"protein-containing complex"	GO:0032991	1	LOC111119803	-0.592889764984224
"protein-containing complex"	GO:0032991	1	LOC111110601	0.115563757852165
"protein-containing complex"	GO:0032991	1	LOC111112210	1.12203111008741
"protein-containing complex"	GO:0032991	1	LOC111127293	-3.8067570385887
"protein-containing complex"	GO:0032991	1	LOC111119893	0.146550595170265
"protein-containing complex"	GO:0032991	1	LOC111125906	0.46476466015843
"protein-containing complex"	GO:0032991	1	LOC111111571	-0.586254582575028
"protein-containing complex"	GO:0032991	1	LOC111102234	0.31039304140972
"protein-containing complex"	GO:0032991	1	LOC111109885	-0.304878121849873
"protein-containing complex"	GO:0032991	1	LOC111135485	-2.73427928897652
"protein-containing complex"	GO:0032991	1	LOC111121289	2.31341263147382
"protein-containing complex"	GO:0032991	1	LOC111129823	1.6114531012068
"protein-containing complex"	GO:0032991	1	LOC111100645	-0.731812090094259
"protein-containing complex"	GO:0032991	1	LOC111107997	-1.26401517693717
"protein-containing complex"	GO:0032991	1	LOC111137280	-0.185668463401073
"protein-containing complex"	GO:0032991	1	LOC111138395	0.195202895762199
"protein-containing complex"	GO:0032991	1	LOC111135548	0.701608064553415
"protein-containing complex"	GO:0032991	1	LOC111114799	-0.732947244602606
"protein-containing complex"	GO:0032991	1	LOC111136415	-0.416480450126044
"protein-containing complex"	GO:0032991	1	LOC111104334	0.0809493394545489
"protein-containing complex"	GO:0032991	1	LOC111135284	0.728920725768339
"protein-containing complex"	GO:0032991	1	LOC111130549	0.473675150403402
"protein-containing complex"	GO:0032991	1	LOC111137756	0.221742153128391
"protein-containing complex"	GO:0032991	1	LOC111129066	-0.098524347600458
"protein-containing complex"	GO:0032991	1	LOC111118665	0.366664885712791
"protein-containing complex"	GO:0032991	1	LOC111137718	0.360816229586019
"protein-containing complex"	GO:0032991	1	LOC111103659	0.184342942400309
"protein-containing complex"	GO:0032991	1	LOC111135331	0.382686183042493
"protein-containing complex"	GO:0032991	1	LOC111134971	2.40406855135471
"protein-containing complex"	GO:0032991	1	LOC111106006	0.331151794021619
"protein-containing complex"	GO:0032991	1	LOC111102463	1.5167351296618
"protein-containing complex"	GO:0032991	1	LOC111101090	0.312079743680011
"protein-containing complex"	GO:0032991	1	LOC111137485	0.141555587193721
"protein-containing complex"	GO:0032991	1	LOC111112773	-0.104828605248388
"protein-containing complex"	GO:0032991	1	LOC111122426	0.267668381462859
"protein-containing complex"	GO:0032991	1	LOC111123630	0.951255188920162
"protein-containing complex"	GO:0032991	1	LOC111108182	3.61732202496773
"protein-containing complex"	GO:0032991	1	LOC111122527	-3.26961370451136
"protein-containing complex"	GO:0032991	1	LOC111103789	-0.448066073535382
"protein-containing complex"	GO:0032991	1	LOC111112750	-0.261545238903395
"protein-containing complex"	GO:0032991	1	LOC111117013	-0.17003886792362
"protein-containing complex"	GO:0032991	1	LOC111134551	-1.48255879946198
"protein-containing complex"	GO:0032991	1	LOC111105728	-0.283394657692556
"protein-containing complex"	GO:0032991	1	LOC111115748	-0.0675101213956768
"protein-containing complex"	GO:0032991	1	LOC111131168	-1.08515770362725
"protein-containing complex"	GO:0032991	1	LOC111103117	0.350669359398466
"protein-containing complex"	GO:0032991	1	LOC111130324	1.70095573603791
"protein-containing complex"	GO:0032991	1	LOC111119812	0.570972862606641
"protein-containing complex"	GO:0032991	1	LOC111123262	0.827438063054245
"protein-containing complex"	GO:0032991	1	LOC111136186	-0.218131474885781
"protein-containing complex"	GO:0032991	1	LOC111129399	1.06356192941762
"protein-containing complex"	GO:0032991	1	LOC111136050	-0.109215271003143
"protein-containing complex"	GO:0032991	1	LOC111105716	-0.172529754222272
"protein-containing complex"	GO:0032991	1	LOC111127037	1.88100025542662
"protein-containing complex"	GO:0032991	1	LOC111130042	0.281394622727252
"protein-containing complex"	GO:0032991	1	LOC111130956	-1.71285978994809
"protein-containing complex"	GO:0032991	1	LOC111136545	0.49802423564788
"protein-containing complex"	GO:0032991	1	LOC111119855	-1.57025284571736
"protein-containing complex"	GO:0032991	1	LOC111109061	-0.148153250551313
"protein-containing complex"	GO:0032991	1	LOC111121616	0.0772556843021647
"protein-containing complex"	GO:0032991	1	LOC111102414	1.10046859162606
"protein-containing complex"	GO:0032991	1	LOC111104252	0.981620999618136
"protein-containing complex"	GO:0032991	1	LOC111099754	-0.0343406513228492
"protein-containing complex"	GO:0032991	1	LOC111119198	0.175098720177404
"protein-containing complex"	GO:0032991	1	LOC111137810	-0.0183928898408796
"protein-containing complex"	GO:0032991	1	LOC111128432	0.462318271356875
"protein-containing complex"	GO:0032991	1	LOC111118091	-1.03475025607115
"protein-containing complex"	GO:0032991	1	LOC111127914	-0.711515325108104
"protein-containing complex"	GO:0032991	1	LOC111111195	-0.763689890495946
"protein-containing complex"	GO:0032991	1	LOC111119532	-1.14029285296419
"protein-containing complex"	GO:0032991	1	LOC111105743	-0.336466871740078
"protein-containing complex"	GO:0032991	1	LOC111132028	-0.0661227205837089
"protein-containing complex"	GO:0032991	1	LOC111121695	0.170636567058486
"protein-containing complex"	GO:0032991	1	LOC111100263	0.324461496692339
"protein-containing complex"	GO:0032991	1	LOC111118763	-0.859498205898634
"protein-containing complex"	GO:0032991	1	LOC111129880	-1.50703061817667
"protein-containing complex"	GO:0032991	1	LOC111119118	-1.06159718511298
"protein-containing complex"	GO:0032991	1	LOC111138458	-2.24408330769115
"protein-containing complex"	GO:0032991	1	LOC111119458	-2.28113226680086
"protein-containing complex"	GO:0032991	1	LOC111113121	-0.0588255758828621
"protein-containing complex"	GO:0032991	1	LOC111124710	-0.70776554133903
"protein-containing complex"	GO:0032991	1	LOC111109994	-0.533196891022259
"protein-containing complex"	GO:0032991	1	LOC111119610	-0.727084796813323
"protein-containing complex"	GO:0032991	1	LOC111136477	2.64338448825302
"protein-containing complex"	GO:0032991	1	LOC111126083	1.15410586860075
"protein-containing complex"	GO:0032991	1	LOC111099664	0.432666463923242
"protein-containing complex"	GO:0032991	1	LOC111120991	0.936319108095983
"protein-containing complex"	GO:0032991	1	LOC111136722	1.97779337754003
"protein-containing complex"	GO:0032991	1	LOC111135650	-0.561225231520491
"protein-containing complex"	GO:0032991	1	LOC111134463	-5.87464189265849
"protein-containing complex"	GO:0032991	1	LOC111118916	0.499169291802422
"protein-containing complex"	GO:0032991	1	LOC111130431	0.655784855029608
"protein-containing complex"	GO:0032991	1	LOC111106501	0.548298100223856
"protein-containing complex"	GO:0032991	1	LOC111119173	-2.11345644971482
"protein-containing complex"	GO:0032991	1	LOC111130025	1.1722896565617
"protein-containing complex"	GO:0032991	1	LOC111134329	2.0487921071074
"protein-containing complex"	GO:0032991	1	LOC111135545	1.92104337328359
"protein-containing complex"	GO:0032991	1	LOC111134863	0.306493985365432
"protein-containing complex"	GO:0032991	1	LOC111112845	0.936461782972355
"protein-containing complex"	GO:0032991	1	LOC111133797	0.402855408772914
"protein-containing complex"	GO:0032991	1	LOC111113958	1.61142492521936
"protein-containing complex"	GO:0032991	1	LOC111134966	-0.0646375485944412
"protein-containing complex"	GO:0032991	1	LOC111124801	0.359444677708408
"protein-containing complex"	GO:0032991	1	LOC111131315	1.85465501599195
"protein-containing complex"	GO:0032991	1	LOC111116030	0.375945562918278
"protein-containing complex"	GO:0032991	1	LOC111104442	0.890830273094016
"protein-containing complex"	GO:0032991	1	LOC111118511	-1.2791637387092
"protein-containing complex"	GO:0032991	1	LOC111126301	-2.1023241287224
"protein-containing complex"	GO:0032991	1	LOC111137943	1.14907489634963
"protein-containing complex"	GO:0032991	1	LOC111125834	-0.368021193125701
"protein-containing complex"	GO:0032991	1	LOC111103914	0.862973115460828
"protein-containing complex"	GO:0032991	1	LOC111104149	-0.078520737611694
"protein-containing complex"	GO:0032991	1	LOC111132465	1.29000083265725
"protein-containing complex"	GO:0032991	1	LOC111113388	0.0116842258661957
"protein-containing complex"	GO:0032991	1	LOC111118496	1.22020178256854
"protein-containing complex"	GO:0032991	1	LOC111118406	-0.369938321909269
"protein-containing complex"	GO:0032991	1	LOC111133338	0.0735628129659556
"protein-containing complex"	GO:0032991	1	LOC111124748	1.68016271386393
"protein-containing complex"	GO:0032991	1	LOC111113417	-1.45962498957003
"protein-containing complex"	GO:0032991	1	LOC111106208	-1.85307300460578
"protein-containing complex"	GO:0032991	1	LOC111128575	-1.11237552629003
"protein-containing complex"	GO:0032991	1	LOC111136521	0.307652748377969
"protein-containing complex"	GO:0032991	1	LOC111120056	1.35748467832511
"protein-containing complex"	GO:0032991	1	LOC111130852	-0.0216965010069856
"protein-containing complex"	GO:0032991	1	LOC111121925	0.0863151493214677
"protein-containing complex"	GO:0032991	1	LOC111128979	1.3294833995762
"protein-containing complex"	GO:0032991	1	LOC111138369	0.0649643566335474
"protein-containing complex"	GO:0032991	1	LOC111120889	-0.615692806835981
"protein-containing complex"	GO:0032991	1	LOC111132123	0.232899689843488
"protein-containing complex"	GO:0032991	1	LOC111134748	-0.785151640405119
"protein-containing complex"	GO:0032991	1	LOC111123693	-0.664054872016841
"protein-containing complex"	GO:0032991	1	LOC111133594	-0.723900882134446
"protein-containing complex"	GO:0032991	1	LOC111115224	0.829099424682805
"protein-containing complex"	GO:0032991	1	LOC111127920	-0.315143951665057
"protein-containing complex"	GO:0032991	1	LOC111110660	-1.54052742511848
"protein-containing complex"	GO:0032991	1	LOC111130826	0.672370176634732
"protein-containing complex"	GO:0032991	1	LOC111130346	-0.782958796527149
"protein-containing complex"	GO:0032991	1	LOC111114012	-0.205218138707136
"protein-containing complex"	GO:0032991	1	LOC111136683	-0.093039638697956
"protein-containing complex"	GO:0032991	1	LOC111125779	1.07631243283212
"protein-containing complex"	GO:0032991	1	LOC111114850	-0.481028982869352
"protein-containing complex"	GO:0032991	1	LOC111127652	0.938543760999715
"protein-containing complex"	GO:0032991	1	LOC111122904	-0.300479825971862
"protein-containing complex"	GO:0032991	1	LOC111117803	0.297799327425144
"protein-containing complex"	GO:0032991	1	LOC111116995	1.25009939550648
"protein-containing complex"	GO:0032991	1	LOC111114451	-0.849903320954732
"protein-containing complex"	GO:0032991	1	LOC111136251	-3.27068231239535
"protein-containing complex"	GO:0032991	1	LOC111108423	0.979349031282396
"protein-containing complex"	GO:0032991	1	LOC111125748	0.14966742690394
"protein-containing complex"	GO:0032991	1	LOC111119940	-0.164177257474218
"protein-containing complex"	GO:0032991	1	LOC111106021	0.154026362755898
"protein-containing complex"	GO:0032991	1	LOC111108640	0.356913653828676
"protein-containing complex"	GO:0032991	1	LOC111133590	0.1584603788716
"protein-containing complex"	GO:0032991	1	LOC111124938	0.0289859532085716
"protein-containing complex"	GO:0032991	1	LOC111138334	-0.3758626384586
"protein-containing complex"	GO:0032991	1	LOC111100739	0.0250443066443186
"protein-containing complex"	GO:0032991	1	LOC111126890	-0.326005848741135
"protein-containing complex"	GO:0032991	1	LOC111120649	-0.369991851818578
"protein-containing complex"	GO:0032991	1	LOC111106830	-1.51580021222768
"protein-containing complex"	GO:0032991	1	LOC111129942	2.44923317652779
"protein-containing complex"	GO:0032991	1	LOC111118239	1.2367338941184
"protein-containing complex"	GO:0032991	1	LOC111120233	-0.43575025838095
"protein-containing complex"	GO:0032991	1	LOC111100692	0.433502101461567
"protein-containing complex"	GO:0032991	1	LOC111128461	1.75503127826019
"protein-containing complex"	GO:0032991	1	COX2	-3.21445493126704
"protein-containing complex"	GO:0032991	1	LOC111124726	-0.0132810122481454
"protein-containing complex"	GO:0032991	1	LOC111118527	0.145610988439466
"protein-containing complex"	GO:0032991	1	LOC111100260	-0.440762071827328
"protein-containing complex"	GO:0032991	1	LOC111101588	-0.901142157800428
"protein-containing complex"	GO:0032991	1	LOC111129358	-0.0538035863735353
"protein-containing complex"	GO:0032991	1	LOC111119123	0.579711938504471
"protein-containing complex"	GO:0032991	1	LOC111114538	6.44097120217271
"protein-containing complex"	GO:0032991	1	LOC111133207	-0.0462003476028674
"protein-containing complex"	GO:0032991	1	LOC111116220	-0.890803458197964
"protein-containing complex"	GO:0032991	1	LOC111136748	0.24900234732994
"protein-containing complex"	GO:0032991	1	LOC111132799	-0.230328587450828
"protein-containing complex"	GO:0032991	1	LOC111134114	-1.31346106827406
"protein-containing complex"	GO:0032991	1	LOC111123492	-2.30002903067881
"protein-containing complex"	GO:0032991	1	LOC111101712	1.99305091314051
"protein-containing complex"	GO:0032991	1	LOC111104775	0.131770893250992
"protein-containing complex"	GO:0032991	1	LOC111120078	0.218489355162618
"protein-containing complex"	GO:0032991	1	LOC111112126	-0.4661988821317
"protein-containing complex"	GO:0032991	1	LOC111134663	0.843157226050481
"protein-containing complex"	GO:0032991	1	LOC111101124	0.641884217602419
"protein-containing complex"	GO:0032991	1	LOC111134048	-0.479429001705422
"protein-containing complex"	GO:0032991	1	LOC111138081	-0.165544011323742
"protein-containing complex"	GO:0032991	1	LOC111126227	-1.26150666953505
"protein-containing complex"	GO:0032991	1	LOC111133413	-0.322385983440844
"protein-containing complex"	GO:0032991	1	LOC111125613	1.06739274812439
"protein-containing complex"	GO:0032991	1	LOC111134572	1.49770001812252
"protein-containing complex"	GO:0032991	1	LOC111136218	0.480703417025206
"protein-containing complex"	GO:0032991	1	LOC111135728	0.748879688709655
"protein-containing complex"	GO:0032991	1	LOC111118762	1.37289700636435
"protein-containing complex"	GO:0032991	1	LOC111132590	0.0949883321154497
"protein-containing complex"	GO:0032991	1	LOC111133356	0.468036211100243
"protein-containing complex"	GO:0032991	1	LOC111130240	6.03808587789592
"protein-containing complex"	GO:0032991	1	LOC111100305	1.30403152111907
"protein-containing complex"	GO:0032991	1	LOC111121810	-0.154762195292625
"protein-containing complex"	GO:0032991	1	LOC111119157	0.184950177705116
"protein-containing complex"	GO:0032991	1	LOC111125367	-11.5956236146489
"protein-containing complex"	GO:0032991	1	LOC111124637	4.5112497255429
"protein-containing complex"	GO:0032991	1	LOC111127260	0.275715035215608
"protein-containing complex"	GO:0032991	1	LOC111137106	1.05498081744922
"protein-containing complex"	GO:0032991	1	LOC111128415	-0.0754641612509383
"protein-containing complex"	GO:0032991	1	LOC111132691	-0.130935323026543
"protein-containing complex"	GO:0032991	1	LOC111135868	0.0168778312392007
"protein-containing complex"	GO:0032991	1	LOC111122917	-1.46371427560678
"protein-containing complex"	GO:0032991	1	LOC111115046	-0.179695232253559
"protein-containing complex"	GO:0032991	1	LOC111112880	0.316165603839224
"protein-containing complex"	GO:0032991	1	LOC111107987	-0.679403346417497
"protein-containing complex"	GO:0032991	1	LOC111122095	0.257655290232672
"protein-containing complex"	GO:0032991	1	LOC111135696	-0.367634250213114
"protein-containing complex"	GO:0032991	1	LOC111104688	1.12692924774463
"protein-containing complex"	GO:0032991	1	LOC111133963	0.380069708596654
"protein-containing complex"	GO:0032991	1	LOC111124799	0.349822562285667
"protein-containing complex"	GO:0032991	1	LOC111127032	0.573238689307095
"protein-containing complex"	GO:0032991	1	LOC111125907	-1.46631500689747
"protein-containing complex"	GO:0032991	1	LOC111105806	1.49505148389255
"protein-containing complex"	GO:0032991	1	LOC111121210	0.63944143142739
"protein-containing complex"	GO:0032991	1	LOC111137056	0.186165373837966
"protein-containing complex"	GO:0032991	1	LOC111119818	-0.336805338045941
"protein-containing complex"	GO:0032991	1	LOC111109647	-0.464804480453326
"protein-containing complex"	GO:0032991	1	LOC111128885	-1.38591487721149
"protein-containing complex"	GO:0032991	1	LOC111122680	-1.37798287501158
"protein-containing complex"	GO:0032991	1	LOC111129165	2.04327783935658
"protein-containing complex"	GO:0032991	1	LOC111108477	0.326968038102307
"protein-containing complex"	GO:0032991	1	LOC111133766	-1.48245282132001
"protein-containing complex"	GO:0032991	1	LOC111119625	-3.28837588509215
"protein-containing complex"	GO:0032991	1	LOC111130502	-0.869344286752118
"protein-containing complex"	GO:0032991	1	LOC111100011	-0.168409015940919
"protein-containing complex"	GO:0032991	1	LOC111124577	3.16133847025336
"protein-containing complex"	GO:0032991	1	LOC111129656	0.0498287466249692
"protein-containing complex"	GO:0032991	1	LOC111125479	0.596173623305284
"protein-containing complex"	GO:0032991	1	LOC111121707	-0.745217545699181
"protein-containing complex"	GO:0032991	1	LOC111119873	-0.338896052918698
"protein-containing complex"	GO:0032991	1	LOC111120989	0.347355366478256
"protein-containing complex"	GO:0032991	1	LOC111135421	-1.43130218537084
"protein-containing complex"	GO:0032991	1	LOC111126844	-0.747928093535659
"protein-containing complex"	GO:0032991	1	LOC111123907	-0.0669731712426143
"protein-containing complex"	GO:0032991	1	LOC111122502	0.445493911267188
"protein-containing complex"	GO:0032991	1	LOC111128602	0.203006205584663
"protein-containing complex"	GO:0032991	1	LOC111110033	2.06739156617161
"protein-containing complex"	GO:0032991	1	LOC111115725	0.231820379498254
"protein-containing complex"	GO:0032991	1	LOC111124843	-0.389311487145937
"protein-containing complex"	GO:0032991	1	LOC111130178	-1.01445195487085
"protein-containing complex"	GO:0032991	1	LOC111115556	1.5967799998064
"protein-containing complex"	GO:0032991	1	LOC111118438	0.0670884965231523
"protein-containing complex"	GO:0032991	1	LOC111135352	-3.13302883094185
"protein-containing complex"	GO:0032991	1	LOC111113098	-4.44012144338814
"protein-containing complex"	GO:0032991	1	LOC111131242	0.719401916892016
"protein-containing complex"	GO:0032991	1	LOC111134803	-0.34017013970754
"protein-containing complex"	GO:0032991	1	LOC111132160	0.197203417536703
"protein-containing complex"	GO:0032991	1	LOC111104055	-0.918261737477817
"protein-containing complex"	GO:0032991	1	LOC111103307	0.244905734599151
"protein-containing complex"	GO:0032991	1	LOC111133970	0.204812281783237
"protein-containing complex"	GO:0032991	1	LOC111136715	0.873214588474883
"protein-containing complex"	GO:0032991	1	LOC111119010	0.258185041698695
"protein-containing complex"	GO:0032991	1	LOC111104153	0.0625143178950343
"protein-containing complex"	GO:0032991	1	COX3	1.35460096982176
"protein-containing complex"	GO:0032991	1	LOC111127005	-1.36630609382051
"protein-containing complex"	GO:0032991	1	LOC111104276	-1.39566759514456
"protein-containing complex"	GO:0032991	1	LOC111138187	0.126997713632338
"protein-containing complex"	GO:0032991	1	LOC111138046	-0.574917822351732
"protein-containing complex"	GO:0032991	1	LOC111121690	5.62202534438467
"protein-containing complex"	GO:0032991	1	LOC111134949	-0.311747098866571
"protein-containing complex"	GO:0032991	1	LOC111103623	0.0346933906898699
"protein-containing complex"	GO:0032991	1	LOC111138275	1.83130445817331
"protein-containing complex"	GO:0032991	1	LOC111105896	-1.18133848710934
"protein-containing complex"	GO:0032991	1	LOC111099657	0.426278068489107
"protein-containing complex"	GO:0032991	1	LOC111137420	-0.289484806567851
"protein-containing complex"	GO:0032991	1	LOC111108193	0.376889391069306
"protein-containing complex"	GO:0032991	1	LOC111121809	0.63870892245022
"protein-containing complex"	GO:0032991	1	LOC111118765	-0.774751053065673
"protein-containing complex"	GO:0032991	1	LOC111118905	0.0683026005146966
"protein-containing complex"	GO:0032991	1	LOC111135214	-8.36105235506797
"protein-containing complex"	GO:0032991	1	LOC111124621	1.0809314208175
"protein-containing complex"	GO:0032991	1	LOC111125674	-0.116840723700165
"protein-containing complex"	GO:0032991	1	LOC111115094	-2.25284342873564
"protein-containing complex"	GO:0032991	1	LOC111118772	-0.938514486553413
"protein-containing complex"	GO:0032991	1	LOC111110128	0.654902784465256
"protein-containing complex"	GO:0032991	1	LOC111125668	0.141810419560597
"protein-containing complex"	GO:0032991	1	LOC111119991	0.304250160374263
"protein-containing complex"	GO:0032991	1	LOC111099548	-4.34693795551803
"protein-containing complex"	GO:0032991	1	LOC111125337	0.732824438163801
"protein-containing complex"	GO:0032991	1	LOC111101883	-2.83436950717217
"protein-containing complex"	GO:0032991	1	LOC111129466	-1.20712761735759
"protein-containing complex"	GO:0032991	1	LOC111121444	0.158271856863743
"protein-containing complex"	GO:0032991	1	LOC111101228	2.35851772655079
"protein-containing complex"	GO:0032991	1	LOC111112119	3.86607087289255
"protein-containing complex"	GO:0032991	1	LOC111111969	-0.0984889858896441
"protein-containing complex"	GO:0032991	1	LOC111137835	-1.76939256240566
"protein-containing complex"	GO:0032991	1	LOC111128088	1.12510414109709
"protein-containing complex"	GO:0032991	1	LOC111118710	-0.554941187046722
"protein-containing complex"	GO:0032991	1	LOC111118359	-0.0336523601732884
"protein-containing complex"	GO:0032991	1	LOC111105733	0.744036075103692
"protein-containing complex"	GO:0032991	1	LOC111120984	1.3264355253655
"protein-containing complex"	GO:0032991	1	LOC111135828	0.458176897354517
"protein-containing complex"	GO:0032991	1	LOC111134768	0.880337525627091
"protein-containing complex"	GO:0032991	1	LOC111125995	0.0442117864778948
"protein-containing complex"	GO:0032991	1	LOC111126317	0.0497817218172624
"protein-containing complex"	GO:0032991	1	LOC111106044	0.384863823365473
"protein-containing complex"	GO:0032991	1	LOC111104059	-1.15868930455123
"protein-containing complex"	GO:0032991	1	LOC111127912	0.0629606409627734
"protein-containing complex"	GO:0032991	1	LOC111116203	-1.35702785172849
"protein-containing complex"	GO:0032991	1	LOC111119514	0.429176656972024
"protein-containing complex"	GO:0032991	1	LOC111111058	-0.592972814060476
"protein-containing complex"	GO:0032991	1	LOC111130292	0.736989010406807
"protein-containing complex"	GO:0032991	1	LOC111128344	-0.765261337976677
"protein-containing complex"	GO:0032991	1	LOC111104293	1.52923544012083
"protein-containing complex"	GO:0032991	1	LOC111133250	-0.167550171148646
"protein-containing complex"	GO:0032991	1	LOC111111121	-0.0814957485024871
"protein-containing complex"	GO:0032991	1	LOC111135380	-0.165055124840199
"protein-containing complex"	GO:0032991	1	LOC111121804	1.9445937927449
"protein-containing complex"	GO:0032991	1	LOC111121184	0.613153957738347
"protein-containing complex"	GO:0032991	1	LOC111100265	0.329671032859088
"protein-containing complex"	GO:0032991	1	LOC111115407	-1.55274394946065
"protein-containing complex"	GO:0032991	1	LOC111110775	0.0442883191819777
"protein-containing complex"	GO:0032991	1	LOC111126979	-1.35775484558083
"protein-containing complex"	GO:0032991	1	LOC111137415	0.87533134630405
"protein-containing complex"	GO:0032991	1	LOC111118959	-19.0237091078203
"protein-containing complex"	GO:0032991	1	LOC111128289	0.0608375335125933
"protein-containing complex"	GO:0032991	1	LOC111137901	-0.830935518999763
"protein-containing complex"	GO:0032991	1	LOC111130181	-0.36097077443978
"protein-containing complex"	GO:0032991	1	LOC111134808	0.270667349586952
"protein-containing complex"	GO:0032991	1	LOC111121252	0.636588471128753
"protein-containing complex"	GO:0032991	1	LOC111128470	-1.18376986949771
"protein-containing complex"	GO:0032991	1	LOC111124684	-0.480875542164719
"protein-containing complex"	GO:0032991	1	LOC111115460	1.21989438544438
"protein-containing complex"	GO:0032991	1	LOC111135570	-1.32018124371414
"protein-containing complex"	GO:0032991	1	LOC111131212	1.56715475779855
"protein-containing complex"	GO:0032991	1	LOC111112793	-0.0565177573499813
"protein-containing complex"	GO:0032991	1	LOC111130924	-0.408553479252519
"protein-containing complex"	GO:0032991	1	LOC111128765	-0.252278828404602
"protein-containing complex"	GO:0032991	1	LOC111127122	-3.6483087465934
"protein-containing complex"	GO:0032991	1	LOC111106364	-0.908276139078534
"protein-containing complex"	GO:0032991	1	LOC111132341	1.77560711432333
"protein-containing complex"	GO:0032991	1	LOC111111424	-0.3390773008675
"protein-containing complex"	GO:0032991	1	LOC111104518	-0.215115427222294
"protein-containing complex"	GO:0032991	1	LOC111136484	-1.8629465121796
"protein-containing complex"	GO:0032991	1	LOC111101799	-0.253622219302306
"protein-containing complex"	GO:0032991	1	LOC111106158	-0.126370275399097
"protein-containing complex"	GO:0032991	1	LOC111123965	0.255677952832689
"protein-containing complex"	GO:0032991	1	LOC111130995	0.134679020084249
"protein-containing complex"	GO:0032991	1	LOC111099585	-2.0726889674565
"protein-containing complex"	GO:0032991	1	LOC111127833	0.326418576937382
"protein-containing complex"	GO:0032991	1	LOC111137980	1.12733883750849
"protein-containing complex"	GO:0032991	1	LOC111134558	-0.972942573747724
"protein-containing complex"	GO:0032991	1	LOC111110923	-1.70925540453248
"protein-containing complex"	GO:0032991	1	LOC111126321	-1.29575778914912
"protein-containing complex"	GO:0032991	1	LOC111128509	0.649004345250244
"protein-containing complex"	GO:0032991	1	LOC111128154	1.57303861421152
"protein-containing complex"	GO:0032991	1	LOC111105866	-0.44510481661183
"protein-containing complex"	GO:0032991	1	LOC111125562	-0.501253950348118
"protein-containing complex"	GO:0032991	1	LOC111119689	1.16116609043109
"protein-containing complex"	GO:0032991	1	LOC111118026	-3.828359963654
"protein-containing complex"	GO:0032991	1	LOC111117024	2.22484354633646
"protein-containing complex"	GO:0032991	1	LOC111125302	1.26395129425079
"protein-containing complex"	GO:0032991	1	LOC111138268	0.647793161379961
"protein-containing complex"	GO:0032991	1	LOC111138343	0.0785744583409689
"protein-containing complex"	GO:0032991	1	LOC111130484	-2.36538971526223
"protein-containing complex"	GO:0032991	1	LOC111134216	0.439037294380243
"protein-containing complex"	GO:0032991	1	LOC111130322	-0.214701701026798
"protein-containing complex"	GO:0032991	1	LOC111134304	-0.158817648348521
"protein-containing complex"	GO:0032991	1	LOC111134136	0.147795880435947
"protein-containing complex"	GO:0032991	1	LOC111129405	-3.07958812383797
"protein-containing complex"	GO:0032991	1	LOC111109348	0.451028935716166
"protein-containing complex"	GO:0032991	1	LOC111116643	0.23587529860258
"protein-containing complex"	GO:0032991	1	LOC111114773	1.36655805173961
"protein-containing complex"	GO:0032991	1	LOC111130043	0.75864500690231
"protein-containing complex"	GO:0032991	1	LOC111103912	-1.18423346948595
"protein-containing complex"	GO:0032991	1	LOC111130615	0.619447842222225
"protein-containing complex"	GO:0032991	1	LOC111136934	0.383430342448576
"protein-containing complex"	GO:0032991	1	LOC111119471	0.387020122943315
"protein-containing complex"	GO:0032991	1	LOC111132870	1.41943981562525
"protein-containing complex"	GO:0032991	1	LOC111131303	2.6797804641744
"protein-containing complex"	GO:0032991	1	LOC111123211	-2.62146582222922
"protein-containing complex"	GO:0032991	1	LOC111125575	-0.547315309477676
"protein-containing complex"	GO:0032991	1	LOC111130850	0.324035835476213
"protein-containing complex"	GO:0032991	1	LOC111111579	-4.97244384061768
"protein-containing complex"	GO:0032991	1	LOC111130416	-1.37772953541038
"protein-containing complex"	GO:0032991	1	LOC111131864	-0.0628927121935862
"protein-containing complex"	GO:0032991	1	LOC111131321	-1.60940750126136
"protein-containing complex"	GO:0032991	1	LOC111109639	0.3701129629886
"protein-containing complex"	GO:0032991	1	LOC111101511	0.155518575435559
"protein-containing complex"	GO:0032991	1	LOC111136968	1.76829711968561
"protein-containing complex"	GO:0032991	1	LOC111130344	1.61879664890786
"protein-containing complex"	GO:0032991	1	LOC111127524	-0.263380643855931
"protein-containing complex"	GO:0032991	1	LOC111123023	0.491901085819358
"protein-containing complex"	GO:0032991	1	LOC111125546	-0.269022096576355
"protein-containing complex"	GO:0032991	1	LOC111123572	-0.199637127428662
"protein-containing complex"	GO:0032991	1	LOC111118600	-0.20336779234153
"protein-containing complex"	GO:0032991	1	LOC111131351	1.51657813526562
"protein-containing complex"	GO:0032991	1	LOC111108659	-0.380646841643928
"protein-containing complex"	GO:0032991	1	LOC111101548	-0.401275944463168
"protein-containing complex"	GO:0032991	1	LOC111119734	2.06563340812565
"protein-containing complex"	GO:0032991	1	LOC111119449	2.50339374468955
"protein-containing complex"	GO:0032991	1	LOC111138518	-1.22963072585271
"protein-containing complex"	GO:0032991	1	LOC111128102	-1.11028484175998
"protein-containing complex"	GO:0032991	1	LOC111137325	0.0121376081485552
"protein-containing complex"	GO:0032991	1	LOC111126389	0.0697851056368394
"protein-containing complex"	GO:0032991	1	LOC111130246	0.325094529765002
"protein-containing complex"	GO:0032991	1	LOC111134715	-0.208431389845672
"protein-containing complex"	GO:0032991	1	LOC111133229	-2.40000409701483
"protein-containing complex"	GO:0032991	1	LOC111132810	-1.44665028981635
"protein-containing complex"	GO:0032991	1	LOC111107573	-1.00404453199134
"protein-containing complex"	GO:0032991	1	LOC111105624	-0.335541136746136
"protein-containing complex"	GO:0032991	1	LOC111134478	-0.234789771437169
"protein-containing complex"	GO:0032991	1	LOC111136320	1.15265825361462
"protein-containing complex"	GO:0032991	1	LOC111134000	0.875992060289837
"protein-containing complex"	GO:0032991	1	LOC111102545	-0.45716810090932
"protein-containing complex"	GO:0032991	1	LOC111130067	-0.181684474271811
"protein-containing complex"	GO:0032991	1	LOC111113158	0.978083674106564
"protein-containing complex"	GO:0032991	1	LOC111129242	0.935771215295255
"protein-containing complex"	GO:0032991	1	LOC111126687	0.00215165238947937
"protein-containing complex"	GO:0032991	1	LOC111106449	0.159736229947024
"protein-containing complex"	GO:0032991	1	LOC111135946	0.423172364635403
"protein-containing complex"	GO:0032991	1	LOC111138201	-0.59493680622646
"protein-containing complex"	GO:0032991	1	LOC111129050	0.298819436145228
"protein-containing complex"	GO:0032991	1	LOC111135307	-1.01992753138075
"protein-containing complex"	GO:0032991	1	LOC111122431	-0.570875068428586
"protein-containing complex"	GO:0032991	1	LOC111131719	0.303963574976623
"protein-containing complex"	GO:0032991	1	LOC111137207	-0.176490791401774
"protein-containing complex"	GO:0032991	1	LOC111133851	0.513737343569471
"protein-containing complex"	GO:0032991	1	LOC111121805	0.0942831715183172
"protein-containing complex"	GO:0032991	1	LOC111115338	-4.68617889481393
"protein-containing complex"	GO:0032991	1	LOC111103230	-0.305307217883173
"protein-containing complex"	GO:0032991	1	LOC111135254	-4.55495165845331
"protein-containing complex"	GO:0032991	1	LOC111103115	0.581922755144927
"protein-containing complex"	GO:0032991	1	LOC111126134	-0.648540290793362
"protein-containing complex"	GO:0032991	1	LOC111135834	-0.297192400419901
"protein-containing complex"	GO:0032991	1	LOC111132184	0.5854426680452
"protein-containing complex"	GO:0032991	1	LOC111103866	-0.143513914950179
"protein-containing complex"	GO:0032991	1	LOC111112095	0.336802092907323
"protein-containing complex"	GO:0032991	1	LOC111136660	-3.56372360530457
"protein-containing complex"	GO:0032991	1	LOC111135165	0.363013980072872
"protein-containing complex"	GO:0032991	1	LOC111130048	-0.892268057244563
"protein-containing complex"	GO:0032991	1	LOC111130641	1.56105325878294
"protein-containing complex"	GO:0032991	1	LOC111126168	1.43322931274159
"protein-containing complex"	GO:0032991	1	LOC111113134	-0.778840018027985
"protein-containing complex"	GO:0032991	1	LOC111123133	0.498588818776016
"protein-containing complex"	GO:0032991	1	LOC111122636	-1.19002093183553
"protein-containing complex"	GO:0032991	1	LOC111138362	-0.629025158961125
"protein-containing complex"	GO:0032991	1	LOC111121273	1.78099601095102
"protein-containing complex"	GO:0032991	1	LOC111102665	-0.25221126856352
"protein-containing complex"	GO:0032991	1	LOC111128818	0.274567553253765
"protein-containing complex"	GO:0032991	1	LOC111130151	-6.34139747236681
"protein-containing complex"	GO:0032991	1	LOC111114114	-0.226457532428975
"protein-containing complex"	GO:0032991	1	LOC111125755	0.049772893107742
"protein-containing complex"	GO:0032991	1	LOC111108022	0.938633459055997
"protein-containing complex"	GO:0032991	1	LOC111124867	-3.94792512280401
"protein-containing complex"	GO:0032991	1	LOC111114456	0.759154756365159
"protein-containing complex"	GO:0032991	1	LOC111134616	-0.388784939902092
"protein-containing complex"	GO:0032991	1	LOC111112943	0.808400754455581
"protein-containing complex"	GO:0032991	1	LOC111136643	0.268920504622922
"protein-containing complex"	GO:0032991	1	LOC111132210	0.455079183560184
"protein-containing complex"	GO:0032991	1	LOC111104266	-0.182410597920502
"protein-containing complex"	GO:0032991	1	LOC111101193	1.08683184951165
"protein-containing complex"	GO:0032991	1	LOC111129643	-4.83422563877548
"protein-containing complex"	GO:0032991	1	LOC111128597	0.789073713598258
"protein-containing complex"	GO:0032991	1	LOC111119953	1.42737531488567
"protein-containing complex"	GO:0032991	1	LOC111101943	-0.506244181258575
"protein-containing complex"	GO:0032991	1	LOC111110780	-0.649969836057146
"protein-containing complex"	GO:0032991	1	LOC111112875	0.421076872290241
"protein-containing complex"	GO:0032991	1	LOC111136397	0.999717166572561
"protein-containing complex"	GO:0032991	1	LOC111119785	-2.44864588871537
"protein-containing complex"	GO:0032991	1	LOC111135378	-0.215363979279938
"protein-containing complex"	GO:0032991	1	LOC111136762	0.976155718224417
"protein-containing complex"	GO:0032991	1	LOC111108664	-1.8270298822541
"protein-containing complex"	GO:0032991	1	LOC111129918	-0.178219157322976
"protein-containing complex"	GO:0032991	1	LOC111112841	0.647798896983377
"protein-containing complex"	GO:0032991	1	LOC111119203	1.04805908940642
"protein-containing complex"	GO:0032991	1	LOC111104419	0.14023375531722
"protein-containing complex"	GO:0032991	1	LOC111120677	-0.0343848545330058
"protein-containing complex"	GO:0032991	1	LOC111136866	1.1326246909194
"protein-containing complex"	GO:0032991	1	LOC111119087	0.849012003894995
"protein-containing complex"	GO:0032991	1	LOC111122777	0.696059794387346
"protein-containing complex"	GO:0032991	1	LOC111130521	-0.985896010375703
"protein-containing complex"	GO:0032991	1	LOC111125832	-1.53857005082131
"protein-containing complex"	GO:0032991	1	LOC111107833	1.93019989183177
"protein-containing complex"	GO:0032991	1	LOC111122791	0.328754084808217
"protein-containing complex"	GO:0032991	1	LOC111138001	-9.20791566119569
"protein-containing complex"	GO:0032991	1	LOC111127313	-0.0954318332954285
"protein-containing complex"	GO:0032991	1	LOC111121973	-5.63433910846021
"protein-containing complex"	GO:0032991	1	LOC111102132	1.374587069231
"protein-containing complex"	GO:0032991	1	LOC111135732	-0.577826670754849
"protein-containing complex"	GO:0032991	1	LOC111101617	-1.1312168506679
"protein-containing complex"	GO:0032991	1	LOC111131563	2.97828986949215
"protein-containing complex"	GO:0032991	1	LOC111118764	0.321011953042603
"protein-containing complex"	GO:0032991	1	LOC111127380	0.0408757799673424
"protein-containing complex"	GO:0032991	1	LOC111120660	-2.20999661083484
"protein-containing complex"	GO:0032991	1	LOC111128054	-0.259799164760707
"protein-containing complex"	GO:0032991	1	LOC111136304	-2.30874796990447
"protein-containing complex"	GO:0032991	1	LOC111124727	-0.467823667518434
"protein-containing complex"	GO:0032991	1	LOC111128772	-1.25893281193856
"protein-containing complex"	GO:0032991	1	LOC111118701	-0.70003767080475
"protein-containing complex"	GO:0032991	1	LOC111124992	1.38474665928488
"protein-containing complex"	GO:0032991	1	LOC111120511	-1.41341210206576
"protein-containing complex"	GO:0032991	1	LOC111118413	-5.76888117597675
"protein-containing complex"	GO:0032991	1	LOC111133565	0.276004990255221
"protein-containing complex"	GO:0032991	1	LOC111138461	-0.932616850911825
"protein-containing complex"	GO:0032991	1	LOC111107542	0.0670866085681104
"protein-containing complex"	GO:0032991	1	LOC111121277	-1.30075764685473
"protein-containing complex"	GO:0032991	1	LOC111134540	1.4696497956233
"protein-containing complex"	GO:0032991	1	LOC111122806	0.855209248517794
"protein-containing complex"	GO:0032991	1	LOC111107857	1.67032061863228
"protein-containing complex"	GO:0032991	1	LOC111132132	0.546505721533558
"protein-containing complex"	GO:0032991	1	LOC111136321	0.317583764976411
"protein-containing complex"	GO:0032991	1	LOC111112551	0.124275174963129
"protein-containing complex"	GO:0032991	1	LOC111134319	0.254300325306677
"protein-containing complex"	GO:0032991	1	LOC111134722	5.60989407729169
"protein-containing complex"	GO:0032991	1	LOC111123500	2.48119647442561
"protein-containing complex"	GO:0032991	1	LOC111100363	0.219704421662128
"protein-containing complex"	GO:0032991	1	LOC111106677	0.73200372836296
"protein-containing complex"	GO:0032991	1	LOC111111223	4.39887122729153
"protein-containing complex"	GO:0032991	1	LOC111104850	1.54359935588087
"protein-containing complex"	GO:0032991	1	LOC111136780	-0.829580716712243
"protein-containing complex"	GO:0032991	1	LOC111100677	-0.118879739014569
"protein-containing complex"	GO:0032991	1	LOC111112439	0.0160454573688209
"protein-containing complex"	GO:0032991	1	LOC111117060	-1.14291463027286
"protein-containing complex"	GO:0032991	1	LOC111113266	0.966437820903812
"protein-containing complex"	GO:0032991	1	LOC111104368	0.919736475438392
"protein-containing complex"	GO:0032991	1	LOC111135739	0.0685166576483633
"protein-containing complex"	GO:0032991	1	LOC111125645	-0.142739516352784
"protein-containing complex"	GO:0032991	1	LOC111122996	0.143046729479629
"protein-containing complex"	GO:0032991	1	LOC111126214	0.843467315506021
"protein-containing complex"	GO:0032991	1	LOC111121055	0.92296227648938
"protein-containing complex"	GO:0032991	1	LOC111136035	-2.30130177925093
"protein-containing complex"	GO:0032991	1	LOC111137181	1.41323124489174
"protein-containing complex"	GO:0032991	1	LOC111131017	-2.26351488399738
"protein-containing complex"	GO:0032991	1	LOC111131120	4.60424333801889
"protein-containing complex"	GO:0032991	1	LOC111122805	-0.0785806283044404
"protein-containing complex"	GO:0032991	1	LOC111125864	0.327981872280087
"protein-containing complex"	GO:0032991	1	LOC111104167	1.19182915821508
"protein-containing complex"	GO:0032991	1	LOC111099693	-1.69793471138087
"protein-containing complex"	GO:0032991	1	LOC111133017	0.0191732256182126
"protein-containing complex"	GO:0032991	1	LOC111133353	1.27819080876598
"protein-containing complex"	GO:0032991	1	LOC111129389	1.63297870168371
"protein-containing complex"	GO:0032991	1	LOC111136520	-1.0705475666569
"protein-containing complex"	GO:0032991	1	LOC111129829	0.124781169051082
"protein-containing complex"	GO:0032991	1	LOC111121808	-0.0151745578671549
"protein-containing complex"	GO:0032991	1	LOC111135851	1.33388773161871
"protein-containing complex"	GO:0032991	1	LOC111118022	-0.536215866138813
"protein-containing complex"	GO:0032991	1	LOC111129315	-0.29771211482685
"protein-containing complex"	GO:0032991	1	LOC111118769	-0.698650261974599
"protein-containing complex"	GO:0032991	1	LOC111128454	-0.336109830353704
"protein-containing complex"	GO:0032991	1	LOC111133546	-0.775321248030133
"protein-containing complex"	GO:0032991	1	LOC111119027	1.38726281111817
"protein-containing complex"	GO:0032991	1	LOC111138333	1.74677232212977
"protein-containing complex"	GO:0032991	1	LOC111119570	-0.161938831524996
"protein-containing complex"	GO:0032991	1	LOC111100798	-1.23427998651286
"protein-containing complex"	GO:0032991	1	LOC111114832	0.284534988872718
"protein-containing complex"	GO:0032991	1	LOC111129243	-0.1589817406405
"protein-containing complex"	GO:0032991	1	LOC111129526	0.536082669421611
"protein-containing complex"	GO:0032991	1	LOC111107099	0.210318714153729
"protein-containing complex"	GO:0032991	1	LOC111103513	-0.469772087853375
"protein-containing complex"	GO:0032991	1	LOC111122589	1.05764839312941
"protein-containing complex"	GO:0032991	1	LOC111126220	-1.19633753318773
"protein-containing complex"	GO:0032991	1	LOC111127902	1.6513020307043
"protein-containing complex"	GO:0032991	1	LOC111137797	-0.15036029411061
"protein-containing complex"	GO:0032991	1	LOC111120963	3.47371258062598
"protein-containing complex"	GO:0032991	1	LOC111110225	-0.0691291477540416
"protein-containing complex"	GO:0032991	1	LOC111136246	0.045467475844084
"protein-containing complex"	GO:0032991	1	LOC111118975	-0.0204705653270396
"protein-containing complex"	GO:0032991	1	LOC111125870	0.364938640282114
"protein-containing complex"	GO:0032991	1	LOC111121691	0.0624886037164199
"protein-containing complex"	GO:0032991	1	LOC111121689	0.792719366411906
"protein-containing complex"	GO:0032991	1	COX1	3.30297044850035
"protein-containing complex"	GO:0032991	1	LOC111137664	-0.0343509457081578
"protein-containing complex"	GO:0032991	1	LOC111118357	-0.389546061815572
"protein-containing complex"	GO:0032991	1	LOC111133206	0.363579012687877
"protein-containing complex"	GO:0032991	1	LOC111114593	-0.387281768994945
"protein-containing complex"	GO:0032991	1	LOC111114212	0.105625292290982
"protein-containing complex"	GO:0032991	1	LOC111100693	0.895044024956316
"protein-containing complex"	GO:0032991	1	LOC111119982	1.44608813013229
"protein-containing complex"	GO:0032991	1	LOC111133144	-0.41369890290832
"protein-containing complex"	GO:0032991	1	LOC111127798	-0.84706076509989
"protein-containing complex"	GO:0032991	1	LOC111106432	-0.289392409397302
"protein-containing complex"	GO:0032991	1	LOC111110485	0.222299050632282
"protein-containing complex"	GO:0032991	1	LOC111135858	0.273463927470407
"protein-containing complex"	GO:0032991	1	LOC111136039	-1.37321308535672
"protein-containing complex"	GO:0032991	1	LOC111101041	0.010346037274395
"protein-containing complex"	GO:0032991	1	LOC111138200	-0.359561751321017
"protein-containing complex"	GO:0032991	1	LOC111130510	0.726569283458106
"protein-containing complex"	GO:0032991	1	LOC111121610	-0.189516604429972
"protein-containing complex"	GO:0032991	1	LOC111120907	-0.17825977544556
"protein-containing complex"	GO:0032991	1	LOC111121835	0.0399812778215186
"protein-containing complex"	GO:0032991	1	LOC111120979	-0.507638149636828
"protein-containing complex"	GO:0032991	1	LOC111133736	0.0938810789088885
"protein-containing complex"	GO:0032991	1	LOC111135916	0.0208657747285616
"protein-containing complex"	GO:0032991	1	LOC111138063	-0.482890357621147
"protein-containing complex"	GO:0032991	1	LOC111136085	-0.423800909772826
"protein-containing complex"	GO:0032991	1	LOC111136615	-0.104114088421118
"protein-containing complex"	GO:0032991	1	LOC111135746	-1.33281550996561
"protein-containing complex"	GO:0032991	1	LOC111128952	-0.861120458646003
"protein-containing complex"	GO:0032991	1	LOC111109469	0.438749558496488
"protein-containing complex"	GO:0032991	1	LOC111129985	-0.530619124678497
"protein-containing complex"	GO:0032991	1	LOC111126386	1.61456539017334
"protein-containing complex"	GO:0032991	1	LOC111114450	-0.147767893556486
"protein-containing complex"	GO:0032991	1	LOC111127434	0.00164987284940176
"protein-containing complex"	GO:0032991	1	LOC111131155	-0.777703682640058
"protein-containing complex"	GO:0032991	1	LOC111121343	-2.2033671375878
"protein-containing complex"	GO:0032991	1	LOC111111322	0.574634844973627
"protein-containing complex"	GO:0032991	1	LOC111136089	1.14953185747523
"protein-containing complex"	GO:0032991	1	LOC111131178	3.26546126849242
"protein-containing complex"	GO:0032991	1	LOC111130888	-0.694927621185251
"protein-containing complex"	GO:0032991	1	LOC111131013	0.252581731477406
"protein-containing complex"	GO:0032991	1	LOC111099359	0.325592420209729
"protein-containing complex"	GO:0032991	1	LOC111128906	1.03419778318445
"protein-containing complex"	GO:0032991	1	LOC111127288	-2.05874270451937
"protein-containing complex"	GO:0032991	1	LOC111128232	0.16589123976218
"protein-containing complex"	GO:0032991	1	LOC111099123	0.147958799924995
"protein-containing complex"	GO:0032991	1	LOC111121687	4.20095549567109
"protein-containing complex"	GO:0032991	1	LOC111120939	1.57055735135682
"protein-containing complex"	GO:0032991	1	LOC111120467	0.800280475129468
"protein-containing complex"	GO:0032991	1	LOC111123590	-0.366526604162085
"protein-containing complex"	GO:0032991	1	LOC111123658	-6.04298766419436
"protein-containing complex"	GO:0032991	1	LOC111099773	-0.385014603379617
"protein-containing complex"	GO:0032991	1	LOC111131749	1.24933914482218
"protein-containing complex"	GO:0032991	1	LOC111101726	-1.49676195699272
"protein-containing complex"	GO:0032991	1	LOC111111569	-1.70239707726846
"protein-containing complex"	GO:0032991	1	LOC111124709	-0.426328347050314
"protein-containing complex"	GO:0032991	1	LOC111099443	1.09274181724857
"protein-containing complex"	GO:0032991	1	LOC111119890	0.0694262235180773
"protein-containing complex"	GO:0032991	1	LOC111122689	-0.528492900816242
"protein-containing complex"	GO:0032991	1	LOC111127928	0.21536331856814
"protein-containing complex"	GO:0032991	1	LOC111104374	0.459287326728028
"protein-containing complex"	GO:0032991	1	LOC111107154	0.0177424305679082
"protein-containing complex"	GO:0032991	1	LOC111138512	2.65812879079111
"protein-containing complex"	GO:0032991	1	LOC111130916	-0.196772843131281
"protein-containing complex"	GO:0032991	1	LOC111125333	-0.943170364838819
"protein-containing complex"	GO:0032991	1	LOC111120866	2.90614259153495
"protein-containing complex"	GO:0032991	1	LOC111134148	-1.49105808281699
"protein-containing complex"	GO:0032991	1	LOC111129961	-0.222339221862055
"protein-containing complex"	GO:0032991	1	LOC111126146	-0.620288764652185
"protein-containing complex"	GO:0032991	1	LOC111133682	3.10204323544515
"protein-containing complex"	GO:0032991	1	LOC111134795	-0.379630603884223
"protein-containing complex"	GO:0032991	1	LOC111132762	-0.513683552329696
"protein-containing complex"	GO:0032991	1	LOC111107555	0.758691845257734
"protein-containing complex"	GO:0032991	1	LOC111113317	-1.17877357411675
"protein-containing complex"	GO:0032991	1	LOC111123152	0.0497982939290543
"protein-containing complex"	GO:0032991	1	LOC111119882	-0.0414103806113023
"protein-containing complex"	GO:0032991	1	LOC111136305	-1.63950365442217
"protein-containing complex"	GO:0032991	1	LOC111123220	-1.64341508433427
"protein-containing complex"	GO:0032991	1	LOC111122264	-4.60918939273795
"protein-containing complex"	GO:0032991	1	LOC111108855	1.90431988001633
"protein-containing complex"	GO:0032991	1	LOC111137221	0.652001856336537
"protein-containing complex"	GO:0032991	1	LOC111118894	-0.692754351477042
"protein-containing complex"	GO:0032991	1	LOC111099502	-0.499277325060692
"protein-containing complex"	GO:0032991	1	LOC111113506	-0.699623018527349
"protein-containing complex"	GO:0032991	1	LOC111134888	0.975262247951627
"protein-containing complex"	GO:0032991	1	LOC111125826	0.325264233662559
"protein-containing complex"	GO:0032991	1	LOC111100165	-1.04928417146832
"protein-containing complex"	GO:0032991	1	LOC111122333	-8.93658850041978
"protein-containing complex"	GO:0032991	1	LOC111136242	0.105842143137245
"protein-containing complex"	GO:0032991	1	LOC111132186	-0.0934070715396525
"protein-containing complex"	GO:0032991	1	LOC111125974	-1.22436048528729
"protein-containing complex"	GO:0032991	1	LOC111130460	-3.22075728736027
"protein-containing complex"	GO:0032991	1	LOC111122313	0.124499198898194
"protein-containing complex"	GO:0032991	1	LOC111104451	-0.820343262223104
"protein-containing complex"	GO:0032991	1	LOC111109397	0.0939890994660024
"protein-containing complex"	GO:0032991	1	LOC111126328	0.693230097791266
"protein-containing complex"	GO:0032991	1	LOC111125880	0.0976552359419693
"protein-containing complex"	GO:0032991	1	LOC111119070	6.18846651236902
"protein-containing complex"	GO:0032991	1	LOC111137300	0.597650789651017
"protein-containing complex"	GO:0032991	1	LOC111131214	0.0821074789769818
"protein-containing complex"	GO:0032991	1	LOC111118255	-0.767933973677862
"protein-containing complex"	GO:0032991	1	LOC111125017	0.990178521562224
"protein-containing complex"	GO:0032991	1	LOC111106955	-0.878264175394403
"protein-containing complex"	GO:0032991	1	LOC111136115	0.0899024279929567
"protein-containing complex"	GO:0032991	1	LOC111108767	0.914962619624602
"protein-containing complex"	GO:0032991	1	LOC111120345	0.0327662289226314
"protein-containing complex"	GO:0032991	1	LOC111121802	0.180739562959306
"protein-containing complex"	GO:0032991	1	LOC111121683	0.272113024288158
"protein-containing complex"	GO:0032991	1	LOC111124901	-0.122578641292765
"protein-containing complex"	GO:0032991	1	LOC111118558	0.69562793552052
"protein-containing complex"	GO:0032991	1	LOC111120992	0.0804889946754283
"protein-containing complex"	GO:0032991	1	LOC111134318	0.0410976566803003
"protein-containing complex"	GO:0032991	1	LOC111113426	-0.339926267578068
"protein-containing complex"	GO:0032991	1	LOC111111252	-0.206319085068892
"protein-containing complex"	GO:0032991	1	LOC111123365	0.774093806036554
"protein-containing complex"	GO:0032991	1	LOC111124706	-0.317538041089663
"protein-containing complex"	GO:0032991	1	LOC111120906	-1.30443635330219
"protein-containing complex"	GO:0032991	1	LOC111120810	-0.604319447292543
"protein-containing complex"	GO:0032991	1	LOC111121815	0.283512307693123
"protein-containing complex"	GO:0032991	1	LOC111137104	-0.283652025523309
"protein-containing complex"	GO:0032991	1	LOC111114536	1.63600588723222
"protein-containing complex"	GO:0032991	1	LOC111105880	1.30200076069409
"protein-containing complex"	GO:0032991	1	LOC111100344	0.735118969144523
"protein-containing complex"	GO:0032991	1	LOC111115508	-0.440280257253774
"protein-containing complex"	GO:0032991	1	LOC111126163	0.1338943807932
"protein-containing complex"	GO:0032991	1	LOC111128951	0.189321684947618
"protein-containing complex"	GO:0032991	1	LOC111120967	1.80138109418807
"protein-containing complex"	GO:0032991	1	LOC111122299	1.69409744876548
"protein-containing complex"	GO:0032991	1	LOC111130950	0.233980624547188
"protein-containing complex"	GO:0032991	1	LOC111122880	-0.0343546982984577
"protein-containing complex"	GO:0032991	1	LOC111133148	0.0354613639145471
"protein-containing complex"	GO:0032991	1	LOC111127848	-1.82911753250708
"protein-containing complex"	GO:0032991	1	LOC111119711	-0.141891604086078
"protein-containing complex"	GO:0032991	1	LOC111118771	-0.11556248807388
"protein-containing complex"	GO:0032991	1	LOC111134368	-1.92055089422582
"protein-containing complex"	GO:0032991	1	LOC111105215	0.540712639595649
"protein-containing complex"	GO:0032991	1	LOC111130622	0.258499477536093
"protein-containing complex"	GO:0032991	1	LOC111136042	0.830570097595315
"protein-containing complex"	GO:0032991	1	LOC111137332	-0.524321925716627
"protein-containing complex"	GO:0032991	1	LOC111118535	-0.348137536191503
"protein-containing complex"	GO:0032991	1	LOC111113586	0.449785757916655
"protein-containing complex"	GO:0032991	1	LOC111121836	-0.0626302343655019
"protein-containing complex"	GO:0032991	1	LOC111129481	0.465198476072551
"protein-containing complex"	GO:0032991	1	LOC111124500	0.341518132832682
"protein-containing complex"	GO:0032991	1	LOC111112562	0.297435706914294
"protein-containing complex"	GO:0032991	1	LOC111108274	-0.519453373939129
"protein-containing complex"	GO:0032991	1	LOC111120738	1.0258133131036
"protein-containing complex"	GO:0032991	1	LOC111115365	1.16994084501451
"protein-containing complex"	GO:0032991	1	LOC111129283	-0.550742836153153
"protein-containing complex"	GO:0032991	1	LOC111117852	-0.508271802230755
"protein-containing complex"	GO:0032991	1	LOC111127341	-2.19499768226923
"protein-containing complex"	GO:0032991	1	LOC111110978	-3.2045281521893
"protein-containing complex"	GO:0032991	1	LOC111106862	-0.650756226128106
"protein-containing complex"	GO:0032991	1	LOC111123623	0.510435878353712
"protein-containing complex"	GO:0032991	1	LOC111136216	-0.843549919339597
"protein-containing complex"	GO:0032991	1	LOC111099697	0.981074516739688
"protein-containing complex"	GO:0032991	1	LOC111134536	1.76199373194357
"protein-containing complex"	GO:0032991	1	LOC111105580	-1.29048817655412
"protein-containing complex"	GO:0032991	1	LOC111122847	0.607012416555958
"protein-containing complex"	GO:0032991	1	LOC111131043	-0.00997929000972226
"protein-containing complex"	GO:0032991	1	LOC111127458	0.452937498514458
"protein-containing complex"	GO:0032991	1	LOC111116469	2.04098249718854
"protein-containing complex"	GO:0032991	1	LOC111128926	0.599407611379536
"protein-containing complex"	GO:0032991	1	LOC111114230	0.308989784394963
"protein-containing complex"	GO:0032991	1	LOC111108074	-0.438146477238972
"protein-containing complex"	GO:0032991	1	LOC111126958	0.568826192480875
"protein-containing complex"	GO:0032991	1	LOC111113355	-0.650372373657273
"protein-containing complex"	GO:0032991	1	LOC111136571	1.2896643822962
"protein-containing complex"	GO:0032991	1	LOC111137108	-0.558464726367788
"protein-containing complex"	GO:0032991	1	LOC111128458	-0.277505055848593
"protein-containing complex"	GO:0032991	1	LOC111107565	-1.32331742636477
"protein-containing complex"	GO:0032991	1	LOC111111633	-1.26467693918299
"protein-containing complex"	GO:0032991	1	LOC111125754	0.410792014626005
"protein-containing complex"	GO:0032991	1	LOC111137452	0.337333867725008
"protein-containing complex"	GO:0032991	1	LOC111112131	0.7518847061179
"protein-containing complex"	GO:0032991	1	LOC111128996	-0.962597508504306
"protein-containing complex"	GO:0032991	1	LOC111133662	-0.761812045196194
"protein-containing complex"	GO:0032991	1	LOC111136669	-0.897846128342263
"protein-containing complex"	GO:0032991	1	LOC111131294	0.800578140525363
"protein-containing complex"	GO:0032991	1	LOC111121548	1.12608687650383
"protein-containing complex"	GO:0032991	1	LOC111100653	0.292117050983393
"protein-containing complex"	GO:0032991	1	LOC111119404	-0.343911388737554
"protein-containing complex"	GO:0032991	1	LOC111120290	0.0688302545907839
"protein-containing complex"	GO:0032991	1	LOC111135588	-0.602490425056831
"protein-containing complex"	GO:0032991	1	LOC111111487	-1.52561212342304
"GO:0003677;GO:0006259;unknown"	GO:0003677;GO:0006259;unknown	5	LOC111103829	2.37765571542192
"GO:0003677;GO:0006259;unknown"	GO:0003677;GO:0006259;unknown	5	LOC111115506	-1.55016499646386
"GO:0003677;GO:0006259;unknown"	GO:0003677;GO:0006259;unknown	5	LOC111107061	2.00054540840547
"GO:0003677;GO:0006259;unknown"	GO:0003677;GO:0006259;unknown	5	LOC111112839	0.0849225755391107
"GO:0003677;GO:0006259;unknown"	GO:0003677;GO:0006259;unknown	5	LOC111124809	0.585722282488617
"GO:0003677;GO:0006259;unknown"	GO:0003677;GO:0006259;unknown	5	LOC111103402	0.134336002823856
"GO:0003677;GO:0006259;unknown"	GO:0003677;GO:0006259;unknown	5	LOC111110238	2.8205542245415
"GO:0003677;GO:0006259;unknown"	GO:0003677;GO:0006259;unknown	5	LOC111122528	2.02106393334572
"GO:0003677;GO:0006259;unknown"	GO:0003677;GO:0006259;unknown	5	LOC111112779	2.30651450129345
"GO:0003677;GO:0006259;unknown"	GO:0003677;GO:0006259;unknown	5	LOC111131174	1.59877577614093
"GO:0003677;GO:0006259;unknown"	GO:0003677;GO:0006259;unknown	5	LOC111103624	0.269952147868474
"GO:0003677;GO:0006259;unknown"	GO:0003677;GO:0006259;unknown	5	LOC111130345	0.016465530267651
"ribosome"	GO:0005840	3	LOC111120952	-0.289573098625964
"ribosome"	GO:0005840	3	LOC111136230	-0.381615895521018
"ribosome"	GO:0005840	3	LOC111100355	-1.99829046325383
"ribosome"	GO:0005840	3	LOC111111107	0.697502477912847
"ribosome"	GO:0005840	3	LOC111121997	-0.154959238934077
"ribosome"	GO:0005840	3	LOC111128317	-0.622496515463333
"ribosome"	GO:0005840	3	LOC111100612	0.0873794641654777
"ribosome"	GO:0005840	3	LOC111131216	3.0227219817394
"ribosome"	GO:0005840	3	LOC111119576	-0.48595990586586
"ribosome"	GO:0005840	3	LOC111101025	1.30607864818234
"ribosome"	GO:0005840	3	LOC111121263	-4.98867861090594
"ribosome"	GO:0005840	3	LOC111135345	0.844498021106589
"ribosome"	GO:0005840	3	LOC111120994	-3.54214119009879
"ribosome"	GO:0005840	3	LOC111137006	0.0804866169785605
"ribosome"	GO:0005840	3	LOC111130939	0.394294690826798
"ribosome"	GO:0005840	3	LOC111119083	-1.11083883945521
"ribosome"	GO:0005840	3	LOC111129928	-7.48845137578634
"ribosome"	GO:0005840	3	LOC111115132	-7.741904387387
"ribosome"	GO:0005840	3	LOC111123114	0.666993322641781
"ribosome"	GO:0005840	3	LOC111136890	-0.0594895912678376
"ribosome"	GO:0005840	3	LOC111128022	1.29267138843849
"ribosome"	GO:0005840	3	LOC111105429	0.884534160919875
"ribosome"	GO:0005840	3	LOC111128694	2.12386826919141
"ribosome"	GO:0005840	3	LOC111133022	-0.218990501177166
"ribosome"	GO:0005840	3	LOC111118126	-2.30300302230069
"ribosome"	GO:0005840	3	LOC111119444	0.691518000911678
"ribosome"	GO:0005840	3	LOC111125240	-0.661755878005601
"ribosome"	GO:0005840	3	LOC111121352	0.169035129658353
"ribosome"	GO:0005840	3	LOC111137730	-0.0217253737354277
"ribosome"	GO:0005840	3	LOC111136522	3.18767208427728
"ribosome"	GO:0005840	3	LOC111126614	-0.43197604992421
"ribosome"	GO:0005840	3	LOC111112048	4.97523435556135
"ribosome"	GO:0005840	3	LOC111130985	-0.242719512009073
"ribosome"	GO:0005840	3	LOC111120067	-3.92044552683162
"ribosome"	GO:0005840	3	LOC111133922	0.0089368587303804
"ribosome"	GO:0005840	3	LOC111133074	-0.268509186982885
"ribosome"	GO:0005840	3	LOC111104575	0.00779369227839374
"ribosome"	GO:0005840	3	LOC111120722	2.55749113196457
"ribosome"	GO:0005840	3	LOC111121601	0.392466483230373
"ribosome"	GO:0005840	3	LOC111125548	-6.79610270730501
"ribosome"	GO:0005840	3	LOC111118510	-0.953429045467615
"ribosome"	GO:0005840	3	LOC111108413	-1.7327946861212
"ribosome"	GO:0005840	3	LOC111118049	-0.0617185991909833
"ribosome"	GO:0005840	3	LOC111123203	-1.19874980644325
"ribosome"	GO:0005840	3	LOC111130094	0.111854328041785
"ribosome"	GO:0005840	3	LOC111126281	1.14395744626259
"ribosome"	GO:0005840	3	LOC111137903	1.37298527544475
"ribosome"	GO:0005840	3	LOC111123093	0.948553111564482
"ribosome"	GO:0005840	3	LOC111127354	0.909060338976913
"ribosome"	GO:0005840	3	LOC111131049	-0.287728782823124
"ribosome"	GO:0005840	3	LOC111131638	-0.870372697235646
"ribosome"	GO:0005840	3	LOC111134635	0.669330105481069
"ribosome"	GO:0005840	3	LOC111104114	0.967099491132539
"ribosome"	GO:0005840	3	LOC111117002	-0.495432043777759
"ribosome"	GO:0005840	3	LOC111102380	0.0874827481083663
"ribosome"	GO:0005840	3	LOC111131009	0.535159159835013
"ribosome"	GO:0005840	3	LOC111137692	-0.0245384753277456
"ribosome"	GO:0005840	3	LOC111125485	-1.13626561030113
"ribosome"	GO:0005840	3	LOC111128042	2.63105400979157
"ribosome"	GO:0005840	3	LOC111138196	0.202015545709038
"ribosome"	GO:0005840	3	LOC111136579	0.551093488361715
"ribosome"	GO:0005840	3	LOC111103170	-0.330540068427735
"ribosome"	GO:0005840	3	LOC111136666	-0.0520706542098134
"ribosome"	GO:0005840	3	LOC111123188	-1.48786349143029
"ribosome"	GO:0005840	3	LOC111136646	0.757519827804953
"ribosome"	GO:0005840	3	LOC111119359	-1.48959374017994
"ribosome"	GO:0005840	3	LOC111133190	2.70127794340046
"ribosome"	GO:0005840	3	LOC111131333	-0.490443719253777
"ribosome"	GO:0005840	3	LOC111115985	-1.63903081648221
"ribosome"	GO:0005840	3	LOC111132815	4.1209533986074
"ribosome"	GO:0005840	3	LOC111128024	1.0452046874908
"ribosome"	GO:0005840	3	LOC111108088	-0.304124992320631
"ribosome"	GO:0005840	3	LOC111136789	-0.463230797108031
"ribosome"	GO:0005840	3	LOC111114610	-0.884798906743832
"ribosome"	GO:0005840	3	LOC111119745	-6.35871523001602
"ribosome"	GO:0005840	3	LOC111120557	-0.497960508428614
"ribosome"	GO:0005840	3	LOC111130625	-1.4481319783059
"ribosome"	GO:0005840	3	LOC111137076	0.304740910489573
"ribosome"	GO:0005840	3	LOC111136749	-0.223566156054483
"ribosome"	GO:0005840	3	LOC111126883	-3.38615865407124
"ribosome"	GO:0005840	3	LOC111130538	0.807527068698543
"ribosome"	GO:0005840	3	LOC111124595	-0.0483665905295826
"ribosome"	GO:0005840	3	LOC111120976	7.2591489600992
"ribosome"	GO:0005840	3	LOC111104044	-0.700606877295206
"ribosome"	GO:0005840	3	LOC111128580	-1.30073166943493
"ribosome"	GO:0005840	3	LOC111106468	-2.64900642875629
"ribosome"	GO:0005840	3	LOC111128159	-0.523408870721652
"ribosome"	GO:0005840	3	LOC111133477	0.676429251515799
"ribosome"	GO:0005840	3	LOC111121020	0.986404845696435
"ribosome"	GO:0005840	3	LOC111118348	0.109108485359727
"ribosome"	GO:0005840	3	LOC111135849	-2.73367062111266
"ribosome"	GO:0005840	3	LOC111132903	-1.13273388416528
"ribosome"	GO:0005840	3	LOC111118104	-1.0840925551866
"ribosome"	GO:0005840	3	LOC111119453	-0.173868350372515
"ribosome"	GO:0005840	3	LOC111133045	0.241377926298262
"ribosome"	GO:0005840	3	LOC111118340	-0.149666531342276
"ribosome"	GO:0005840	3	LOC111127437	0.0400610865035243
"ribosome"	GO:0005840	3	LOC111100042	0.27317007495694
"ribosome"	GO:0005840	3	LOC111099053	1.08070534112217
"ribosome"	GO:0005840	3	LOC111108639	0.546051176628295
"ribosome"	GO:0005840	3	LOC111111438	-0.754583784692256
"ribosome"	GO:0005840	3	LOC111121303	-0.239362948172757
"ribosome"	GO:0005840	3	LOC111103991	0.314812820111688
"ribosome"	GO:0005840	3	LOC111136247	-0.0356614604956025
"ribosome"	GO:0005840	3	LOC111126648	-2.58326267276192
"ribosome"	GO:0005840	3	LOC111120981	-0.111835837296627
"ribosome"	GO:0005840	3	LOC111137963	0.300377089306872
"ribosome"	GO:0005840	3	LOC111114718	-0.233950802066088
"ribosome"	GO:0005840	3	LOC111106383	-0.356747965941924
"ribosome"	GO:0005840	3	LOC111107427	-2.3676397919557
"ribosome"	GO:0005840	3	LOC111128646	0.00975607728477371
"ribosome"	GO:0005840	3	LOC111126128	0.485663759338164
"ribosome"	GO:0005840	3	LOC111124252	-0.170329411978664
"ribosome"	GO:0005840	3	LOC111119826	0.837918231392742
"ribosome"	GO:0005840	3	LOC111118029	0.142021332898043
"ribosome"	GO:0005840	3	LOC111135733	-0.0241998677019991
"ribosome"	GO:0005840	3	LOC111125796	0.567032989626441
"ribosome"	GO:0005840	3	LOC111130186	-5.80154652969481
"ribosome"	GO:0005840	3	LOC111100708	0.363480260073
"ribosome"	GO:0005840	3	LOC111126406	-0.17719061751919
"ribosome"	GO:0005840	3	LOC111121848	1.51282215153315
"ribosome"	GO:0005840	3	LOC111124874	-1.21254104318639
"ribosome"	GO:0005840	3	LOC111126482	-0.113701910375347
"ribosome"	GO:0005840	3	LOC111105223	0.0994614076304723
"ribosome"	GO:0005840	3	LOC111108044	-0.070291335913629
"ribosome"	GO:0005840	3	LOC111119071	4.1257060748845
"ribosome"	GO:0005840	3	LOC111130771	-0.20198298524342
"ribosome"	GO:0005840	3	LOC111122903	0.11643562472814
"ribosome"	GO:0005840	3	LOC111118248	-5.57766577805456
"ribosome"	GO:0005840	3	LOC111136624	-0.417877607602466
"ribosome"	GO:0005840	3	LOC111122210	1.53988607997609
"ribosome"	GO:0005840	3	LOC111127225	-1.66188692346086
"ribosome"	GO:0005840	3	LOC111133033	0.88276946862584
"ribosome"	GO:0005840	3	LOC111101867	-1.35157144176766
"ribosome"	GO:0005840	3	LOC111114067	1.48533413701078
"ribosome"	GO:0005840	3	LOC111135077	1.95411443579265
"ribosome"	GO:0005840	3	LOC111102683	-4.04343650218251
"ribosome"	GO:0005840	3	LOC111136411	-0.187440051147077
"ribosome"	GO:0005840	3	LOC111130699	0.744239837549405
"ribosome"	GO:0005840	3	LOC111137204	0.111221088666187
"ribosome"	GO:0005840	3	LOC111122819	-0.34252971878277
"ribosome"	GO:0005840	3	LOC111101507	-0.329389816035177
"ribosome"	GO:0005840	3	LOC111101860	-3.9363027110337
"ribosome"	GO:0005840	3	LOC111132297	-1.39064453135164
"ribosome"	GO:0005840	3	LOC111114778	-5.85569394066024
"ribosome"	GO:0005840	3	LOC111130937	0.0939031890140517
"endosome"	GO:0005768	3	LOC111110025	1.08429705193714
"endosome"	GO:0005768	3	LOC111122347	-0.139766753486809
"endosome"	GO:0005768	3	LOC111135977	0.990917015943549
"endosome"	GO:0005768	3	LOC111121893	2.40583068455992
"endosome"	GO:0005768	3	LOC111134816	-0.887261795991973
"endosome"	GO:0005768	3	LOC111111458	0.32237969693879
"endosome"	GO:0005768	3	LOC111110660	-1.54052742511848
"endosome"	GO:0005768	3	LOC111133356	0.468036211100243
"endosome"	GO:0005768	3	LOC111127032	0.573238689307095
"endosome"	GO:0005768	3	LOC111129413	-1.2987440331981
"endosome"	GO:0005768	3	LOC111112119	3.86607087289255
"endosome"	GO:0005768	3	LOC111123133	0.498588818776016
"endosome"	GO:0005768	3	LOC111122791	0.328754084808217
"endosome"	GO:0005768	3	LOC111125427	0.94397393580753
"endosome"	GO:0005768	3	LOC111129315	-0.29771211482685
"endosome"	GO:0005768	3	LOC111133206	0.363579012687877
"endosome"	GO:0005768	3	LOC111125974	-1.22436048528729
"endosome"	GO:0005768	3	LOC111118255	-0.767933973677862
"endosome"	GO:0005768	3	LOC111136731	2.84175775315774
"lysosome"	GO:0005764;GO:0000323	6	LOC111105096	-0.0343443941336728
"lysosome"	GO:0005764;GO:0000323	6	LOC111119188	-1.23764225743658
"lysosome"	GO:0005764;GO:0000323	6	LOC111125418	0.413080703848305
"lysosome"	GO:0005764;GO:0000323	6	LOC111118976	0.64878452027397
"lysosome"	GO:0005764;GO:0000323	6	LOC111110879	0.0706973069356524
"lysosome"	GO:0005764;GO:0000323	6	LOC111103450	-0.059469203950945
"lysosome"	GO:0005764;GO:0000323	6	LOC111121876	1.41227400583701
"GO:0003674;GO:0006259;unknown"	GO:0003674;GO:0006259;unknown	5	LOC111135566	0.175075152158883
"GO:0003674;GO:0006259;unknown"	GO:0003674;GO:0006259;unknown	5	LOC111108554	0.306287020318253
"GO:0003674;GO:0006259;unknown"	GO:0003674;GO:0006259;unknown	5	LOC111130269	0.275677926275123
"GO:0003674;GO:0006259;unknown"	GO:0003674;GO:0006259;unknown	5	LOC111112878	0.800523083967515
"GO:0003674;GO:0006259;unknown"	GO:0003674;GO:0006259;unknown	5	LOC111104661	-1.51975834853701
"unknown;GO:0003674;GO:0005575;GO:0007165;GO:0016192"	unknown;GO:0003674;GO:0005575;GO:0007165;GO:0016192	5	LOC111115472	0.509623670420048
"unknown;GO:0003674;GO:0005575;GO:0007165;GO:0016192"	unknown;GO:0003674;GO:0005575;GO:0007165;GO:0016192	5	LOC111113175	0.724472709396843
"unknown;GO:0003674;GO:0005575;GO:0007165;GO:0016192"	unknown;GO:0003674;GO:0005575;GO:0007165;GO:0016192	5	LOC111112168	0.0278667219147076
"unknown;GO:0003674;GO:0005575;GO:0007165;GO:0016192"	unknown;GO:0003674;GO:0005575;GO:0007165;GO:0016192	5	LOC111116931	0.461368771409514
"unknown;GO:0003674;GO:0005575;GO:0007165;GO:0016192"	unknown;GO:0003674;GO:0005575;GO:0007165;GO:0016192	5	LOC111111161	-0.364969413471324
"unknown;GO:0003674;GO:0005575;GO:0007165;GO:0016192"	unknown;GO:0003674;GO:0005575;GO:0007165;GO:0016192	5	LOC111117139	0.0975113955717737
"unknown;GO:0003674;GO:0005575;GO:0007165;GO:0016192"	unknown;GO:0003674;GO:0005575;GO:0007165;GO:0016192	5	LOC111101850	0.786661297509
"Golgi apparatus"	GO:0005794	3	LOC111137900	2.86206025699566
"Golgi apparatus"	GO:0005794	3	LOC111105944	1.08702335925781
"Golgi apparatus"	GO:0005794	3	LOC111131860	0.65695703074728
"Golgi apparatus"	GO:0005794	3	LOC111123268	-0.510732390582416
"Golgi apparatus"	GO:0005794	3	LOC111099633	-0.17394566143152
"Golgi apparatus"	GO:0005794	3	LOC111122347	-0.139766753486809
"Golgi apparatus"	GO:0005794	3	LOC111105277	0.0584606541623137
"Golgi apparatus"	GO:0005794	3	LOC111121659	-0.19089554282264
"Golgi apparatus"	GO:0005794	3	LOC111118389	0.862754578653031
"Golgi apparatus"	GO:0005794	3	LOC111112101	-0.657464512099046
"Golgi apparatus"	GO:0005794	3	LOC111136535	-0.175489169489933
"Golgi apparatus"	GO:0005794	3	LOC111113389	0.127817832985698
"Golgi apparatus"	GO:0005794	3	LOC111105763	0.140255472586191
"Golgi apparatus"	GO:0005794	3	LOC111099424	0.382766690284221
"Golgi apparatus"	GO:0005794	3	LOC111133592	0.571441169745583
"Golgi apparatus"	GO:0005794	3	LOC111105973	0.439278912521601
"Golgi apparatus"	GO:0005794	3	LOC111121436	0.483720730905201
"Golgi apparatus"	GO:0005794	3	LOC111125791	-0.397347352309466
"Golgi apparatus"	GO:0005794	3	LOC111133261	1.39111839666414
"Golgi apparatus"	GO:0005794	3	LOC111111458	0.32237969693879
"Golgi apparatus"	GO:0005794	3	LOC111135735	-0.840355759369128
"Golgi apparatus"	GO:0005794	3	LOC111131867	-0.204973532725368
"Golgi apparatus"	GO:0005794	3	LOC111123326	0.708325532482842
"Golgi apparatus"	GO:0005794	3	LOC111129838	0.140101889732846
"Golgi apparatus"	GO:0005794	3	LOC111138055	-0.502873120719096
"Golgi apparatus"	GO:0005794	3	LOC111134608	0.15095065646805
"Golgi apparatus"	GO:0005794	3	LOC111101440	-1.21219707626205
"Golgi apparatus"	GO:0005794	3	LOC111121591	-2.81436411543293
"Golgi apparatus"	GO:0005794	3	LOC111137055	0.0380505313059006
"Golgi apparatus"	GO:0005794	3	LOC111134828	-0.407197452945946
"Golgi apparatus"	GO:0005794	3	LOC111115748	-0.0675101213956768
"Golgi apparatus"	GO:0005794	3	LOC111127037	1.88100025542662
"Golgi apparatus"	GO:0005794	3	LOC111132028	-0.0661227205837089
"Golgi apparatus"	GO:0005794	3	LOC111134663	0.843157226050481
"Golgi apparatus"	GO:0005794	3	LOC111112228	-2.66434751700335
"Golgi apparatus"	GO:0005794	3	LOC111130046	0.0839558302679676
"Golgi apparatus"	GO:0005794	3	LOC111119818	-0.336805338045941
"Golgi apparatus"	GO:0005794	3	LOC111131852	1.39991335773437
"Golgi apparatus"	GO:0005794	3	LOC111127005	-1.36630609382051
"Golgi apparatus"	GO:0005794	3	LOC111129413	-1.2987440331981
"Golgi apparatus"	GO:0005794	3	LOC111128947	0.585555928887466
"Golgi apparatus"	GO:0005794	3	LOC111130499	1.70570944211564
"Golgi apparatus"	GO:0005794	3	LOC111109100	2.05726264208002
"Golgi apparatus"	GO:0005794	3	LOC111137541	-1.49778472786359
"Golgi apparatus"	GO:0005794	3	LOC111125337	0.732824438163801
"Golgi apparatus"	GO:0005794	3	LOC111107351	1.33507742119276
"Golgi apparatus"	GO:0005794	3	LOC111126566	0.824541511696254
"Golgi apparatus"	GO:0005794	3	LOC111106044	0.384863823365473
"Golgi apparatus"	GO:0005794	3	LOC111110775	0.0442883191819777
"Golgi apparatus"	GO:0005794	3	LOC111134558	-0.972942573747724
"Golgi apparatus"	GO:0005794	3	LOC111131321	-1.60940750126136
"Golgi apparatus"	GO:0005794	3	LOC111128276	-0.780529432570603
"Golgi apparatus"	GO:0005794	3	LOC111105624	-0.335541136746136
"Golgi apparatus"	GO:0005794	3	LOC111132175	-1.03652116652482
"Golgi apparatus"	GO:0005794	3	LOC111125427	0.94397393580753
"Golgi apparatus"	GO:0005794	3	LOC111136002	-0.621206521283482
"Golgi apparatus"	GO:0005794	3	LOC111107356	-0.590077911323944
"Golgi apparatus"	GO:0005794	3	LOC111111566	-0.0414800155141951
"Golgi apparatus"	GO:0005794	3	LOC111123491	-0.790520703583079
"Golgi apparatus"	GO:0005794	3	LOC111114212	0.105625292290982
"Golgi apparatus"	GO:0005794	3	LOC111137144	-0.531639566743294
"Golgi apparatus"	GO:0005794	3	LOC111129961	-0.222339221862055
"Golgi apparatus"	GO:0005794	3	LOC111122333	-8.93658850041978
"Golgi apparatus"	GO:0005794	3	LOC111132095	-0.341545889625873
"Golgi apparatus"	GO:0005794	3	LOC111105880	1.30200076069409
"Golgi apparatus"	GO:0005794	3	LOC111120738	1.0258133131036
"Golgi apparatus"	GO:0005794	3	LOC111111504	0.581427736619762
"Golgi apparatus"	GO:0005794	3	LOC111136731	2.84175775315774
"Golgi apparatus"	GO:0005794	3	LOC111128948	-0.0541611234463993
"Golgi apparatus"	GO:0005794	3	LOC111130507	0.149017814017089
"Golgi apparatus"	GO:0005794	3	LOC111123267	-0.651390073362574
"Golgi apparatus"	GO:0005794	3	LOC111109643	0.675239716314176
"extracellular space"	GO:0005615	2	LOC111138076	3.50298746717423
"extracellular space"	GO:0005615	2	LOC111104470	0.176706253439801
"extracellular space"	GO:0005615	2	LOC111133911	0.425606981224916
"extracellular space"	GO:0005615	2	LOC111138123	-0.288797757432551
"extracellular space"	GO:0005615	2	LOC111105842	-36.3278055914879
"extracellular space"	GO:0005615	2	LOC111134612	0.193960812344404
"extracellular space"	GO:0005615	2	LOC111104989	0.0425822559307029
"extracellular space"	GO:0005615	2	LOC111118748	2.22793327379385
"extracellular space"	GO:0005615	2	LOC111133801	2.97871337195546
"extracellular space"	GO:0005615	2	LOC111114850	-0.481028982869352
"extracellular space"	GO:0005615	2	LOC111124694	-2.95709465747363
"extracellular space"	GO:0005615	2	LOC111112749	-1.35801409394457
"extracellular space"	GO:0005615	2	LOC111137306	0.119060148330827
"extracellular space"	GO:0005615	2	LOC111126687	0.00215165238947937
"extracellular space"	GO:0005615	2	LOC111129918	-0.178219157322976
"extracellular space"	GO:0005615	2	LOC111123575	-0.736266999851798
"extracellular space"	GO:0005615	2	LOC111128996	-0.962597508504306
"nucleoplasm"	GO:0005654	2	LOC111131641	0.703259484837153
"nucleoplasm"	GO:0005654	2	LOC111112549	-0.25030297913836
"nucleoplasm"	GO:0005654	2	LOC111125431	-0.0767471840445696
"nucleoplasm"	GO:0005654	2	LOC111114853	0.429700954544628
"nucleoplasm"	GO:0005654	2	LOC111118811	-0.353313481676194
"nucleoplasm"	GO:0005654	2	LOC111104148	0.049833138514661
"nucleoplasm"	GO:0005654	2	LOC111105220	0.233345992334478
"nucleoplasm"	GO:0005654	2	LOC111115398	0.11112776457531
"nucleoplasm"	GO:0005654	2	LOC111114721	0.495816530220035
"nucleoplasm"	GO:0005654	2	LOC111135492	-0.294537321222302
"nucleoplasm"	GO:0005654	2	LOC111137908	-0.176673202622162
"nucleoplasm"	GO:0005654	2	LOC111125368	-0.114812212399917
"nucleoplasm"	GO:0005654	2	LOC111111238	0.645603222543929
"nucleoplasm"	GO:0005654	2	LOC111118300	-4.86964604454664
"nucleoplasm"	GO:0005654	2	LOC111134430	-0.101622571239939
"nucleoplasm"	GO:0005654	2	LOC111130231	-0.0852727784369574
"nucleoplasm"	GO:0005654	2	LOC111126900	0.163874256047236
"nucleoplasm"	GO:0005654	2	LOC111135038	-0.873733375591697
"nucleoplasm"	GO:0005654	2	LOC111127266	-1.06025546361599
"nucleoplasm"	GO:0005654	2	LOC111133969	-1.07598535519571
"nucleoplasm"	GO:0005654	2	LOC111133998	0.5170211926567
"nucleoplasm"	GO:0005654	2	LOC111134206	0.58930807518299
"nucleoplasm"	GO:0005654	2	LOC111126926	-0.403685104165992
"nucleoplasm"	GO:0005654	2	LOC111137354	1.22008495183427
"nucleoplasm"	GO:0005654	2	LOC111105834	-0.250607749491555
"nucleoplasm"	GO:0005654	2	LOC111134658	0.815535736482753
"nucleoplasm"	GO:0005654	2	LOC111133772	1.62195070876684
"nucleoplasm"	GO:0005654	2	LOC111124280	-0.39604455300516
"nucleoplasm"	GO:0005654	2	LOC111119106	-1.30253621186385
"nucleoplasm"	GO:0005654	2	LOC111133642	0.485000597114385
"nucleoplasm"	GO:0005654	2	LOC111127006	0.631604620676832
"nucleoplasm"	GO:0005654	2	LOC111111171	1.1768419241555
"nucleoplasm"	GO:0005654	2	LOC111126296	-0.16752867083095
"nucleoplasm"	GO:0005654	2	LOC111135118	-0.721843124966417
"nucleoplasm"	GO:0005654	2	LOC111126022	0.0903793916752465
"nucleoplasm"	GO:0005654	2	LOC111101069	0.150052984932162
"nucleoplasm"	GO:0005654	2	LOC111133631	-0.393806331760403
"nucleoplasm"	GO:0005654	2	LOC111129838	0.140101889732846
"nucleoplasm"	GO:0005654	2	LOC111115441	-4.14182597659163
"nucleoplasm"	GO:0005654	2	LOC111110554	0.136109765280722
"nucleoplasm"	GO:0005654	2	LOC111128922	0.389702721651206
"nucleoplasm"	GO:0005654	2	LOC111131411	-0.57236245253432
"nucleoplasm"	GO:0005654	2	LOC111123963	1.98553304163257
"nucleoplasm"	GO:0005654	2	LOC111107848	-0.658995087519984
"nucleoplasm"	GO:0005654	2	LOC111119341	0.820594702063596
"nucleoplasm"	GO:0005654	2	LOC111123236	-5.97702497001712
"nucleoplasm"	GO:0005654	2	LOC111130875	0.114653002544226
"nucleoplasm"	GO:0005654	2	LOC111110601	0.115563757852165
"nucleoplasm"	GO:0005654	2	LOC111112210	1.12203111008741
"nucleoplasm"	GO:0005654	2	LOC111137756	0.221742153128391
"nucleoplasm"	GO:0005654	2	LOC111102463	1.5167351296618
"nucleoplasm"	GO:0005654	2	LOC111103789	-0.448066073535382
"nucleoplasm"	GO:0005654	2	LOC111136050	-0.109215271003143
"nucleoplasm"	GO:0005654	2	LOC111111195	-0.763689890495946
"nucleoplasm"	GO:0005654	2	LOC111118406	-0.369938321909269
"nucleoplasm"	GO:0005654	2	LOC111113417	-1.45962498957003
"nucleoplasm"	GO:0005654	2	LOC111130852	-0.0216965010069856
"nucleoplasm"	GO:0005654	2	LOC111136683	-0.093039638697956
"nucleoplasm"	GO:0005654	2	LOC111117803	0.297799327425144
"nucleoplasm"	GO:0005654	2	LOC111119940	-0.164177257474218
"nucleoplasm"	GO:0005654	2	LOC111126227	-1.26150666953505
"nucleoplasm"	GO:0005654	2	LOC111135728	0.748879688709655
"nucleoplasm"	GO:0005654	2	LOC111121210	0.63944143142739
"nucleoplasm"	GO:0005654	2	LOC111131242	0.719401916892016
"nucleoplasm"	GO:0005654	2	LOC111125674	-0.116840723700165
"nucleoplasm"	GO:0005654	2	LOC111137835	-1.76939256240566
"nucleoplasm"	GO:0005654	2	LOC111118359	-0.0336523601732884
"nucleoplasm"	GO:0005654	2	LOC111105733	0.744036075103692
"nucleoplasm"	GO:0005654	2	LOC111137901	-0.830935518999763
"nucleoplasm"	GO:0005654	2	LOC111130181	-0.36097077443978
"nucleoplasm"	GO:0005654	2	LOC111128470	-1.18376986949771
"nucleoplasm"	GO:0005654	2	LOC111123965	0.255677952832689
"nucleoplasm"	GO:0005654	2	LOC111127833	0.326418576937382
"nucleoplasm"	GO:0005654	2	LOC111138268	0.647793161379961
"nucleoplasm"	GO:0005654	2	LOC111123211	-2.62146582222922
"nucleoplasm"	GO:0005654	2	LOC111130850	0.324035835476213
"nucleoplasm"	GO:0005654	2	LOC111111579	-4.97244384061768
"nucleoplasm"	GO:0005654	2	LOC111136968	1.76829711968561
"nucleoplasm"	GO:0005654	2	LOC111123572	-0.199637127428662
"nucleoplasm"	GO:0005654	2	LOC111101548	-0.401275944463168
"nucleoplasm"	GO:0005654	2	LOC111128102	-1.11028484175998
"nucleoplasm"	GO:0005654	2	LOC111102545	-0.45716810090932
"nucleoplasm"	GO:0005654	2	LOC111132184	0.5854426680452
"nucleoplasm"	GO:0005654	2	LOC111135165	0.363013980072872
"nucleoplasm"	GO:0005654	2	LOC111113134	-0.778840018027985
"nucleoplasm"	GO:0005654	2	LOC111136643	0.268920504622922
"nucleoplasm"	GO:0005654	2	LOC111119953	1.42737531488567
"nucleoplasm"	GO:0005654	2	LOC111119087	0.849012003894995
"nucleoplasm"	GO:0005654	2	LOC111102132	1.374587069231
"nucleoplasm"	GO:0005654	2	LOC111128054	-0.259799164760707
"nucleoplasm"	GO:0005654	2	LOC111120511	-1.41341210206576
"nucleoplasm"	GO:0005654	2	LOC111118413	-5.76888117597675
"nucleoplasm"	GO:0005654	2	LOC111136035	-2.30130177925093
"nucleoplasm"	GO:0005654	2	LOC111125864	0.327981872280087
"nucleoplasm"	GO:0005654	2	LOC111099693	-1.69793471138087
"nucleoplasm"	GO:0005654	2	LOC111133017	0.0191732256182126
"nucleoplasm"	GO:0005654	2	LOC111119027	1.38726281111817
"nucleoplasm"	GO:0005654	2	LOC111125870	0.364938640282114
"nucleoplasm"	GO:0005654	2	LOC111127798	-0.84706076509989
"nucleoplasm"	GO:0005654	2	LOC111106432	-0.289392409397302
"nucleoplasm"	GO:0005654	2	LOC111130510	0.726569283458106
"nucleoplasm"	GO:0005654	2	LOC111127288	-2.05874270451937
"nucleoplasm"	GO:0005654	2	LOC111113506	-0.699623018527349
"nucleoplasm"	GO:0005654	2	LOC111100165	-1.04928417146832
"nucleoplasm"	GO:0005654	2	LOC111136115	0.0899024279929567
"nucleoplasm"	GO:0005654	2	LOC111111252	-0.206319085068892
"nucleoplasm"	GO:0005654	2	LOC111122880	-0.0343546982984577
"nucleoplasm"	GO:0005654	2	LOC111137332	-0.524321925716627
"nucleoplasm"	GO:0005654	2	LOC111115365	1.16994084501451
"nucleoplasm"	GO:0005654	2	LOC111105580	-1.29048817655412
"nucleoplasm"	GO:0005654	2	LOC111107565	-1.32331742636477
"nucleoplasm"	GO:0005654	2	LOC111111633	-1.26467693918299
"extracellular region"	GO:0005576	2	LOC111099098	1.33183693362559
"extracellular region"	GO:0005576	2	LOC111136736	0.298358519550388
"extracellular region"	GO:0005576	2	LOC111117254	0.536412912827737
"extracellular region"	GO:0005576	2	LOC111131019	1.13951879349636
"extracellular region"	GO:0005576	2	LOC111135626	-0.0758909460189822
"extracellular region"	GO:0005576	2	LOC111111646	-1.20293193076568
"extracellular region"	GO:0005576	2	LOC111100180	-0.239164778498001
"extracellular region"	GO:0005576	2	LOC111105794	4.43541808702341
"extracellular region"	GO:0005576	2	LOC111104838	-2.66283665908594
"extracellular region"	GO:0005576	2	LOC111116214	-0.751924666834784
"extracellular region"	GO:0005576	2	LOC111127503	0.0445348584652087
"extracellular region"	GO:0005576	2	LOC111106587	0.0703145978644695
"extracellular region"	GO:0005576	2	LOC111126565	-0.969914453091006
"extracellular region"	GO:0005576	2	LOC111137686	-0.305103670200773
"extracellular region"	GO:0005576	2	LOC111137292	0.042854187413147
"extracellular region"	GO:0005576	2	LOC111133680	-2.75988913207844
"extracellular region"	GO:0005576	2	LOC111121485	-0.887680931294395
"extracellular region"	GO:0005576	2	LOC111119606	-0.361379558696289
"extracellular region"	GO:0005576	2	LOC111126345	-1.66115438937824
"extracellular region"	GO:0005576	2	LOC111120458	-1.21382745583676
"extracellular region"	GO:0005576	2	LOC111135614	0.496705909936306
"extracellular region"	GO:0005576	2	LOC111137282	-0.284318323489734
"extracellular region"	GO:0005576	2	LOC111119837	0.692644931380025
"extracellular region"	GO:0005576	2	LOC111135120	0.246781589958715
"extracellular region"	GO:0005576	2	LOC111130469	1.80109109961365
"extracellular region"	GO:0005576	2	LOC111119603	-0.362216876316196
"extracellular region"	GO:0005576	2	LOC111132573	-0.825275345444322
"extracellular region"	GO:0005576	2	LOC111114706	-1.01573764240349
"extracellular region"	GO:0005576	2	LOC111124392	0.521774334309177
"extracellular region"	GO:0005576	2	LOC111127135	0.757911711919613
"extracellular region"	GO:0005576	2	LOC111134788	-1.37770357759443
"extracellular region"	GO:0005576	2	LOC111117425	0.111783940177024
"extracellular region"	GO:0005576	2	LOC111102114	0.102140552739482
"extracellular region"	GO:0005576	2	LOC111102913	-9.10396855842395
"extracellular region"	GO:0005576	2	LOC111107500	-2.11566454310309
"extracellular region"	GO:0005576	2	LOC111133981	0.126517868023618
"extracellular region"	GO:0005576	2	LOC111121327	0.697661770009178
"extracellular region"	GO:0005576	2	LOC111126881	1.42558794759574
"extracellular region"	GO:0005576	2	LOC111118101	-0.711330595783896
"extracellular region"	GO:0005576	2	LOC111121344	-0.415556774692101
"extracellular region"	GO:0005576	2	LOC111107241	-0.222471052066623
"extracellular region"	GO:0005576	2	LOC111116033	0.146971093826283
"extracellular region"	GO:0005576	2	LOC111103976	-1.37457707178086
"extracellular region"	GO:0005576	2	LOC111109611	0.0856883996571933
"extracellular region"	GO:0005576	2	LOC111106495	-0.308390399439249
"extracellular region"	GO:0005576	2	LOC111132808	0.669107257615324
"extracellular region"	GO:0005576	2	LOC111117464	-3.96557568958178
"extracellular region"	GO:0005576	2	LOC111138403	0.3906805340088
"extracellular region"	GO:0005576	2	LOC111108955	-5.1021472468913
"extracellular region"	GO:0005576	2	LOC111126768	0.690083036352392
"extracellular region"	GO:0005576	2	LOC111106396	1.331155104535
"extracellular region"	GO:0005576	2	LOC111117016	-0.724912343942127
"extracellular region"	GO:0005576	2	LOC111102113	1.26149741069853
"extracellular region"	GO:0005576	2	LOC111101835	-0.0348197085151732
"extracellular region"	GO:0005576	2	LOC111111165	-0.728553668106156
"extracellular region"	GO:0005576	2	LOC111099545	-0.94337719893574
"extracellular region"	GO:0005576	2	LOC111121428	-0.907798831098077
"extracellular region"	GO:0005576	2	LOC111130577	0.394184009274876
"extracellular region"	GO:0005576	2	LOC111132220	0.194589122122359
"extracellular region"	GO:0005576	2	LOC111124536	-0.239546449105905
"extracellular region"	GO:0005576	2	LOC111123525	-2.03232648169723
"extracellular region"	GO:0005576	2	LOC111107242	-0.271323560924674
"extracellular region"	GO:0005576	2	LOC111102840	-1.14722710574076
"extracellular region"	GO:0005576	2	LOC111132106	-0.0425581179967392
"extracellular region"	GO:0005576	2	LOC111101754	0.550199650373976
"extracellular region"	GO:0005576	2	LOC111099862	0.137998778696533
"extracellular region"	GO:0005576	2	LOC111128496	-2.44560159078784
"extracellular region"	GO:0005576	2	LOC111122235	0.140215929814492
"extracellular region"	GO:0005576	2	LOC111134646	-0.722160694589916
"extracellular region"	GO:0005576	2	LOC111129277	-1.19025822261077
"extracellular region"	GO:0005576	2	LOC111117191	-1.97327847801561
"extracellular region"	GO:0005576	2	LOC111132129	0.378520271710978
"extracellular region"	GO:0005576	2	LOC111134023	-1.03730422146054
"extracellular region"	GO:0005576	2	LOC111123822	0.46024204619554
"extracellular region"	GO:0005576	2	LOC111114030	-0.595831565781534
"extracellular region"	GO:0005576	2	LOC111110597	-0.728217121491658
"extracellular region"	GO:0005576	2	LOC111125479	0.596173623305284
"extracellular region"	GO:0005576	2	LOC111109602	-0.648463871575408
"extracellular region"	GO:0005576	2	LOC111117429	1.35060900264606
"extracellular region"	GO:0005576	2	LOC111122946	-1.37550848510709
"extracellular region"	GO:0005576	2	LOC111116492	-0.25222525040382
"extracellular region"	GO:0005576	2	LOC111121566	1.06167502507103
"extracellular region"	GO:0005576	2	LOC111120674	3.66000127525616
"extracellular region"	GO:0005576	2	LOC111128799	0.155841308141761
"extracellular region"	GO:0005576	2	LOC111109548	0.66180102717297
"extracellular region"	GO:0005576	2	LOC111123179	1.01532208937553
"extracellular region"	GO:0005576	2	LOC111121964	0.908645166464499
"extracellular region"	GO:0005576	2	LOC111107495	-1.28073415672197
"extracellular region"	GO:0005576	2	LOC111121275	-0.514788704659308
"extracellular region"	GO:0005576	2	LOC111106155	0.551839767402304
"extracellular region"	GO:0005576	2	LOC111108394	-0.840241759625156
"extracellular region"	GO:0005576	2	LOC111109712	0.444778292492208
"extracellular region"	GO:0005576	2	LOC111127577	0.588272387633114
"extracellular region"	GO:0005576	2	LOC111137287	0.276506088249453
"extracellular region"	GO:0005576	2	LOC111109234	0.264239000728262
"extracellular region"	GO:0005576	2	LOC111114306	-0.116712848716235
"extracellular region"	GO:0005576	2	LOC111120568	0.405088414039646
"extracellular region"	GO:0005576	2	LOC111129748	-0.765158552767942
"extracellular region"	GO:0005576	2	LOC111137758	0.251726467161407
"extracellular region"	GO:0005576	2	LOC111105722	4.00038125440607
"extracellular region"	GO:0005576	2	LOC111101100	0.897457508624096
"extracellular region"	GO:0005576	2	LOC111119445	-0.494725131311083
"extracellular region"	GO:0005576	2	LOC111106095	0.321046855557208
"extracellular region"	GO:0005576	2	LOC111131224	3.01132640127399
"extracellular region"	GO:0005576	2	LOC111126240	0.911339309259087
"extracellular region"	GO:0005576	2	LOC111132108	-0.544467593716277
"extracellular region"	GO:0005576	2	LOC111133553	-1.52740913451609
"extracellular region"	GO:0005576	2	LOC111137213	0.550197294087511
"extracellular region"	GO:0005576	2	LOC111110524	-1.39678596253743
"extracellular region"	GO:0005576	2	LOC111120417	1.80856525060883
"extracellular region"	GO:0005576	2	LOC111106516	-0.30170322951306
"extracellular region"	GO:0005576	2	LOC111127580	0.0704166431210244
"extracellular region"	GO:0005576	2	LOC111111574	-0.444457577819322
"extracellular region"	GO:0005576	2	LOC111137291	-0.731074753187811
"extracellular region"	GO:0005576	2	LOC111136983	0.398815613203513
"extracellular region"	GO:0005576	2	LOC111115598	-3.63650966591337
"extracellular region"	GO:0005576	2	LOC111100468	0.246137193677243
"extracellular region"	GO:0005576	2	LOC111099592	0.110304711056443
"extracellular region"	GO:0005576	2	LOC111115097	0.628049572845132
"extracellular region"	GO:0005576	2	LOC111111656	-0.329746928513593
"extracellular region"	GO:0005576	2	LOC111133953	-0.0343616096136645
"extracellular region"	GO:0005576	2	LOC111115673	-0.477783463354075
"extracellular region"	GO:0005576	2	LOC111119838	0.261416106793196
"extracellular region"	GO:0005576	2	LOC111117017	-0.402521300246176
"extracellular region"	GO:0005576	2	LOC111132932	1.82441867873824
"extracellular region"	GO:0005576	2	LOC111137264	0.220847926472946
"extracellular region"	GO:0005576	2	LOC111110434	0.535281829299945
"extracellular region"	GO:0005576	2	LOC111117426	0.427018056942299
"extracellular region"	GO:0005576	2	LOC111126707	0.278662713064955
"extracellular region"	GO:0005576	2	LOC111113871	1.28023638737755
"extracellular region"	GO:0005576	2	LOC111125499	0.209520955750536
"extracellular region"	GO:0005576	2	LOC111115803	-0.730321239966397
"extracellular region"	GO:0005576	2	LOC111100662	0.265380238449819
"extracellular region"	GO:0005576	2	LOC111138024	0.683437801386339
"extracellular region"	GO:0005576	2	LOC111105796	-10.160329770345
"extracellular region"	GO:0005576	2	LOC111123645	0.61710866756134
"extracellular region"	GO:0005576	2	LOC111119602	2.8296815407589
"extracellular region"	GO:0005576	2	LOC111126370	0.63560940418703
"extracellular region"	GO:0005576	2	LOC111107506	-0.216076622838173
"extracellular region"	GO:0005576	2	LOC111105727	0.138807985545132
"extracellular region"	GO:0005576	2	LOC111099057	-0.0214584179528436
"extracellular region"	GO:0005576	2	LOC111132156	4.61520167710735
"extracellular region"	GO:0005576	2	LOC111110365	0.644368436614029
"extracellular region"	GO:0005576	2	LOC111137000	0.00789513961024787
"extracellular region"	GO:0005576	2	LOC111103977	0.148068745509772
"extracellular region"	GO:0005576	2	LOC111121579	0.229694826894139
"extracellular region"	GO:0005576	2	LOC111122851	2.47362482474069
"extracellular region"	GO:0005576	2	LOC111136852	-0.750703243148839
"extracellular region"	GO:0005576	2	LOC111117500	-0.506795554766579
"extracellular region"	GO:0005576	2	LOC111102306	0.287200514346522
"extracellular region"	GO:0005576	2	LOC111128305	-0.238008441096224
"extracellular region"	GO:0005576	2	LOC111136541	0.426016794573645
"extracellular region"	GO:0005576	2	LOC111136584	-0.197570254397579
"extracellular region"	GO:0005576	2	LOC111119604	0.183256921420978
"extracellular region"	GO:0005576	2	LOC111123540	-1.22663797473649
"extracellular region"	GO:0005576	2	LOC111103084	-0.0376577406480189
"extracellular region"	GO:0005576	2	LOC111126651	3.63954776226218
"extracellular matrix"	GO:0031012	2	LOC111138500	1.83218971884498
"extracellular matrix"	GO:0031012	2	LOC111125805	0.134677179013063
"extracellular matrix"	GO:0031012	2	LOC111125811	-4.09703403435014
"extracellular matrix"	GO:0031012	2	LOC111136930	-2.77584340347026
"extracellular matrix"	GO:0031012	2	LOC111135630	-5.50994242210764
"extracellular matrix"	GO:0031012	2	LOC111132965	-3.40258522070175
"extracellular matrix"	GO:0031012	2	LOC111121406	-0.570786133494971
"extracellular matrix"	GO:0031012	2	LOC111138517	-2.95424034293294
"extracellular matrix"	GO:0031012	2	LOC111135787	1.09066456021092
"extracellular matrix"	GO:0031012	2	LOC111134769	2.24816246878443
"extracellular matrix"	GO:0031012	2	LOC111137713	-4.20367240478986
"extracellular matrix"	GO:0031012	2	LOC111124702	2.4477810708212
"extracellular matrix"	GO:0031012	2	LOC111138208	0.478559254065429
"extracellular matrix"	GO:0031012	2	LOC111134721	3.48078170276523
"extracellular matrix"	GO:0031012	2	LOC111115889	0.434193606352251
"extracellular matrix"	GO:0031012	2	LOC111135369	1.81585674382495
"extracellular matrix"	GO:0031012	2	LOC111101969	-0.185316906394438
"extracellular matrix"	GO:0031012	2	LOC111132907	0.24410182391871
"extracellular matrix"	GO:0031012	2	LOC111129706	0.0635752561945358
"extracellular matrix"	GO:0031012	2	LOC111131875	-0.34514411466866
"extracellular matrix"	GO:0031012	2	LOC111118932	1.28222930285126
"extracellular matrix"	GO:0031012	2	LOC111134722	5.60989407729169
"extracellular matrix"	GO:0031012	2	LOC111135364	1.24783871381231
"extracellular matrix"	GO:0031012	2	LOC111099195	-4.08229466462332
"extracellular matrix"	GO:0031012	2	LOC111118894	-0.692754351477042
"extracellular matrix"	GO:0031012	2	LOC111101946	0.225490813264422
"cytoskeleton"	GO:0005856	4	LOC111120585	0.336109058684089
"cytoskeleton"	GO:0005856	4	LOC111130495	0.0275652841946794
"cytoskeleton"	GO:0005856	4	LOC111134843	-0.598528171313273
"cytoskeleton"	GO:0005856	4	LOC111100765	-0.0977315979251605
"cytoskeleton"	GO:0005856	4	LOC111125905	-0.897313308898184
"cytoskeleton"	GO:0005856	4	LOC111135411	-0.905814672007156
"cytoskeleton"	GO:0005856	4	LOC111130851	5.62711790275974
"cytoskeleton"	GO:0005856	4	LOC111102596	0.0498318220480436
"cytoskeleton"	GO:0005856	4	LOC111128364	3.13271346728142
"cytoskeleton"	GO:0005856	4	LOC111131112	0.299200977044478
"cytoskeleton"	GO:0005856	4	LOC111118970	-0.815731078444318
"cytoskeleton"	GO:0005856	4	LOC111119594	-0.141800463137235
"cytoskeleton"	GO:0005856	4	LOC111121714	0.0962846513460594
"cytoskeleton"	GO:0005856	4	LOC111118678	-0.558906728668978
"cytoskeleton"	GO:0005856	4	LOC111115569	0.274056146618305
"cytoskeleton"	GO:0005856	4	LOC111130343	2.40383012894384
"cytoskeleton"	GO:0005856	4	LOC111104160	-0.350620290969674
"cytoskeleton"	GO:0005856	4	LOC111103560	1.91147742869042
"cytoskeleton"	GO:0005856	4	LOC111126828	-2.83811726019808
"cytoskeleton"	GO:0005856	4	LOC111128838	0.0647987482100424
"cytoskeleton"	GO:0005856	4	LOC111124958	1.18426361986127
"cytoskeleton"	GO:0005856	4	LOC111102779	0.811529780604521
"cytoskeleton"	GO:0005856	4	LOC111123242	-0.50870502393194
"cytoskeleton"	GO:0005856	4	LOC111136219	-1.17947453850015
"cytoskeleton"	GO:0005856	4	LOC111130397	1.60887503740092
"cytoskeleton"	GO:0005856	4	LOC111101424	2.73622981083463
"cytoskeleton"	GO:0005856	4	LOC111129337	-0.414863289396689
"cytoskeleton"	GO:0005856	4	LOC111100502	-0.183674428822268
"cytoskeleton"	GO:0005856	4	LOC111117972	-0.710086788094603
"cytoskeleton"	GO:0005856	4	LOC111107250	3.26006825934063
"cytoskeleton"	GO:0005856	4	LOC111100650	-0.304570273166172
"cytoskeleton"	GO:0005856	4	LOC111125059	-2.77886955187535
"cytoskeleton"	GO:0005856	4	LOC111107338	-0.371249309911886
"cytoskeleton"	GO:0005856	4	LOC111100869	1.82765370464433
"cytoskeleton"	GO:0005856	4	LOC111115122	9.47850732611168
"cytoskeleton"	GO:0005856	4	LOC111134649	-1.16790726574147
"cytoskeleton"	GO:0005856	4	LOC111123434	1.66222323857365
"cytoskeleton"	GO:0005856	4	LOC111130568	0.665974432138674
"cytoskeleton"	GO:0005856	4	LOC111128085	-8.88102981633725
"cytoskeleton"	GO:0005856	4	LOC111118576	-0.774092744223167
"cytoskeleton"	GO:0005856	4	LOC111123147	2.00391394612071
"cytoskeleton"	GO:0005856	4	LOC111121592	-0.165404524059597
"cytoskeleton"	GO:0005856	4	LOC111118045	-0.255300308422338
"cytoskeleton"	GO:0005856	4	LOC111138125	-0.402141104695692
"cytoskeleton"	GO:0005856	4	LOC111106223	-1.83807258285258
"cytoskeleton"	GO:0005856	4	LOC111123493	-2.20117013633775
"cytoskeleton"	GO:0005856	4	LOC111109171	-0.690768203258556
"cytoskeleton"	GO:0005856	4	LOC111113447	0.503437771486061
"cytoskeleton"	GO:0005856	4	LOC111130184	0.367208300509754
"cytoskeleton"	GO:0005856	4	LOC111126582	0.743441756276898
"cytoskeleton"	GO:0005856	4	LOC111127906	0.676569767313302
"cytoskeleton"	GO:0005856	4	LOC111130940	-1.71794927828527
"cytoskeleton"	GO:0005856	4	LOC111132966	1.6194502853945
"cytoskeleton"	GO:0005856	4	LOC111119586	-5.90181834907052
"cytoskeleton"	GO:0005856	4	LOC111103394	-0.385840859938663
"cytoskeleton"	GO:0005856	4	LOC111134890	0.144336818412511
"cytoskeleton"	GO:0005856	4	LOC111124016	4.97935744174552
"cytoskeleton"	GO:0005856	4	LOC111131555	0.263750355996581
"cytoskeleton"	GO:0005856	4	LOC111103220	-2.80144705830901
"cytoskeleton"	GO:0005856	4	LOC111114089	-0.209252787819021
"cytoskeleton"	GO:0005856	4	LOC111111571	-0.586254582575028
"cytoskeleton"	GO:0005856	4	LOC111109885	-0.304878121849873
"cytoskeleton"	GO:0005856	4	LOC111100645	-0.731812090094259
"cytoskeleton"	GO:0005856	4	LOC111138395	0.195202895762199
"cytoskeleton"	GO:0005856	4	LOC111103497	4.72934425760043
"cytoskeleton"	GO:0005856	4	LOC111122527	-3.26961370451136
"cytoskeleton"	GO:0005856	4	LOC111130867	-0.988170694251641
"cytoskeleton"	GO:0005856	4	LOC111130324	1.70095573603791
"cytoskeleton"	GO:0005856	4	LOC111138370	0.968678715439707
"cytoskeleton"	GO:0005856	4	LOC111104252	0.981620999618136
"cytoskeleton"	GO:0005856	4	LOC111128432	0.462318271356875
"cytoskeleton"	GO:0005856	4	LOC111134686	1.23844844018351
"cytoskeleton"	GO:0005856	4	LOC111129880	-1.50703061817667
"cytoskeleton"	GO:0005856	4	LOC111109994	-0.533196891022259
"cytoskeleton"	GO:0005856	4	LOC111118916	0.499169291802422
"cytoskeleton"	GO:0005856	4	LOC111134329	2.0487921071074
"cytoskeleton"	GO:0005856	4	LOC111112845	0.936461782972355
"cytoskeleton"	GO:0005856	4	LOC111116030	0.375945562918278
"cytoskeleton"	GO:0005856	4	LOC111119660	0.552511467196258
"cytoskeleton"	GO:0005856	4	LOC111121925	0.0863151493214677
"cytoskeleton"	GO:0005856	4	LOC111138369	0.0649643566335474
"cytoskeleton"	GO:0005856	4	LOC111132123	0.232899689843488
"cytoskeleton"	GO:0005856	4	LOC111133594	-0.723900882134446
"cytoskeleton"	GO:0005856	4	LOC111110660	-1.54052742511848
"cytoskeleton"	GO:0005856	4	LOC111127652	0.938543760999715
"cytoskeleton"	GO:0005856	4	LOC111124938	0.0289859532085716
"cytoskeleton"	GO:0005856	4	LOC111138334	-0.3758626384586
"cytoskeleton"	GO:0005856	4	LOC111100260	-0.440762071827328
"cytoskeleton"	GO:0005856	4	LOC111123415	0.329906575939974
"cytoskeleton"	GO:0005856	4	LOC111124265	0.00415753186020825
"cytoskeleton"	GO:0005856	4	LOC111132799	-0.230328587450828
"cytoskeleton"	GO:0005856	4	LOC111112126	-0.4661988821317
"cytoskeleton"	GO:0005856	4	LOC111138081	-0.165544011323742
"cytoskeleton"	GO:0005856	4	LOC111134572	1.49770001812252
"cytoskeleton"	GO:0005856	4	LOC111112642	1.80452521513003
"cytoskeleton"	GO:0005856	4	LOC111115046	-0.179695232253559
"cytoskeleton"	GO:0005856	4	LOC111131413	1.97159664323748
"cytoskeleton"	GO:0005856	4	LOC111105806	1.49505148389255
"cytoskeleton"	GO:0005856	4	LOC111137056	0.186165373837966
"cytoskeleton"	GO:0005856	4	LOC111128885	-1.38591487721149
"cytoskeleton"	GO:0005856	4	LOC111130502	-0.869344286752118
"cytoskeleton"	GO:0005856	4	LOC111124577	3.16133847025336
"cytoskeleton"	GO:0005856	4	LOC111125479	0.596173623305284
"cytoskeleton"	GO:0005856	4	LOC111130661	0.625948961847075
"cytoskeleton"	GO:0005856	4	LOC111135421	-1.43130218537084
"cytoskeleton"	GO:0005856	4	LOC111110033	2.06739156617161
"cytoskeleton"	GO:0005856	4	LOC111113098	-4.44012144338814
"cytoskeleton"	GO:0005856	4	LOC111128318	-0.526585401930277
"cytoskeleton"	GO:0005856	4	LOC111124621	1.0809314208175
"cytoskeleton"	GO:0005856	4	LOC111099548	-4.34693795551803
"cytoskeleton"	GO:0005856	4	LOC111101228	2.35851772655079
"cytoskeleton"	GO:0005856	4	LOC111105316	0.397923509192974
"cytoskeleton"	GO:0005856	4	LOC111134768	0.880337525627091
"cytoskeleton"	GO:0005856	4	LOC111126317	0.0497817218172624
"cytoskeleton"	GO:0005856	4	LOC111129145	1.39782900094504
"cytoskeleton"	GO:0005856	4	LOC111111058	-0.592972814060476
"cytoskeleton"	GO:0005856	4	LOC111124264	-0.0753500734323141
"cytoskeleton"	GO:0005856	4	LOC111121184	0.613153957738347
"cytoskeleton"	GO:0005856	4	LOC111121252	0.636588471128753
"cytoskeleton"	GO:0005856	4	LOC111124684	-0.480875542164719
"cytoskeleton"	GO:0005856	4	LOC111130279	1.12946246139209
"cytoskeleton"	GO:0005856	4	LOC111102125	0.170965960013312
"cytoskeleton"	GO:0005856	4	LOC111106158	-0.126370275399097
"cytoskeleton"	GO:0005856	4	LOC111118026	-3.828359963654
"cytoskeleton"	GO:0005856	4	LOC111136106	0.753472975470985
"cytoskeleton"	GO:0005856	4	LOC111108659	-0.380646841643928
"cytoskeleton"	GO:0005856	4	LOC111126389	0.0697851056368394
"cytoskeleton"	GO:0005856	4	LOC111133229	-2.40000409701483
"cytoskeleton"	GO:0005856	4	LOC111134891	1.19074038671041
"cytoskeleton"	GO:0005856	4	LOC111134000	0.875992060289837
"cytoskeleton"	GO:0005856	4	LOC111126134	-0.648540290793362
"cytoskeleton"	GO:0005856	4	LOC111137486	-0.820274252571975
"cytoskeleton"	GO:0005856	4	LOC111103866	-0.143513914950179
"cytoskeleton"	GO:0005856	4	LOC111130048	-0.892268057244563
"cytoskeleton"	GO:0005856	4	LOC111130641	1.56105325878294
"cytoskeleton"	GO:0005856	4	LOC111130323	0.224583840007655
"cytoskeleton"	GO:0005856	4	LOC111122636	-1.19002093183553
"cytoskeleton"	GO:0005856	4	LOC111128818	0.274567553253765
"cytoskeleton"	GO:0005856	4	LOC111136397	0.999717166572561
"cytoskeleton"	GO:0005856	4	LOC111129146	-1.42041726954215
"cytoskeleton"	GO:0005856	4	LOC111136762	0.976155718224417
"cytoskeleton"	GO:0005856	4	LOC111123746	-0.708893766434101
"cytoskeleton"	GO:0005856	4	LOC111132031	-0.172644104821072
"cytoskeleton"	GO:0005856	4	LOC111128913	1.20233775308573
"cytoskeleton"	GO:0005856	4	LOC111131563	2.97828986949215
"cytoskeleton"	GO:0005856	4	LOC111127380	0.0408757799673424
"cytoskeleton"	GO:0005856	4	LOC111124992	1.38474665928488
"cytoskeleton"	GO:0005856	4	LOC111123500	2.48119647442561
"cytoskeleton"	GO:0005856	4	LOC111112439	0.0160454573688209
"cytoskeleton"	GO:0005856	4	LOC111121055	0.92296227648938
"cytoskeleton"	GO:0005856	4	LOC111134196	-0.453866550540962
"cytoskeleton"	GO:0005856	4	LOC111122805	-0.0785806283044404
"cytoskeleton"	GO:0005856	4	LOC111129389	1.63297870168371
"cytoskeleton"	GO:0005856	4	LOC111112605	1.67269773745139
"cytoskeleton"	GO:0005856	4	LOC111138333	1.74677232212977
"cytoskeleton"	GO:0005856	4	LOC111129526	0.536082669421611
"cytoskeleton"	GO:0005856	4	LOC111127902	1.6513020307043
"cytoskeleton"	GO:0005856	4	LOC111137797	-0.15036029411061
"cytoskeleton"	GO:0005856	4	LOC111118975	-0.0204705653270396
"cytoskeleton"	GO:0005856	4	LOC111133144	-0.41369890290832
"cytoskeleton"	GO:0005856	4	LOC111120907	-0.17825977544556
"cytoskeleton"	GO:0005856	4	LOC111138063	-0.482890357621147
"cytoskeleton"	GO:0005856	4	LOC111126433	-0.45980128842141
"cytoskeleton"	GO:0005856	4	LOC111129985	-0.530619124678497
"cytoskeleton"	GO:0005856	4	LOC111111569	-1.70239707726846
"cytoskeleton"	GO:0005856	4	LOC111125333	-0.943170364838819
"cytoskeleton"	GO:0005856	4	LOC111134148	-1.49105808281699
"cytoskeleton"	GO:0005856	4	LOC111117970	-3.96995481257378
"cytoskeleton"	GO:0005856	4	LOC111113317	-1.17877357411675
"cytoskeleton"	GO:0005856	4	LOC111108855	1.90431988001633
"cytoskeleton"	GO:0005856	4	LOC111134888	0.975262247951627
"cytoskeleton"	GO:0005856	4	LOC111130371	-0.256203156141639
"cytoskeleton"	GO:0005856	4	LOC111125880	0.0976552359419693
"cytoskeleton"	GO:0005856	4	LOC111110297	-1.09095213292395
"cytoskeleton"	GO:0005856	4	LOC111101168	0.656650108595821
"cytoskeleton"	GO:0005856	4	LOC111112993	-1.77475141173516
"cytoskeleton"	GO:0005856	4	LOC111100344	0.735118969144523
"cytoskeleton"	GO:0005856	4	LOC111115508	-0.440280257253774
"cytoskeleton"	GO:0005856	4	LOC111120967	1.80138109418807
"cytoskeleton"	GO:0005856	4	LOC111122299	1.69409744876548
"cytoskeleton"	GO:0005856	4	LOC111119711	-0.141891604086078
"cytoskeleton"	GO:0005856	4	LOC111117852	-0.508271802230755
"cytoskeleton"	GO:0005856	4	LOC111099697	0.981074516739688
"cytoskeleton"	GO:0005856	4	LOC111128800	-0.315945086770062
"cytoskeleton"	GO:0005856	4	LOC111114230	0.308989784394963
"cytoskeleton"	GO:0005856	4	LOC111125754	0.410792014626005
"cytoskeleton"	GO:0005856	4	LOC111112131	0.7518847061179
"cytoskeleton"	GO:0005856	4	LOC111136669	-0.897846128342263
"cytoskeleton"	GO:0005856	4	LOC111108504	0.968402406156931
"cytoskeleton"	GO:0005856	4	LOC111126543	-1.23723291916388
"unknown;GO:0043167"	unknown;GO:0043167	5	LOC111136647	0.0344782591191712
"unknown;GO:0043167"	unknown;GO:0043167	5	LOC111124854	0.0622862118065617
"unknown;GO:0043167"	unknown;GO:0043167	5	LOC111113294	2.55863576113679
"unknown;GO:0043167"	unknown;GO:0043167	5	LOC111129509	-0.0264354688718043
"unknown;GO:0043167"	unknown;GO:0043167	5	LOC111108265	0.536901573017434
"unknown;GO:0043167"	unknown;GO:0043167	5	LOC111107224	0.140198215004625
"intracellular non-membrane-bounded organelle"	GO:0043232;GO:0043228	2	LOC111120585	0.336109058684089
"intracellular non-membrane-bounded organelle"	GO:0043232;GO:0043228	2	LOC111130495	0.0275652841946794
"intracellular non-membrane-bounded organelle"	GO:0043232;GO:0043228	2	LOC111118920	0.847414594919379
"intracellular non-membrane-bounded organelle"	GO:0043232;GO:0043228	2	LOC111134843	-0.598528171313273
"intracellular non-membrane-bounded organelle"	GO:0043232;GO:0043228	2	LOC111100765	-0.0977315979251605
"intracellular non-membrane-bounded organelle"	GO:0043232;GO:0043228	2	LOC111120952	-0.289573098625964
"intracellular non-membrane-bounded organelle"	GO:0043232;GO:0043228	2	LOC111136230	-0.381615895521018
"intracellular non-membrane-bounded organelle"	GO:0043232;GO:0043228	2	LOC111119919	1.22686756009704
"intracellular non-membrane-bounded organelle"	GO:0043232;GO:0043228	2	LOC111125905	-0.897313308898184
"intracellular non-membrane-bounded organelle"	GO:0043232;GO:0043228	2	LOC111100355	-1.99829046325383
"intracellular non-membrane-bounded organelle"	GO:0043232;GO:0043228	2	LOC111131498	1.91543686039977
"intracellular non-membrane-bounded organelle"	GO:0043232;GO:0043228	2	LOC111135336	1.16718083401116
"intracellular non-membrane-bounded organelle"	GO:0043232;GO:0043228	2	LOC111111107	0.697502477912847
"intracellular non-membrane-bounded organelle"	GO:0043232;GO:0043228	2	LOC111128153	0.482828654032287
"intracellular non-membrane-bounded organelle"	GO:0043232;GO:0043228	2	LOC111121997	-0.154959238934077
"intracellular non-membrane-bounded organelle"	GO:0043232;GO:0043228	2	LOC111108187	2.30870614838857
"intracellular non-membrane-bounded organelle"	GO:0043232;GO:0043228	2	LOC111112464	0.440637476935236
"intracellular non-membrane-bounded organelle"	GO:0043232;GO:0043228	2	LOC111112269	0.305522705312976
"intracellular non-membrane-bounded organelle"	GO:0043232;GO:0043228	2	LOC111133731	-0.256888186853725
"intracellular non-membrane-bounded organelle"	GO:0043232;GO:0043228	2	LOC111135411	-0.905814672007156
"intracellular non-membrane-bounded organelle"	GO:0043232;GO:0043228	2	LOC111130851	5.62711790275974
"intracellular non-membrane-bounded organelle"	GO:0043232;GO:0043228	2	LOC111105459	1.03162873087395
"intracellular non-membrane-bounded organelle"	GO:0043232;GO:0043228	2	LOC111102596	0.0498318220480436
"intracellular non-membrane-bounded organelle"	GO:0043232;GO:0043228	2	LOC111128317	-0.622496515463333
"intracellular non-membrane-bounded organelle"	GO:0043232;GO:0043228	2	LOC111121686	-0.109940275120044
"intracellular non-membrane-bounded organelle"	GO:0043232;GO:0043228	2	LOC111128364	3.13271346728142
"intracellular non-membrane-bounded organelle"	GO:0043232;GO:0043228	2	LOC111100612	0.0873794641654777
"intracellular non-membrane-bounded organelle"	GO:0043232;GO:0043228	2	LOC111131216	3.0227219817394
"intracellular non-membrane-bounded organelle"	GO:0043232;GO:0043228	2	LOC111119576	-0.48595990586586
"intracellular non-membrane-bounded organelle"	GO:0043232;GO:0043228	2	LOC111133147	-0.257472041417004
"intracellular non-membrane-bounded organelle"	GO:0043232;GO:0043228	2	LOC111101025	1.30607864818234
"intracellular non-membrane-bounded organelle"	GO:0043232;GO:0043228	2	LOC111131112	0.299200977044478
"intracellular non-membrane-bounded organelle"	GO:0043232;GO:0043228	2	LOC111118970	-0.815731078444318
"intracellular non-membrane-bounded organelle"	GO:0043232;GO:0043228	2	LOC111119594	-0.141800463137235
"intracellular non-membrane-bounded organelle"	GO:0043232;GO:0043228	2	LOC111101091	-0.0884245248208061
"intracellular non-membrane-bounded organelle"	GO:0043232;GO:0043228	2	LOC111121714	0.0962846513460594
"intracellular non-membrane-bounded organelle"	GO:0043232;GO:0043228	2	LOC111119560	0.211455966622566
"intracellular non-membrane-bounded organelle"	GO:0043232;GO:0043228	2	LOC111118678	-0.558906728668978
"intracellular non-membrane-bounded organelle"	GO:0043232;GO:0043228	2	LOC111115569	0.274056146618305
"intracellular non-membrane-bounded organelle"	GO:0043232;GO:0043228	2	LOC111130343	2.40383012894384
"intracellular non-membrane-bounded organelle"	GO:0043232;GO:0043228	2	LOC111136250	0.972224189906973
"intracellular non-membrane-bounded organelle"	GO:0043232;GO:0043228	2	LOC111104160	-0.350620290969674
"intracellular non-membrane-bounded organelle"	GO:0043232;GO:0043228	2	LOC111101549	-1.08194164879154
"intracellular non-membrane-bounded organelle"	GO:0043232;GO:0043228	2	LOC111121806	1.18513565395865
"intracellular non-membrane-bounded organelle"	GO:0043232;GO:0043228	2	LOC111113720	-0.366962935678578
"intracellular non-membrane-bounded organelle"	GO:0043232;GO:0043228	2	LOC111103560	1.91147742869042
"intracellular non-membrane-bounded organelle"	GO:0043232;GO:0043228	2	LOC111114842	-1.88108088592209
"intracellular non-membrane-bounded organelle"	GO:0043232;GO:0043228	2	LOC111121263	-4.98867861090594
"intracellular non-membrane-bounded organelle"	GO:0043232;GO:0043228	2	LOC111126828	-2.83811726019808
"intracellular non-membrane-bounded organelle"	GO:0043232;GO:0043228	2	LOC111113658	0.37291412960867
"intracellular non-membrane-bounded organelle"	GO:0043232;GO:0043228	2	LOC111101260	-0.315033742567763
"intracellular non-membrane-bounded organelle"	GO:0043232;GO:0043228	2	LOC111118767	-0.340365936628664
"intracellular non-membrane-bounded organelle"	GO:0043232;GO:0043228	2	LOC111119807	1.36275365862159
"intracellular non-membrane-bounded organelle"	GO:0043232;GO:0043228	2	LOC111135345	0.844498021106589
"intracellular non-membrane-bounded organelle"	GO:0043232;GO:0043228	2	LOC111137908	-0.176673202622162
"intracellular non-membrane-bounded organelle"	GO:0043232;GO:0043228	2	LOC111119695	1.37495412912114
"intracellular non-membrane-bounded organelle"	GO:0043232;GO:0043228	2	LOC111128838	0.0647987482100424
"intracellular non-membrane-bounded organelle"	GO:0043232;GO:0043228	2	LOC111120994	-3.54214119009879
"intracellular non-membrane-bounded organelle"	GO:0043232;GO:0043228	2	LOC111127274	0.157307921589188
"intracellular non-membrane-bounded organelle"	GO:0043232;GO:0043228	2	LOC111124958	1.18426361986127
"intracellular non-membrane-bounded organelle"	GO:0043232;GO:0043228	2	LOC111116137	-0.164682375322041
"intracellular non-membrane-bounded organelle"	GO:0043232;GO:0043228	2	LOC111107548	-1.38747897684838
"intracellular non-membrane-bounded organelle"	GO:0043232;GO:0043228	2	LOC111102779	0.811529780604521
"intracellular non-membrane-bounded organelle"	GO:0043232;GO:0043228	2	LOC111124711	1.29528409409297
"intracellular non-membrane-bounded organelle"	GO:0043232;GO:0043228	2	LOC111126659	0.213971613326359
"intracellular non-membrane-bounded organelle"	GO:0043232;GO:0043228	2	LOC111118300	-4.86964604454664
"intracellular non-membrane-bounded organelle"	GO:0043232;GO:0043228	2	LOC111137006	0.0804866169785605
"intracellular non-membrane-bounded organelle"	GO:0043232;GO:0043228	2	LOC111130939	0.394294690826798
"intracellular non-membrane-bounded organelle"	GO:0043232;GO:0043228	2	LOC111137679	-1.0782051080889
"intracellular non-membrane-bounded organelle"	GO:0043232;GO:0043228	2	LOC111119083	-1.11083883945521
"intracellular non-membrane-bounded organelle"	GO:0043232;GO:0043228	2	LOC111118761	0.818830541435823
"intracellular non-membrane-bounded organelle"	GO:0043232;GO:0043228	2	LOC111121685	-0.0348508600273549
"intracellular non-membrane-bounded organelle"	GO:0043232;GO:0043228	2	LOC111123242	-0.50870502393194
"intracellular non-membrane-bounded organelle"	GO:0043232;GO:0043228	2	LOC111136219	-1.17947453850015
"intracellular non-membrane-bounded organelle"	GO:0043232;GO:0043228	2	LOC111114783	-0.871565413571126
"intracellular non-membrane-bounded organelle"	GO:0043232;GO:0043228	2	LOC111129928	-7.48845137578634
"intracellular non-membrane-bounded organelle"	GO:0043232;GO:0043228	2	LOC111115132	-7.741904387387
"intracellular non-membrane-bounded organelle"	GO:0043232;GO:0043228	2	LOC111130397	1.60887503740092
"intracellular non-membrane-bounded organelle"	GO:0043232;GO:0043228	2	LOC111123114	0.666993322641781
"intracellular non-membrane-bounded organelle"	GO:0043232;GO:0043228	2	LOC111101424	2.73622981083463
"intracellular non-membrane-bounded organelle"	GO:0043232;GO:0043228	2	LOC111125868	-1.77441156902566
"intracellular non-membrane-bounded organelle"	GO:0043232;GO:0043228	2	LOC111129337	-0.414863289396689
"intracellular non-membrane-bounded organelle"	GO:0043232;GO:0043228	2	LOC111136890	-0.0594895912678376
"intracellular non-membrane-bounded organelle"	GO:0043232;GO:0043228	2	LOC111128022	1.29267138843849
"intracellular non-membrane-bounded organelle"	GO:0043232;GO:0043228	2	LOC111103517	-0.892097351371741
"intracellular non-membrane-bounded organelle"	GO:0043232;GO:0043228	2	LOC111100502	-0.183674428822268
"intracellular non-membrane-bounded organelle"	GO:0043232;GO:0043228	2	LOC111117972	-0.710086788094603
"intracellular non-membrane-bounded organelle"	GO:0043232;GO:0043228	2	LOC111105429	0.884534160919875
"intracellular non-membrane-bounded organelle"	GO:0043232;GO:0043228	2	LOC111107250	3.26006825934063
"intracellular non-membrane-bounded organelle"	GO:0043232;GO:0043228	2	LOC111100650	-0.304570273166172
"intracellular non-membrane-bounded organelle"	GO:0043232;GO:0043228	2	LOC111128694	2.12386826919141
"intracellular non-membrane-bounded organelle"	GO:0043232;GO:0043228	2	LOC111125059	-2.77886955187535
"intracellular non-membrane-bounded organelle"	GO:0043232;GO:0043228	2	LOC111102974	1.46339478045871
"intracellular non-membrane-bounded organelle"	GO:0043232;GO:0043228	2	LOC111133022	-0.218990501177166
"intracellular non-membrane-bounded organelle"	GO:0043232;GO:0043228	2	LOC111107338	-0.371249309911886
"intracellular non-membrane-bounded organelle"	GO:0043232;GO:0043228	2	LOC111100869	1.82765370464433
"intracellular non-membrane-bounded organelle"	GO:0043232;GO:0043228	2	LOC111118126	-2.30300302230069
"intracellular non-membrane-bounded organelle"	GO:0043232;GO:0043228	2	LOC111124911	0.815559961687434
"intracellular non-membrane-bounded organelle"	GO:0043232;GO:0043228	2	LOC111119444	0.691518000911678
"intracellular non-membrane-bounded organelle"	GO:0043232;GO:0043228	2	LOC111120856	1.28278355059626
"intracellular non-membrane-bounded organelle"	GO:0043232;GO:0043228	2	LOC111125240	-0.661755878005601
"intracellular non-membrane-bounded organelle"	GO:0043232;GO:0043228	2	LOC111115122	9.47850732611168
"intracellular non-membrane-bounded organelle"	GO:0043232;GO:0043228	2	LOC111134649	-1.16790726574147
"intracellular non-membrane-bounded organelle"	GO:0043232;GO:0043228	2	LOC111128950	-3.49281200930562
"intracellular non-membrane-bounded organelle"	GO:0043232;GO:0043228	2	LOC111119909	0.283708021988501
"intracellular non-membrane-bounded organelle"	GO:0043232;GO:0043228	2	LOC111121352	0.169035129658353
"intracellular non-membrane-bounded organelle"	GO:0043232;GO:0043228	2	LOC111123434	1.66222323857365
"intracellular non-membrane-bounded organelle"	GO:0043232;GO:0043228	2	LOC111130568	0.665974432138674
"intracellular non-membrane-bounded organelle"	GO:0043232;GO:0043228	2	LOC111126926	-0.403685104165992
"intracellular non-membrane-bounded organelle"	GO:0043232;GO:0043228	2	LOC111105834	-0.250607749491555
"intracellular non-membrane-bounded organelle"	GO:0043232;GO:0043228	2	LOC111118766	-5.11753885736318
"intracellular non-membrane-bounded organelle"	GO:0043232;GO:0043228	2	LOC111128085	-8.88102981633725
"intracellular non-membrane-bounded organelle"	GO:0043232;GO:0043228	2	LOC111118069	-0.812890385899247
"intracellular non-membrane-bounded organelle"	GO:0043232;GO:0043228	2	LOC111124707	0.666965134300502
"intracellular non-membrane-bounded organelle"	GO:0043232;GO:0043228	2	LOC111131637	0.0730232592548523
"intracellular non-membrane-bounded organelle"	GO:0043232;GO:0043228	2	LOC111137730	-0.0217253737354277
"intracellular non-membrane-bounded organelle"	GO:0043232;GO:0043228	2	LOC111136522	3.18767208427728
"intracellular non-membrane-bounded organelle"	GO:0043232;GO:0043228	2	LOC111118576	-0.774092744223167
"intracellular non-membrane-bounded organelle"	GO:0043232;GO:0043228	2	LOC111105213	-1.79796287887675
"intracellular non-membrane-bounded organelle"	GO:0043232;GO:0043228	2	LOC111123147	2.00391394612071
"intracellular non-membrane-bounded organelle"	GO:0043232;GO:0043228	2	LOC111122653	0.898991972823269
"intracellular non-membrane-bounded organelle"	GO:0043232;GO:0043228	2	LOC111126614	-0.43197604992421
"intracellular non-membrane-bounded organelle"	GO:0043232;GO:0043228	2	LOC111112048	4.97523435556135
"intracellular non-membrane-bounded organelle"	GO:0043232;GO:0043228	2	LOC111122069	0.227229461678686
"intracellular non-membrane-bounded organelle"	GO:0043232;GO:0043228	2	LOC111130985	-0.242719512009073
"intracellular non-membrane-bounded organelle"	GO:0043232;GO:0043228	2	LOC111120067	-3.92044552683162
"intracellular non-membrane-bounded organelle"	GO:0043232;GO:0043228	2	LOC111121592	-0.165404524059597
"intracellular non-membrane-bounded organelle"	GO:0043232;GO:0043228	2	LOC111118045	-0.255300308422338
"intracellular non-membrane-bounded organelle"	GO:0043232;GO:0043228	2	LOC111138125	-0.402141104695692
"intracellular non-membrane-bounded organelle"	GO:0043232;GO:0043228	2	LOC111118537	-0.332457455113189
"intracellular non-membrane-bounded organelle"	GO:0043232;GO:0043228	2	LOC111133922	0.0089368587303804
"intracellular non-membrane-bounded organelle"	GO:0043232;GO:0043228	2	LOC111101550	-0.8071929062733
"intracellular non-membrane-bounded organelle"	GO:0043232;GO:0043228	2	LOC111133074	-0.268509186982885
"intracellular non-membrane-bounded organelle"	GO:0043232;GO:0043228	2	LOC111104575	0.00779369227839374
"intracellular non-membrane-bounded organelle"	GO:0043232;GO:0043228	2	LOC111125871	0.29504787393233
"intracellular non-membrane-bounded organelle"	GO:0043232;GO:0043228	2	LOC111120722	2.55749113196457
"intracellular non-membrane-bounded organelle"	GO:0043232;GO:0043228	2	LOC111106223	-1.83807258285258
"intracellular non-membrane-bounded organelle"	GO:0043232;GO:0043228	2	LOC111125291	2.11266316437625
"intracellular non-membrane-bounded organelle"	GO:0043232;GO:0043228	2	LOC111123493	-2.20117013633775
"intracellular non-membrane-bounded organelle"	GO:0043232;GO:0043228	2	LOC111113331	0.038728338597155
"intracellular non-membrane-bounded organelle"	GO:0043232;GO:0043228	2	LOC111121601	0.392466483230373
"intracellular non-membrane-bounded organelle"	GO:0043232;GO:0043228	2	LOC111125548	-6.79610270730501
"intracellular non-membrane-bounded organelle"	GO:0043232;GO:0043228	2	LOC111118510	-0.953429045467615
"intracellular non-membrane-bounded organelle"	GO:0043232;GO:0043228	2	LOC111112024	-0.444480635956071
"intracellular non-membrane-bounded organelle"	GO:0043232;GO:0043228	2	LOC111109171	-0.690768203258556
"intracellular non-membrane-bounded organelle"	GO:0043232;GO:0043228	2	LOC111121688	0.112599519532862
"intracellular non-membrane-bounded organelle"	GO:0043232;GO:0043228	2	LOC111107333	2.01118832234659
"intracellular non-membrane-bounded organelle"	GO:0043232;GO:0043228	2	LOC111108413	-1.7327946861212
"intracellular non-membrane-bounded organelle"	GO:0043232;GO:0043228	2	LOC111115333	-3.5565124589639
"intracellular non-membrane-bounded organelle"	GO:0043232;GO:0043228	2	LOC111121425	-0.127725491107161
"intracellular non-membrane-bounded organelle"	GO:0043232;GO:0043228	2	LOC111135726	-0.158009599245181
"intracellular non-membrane-bounded organelle"	GO:0043232;GO:0043228	2	LOC111113447	0.503437771486061
"intracellular non-membrane-bounded organelle"	GO:0043232;GO:0043228	2	LOC111130184	0.367208300509754
"intracellular non-membrane-bounded organelle"	GO:0043232;GO:0043228	2	LOC111134622	0.26921425593858
"intracellular non-membrane-bounded organelle"	GO:0043232;GO:0043228	2	LOC111129078	1.01367665554291
"intracellular non-membrane-bounded organelle"	GO:0043232;GO:0043228	2	LOC111118049	-0.0617185991909833
"intracellular non-membrane-bounded organelle"	GO:0043232;GO:0043228	2	LOC111126582	0.743441756276898
"intracellular non-membrane-bounded organelle"	GO:0043232;GO:0043228	2	LOC111123203	-1.19874980644325
"intracellular non-membrane-bounded organelle"	GO:0043232;GO:0043228	2	LOC111110554	0.136109765280722
"intracellular non-membrane-bounded organelle"	GO:0043232;GO:0043228	2	LOC111127906	0.676569767313302
"intracellular non-membrane-bounded organelle"	GO:0043232;GO:0043228	2	LOC111130940	-1.71794927828527
"intracellular non-membrane-bounded organelle"	GO:0043232;GO:0043228	2	LOC111130094	0.111854328041785
"intracellular non-membrane-bounded organelle"	GO:0043232;GO:0043228	2	LOC111126281	1.14395744626259
"intracellular non-membrane-bounded organelle"	GO:0043232;GO:0043228	2	LOC111132966	1.6194502853945
"intracellular non-membrane-bounded organelle"	GO:0043232;GO:0043228	2	LOC111118770	-0.0917869614086401
"intracellular non-membrane-bounded organelle"	GO:0043232;GO:0043228	2	LOC111137903	1.37298527544475
"intracellular non-membrane-bounded organelle"	GO:0043232;GO:0043228	2	LOC111119586	-5.90181834907052
"intracellular non-membrane-bounded organelle"	GO:0043232;GO:0043228	2	LOC111123963	1.98553304163257
"intracellular non-membrane-bounded organelle"	GO:0043232;GO:0043228	2	LOC111112947	0.63258376654047
"intracellular non-membrane-bounded organelle"	GO:0043232;GO:0043228	2	LOC111123093	0.948553111564482
"intracellular non-membrane-bounded organelle"	GO:0043232;GO:0043228	2	LOC111127354	0.909060338976913
"intracellular non-membrane-bounded organelle"	GO:0043232;GO:0043228	2	LOC111103394	-0.385840859938663
"intracellular non-membrane-bounded organelle"	GO:0043232;GO:0043228	2	LOC111134890	0.144336818412511
"intracellular non-membrane-bounded organelle"	GO:0043232;GO:0043228	2	LOC111118536	0.130528637387912
"intracellular non-membrane-bounded organelle"	GO:0043232;GO:0043228	2	LOC111131049	-0.287728782823124
"intracellular non-membrane-bounded organelle"	GO:0043232;GO:0043228	2	LOC111124016	4.97935744174552
"intracellular non-membrane-bounded organelle"	GO:0043232;GO:0043228	2	LOC111131638	-0.870372697235646
"intracellular non-membrane-bounded organelle"	GO:0043232;GO:0043228	2	LOC111118291	0.426164267770552
"intracellular non-membrane-bounded organelle"	GO:0043232;GO:0043228	2	LOC111131555	0.263750355996581
"intracellular non-membrane-bounded organelle"	GO:0043232;GO:0043228	2	LOC111134635	0.669330105481069
"intracellular non-membrane-bounded organelle"	GO:0043232;GO:0043228	2	LOC111104114	0.967099491132539
"intracellular non-membrane-bounded organelle"	GO:0043232;GO:0043228	2	LOC111118760	1.34525030908367
"intracellular non-membrane-bounded organelle"	GO:0043232;GO:0043228	2	LOC111103220	-2.80144705830901
"intracellular non-membrane-bounded organelle"	GO:0043232;GO:0043228	2	LOC111115597	-0.936527697314189
"intracellular non-membrane-bounded organelle"	GO:0043232;GO:0043228	2	LOC111120769	-0.0233064909367063
"intracellular non-membrane-bounded organelle"	GO:0043232;GO:0043228	2	LOC111136917	-0.202596077909546
"intracellular non-membrane-bounded organelle"	GO:0043232;GO:0043228	2	LOC111117002	-0.495432043777759
"intracellular non-membrane-bounded organelle"	GO:0043232;GO:0043228	2	LOC111114089	-0.209252787819021
"intracellular non-membrane-bounded organelle"	GO:0043232;GO:0043228	2	LOC111102380	0.0874827481083663
"intracellular non-membrane-bounded organelle"	GO:0043232;GO:0043228	2	LOC111131009	0.535159159835013
"intracellular non-membrane-bounded organelle"	GO:0043232;GO:0043228	2	LOC111111571	-0.586254582575028
"intracellular non-membrane-bounded organelle"	GO:0043232;GO:0043228	2	LOC111109885	-0.304878121849873
"intracellular non-membrane-bounded organelle"	GO:0043232;GO:0043228	2	LOC111137692	-0.0245384753277456
"intracellular non-membrane-bounded organelle"	GO:0043232;GO:0043228	2	LOC111100645	-0.731812090094259
"intracellular non-membrane-bounded organelle"	GO:0043232;GO:0043228	2	LOC111138395	0.195202895762199
"intracellular non-membrane-bounded organelle"	GO:0043232;GO:0043228	2	LOC111125485	-1.13626561030113
"intracellular non-membrane-bounded organelle"	GO:0043232;GO:0043228	2	LOC111128042	2.63105400979157
"intracellular non-membrane-bounded organelle"	GO:0043232;GO:0043228	2	LOC111103497	4.72934425760043
"intracellular non-membrane-bounded organelle"	GO:0043232;GO:0043228	2	LOC111138196	0.202015545709038
"intracellular non-membrane-bounded organelle"	GO:0043232;GO:0043228	2	LOC111136579	0.551093488361715
"intracellular non-membrane-bounded organelle"	GO:0043232;GO:0043228	2	LOC111103170	-0.330540068427735
"intracellular non-membrane-bounded organelle"	GO:0043232;GO:0043228	2	LOC111119248	-0.419618383155829
"intracellular non-membrane-bounded organelle"	GO:0043232;GO:0043228	2	LOC111122426	0.267668381462859
"intracellular non-membrane-bounded organelle"	GO:0043232;GO:0043228	2	LOC111122527	-3.26961370451136
"intracellular non-membrane-bounded organelle"	GO:0043232;GO:0043228	2	LOC111103789	-0.448066073535382
"intracellular non-membrane-bounded organelle"	GO:0043232;GO:0043228	2	LOC111129339	-0.192391249458088
"intracellular non-membrane-bounded organelle"	GO:0043232;GO:0043228	2	LOC111130867	-0.988170694251641
"intracellular non-membrane-bounded organelle"	GO:0043232;GO:0043228	2	LOC111130324	1.70095573603791
"intracellular non-membrane-bounded organelle"	GO:0043232;GO:0043228	2	LOC111136666	-0.0520706542098134
"intracellular non-membrane-bounded organelle"	GO:0043232;GO:0043228	2	LOC111123188	-1.48786349143029
"intracellular non-membrane-bounded organelle"	GO:0043232;GO:0043228	2	LOC111136646	0.757519827804953
"intracellular non-membrane-bounded organelle"	GO:0043232;GO:0043228	2	LOC111119359	-1.48959374017994
"intracellular non-membrane-bounded organelle"	GO:0043232;GO:0043228	2	LOC111105716	-0.172529754222272
"intracellular non-membrane-bounded organelle"	GO:0043232;GO:0043228	2	LOC111136545	0.49802423564788
"intracellular non-membrane-bounded organelle"	GO:0043232;GO:0043228	2	LOC111107103	-0.560148555233141
"intracellular non-membrane-bounded organelle"	GO:0043232;GO:0043228	2	LOC111138370	0.968678715439707
"intracellular non-membrane-bounded organelle"	GO:0043232;GO:0043228	2	LOC111112663	0.324162663771854
"intracellular non-membrane-bounded organelle"	GO:0043232;GO:0043228	2	LOC111104252	0.981620999618136
"intracellular non-membrane-bounded organelle"	GO:0043232;GO:0043228	2	LOC111133190	2.70127794340046
"intracellular non-membrane-bounded organelle"	GO:0043232;GO:0043228	2	LOC111099754	-0.0343406513228492
"intracellular non-membrane-bounded organelle"	GO:0043232;GO:0043228	2	LOC111128432	0.462318271356875
"intracellular non-membrane-bounded organelle"	GO:0043232;GO:0043228	2	LOC111134686	1.23844844018351
"intracellular non-membrane-bounded organelle"	GO:0043232;GO:0043228	2	LOC111135789	-1.29499544404946
"intracellular non-membrane-bounded organelle"	GO:0043232;GO:0043228	2	LOC111121695	0.170636567058486
"intracellular non-membrane-bounded organelle"	GO:0043232;GO:0043228	2	LOC111118763	-0.859498205898634
"intracellular non-membrane-bounded organelle"	GO:0043232;GO:0043228	2	LOC111129880	-1.50703061817667
"intracellular non-membrane-bounded organelle"	GO:0043232;GO:0043228	2	LOC111131333	-0.490443719253777
"intracellular non-membrane-bounded organelle"	GO:0043232;GO:0043228	2	LOC111124710	-0.70776554133903
"intracellular non-membrane-bounded organelle"	GO:0043232;GO:0043228	2	LOC111109994	-0.533196891022259
"intracellular non-membrane-bounded organelle"	GO:0043232;GO:0043228	2	LOC111115985	-1.63903081648221
"intracellular non-membrane-bounded organelle"	GO:0043232;GO:0043228	2	LOC111120991	0.936319108095983
"intracellular non-membrane-bounded organelle"	GO:0043232;GO:0043228	2	LOC111132815	4.1209533986074
"intracellular non-membrane-bounded organelle"	GO:0043232;GO:0043228	2	LOC111128024	1.0452046874908
"intracellular non-membrane-bounded organelle"	GO:0043232;GO:0043228	2	LOC111135650	-0.561225231520491
"intracellular non-membrane-bounded organelle"	GO:0043232;GO:0043228	2	LOC111118916	0.499169291802422
"intracellular non-membrane-bounded organelle"	GO:0043232;GO:0043228	2	LOC111119173	-2.11345644971482
"intracellular non-membrane-bounded organelle"	GO:0043232;GO:0043228	2	LOC111108088	-0.304124992320631
"intracellular non-membrane-bounded organelle"	GO:0043232;GO:0043228	2	LOC111134329	2.0487921071074
"intracellular non-membrane-bounded organelle"	GO:0043232;GO:0043228	2	LOC111135545	1.92104337328359
"intracellular non-membrane-bounded organelle"	GO:0043232;GO:0043228	2	LOC111136789	-0.463230797108031
"intracellular non-membrane-bounded organelle"	GO:0043232;GO:0043228	2	LOC111114610	-0.884798906743832
"intracellular non-membrane-bounded organelle"	GO:0043232;GO:0043228	2	LOC111112845	0.936461782972355
"intracellular non-membrane-bounded organelle"	GO:0043232;GO:0043228	2	LOC111124801	0.359444677708408
"intracellular non-membrane-bounded organelle"	GO:0043232;GO:0043228	2	LOC111116030	0.375945562918278
"intracellular non-membrane-bounded organelle"	GO:0043232;GO:0043228	2	LOC111118496	1.22020178256854
"intracellular non-membrane-bounded organelle"	GO:0043232;GO:0043228	2	LOC111119745	-6.35871523001602
"intracellular non-membrane-bounded organelle"	GO:0043232;GO:0043228	2	LOC111120557	-0.497960508428614
"intracellular non-membrane-bounded organelle"	GO:0043232;GO:0043228	2	LOC111113417	-1.45962498957003
"intracellular non-membrane-bounded organelle"	GO:0043232;GO:0043228	2	LOC111130625	-1.4481319783059
"intracellular non-membrane-bounded organelle"	GO:0043232;GO:0043228	2	LOC111137076	0.304740910489573
"intracellular non-membrane-bounded organelle"	GO:0043232;GO:0043228	2	LOC111136749	-0.223566156054483
"intracellular non-membrane-bounded organelle"	GO:0043232;GO:0043228	2	LOC111120056	1.35748467832511
"intracellular non-membrane-bounded organelle"	GO:0043232;GO:0043228	2	LOC111119660	0.552511467196258
"intracellular non-membrane-bounded organelle"	GO:0043232;GO:0043228	2	LOC111121925	0.0863151493214677
"intracellular non-membrane-bounded organelle"	GO:0043232;GO:0043228	2	LOC111126883	-3.38615865407124
"intracellular non-membrane-bounded organelle"	GO:0043232;GO:0043228	2	LOC111138369	0.0649643566335474
"intracellular non-membrane-bounded organelle"	GO:0043232;GO:0043228	2	LOC111132123	0.232899689843488
"intracellular non-membrane-bounded organelle"	GO:0043232;GO:0043228	2	LOC111133594	-0.723900882134446
"intracellular non-membrane-bounded organelle"	GO:0043232;GO:0043228	2	LOC111133143	0.363349980770224
"intracellular non-membrane-bounded organelle"	GO:0043232;GO:0043228	2	LOC111110660	-1.54052742511848
"intracellular non-membrane-bounded organelle"	GO:0043232;GO:0043228	2	LOC111130538	0.807527068698543
"intracellular non-membrane-bounded organelle"	GO:0043232;GO:0043228	2	LOC111100760	-0.243206082217881
"intracellular non-membrane-bounded organelle"	GO:0043232;GO:0043228	2	LOC111124595	-0.0483665905295826
"intracellular non-membrane-bounded organelle"	GO:0043232;GO:0043228	2	LOC111127652	0.938543760999715
"intracellular non-membrane-bounded organelle"	GO:0043232;GO:0043228	2	LOC111120976	7.2591489600992
"intracellular non-membrane-bounded organelle"	GO:0043232;GO:0043228	2	LOC111104044	-0.700606877295206
"intracellular non-membrane-bounded organelle"	GO:0043232;GO:0043228	2	LOC111128580	-1.30073166943493
"intracellular non-membrane-bounded organelle"	GO:0043232;GO:0043228	2	LOC111124938	0.0289859532085716
"intracellular non-membrane-bounded organelle"	GO:0043232;GO:0043228	2	LOC111117997	-0.226354538923095
"intracellular non-membrane-bounded organelle"	GO:0043232;GO:0043228	2	LOC111138334	-0.3758626384586
"intracellular non-membrane-bounded organelle"	GO:0043232;GO:0043228	2	LOC111106468	-2.64900642875629
"intracellular non-membrane-bounded organelle"	GO:0043232;GO:0043228	2	LOC111128159	-0.523408870721652
"intracellular non-membrane-bounded organelle"	GO:0043232;GO:0043228	2	LOC111133477	0.676429251515799
"intracellular non-membrane-bounded organelle"	GO:0043232;GO:0043228	2	LOC111118527	0.145610988439466
"intracellular non-membrane-bounded organelle"	GO:0043232;GO:0043228	2	LOC111120956	-0.260474015856478
"intracellular non-membrane-bounded organelle"	GO:0043232;GO:0043228	2	LOC111100260	-0.440762071827328
"intracellular non-membrane-bounded organelle"	GO:0043232;GO:0043228	2	LOC111119123	0.579711938504471
"intracellular non-membrane-bounded organelle"	GO:0043232;GO:0043228	2	LOC111121020	0.986404845696435
"intracellular non-membrane-bounded organelle"	GO:0043232;GO:0043228	2	LOC111123415	0.329906575939974
"intracellular non-membrane-bounded organelle"	GO:0043232;GO:0043228	2	LOC111111194	-0.443573151690291
"intracellular non-membrane-bounded organelle"	GO:0043232;GO:0043228	2	LOC111134732	0.842917863361087
"intracellular non-membrane-bounded organelle"	GO:0043232;GO:0043228	2	LOC111124265	0.00415753186020825
"intracellular non-membrane-bounded organelle"	GO:0043232;GO:0043228	2	LOC111118348	0.109108485359727
"intracellular non-membrane-bounded organelle"	GO:0043232;GO:0043228	2	LOC111132799	-0.230328587450828
"intracellular non-membrane-bounded organelle"	GO:0043232;GO:0043228	2	LOC111101884	-0.716849659839486
"intracellular non-membrane-bounded organelle"	GO:0043232;GO:0043228	2	LOC111112126	-0.4661988821317
"intracellular non-membrane-bounded organelle"	GO:0043232;GO:0043228	2	LOC111138081	-0.165544011323742
"intracellular non-membrane-bounded organelle"	GO:0043232;GO:0043228	2	LOC111134572	1.49770001812252
"intracellular non-membrane-bounded organelle"	GO:0043232;GO:0043228	2	LOC111135849	-2.73367062111266
"intracellular non-membrane-bounded organelle"	GO:0043232;GO:0043228	2	LOC111118762	1.37289700636435
"intracellular non-membrane-bounded organelle"	GO:0043232;GO:0043228	2	LOC111132903	-1.13273388416528
"intracellular non-membrane-bounded organelle"	GO:0043232;GO:0043228	2	LOC111112642	1.80452521513003
"intracellular non-membrane-bounded organelle"	GO:0043232;GO:0043228	2	LOC111121810	-0.154762195292625
"intracellular non-membrane-bounded organelle"	GO:0043232;GO:0043228	2	LOC111115046	-0.179695232253559
"intracellular non-membrane-bounded organelle"	GO:0043232;GO:0043228	2	LOC111131413	1.97159664323748
"intracellular non-membrane-bounded organelle"	GO:0043232;GO:0043228	2	LOC111118104	-1.0840925551866
"intracellular non-membrane-bounded organelle"	GO:0043232;GO:0043228	2	LOC111105806	1.49505148389255
"intracellular non-membrane-bounded organelle"	GO:0043232;GO:0043228	2	LOC111119453	-0.173868350372515
"intracellular non-membrane-bounded organelle"	GO:0043232;GO:0043228	2	LOC111137056	0.186165373837966
"intracellular non-membrane-bounded organelle"	GO:0043232;GO:0043228	2	LOC111131487	15.232128722287
"intracellular non-membrane-bounded organelle"	GO:0043232;GO:0043228	2	LOC111128885	-1.38591487721149
"intracellular non-membrane-bounded organelle"	GO:0043232;GO:0043228	2	LOC111100667	0.640070713369103
"intracellular non-membrane-bounded organelle"	GO:0043232;GO:0043228	2	LOC111108477	0.326968038102307
"intracellular non-membrane-bounded organelle"	GO:0043232;GO:0043228	2	LOC111130502	-0.869344286752118
"intracellular non-membrane-bounded organelle"	GO:0043232;GO:0043228	2	LOC111124577	3.16133847025336
"intracellular non-membrane-bounded organelle"	GO:0043232;GO:0043228	2	LOC111133045	0.241377926298262
"intracellular non-membrane-bounded organelle"	GO:0043232;GO:0043228	2	LOC111129656	0.0498287466249692
"intracellular non-membrane-bounded organelle"	GO:0043232;GO:0043228	2	LOC111125479	0.596173623305284
"intracellular non-membrane-bounded organelle"	GO:0043232;GO:0043228	2	LOC111130661	0.625948961847075
"intracellular non-membrane-bounded organelle"	GO:0043232;GO:0043228	2	LOC111120989	0.347355366478256
"intracellular non-membrane-bounded organelle"	GO:0043232;GO:0043228	2	LOC111135421	-1.43130218537084
"intracellular non-membrane-bounded organelle"	GO:0043232;GO:0043228	2	LOC111110033	2.06739156617161
"intracellular non-membrane-bounded organelle"	GO:0043232;GO:0043228	2	LOC111113098	-4.44012144338814
"intracellular non-membrane-bounded organelle"	GO:0043232;GO:0043228	2	LOC111118340	-0.149666531342276
"intracellular non-membrane-bounded organelle"	GO:0043232;GO:0043228	2	LOC111119382	2.13482778422369
"intracellular non-membrane-bounded organelle"	GO:0043232;GO:0043228	2	LOC111127437	0.0400610865035243
"intracellular non-membrane-bounded organelle"	GO:0043232;GO:0043228	2	LOC111134803	-0.34017013970754
"intracellular non-membrane-bounded organelle"	GO:0043232;GO:0043228	2	LOC111100042	0.27317007495694
"intracellular non-membrane-bounded organelle"	GO:0043232;GO:0043228	2	LOC111099053	1.08070534112217
"intracellular non-membrane-bounded organelle"	GO:0043232;GO:0043228	2	LOC111136991	-0.643218793359433
"intracellular non-membrane-bounded organelle"	GO:0043232;GO:0043228	2	LOC111104153	0.0625143178950343
"intracellular non-membrane-bounded organelle"	GO:0043232;GO:0043228	2	LOC111128318	-0.526585401930277
"intracellular non-membrane-bounded organelle"	GO:0043232;GO:0043228	2	LOC111138046	-0.574917822351732
"intracellular non-membrane-bounded organelle"	GO:0043232;GO:0043228	2	LOC111121690	5.62202534438467
"intracellular non-membrane-bounded organelle"	GO:0043232;GO:0043228	2	LOC111103623	0.0346933906898699
"intracellular non-membrane-bounded organelle"	GO:0043232;GO:0043228	2	LOC111108639	0.546051176628295
"intracellular non-membrane-bounded organelle"	GO:0043232;GO:0043228	2	LOC111121809	0.63870892245022
"intracellular non-membrane-bounded organelle"	GO:0043232;GO:0043228	2	LOC111118765	-0.774751053065673
"intracellular non-membrane-bounded organelle"	GO:0043232;GO:0043228	2	LOC111124621	1.0809314208175
"intracellular non-membrane-bounded organelle"	GO:0043232;GO:0043228	2	LOC111118772	-0.938514486553413
"intracellular non-membrane-bounded organelle"	GO:0043232;GO:0043228	2	LOC111099548	-4.34693795551803
"intracellular non-membrane-bounded organelle"	GO:0043232;GO:0043228	2	LOC111101228	2.35851772655079
"intracellular non-membrane-bounded organelle"	GO:0043232;GO:0043228	2	LOC111111438	-0.754583784692256
"intracellular non-membrane-bounded organelle"	GO:0043232;GO:0043228	2	LOC111121303	-0.239362948172757
"intracellular non-membrane-bounded organelle"	GO:0043232;GO:0043228	2	LOC111105316	0.397923509192974
"intracellular non-membrane-bounded organelle"	GO:0043232;GO:0043228	2	LOC111118359	-0.0336523601732884
"intracellular non-membrane-bounded organelle"	GO:0043232;GO:0043228	2	LOC111134768	0.880337525627091
"intracellular non-membrane-bounded organelle"	GO:0043232;GO:0043228	2	LOC111126317	0.0497817218172624
"intracellular non-membrane-bounded organelle"	GO:0043232;GO:0043228	2	LOC111129145	1.39782900094504
"intracellular non-membrane-bounded organelle"	GO:0043232;GO:0043228	2	LOC111103991	0.314812820111688
"intracellular non-membrane-bounded organelle"	GO:0043232;GO:0043228	2	LOC111111058	-0.592972814060476
"intracellular non-membrane-bounded organelle"	GO:0043232;GO:0043228	2	LOC111136867	0.272878757313027
"intracellular non-membrane-bounded organelle"	GO:0043232;GO:0043228	2	LOC111124264	-0.0753500734323141
"intracellular non-membrane-bounded organelle"	GO:0043232;GO:0043228	2	LOC111136247	-0.0356614604956025
"intracellular non-membrane-bounded organelle"	GO:0043232;GO:0043228	2	LOC111126648	-2.58326267276192
"intracellular non-membrane-bounded organelle"	GO:0043232;GO:0043228	2	LOC111121804	1.9445937927449
"intracellular non-membrane-bounded organelle"	GO:0043232;GO:0043228	2	LOC111121184	0.613153957738347
"intracellular non-membrane-bounded organelle"	GO:0043232;GO:0043228	2	LOC111134808	0.270667349586952
"intracellular non-membrane-bounded organelle"	GO:0043232;GO:0043228	2	LOC111121252	0.636588471128753
"intracellular non-membrane-bounded organelle"	GO:0043232;GO:0043228	2	LOC111124684	-0.480875542164719
"intracellular non-membrane-bounded organelle"	GO:0043232;GO:0043228	2	LOC111130279	1.12946246139209
"intracellular non-membrane-bounded organelle"	GO:0043232;GO:0043228	2	LOC111120981	-0.111835837296627
"intracellular non-membrane-bounded organelle"	GO:0043232;GO:0043228	2	LOC111137963	0.300377089306872
"intracellular non-membrane-bounded organelle"	GO:0043232;GO:0043228	2	LOC111114718	-0.233950802066088
"intracellular non-membrane-bounded organelle"	GO:0043232;GO:0043228	2	LOC111102125	0.170965960013312
"intracellular non-membrane-bounded organelle"	GO:0043232;GO:0043228	2	LOC111106158	-0.126370275399097
"intracellular non-membrane-bounded organelle"	GO:0043232;GO:0043228	2	LOC111125562	-0.501253950348118
"intracellular non-membrane-bounded organelle"	GO:0043232;GO:0043228	2	LOC111118026	-3.828359963654
"intracellular non-membrane-bounded organelle"	GO:0043232;GO:0043228	2	LOC111135651	0.50210464960097
"intracellular non-membrane-bounded organelle"	GO:0043232;GO:0043228	2	LOC111106383	-0.356747965941924
"intracellular non-membrane-bounded organelle"	GO:0043232;GO:0043228	2	LOC111130322	-0.214701701026798
"intracellular non-membrane-bounded organelle"	GO:0043232;GO:0043228	2	LOC111133827	0.514724169462796
"intracellular non-membrane-bounded organelle"	GO:0043232;GO:0043228	2	LOC111125413	-3.15977174726829
"intracellular non-membrane-bounded organelle"	GO:0043232;GO:0043228	2	LOC111136106	0.753472975470985
"intracellular non-membrane-bounded organelle"	GO:0043232;GO:0043228	2	LOC111107427	-2.3676397919557
"intracellular non-membrane-bounded organelle"	GO:0043232;GO:0043228	2	LOC111108659	-0.380646841643928
"intracellular non-membrane-bounded organelle"	GO:0043232;GO:0043228	2	LOC111128646	0.00975607728477371
"intracellular non-membrane-bounded organelle"	GO:0043232;GO:0043228	2	LOC111119449	2.50339374468955
"intracellular non-membrane-bounded organelle"	GO:0043232;GO:0043228	2	LOC111126128	0.485663759338164
"intracellular non-membrane-bounded organelle"	GO:0043232;GO:0043228	2	LOC111124252	-0.170329411978664
"intracellular non-membrane-bounded organelle"	GO:0043232;GO:0043228	2	LOC111126389	0.0697851056368394
"intracellular non-membrane-bounded organelle"	GO:0043232;GO:0043228	2	LOC111133229	-2.40000409701483
"intracellular non-membrane-bounded organelle"	GO:0043232;GO:0043228	2	LOC111134891	1.19074038671041
"intracellular non-membrane-bounded organelle"	GO:0043232;GO:0043228	2	LOC111119826	0.837918231392742
"intracellular non-membrane-bounded organelle"	GO:0043232;GO:0043228	2	LOC111134000	0.875992060289837
"intracellular non-membrane-bounded organelle"	GO:0043232;GO:0043228	2	LOC111104383	-0.858247250246783
"intracellular non-membrane-bounded organelle"	GO:0043232;GO:0043228	2	LOC111118029	0.142021332898043
"intracellular non-membrane-bounded organelle"	GO:0043232;GO:0043228	2	LOC111129242	0.935771215295255
"intracellular non-membrane-bounded organelle"	GO:0043232;GO:0043228	2	LOC111131719	0.303963574976623
"intracellular non-membrane-bounded organelle"	GO:0043232;GO:0043228	2	LOC111135733	-0.0241998677019991
"intracellular non-membrane-bounded organelle"	GO:0043232;GO:0043228	2	LOC111121805	0.0942831715183172
"intracellular non-membrane-bounded organelle"	GO:0043232;GO:0043228	2	LOC111125796	0.567032989626441
"intracellular non-membrane-bounded organelle"	GO:0043232;GO:0043228	2	LOC111130186	-5.80154652969481
"intracellular non-membrane-bounded organelle"	GO:0043232;GO:0043228	2	LOC111103115	0.581922755144927
"intracellular non-membrane-bounded organelle"	GO:0043232;GO:0043228	2	LOC111126134	-0.648540290793362
"intracellular non-membrane-bounded organelle"	GO:0043232;GO:0043228	2	LOC111137486	-0.820274252571975
"intracellular non-membrane-bounded organelle"	GO:0043232;GO:0043228	2	LOC111103866	-0.143513914950179
"intracellular non-membrane-bounded organelle"	GO:0043232;GO:0043228	2	LOC111136660	-3.56372360530457
"intracellular non-membrane-bounded organelle"	GO:0043232;GO:0043228	2	LOC111130048	-0.892268057244563
"intracellular non-membrane-bounded organelle"	GO:0043232;GO:0043228	2	LOC111130641	1.56105325878294
"intracellular non-membrane-bounded organelle"	GO:0043232;GO:0043228	2	LOC111113134	-0.778840018027985
"intracellular non-membrane-bounded organelle"	GO:0043232;GO:0043228	2	LOC111130323	0.224583840007655
"intracellular non-membrane-bounded organelle"	GO:0043232;GO:0043228	2	LOC111122636	-1.19002093183553
"intracellular non-membrane-bounded organelle"	GO:0043232;GO:0043228	2	LOC111129487	-0.58457776659162
"intracellular non-membrane-bounded organelle"	GO:0043232;GO:0043228	2	LOC111128818	0.274567553253765
"intracellular non-membrane-bounded organelle"	GO:0043232;GO:0043228	2	LOC111100708	0.363480260073
"intracellular non-membrane-bounded organelle"	GO:0043232;GO:0043228	2	LOC111122435	-0.127418808596879
"intracellular non-membrane-bounded organelle"	GO:0043232;GO:0043228	2	LOC111104266	-0.182410597920502
"intracellular non-membrane-bounded organelle"	GO:0043232;GO:0043228	2	LOC111101193	1.08683184951165
"intracellular non-membrane-bounded organelle"	GO:0043232;GO:0043228	2	LOC111136397	0.999717166572561
"intracellular non-membrane-bounded organelle"	GO:0043232;GO:0043228	2	LOC111129146	-1.42041726954215
"intracellular non-membrane-bounded organelle"	GO:0043232;GO:0043228	2	LOC111123852	-1.68459430238259
"intracellular non-membrane-bounded organelle"	GO:0043232;GO:0043228	2	LOC111136762	0.976155718224417
"intracellular non-membrane-bounded organelle"	GO:0043232;GO:0043228	2	LOC111126406	-0.17719061751919
"intracellular non-membrane-bounded organelle"	GO:0043232;GO:0043228	2	LOC111116302	0.0497939067391947
"intracellular non-membrane-bounded organelle"	GO:0043232;GO:0043228	2	LOC111121848	1.51282215153315
"intracellular non-membrane-bounded organelle"	GO:0043232;GO:0043228	2	LOC111102132	1.374587069231
"intracellular non-membrane-bounded organelle"	GO:0043232;GO:0043228	2	LOC111123746	-0.708893766434101
"intracellular non-membrane-bounded organelle"	GO:0043232;GO:0043228	2	LOC111132031	-0.172644104821072
"intracellular non-membrane-bounded organelle"	GO:0043232;GO:0043228	2	LOC111128913	1.20233775308573
"intracellular non-membrane-bounded organelle"	GO:0043232;GO:0043228	2	LOC111131563	2.97828986949215
"intracellular non-membrane-bounded organelle"	GO:0043232;GO:0043228	2	LOC111118764	0.321011953042603
"intracellular non-membrane-bounded organelle"	GO:0043232;GO:0043228	2	LOC111127380	0.0408757799673424
"intracellular non-membrane-bounded organelle"	GO:0043232;GO:0043228	2	LOC111120660	-2.20999661083484
"intracellular non-membrane-bounded organelle"	GO:0043232;GO:0043228	2	LOC111128054	-0.259799164760707
"intracellular non-membrane-bounded organelle"	GO:0043232;GO:0043228	2	LOC111107339	0.102473338188853
"intracellular non-membrane-bounded organelle"	GO:0043232;GO:0043228	2	LOC111118701	-0.70003767080475
"intracellular non-membrane-bounded organelle"	GO:0043232;GO:0043228	2	LOC111124992	1.38474665928488
"intracellular non-membrane-bounded organelle"	GO:0043232;GO:0043228	2	LOC111138461	-0.932616850911825
"intracellular non-membrane-bounded organelle"	GO:0043232;GO:0043228	2	LOC111107542	0.0670866085681104
"intracellular non-membrane-bounded organelle"	GO:0043232;GO:0043228	2	LOC111124874	-1.21254104318639
"intracellular non-membrane-bounded organelle"	GO:0043232;GO:0043228	2	LOC111126482	-0.113701910375347
"intracellular non-membrane-bounded organelle"	GO:0043232;GO:0043228	2	LOC111123500	2.48119647442561
"intracellular non-membrane-bounded organelle"	GO:0043232;GO:0043228	2	LOC111112439	0.0160454573688209
"intracellular non-membrane-bounded organelle"	GO:0043232;GO:0043228	2	LOC111137570	1.33418111458296
"intracellular non-membrane-bounded organelle"	GO:0043232;GO:0043228	2	LOC111104368	0.919736475438392
"intracellular non-membrane-bounded organelle"	GO:0043232;GO:0043228	2	LOC111121055	0.92296227648938
"intracellular non-membrane-bounded organelle"	GO:0043232;GO:0043228	2	LOC111137181	1.41323124489174
"intracellular non-membrane-bounded organelle"	GO:0043232;GO:0043228	2	LOC111134196	-0.453866550540962
"intracellular non-membrane-bounded organelle"	GO:0043232;GO:0043228	2	LOC111105223	0.0994614076304723
"intracellular non-membrane-bounded organelle"	GO:0043232;GO:0043228	2	LOC111122805	-0.0785806283044404
"intracellular non-membrane-bounded organelle"	GO:0043232;GO:0043228	2	LOC111104167	1.19182915821508
"intracellular non-membrane-bounded organelle"	GO:0043232;GO:0043228	2	LOC111133017	0.0191732256182126
"intracellular non-membrane-bounded organelle"	GO:0043232;GO:0043228	2	LOC111129389	1.63297870168371
"intracellular non-membrane-bounded organelle"	GO:0043232;GO:0043228	2	LOC111129829	0.124781169051082
"intracellular non-membrane-bounded organelle"	GO:0043232;GO:0043228	2	LOC111121808	-0.0151745578671549
"intracellular non-membrane-bounded organelle"	GO:0043232;GO:0043228	2	LOC111112605	1.67269773745139
"intracellular non-membrane-bounded organelle"	GO:0043232;GO:0043228	2	LOC111108044	-0.070291335913629
"intracellular non-membrane-bounded organelle"	GO:0043232;GO:0043228	2	LOC111118769	-0.698650261974599
"intracellular non-membrane-bounded organelle"	GO:0043232;GO:0043228	2	LOC111128454	-0.336109830353704
"intracellular non-membrane-bounded organelle"	GO:0043232;GO:0043228	2	LOC111138333	1.74677232212977
"intracellular non-membrane-bounded organelle"	GO:0043232;GO:0043228	2	LOC111129243	-0.1589817406405
"intracellular non-membrane-bounded organelle"	GO:0043232;GO:0043228	2	LOC111129526	0.536082669421611
"intracellular non-membrane-bounded organelle"	GO:0043232;GO:0043228	2	LOC111127902	1.6513020307043
"intracellular non-membrane-bounded organelle"	GO:0043232;GO:0043228	2	LOC111137797	-0.15036029411061
"intracellular non-membrane-bounded organelle"	GO:0043232;GO:0043228	2	LOC111136246	0.045467475844084
"intracellular non-membrane-bounded organelle"	GO:0043232;GO:0043228	2	LOC111118975	-0.0204705653270396
"intracellular non-membrane-bounded organelle"	GO:0043232;GO:0043228	2	LOC111121691	0.0624886037164199
"intracellular non-membrane-bounded organelle"	GO:0043232;GO:0043228	2	LOC111121689	0.792719366411906
"intracellular non-membrane-bounded organelle"	GO:0043232;GO:0043228	2	LOC111119071	4.1257060748845
"intracellular non-membrane-bounded organelle"	GO:0043232;GO:0043228	2	LOC111100693	0.895044024956316
"intracellular non-membrane-bounded organelle"	GO:0043232;GO:0043228	2	LOC111130771	-0.20198298524342
"intracellular non-membrane-bounded organelle"	GO:0043232;GO:0043228	2	LOC111133144	-0.41369890290832
"intracellular non-membrane-bounded organelle"	GO:0043232;GO:0043228	2	LOC111109968	-0.351748703439621
"intracellular non-membrane-bounded organelle"	GO:0043232;GO:0043228	2	LOC111130510	0.726569283458106
"intracellular non-membrane-bounded organelle"	GO:0043232;GO:0043228	2	LOC111120907	-0.17825977544556
"intracellular non-membrane-bounded organelle"	GO:0043232;GO:0043228	2	LOC111121835	0.0399812778215186
"intracellular non-membrane-bounded organelle"	GO:0043232;GO:0043228	2	LOC111119126	0.540865859231769
"intracellular non-membrane-bounded organelle"	GO:0043232;GO:0043228	2	LOC111133736	0.0938810789088885
"intracellular non-membrane-bounded organelle"	GO:0043232;GO:0043228	2	LOC111122903	0.11643562472814
"intracellular non-membrane-bounded organelle"	GO:0043232;GO:0043228	2	LOC111138063	-0.482890357621147
"intracellular non-membrane-bounded organelle"	GO:0043232;GO:0043228	2	LOC111126433	-0.45980128842141
"intracellular non-membrane-bounded organelle"	GO:0043232;GO:0043228	2	LOC111118248	-5.57766577805456
"intracellular non-membrane-bounded organelle"	GO:0043232;GO:0043228	2	LOC111128952	-0.861120458646003
"intracellular non-membrane-bounded organelle"	GO:0043232;GO:0043228	2	LOC111129985	-0.530619124678497
"intracellular non-membrane-bounded organelle"	GO:0043232;GO:0043228	2	LOC111136987	2.17551050648146
"intracellular non-membrane-bounded organelle"	GO:0043232;GO:0043228	2	LOC111128906	1.03419778318445
"intracellular non-membrane-bounded organelle"	GO:0043232;GO:0043228	2	LOC111099123	0.147958799924995
"intracellular non-membrane-bounded organelle"	GO:0043232;GO:0043228	2	LOC111121687	4.20095549567109
"intracellular non-membrane-bounded organelle"	GO:0043232;GO:0043228	2	LOC111120939	1.57055735135682
"intracellular non-membrane-bounded organelle"	GO:0043232;GO:0043228	2	LOC111121947	-0.740885219640996
"intracellular non-membrane-bounded organelle"	GO:0043232;GO:0043228	2	LOC111111569	-1.70239707726846
"intracellular non-membrane-bounded organelle"	GO:0043232;GO:0043228	2	LOC111124709	-0.426328347050314
"intracellular non-membrane-bounded organelle"	GO:0043232;GO:0043228	2	LOC111099443	1.09274181724857
"intracellular non-membrane-bounded organelle"	GO:0043232;GO:0043228	2	LOC111129570	2.76929551427317
"intracellular non-membrane-bounded organelle"	GO:0043232;GO:0043228	2	LOC111125333	-0.943170364838819
"intracellular non-membrane-bounded organelle"	GO:0043232;GO:0043228	2	LOC111134148	-1.49105808281699
"intracellular non-membrane-bounded organelle"	GO:0043232;GO:0043228	2	LOC111102211	-0.16131247711638
"intracellular non-membrane-bounded organelle"	GO:0043232;GO:0043228	2	LOC111133682	3.10204323544515
"intracellular non-membrane-bounded organelle"	GO:0043232;GO:0043228	2	LOC111134795	-0.379630603884223
"intracellular non-membrane-bounded organelle"	GO:0043232;GO:0043228	2	LOC111117970	-3.96995481257378
"intracellular non-membrane-bounded organelle"	GO:0043232;GO:0043228	2	LOC111113317	-1.17877357411675
"intracellular non-membrane-bounded organelle"	GO:0043232;GO:0043228	2	LOC111136624	-0.417877607602466
"intracellular non-membrane-bounded organelle"	GO:0043232;GO:0043228	2	LOC111108855	1.90431988001633
"intracellular non-membrane-bounded organelle"	GO:0043232;GO:0043228	2	LOC111128754	-0.0472377395174452
"intracellular non-membrane-bounded organelle"	GO:0043232;GO:0043228	2	LOC111122210	1.53988607997609
"intracellular non-membrane-bounded organelle"	GO:0043232;GO:0043228	2	LOC111127225	-1.66188692346086
"intracellular non-membrane-bounded organelle"	GO:0043232;GO:0043228	2	LOC111134888	0.975262247951627
"intracellular non-membrane-bounded organelle"	GO:0043232;GO:0043228	2	LOC111130512	-0.19711856791889
"intracellular non-membrane-bounded organelle"	GO:0043232;GO:0043228	2	LOC111130371	-0.256203156141639
"intracellular non-membrane-bounded organelle"	GO:0043232;GO:0043228	2	LOC111133033	0.88276946862584
"intracellular non-membrane-bounded organelle"	GO:0043232;GO:0043228	2	LOC111125880	0.0976552359419693
"intracellular non-membrane-bounded organelle"	GO:0043232;GO:0043228	2	LOC111101867	-1.35157144176766
"intracellular non-membrane-bounded organelle"	GO:0043232;GO:0043228	2	LOC111114067	1.48533413701078
"intracellular non-membrane-bounded organelle"	GO:0043232;GO:0043228	2	LOC111110297	-1.09095213292395
"intracellular non-membrane-bounded organelle"	GO:0043232;GO:0043228	2	LOC111108767	0.914962619624602
"intracellular non-membrane-bounded organelle"	GO:0043232;GO:0043228	2	LOC111120345	0.0327662289226314
"intracellular non-membrane-bounded organelle"	GO:0043232;GO:0043228	2	LOC111135077	1.95411443579265
"intracellular non-membrane-bounded organelle"	GO:0043232;GO:0043228	2	LOC111101168	0.656650108595821
"intracellular non-membrane-bounded organelle"	GO:0043232;GO:0043228	2	LOC111121802	0.180739562959306
"intracellular non-membrane-bounded organelle"	GO:0043232;GO:0043228	2	LOC111121683	0.272113024288158
"intracellular non-membrane-bounded organelle"	GO:0043232;GO:0043228	2	LOC111124901	-0.122578641292765
"intracellular non-membrane-bounded organelle"	GO:0043232;GO:0043228	2	LOC111120992	0.0804889946754283
"intracellular non-membrane-bounded organelle"	GO:0043232;GO:0043228	2	LOC111124706	-0.317538041089663
"intracellular non-membrane-bounded organelle"	GO:0043232;GO:0043228	2	LOC111102683	-4.04343650218251
"intracellular non-membrane-bounded organelle"	GO:0043232;GO:0043228	2	LOC111136411	-0.187440051147077
"intracellular non-membrane-bounded organelle"	GO:0043232;GO:0043228	2	LOC111130699	0.744239837549405
"intracellular non-membrane-bounded organelle"	GO:0043232;GO:0043228	2	LOC111137104	-0.283652025523309
"intracellular non-membrane-bounded organelle"	GO:0043232;GO:0043228	2	LOC111112993	-1.77475141173516
"intracellular non-membrane-bounded organelle"	GO:0043232;GO:0043228	2	LOC111137204	0.111221088666187
"intracellular non-membrane-bounded organelle"	GO:0043232;GO:0043228	2	LOC111100344	0.735118969144523
"intracellular non-membrane-bounded organelle"	GO:0043232;GO:0043228	2	LOC111116431	0.0939191493138579
"intracellular non-membrane-bounded organelle"	GO:0043232;GO:0043228	2	LOC111115508	-0.440280257253774
"intracellular non-membrane-bounded organelle"	GO:0043232;GO:0043228	2	LOC111126163	0.1338943807932
"intracellular non-membrane-bounded organelle"	GO:0043232;GO:0043228	2	LOC111128951	0.189321684947618
"intracellular non-membrane-bounded organelle"	GO:0043232;GO:0043228	2	LOC111120967	1.80138109418807
"intracellular non-membrane-bounded organelle"	GO:0043232;GO:0043228	2	LOC111122299	1.69409744876548
"intracellular non-membrane-bounded organelle"	GO:0043232;GO:0043228	2	LOC111130950	0.233980624547188
"intracellular non-membrane-bounded organelle"	GO:0043232;GO:0043228	2	LOC111104805	-0.290952845227212
"intracellular non-membrane-bounded organelle"	GO:0043232;GO:0043228	2	LOC111119711	-0.141891604086078
"intracellular non-membrane-bounded organelle"	GO:0043232;GO:0043228	2	LOC111118771	-0.11556248807388
"intracellular non-membrane-bounded organelle"	GO:0043232;GO:0043228	2	LOC111134368	-1.92055089422582
"intracellular non-membrane-bounded organelle"	GO:0043232;GO:0043228	2	LOC111130622	0.258499477536093
"intracellular non-membrane-bounded organelle"	GO:0043232;GO:0043228	2	LOC111136042	0.830570097595315
"intracellular non-membrane-bounded organelle"	GO:0043232;GO:0043228	2	LOC111118535	-0.348137536191503
"intracellular non-membrane-bounded organelle"	GO:0043232;GO:0043228	2	LOC111125138	-0.0303617361326848
"intracellular non-membrane-bounded organelle"	GO:0043232;GO:0043228	2	LOC111122819	-0.34252971878277
"intracellular non-membrane-bounded organelle"	GO:0043232;GO:0043228	2	LOC111101507	-0.329389816035177
"intracellular non-membrane-bounded organelle"	GO:0043232;GO:0043228	2	LOC111135723	-0.533609497863823
"intracellular non-membrane-bounded organelle"	GO:0043232;GO:0043228	2	LOC111101860	-3.9363027110337
"intracellular non-membrane-bounded organelle"	GO:0043232;GO:0043228	2	LOC111117852	-0.508271802230755
"intracellular non-membrane-bounded organelle"	GO:0043232;GO:0043228	2	LOC111099697	0.981074516739688
"intracellular non-membrane-bounded organelle"	GO:0043232;GO:0043228	2	LOC111128800	-0.315945086770062
"intracellular non-membrane-bounded organelle"	GO:0043232;GO:0043228	2	LOC111131043	-0.00997929000972226
"intracellular non-membrane-bounded organelle"	GO:0043232;GO:0043228	2	LOC111132297	-1.39064453135164
"intracellular non-membrane-bounded organelle"	GO:0043232;GO:0043228	2	LOC111114230	0.308989784394963
"intracellular non-membrane-bounded organelle"	GO:0043232;GO:0043228	2	LOC111126958	0.568826192480875
"intracellular non-membrane-bounded organelle"	GO:0043232;GO:0043228	2	LOC111114778	-5.85569394066024
"intracellular non-membrane-bounded organelle"	GO:0043232;GO:0043228	2	LOC111125754	0.410792014626005
"intracellular non-membrane-bounded organelle"	GO:0043232;GO:0043228	2	LOC111112131	0.7518847061179
"intracellular non-membrane-bounded organelle"	GO:0043232;GO:0043228	2	LOC111136669	-0.897846128342263
"intracellular non-membrane-bounded organelle"	GO:0043232;GO:0043228	2	LOC111130937	0.0939031890140517
"intracellular non-membrane-bounded organelle"	GO:0043232;GO:0043228	2	LOC111108504	0.968402406156931
"intracellular non-membrane-bounded organelle"	GO:0043232;GO:0043228	2	LOC111120290	0.0688302545907839
"intracellular non-membrane-bounded organelle"	GO:0043232;GO:0043228	2	LOC111126543	-1.23723291916388
"microtubule organizing center"	GO:0005815	2	LOC111101763	0.832191614168484
"microtubule organizing center"	GO:0005815	2	LOC111138498	2.03862488757412
"microtubule organizing center"	GO:0005815	2	LOC111112296	-5.09214612033201
"microtubule organizing center"	GO:0005815	2	LOC111124939	1.4195291728125
"microtubule organizing center"	GO:0005815	2	LOC111137794	0.0580725686443919
"microtubule organizing center"	GO:0005815	2	LOC111133006	0.195824521547582
"microtubule organizing center"	GO:0005815	2	LOC111133779	2.69911856233832
"microtubule organizing center"	GO:0005815	2	LOC111110146	0.763808539002039
"microtubule organizing center"	GO:0005815	2	LOC111128222	0.0387537340579317
"microtubule organizing center"	GO:0005815	2	LOC111100906	-1.66859179645434
"microtubule organizing center"	GO:0005815	2	LOC111100857	0.705327626473622
"microtubule organizing center"	GO:0005815	2	LOC111118542	0.345908611897249
"microtubule organizing center"	GO:0005815	2	LOC111137510	-0.0992576304925347
"microtubule organizing center"	GO:0005815	2	LOC111129900	-0.271067553129285
"microtubule organizing center"	GO:0005815	2	LOC111109832	0.420838537085471
"microtubule organizing center"	GO:0005815	2	LOC111136722	1.97779337754003
"microtubule organizing center"	GO:0005815	2	LOC111120690	0.0231696353714269
"microtubule organizing center"	GO:0005815	2	LOC111106830	-1.51580021222768
"microtubule organizing center"	GO:0005815	2	LOC111100851	1.94505839749139
"microtubule organizing center"	GO:0005815	2	LOC111126185	-0.257259328422074
"microtubule organizing center"	GO:0005815	2	LOC111128661	0.442650634145153
"microtubule organizing center"	GO:0005815	2	LOC111124722	-0.419842786850376
"microtubule organizing center"	GO:0005815	2	LOC111136390	0.134124707574373
"microtubule organizing center"	GO:0005815	2	LOC111129643	-4.83422563877548
"microtubule organizing center"	GO:0005815	2	LOC111136780	-0.829580716712243
"microtubule organizing center"	GO:0005815	2	LOC111122689	-0.528492900816242
"microtubule organizing center"	GO:0005815	2	LOC111104382	0.284426038138445
"microtubule organizing center"	GO:0005815	2	LOC111135342	-0.0893398917473517
"microtubule organizing center"	GO:0005815	2	LOC111135915	0.115132128574134
"microtubule organizing center"	GO:0005815	2	LOC111119859	0.356876443101075
"microtubule organizing center"	GO:0005815	2	LOC111103868	1.53786524992867
"GO:0003674;unknown"	GO:0003674;unknown	5	LOC111122285	0.14019367054623
"GO:0003674;unknown"	GO:0003674;unknown	5	LOC111117385	0.0953087075072023
"GO:0003674;unknown"	GO:0003674;unknown	5	LOC111100231	0.261525357012711
"GO:0003674;unknown"	GO:0003674;unknown	5	LOC111100319	3.18003436271692
"GO:0003674;unknown"	GO:0003674;unknown	5	LOC111135158	0.275904669390883
"GO:0003674;unknown"	GO:0003674;unknown	5	LOC111123657	0.1772319484539
"GO:0003674;unknown"	GO:0003674;unknown	5	LOC111129072	-0.349669855784635
"GO:0003674;unknown"	GO:0003674;unknown	5	LOC111111812	-0.906960692125243
"GO:0003674;unknown"	GO:0003674;unknown	5	LOC111127808	0.38569811168014
"GO:0003674;unknown"	GO:0003674;unknown	5	LOC111133578	-3.90668066109444
"GO:0003674;unknown"	GO:0003674;unknown	5	LOC111123648	0.0881610653779518
"GO:0003674;unknown"	GO:0003674;unknown	5	LOC111127051	0.135360738289278
"GO:0003674;unknown"	GO:0003674;unknown	5	LOC111105480	0.545676840675978
"GO:0003674;unknown"	GO:0003674;unknown	5	LOC111111341	0.161666534887935
"GO:0003674;unknown"	GO:0003674;unknown	5	LOC111136691	-0.0820760194995202
"GO:0003674;unknown"	GO:0003674;unknown	5	LOC111127881	0.18805115955257
"GO:0003674;unknown"	GO:0003674;unknown	5	LOC111137927	-0.401369714151614
"GO:0003674;unknown"	GO:0003674;unknown	5	LOC111125011	-0.280717508547338
"GO:0003674;unknown"	GO:0003674;unknown	5	LOC111137933	-1.04898407949863
"GO:0003674;unknown"	GO:0003674;unknown	5	LOC111134076	-0.794790268498525
"GO:0003674;unknown"	GO:0003674;unknown	5	LOC111134288	1.64751654491953
"GO:0003674;unknown"	GO:0003674;unknown	5	LOC111125662	-0.164954526978389
"GO:0003674;unknown"	GO:0003674;unknown	5	LOC111123804	3.21797163926994
"GO:0003674;unknown"	GO:0003674;unknown	5	LOC111111780	-0.989664687808438
"GO:0003674;unknown"	GO:0003674;unknown	5	LOC111116747	0.839404820818103
"GO:0003674;unknown"	GO:0003674;unknown	5	LOC111121141	3.68832489968979
"GO:0003674;unknown"	GO:0003674;unknown	5	LOC111138298	-0.0398726244883087
"GO:0003674;unknown"	GO:0003674;unknown	5	LOC111111155	2.36186261557164
"GO:0003674;unknown"	GO:0003674;unknown	5	LOC111129492	0.729293495906067
"GO:0003674;unknown"	GO:0003674;unknown	5	LOC111125094	0.285862699728583
"GO:0003674;unknown"	GO:0003674;unknown	5	LOC111118879	0.303404884284768
"GO:0003674;unknown"	GO:0003674;unknown	5	LOC111100236	0.419013981446923
"GO:0003674;unknown"	GO:0003674;unknown	5	LOC111113056	0.219607924522305
"GO:0003674;unknown"	GO:0003674;unknown	5	LOC111108470	0.0546813268960554
"GO:0003674;unknown"	GO:0003674;unknown	5	LOC111131583	-0.394275820902412
"GO:0003674;unknown"	GO:0003674;unknown	5	LOC111102721	0.378617435388727
"GO:0003674;unknown"	GO:0003674;unknown	5	LOC111130223	-0.0580131061913437
"GO:0003674;unknown"	GO:0003674;unknown	5	LOC111117694	0.138473862856
"GO:0003674;unknown"	GO:0003674;unknown	5	LOC111100571	-0.210602830983096
"GO:0003674;unknown"	GO:0003674;unknown	5	LOC111114825	0.0440393611398384
"GO:0003674;unknown"	GO:0003674;unknown	5	LOC111128497	0.167063786403772
"GO:0003674;unknown"	GO:0003674;unknown	5	LOC111129092	-0.543005045929246
"GO:0003674;unknown"	GO:0003674;unknown	5	LOC111136263	-0.891490234385839
"GO:0003674;unknown"	GO:0003674;unknown	5	LOC111099040	2.5786761287426
"GO:0003674;unknown"	GO:0003674;unknown	5	LOC111116161	-0.635542597523558
"GO:0003674;unknown"	GO:0003674;unknown	5	LOC111121323	0.869688292542882
"GO:0003674;unknown"	GO:0003674;unknown	5	LOC111110716	0.30644445943988
"GO:0003674;unknown"	GO:0003674;unknown	5	LOC111133218	0.140209894411281
"GO:0003674;unknown"	GO:0003674;unknown	5	LOC111128076	-1.86958826134933
"GO:0003674;unknown"	GO:0003674;unknown	5	LOC111106281	-0.665727100666789
"GO:0003674;unknown"	GO:0003674;unknown	5	LOC111112685	0.423198484103782
"GO:0003674;unknown"	GO:0003674;unknown	5	LOC111116128	-0.0668288569041323
"GO:0003674;unknown"	GO:0003674;unknown	5	LOC111127877	-0.581263527061873
"GO:0003674;unknown"	GO:0003674;unknown	5	LOC111131263	-0.151769660042688
"GO:0003674;unknown"	GO:0003674;unknown	5	LOC111108540	-0.0344130261434742
"GO:0003674;unknown"	GO:0003674;unknown	5	LOC111137112	3.49033355846328
"GO:0003674;unknown"	GO:0003674;unknown	5	LOC111107765	0.304645329001198
"GO:0003674;unknown"	GO:0003674;unknown	5	LOC111106980	-0.509805014297568
"GO:0003674;unknown"	GO:0003674;unknown	5	LOC111117868	0.0409431962657275
"GO:0003674;unknown"	GO:0003674;unknown	5	LOC111103658	-0.0696201961543755
"GO:0003674;unknown"	GO:0003674;unknown	5	LOC111118385	1.05802397397701
"GO:0003674;unknown"	GO:0003674;unknown	5	LOC111137947	-1.82553413332112
"GO:0003674;unknown"	GO:0003674;unknown	5	LOC111134313	1.4767515394461
"GO:0003674;unknown"	GO:0003674;unknown	5	LOC111125437	0.169738584232555
"GO:0003674;unknown"	GO:0003674;unknown	5	LOC111101326	0.505259849481725
"GO:0003674;unknown"	GO:0003674;unknown	5	LOC111112665	-0.0343551297889687
"cytosol"	GO:0005829	2	LOC111137133	1.51527148538053
"cytosol"	GO:0005829	2	LOC111120921	-0.238827068216731
"cytosol"	GO:0005829	2	LOC111128253	-0.557782508237576
"cytosol"	GO:0005829	2	LOC111130253	-0.684559981253642
"cytosol"	GO:0005829	2	LOC111135696	-0.367634250213114
"cytosol"	GO:0005829	2	LOC111121707	-0.745217545699181
"cytosol"	GO:0005829	2	LOC111112793	-0.0565177573499813
"cytosol"	GO:0005829	2	LOC111132341	1.77560711432333
"cytosol"	GO:0005829	2	LOC111104494	-3.43294578181842
"cytosol"	GO:0005829	2	LOC111124867	-3.94792512280401
"cytosol"	GO:0005829	2	LOC111124874	-1.21254104318639
"cytosol"	GO:0005829	2	LOC111133348	0.242090997903759
"cytosol"	GO:0005829	2	LOC111113266	0.966437820903812
"cytosol"	GO:0005829	2	LOC111119570	-0.161938831524996
"cytosol"	GO:0005829	2	LOC111127434	0.00164987284940176
"cytosol"	GO:0005829	2	LOC111130526	-0.263531319485722
"cytosol"	GO:0005829	2	LOC111124500	0.341518132832682
"peroxisome"	GO:0005777;GO:0042579	4	LOC111107112	-0.407287175076056
"peroxisome"	GO:0005777;GO:0042579	4	LOC111121838	-1.0518035208225
"peroxisome"	GO:0005777;GO:0042579	4	LOC111115085	0.368583619676878
"peroxisome"	GO:0005777;GO:0042579	4	LOC111107850	-0.0458065218510142
"peroxisome"	GO:0005777;GO:0042579	4	LOC111121197	-0.122718537747212
"peroxisome"	GO:0005777;GO:0042579	4	LOC111109698	-0.00100412128789992
"peroxisome"	GO:0005777;GO:0042579	4	LOC111100641	0.993091683599744
"peroxisome"	GO:0005777;GO:0042579	4	LOC111124897	2.75773606886591
"peroxisome"	GO:0005777;GO:0042579	4	LOC111122059	-2.19298200259234
"peroxisome"	GO:0005777;GO:0042579	4	LOC111117608	0.341542632390024
"peroxisome"	GO:0005777;GO:0042579	4	LOC111113840	-0.58238268890483
"peroxisome"	GO:0005777;GO:0042579	4	LOC111120262	0.196235080353176
"peroxisome"	GO:0005777;GO:0042579	4	LOC111132545	-1.38905440015384
"peroxisome"	GO:0005777;GO:0042579	4	LOC111136292	0.737378853374503
"peroxisome"	GO:0005777;GO:0042579	4	LOC111120529	-0.606283577276964
"peroxisome"	GO:0005777;GO:0042579	4	LOC111120160	0.142422447985668
"peroxisome"	GO:0005777;GO:0042579	4	LOC111136438	-0.100292799895302
"plasma membrane"	GO:0005886;GO:0016020	2	LOC111107271	-0.613918338037342
"plasma membrane"	GO:0005886;GO:0016020	2	LOC111137900	2.86206025699566
"plasma membrane"	GO:0005886;GO:0016020	2	LOC111128471	-1.42217854877201
"plasma membrane"	GO:0005886;GO:0016020	2	LOC111124804	1.10612663917281
"plasma membrane"	GO:0005886;GO:0016020	2	LOC111127968	1.08572875832623
"plasma membrane"	GO:0005886;GO:0016020	2	LOC111111616	0.0859510853172778
"plasma membrane"	GO:0005886;GO:0016020	2	LOC111114590	-0.699621275084594
"plasma membrane"	GO:0005886;GO:0016020	2	LOC111125209	1.94470262612218
"plasma membrane"	GO:0005886;GO:0016020	2	LOC111105096	-0.0343443941336728
"plasma membrane"	GO:0005886;GO:0016020	2	LOC111133319	-1.42982483013496
"plasma membrane"	GO:0005886;GO:0016020	2	LOC111124563	-0.432966010345312
"plasma membrane"	GO:0005886;GO:0016020	2	LOC111105532	-0.0344067832600813
"plasma membrane"	GO:0005886;GO:0016020	2	LOC111122871	-0.837393990271409
"plasma membrane"	GO:0005886;GO:0016020	2	LOC111136250	0.972224189906973
"plasma membrane"	GO:0005886;GO:0016020	2	LOC111136055	0.479041028674003
"plasma membrane"	GO:0005886;GO:0016020	2	LOC111106819	-0.856199980089293
"plasma membrane"	GO:0005886;GO:0016020	2	LOC111118038	0.289551757717382
"plasma membrane"	GO:0005886;GO:0016020	2	LOC111125411	0.208827873805099
"plasma membrane"	GO:0005886;GO:0016020	2	LOC111129191	0.247575756941795
"plasma membrane"	GO:0005886;GO:0016020	2	LOC111133944	-0.219078571382173
"plasma membrane"	GO:0005886;GO:0016020	2	LOC111115225	-7.22841534079357
"plasma membrane"	GO:0005886;GO:0016020	2	LOC111106907	0.587637953310961
"plasma membrane"	GO:0005886;GO:0016020	2	LOC111101103	1.61505932767708
"plasma membrane"	GO:0005886;GO:0016020	2	LOC111122902	-0.740802915112261
"plasma membrane"	GO:0005886;GO:0016020	2	LOC111122158	0.355718040838518
"plasma membrane"	GO:0005886;GO:0016020	2	LOC111125999	0.0347323336419643
"plasma membrane"	GO:0005886;GO:0016020	2	LOC111132965	-3.40258522070175
"plasma membrane"	GO:0005886;GO:0016020	2	LOC111118033	0.740650780013312
"plasma membrane"	GO:0005886;GO:0016020	2	LOC111126753	-0.0747328631139326
"plasma membrane"	GO:0005886;GO:0016020	2	LOC111122893	0.95119309603663
"plasma membrane"	GO:0005886;GO:0016020	2	LOC111125357	0.327741032557354
"plasma membrane"	GO:0005886;GO:0016020	2	LOC111113404	-0.00543268175744164
"plasma membrane"	GO:0005886;GO:0016020	2	LOC111117741	-0.00891061718796156
"plasma membrane"	GO:0005886;GO:0016020	2	LOC111124773	0.862602439474493
"plasma membrane"	GO:0005886;GO:0016020	2	LOC111134769	2.24816246878443
"plasma membrane"	GO:0005886;GO:0016020	2	LOC111110350	-2.99886634342671
"plasma membrane"	GO:0005886;GO:0016020	2	LOC111113265	-0.700131055322631
"plasma membrane"	GO:0005886;GO:0016020	2	LOC111131644	3.18516135517624
"plasma membrane"	GO:0005886;GO:0016020	2	LOC111102004	0.441838370863479
"plasma membrane"	GO:0005886;GO:0016020	2	LOC111125243	-0.812798842467303
"plasma membrane"	GO:0005886;GO:0016020	2	LOC111131854	-0.515282358444441
"plasma membrane"	GO:0005886;GO:0016020	2	LOC111120969	-1.40888405658643
"plasma membrane"	GO:0005886;GO:0016020	2	LOC111105629	-0.17855854459989
"plasma membrane"	GO:0005886;GO:0016020	2	LOC111128465	0.165681367357002
"plasma membrane"	GO:0005886;GO:0016020	2	LOC111104022	-0.0576439789071867
"plasma membrane"	GO:0005886;GO:0016020	2	LOC111129193	-0.0590779667179936
"plasma membrane"	GO:0005886;GO:0016020	2	LOC111124859	-1.22799053401881
"plasma membrane"	GO:0005886;GO:0016020	2	LOC111130125	-0.305349554125095
"plasma membrane"	GO:0005886;GO:0016020	2	LOC111108064	3.96647873842315
"plasma membrane"	GO:0005886;GO:0016020	2	LOC111113499	-0.0730996284738043
"plasma membrane"	GO:0005886;GO:0016020	2	LOC111129078	1.01367665554291
"plasma membrane"	GO:0005886;GO:0016020	2	LOC111108912	1.15374146170949
"plasma membrane"	GO:0005886;GO:0016020	2	LOC111106350	0.0343917646973823
"plasma membrane"	GO:0005886;GO:0016020	2	LOC111112736	1.88768882466406
"plasma membrane"	GO:0005886;GO:0016020	2	LOC111119586	-5.90181834907052
"plasma membrane"	GO:0005886;GO:0016020	2	LOC111114644	-0.0286674232088802
"plasma membrane"	GO:0005886;GO:0016020	2	LOC111124768	-1.96814139140521
"plasma membrane"	GO:0005886;GO:0016020	2	LOC111115505	0.546432341257338
"plasma membrane"	GO:0005886;GO:0016020	2	LOC111137015	0.0721872931838207
"plasma membrane"	GO:0005886;GO:0016020	2	LOC111122159	-0.211776914152151
"plasma membrane"	GO:0005886;GO:0016020	2	LOC111138019	-0.0134819071723536
"plasma membrane"	GO:0005886;GO:0016020	2	LOC111104334	0.0809493394545489
"plasma membrane"	GO:0005886;GO:0016020	2	LOC111103238	-2.43569012511609
"plasma membrane"	GO:0005886;GO:0016020	2	LOC111112773	-0.104828605248388
"plasma membrane"	GO:0005886;GO:0016020	2	LOC111120164	-0.256949772132248
"plasma membrane"	GO:0005886;GO:0016020	2	LOC111117013	-0.17003886792362
"plasma membrane"	GO:0005886;GO:0016020	2	LOC111115748	-0.0675101213956768
"plasma membrane"	GO:0005886;GO:0016020	2	LOC111131168	-1.08515770362725
"plasma membrane"	GO:0005886;GO:0016020	2	LOC111104078	0.381894081470096
"plasma membrane"	GO:0005886;GO:0016020	2	LOC111125349	-0.0466495255061898
"plasma membrane"	GO:0005886;GO:0016020	2	LOC111112448	0.706920393848163
"plasma membrane"	GO:0005886;GO:0016020	2	LOC111119532	-1.14029285296419
"plasma membrane"	GO:0005886;GO:0016020	2	LOC111107536	0.557399158124735
"plasma membrane"	GO:0005886;GO:0016020	2	LOC111107372	-0.422674676336624
"plasma membrane"	GO:0005886;GO:0016020	2	LOC111125043	-0.279222481032515
"plasma membrane"	GO:0005886;GO:0016020	2	LOC111124748	1.68016271386393
"plasma membrane"	GO:0005886;GO:0016020	2	LOC111130996	2.66106932970812
"plasma membrane"	GO:0005886;GO:0016020	2	LOC111104541	0.455879072359148
"plasma membrane"	GO:0005886;GO:0016020	2	LOC111135363	0.235669990852917
"plasma membrane"	GO:0005886;GO:0016020	2	LOC111136251	-3.27068231239535
"plasma membrane"	GO:0005886;GO:0016020	2	LOC111118326	0.898105101747678
"plasma membrane"	GO:0005886;GO:0016020	2	LOC111133590	0.1584603788716
"plasma membrane"	GO:0005886;GO:0016020	2	LOC111120145	0.916667980256519
"plasma membrane"	GO:0005886;GO:0016020	2	LOC111134114	-1.31346106827406
"plasma membrane"	GO:0005886;GO:0016020	2	LOC111130749	-1.76270934538784
"plasma membrane"	GO:0005886;GO:0016020	2	LOC111134663	0.843157226050481
"plasma membrane"	GO:0005886;GO:0016020	2	LOC111115013	-0.0343539022250968
"plasma membrane"	GO:0005886;GO:0016020	2	LOC111134646	-0.722160694589916
"plasma membrane"	GO:0005886;GO:0016020	2	LOC111118235	-0.648539464435914
"plasma membrane"	GO:0005886;GO:0016020	2	LOC111125408	0.00591341985560349
"plasma membrane"	GO:0005886;GO:0016020	2	LOC111124011	-0.520742985209616
"plasma membrane"	GO:0005886;GO:0016020	2	LOC111119181	-0.809880740719056
"plasma membrane"	GO:0005886;GO:0016020	2	LOC111130390	0.610438939115738
"plasma membrane"	GO:0005886;GO:0016020	2	LOC111134353	-0.674556914704269
"plasma membrane"	GO:0005886;GO:0016020	2	LOC111124362	-0.112579782046779
"plasma membrane"	GO:0005886;GO:0016020	2	LOC111130359	-0.564933851711783
"plasma membrane"	GO:0005886;GO:0016020	2	LOC111106451	0.485119921355735
"plasma membrane"	GO:0005886;GO:0016020	2	LOC111119991	0.304250160374263
"plasma membrane"	GO:0005886;GO:0016020	2	LOC111111969	-0.0984889858896441
"plasma membrane"	GO:0005886;GO:0016020	2	LOC111119524	-1.90564900048618
"plasma membrane"	GO:0005886;GO:0016020	2	LOC111130126	-0.00823088364113563
"plasma membrane"	GO:0005886;GO:0016020	2	LOC111114817	-1.29502262555979
"plasma membrane"	GO:0005886;GO:0016020	2	LOC111125412	-1.46295478004991
"plasma membrane"	GO:0005886;GO:0016020	2	LOC111103449	-1.03707932119548
"plasma membrane"	GO:0005886;GO:0016020	2	LOC111109931	0.0802405990792825
"plasma membrane"	GO:0005886;GO:0016020	2	LOC111115407	-1.55274394946065
"plasma membrane"	GO:0005886;GO:0016020	2	LOC111128672	-2.08015502210477
"plasma membrane"	GO:0005886;GO:0016020	2	LOC111128509	0.649004345250244
"plasma membrane"	GO:0005886;GO:0016020	2	LOC111108326	-0.201774739608213
"plasma membrane"	GO:0005886;GO:0016020	2	LOC111122270	0.762556370794928
"plasma membrane"	GO:0005886;GO:0016020	2	LOC111138343	0.0785744583409689
"plasma membrane"	GO:0005886;GO:0016020	2	LOC111119471	0.387020122943315
"plasma membrane"	GO:0005886;GO:0016020	2	LOC111131503	0.0670005696529672
"plasma membrane"	GO:0005886;GO:0016020	2	LOC111127524	-0.263380643855931
"plasma membrane"	GO:0005886;GO:0016020	2	LOC111134043	2.84323252951811
"plasma membrane"	GO:0005886;GO:0016020	2	LOC111125407	-1.53439998629196
"plasma membrane"	GO:0005886;GO:0016020	2	LOC111113158	0.978083674106564
"plasma membrane"	GO:0005886;GO:0016020	2	LOC111106449	0.159736229947024
"plasma membrane"	GO:0005886;GO:0016020	2	LOC111137207	-0.176490791401774
"plasma membrane"	GO:0005886;GO:0016020	2	LOC111112095	0.336802092907323
"plasma membrane"	GO:0005886;GO:0016020	2	LOC111130151	-6.34139747236681
"plasma membrane"	GO:0005886;GO:0016020	2	LOC111114114	-0.226457532428975
"plasma membrane"	GO:0005886;GO:0016020	2	LOC111136866	1.1326246909194
"plasma membrane"	GO:0005886;GO:0016020	2	LOC111135605	1.27899956712545
"plasma membrane"	GO:0005886;GO:0016020	2	LOC111137129	0.609267346992848
"plasma membrane"	GO:0005886;GO:0016020	2	LOC111128913	1.20233775308573
"plasma membrane"	GO:0005886;GO:0016020	2	LOC111122806	0.855209248517794
"plasma membrane"	GO:0005886;GO:0016020	2	LOC111125358	0.663371571963801
"plasma membrane"	GO:0005886;GO:0016020	2	LOC111111223	4.39887122729153
"plasma membrane"	GO:0005886;GO:0016020	2	LOC111118405	-0.695041717894497
"plasma membrane"	GO:0005886;GO:0016020	2	LOC111126214	0.843467315506021
"plasma membrane"	GO:0005886;GO:0016020	2	LOC111134509	-1.21708997646445
"plasma membrane"	GO:0005886;GO:0016020	2	LOC111118933	0.724359153237222
"plasma membrane"	GO:0005886;GO:0016020	2	LOC111125063	-0.136418927606035
"plasma membrane"	GO:0005886;GO:0016020	2	LOC111114593	-0.387281768994945
"plasma membrane"	GO:0005886;GO:0016020	2	LOC111125406	-0.461090043781908
"plasma membrane"	GO:0005886;GO:0016020	2	LOC111138200	-0.359561751321017
"plasma membrane"	GO:0005886;GO:0016020	2	LOC111113276	-2.00017463060137
"plasma membrane"	GO:0005886;GO:0016020	2	LOC111131178	3.26546126849242
"plasma membrane"	GO:0005886;GO:0016020	2	LOC111131182	0.466203114351019
"plasma membrane"	GO:0005886;GO:0016020	2	LOC111109086	-0.761372103980208
"plasma membrane"	GO:0005886;GO:0016020	2	LOC111127928	0.21536331856814
"plasma membrane"	GO:0005886;GO:0016020	2	LOC111107154	0.0177424305679082
"plasma membrane"	GO:0005886;GO:0016020	2	LOC111119421	0.719622875635858
"plasma membrane"	GO:0005886;GO:0016020	2	LOC111126146	-0.620288764652185
"plasma membrane"	GO:0005886;GO:0016020	2	LOC111128540	-0.170040990549502
"plasma membrane"	GO:0005886;GO:0016020	2	LOC111106221	-0.271258197962417
"plasma membrane"	GO:0005886;GO:0016020	2	LOC111134042	0.496563974185307
"plasma membrane"	GO:0005886;GO:0016020	2	LOC111104451	-0.820343262223104
"plasma membrane"	GO:0005886;GO:0016020	2	LOC111100985	-2.0062726572623
"plasma membrane"	GO:0005886;GO:0016020	2	LOC111135386	0.791807431610663
"plasma membrane"	GO:0005886;GO:0016020	2	LOC111134520	2.15178802181029
"plasma membrane"	GO:0005886;GO:0016020	2	LOC111132593	-0.548053093745583
"plasma membrane"	GO:0005886;GO:0016020	2	LOC111118558	0.69562793552052
"plasma membrane"	GO:0005886;GO:0016020	2	LOC111122895	0.79418350490168
"plasma membrane"	GO:0005886;GO:0016020	2	LOC111125405	-0.547880728903906
"plasma membrane"	GO:0005886;GO:0016020	2	LOC111110751	-0.577801087031598
"plasma membrane"	GO:0005886;GO:0016020	2	LOC111119780	-0.228810438069086
"plasma membrane"	GO:0005886;GO:0016020	2	LOC111105215	0.540712639595649
"plasma membrane"	GO:0005886;GO:0016020	2	LOC111117968	0.429195754799639
"plasma membrane"	GO:0005886;GO:0016020	2	LOC111109298	0.102360536436543
"plasma membrane"	GO:0005886;GO:0016020	2	LOC111110522	-0.380246770133035
"plasma membrane"	GO:0005886;GO:0016020	2	LOC111119404	-0.343911388737554
"plasma membrane"	GO:0005886;GO:0016020	2	LOC111130866	0.217424964929484
"plasma membrane"	GO:0005886;GO:0016020	2	LOC111111487	-1.52561212342304
"cytoplasm"	GO:0005737	2	LOC111133693	-1.36029307919237
"cytoplasm"	GO:0005737	2	LOC111128770	-1.98466602703586
"cytoplasm"	GO:0005737	2	LOC111136211	-0.307276773096671
"cytoplasm"	GO:0005737	2	LOC111134794	3.81314154060426
"cytoplasm"	GO:0005737	2	LOC111105890	0.763601288761706
"cytoplasm"	GO:0005737	2	LOC111127104	0.924365597750913
"cytoplasm"	GO:0005737	2	LOC111125386	0.841188771079339
"cytoplasm"	GO:0005737	2	LOC111138344	1.02582637325805
"cytoplasm"	GO:0005737	2	LOC111125851	-1.68338163666943
"cytoplasm"	GO:0005737	2	LOC111130413	-0.827585380427868
"cytoplasm"	GO:0005737	2	LOC111127871	-0.0492490750238753
"cytoplasm"	GO:0005737	2	LOC111130268	0.263075950737596
"cytoplasm"	GO:0005737	2	LOC111102238	0.258102766107194
"cytoplasm"	GO:0005737	2	LOC111136993	-1.98710358211163
"cytoplasm"	GO:0005737	2	LOC111123588	-2.12314259326989
"cytoplasm"	GO:0005737	2	LOC111136469	0.230293361169007
"cytoplasm"	GO:0005737	2	LOC111124652	-0.0344025021209107
"cytoplasm"	GO:0005737	2	LOC111130532	2.11681821970575
"cytoplasm"	GO:0005737	2	LOC111131337	-1.19724015039212
"cytoplasm"	GO:0005737	2	LOC111126115	0.0749584392214547
"cytoplasm"	GO:0005737	2	LOC111127561	-3.72565746821086
"cytoplasm"	GO:0005737	2	LOC111099115	0.000244973561561841
"cytoplasm"	GO:0005737	2	LOC111138014	0.00460649312836721
"cytoplasm"	GO:0005737	2	LOC111119153	2.81075674253507
"cytoplasm"	GO:0005737	2	LOC111124662	0.450386987386457
"cytoplasm"	GO:0005737	2	LOC111136458	0.356801522922142
"cytoplasm"	GO:0005737	2	LOC111120073	0.545591125996264
"cytoplasm"	GO:0005737	2	LOC111103560	1.91147742869042
"cytoplasm"	GO:0005737	2	LOC111137594	-0.0456357320093163
"cytoplasm"	GO:0005737	2	LOC111118590	1.62263311655418
"cytoplasm"	GO:0005737	2	LOC111133846	0.28768448140455
"cytoplasm"	GO:0005737	2	LOC111123325	0.898375016731027
"cytoplasm"	GO:0005737	2	LOC111103552	1.2756030581238
"cytoplasm"	GO:0005737	2	LOC111118550	-0.373301923963293
"cytoplasm"	GO:0005737	2	LOC111135297	-0.299300511094024
"cytoplasm"	GO:0005737	2	LOC111137794	0.0580725686443919
"cytoplasm"	GO:0005737	2	LOC111118584	0.522116987017555
"cytoplasm"	GO:0005737	2	LOC111108086	1.01354683896355
"cytoplasm"	GO:0005737	2	LOC111128831	7.3671620275769
"cytoplasm"	GO:0005737	2	LOC111130079	-0.238777156852032
"cytoplasm"	GO:0005737	2	LOC111136841	0.383296678551146
"cytoplasm"	GO:0005737	2	LOC111138440	-0.246306923587383
"cytoplasm"	GO:0005737	2	LOC111126179	-0.443628272735933
"cytoplasm"	GO:0005737	2	LOC111123773	-0.827661942169928
"cytoplasm"	GO:0005737	2	LOC111121590	-4.03164032368336
"cytoplasm"	GO:0005737	2	LOC111135298	1.07497056567425
"cytoplasm"	GO:0005737	2	LOC111128384	-0.473113604577491
"cytoplasm"	GO:0005737	2	LOC111130824	-0.100745569633983
"cytoplasm"	GO:0005737	2	LOC111101832	4.2418864083667
"cytoplasm"	GO:0005737	2	LOC111127753	-0.390028115942251
"cytoplasm"	GO:0005737	2	LOC111126975	1.07287117885087
"cytoplasm"	GO:0005737	2	LOC111130847	-0.248619990842613
"cytoplasm"	GO:0005737	2	LOC111134926	3.46001224770643
"cytoplasm"	GO:0005737	2	LOC111134103	-0.0291331026463647
"cytoplasm"	GO:0005737	2	LOC111115908	0.0383294374501335
"cytoplasm"	GO:0005737	2	LOC111117872	0.548119143553184
"cytoplasm"	GO:0005737	2	LOC111133611	-0.262286698063173
"cytoplasm"	GO:0005737	2	LOC111111015	-1.06994811977326
"cytoplasm"	GO:0005737	2	LOC111099995	0.0948456031876822
"cytoplasm"	GO:0005737	2	LOC111130118	0.858024061547994
"cytoplasm"	GO:0005737	2	LOC111121541	1.25206416226795
"cytoplasm"	GO:0005737	2	LOC111130828	1.12073446354148
"cytoplasm"	GO:0005737	2	LOC111104381	0.604729483286989
"cytoplasm"	GO:0005737	2	LOC111120022	1.24899328087119
"cytoplasm"	GO:0005737	2	LOC111130537	0.266090851556887
"cytoplasm"	GO:0005737	2	LOC111125723	-1.5456458575802
"cytoplasm"	GO:0005737	2	LOC111108524	-0.549641487225635
"cytoplasm"	GO:0005737	2	LOC111120971	0.621739651141507
"cytoplasm"	GO:0005737	2	LOC111104070	0.636387317155953
"cytoplasm"	GO:0005737	2	LOC111125296	-0.219546538477299
"cytoplasm"	GO:0005737	2	LOC111118971	0.0250883802553764
"cytoplasm"	GO:0005737	2	LOC111127323	0.604219309387521
"cytoplasm"	GO:0005737	2	LOC111104028	0.410320725350152
"cytoplasm"	GO:0005737	2	LOC111125665	-0.65389130540676
"cytoplasm"	GO:0005737	2	LOC111123631	-2.20281908644384
"cytoplasm"	GO:0005737	2	LOC111136221	-0.0557578269928256
"cytoplasm"	GO:0005737	2	LOC111118585	-0.808258450351819
"cytoplasm"	GO:0005737	2	LOC111125113	-0.520174077556315
"cytoplasm"	GO:0005737	2	LOC111108137	1.34876837471368
"cytoplasm"	GO:0005737	2	LOC111136896	-0.307129764034458
"cytoplasm"	GO:0005737	2	LOC111102871	-0.875250905462829
"cytoplasm"	GO:0005737	2	LOC111105262	1.35087939690744
"cytoplasm"	GO:0005737	2	LOC111130667	0.0662205232126419
"cytoplasm"	GO:0005737	2	LOC111103867	0.3253428861806
"cytoplasm"	GO:0005737	2	LOC111099857	-0.100201086362068
"cytoplasm"	GO:0005737	2	LOC111138395	0.195202895762199
"cytoplasm"	GO:0005737	2	LOC111134879	0.315719602023197
"cytoplasm"	GO:0005737	2	LOC111118665	0.366664885712791
"cytoplasm"	GO:0005737	2	LOC111136015	1.84553907147715
"cytoplasm"	GO:0005737	2	LOC111134551	-1.48255879946198
"cytoplasm"	GO:0005737	2	LOC111123262	0.827438063054245
"cytoplasm"	GO:0005737	2	LOC111113293	-0.376044385375601
"cytoplasm"	GO:0005737	2	LOC111136186	-0.218131474885781
"cytoplasm"	GO:0005737	2	LOC111109832	0.420838537085471
"cytoplasm"	GO:0005737	2	LOC111129859	0.0204116034888697
"cytoplasm"	GO:0005737	2	LOC111124262	0.169091717508541
"cytoplasm"	GO:0005737	2	LOC111133948	-0.128784183123692
"cytoplasm"	GO:0005737	2	LOC111118471	1.92558747589369
"cytoplasm"	GO:0005737	2	LOC111136722	1.97779337754003
"cytoplasm"	GO:0005737	2	LOC111130025	1.1722896565617
"cytoplasm"	GO:0005737	2	LOC111134329	2.0487921071074
"cytoplasm"	GO:0005737	2	LOC111131315	1.85465501599195
"cytoplasm"	GO:0005737	2	LOC111130295	0.00805605589476266
"cytoplasm"	GO:0005737	2	LOC111125834	-0.368021193125701
"cytoplasm"	GO:0005737	2	LOC111120200	-0.159575414514621
"cytoplasm"	GO:0005737	2	LOC111128868	1.62313988558906
"cytoplasm"	GO:0005737	2	LOC111135682	0.215078715014314
"cytoplasm"	GO:0005737	2	LOC111136548	-0.999524348521456
"cytoplasm"	GO:0005737	2	LOC111119483	-2.45903448648731
"cytoplasm"	GO:0005737	2	LOC111134748	-0.785151640405119
"cytoplasm"	GO:0005737	2	LOC111114592	0.708599526313748
"cytoplasm"	GO:0005737	2	LOC111130826	0.672370176634732
"cytoplasm"	GO:0005737	2	LOC111111505	-0.401766775475233
"cytoplasm"	GO:0005737	2	LOC111114690	0.558234208789304
"cytoplasm"	GO:0005737	2	LOC111136251	-3.27068231239535
"cytoplasm"	GO:0005737	2	LOC111108423	0.979349031282396
"cytoplasm"	GO:0005737	2	LOC111106818	0.673461838594501
"cytoplasm"	GO:0005737	2	LOC111129959	0.0133213098366754
"cytoplasm"	GO:0005737	2	LOC111134405	-0.0694447706468719
"cytoplasm"	GO:0005737	2	LOC111113292	0.562969107139563
"cytoplasm"	GO:0005737	2	LOC111125613	1.06739274812439
"cytoplasm"	GO:0005737	2	LOC111126185	-0.257259328422074
"cytoplasm"	GO:0005737	2	LOC111129960	0.0394889406660329
"cytoplasm"	GO:0005737	2	LOC111133434	0.523598388246915
"cytoplasm"	GO:0005737	2	LOC111130240	6.03808587789592
"cytoplasm"	GO:0005737	2	LOC111122095	0.257655290232672
"cytoplasm"	GO:0005737	2	LOC111128863	-0.882885750123793
"cytoplasm"	GO:0005737	2	LOC111136729	0.512540441424385
"cytoplasm"	GO:0005737	2	LOC111130428	0.00390794894505715
"cytoplasm"	GO:0005737	2	LOC111131437	-0.246513144604662
"cytoplasm"	GO:0005737	2	LOC111118274	1.04579820082938
"cytoplasm"	GO:0005737	2	LOC111135616	-0.341776025202948
"cytoplasm"	GO:0005737	2	LOC111134475	1.49135507816545
"cytoplasm"	GO:0005737	2	LOC111115725	0.231820379498254
"cytoplasm"	GO:0005737	2	LOC111118438	0.0670884965231523
"cytoplasm"	GO:0005737	2	LOC111135352	-3.13302883094185
"cytoplasm"	GO:0005737	2	LOC111113098	-4.44012144338814
"cytoplasm"	GO:0005737	2	LOC111136310	-0.0880008105994451
"cytoplasm"	GO:0005737	2	LOC111120809	-0.687989356226187
"cytoplasm"	GO:0005737	2	LOC111099657	0.426278068489107
"cytoplasm"	GO:0005737	2	LOC111137420	-0.289484806567851
"cytoplasm"	GO:0005737	2	LOC111130300	0.423313357772782
"cytoplasm"	GO:0005737	2	LOC111111795	0.0116499141035816
"cytoplasm"	GO:0005737	2	LOC111133780	0.15054433486809
"cytoplasm"	GO:0005737	2	LOC111121184	0.613153957738347
"cytoplasm"	GO:0005737	2	LOC111128289	0.0608375335125933
"cytoplasm"	GO:0005737	2	LOC111131212	1.56715475779855
"cytoplasm"	GO:0005737	2	LOC111128765	-0.252278828404602
"cytoplasm"	GO:0005737	2	LOC111122131	0.0666602561705933
"cytoplasm"	GO:0005737	2	LOC111101605	4.40149781267298
"cytoplasm"	GO:0005737	2	LOC111136484	-1.8629465121796
"cytoplasm"	GO:0005737	2	LOC111137980	1.12733883750849
"cytoplasm"	GO:0005737	2	LOC111128154	1.57303861421152
"cytoplasm"	GO:0005737	2	LOC111105866	-0.44510481661183
"cytoplasm"	GO:0005737	2	LOC111134216	0.439037294380243
"cytoplasm"	GO:0005737	2	LOC111114773	1.36655805173961
"cytoplasm"	GO:0005737	2	LOC111130615	0.619447842222225
"cytoplasm"	GO:0005737	2	LOC111136327	2.56071778142709
"cytoplasm"	GO:0005737	2	LOC111136224	-3.71753047973207
"cytoplasm"	GO:0005737	2	LOC111130344	1.61879664890786
"cytoplasm"	GO:0005737	2	LOC111118600	-0.20336779234153
"cytoplasm"	GO:0005737	2	LOC111130246	0.325094529765002
"cytoplasm"	GO:0005737	2	LOC111134715	-0.208431389845672
"cytoplasm"	GO:0005737	2	LOC111134478	-0.234789771437169
"cytoplasm"	GO:0005737	2	LOC111138513	1.8841546068094
"cytoplasm"	GO:0005737	2	LOC111119147	0.583051563310061
"cytoplasm"	GO:0005737	2	LOC111130067	-0.181684474271811
"cytoplasm"	GO:0005737	2	LOC111106242	0.274101979235401
"cytoplasm"	GO:0005737	2	LOC111128015	-0.280272054286802
"cytoplasm"	GO:0005737	2	LOC111132184	0.5854426680452
"cytoplasm"	GO:0005737	2	LOC111134880	0.608575315878518
"cytoplasm"	GO:0005737	2	LOC111114456	0.759154756365159
"cytoplasm"	GO:0005737	2	LOC111129643	-4.83422563877548
"cytoplasm"	GO:0005737	2	LOC111110780	-0.649969836057146
"cytoplasm"	GO:0005737	2	LOC111120628	0.284661765212371
"cytoplasm"	GO:0005737	2	LOC111136762	0.976155718224417
"cytoplasm"	GO:0005737	2	LOC111119203	1.04805908940642
"cytoplasm"	GO:0005737	2	LOC111105859	1.6612237971287
"cytoplasm"	GO:0005737	2	LOC111134666	-0.998878486291076
"cytoplasm"	GO:0005737	2	LOC111131563	2.97828986949215
"cytoplasm"	GO:0005737	2	LOC111109848	-0.0386577137044333
"cytoplasm"	GO:0005737	2	LOC111126254	-0.255154134800984
"cytoplasm"	GO:0005737	2	LOC111135739	0.0685166576483633
"cytoplasm"	GO:0005737	2	LOC111125645	-0.142739516352784
"cytoplasm"	GO:0005737	2	LOC111128383	-0.426178707662105
"cytoplasm"	GO:0005737	2	LOC111121165	-0.155217043024784
"cytoplasm"	GO:0005737	2	LOC111129389	1.63297870168371
"cytoplasm"	GO:0005737	2	LOC111136520	-1.0705475666569
"cytoplasm"	GO:0005737	2	LOC111106943	-0.472569426914831
"cytoplasm"	GO:0005737	2	LOC111131435	0.697803576747128
"cytoplasm"	GO:0005737	2	LOC111118022	-0.536215866138813
"cytoplasm"	GO:0005737	2	LOC111138333	1.74677232212977
"cytoplasm"	GO:0005737	2	LOC111108144	0.173885836857884
"cytoplasm"	GO:0005737	2	LOC111122716	-0.320277146705707
"cytoplasm"	GO:0005737	2	LOC111120068	-0.904608804670421
"cytoplasm"	GO:0005737	2	LOC111118357	-0.389546061815572
"cytoplasm"	GO:0005737	2	LOC111135858	0.273463927470407
"cytoplasm"	GO:0005737	2	LOC111136039	-1.37321308535672
"cytoplasm"	GO:0005737	2	LOC111106457	0.643808431882337
"cytoplasm"	GO:0005737	2	LOC111135916	0.0208657747285616
"cytoplasm"	GO:0005737	2	LOC111121712	1.27064797884696
"cytoplasm"	GO:0005737	2	LOC111125099	8.41653792055891
"cytoplasm"	GO:0005737	2	LOC111129219	-2.36712366061055
"cytoplasm"	GO:0005737	2	LOC111111569	-1.70239707726846
"cytoplasm"	GO:0005737	2	LOC111120899	0.0939095149103961
"cytoplasm"	GO:0005737	2	LOC111116764	-0.276999485699817
"cytoplasm"	GO:0005737	2	LOC111130916	-0.196772843131281
"cytoplasm"	GO:0005737	2	LOC111125333	-0.943170364838819
"cytoplasm"	GO:0005737	2	LOC111134148	-1.49105808281699
"cytoplasm"	GO:0005737	2	LOC111136783	2.14661876768021
"cytoplasm"	GO:0005737	2	LOC111122879	0.104144210089227
"cytoplasm"	GO:0005737	2	LOC111123152	0.0497982939290543
"cytoplasm"	GO:0005737	2	LOC111137221	0.652001856336537
"cytoplasm"	GO:0005737	2	LOC111107446	1.40162252870052
"cytoplasm"	GO:0005737	2	LOC111101168	0.656650108595821
"cytoplasm"	GO:0005737	2	LOC111123365	0.774093806036554
"cytoplasm"	GO:0005737	2	LOC111110723	0.70390408893456
"cytoplasm"	GO:0005737	2	LOC111122299	1.69409744876548
"cytoplasm"	GO:0005737	2	LOC111133148	0.0354613639145471
"cytoplasm"	GO:0005737	2	LOC111119859	0.356876443101075
"cytoplasm"	GO:0005737	2	LOC111124327	5.67781556737066
"cytoplasm"	GO:0005737	2	LOC111122995	-0.378399261375863
"cytoplasm"	GO:0005737	2	LOC111128926	0.599407611379536
"cytoplasm"	GO:0005737	2	LOC111108074	-0.438146477238972
"cytoplasm"	GO:0005737	2	LOC111136571	1.2896643822962
"cytoplasm"	GO:0005737	2	LOC111111975	-0.0314046648802594
"cytoplasm"	GO:0005737	2	LOC111128458	-0.277505055848593
"cytoplasm"	GO:0005737	2	LOC111117924	-0.521318198036587
"cytoplasm"	GO:0005737	2	LOC111131294	0.800578140525363
"cytoplasm"	GO:0005737	2	LOC111130904	-0.673259211203393
"cytoplasm"	GO:0005737	2	LOC111135588	-0.602490425056831
"nuclear envelope"	GO:0005635;GO:0031967;GO:0031975	2	LOC111099524	-0.35176911842694
"nuclear envelope"	GO:0005635;GO:0031967;GO:0031975	2	LOC111130920	-1.3704971145904
"nuclear envelope"	GO:0005635;GO:0031967;GO:0031975	2	LOC111120993	-0.0885985659467346
"nuclear envelope"	GO:0005635;GO:0031967;GO:0031975	2	LOC111101470	-1.94897980637958
"nuclear envelope"	GO:0005635;GO:0031967;GO:0031975	2	LOC111125592	0.204147907538074
"nuclear envelope"	GO:0005635;GO:0031967;GO:0031975	2	LOC111133642	0.485000597114385
"nuclear envelope"	GO:0005635;GO:0031967;GO:0031975	2	LOC111127431	-0.0336813451248343
"nuclear envelope"	GO:0005635;GO:0031967;GO:0031975	2	LOC111099664	0.432666463923242
"nuclear envelope"	GO:0005635;GO:0031967;GO:0031975	2	LOC111106021	0.154026362755898
"nuclear envelope"	GO:0005635;GO:0031967;GO:0031975	2	LOC111101588	-0.901142157800428
"nuclear envelope"	GO:0005635;GO:0031967;GO:0031975	2	LOC111100305	1.30403152111907
"nuclear envelope"	GO:0005635;GO:0031967;GO:0031975	2	LOC111108313	0.715788104446941
"nuclear envelope"	GO:0005635;GO:0031967;GO:0031975	2	LOC111104293	1.52923544012083
"nuclear envelope"	GO:0005635;GO:0031967;GO:0031975	2	LOC111115460	1.21989438544438
"nuclear envelope"	GO:0005635;GO:0031967;GO:0031975	2	LOC111101511	0.155518575435559
"nuclear envelope"	GO:0005635;GO:0031967;GO:0031975	2	LOC111125546	-0.269022096576355
"nuclear envelope"	GO:0005635;GO:0031967;GO:0031975	2	LOC111138201	-0.59493680622646
"nuclear envelope"	GO:0005635;GO:0031967;GO:0031975	2	LOC111101943	-0.506244181258575
"nuclear envelope"	GO:0005635;GO:0031967;GO:0031975	2	LOC111122996	0.143046729479629
"nuclear envelope"	GO:0005635;GO:0031967;GO:0031975	2	LOC111114832	0.284534988872718
"nuclear envelope"	GO:0005635;GO:0031967;GO:0031975	2	LOC111136615	-0.104114088421118
"obsolete cell"	GO:0005623	-1	LOC111125867	1.21530098989989
"obsolete cell"	GO:0005623	-1	LOC111134954	-0.360756240102167
"obsolete cell"	GO:0005623	-1	LOC111126949	-0.456172963445779
"obsolete cell"	GO:0005623	-1	LOC111122952	1.5405421115856
"obsolete cell"	GO:0005623	-1	LOC111137009	-0.0319466037893191
"obsolete cell"	GO:0005623	-1	LOC111129147	-0.554545431406365
"obsolete cell"	GO:0005623	-1	LOC111127462	1.06649078715971
"obsolete cell"	GO:0005623	-1	LOC111119161	0.000142702960174126
"obsolete cell"	GO:0005623	-1	LOC111133939	0.260501665735984
"obsolete cell"	GO:0005623	-1	LOC111131840	-0.549138311050669
"obsolete cell"	GO:0005623	-1	LOC111108204	-3.05099538283051
"obsolete cell"	GO:0005623	-1	LOC111105899	0.0433140777014142
"obsolete cell"	GO:0005623	-1	LOC111102230	-0.230207843643045
"obsolete cell"	GO:0005623	-1	LOC111125572	0.241719052949206
"obsolete cell"	GO:0005623	-1	LOC111102234	0.31039304140972
"obsolete cell"	GO:0005623	-1	LOC111121616	0.0772556843021647
"obsolete cell"	GO:0005623	-1	LOC111136218	0.480703417025206
"obsolete cell"	GO:0005623	-1	LOC111137106	1.05498081744922
"obsolete cell"	GO:0005623	-1	LOC111134949	-0.311747098866571
"obsolete cell"	GO:0005623	-1	LOC111125668	0.141810419560597
"obsolete cell"	GO:0005623	-1	LOC111128088	1.12510414109709
"obsolete cell"	GO:0005623	-1	LOC111129693	1.47749534399242
"obsolete cell"	GO:0005623	-1	LOC111129556	-1.35202351814008
"obsolete cell"	GO:0005623	-1	LOC111132810	-1.44665028981635
"obsolete cell"	GO:0005623	-1	LOC111134478	-0.234789771437169
"obsolete cell"	GO:0005623	-1	LOC111104850	1.54359935588087
"obsolete cell"	GO:0005623	-1	LOC111133353	1.27819080876598
"obsolete cell"	GO:0005623	-1	LOC111109469	0.438749558496488
"obsolete cell"	GO:0005623	-1	LOC111136089	1.14953185747523
"obsolete cell"	GO:0005623	-1	LOC111116639	-0.0100278894576409
"obsolete cell"	GO:0005623	-1	LOC111131214	0.0821074789769818
"obsolete cell"	GO:0005623	-1	LOC111118753	2.5914369740029
"obsolete cell"	GO:0005623	-1	LOC111127341	-2.19499768226923
"nucleus"	GO:0005634	3	LOC111120664	0.262857674150779
"nucleus"	GO:0005634	3	LOC111138326	0.404906979828816
"nucleus"	GO:0005634	3	LOC111106235	-0.344458456031762
"nucleus"	GO:0005634	3	LOC111133472	-0.994480236393996
"nucleus"	GO:0005634	3	LOC111131786	-0.19973252169052
"nucleus"	GO:0005634	3	LOC111100179	0.199029729147264
"nucleus"	GO:0005634	3	LOC111109715	0.080783099348734
"nucleus"	GO:0005634	3	LOC111138463	1.33663737225422
"nucleus"	GO:0005634	3	LOC111134887	0.230100411882487
"nucleus"	GO:0005634	3	LOC111121109	-1.43122333583653
"nucleus"	GO:0005634	3	LOC111132242	0.143788378694032
"nucleus"	GO:0005634	3	LOC111136607	0.654624526351815
"nucleus"	GO:0005634	3	LOC111109860	2.05337251046884
"nucleus"	GO:0005634	3	LOC111133871	2.57341530733809
"nucleus"	GO:0005634	3	LOC111131498	1.91543686039977
"nucleus"	GO:0005634	3	LOC111121429	4.90511874106967
"nucleus"	GO:0005634	3	LOC111130413	-0.827585380427868
"nucleus"	GO:0005634	3	LOC111101979	-0.908289614408245
"nucleus"	GO:0005634	3	LOC111136576	0.081807733069122
"nucleus"	GO:0005634	3	LOC111099079	-0.616369211812411
"nucleus"	GO:0005634	3	LOC111112859	-0.183073469609464
"nucleus"	GO:0005634	3	LOC111126412	-0.314655611858281
"nucleus"	GO:0005634	3	LOC111135210	0.18872442402842
"nucleus"	GO:0005634	3	LOC111128718	-0.655655171222112
"nucleus"	GO:0005634	3	LOC111120825	-0.34498841307709
"nucleus"	GO:0005634	3	LOC111104480	-0.0267933621574272
"nucleus"	GO:0005634	3	LOC111106945	0.454654742884201
"nucleus"	GO:0005634	3	LOC111131693	0.106093911705514
"nucleus"	GO:0005634	3	LOC111131337	-1.19724015039212
"nucleus"	GO:0005634	3	LOC111127729	1.79647818460269
"nucleus"	GO:0005634	3	LOC111131506	-0.65317974350856
"nucleus"	GO:0005634	3	LOC111120138	0.137925969484606
"nucleus"	GO:0005634	3	LOC111130932	0.71875176211516
"nucleus"	GO:0005634	3	LOC111121806	1.18513565395865
"nucleus"	GO:0005634	3	LOC111131718	-0.315986218537675
"nucleus"	GO:0005634	3	LOC111121080	0.346061691772953
"nucleus"	GO:0005634	3	LOC111127488	0.0999070433766447
"nucleus"	GO:0005634	3	LOC111135550	0.271770794149797
"nucleus"	GO:0005634	3	LOC111113042	1.11614897605305
"nucleus"	GO:0005634	3	LOC111107123	-0.0343917727689547
"nucleus"	GO:0005634	3	LOC111106561	-0.374784216313548
"nucleus"	GO:0005634	3	LOC111137803	-0.554637818298078
"nucleus"	GO:0005634	3	LOC111122449	1.72655366855355
"nucleus"	GO:0005634	3	LOC111118767	-0.340365936628664
"nucleus"	GO:0005634	3	LOC111122966	1.24999091471543
"nucleus"	GO:0005634	3	LOC111120745	0.332075619228592
"nucleus"	GO:0005634	3	LOC111114430	0.758940436327675
"nucleus"	GO:0005634	3	LOC111126579	0.166888705300867
"nucleus"	GO:0005634	3	LOC111106265	-0.034363601710815
"nucleus"	GO:0005634	3	LOC111103989	-0.782005379640211
"nucleus"	GO:0005634	3	LOC111128416	-0.435397356503511
"nucleus"	GO:0005634	3	LOC111132648	-1.63091330752418
"nucleus"	GO:0005634	3	LOC111122503	0.439720024056992
"nucleus"	GO:0005634	3	LOC111107548	-1.38747897684838
"nucleus"	GO:0005634	3	LOC111119628	-0.377784491122639
"nucleus"	GO:0005634	3	LOC111126210	-1.07380718283931
"nucleus"	GO:0005634	3	LOC111124711	1.29528409409297
"nucleus"	GO:0005634	3	LOC111132082	0.437951252036074
"nucleus"	GO:0005634	3	LOC111120921	-0.238827068216731
"nucleus"	GO:0005634	3	LOC111126659	0.213971613326359
"nucleus"	GO:0005634	3	LOC111100957	0.303838860571123
"nucleus"	GO:0005634	3	LOC111129017	-1.91801474181597
"nucleus"	GO:0005634	3	LOC111132118	-1.02729919738328
"nucleus"	GO:0005634	3	LOC111119225	-1.67608544661232
"nucleus"	GO:0005634	3	LOC111118761	0.818830541435823
"nucleus"	GO:0005634	3	LOC111133954	-0.0958879822251999
"nucleus"	GO:0005634	3	LOC111128560	2.76370030028302
"nucleus"	GO:0005634	3	LOC111111256	0.072504383966845
"nucleus"	GO:0005634	3	LOC111120812	-0.25502293160504
"nucleus"	GO:0005634	3	LOC111125868	-1.77441156902566
"nucleus"	GO:0005634	3	LOC111121349	0.000903248553633081
"nucleus"	GO:0005634	3	LOC111133006	0.195824521547582
"nucleus"	GO:0005634	3	LOC111136413	0.562243726462637
"nucleus"	GO:0005634	3	LOC111128831	7.3671620275769
"nucleus"	GO:0005634	3	LOC111137693	0.650597995976342
"nucleus"	GO:0005634	3	LOC111136672	-1.45671755527295
"nucleus"	GO:0005634	3	LOC111105474	-0.867314044670909
"nucleus"	GO:0005634	3	LOC111129301	-0.900529494182354
"nucleus"	GO:0005634	3	LOC111135564	0.289807017255233
"nucleus"	GO:0005634	3	LOC111100362	-0.033181289621639
"nucleus"	GO:0005634	3	LOC111120856	1.28278355059626
"nucleus"	GO:0005634	3	LOC111121590	-4.03164032368336
"nucleus"	GO:0005634	3	LOC111128739	-0.0735971814914183
"nucleus"	GO:0005634	3	LOC111128384	-0.473113604577491
"nucleus"	GO:0005634	3	LOC111134501	-0.531909811775265
"nucleus"	GO:0005634	3	LOC111126675	0.0872751501249348
"nucleus"	GO:0005634	3	LOC111128950	-3.49281200930562
"nucleus"	GO:0005634	3	LOC111104245	1.05402884376647
"nucleus"	GO:0005634	3	LOC111128425	1.4556264207475
"nucleus"	GO:0005634	3	LOC111127224	-1.61639874054876e-05
"nucleus"	GO:0005634	3	LOC111135365	-0.284689556229226
"nucleus"	GO:0005634	3	LOC111127086	-0.400856849540684
"nucleus"	GO:0005634	3	LOC111136459	1.0638779528435
"nucleus"	GO:0005634	3	LOC111118766	-5.11753885736318
"nucleus"	GO:0005634	3	LOC111127060	0.627325726968127
"nucleus"	GO:0005634	3	LOC111119756	-0.585408315050725
"nucleus"	GO:0005634	3	LOC111134926	3.46001224770643
"nucleus"	GO:0005634	3	LOC111120092	-0.360901374864715
"nucleus"	GO:0005634	3	LOC111126052	-0.153006780928212
"nucleus"	GO:0005634	3	LOC111135015	-0.443962981094496
"nucleus"	GO:0005634	3	LOC111134471	0.0236692594928339
"nucleus"	GO:0005634	3	LOC111131637	0.0730232592548523
"nucleus"	GO:0005634	3	LOC111103304	-3.21790356491622
"nucleus"	GO:0005634	3	LOC111123801	-0.448804591925135
"nucleus"	GO:0005634	3	LOC111118832	-0.12172575993906
"nucleus"	GO:0005634	3	LOC111120863	-1.01226012227394
"nucleus"	GO:0005634	3	LOC111118479	1.35947035106331
"nucleus"	GO:0005634	3	LOC111121541	1.25206416226795
"nucleus"	GO:0005634	3	LOC111107854	-0.269383840378433
"nucleus"	GO:0005634	3	LOC111124329	0.775524591268129
"nucleus"	GO:0005634	3	LOC111121185	-0.703983526140964
"nucleus"	GO:0005634	3	LOC111118537	-0.332457455113189
"nucleus"	GO:0005634	3	LOC111125871	0.29504787393233
"nucleus"	GO:0005634	3	LOC111135413	0.267086665724023
"nucleus"	GO:0005634	3	LOC111126822	-2.01901953678229
"nucleus"	GO:0005634	3	LOC111130828	1.12073446354148
"nucleus"	GO:0005634	3	LOC111104381	0.604729483286989
"nucleus"	GO:0005634	3	LOC111125291	2.11266316437625
"nucleus"	GO:0005634	3	LOC111137553	-0.24246663791218
"nucleus"	GO:0005634	3	LOC111130755	0.143054994881343
"nucleus"	GO:0005634	3	LOC111124560	-1.00888629268786
"nucleus"	GO:0005634	3	LOC111113331	0.038728338597155
"nucleus"	GO:0005634	3	LOC111120888	0.203939121597443
"nucleus"	GO:0005634	3	LOC111121688	0.112599519532862
"nucleus"	GO:0005634	3	LOC111114843	-0.420307622460171
"nucleus"	GO:0005634	3	LOC111129467	1.05331307441261
"nucleus"	GO:0005634	3	LOC111120639	-1.13129826227789
"nucleus"	GO:0005634	3	LOC111111443	-0.0494213108489552
"nucleus"	GO:0005634	3	LOC111127772	0.104142322909104
"nucleus"	GO:0005634	3	LOC111121745	0.264011419803659
"nucleus"	GO:0005634	3	LOC111106097	0.0115266231055972
"nucleus"	GO:0005634	3	LOC111125980	0.579211678983999
"nucleus"	GO:0005634	3	LOC111099083	-0.120046194030006
"nucleus"	GO:0005634	3	LOC111118068	0.0327649905248628
"nucleus"	GO:0005634	3	LOC111119281	0.00170860137319286
"nucleus"	GO:0005634	3	LOC111109520	-0.550222142660675
"nucleus"	GO:0005634	3	LOC111126788	-1.68114181600067
"nucleus"	GO:0005634	3	LOC111103429	-0.418392686920602
"nucleus"	GO:0005634	3	LOC111118770	-0.0917869614086401
"nucleus"	GO:0005634	3	LOC111122214	-0.0731335282784401
"nucleus"	GO:0005634	3	LOC111128428	-0.00530522369113387
"nucleus"	GO:0005634	3	LOC111104162	0.377941948907622
"nucleus"	GO:0005634	3	LOC111113319	-0.53277829994294
"nucleus"	GO:0005634	3	LOC111109809	0.304156026655181
"nucleus"	GO:0005634	3	LOC111107584	-0.961396756634342
"nucleus"	GO:0005634	3	LOC111120170	0.474324346101192
"nucleus"	GO:0005634	3	LOC111100857	0.705327626473622
"nucleus"	GO:0005634	3	LOC111121322	0.901440445003829
"nucleus"	GO:0005634	3	LOC111118536	0.130528637387912
"nucleus"	GO:0005634	3	LOC111103598	-0.438585500476169
"nucleus"	GO:0005634	3	LOC111127308	-1.88944063729743
"nucleus"	GO:0005634	3	LOC111119637	-0.133199303789572
"nucleus"	GO:0005634	3	LOC111125123	-2.33665331112494
"nucleus"	GO:0005634	3	LOC111128424	-0.46281757522982
"nucleus"	GO:0005634	3	LOC111120555	0.0813944251424605
"nucleus"	GO:0005634	3	LOC111105462	-0.638869442517436
"nucleus"	GO:0005634	3	LOC111105116	1.16945263253788
"nucleus"	GO:0005634	3	LOC111107686	-0.324623296162207
"nucleus"	GO:0005634	3	LOC111120641	-0.531545371770032
"nucleus"	GO:0005634	3	LOC111118760	1.34525030908367
"nucleus"	GO:0005634	3	LOC111136602	-0.705178094103373
"nucleus"	GO:0005634	3	LOC111115597	-0.936527697314189
"nucleus"	GO:0005634	3	LOC111103867	0.3253428861806
"nucleus"	GO:0005634	3	LOC111137518	0.971332604222872
"nucleus"	GO:0005634	3	LOC111127293	-3.8067570385887
"nucleus"	GO:0005634	3	LOC111125906	0.46476466015843
"nucleus"	GO:0005634	3	LOC111135485	-2.73427928897652
"nucleus"	GO:0005634	3	LOC111129823	1.6114531012068
"nucleus"	GO:0005634	3	LOC111119024	-0.03109979284681
"nucleus"	GO:0005634	3	LOC111124667	0.388887732788655
"nucleus"	GO:0005634	3	LOC111137280	-0.185668463401073
"nucleus"	GO:0005634	3	LOC111136415	-0.416480450126044
"nucleus"	GO:0005634	3	LOC111135284	0.728920725768339
"nucleus"	GO:0005634	3	LOC111107692	-0.184376571114651
"nucleus"	GO:0005634	3	LOC111135331	0.382686183042493
"nucleus"	GO:0005634	3	LOC111134971	2.40406855135471
"nucleus"	GO:0005634	3	LOC111106006	0.331151794021619
"nucleus"	GO:0005634	3	LOC111118485	0.614316901530296
"nucleus"	GO:0005634	3	LOC111119248	-0.419618383155829
"nucleus"	GO:0005634	3	LOC111122426	0.267668381462859
"nucleus"	GO:0005634	3	LOC111123630	0.951255188920162
"nucleus"	GO:0005634	3	LOC111118756	-1.95207636176302
"nucleus"	GO:0005634	3	LOC111121776	-0.180133493203222
"nucleus"	GO:0005634	3	LOC111105728	-0.283394657692556
"nucleus"	GO:0005634	3	LOC111103117	0.350669359398466
"nucleus"	GO:0005634	3	LOC111113135	-0.690004906128908
"nucleus"	GO:0005634	3	LOC111119812	0.570972862606641
"nucleus"	GO:0005634	3	LOC111118539	1.13476323964503
"nucleus"	GO:0005634	3	LOC111121626	0.085802509273532
"nucleus"	GO:0005634	3	LOC111129399	1.06356192941762
"nucleus"	GO:0005634	3	LOC111101768	-0.0734860555543665
"nucleus"	GO:0005634	3	LOC111136465	0.636420176466238
"nucleus"	GO:0005634	3	LOC111119198	0.175098720177404
"nucleus"	GO:0005634	3	LOC111137164	0.568421440530087
"nucleus"	GO:0005634	3	LOC111127914	-0.711515325108104
"nucleus"	GO:0005634	3	LOC111099426	-2.79876323800975
"nucleus"	GO:0005634	3	LOC111121695	0.170636567058486
"nucleus"	GO:0005634	3	LOC111131379	0.488845521791036
"nucleus"	GO:0005634	3	LOC111124710	-0.70776554133903
"nucleus"	GO:0005634	3	LOC111136477	2.64338448825302
"nucleus"	GO:0005634	3	LOC111126083	1.15410586860075
"nucleus"	GO:0005634	3	LOC111120991	0.936319108095983
"nucleus"	GO:0005634	3	LOC111119173	-2.11345644971482
"nucleus"	GO:0005634	3	LOC111102079	-0.829437620721145
"nucleus"	GO:0005634	3	LOC111126107	0.978022179581303
"nucleus"	GO:0005634	3	LOC111133797	0.402855408772914
"nucleus"	GO:0005634	3	LOC111100279	0.895655051550568
"nucleus"	GO:0005634	3	LOC111113958	1.61142492521936
"nucleus"	GO:0005634	3	LOC111117586	0.583553904338057
"nucleus"	GO:0005634	3	LOC111120886	-0.377883441872982
"nucleus"	GO:0005634	3	LOC111099925	0.20535398429607
"nucleus"	GO:0005634	3	LOC111118511	-1.2791637387092
"nucleus"	GO:0005634	3	LOC111125468	-0.219597267182258
"nucleus"	GO:0005634	3	LOC111126301	-2.1023241287224
"nucleus"	GO:0005634	3	LOC111128436	-0.151374838009138
"nucleus"	GO:0005634	3	LOC111129824	-0.746058945326604
"nucleus"	GO:0005634	3	LOC111103914	0.862973115460828
"nucleus"	GO:0005634	3	LOC111104149	-0.078520737611694
"nucleus"	GO:0005634	3	LOC111118496	1.22020178256854
"nucleus"	GO:0005634	3	LOC111099375	0.176964070205456
"nucleus"	GO:0005634	3	LOC111133338	0.0735628129659556
"nucleus"	GO:0005634	3	LOC111135682	0.215078715014314
"nucleus"	GO:0005634	3	LOC111106208	-1.85307300460578
"nucleus"	GO:0005634	3	LOC111111498	0.0473261995579414
"nucleus"	GO:0005634	3	LOC111123770	0.459698142210504
"nucleus"	GO:0005634	3	LOC111103422	-0.0920160971468789
"nucleus"	GO:0005634	3	LOC111122904	-0.300479825971862
"nucleus"	GO:0005634	3	LOC111114451	-0.849903320954732
"nucleus"	GO:0005634	3	LOC111125748	0.14966742690394
"nucleus"	GO:0005634	3	LOC111108640	0.356913653828676
"nucleus"	GO:0005634	3	LOC111120267	0.993737056572922
"nucleus"	GO:0005634	3	LOC111135354	0.126668093830042
"nucleus"	GO:0005634	3	LOC111126890	-0.326005848741135
"nucleus"	GO:0005634	3	LOC111128461	1.75503127826019
"nucleus"	GO:0005634	3	LOC111124726	-0.0132810122481454
"nucleus"	GO:0005634	3	LOC111118527	0.145610988439466
"nucleus"	GO:0005634	3	LOC111133207	-0.0462003476028674
"nucleus"	GO:0005634	3	LOC111116220	-0.890803458197964
"nucleus"	GO:0005634	3	LOC111100851	1.94505839749139
"nucleus"	GO:0005634	3	LOC111136748	0.24900234732994
"nucleus"	GO:0005634	3	LOC111123492	-2.30002903067881
"nucleus"	GO:0005634	3	LOC111118002	-0.645692565013283
"nucleus"	GO:0005634	3	LOC111118762	1.37289700636435
"nucleus"	GO:0005634	3	LOC111109822	0.855936106915283
"nucleus"	GO:0005634	3	LOC111121810	-0.154762195292625
"nucleus"	GO:0005634	3	LOC111119157	0.184950177705116
"nucleus"	GO:0005634	3	LOC111124637	4.5112497255429
"nucleus"	GO:0005634	3	LOC111120048	1.31616678407645
"nucleus"	GO:0005634	3	LOC111127260	0.275715035215608
"nucleus"	GO:0005634	3	LOC111112880	0.316165603839224
"nucleus"	GO:0005634	3	LOC111124451	1.11670546142459
"nucleus"	GO:0005634	3	LOC111133963	0.380069708596654
"nucleus"	GO:0005634	3	LOC111135801	-0.107398893242538
"nucleus"	GO:0005634	3	LOC111125907	-1.46631500689747
"nucleus"	GO:0005634	3	LOC111131487	15.232128722287
"nucleus"	GO:0005634	3	LOC111126428	1.00901015577045
"nucleus"	GO:0005634	3	LOC111122680	-1.37798287501158
"nucleus"	GO:0005634	3	LOC111129165	2.04327783935658
"nucleus"	GO:0005634	3	LOC111129195	0.180027420956679
"nucleus"	GO:0005634	3	LOC111136729	0.512540441424385
"nucleus"	GO:0005634	3	LOC111129656	0.0498287466249692
"nucleus"	GO:0005634	3	LOC111128039	0.956689154077677
"nucleus"	GO:0005634	3	LOC111110608	-0.250263854279389
"nucleus"	GO:0005634	3	LOC111118512	1.70832759786707
"nucleus"	GO:0005634	3	LOC111126844	-0.747928093535659
"nucleus"	GO:0005634	3	LOC111118274	1.04579820082938
"nucleus"	GO:0005634	3	LOC111123907	-0.0669731712426143
"nucleus"	GO:0005634	3	LOC111122502	0.445493911267188
"nucleus"	GO:0005634	3	LOC111134475	1.49135507816545
"nucleus"	GO:0005634	3	LOC111124843	-0.389311487145937
"nucleus"	GO:0005634	3	LOC111118682	-0.171753276943751
"nucleus"	GO:0005634	3	LOC111115556	1.5967799998064
"nucleus"	GO:0005634	3	LOC111137254	-0.931353499431274
"nucleus"	GO:0005634	3	LOC111138243	-0.0267092278335216
"nucleus"	GO:0005634	3	LOC111135381	-0.569151302533269
"nucleus"	GO:0005634	3	LOC111135445	7.00492830499638
"nucleus"	GO:0005634	3	LOC111121456	0.737451207736603
"nucleus"	GO:0005634	3	LOC111133970	0.204812281783237
"nucleus"	GO:0005634	3	LOC111121480	-0.248399324080157
"nucleus"	GO:0005634	3	LOC111104153	0.0625143178950343
"nucleus"	GO:0005634	3	LOC111132383	-1.14207916304856
"nucleus"	GO:0005634	3	LOC111121690	5.62202534438467
"nucleus"	GO:0005634	3	LOC111103623	0.0346933906898699
"nucleus"	GO:0005634	3	LOC111102993	-2.66847594262598
"nucleus"	GO:0005634	3	LOC111129906	-0.227305005795231
"nucleus"	GO:0005634	3	LOC111108639	0.546051176628295
"nucleus"	GO:0005634	3	LOC111105896	-1.18133848710934
"nucleus"	GO:0005634	3	LOC111121809	0.63870892245022
"nucleus"	GO:0005634	3	LOC111107813	0.571000101903144
"nucleus"	GO:0005634	3	LOC111120308	-0.628749719850547
"nucleus"	GO:0005634	3	LOC111133703	1.93338370234753
"nucleus"	GO:0005634	3	LOC111118772	-0.938514486553413
"nucleus"	GO:0005634	3	LOC111130565	0.433762699423969
"nucleus"	GO:0005634	3	LOC111137447	0.174199593172163
"nucleus"	GO:0005634	3	LOC111131690	0.274893383947691
"nucleus"	GO:0005634	3	LOC111101883	-2.83436950717217
"nucleus"	GO:0005634	3	LOC111118710	-0.554941187046722
"nucleus"	GO:0005634	3	LOC111120984	1.3264355253655
"nucleus"	GO:0005634	3	LOC111124573	-0.647386225012668
"nucleus"	GO:0005634	3	LOC111136875	0.659869518614243
"nucleus"	GO:0005634	3	LOC111129924	0.558903681229323
"nucleus"	GO:0005634	3	LOC111103635	-2.74863112114225
"nucleus"	GO:0005634	3	LOC111111537	-0.844994412177636
"nucleus"	GO:0005634	3	LOC111119151	2.44516515498684
"nucleus"	GO:0005634	3	LOC111130292	0.736989010406807
"nucleus"	GO:0005634	3	LOC111116311	0.212433704096046
"nucleus"	GO:0005634	3	LOC111135499	-2.35312128904906
"nucleus"	GO:0005634	3	LOC111119654	0.0508178988854789
"nucleus"	GO:0005634	3	LOC111108491	1.81676996862488
"nucleus"	GO:0005634	3	LOC111109706	0.0855415565163092
"nucleus"	GO:0005634	3	LOC111137415	0.87533134630405
"nucleus"	GO:0005634	3	LOC111118959	-19.0237091078203
"nucleus"	GO:0005634	3	LOC111128534	-1.00750255012795
"nucleus"	GO:0005634	3	LOC111133404	0.510768377221669
"nucleus"	GO:0005634	3	LOC111118431	0.829372338085955
"nucleus"	GO:0005634	3	LOC111132456	1.75811189820804
"nucleus"	GO:0005634	3	LOC111135402	1.96877882007527
"nucleus"	GO:0005634	3	LOC111135570	-1.32018124371414
"nucleus"	GO:0005634	3	LOC111099067	-0.217422015485308
"nucleus"	GO:0005634	3	LOC111135790	1.26391329092788
"nucleus"	GO:0005634	3	LOC111109766	-1.23888838343492
"nucleus"	GO:0005634	3	LOC111104518	-0.215115427222294
"nucleus"	GO:0005634	3	LOC111133235	-0.442433103286808
"nucleus"	GO:0005634	3	LOC111099585	-2.0726889674565
"nucleus"	GO:0005634	3	LOC111103231	-0.411425776275189
"nucleus"	GO:0005634	3	LOC111125302	1.26395129425079
"nucleus"	GO:0005634	3	LOC111129839	0.404363042432034
"nucleus"	GO:0005634	3	LOC111130043	0.75864500690231
"nucleus"	GO:0005634	3	LOC111125807	0.358100171448118
"nucleus"	GO:0005634	3	LOC111131303	2.6797804641744
"nucleus"	GO:0005634	3	LOC111130416	-1.37772953541038
"nucleus"	GO:0005634	3	LOC111131864	-0.0628927121935862
"nucleus"	GO:0005634	3	LOC111109639	0.3701129629886
"nucleus"	GO:0005634	3	LOC111136239	-0.813238506216045
"nucleus"	GO:0005634	3	LOC111122939	-0.6932112485338
"nucleus"	GO:0005634	3	LOC111130344	1.61879664890786
"nucleus"	GO:0005634	3	LOC111123023	0.491901085819358
"nucleus"	GO:0005634	3	LOC111126341	-0.108802060156462
"nucleus"	GO:0005634	3	LOC111126398	-0.703318725688428
"nucleus"	GO:0005634	3	LOC111117921	-10.6128047874666
"nucleus"	GO:0005634	3	LOC111107427	-2.3676397919557
"nucleus"	GO:0005634	3	LOC111119734	2.06563340812565
"nucleus"	GO:0005634	3	LOC111119449	2.50339374468955
"nucleus"	GO:0005634	3	LOC111134737	-2.96388968441645
"nucleus"	GO:0005634	3	LOC111118367	-0.209128857305511
"nucleus"	GO:0005634	3	LOC111129084	-0.0664622083218106
"nucleus"	GO:0005634	3	LOC111130935	1.38246484735797
"nucleus"	GO:0005634	3	LOC111136320	1.15265825361462
"nucleus"	GO:0005634	3	LOC111099799	-1.34647504612786
"nucleus"	GO:0005634	3	LOC111130067	-0.181684474271811
"nucleus"	GO:0005634	3	LOC111132562	-0.0588947960040015
"nucleus"	GO:0005634	3	LOC111123084	-0.891080322571889
"nucleus"	GO:0005634	3	LOC111131719	0.303963574976623
"nucleus"	GO:0005634	3	LOC111133337	-0.744105300801904
"nucleus"	GO:0005634	3	LOC111133851	0.513737343569471
"nucleus"	GO:0005634	3	LOC111121805	0.0942831715183172
"nucleus"	GO:0005634	3	LOC111115338	-4.68617889481393
"nucleus"	GO:0005634	3	LOC111135254	-4.55495165845331
"nucleus"	GO:0005634	3	LOC111135285	0.796926475828191
"nucleus"	GO:0005634	3	LOC111119585	0.454539083887331
"nucleus"	GO:0005634	3	LOC111112181	0.197469119935176
"nucleus"	GO:0005634	3	LOC111135834	-0.297192400419901
"nucleus"	GO:0005634	3	LOC111104434	0.834987349135715
"nucleus"	GO:0005634	3	LOC111138362	-0.629025158961125
"nucleus"	GO:0005634	3	LOC111129487	-0.58457776659162
"nucleus"	GO:0005634	3	LOC111110214	-0.40273734975483
"nucleus"	GO:0005634	3	LOC111123923	-0.289160764800191
"nucleus"	GO:0005634	3	LOC111125755	0.049772893107742
"nucleus"	GO:0005634	3	LOC111131837	-0.299098466067225
"nucleus"	GO:0005634	3	LOC111119785	-2.44864588871537
"nucleus"	GO:0005634	3	LOC111123852	-1.68459430238259
"nucleus"	GO:0005634	3	LOC111108664	-1.8270298822541
"nucleus"	GO:0005634	3	LOC111100743	0.844534285434286
"nucleus"	GO:0005634	3	LOC111121751	-0.0492527671882936
"nucleus"	GO:0005634	3	LOC111125832	-1.53857005082131
"nucleus"	GO:0005634	3	LOC111105859	1.6612237971287
"nucleus"	GO:0005634	3	LOC111108790	-0.0766917514846063
"nucleus"	GO:0005634	3	LOC111127313	-0.0954318332954285
"nucleus"	GO:0005634	3	LOC111120660	-2.20999661083484
"nucleus"	GO:0005634	3	LOC111124727	-0.467823667518434
"nucleus"	GO:0005634	3	LOC111128772	-1.25893281193856
"nucleus"	GO:0005634	3	LOC111137659	-1.27573283441809
"nucleus"	GO:0005634	3	LOC111138461	-0.932616850911825
"nucleus"	GO:0005634	3	LOC111115356	0.00745085023025282
"nucleus"	GO:0005634	3	LOC111121277	-1.30075764685473
"nucleus"	GO:0005634	3	LOC111134540	1.4696497956233
"nucleus"	GO:0005634	3	LOC111136321	0.317583764976411
"nucleus"	GO:0005634	3	LOC111112551	0.124275174963129
"nucleus"	GO:0005634	3	LOC111134319	0.254300325306677
"nucleus"	GO:0005634	3	LOC111137514	-0.363671030671164
"nucleus"	GO:0005634	3	LOC111100363	0.219704421662128
"nucleus"	GO:0005634	3	LOC111126254	-0.255154134800984
"nucleus"	GO:0005634	3	LOC111128383	-0.426178707662105
"nucleus"	GO:0005634	3	LOC111115135	-0.608255347546525
"nucleus"	GO:0005634	3	LOC111116287	2.51990083293465
"nucleus"	GO:0005634	3	LOC111121165	-0.155217043024784
"nucleus"	GO:0005634	3	LOC111102122	0.108075298770264
"nucleus"	GO:0005634	3	LOC111129829	0.124781169051082
"nucleus"	GO:0005634	3	LOC111121808	-0.0151745578671549
"nucleus"	GO:0005634	3	LOC111114394	0.472753329216373
"nucleus"	GO:0005634	3	LOC111118769	-0.698650261974599
"nucleus"	GO:0005634	3	LOC111124749	0.0457522438605112
"nucleus"	GO:0005634	3	LOC111128988	-0.95963292492609
"nucleus"	GO:0005634	3	LOC111126220	-1.19633753318773
"nucleus"	GO:0005634	3	LOC111120963	3.47371258062598
"nucleus"	GO:0005634	3	LOC111110225	-0.0691291477540416
"nucleus"	GO:0005634	3	LOC111121691	0.0624886037164199
"nucleus"	GO:0005634	3	LOC111121689	0.792719366411906
"nucleus"	GO:0005634	3	LOC111137664	-0.0343509457081578
"nucleus"	GO:0005634	3	LOC111133654	0.963564369112709
"nucleus"	GO:0005634	3	LOC111137100	-0.604134926294193
"nucleus"	GO:0005634	3	LOC111134174	0.487211104717888
"nucleus"	GO:0005634	3	LOC111121835	0.0399812778215186
"nucleus"	GO:0005634	3	LOC111120979	-0.507638149636828
"nucleus"	GO:0005634	3	LOC111102469	0.300850038628116
"nucleus"	GO:0005634	3	LOC111126386	1.61456539017334
"nucleus"	GO:0005634	3	LOC111111322	0.574634844973627
"nucleus"	GO:0005634	3	LOC111128329	-0.112573179061961
"nucleus"	GO:0005634	3	LOC111131013	0.252581731477406
"nucleus"	GO:0005634	3	LOC111128906	1.03419778318445
"nucleus"	GO:0005634	3	LOC111124196	0.171113752935565
"nucleus"	GO:0005634	3	LOC111123590	-0.366526604162085
"nucleus"	GO:0005634	3	LOC111132803	-0.707622831466027
"nucleus"	GO:0005634	3	LOC111099773	-0.385014603379617
"nucleus"	GO:0005634	3	LOC111101726	-1.49676195699272
"nucleus"	GO:0005634	3	LOC111124709	-0.426328347050314
"nucleus"	GO:0005634	3	LOC111099443	1.09274181724857
"nucleus"	GO:0005634	3	LOC111134440	-1.5413592531949
"nucleus"	GO:0005634	3	LOC111130916	-0.196772843131281
"nucleus"	GO:0005634	3	LOC111125289	0.130032115739213
"nucleus"	GO:0005634	3	LOC111108938	-0.40808462894622
"nucleus"	GO:0005634	3	LOC111102391	-0.324351091434789
"nucleus"	GO:0005634	3	LOC111123220	-1.64341508433427
"nucleus"	GO:0005634	3	LOC111125826	0.325264233662559
"nucleus"	GO:0005634	3	LOC111102475	0.296736707591208
"nucleus"	GO:0005634	3	LOC111136242	0.105842143137245
"nucleus"	GO:0005634	3	LOC111103794	-4.70813354780198
"nucleus"	GO:0005634	3	LOC111122313	0.124499198898194
"nucleus"	GO:0005634	3	LOC111107446	1.40162252870052
"nucleus"	GO:0005634	3	LOC111121683	0.272113024288158
"nucleus"	GO:0005634	3	LOC111125540	-0.622004607161796
"nucleus"	GO:0005634	3	LOC111120820	-0.363782381072648
"nucleus"	GO:0005634	3	LOC111123535	0.309055094949665
"nucleus"	GO:0005634	3	LOC111120992	0.0804889946754283
"nucleus"	GO:0005634	3	LOC111134318	0.0410976566803003
"nucleus"	GO:0005634	3	LOC111123365	0.774093806036554
"nucleus"	GO:0005634	3	LOC111124706	-0.317538041089663
"nucleus"	GO:0005634	3	LOC111120810	-0.604319447292543
"nucleus"	GO:0005634	3	LOC111121815	0.283512307693123
"nucleus"	GO:0005634	3	LOC111129967	1.32161666575447
"nucleus"	GO:0005634	3	LOC111114536	1.63600588723222
"nucleus"	GO:0005634	3	LOC111099741	1.19092088467037
"nucleus"	GO:0005634	3	LOC111126163	0.1338943807932
"nucleus"	GO:0005634	3	LOC111128951	0.189321684947618
"nucleus"	GO:0005634	3	LOC111127848	-1.82911753250708
"nucleus"	GO:0005634	3	LOC111118771	-0.11556248807388
"nucleus"	GO:0005634	3	LOC111101110	1.07432281886803
"nucleus"	GO:0005634	3	LOC111118535	-0.348137536191503
"nucleus"	GO:0005634	3	LOC111133368	0.938012418151751
"nucleus"	GO:0005634	3	LOC111121836	-0.0626302343655019
"nucleus"	GO:0005634	3	LOC111112562	0.297435706914294
"nucleus"	GO:0005634	3	LOC111131500	1.90035164904488
"nucleus"	GO:0005634	3	LOC111136216	-0.843549919339597
"nucleus"	GO:0005634	3	LOC111122847	0.607012416555958
"nucleus"	GO:0005634	3	LOC111127458	0.452937498514458
"nucleus"	GO:0005634	3	LOC111104400	-0.369855409059489
"nucleus"	GO:0005634	3	LOC111137108	-0.558464726367788
"nucleus"	GO:0005634	3	LOC111100085	-0.184710249344236
"GO:0043167;unknown"	GO:0043167;unknown	5	LOC111111699	0.382706586288839
"GO:0043167;unknown"	GO:0043167;unknown	5	LOC111107402	0.235042558385705
"GO:0043167;unknown"	GO:0043167;unknown	5	LOC111111772	0.815557591159468
"GO:0043167;unknown"	GO:0043167;unknown	5	LOC111109963	0.129987879538025
"GO:0043167;unknown"	GO:0043167;unknown	5	LOC111117685	-0.409939475313499
"GO:0043167;unknown"	GO:0043167;unknown	5	LOC111111836	0.416107662003172
"GO:0043167;unknown"	GO:0043167;unknown	5	LOC111103529	-1.20455543039648
"GO:0043167;unknown"	GO:0043167;unknown	5	LOC111117740	0.275210406471093
"GO:0043167;unknown"	GO:0043167;unknown	5	LOC111102207	1.14525534060323
"GO:0043167;unknown"	GO:0043167;unknown	5	LOC111133089	1.23284233559867
"GO:0043167;unknown"	GO:0043167;unknown	5	LOC111103570	-0.515919163317957
"GO:0043167;unknown"	GO:0043167;unknown	5	LOC111114987	-0.36336203416725
"GO:0043167;unknown"	GO:0043167;unknown	5	LOC111121866	-0.110097715556165
"GO:0043167;unknown"	GO:0043167;unknown	5	LOC111112669	-0.317554116812295
"GO:0043167;unknown"	GO:0043167;unknown	5	LOC111117044	0.0808960086004567
"GO:0043167;unknown"	GO:0043167;unknown	5	LOC111108357	1.03283344565644
"GO:0043167;unknown"	GO:0043167;unknown	5	LOC111111536	-0.0432484041319811
"GO:0043167;unknown"	GO:0043167;unknown	5	LOC111111343	-0.0368146985541866
"GO:0043167;unknown"	GO:0043167;unknown	5	LOC111133288	-0.116836809672348
"GO:0043167;unknown"	GO:0043167;unknown	5	LOC111112968	-1.53517903300364
"GO:0043167;unknown"	GO:0043167;unknown	5	LOC111116941	0.0582756932790456
"GO:0043167;unknown"	GO:0043167;unknown	5	LOC111101121	2.15677088780753
"GO:0043167;unknown"	GO:0043167;unknown	5	LOC111106139	0.264774399797353
"GO:0043167;unknown"	GO:0043167;unknown	5	LOC111100983	-0.655904531628763
"GO:0043167;unknown"	GO:0043167;unknown	5	LOC111109495	0.260442284371384
"GO:0043167;unknown"	GO:0043167;unknown	5	LOC111137618	-0.172927534485941
"GO:0043167;unknown"	GO:0043167;unknown	5	LOC111116003	-0.034420476873088
"GO:0043167;unknown"	GO:0043167;unknown	5	LOC111109590	-0.0566616944141169
"nuclear chromosome"	GO:0000228	6	LOC111108187	2.30870614838857
"nuclear chromosome"	GO:0000228	6	LOC111112464	0.440637476935236
"nuclear chromosome"	GO:0000228	6	LOC111133731	-0.256888186853725
"nuclear chromosome"	GO:0000228	6	LOC111136250	0.972224189906973
"nuclear chromosome"	GO:0000228	6	LOC111114842	-1.88108088592209
"nuclear chromosome"	GO:0000228	6	LOC111119807	1.36275365862159
"nuclear chromosome"	GO:0000228	6	LOC111137908	-0.176673202622162
"nuclear chromosome"	GO:0000228	6	LOC111127274	0.157307921589188
"nuclear chromosome"	GO:0000228	6	LOC111114783	-0.871565413571126
"nuclear chromosome"	GO:0000228	6	LOC111105834	-0.250607749491555
"nuclear chromosome"	GO:0000228	6	LOC111107333	2.01118832234659
"nuclear chromosome"	GO:0000228	6	LOC111110554	0.136109765280722
"nuclear chromosome"	GO:0000228	6	LOC111123963	1.98553304163257
"nuclear chromosome"	GO:0000228	6	LOC111105716	-0.172529754222272
"nuclear chromosome"	GO:0000228	6	LOC111136545	0.49802423564788
"nuclear chromosome"	GO:0000228	6	LOC111112663	0.324162663771854
"nuclear chromosome"	GO:0000228	6	LOC111113417	-1.45962498957003
"nuclear chromosome"	GO:0000228	6	LOC111108477	0.326968038102307
"nuclear chromosome"	GO:0000228	6	LOC111138046	-0.574917822351732
"nuclear chromosome"	GO:0000228	6	LOC111118359	-0.0336523601732884
"nuclear chromosome"	GO:0000228	6	LOC111125562	-0.501253950348118
"nuclear chromosome"	GO:0000228	6	LOC111135651	0.50210464960097
"nuclear chromosome"	GO:0000228	6	LOC111130322	-0.214701701026798
"nuclear chromosome"	GO:0000228	6	LOC111104383	-0.858247250246783
"nuclear chromosome"	GO:0000228	6	LOC111129242	0.935771215295255
"nuclear chromosome"	GO:0000228	6	LOC111103115	0.581922755144927
"nuclear chromosome"	GO:0000228	6	LOC111136660	-3.56372360530457
"nuclear chromosome"	GO:0000228	6	LOC111113134	-0.778840018027985
"nuclear chromosome"	GO:0000228	6	LOC111116302	0.0497939067391947
"nuclear chromosome"	GO:0000228	6	LOC111128054	-0.259799164760707
"nuclear chromosome"	GO:0000228	6	LOC111118701	-0.70003767080475
"nuclear chromosome"	GO:0000228	6	LOC111104368	0.919736475438392
"nuclear chromosome"	GO:0000228	6	LOC111104167	1.19182915821508
"nuclear chromosome"	GO:0000228	6	LOC111133017	0.0191732256182126
"nuclear chromosome"	GO:0000228	6	LOC111136246	0.045467475844084
"nuclear chromosome"	GO:0000228	6	LOC111130510	0.726569283458106
"nuclear chromosome"	GO:0000228	6	LOC111137104	-0.283652025523309
"nuclear chromosome"	GO:0000228	6	LOC111130950	0.233980624547188
"nuclear chromosome"	GO:0000228	6	LOC111134368	-1.92055089422582
"nuclear chromosome"	GO:0000228	6	LOC111131043	-0.00997929000972226
"nuclear chromosome"	GO:0000228	6	LOC111126958	0.568826192480875
"nucleolus"	GO:0005730	3	LOC111135336	1.16718083401116
"nucleolus"	GO:0005730	3	LOC111128153	0.482828654032287
"nucleolus"	GO:0005730	3	LOC111133147	-0.257472041417004
"nucleolus"	GO:0005730	3	LOC111101091	-0.0884245248208061
"nucleolus"	GO:0005730	3	LOC111119560	0.211455966622566
"nucleolus"	GO:0005730	3	LOC111119695	1.37495412912114
"nucleolus"	GO:0005730	3	LOC111116137	-0.164682375322041
"nucleolus"	GO:0005730	3	LOC111137679	-1.0782051080889
"nucleolus"	GO:0005730	3	LOC111102974	1.46339478045871
"nucleolus"	GO:0005730	3	LOC111119909	0.283708021988501
"nucleolus"	GO:0005730	3	LOC111118069	-0.812890385899247
"nucleolus"	GO:0005730	3	LOC111129078	1.01367665554291
"nucleolus"	GO:0005730	3	LOC111112947	0.63258376654047
"nucleolus"	GO:0005730	3	LOC111118291	0.426164267770552
"nucleolus"	GO:0005730	3	LOC111120769	-0.0233064909367063
"nucleolus"	GO:0005730	3	LOC111103789	-0.448066073535382
"nucleolus"	GO:0005730	3	LOC111120056	1.35748467832511
"nucleolus"	GO:0005730	3	LOC111133143	0.363349980770224
"nucleolus"	GO:0005730	3	LOC111117997	-0.226354538923095
"nucleolus"	GO:0005730	3	LOC111111194	-0.443573151690291
"nucleolus"	GO:0005730	3	LOC111136991	-0.643218793359433
"nucleolus"	GO:0005730	3	LOC111125413	-3.15977174726829
"nucleolus"	GO:0005730	3	LOC111122435	-0.127418808596879
"nucleolus"	GO:0005730	3	LOC111104266	-0.182410597920502
"nucleolus"	GO:0005730	3	LOC111102132	1.374587069231
"nucleolus"	GO:0005730	3	LOC111137181	1.41323124489174
"nucleolus"	GO:0005730	3	LOC111129243	-0.1589817406405
"nucleolus"	GO:0005730	3	LOC111109968	-0.351748703439621
"nucleolus"	GO:0005730	3	LOC111136987	2.17551050648146
"nucleolus"	GO:0005730	3	LOC111121947	-0.740885219640996
"nucleolus"	GO:0005730	3	LOC111129570	2.76929551427317
"nucleolus"	GO:0005730	3	LOC111125138	-0.0303617361326848
"nucleolus"	GO:0005730	3	LOC111135723	-0.533609497863823
"GO:0003674;GO:0005575;GO:0007165;unknown"	GO:0003674;GO:0005575;GO:0007165;unknown	5	LOC111128930	0.935011838754209
"GO:0003674;GO:0005575;GO:0007165;unknown"	GO:0003674;GO:0005575;GO:0007165;unknown	5	LOC111118229	0.730128824437891
"GO:0003674;GO:0005575;GO:0007165;unknown"	GO:0003674;GO:0005575;GO:0007165;unknown	5	LOC111130159	-0.0783850015762095
"GO:0003674;GO:0005575;GO:0007165;unknown"	GO:0003674;GO:0005575;GO:0007165;unknown	5	LOC111110367	0.735977404765285
"GO:0003674;GO:0005575;GO:0007165;unknown"	GO:0003674;GO:0005575;GO:0007165;unknown	5	LOC111137631	-1.71621595060928
"unknown"	unknown	5	LOC111117516	-0.350204846119265
"unknown"	unknown	5	LOC111102997	-0.627705177403182
"unknown"	unknown	5	LOC111113195	0.560334215352666
"unknown"	unknown	5	LOC111134127	0.249237135227757
"unknown"	unknown	5	LOC111125247	0.782673715226378
"unknown"	unknown	5	LOC111129470	-0.0946101181978303
"unknown"	unknown	5	LOC111118186	0.32862489351404
"unknown"	unknown	5	LOC111123469	-0.380040284288396
"unknown"	unknown	5	LOC111117304	-0.190199931508981
"unknown"	unknown	5	LOC111113864	-0.303043992889924
"unknown"	unknown	5	LOC111100796	-0.29527723438624
"unknown"	unknown	5	LOC111120134	-0.720759826476256
"unknown"	unknown	5	LOC111132033	0.00642308664276869
"unknown"	unknown	5	LOC111137251	0.943150189088689
"unknown"	unknown	5	LOC111124371	-0.239283721554208
"unknown"	unknown	5	LOC111119099	-0.437922667527077
"unknown"	unknown	5	LOC111135670	4.80896647017098
"unknown"	unknown	5	LOC111122643	2.84297986832874
"unknown"	unknown	5	LOC111136486	0.0568049450396474
"unknown"	unknown	5	LOC111123478	0.104838966460803
"unknown"	unknown	5	LOC111124351	-0.259667827948023
"unknown"	unknown	5	LOC111135498	-2.4465880393504
"unknown"	unknown	5	LOC111119121	-0.50862659360618
"unknown"	unknown	5	LOC111117072	-0.229980871076877
"unknown"	unknown	5	LOC111100701	0.626424292645516
"unknown"	unknown	5	LOC111100853	1.6931741945534
"unknown"	unknown	5	LOC111126253	0.471042227924841
"unknown"	unknown	5	LOC111117278	0.875819322320462
"unknown"	unknown	5	LOC111117649	-0.812980044334642
"unknown"	unknown	5	LOC111118619	0.281824690294037
"unknown"	unknown	5	LOC111124098	-0.817657515697733
"unknown"	unknown	5	LOC111136080	-1.15993263959469
"unknown"	unknown	5	LOC111119428	-0.280209006480155
"unknown"	unknown	5	LOC111132627	-2.70797783461197
"unknown"	unknown	5	LOC111106903	-0.405262144319309
"unknown"	unknown	5	LOC111104446	0.140249473731828
"unknown"	unknown	5	LOC111108948	-0.563364772605842
"unknown"	unknown	5	LOC111125313	-1.38827029377083
"unknown"	unknown	5	LOC111121161	-0.58475361097386
"unknown"	unknown	5	LOC111123974	0.0154794890900722
"unknown"	unknown	5	LOC111101301	0.457748512809613
"unknown"	unknown	5	LOC111112359	-0.380300242407075
"unknown"	unknown	5	LOC111116933	0.0951479101827299
"unknown"	unknown	5	LOC111126836	-1.58354873167273
"unknown"	unknown	5	LOC111132895	1.01533607976926
"unknown"	unknown	5	LOC111103163	0.430871738072411
"unknown"	unknown	5	LOC111099511	1.65786452173721
"unknown"	unknown	5	LOC111131423	-2.09752121016019
"unknown"	unknown	5	LOC111127439	-1.21998811092813
"unknown"	unknown	5	LOC111101864	0.920989799142871
"unknown"	unknown	5	LOC111133974	0.930400852341115
"unknown"	unknown	5	LOC111136190	-0.82345204923339
"unknown"	unknown	5	LOC111133914	-0.115975082753914
"unknown"	unknown	5	LOC111108451	0.519948133580761
"unknown"	unknown	5	LOC111115891	0.0110832830719955
"unknown"	unknown	5	LOC111102200	0.640719460694944
"unknown"	unknown	5	LOC111103049	-0.00452161921967585
"unknown"	unknown	5	LOC111115738	-0.245274650433847
"unknown"	unknown	5	LOC111111120	0.522932094681536
"unknown"	unknown	5	LOC111137856	-0.784927749513636
"unknown"	unknown	5	LOC111136016	0.701469960441373
"unknown"	unknown	5	LOC111112667	1.25573197431356
"unknown"	unknown	5	LOC111125584	-0.543424226852789
"unknown"	unknown	5	LOC111107106	-0.0181210650248619
"unknown"	unknown	5	LOC111107414	1.81987405584696
"unknown"	unknown	5	LOC111130861	-0.255264302608328
"unknown"	unknown	5	LOC111119462	-0.680123993757532
"unknown"	unknown	5	LOC111104325	8.03214359296629
"unknown"	unknown	5	LOC111102451	-0.336171459868804
"unknown"	unknown	5	LOC111106885	0.0650826193060765
"unknown"	unknown	5	LOC111114426	0.909754998517114
"unknown"	unknown	5	LOC111103837	2.85568163521921
"unknown"	unknown	5	LOC111123780	-0.544020523285395
"unknown"	unknown	5	LOC111132078	0.124436438491219
"unknown"	unknown	5	LOC111117485	0.614909939845279
"unknown"	unknown	5	LOC111128850	0.381651202959745
"unknown"	unknown	5	LOC111110059	-0.381859051745705
"unknown"	unknown	5	LOC111137416	-0.0814780426561501
"unknown"	unknown	5	LOC111101544	-2.21442368236021
"unknown"	unknown	5	LOC111113325	-0.752433199574302
"unknown"	unknown	5	LOC111121935	-0.266942090143338
"unknown"	unknown	5	LOC111099789	0.17749266488851
"unknown"	unknown	5	LOC111118647	0.344820850097806
"unknown"	unknown	5	LOC111117138	-1.02305062988023
"unknown"	unknown	5	LOC111124905	-1.76651333013912
"unknown"	unknown	5	LOC111129886	-3.52430613223453
"unknown"	unknown	5	LOC111104657	0.0590764408520678
"unknown"	unknown	5	LOC111137229	0.324184962632168
"unknown"	unknown	5	LOC111107601	0.516369365287801
"unknown"	unknown	5	LOC111114524	-0.252207574263553
"unknown"	unknown	5	LOC111131623	1.2909689128479
"unknown"	unknown	5	LOC111112664	1.55689151689581
"unknown"	unknown	5	LOC111136946	0.00256351547857889
"unknown"	unknown	5	LOC111133940	-0.841499819192981
"unknown"	unknown	5	LOC111118746	-0.85854382863311
"unknown"	unknown	5	LOC111137135	-0.280806393424873
"unknown"	unknown	5	LOC111100408	-1.37386111138225
"unknown"	unknown	5	LOC111106616	0.975296727750392
"unknown"	unknown	5	LOC111118973	2.72838789967408
"unknown"	unknown	5	LOC111119112	-1.48021572346698
"unknown"	unknown	5	LOC111134856	1.3267479609767
"unknown"	unknown	5	LOC111113580	-1.4228512232431
"unknown"	unknown	5	LOC111135638	1.44934993511376
"unknown"	unknown	5	LOC111116745	-0.49849476079155
"unknown"	unknown	5	LOC111136922	1.30058272104112
"unknown"	unknown	5	LOC111102366	0.149706255519993
"unknown"	unknown	5	LOC111111978	0.359868362634861
"unknown"	unknown	5	LOC111115217	-0.143752640748803
"unknown"	unknown	5	LOC111111290	0.418366174260316
"unknown"	unknown	5	LOC111135484	-0.230176780131856
"unknown"	unknown	5	LOC111111006	2.43189186378964
"unknown"	unknown	5	LOC111107886	-0.303849939108147
"unknown"	unknown	5	LOC111106289	-1.75596596276033
"unknown"	unknown	5	LOC111108743	0.53215327436835
"unknown"	unknown	5	LOC111110296	-2.74125386685666
"unknown"	unknown	5	LOC111122165	-0.589931371883682
"unknown"	unknown	5	LOC111119205	-1.01920894498005
"unknown"	unknown	5	LOC111105839	-0.934643743625071
"unknown"	unknown	5	LOC111111808	-0.170096954412819
"unknown"	unknown	5	LOC111132173	-0.00435564423558392
"unknown"	unknown	5	LOC111123357	0.979467328155776
"unknown"	unknown	5	LOC111111721	1.19667845930484
"unknown"	unknown	5	LOC111100611	0.241294001450896
"unknown"	unknown	5	LOC111130096	-0.159022018654659
"unknown"	unknown	5	LOC111125213	-0.948208061404378
"unknown"	unknown	5	LOC111136811	-0.819428903266986
"unknown"	unknown	5	LOC111102476	0.133586368732352
"unknown"	unknown	5	LOC111118387	-0.107287968161187
"unknown"	unknown	5	LOC111133075	0.948428981904546
"unknown"	unknown	5	LOC111115792	-0.834745240832245
"unknown"	unknown	5	LOC111119138	0.224601086002433
"unknown"	unknown	5	LOC111110645	-3.58606579600951
"unknown"	unknown	5	LOC111102820	-0.266349988192384
"unknown"	unknown	5	LOC111119105	-0.184135851963295
"unknown"	unknown	5	LOC111134905	0.0690504256332892
"unknown"	unknown	5	LOC111133241	0.573837304076041
"unknown"	unknown	5	LOC111108597	-1.28003803065927
"unknown"	unknown	5	LOC111115395	0.0478907538996245
"unknown"	unknown	5	LOC111120550	1.13070387075247
"unknown"	unknown	5	LOC111107672	1.0244374913933
"unknown"	unknown	5	LOC111111185	-0.189217590092005
"unknown"	unknown	5	LOC111109473	-1.692576110417
"unknown"	unknown	5	LOC111103427	0.128363388964989
"unknown"	unknown	5	LOC111112409	0.679627324907951
"unknown"	unknown	5	LOC111126271	3.84446709271001
"unknown"	unknown	5	LOC111121397	-1.24707043467604
"unknown"	unknown	5	LOC111132604	-0.0344017351534772
"unknown"	unknown	5	LOC111109783	-0.98884090958458
"unknown"	unknown	5	LOC111132523	0.368617651664059
"unknown"	unknown	5	LOC111124263	-0.350234010470698
"unknown"	unknown	5	LOC111137281	0.680699378317415
"unknown"	unknown	5	LOC111122843	-0.236078440442794
"unknown"	unknown	5	LOC111131440	-0.720296414796943
"unknown"	unknown	5	LOC111119740	-0.468357896705781
"unknown"	unknown	5	LOC111128962	-1.83601376904877
"unknown"	unknown	5	LOC111136891	0.34679614169198
"unknown"	unknown	5	LOC111135862	0.688593762219079
"unknown"	unknown	5	LOC111132968	1.37577544270094
"unknown"	unknown	5	LOC111108270	0.431329162985945
"unknown"	unknown	5	LOC111121073	0.29605008865639
"unknown"	unknown	5	LOC111111893	0.0356691323477328
"unknown"	unknown	5	LOC111118846	0.530236594667104
"unknown"	unknown	5	LOC111134763	0.334784933177695
"unknown"	unknown	5	LOC111130983	0.737400043168321
"unknown"	unknown	5	LOC111124107	0.828969318077942
"unknown"	unknown	5	LOC111109490	-0.0891594724172739
"unknown"	unknown	5	LOC111125734	-0.211103295915413
"unknown"	unknown	5	LOC111130291	-0.123816155732319
"unknown"	unknown	5	LOC111137607	1.04696969284766
"unknown"	unknown	5	LOC111112655	0.0266498063879558
"unknown"	unknown	5	LOC111113954	-0.00848866659591429
"unknown"	unknown	5	LOC111121617	0.222944047293433
"unknown"	unknown	5	LOC111103465	0.177487282724055
"unknown"	unknown	5	LOC111117452	-0.183289660038253
"unknown"	unknown	5	LOC111123778	0.281597270368346
"unknown"	unknown	5	LOC111133997	3.53132683393815
"unknown"	unknown	5	LOC111131813	0.214476353939735
"unknown"	unknown	5	LOC111128918	-0.0477306355988728
"unknown"	unknown	5	LOC111106214	-1.10155571130486
"unknown"	unknown	5	LOC111104157	0.00340254156624905
"unknown"	unknown	5	LOC111134258	-0.279278024380859
"unknown"	unknown	5	LOC111130485	0.119668244466542
"unknown"	unknown	5	LOC111100481	1.04486687004823
"unknown"	unknown	5	LOC111111543	-1.77197414066762
"unknown"	unknown	5	LOC111106152	-0.163981817761037
"unknown"	unknown	5	LOC111109932	-0.334266396639626
"unknown"	unknown	5	LOC111134693	0.254560238793539
"unknown"	unknown	5	LOC111129417	-0.968133513143661
"unknown"	unknown	5	LOC111118441	-0.135631231917636
"unknown"	unknown	5	LOC111133253	-0.103257382532339
"unknown"	unknown	5	LOC111124177	-0.298816567310771
"unknown"	unknown	5	LOC111133305	-0.170067708629242
"unknown"	unknown	5	LOC111124780	-0.0174895259749206
"unknown"	unknown	5	LOC111125494	0.190385935718886
"unknown"	unknown	5	LOC111137694	-0.22364344289513
"unknown"	unknown	5	LOC111101665	0.0642755617394078
"unknown"	unknown	5	LOC111099494	-2.44960355688008
"unknown"	unknown	5	LOC111122998	0.0466246209645054
"unknown"	unknown	5	LOC111111991	-0.214641206343477
"unknown"	unknown	5	LOC111119620	0.02092996910234
"unknown"	unknown	5	LOC111100898	1.22908232812904
"unknown"	unknown	5	LOC111136338	-1.00205846043705
"unknown"	unknown	5	LOC111113003	-0.584555964696975
"unknown"	unknown	5	LOC111136178	2.04427961070046
"unknown"	unknown	5	LOC111129198	5.53801126051098
"unknown"	unknown	5	LOC111133309	-0.35414235725743
"unknown"	unknown	5	LOC111115545	-0.0669912115108947
"unknown"	unknown	5	LOC111105748	-1.41259652448075
"unknown"	unknown	5	LOC111138358	-0.310831814809334
"unknown"	unknown	5	LOC111108490	0.894796582530651
"unknown"	unknown	5	LOC111114547	0.435717072470169
"unknown"	unknown	5	LOC111129709	0.230187335936563
"unknown"	unknown	5	LOC111108240	0.61669572021376
"unknown"	unknown	5	LOC111137653	0.122464474763979
"unknown"	unknown	5	LOC111119535	0.00575695066921487
"unknown"	unknown	5	LOC111119910	0.0848172164149461
"unknown"	unknown	5	LOC111118882	0.51494712631686
"unknown"	unknown	5	LOC111132127	-1.15573317467321
"unknown"	unknown	5	LOC111129157	0.871537329864494
"unknown"	unknown	5	LOC111123650	-0.081836203832987
"unknown"	unknown	5	LOC111114607	-0.0966730020445546
"unknown"	unknown	5	LOC111112931	0.353686623638161
"unknown"	unknown	5	LOC111101208	1.45942527760542
"unknown"	unknown	5	LOC111115159	-0.721113153832862
"unknown"	unknown	5	LOC111114879	0.939375102915944
"unknown"	unknown	5	LOC111117760	0.537127991480215
"unknown"	unknown	5	LOC111119494	0.240386291794398
"unknown"	unknown	5	LOC111123689	0.40711693909083
"unknown"	unknown	5	LOC111099753	-0.811065266256549
"unknown"	unknown	5	LOC111137849	13.0893659181504
"unknown"	unknown	5	LOC111117933	-0.355033496020835
"unknown"	unknown	5	LOC111104525	-0.382445961330075
"unknown"	unknown	5	LOC111117931	-1.52995808434424
"unknown"	unknown	5	LOC111111357	-0.477854955957742
"unknown"	unknown	5	LOC111105566	-0.0611725377344871
"unknown"	unknown	5	LOC111136134	4.16653858075759
"unknown"	unknown	5	LOC111122626	0.286601211393955
"unknown"	unknown	5	LOC111112070	-0.774231855141607
"unknown"	unknown	5	LOC111123049	0.431987903312698
"unknown"	unknown	5	LOC111114090	-0.0994850269662308
"unknown"	unknown	5	LOC111114667	0.276094820053061
"unknown"	unknown	5	LOC111119616	0.10826609645778
"unknown"	unknown	5	LOC111133284	-4.35222315344523
"unknown"	unknown	5	LOC111125830	-0.555316574379509
"unknown"	unknown	5	LOC111129725	0.285562943345966
"unknown"	unknown	5	LOC111133464	0.575306619616
"unknown"	unknown	5	LOC111108810	2.70329477735892
"unknown"	unknown	5	LOC111101489	-0.838973274735986
"unknown"	unknown	5	LOC111118654	2.54067416893068
"unknown"	unknown	5	LOC111112580	-1.47556813758535
"unknown"	unknown	5	LOC111116158	-0.346018245758936
"unknown"	unknown	5	LOC111106398	0.297414751162679
"unknown"	unknown	5	LOC111127302	-0.254278828861167
"unknown"	unknown	5	LOC111119881	-0.275254092184774
"unknown"	unknown	5	LOC111110607	1.3783675973158
"unknown"	unknown	5	LOC111136120	0.633161913810355
"unknown"	unknown	5	LOC111110399	0.803549965057779
"unknown"	unknown	5	LOC111131756	-0.667148399698191
"unknown"	unknown	5	LOC111105799	-0.139004040324231
"unknown"	unknown	5	LOC111136434	0.560061511881592
"unknown"	unknown	5	LOC111120469	-0.307115737223434
"unknown"	unknown	5	LOC111119529	1.07749220399211
"unknown"	unknown	5	LOC111118629	2.92458206421225
"unknown"	unknown	5	LOC111111799	-2.64470817219908
"unknown"	unknown	5	LOC111136981	-0.118139246056899
"unknown"	unknown	5	LOC111135178	0.327400087398664
"unknown"	unknown	5	LOC111101698	-2.50295228988544
"unknown"	unknown	5	LOC111121822	-0.0326966774438115
"unknown"	unknown	5	LOC111133683	-0.128129493361813
"unknown"	unknown	5	LOC111108754	-0.254694893342833
"unknown"	unknown	5	LOC111118425	0.658749657289882
"unknown"	unknown	5	LOC111137099	-0.372059984375496
"unknown"	unknown	5	LOC111112803	1.92011379496006
"unknown"	unknown	5	LOC111136283	0.0498245532458346
"unknown"	unknown	5	LOC111118115	-0.0892468929757283
"unknown"	unknown	5	LOC111111118	0.515294844897208
"unknown"	unknown	5	LOC111121111	0.553788845507752
"unknown"	unknown	5	LOC111114580	-0.235323171912889
"unknown"	unknown	5	LOC111120836	2.70661187983114
"unknown"	unknown	5	LOC111121097	1.98605317860031
"unknown"	unknown	5	LOC111101495	0.279960681116084
"unknown"	unknown	5	LOC111101111	0.958450978995397
"unknown"	unknown	5	LOC111131101	3.79108584484667
"unknown"	unknown	5	LOC111133098	0.273241528454927
"unknown"	unknown	5	LOC111108325	-0.563363582043952
"unknown"	unknown	5	LOC111102797	-0.434039897489491
"unknown"	unknown	5	LOC111133172	-0.406668192114594
"unknown"	unknown	5	LOC111104430	2.13648746331586
"unknown"	unknown	5	LOC111104224	-0.435546135708763
"unknown"	unknown	5	LOC111124424	-0.732006719034058
"unknown"	unknown	5	LOC111120916	-0.175801519757837
"unknown"	unknown	5	LOC111136167	-0.42202019771905
"unknown"	unknown	5	LOC111111822	0.273807968206368
"unknown"	unknown	5	LOC111102392	-0.337641694170871
"unknown"	unknown	5	LOC111117027	-0.702729632310384
"unknown"	unknown	5	LOC111116777	-0.265602147736963
"unknown"	unknown	5	LOC111134935	0.587098631410308
"unknown"	unknown	5	LOC111136564	0.726339654947181
"unknown"	unknown	5	LOC111120868	-0.42984449815561
"unknown"	unknown	5	LOC111125504	0.223102203013694
"unknown"	unknown	5	LOC111110249	0.800124901643168
"unknown"	unknown	5	LOC111119589	1.05220852903933
"unknown"	unknown	5	LOC111113411	0.744007205272756
"unknown"	unknown	5	LOC111124916	0.83566596442219
"unknown"	unknown	5	LOC111103339	0.287124995054185
"unknown"	unknown	5	LOC111108004	1.35321650888371
"unknown"	unknown	5	ND4	1.67618166929361
"unknown"	unknown	5	LOC111129381	-0.0365230229792429
"unknown"	unknown	5	LOC111125425	0.0474725352334316
"unknown"	unknown	5	LOC111114623	-1.70372855809119
"unknown"	unknown	5	LOC111123997	-0.490315057550233
"unknown"	unknown	5	LOC111104056	0.149457978913653
"unknown"	unknown	5	LOC111101078	0.149783504058537
"unknown"	unknown	5	LOC111125801	-0.868913975407736
"unknown"	unknown	5	LOC111107491	1.08864324843274
"unknown"	unknown	5	LOC111130024	0.813931479542074
"unknown"	unknown	5	LOC111113303	-0.0343561870957754
"unknown"	unknown	5	LOC111123086	-0.444306770332305
"unknown"	unknown	5	LOC111115178	-0.884279283370335
"unknown"	unknown	5	LOC111129000	1.8251552836026
"unknown"	unknown	5	LOC111113372	0.203646741056
"unknown"	unknown	5	LOC111133667	0.93386712114632
"unknown"	unknown	5	LOC111123779	-1.09685783522087
"unknown"	unknown	5	LOC111120157	0.68640618235788
"unknown"	unknown	5	LOC111130955	-0.551315803362044
"unknown"	unknown	5	LOC111135523	0.3298835372581
"unknown"	unknown	5	LOC111117601	0.555462225582304
"unknown"	unknown	5	LOC111135707	-0.499376902277027
"unknown"	unknown	5	LOC111110066	-0.248305946623607
"unknown"	unknown	5	LOC111123612	2.17752713359114
"unknown"	unknown	5	LOC111115692	0.318457053326189
"unknown"	unknown	5	LOC111107973	0.277169622617407
"unknown"	unknown	5	LOC111113022	0.583085796450274
"unknown"	unknown	5	LOC111117509	-0.913754348252963
"unknown"	unknown	5	LOC111126278	-1.64946892954624
"unknown"	unknown	5	LOC111124754	0.549859534722549
"unknown"	unknown	5	LOC111137110	-0.251743200623034
"unknown"	unknown	5	LOC111110007	-0.143338131632995
"unknown"	unknown	5	LOC111119229	0.714995410536641
"unknown"	unknown	5	LOC111110384	0.650913784336019
"unknown"	unknown	5	LOC111103872	0.0339712100203613
"unknown"	unknown	5	LOC111111655	0.165202598073399
"unknown"	unknown	5	LOC111108786	0.377813557524586
"unknown"	unknown	5	LOC111134037	-0.511989860010943
"unknown"	unknown	5	LOC111119411	0.531765025408739
"unknown"	unknown	5	LOC111130800	0.541858080908535
"unknown"	unknown	5	LOC111118927	-0.0600406801880773
"unknown"	unknown	5	LOC111124899	0.061945646143447
"unknown"	unknown	5	LOC111137276	0.288223275161597
"unknown"	unknown	5	LOC111133884	0.318186792298935
"unknown"	unknown	5	LOC111132887	0.090127011928962
"unknown"	unknown	5	LOC111121373	0.0358348917441102
"unknown"	unknown	5	LOC111138237	-0.419613549301391
"unknown"	unknown	5	LOC111117180	0.386101038251542
"unknown"	unknown	5	LOC111134648	-1.4758595403443
"unknown"	unknown	5	LOC111126440	-3.52085019154135
"unknown"	unknown	5	LOC111099916	1.44905376889269
"unknown"	unknown	5	LOC111135774	-0.0836167117139862
"unknown"	unknown	5	LOC111126443	-0.189172025323261
"unknown"	unknown	5	LOC111103772	0.303141719115464
"unknown"	unknown	5	LOC111126884	0.269861972515836
"unknown"	unknown	5	LOC111102124	-0.963404723322732
"unknown"	unknown	5	LOC111107592	-0.0343541440851951
"unknown"	unknown	5	LOC111137127	0.760039380628782
"unknown"	unknown	5	LOC111101432	-0.273522788513948
"unknown"	unknown	5	LOC111111321	-0.121050143626329
"unknown"	unknown	5	LOC111101818	1.90428483004617
"unknown"	unknown	5	LOC111136871	0.632118584117011
"unknown"	unknown	5	LOC111117481	-0.0640250780167854
"unknown"	unknown	5	LOC111109043	-3.15775690500791
"unknown"	unknown	5	LOC111135918	0.430472700622032
"unknown"	unknown	5	LOC111106910	-1.06124572280589
"unknown"	unknown	5	LOC111102727	-0.318473197724164
"unknown"	unknown	5	LOC111126860	1.48405062531111
"unknown"	unknown	5	LOC111100585	-0.456935168061889
"unknown"	unknown	5	LOC111133826	-0.378679955678782
"unknown"	unknown	5	LOC111127997	0.425507132822464
"unknown"	unknown	5	LOC111114506	0.0346193424017658
"unknown"	unknown	5	LOC111102173	-0.364190801721706
"unknown"	unknown	5	LOC111112148	0.712552779465601
"unknown"	unknown	5	LOC111119479	0.501577897901305
"unknown"	unknown	5	LOC111108856	-0.255967627986723
"unknown"	unknown	5	LOC111099178	0.264484919239417
"unknown"	unknown	5	LOC111136653	0.521753398083364
"unknown"	unknown	5	LOC111100939	1.90060651962829
"unknown"	unknown	5	LOC111121478	-0.538863361617166
"unknown"	unknown	5	LOC111128073	0.683281185025017
"unknown"	unknown	5	LOC111126775	0.296675850760821
"unknown"	unknown	5	LOC111133834	-0.270263259100437
"unknown"	unknown	5	LOC111104513	-0.772837485637642
"unknown"	unknown	5	LOC111101056	2.47516359922304
"unknown"	unknown	5	LOC111119857	0.383024125554703
"unknown"	unknown	5	LOC111118841	1.91855744731133
"unknown"	unknown	5	LOC111120997	-0.540073261867301
"unknown"	unknown	5	LOC111126554	-0.0713499189481052
"unknown"	unknown	5	LOC111137960	1.15893217833761
"unknown"	unknown	5	LOC111117095	-0.694718079732956
"unknown"	unknown	5	LOC111134685	-0.0759182447950549
"unknown"	unknown	5	LOC111113612	0.705496080778338
"unknown"	unknown	5	LOC111109883	-0.296992775103868
"unknown"	unknown	5	LOC111112848	0.0950930606090531
"unknown"	unknown	5	LOC111109251	0.354203735970615
"unknown"	unknown	5	LOC111112510	-0.915385380271998
"unknown"	unknown	5	LOC111107659	0.25365288881706
"unknown"	unknown	5	LOC111110844	-0.105383023729264
"unknown"	unknown	5	LOC111116400	0.188192671401336
"unknown"	unknown	5	LOC111128369	-1.8798645919942
"unknown"	unknown	5	LOC111137203	0.407989668670732
"unknown"	unknown	5	LOC111114313	-0.451242739688282
"unknown"	unknown	5	LOC111116744	0.0498118790190076
"unknown"	unknown	5	LOC111123161	0.948782882117901
"unknown"	unknown	5	LOC111106684	-0.231046265845864
"unknown"	unknown	5	LOC111129500	2.1801288132706
"unknown"	unknown	5	LOC111131522	0.166760266619136
"unknown"	unknown	5	LOC111117068	-0.227790218464885
"unknown"	unknown	5	LOC111131343	0.703416360878623
"unknown"	unknown	5	LOC111127943	-1.41932235819819
"unknown"	unknown	5	LOC111137558	3.2511592012713
"unknown"	unknown	5	LOC111125973	3.09265641795109
"unknown"	unknown	5	LOC111106248	-0.322096765415485
"unknown"	unknown	5	LOC111112914	-1.28172765842891
"unknown"	unknown	5	LOC111136728	-1.78283482717839
"unknown"	unknown	5	LOC111108162	0.80936727778192
"unknown"	unknown	5	LOC111120391	1.28576356356942
"unknown"	unknown	5	LOC111106133	0.841548013064009
"unknown"	unknown	5	LOC111104343	0.0766454643411027
"unknown"	unknown	5	LOC111115456	0.229249475542134
"unknown"	unknown	5	LOC111107980	0.148391783688812
"unknown"	unknown	5	LOC111134776	0.180675631857895
"unknown"	unknown	5	LOC111116031	-1.05733989191421
"unknown"	unknown	5	LOC111132503	-0.780815561992377
"unknown"	unknown	5	LOC111130611	0.846015259185936
"unknown"	unknown	5	LOC111112491	0.657530248355235
"unknown"	unknown	5	LOC111111662	0.0780819261402123
"unknown"	unknown	5	LOC111099921	-0.00388630459327239
"unknown"	unknown	5	LOC111099447	0.552177991853138
"unknown"	unknown	5	LOC111122775	-0.524359406906618
"unknown"	unknown	5	LOC111119298	0.138928282984339
"unknown"	unknown	5	LOC111126293	0.930867283436296
"unknown"	unknown	5	LOC111137433	-1.01281078690433
"unknown"	unknown	5	LOC111101724	0.891817075518592
"unknown"	unknown	5	LOC111099795	0.978489133484869
"unknown"	unknown	5	LOC111104032	1.45477221900243
"unknown"	unknown	5	LOC111130468	0.3000721674886
"unknown"	unknown	5	LOC111138384	-1.15870505813112
"unknown"	unknown	5	LOC111100207	-0.877305852345517
"unknown"	unknown	5	LOC111112358	0.534755187838257
"unknown"	unknown	5	LOC111116197	0.425793319615265
"unknown"	unknown	5	LOC111123097	0.159338260292669
"unknown"	unknown	5	LOC111127193	2.58139652812757
"unknown"	unknown	5	LOC111116484	0.586323965024912
"unknown"	unknown	5	LOC111111031	-1.11757581279668
"unknown"	unknown	5	LOC111121498	3.20617048241164
"unknown"	unknown	5	LOC111121241	0.683453578218945
"unknown"	unknown	5	LOC111119255	-1.1055708282923
"unknown"	unknown	5	LOC111136787	1.04845399735
"unknown"	unknown	5	LOC111108538	-0.0169265601835713
"unknown"	unknown	5	LOC111103046	0.12101607823837
"unknown"	unknown	5	LOC111114612	-0.0343457126503962
"unknown"	unknown	5	LOC111117533	-0.142212989229684
"unknown"	unknown	5	LOC111136159	-0.215887182141641
"unknown"	unknown	5	LOC111137612	0.965756276918909
"unknown"	unknown	5	LOC111121069	0.197894065372295
"unknown"	unknown	5	LOC111119947	0.52655577218929
"unknown"	unknown	5	LOC111126600	0.466800781975814
"unknown"	unknown	5	LOC111117587	0.188968189075677
"unknown"	unknown	5	LOC111137307	1.8726764172611
"unknown"	unknown	5	LOC111130339	-0.09868507826188
"unknown"	unknown	5	LOC111128271	0.343903854892144
"unknown"	unknown	5	LOC111108769	0.0714815916905887
"unknown"	unknown	5	LOC111106965	1.02878211562159
"unknown"	unknown	5	LOC111106189	-0.0343951373466655
"unknown"	unknown	5	LOC111123915	0.528430851064041
"unknown"	unknown	5	LOC111111938	0.101536556312643
"unknown"	unknown	5	LOC111123942	-0.920538232377671
"unknown"	unknown	5	LOC111118346	29.3175138718981
"unknown"	unknown	5	LOC111103534	0.0832709699656909
"unknown"	unknown	5	LOC111102582	0.0621827054375011
"unknown"	unknown	5	LOC111121222	0.213185990976786
"unknown"	unknown	5	LOC111134255	0.869473717636974
"unknown"	unknown	5	LOC111119753	1.22691500698886
"unknown"	unknown	5	LOC111107032	-0.0140812585483243
"unknown"	unknown	5	LOC111125255	4.51903371708179
"unknown"	unknown	5	LOC111120709	0.8239232883855
"unknown"	unknown	5	LOC111105367	0.0147776245583714
"unknown"	unknown	5	LOC111105169	0.329633421147335
"unknown"	unknown	5	LOC111127967	-0.395122530302302
"unknown"	unknown	5	LOC111112874	-0.537751042992153
"unknown"	unknown	5	LOC111124407	1.40791693916065
"unknown"	unknown	5	LOC111099045	0.846231003012137
"unknown"	unknown	5	LOC111123584	0.39197731468871
"unknown"	unknown	5	LOC111123720	-0.218236402089356
"unknown"	unknown	5	LOC111099107	0.340996270990463
"unknown"	unknown	5	LOC111129730	0.96523100178394
"unknown"	unknown	5	LOC111107297	-0.31792456832585
"unknown"	unknown	5	LOC111105345	0.586786436697305
"unknown"	unknown	5	LOC111103984	0.560122229471504
"unknown"	unknown	5	LOC111137887	0.576322426369718
"unknown"	unknown	5	LOC111117861	0.547893312949586
"unknown"	unknown	5	LOC111138450	-0.0471990953520062
"unknown"	unknown	5	LOC111135515	0.626154751993237
"unknown"	unknown	5	LOC111123248	-0.366084474325674
"unknown"	unknown	5	LOC111116315	0.0267962619913651
"unknown"	unknown	5	LOC111104804	1.42955742232662
"unknown"	unknown	5	LOC111135265	-1.87902967495978
"unknown"	unknown	5	LOC111135237	-0.445376344942585
"unknown"	unknown	5	LOC111114544	0.795148659815839
"unknown"	unknown	5	LOC111102385	2.26406818794874
"unknown"	unknown	5	LOC111114577	-0.170099638968289
"unknown"	unknown	5	LOC111099849	0.143168331804106
"unknown"	unknown	5	LOC111100436	-0.546247241524496
"unknown"	unknown	5	LOC111123885	0.155531321094482
"unknown"	unknown	5	LOC111100445	0.319463561361885
"unknown"	unknown	5	LOC111105129	1.26159383169274
"unknown"	unknown	5	LOC111133228	0.200054383838358
"unknown"	unknown	5	LOC111131361	0.0615347526260618
"unknown"	unknown	5	LOC111125509	0.0925891537692057
"unknown"	unknown	5	LOC111099590	-1.3243460256323
"unknown"	unknown	5	LOC111129085	0.178962419854436
"unknown"	unknown	5	LOC111137035	-0.0190909949431543
"unknown"	unknown	5	LOC111129836	0.875385301257071
"unknown"	unknown	5	LOC111107233	1.80920674697941
"unknown"	unknown	5	LOC111137182	-0.6190607117885
"unknown"	unknown	5	LOC111103511	-0.242221810384771
"unknown"	unknown	5	LOC111117177	1.99758635344306
"unknown"	unknown	5	LOC111120121	6.43885299025131
"unknown"	unknown	5	LOC111135243	0.804083636797416
"unknown"	unknown	5	LOC111109059	0.484421921221177
"unknown"	unknown	5	LOC111103656	-0.476666267442967
"unknown"	unknown	5	LOC111105055	-0.161011055394404
"unknown"	unknown	5	LOC111137466	-2.49458053466554
"unknown"	unknown	5	LOC111135683	0.105031159146919
"unknown"	unknown	5	LOC111101258	0.229013335516798
"unknown"	unknown	5	LOC111099582	-0.125674982103374
"unknown"	unknown	5	LOC111101589	0.232505500789493
"unknown"	unknown	5	LOC111126960	-1.18768452776922
"unknown"	unknown	5	LOC111136052	0.0113502737526669
"unknown"	unknown	5	LOC111121540	0.627940920425678
"unknown"	unknown	5	LOC111128077	1.23312742543228
"unknown"	unknown	5	LOC111119677	-0.175433451330444
"unknown"	unknown	5	LOC111125578	-0.35668906875127
"unknown"	unknown	5	LOC111099071	-0.0401036327115155
"unknown"	unknown	5	LOC111100541	-0.395143396103782
"unknown"	unknown	5	LOC111131374	0.592658284265602
"unknown"	unknown	5	LOC111129049	-0.280446085521923
"unknown"	unknown	5	LOC111124310	0.551514429345575
"unknown"	unknown	5	LOC111138288	-0.0823673241452152
"unknown"	unknown	5	LOC111108723	2.04429098767854
"unknown"	unknown	5	LOC111133784	-1.29520274779501
"unknown"	unknown	5	LOC111138070	-0.190809102788977
"unknown"	unknown	5	LOC111122562	-0.427842846256281
"unknown"	unknown	5	LOC111136919	-0.0344180044491461
"unknown"	unknown	5	LOC111099902	-0.892890975864068
"unknown"	unknown	5	LOC111107270	-0.37975609872861
"unknown"	unknown	5	LOC111123183	0.119526795600524
"unknown"	unknown	5	LOC111126135	-0.307262936714117
"unknown"	unknown	5	LOC111119472	-0.170103833749103
"unknown"	unknown	5	LOC111126154	-0.978051959852881
"unknown"	unknown	5	LOC111136281	-0.0761505817274162
"unknown"	unknown	5	LOC111103838	0.0865126903919288
"unknown"	unknown	5	LOC111138085	0.0605355330039565
"unknown"	unknown	5	LOC111125962	-1.48570018743806
"unknown"	unknown	5	LOC111124552	0.108526797788602
"unknown"	unknown	5	LOC111115546	-0.034374172271561
"unknown"	unknown	5	LOC111105503	-0.318328846816795
"unknown"	unknown	5	LOC111104609	-1.03080417686158
"unknown"	unknown	5	LOC111101207	-0.252172771580043
"unknown"	unknown	5	LOC111134717	0.681573670678705
"unknown"	unknown	5	LOC111112563	-0.688803398196086
"unknown"	unknown	5	LOC111100654	-0.687952085683622
"unknown"	unknown	5	LOC111113039	1.20100158425091
"unknown"	unknown	5	LOC111137838	0.0498181066938864
"unknown"	unknown	5	LOC111121257	-1.01520513282318
"unknown"	unknown	5	LOC111132801	-0.0260493622244199
"unknown"	unknown	5	LOC111131861	-0.767722777887306
"unknown"	unknown	5	LOC111109329	0.458756096347918
"unknown"	unknown	5	LOC111113068	-0.0344381591344633
"unknown"	unknown	5	LOC111103229	0.41101164226408
"unknown"	unknown	5	LOC111135422	0.353153176523013
"unknown"	unknown	5	LOC111106293	-1.38905487199863
"unknown"	unknown	5	LOC111104108	-0.268765026134842
"unknown"	unknown	5	LOC111122176	1.26649938041393
"unknown"	unknown	5	LOC111107087	0.597231949999835
"unknown"	unknown	5	LOC111110376	0.137640338729688
"unknown"	unknown	5	LOC111107608	0.393325979851091
"unknown"	unknown	5	LOC111136233	6.56870530168672
"unknown"	unknown	5	LOC111100852	2.32563273418852
"unknown"	unknown	5	LOC111137942	-0.509863369647133
"unknown"	unknown	5	LOC111100818	0.133060647426821
"unknown"	unknown	5	LOC111109110	-0.0344043374980342
"unknown"	unknown	5	LOC111101354	0.283993494511498
"unknown"	unknown	5	LOC111122979	-0.14829088342137
"unknown"	unknown	5	LOC111106450	1.9399821375503
"unknown"	unknown	5	LOC111103763	0.0706292749838955
"unknown"	unknown	5	LOC111114527	1.0304925161665
"unknown"	unknown	5	LOC111118225	0.0201077410679054
"unknown"	unknown	5	LOC111123787	-0.773031418272745
"unknown"	unknown	5	LOC111109066	1.98489667830556
"unknown"	unknown	5	LOC111137997	0.455763586763108
"unknown"	unknown	5	LOC111100195	1.59651411367403
"unknown"	unknown	5	LOC111120532	0.101900874836149
"unknown"	unknown	5	LOC111107501	-0.809703071400303
"unknown"	unknown	5	LOC111137368	3.76177172123473
"unknown"	unknown	5	LOC111128093	-0.564647596440279
"unknown"	unknown	5	LOC111126216	-1.44056849608613
"unknown"	unknown	5	LOC111129719	0.0320094182461308
"unknown"	unknown	5	LOC111121052	0.256007586834061
"unknown"	unknown	5	LOC111117153	1.77401349555493
"unknown"	unknown	5	LOC111108588	-0.105162901229664
"unknown"	unknown	5	LOC111107277	0.37316338610618
"unknown"	unknown	5	LOC111120707	0.387416729933254
"unknown"	unknown	5	LOC111126955	1.00152210712862
"unknown"	unknown	5	LOC111119728	-1.04201799600818
"unknown"	unknown	5	LOC111130584	0.539012610825865
"unknown"	unknown	5	LOC111105802	0.505590254333141
"unknown"	unknown	5	LOC111100820	0.268331663904794
"unknown"	unknown	5	LOC111110920	0.654130695307651
"unknown"	unknown	5	LOC111110666	0.453525946869645
"unknown"	unknown	5	LOC111117107	-0.0644069008565735
"unknown"	unknown	5	LOC111100513	-0.0193254018147032
"unknown"	unknown	5	LOC111110284	0.625406896763139
"unknown"	unknown	5	LOC111133302	-1.66325203965884
"unknown"	unknown	5	LOC111106736	-0.463378320167577
"unknown"	unknown	5	LOC111131769	-4.07050803889414
"unknown"	unknown	5	LOC111126644	-0.542038628023338
"unknown"	unknown	5	LOC111132409	0.0447069140435645
"unknown"	unknown	5	LOC111132176	0.764270736345464
"unknown"	unknown	5	LOC111126714	-1.48048628733084
"unknown"	unknown	5	LOC111106080	-0.00599922515560366
"unknown"	unknown	5	LOC111108247	1.05761968276839
"unknown"	unknown	5	LOC111105685	0.0938036240027201
"unknown"	unknown	5	LOC111099190	-0.813520362139525
"unknown"	unknown	5	LOC111104649	-0.573134269728432
"unknown"	unknown	5	LOC111129115	0.339610776340397
"unknown"	unknown	5	LOC111125353	0.662671141590376
"unknown"	unknown	5	LOC111115770	-1.10831416354528
"unknown"	unknown	5	LOC111120951	0.542687103399663
"unknown"	unknown	5	LOC111118997	-0.355909178905853
"unknown"	unknown	5	LOC111106497	-1.23828777011344
"unknown"	unknown	5	LOC111122153	-0.484377656872658
"unknown"	unknown	5	LOC111133807	-0.00916030256775034
"unknown"	unknown	5	LOC111132937	-2.21423848658854
"unknown"	unknown	5	LOC111108594	0.0516910415103057
"unknown"	unknown	5	LOC111134267	-0.255787667846586
"unknown"	unknown	5	LOC111119901	-0.177560259834144
"unknown"	unknown	5	LOC111102890	3.5476354558852
"unknown"	unknown	5	LOC111110432	-0.359732988524272
"unknown"	unknown	5	LOC111136426	-0.380606343101576
"unknown"	unknown	5	LOC111138118	7.43094396078474
"unknown"	unknown	5	LOC111134844	-0.333494893832441
"unknown"	unknown	5	LOC111120661	0.25752398394474
"unknown"	unknown	5	LOC111115003	1.77847864676635
"unknown"	unknown	5	LOC111133585	0.127916653320074
"unknown"	unknown	5	LOC111137884	2.13816426167752
"unknown"	unknown	5	LOC111135972	-2.12893967928638
"unknown"	unknown	5	LOC111111609	0.318124741139697
"unknown"	unknown	5	LOC111118869	0.299225053189443
"unknown"	unknown	5	LOC111099867	0.317065717204234
"unknown"	unknown	5	LOC111121818	-0.301318910240541
"unknown"	unknown	5	LOC111116168	-0.11336937635972
"unknown"	unknown	5	LOC111121814	2.05245075421285
"unknown"	unknown	5	LOC111133554	0.140189378010971
"unknown"	unknown	5	LOC111109290	0.553302325439324
"unknown"	unknown	5	LOC111133605	-4.35782766158973
"unknown"	unknown	5	LOC111120759	0.0521055892195104
"unknown"	unknown	5	LOC111127733	-1.52611983263109
"unknown"	unknown	5	LOC111138088	-0.152126897758854
"unknown"	unknown	5	LOC111106288	0.0545777192702755
"unknown"	unknown	5	LOC111116134	0.108199656758291
"unknown"	unknown	5	LOC111106076	0.640044455658256
"unknown"	unknown	5	LOC111104586	-0.176013594746887
"unknown"	unknown	5	LOC111127590	-0.464211692468999
"unknown"	unknown	5	LOC111126435	-0.0565348829009444
"unknown"	unknown	5	LOC111101047	0.01004411396691
"unknown"	unknown	5	LOC111136296	-1.62521341874887
"unknown"	unknown	5	LOC111107772	0.687345049486306
"unknown"	unknown	5	LOC111136955	0.514972783222876
"unknown"	unknown	5	LOC111114935	-0.00460950937809486
"unknown"	unknown	5	LOC111119517	0.0869691946349866
"unknown"	unknown	5	LOC111130691	0.534675157158385
"unknown"	unknown	5	LOC111106067	0.235910922406364
"unknown"	unknown	5	LOC111127221	-1.4234976399471
"unknown"	unknown	5	LOC111112630	-0.220118780733238
"unknown"	unknown	5	LOC111100657	0.151242473853562
"unknown"	unknown	5	LOC111133901	-0.0605803586963311
"unknown"	unknown	5	LOC111121521	0.0609359718231859
"unknown"	unknown	5	LOC111121573	-0.233999751080265
"unknown"	unknown	5	LOC111116078	-0.390548064292994
"unknown"	unknown	5	LOC111111913	-0.0343016608476787
"unknown"	unknown	5	LOC111107646	0.251389817912535
"unknown"	unknown	5	LOC111125545	-1.69839504146078
"unknown"	unknown	5	LOC111116794	-1.16881980802352
"unknown"	unknown	5	LOC111121328	0.173057648453184
"unknown"	unknown	5	LOC111118469	-0.532419966177337
"unknown"	unknown	5	LOC111130952	0.145089224913925
"unknown"	unknown	5	LOC111122063	-0.219571720192001
"unknown"	unknown	5	LOC111115074	-2.52987876187273
"unknown"	unknown	5	LOC111112949	0.608227001062077
"unknown"	unknown	5	LOC111134504	2.05579430701863
"unknown"	unknown	5	LOC111137312	0.140132448983869
"unknown"	unknown	5	LOC111119416	-1.5662473783233
"unknown"	unknown	5	LOC111104593	-0.908417108179075
"unknown"	unknown	5	LOC111123295	1.19914869335863
"unknown"	unknown	5	LOC111110868	0.702161930078968
"unknown"	unknown	5	LOC111118450	-2.64803815809042
"unknown"	unknown	5	LOC111112098	1.30029263994013
"unknown"	unknown	5	LOC111099197	-0.547175088368827
"unknown"	unknown	5	LOC111128123	0.617592301577773
"unknown"	unknown	5	LOC111099676	-0.846447406329736
"unknown"	unknown	5	LOC111116209	-0.978095073472385
"unknown"	unknown	5	LOC111120622	-1.17938652667126
"unknown"	unknown	5	LOC111111352	-0.301198515076928
"unknown"	unknown	5	LOC111112627	0.12599476280184
"unknown"	unknown	5	LOC111118391	-0.449992373669885
"unknown"	unknown	5	LOC111115912	-2.69741675107216
"unknown"	unknown	5	LOC111102060	-0.626479937494987
"unknown"	unknown	5	LOC111125145	2.67728667895652
"unknown"	unknown	5	LOC111124156	2.261661083134
"unknown"	unknown	5	LOC111099942	-0.786636798568572
"unknown"	unknown	5	LOC111101032	-0.322462357901601
"unknown"	unknown	5	LOC111118095	-0.718402415382526
"unknown"	unknown	5	LOC111102975	-0.026424826251798
"unknown"	unknown	5	LOC111124393	0.0563958406645426
"unknown"	unknown	5	LOC111131340	0.771624576938379
"unknown"	unknown	5	LOC111132561	3.00103811004753
"unknown"	unknown	5	LOC111123199	0.440387855720482
"unknown"	unknown	5	LOC111113182	0.633207562754991
"unknown"	unknown	5	LOC111107483	-0.137693672649526
"unknown"	unknown	5	LOC111108968	-0.406858217129258
"unknown"	unknown	5	LOC111111214	0.269822795354744
"unknown"	unknown	5	LOC111127406	0.516492167316719
"unknown"	unknown	5	LOC111104316	-0.795770944304044
"unknown"	unknown	5	LOC111127356	0.632589006961753
"unknown"	unknown	5	LOC111102724	-0.152419707558432
"unknown"	unknown	5	LOC111099203	-1.65443819019712
"unknown"	unknown	5	LOC111101925	-0.915118602804335
"unknown"	unknown	5	LOC111137588	-0.721138786955416
"unknown"	unknown	5	LOC111127126	-7.13184470114298
"unknown"	unknown	5	LOC111118661	-0.801991786533215
"unknown"	unknown	5	LOC111134979	0.709519071894669
"unknown"	unknown	5	LOC111120777	0.358599957722641
"unknown"	unknown	5	LOC111102769	-0.492327596509044
"unknown"	unknown	5	LOC111101127	0.194237429587539
"unknown"	unknown	5	LOC111101658	-0.900908156512278
"unknown"	unknown	5	LOC111102427	-0.0418610873387061
"unknown"	unknown	5	LOC111130730	-0.490812739871209
"unknown"	unknown	5	LOC111132232	0.0168954450231716
"unknown"	unknown	5	LOC111103263	1.23912692045367
"unknown"	unknown	5	LOC111132882	-0.986136637050785
"unknown"	unknown	5	LOC111119429	0.174294260098209
"unknown"	unknown	5	LOC111130571	-0.392756747493006
"unknown"	unknown	5	LOC111116587	-0.31010460160337
"unknown"	unknown	5	LOC111117616	-0.204493429977053
"unknown"	unknown	5	LOC111105460	-0.210933908841248
"unknown"	unknown	5	LOC111137529	2.5503806167155
"unknown"	unknown	5	LOC111099219	-0.878873943794345
"unknown"	unknown	5	LOC111114642	0.535539790347446
"unknown"	unknown	5	LOC111114755	0.546984560705724
"unknown"	unknown	5	LOC111126521	0.889399657623654
"unknown"	unknown	5	LOC111108677	0.449363986754137
"unknown"	unknown	5	LOC111130515	0.159788019801769
"unknown"	unknown	5	LOC111124056	-0.733677576802825
"unknown"	unknown	5	LOC111103849	0.468033839645884
"unknown"	unknown	5	LOC111112110	0.637765056392487
"unknown"	unknown	5	LOC111131292	0.377565311702121
"unknown"	unknown	5	LOC111101241	-1.47409992595815
"unknown"	unknown	5	LOC111114870	-1.4095658485729
"unknown"	unknown	5	LOC111107429	2.09045277069106
"unknown"	unknown	5	LOC111126972	0.0956665630157434
"unknown"	unknown	5	LOC111135890	2.52976146849499
"unknown"	unknown	5	LOC111130463	0.314425935037141
"unknown"	unknown	5	LOC111119124	-0.139374101774698
"unknown"	unknown	5	LOC111126209	-0.0440734309598798
"unknown"	unknown	5	LOC111135473	0.959427762660406
"unknown"	unknown	5	LOC111132867	0.391297352983849
"unknown"	unknown	5	LOC111105725	-0.0480150913800005
"unknown"	unknown	5	LOC111126969	-1.48969087158271
"unknown"	unknown	5	LOC111120861	0.137269077811027
"unknown"	unknown	5	LOC111120091	0.519539669986643
"unknown"	unknown	5	LOC111115712	0.456576179872724
"unknown"	unknown	5	LOC111106090	-0.911944819957854
"unknown"	unknown	5	LOC111130148	0.00365086102313034
"unknown"	unknown	5	LOC111133896	-0.00186399462116492
"unknown"	unknown	5	LOC111118919	1.42008236383741
"unknown"	unknown	5	LOC111136288	0.491120662789149
"unknown"	unknown	5	LOC111120055	0.14616704725513
"unknown"	unknown	5	LOC111102276	-1.75330572654716
"unknown"	unknown	5	LOC111135280	0.365585461058701
"unknown"	unknown	5	LOC111102250	-0.376790236436936
"unknown"	unknown	5	LOC111104555	-1.14827644901114
"unknown"	unknown	5	LOC111121954	1.27571014269359
"unknown"	unknown	5	LOC111126212	0.0850297248240494
"unknown"	unknown	5	LOC111133210	-0.326681975336337
"unknown"	unknown	5	LOC111119508	0.413729375678766
"unknown"	unknown	5	LOC111107185	0.522754974951066
"unknown"	unknown	5	LOC111105338	-0.838010593441901
"unknown"	unknown	5	LOC111101717	0.751034327106058
"unknown"	unknown	5	LOC111113598	0.887589114396147
"unknown"	unknown	5	LOC111133469	-2.99109669332232
"unknown"	unknown	5	LOC111119004	-0.840689934793194
"unknown"	unknown	5	LOC111121929	-1.07015545550025
"unknown"	unknown	5	LOC111134611	1.94984970580425
"unknown"	unknown	5	LOC111102802	0.157940542185292
"unknown"	unknown	5	LOC111117747	2.25718281917438
"unknown"	unknown	5	LOC111135919	1.1595076337972
"unknown"	unknown	5	LOC111109817	1.25907255651078
"unknown"	unknown	5	LOC111113177	0.171950333262842
"unknown"	unknown	5	LOC111127883	-0.0956348601309535
"unknown"	unknown	5	LOC111128164	-0.554032399987647
"unknown"	unknown	5	LOC111102608	-0.347813245444719
"unknown"	unknown	5	LOC111134664	-1.42938501741977
"unknown"	unknown	5	LOC111128610	0.24926002525677
"unknown"	unknown	5	LOC111128836	1.3692500069328
"unknown"	unknown	5	LOC111124356	-0.0343486848514824
"unknown"	unknown	5	LOC111110661	0.302934075084764
"unknown"	unknown	5	LOC111112583	0.156067158665319
"unknown"	unknown	5	LOC111132172	-0.208705756961124
"unknown"	unknown	5	LOC111108892	-0.662783408817803
"unknown"	unknown	5	LOC111106032	-0.301319339510471
"unknown"	unknown	5	LOC111109117	0.428898511552805
"unknown"	unknown	5	LOC111128862	-0.259343451216625
"unknown"	unknown	5	LOC111099209	1.96167072662538
"unknown"	unknown	5	LOC111100755	-0.848810018584245
"unknown"	unknown	5	LOC111113334	0.587468012103259
"unknown"	unknown	5	LOC111104305	0.702208289581523
"unknown"	unknown	5	LOC111133762	1.1869444857492
"unknown"	unknown	5	LOC111099555	-0.834726881465493
"unknown"	unknown	5	LOC111113104	-0.0931692177372487
"unknown"	unknown	5	LOC111133831	-0.402617769049537
"unknown"	unknown	5	LOC111109165	-0.125423477183113
"unknown"	unknown	5	LOC111121104	-0.808313324848878
"unknown"	unknown	5	LOC111137031	1.5175159204159
"unknown"	unknown	5	LOC111117880	0.000523209294780932
"unknown"	unknown	5	LOC111114896	0.628487313966101
"unknown"	unknown	5	LOC111138408	0.123889269459144
"unknown"	unknown	5	LOC111101486	-0.0150484403079621
"unknown"	unknown	5	LOC111103528	0.677755047050458
"unknown"	unknown	5	LOC111100418	-0.764600974877813
"unknown"	unknown	5	LOC111102373	0.678236058888547
"unknown"	unknown	5	LOC111122522	0.299101326741448
"unknown"	unknown	5	LOC111122678	-0.243926757678693
"unknown"	unknown	5	LOC111105760	0.41274260765465
"unknown"	unknown	5	LOC111128907	0.239696373455259
"unknown"	unknown	5	LOC111130887	-0.754770766213552
"unknown"	unknown	5	LOC111123121	-7.66319909116545
"unknown"	unknown	5	LOC111136060	-0.502310058545005
"unknown"	unknown	5	LOC111113364	-0.974088824812368
"unknown"	unknown	5	LOC111118087	-0.326974968323751
"unknown"	unknown	5	LOC111129978	-0.13881155632302
"unknown"	unknown	5	LOC111127708	3.00666453014781
"unknown"	unknown	5	LOC111111499	-0.0343510134143096
"unknown"	unknown	5	LOC111116871	-0.360139264497606
"unknown"	unknown	5	LOC111136307	0.687296867775834
"unknown"	unknown	5	LOC111133276	0.179339080144756
"unknown"	unknown	5	LOC111116194	0.316194056796561
"unknown"	unknown	5	LOC111125847	0.746360390988408
"unknown"	unknown	5	LOC111116153	-2.82415308083587
"unknown"	unknown	5	LOC111104031	-1.45333061428296
"unknown"	unknown	5	LOC111101144	0.179841797438111
"unknown"	unknown	5	LOC111134773	-1.2751417427841
"unknown"	unknown	5	LOC111131865	-0.128494586138619
"unknown"	unknown	5	LOC111103625	0.267149240217637
"unknown"	unknown	5	LOC111118499	0.0489467117336281
"unknown"	unknown	5	LOC111128606	-0.330435772995589
"unknown"	unknown	5	LOC111107785	0.662973168379589
"unknown"	unknown	5	LOC111105857	-0.0429017820482008
"unknown"	unknown	5	LOC111135943	0.659759602586488
"unknown"	unknown	5	LOC111134873	-0.384025305557263
"unknown"	unknown	5	LOC111114672	0.0365399378361084
"unknown"	unknown	5	LOC111110861	0.153024132210434
"unknown"	unknown	5	LOC111101628	0.019097798690384
"unknown"	unknown	5	LOC111116449	4.93035723500685
"unknown"	unknown	5	LOC111105945	-0.430702027146098
"unknown"	unknown	5	LOC111130633	0.268761678561286
"unknown"	unknown	5	LOC111106490	0.332252597900168
"unknown"	unknown	5	LOC111119921	-0.87033632278534
"unknown"	unknown	5	LOC111109752	-0.0498331095276126
"unknown"	unknown	5	LOC111123284	0.26531512515418
"unknown"	unknown	5	LOC111135544	0.757227237395526
"unknown"	unknown	5	LOC111125898	-0.702312870184034
"unknown"	unknown	5	LOC111127057	0.188758605209931
"unknown"	unknown	5	LOC111115662	-0.153119732688345
"unknown"	unknown	5	LOC111119089	-1.87345562499839
"unknown"	unknown	5	LOC111135455	-0.0898900683448495
"unknown"	unknown	5	LOC111124441	0.884731816303616
"unknown"	unknown	5	LOC111120188	-0.14450694653105
"unknown"	unknown	5	LOC111124857	0.932896393941842
"unknown"	unknown	5	LOC111101195	0.561323092956543
"unknown"	unknown	5	LOC111137373	-0.180767496115104
"unknown"	unknown	5	LOC111137712	-1.5897033730827
"unknown"	unknown	5	LOC111126442	-1.092306597497
"unknown"	unknown	5	LOC111116617	-0.883560720019028
"unknown"	unknown	5	LOC111124820	-2.17461550511627
"unknown"	unknown	5	LOC111122224	-0.316082419193632
"unknown"	unknown	5	LOC111120234	1.42547606453364
"unknown"	unknown	5	LOC111129999	-0.989017831283498
"unknown"	unknown	5	LOC111121312	0.106735712180489
"unknown"	unknown	5	LOC111100714	-0.440500571544858
"unknown"	unknown	5	LOC111102518	0.100075265361967
"unknown"	unknown	5	LOC111122934	0.275335828805058
"unknown"	unknown	5	LOC111103087	1.65367784620868
"unknown"	unknown	5	LOC111104674	1.76781643522418
"unknown"	unknown	5	LOC111125761	0.799291071425849
"unknown"	unknown	5	LOC111124586	0.111525989034964
"unknown"	unknown	5	LOC111121512	0.087037514603876
"unknown"	unknown	5	LOC111104418	-1.00356534033502
"unknown"	unknown	5	LOC111128299	0.12088994834536
"unknown"	unknown	5	LOC111121368	-2.08173994260738
"unknown"	unknown	5	LOC111105356	0.0989483991956579
"unknown"	unknown	5	LOC111103974	-0.61811573574507
"unknown"	unknown	5	LOC111099506	-0.220754986378875
"unknown"	unknown	5	LOC111125852	0.33926221138768
"unknown"	unknown	5	LOC111134595	1.42343409650197
"unknown"	unknown	5	LOC111103638	0.438015946434012
"unknown"	unknown	5	LOC111131373	-0.272447609172377
"unknown"	unknown	5	LOC111103666	-0.356188322963294
"unknown"	unknown	5	LOC111113568	0.545336627343691
"unknown"	unknown	5	LOC111109740	0.62230099451616
"unknown"	unknown	5	LOC111127021	0.11833311171955
"unknown"	unknown	5	LOC111099830	0.716805615305345
"unknown"	unknown	5	LOC111124996	-0.073375505135886
"unknown"	unknown	5	LOC111132197	-0.738020965143752
"unknown"	unknown	5	LOC111135917	0.331683688975585
"unknown"	unknown	5	LOC111129648	1.96168521815887
"unknown"	unknown	5	LOC111108946	-0.576391182900166
"unknown"	unknown	5	LOC111128145	0.0767545412081365
"unknown"	unknown	5	LOC111117369	0.582783981359863
"unknown"	unknown	5	LOC111101350	0.11199218403973
"unknown"	unknown	5	LOC111135191	-0.147063783286482
"unknown"	unknown	5	LOC111132294	0.260205559890403
"unknown"	unknown	5	LOC111101716	-0.0156732269307682
"unknown"	unknown	5	LOC111104280	-0.147339443701514
"unknown"	unknown	5	LOC111112023	-0.220735060724637
"unknown"	unknown	5	LOC111110756	2.07461759913708
"unknown"	unknown	5	LOC111119912	25.9217232498387
"unknown"	unknown	5	LOC111100633	0.06848895237513
"unknown"	unknown	5	LOC111104523	-0.742794654769294
"unknown"	unknown	5	LOC111111713	-0.0174441289463989
"unknown"	unknown	5	LOC111127635	-0.590912622785692
"unknown"	unknown	5	LOC111108072	-1.39885139637838
"unknown"	unknown	5	LOC111101901	0.011529206249705
"unknown"	unknown	5	LOC111134321	0.200629877224821
"unknown"	unknown	5	LOC111099915	-0.0942584558077381
"unknown"	unknown	5	LOC111121058	0.289210774614191
"unknown"	unknown	5	LOC111111371	0.389713503674023
"unknown"	unknown	5	LOC111121477	0.763368451767702
"unknown"	unknown	5	LOC111133137	-0.136652083483544
"unknown"	unknown	5	LOC111116042	-0.277674197946592
"unknown"	unknown	5	LOC111121353	-1.15934157955198
"unknown"	unknown	5	LOC111134757	0.201661082161437
"unknown"	unknown	5	LOC111125746	-0.409164321665069
"unknown"	unknown	5	LOC111136870	-0.0411355719780806
"unknown"	unknown	5	LOC111116792	-0.0318211771620396
"unknown"	unknown	5	LOC111134527	2.56841805285637
"unknown"	unknown	5	LOC111116025	6.4670698706529
"unknown"	unknown	5	LOC111117987	2.81180803295351
"unknown"	unknown	5	LOC111122861	0.189433528423123
"unknown"	unknown	5	LOC111133819	-1.28123201630703
"unknown"	unknown	5	LOC111103158	-0.271015103456259
"unknown"	unknown	5	LOC111136429	0.368653698986451
"unknown"	unknown	5	LOC111121133	0.993820964063513
"unknown"	unknown	5	LOC111126856	0.328735139255722
"unknown"	unknown	5	LOC111114711	0.153536540234636
"unknown"	unknown	5	LOC111136618	-0.209732969346375
"unknown"	unknown	5	ND3	-0.600395209525981
"unknown"	unknown	5	LOC111109945	0.466158448631574
"unknown"	unknown	5	LOC111134315	0.289911542036996
"unknown"	unknown	5	LOC111103940	0.1420031078875
"unknown"	unknown	5	LOC111106765	-0.00317504383052194
"unknown"	unknown	5	LOC111137223	0.797187405552029
"unknown"	unknown	5	LOC111132745	-0.022919874848742
"unknown"	unknown	5	LOC111112261	0.521755302613644
"unknown"	unknown	5	LOC111111260	3.50249974701248
"unknown"	unknown	5	LOC111137302	0.125842743417311
"unknown"	unknown	5	LOC111118604	0.386855666202523
"unknown"	unknown	5	LOC111099888	0.593032731218578
"unknown"	unknown	5	LOC111133908	0.0817827221806166
"unknown"	unknown	5	LOC111111380	0.387366709042651
"unknown"	unknown	5	LOC111099990	-0.447031666202311
"unknown"	unknown	5	LOC111133904	2.89664928757943
"unknown"	unknown	5	LOC111137783	0.745562300221724
"unknown"	unknown	5	LOC111106872	0.29975737964052
"unknown"	unknown	5	LOC111126332	0.0738222867158313
"unknown"	unknown	5	LOC111124642	-0.117122420595906
"unknown"	unknown	5	LOC111101042	-0.584718520049103
"unknown"	unknown	5	LOC111134510	-1.06056851554753
"unknown"	unknown	5	LOC111120805	-0.0161790486896042
"unknown"	unknown	5	LOC111116816	-0.607106501671476
"unknown"	unknown	5	LOC111102639	-0.121589169369738
"unknown"	unknown	5	LOC111116005	0.0146616994661963
"unknown"	unknown	5	LOC111112416	-0.0168426329184647
"unknown"	unknown	5	LOC111137579	-0.356531632753088
"unknown"	unknown	5	LOC111126555	0.00500897385133762
"unknown"	unknown	5	LOC111101520	-0.0205734573503456
"unknown"	unknown	5	LOC111137858	0.583743946573378
"unknown"	unknown	5	LOC111105758	-2.24707517552123
"unknown"	unknown	5	LOC111126155	0.582412914180938
"unknown"	unknown	5	LOC111107967	-0.204159131400142
"unknown"	unknown	5	LOC111102688	0.627531778273447
"unknown"	unknown	5	LOC111104110	-0.0334279897606953
"unknown"	unknown	5	LOC111138104	0.0139644453487727
"unknown"	unknown	5	LOC111108646	-0.039729254070684
"unknown"	unknown	5	LOC111114307	0.237856296681346
"unknown"	unknown	5	LOC111127501	-0.00535055373039224
"unknown"	unknown	5	LOC111123123	0.195904312637253
"unknown"	unknown	5	LOC111121535	-0.371564045865915
"unknown"	unknown	5	LOC111134481	0.408353849297898
"unknown"	unknown	5	LOC111108170	-1.01472148389637
"unknown"	unknown	5	LOC111132025	0.0757975719497229
"unknown"	unknown	5	LOC111125193	0.190841884945383
"unknown"	unknown	5	LOC111106607	0.321718244002562
"unknown"	unknown	5	LOC111121000	-1.68522124152527
"unknown"	unknown	5	LOC111117109	0.132679175101719
"unknown"	unknown	5	LOC111102759	0.185722138508348
"unknown"	unknown	5	LOC111110595	-0.0912916296894921
"unknown"	unknown	5	LOC111121306	0.292807753348714
"unknown"	unknown	5	LOC111108857	-2.23120700337883
"unknown"	unknown	5	LOC111110075	-0.278952582997476
"unknown"	unknown	5	LOC111124345	-0.226279206049078
"unknown"	unknown	5	LOC111110676	0.0780579391174288
"unknown"	unknown	5	LOC111126956	0.0283911742992684
"unknown"	unknown	5	LOC111103029	-0.0315232062177469
"unknown"	unknown	5	LOC111133063	0.333408329020834
"unknown"	unknown	5	LOC111137975	-0.485594711317794
"unknown"	unknown	5	LOC111122242	-0.0939680334632022
"unknown"	unknown	5	LOC111135259	1.660504456266
"unknown"	unknown	5	LOC111133926	-0.292013040872658
"unknown"	unknown	5	LOC111127143	0.795386855639622
"unknown"	unknown	5	LOC111131067	0.0443969576184576
"unknown"	unknown	5	LOC111103571	-0.329716376918026
"unknown"	unknown	5	LOC111111575	0.0625005923206688
"unknown"	unknown	5	LOC111124788	-0.818927842600928
"unknown"	unknown	5	LOC111133225	-2.22933958289916
"unknown"	unknown	5	LOC111119717	0.266393053127871
"unknown"	unknown	5	LOC111117266	-0.25227309684151
"unknown"	unknown	5	LOC111125518	0.160434262202412
"unknown"	unknown	5	LOC111127065	-0.514438525513967
"unknown"	unknown	5	LOC111110507	0.276814092840009
"unknown"	unknown	5	LOC111130412	-0.0450767690518406
"unknown"	unknown	5	LOC111102174	-0.104193274296094
"unknown"	unknown	5	LOC111124755	1.02134341025779
"unknown"	unknown	5	LOC111107773	0.174141081186809
"unknown"	unknown	5	LOC111100258	0.343941030021206
"unknown"	unknown	5	LOC111126967	-0.0391226945922922
"unknown"	unknown	5	LOC111114201	0.520421304721684
"unknown"	unknown	5	LOC111121518	0.631798208514709
"unknown"	unknown	5	LOC111128683	0.794008716179815
"unknown"	unknown	5	LOC111102384	0.438055387004679
"unknown"	unknown	5	LOC111126624	1.40211385180284
"unknown"	unknown	5	LOC111114550	-0.896575964675078
"unknown"	unknown	5	LOC111113400	1.11037730916402
"unknown"	unknown	5	LOC111108656	3.07929914937301
"unknown"	unknown	5	LOC111117681	-1.07176675378038
"unknown"	unknown	5	LOC111104259	-5.6154754792686
"unknown"	unknown	5	LOC111105260	0.886754065346735
"unknown"	unknown	5	LOC111118193	-1.85780300249037
"unknown"	unknown	5	LOC111114341	-0.00481458293881392
"unknown"	unknown	5	LOC111103367	-0.139481946683031
"unknown"	unknown	5	LOC111115922	-1.82812358987882
"unknown"	unknown	5	LOC111135349	0.0438077883094317
"unknown"	unknown	5	LOC111124527	0.0812482143564548
"unknown"	unknown	5	LOC111109914	-0.0909377434451884
"unknown"	unknown	5	LOC111119454	0.761657419257315
"unknown"	unknown	5	LOC111135807	-0.672875483026793
"unknown"	unknown	5	LOC111102290	-1.97573944019259
"unknown"	unknown	5	LOC111101028	0.669126711728658
"unknown"	unknown	5	LOC111118354	0.386134771066709
"unknown"	unknown	5	LOC111104540	0.578697373446375
"unknown"	unknown	5	LOC111130553	-0.68494811788953
"unknown"	unknown	5	LOC111111515	0.887177081737844
"unknown"	unknown	5	LOC111120756	0.306741489346734
"unknown"	unknown	5	LOC111127593	0.897506727877747
"unknown"	unknown	5	LOC111125629	-4.48230057150914
"unknown"	unknown	5	LOC111121980	-0.109743556840971
"unknown"	unknown	5	LOC111106973	0.852639966765955
"unknown"	unknown	5	LOC111121831	-2.28391483835233
"unknown"	unknown	5	LOC111131344	0.16252118330117
"unknown"	unknown	5	LOC111135149	-1.22028654021176
"unknown"	unknown	5	LOC111113178	-19.3463264651821
"unknown"	unknown	5	LOC111116738	0.364385752382341
"unknown"	unknown	5	LOC111101567	0.467630150822504
"unknown"	unknown	5	LOC111123549	-0.0343588939595255
"unknown"	unknown	5	LOC111101367	-0.0805200042290218
"unknown"	unknown	5	LOC111131611	-1.16682507078668
"unknown"	unknown	5	LOC111134724	-0.13573350108824
"unknown"	unknown	5	LOC111099728	-0.383397748645694
"unknown"	unknown	5	LOC111127320	-0.295412254309894
"unknown"	unknown	5	LOC111134615	0.582511686735988
"unknown"	unknown	5	LOC111135333	-0.0816581954786694
"unknown"	unknown	5	LOC111117248	0.176184693151171
"unknown"	unknown	5	LOC111117028	0.284549502408007
"unknown"	unknown	5	LOC111121463	-0.137132637783809
"unknown"	unknown	5	LOC111113102	0.0560115189020085
"unknown"	unknown	5	LOC111133366	0.903520790297126
"unknown"	unknown	5	LOC111135098	-0.536183735677702
"unknown"	unknown	5	LOC111125299	0.970746442977798
"unknown"	unknown	5	LOC111129436	-0.0661703171943463
"unknown"	unknown	5	LOC111120602	8.67790568886735
"unknown"	unknown	5	LOC111136123	-0.321232623417461
"unknown"	unknown	5	LOC111108711	7.05895859892464
"unknown"	unknown	5	LOC111130170	0.480707189244876
"unknown"	unknown	5	LOC111138080	-0.0282500073209169
"unknown"	unknown	5	LOC111104135	1.25347913185138
"unknown"	unknown	5	LOC111132786	0.131493236988567
"unknown"	unknown	5	LOC111127804	0.503287251419732
"unknown"	unknown	5	LOC111137530	0.645096893236684
"unknown"	unknown	5	LOC111115051	0.187014171969505
"unknown"	unknown	5	LOC111115734	3.44856818820411
"unknown"	unknown	5	LOC111134008	0.0997342986892029
"unknown"	unknown	5	LOC111128330	-0.0303177735475141
"unknown"	unknown	5	LOC111137487	-2.11134999215265
"unknown"	unknown	5	LOC111126226	1.61863356064369
"unknown"	unknown	5	LOC111138306	0.903374570647337
"unknown"	unknown	5	LOC111129957	0.271618563834707
"unknown"	unknown	5	LOC111125234	-0.154397912729533
"unknown"	unknown	5	LOC111131516	-0.10622197017713
"unknown"	unknown	5	LOC111126537	-0.278427447458427
"unknown"	unknown	5	LOC111109056	0.753554624571243
"unknown"	unknown	5	LOC111128598	0.973975054530289
"unknown"	unknown	5	LOC111104049	0.404812308478879
"unknown"	unknown	5	LOC111119571	0.19820306668761
"unknown"	unknown	5	LOC111138514	0.183913984896355
"unknown"	unknown	5	LOC111123339	2.03087767524832
"unknown"	unknown	5	LOC111100010	1.75607992051387
"unknown"	unknown	5	LOC111127404	-0.0563266945474996
"unknown"	unknown	5	LOC111117284	0.685092115982391
"unknown"	unknown	5	LOC111116497	0.0559412453421402
"unknown"	unknown	5	LOC111131115	1.25074137074874
"unknown"	unknown	5	LOC111099642	0.0238783784074109
"unknown"	unknown	5	LOC111105342	-3.00141569135467
"unknown"	unknown	5	LOC111110379	0.153280550966576
"unknown"	unknown	5	LOC111119540	-0.62682890079894
"unknown"	unknown	5	LOC111136817	-0.249317774367954
"unknown"	unknown	5	LOC111114482	0.690471052425516
"unknown"	unknown	5	LOC111123359	-5.4104264718208
"unknown"	unknown	5	LOC111108749	15.8349816898556
"unknown"	unknown	5	LOC111124903	-0.159482468692908
"unknown"	unknown	5	LOC111132686	-0.19676680441901
"unknown"	unknown	5	LOC111101194	-0.0572030926802447
"unknown"	unknown	5	LOC111136284	-1.79272245924745
"unknown"	unknown	5	LOC111127415	0.377363753258255
"unknown"	unknown	5	LOC111102855	0.607578173727949
"unknown"	unknown	5	LOC111136903	-0.0344390721480895
"unknown"	unknown	5	LOC111124695	-0.0281244214284988
"unknown"	unknown	5	LOC111107290	-2.05322465700925
"unknown"	unknown	5	LOC111109036	1.39215220127137
"unknown"	unknown	5	LOC111102677	0.00735964428785315
"unknown"	unknown	5	LOC111125146	0.915057987450698
"unknown"	unknown	5	LOC111127175	-1.80270552824441
"unknown"	unknown	5	LOC111113185	0.193905738580244
"unknown"	unknown	5	LOC111128993	0.224773991644601
"unknown"	unknown	5	LOC111131044	0.635172844987876
"unknown"	unknown	5	LOC111106091	0.0635341550533364
"unknown"	unknown	5	LOC111126061	-0.393740546170303
"unknown"	unknown	5	LOC111115580	-0.424030508383327
"unknown"	unknown	5	LOC111101216	0.716137061982187
"unknown"	unknown	5	LOC111123652	-2.34801910181904
"unknown"	unknown	5	LOC111111367	0.157493806432243
"unknown"	unknown	5	LOC111131602	-1.10106866379317
"unknown"	unknown	5	LOC111131140	1.95287872774527
"unknown"	unknown	5	LOC111122124	-3.29261859999892
"unknown"	unknown	5	LOC111118363	1.5168415222733
"unknown"	unknown	5	LOC111126541	-0.435886786869555
"unknown"	unknown	5	LOC111132999	0.446757407710585
"unknown"	unknown	5	LOC111133146	6.53460817177184
"unknown"	unknown	5	LOC111100282	-0.157641327433899
"unknown"	unknown	5	LOC111106041	0.486624531834018
"unknown"	unknown	5	LOC111135286	0.580052601950823
"unknown"	unknown	5	LOC111109074	-3.16685576348089
"unknown"	unknown	5	LOC111137257	0.239433506642289
"unknown"	unknown	5	LOC111131685	0.388761649285013
"unknown"	unknown	5	LOC111120627	0.327801966783913
"unknown"	unknown	5	LOC111117354	0.0731815149014855
"unknown"	unknown	5	LOC111133094	0.107607860575794
"unknown"	unknown	5	LOC111128137	2.91799443594034
"unknown"	unknown	5	LOC111108777	-0.351294656030605
"unknown"	unknown	5	LOC111134038	1.88451148805105
"unknown"	unknown	5	LOC111126643	0.0240246752906405
"unknown"	unknown	5	LOC111128513	0.134702922860328
"unknown"	unknown	5	LOC111117421	-2.02547988289121
"unknown"	unknown	5	LOC111107037	0.524974477070281
"unknown"	unknown	5	LOC111130341	0.0339121172285111
"unknown"	unknown	5	LOC111127043	-0.754039701117477
"unknown"	unknown	5	LOC111128140	0.108875176880525
"unknown"	unknown	5	LOC111118790	-0.0863348598224949
"unknown"	unknown	5	LOC111133994	1.38338433438803
"unknown"	unknown	5	LOC111104387	0.805240432771518
"unknown"	unknown	5	LOC111130585	-5.27219847142978
"unknown"	unknown	5	LOC111121096	-0.0321290766033604
"unknown"	unknown	5	LOC111133016	1.79053669895455
"unknown"	unknown	5	LOC111136805	-2.09004206614752
"unknown"	unknown	5	LOC111134640	-1.37068747304482
"unknown"	unknown	5	LOC111112782	0.360306788554164
"unknown"	unknown	5	LOC111128549	-1.572627150808
"unknown"	unknown	5	LOC111099579	0.407076987175239
"unknown"	unknown	5	LOC111111068	0.201822252897127
"unknown"	unknown	5	LOC111109289	1.79305486412682
"unknown"	unknown	5	LOC111132682	-0.498591431017736
"unknown"	unknown	5	LOC111116039	-0.034395992893598
"unknown"	unknown	5	LOC111135091	0.427356559746698
"unknown"	unknown	5	LOC111102801	-0.836726526927996
"unknown"	unknown	5	LOC111136340	-0.953761924923403
"unknown"	unknown	5	LOC111132284	-0.50187254524431
"unknown"	unknown	5	LOC111127633	-0.0827088373316152
"unknown"	unknown	5	LOC111129137	1.23511542005722
"unknown"	unknown	5	LOC111126357	0.0939108432892405
"unknown"	unknown	5	LOC111109608	-2.26004897873209
"unknown"	unknown	5	LOC111115292	1.11379342874918
"unknown"	unknown	5	LOC111138248	-0.354153865813838
"unknown"	unknown	5	LOC111127178	2.48430426756583
"unknown"	unknown	5	LOC111136985	0.0718716971110052
"unknown"	unknown	5	LOC111102611	0.265463492457134
"unknown"	unknown	5	LOC111106096	0.804067623372517
"unknown"	unknown	5	LOC111126215	-2.93985604072365
"unknown"	unknown	5	LOC111127241	1.34038204852504
"unknown"	unknown	5	LOC111101846	0.704168455153756
"unknown"	unknown	5	LOC111115227	-3.09813196426119
"unknown"	unknown	5	LOC111135030	0.0289069815918873
"unknown"	unknown	5	LOC111099766	1.05159920039712
"unknown"	unknown	5	LOC111125483	-1.21413662233034
"unknown"	unknown	5	LOC111119246	-1.01816324628544
"unknown"	unknown	5	LOC111133820	-0.312763896452959
"unknown"	unknown	5	LOC111102513	0.232931790554589
"unknown"	unknown	5	LOC111121635	0.853650723549141
"unknown"	unknown	5	LOC111126841	-0.00796465530054346
"unknown"	unknown	5	LOC111112541	0.269370653594304
"unknown"	unknown	5	LOC111134053	-0.116600823021815
"unknown"	unknown	5	LOC111118275	0.489587929652454
"unknown"	unknown	5	LOC111133988	-0.00592971138592937
"unknown"	unknown	5	LOC111126103	2.17647379131431
"unknown"	unknown	5	LOC111135617	-0.0390112917851736
"unknown"	unknown	5	LOC111118167	-0.312176592241327
"unknown"	unknown	5	LOC111101974	0.193932283531574
"unknown"	unknown	5	LOC111133857	0.311257578619906
"unknown"	unknown	5	LOC111119516	0.983672112402268
"unknown"	unknown	5	LOC111129100	1.36701914744437
"unknown"	unknown	5	LOC111122525	-0.0116049423293215
"unknown"	unknown	5	LOC111105437	-1.76088025242375
"unknown"	unknown	5	LOC111133861	0.648705617514997
"unknown"	unknown	5	LOC111123012	0.670907436844191
"unknown"	unknown	5	LOC111134445	-0.368871515700967
"unknown"	unknown	5	LOC111126280	-1.82484966143858
"unknown"	unknown	5	LOC111110323	0.497870589217095
"unknown"	unknown	5	LOC111136798	2.54007825388276
"unknown"	unknown	5	LOC111125142	0.171313901335643
"unknown"	unknown	5	LOC111115943	-0.724925022957481
"unknown"	unknown	5	LOC111107280	-0.306679451106908
"unknown"	unknown	5	LOC111135161	-1.70856114858215
"unknown"	unknown	5	LOC111104998	-3.24292300455684
"unknown"	unknown	5	LOC111101142	-0.544585084669216
"unknown"	unknown	5	LOC111118465	-0.794996242423694
"unknown"	unknown	5	LOC111118883	-1.09390620880093
"unknown"	unknown	5	LOC111106916	0.339643224155453
"unknown"	unknown	5	LOC111115027	-2.48815747065044
"unknown"	unknown	5	LOC111119143	0.473224783816482
"unknown"	unknown	5	LOC111104539	0.838462317283026
"unknown"	unknown	5	LOC111124549	2.57530952053699
"unknown"	unknown	5	LOC111119094	2.09881991026106
"unknown"	unknown	5	LOC111106703	0.29136612980019
"unknown"	unknown	5	LOC111120638	-3.27492414797461
"unknown"	unknown	5	LOC111121676	-0.543943267313143
"unknown"	unknown	5	LOC111129271	0.00513615035463132
"unknown"	unknown	5	LOC111128401	0.482678673908695
"unknown"	unknown	5	LOC111110905	-1.43457644535583
"unknown"	unknown	5	LOC111137045	2.30619611196108
"unknown"	unknown	5	LOC111136720	-0.190162916105592
"unknown"	unknown	5	LOC111114284	-0.664974238270151
"unknown"	unknown	5	LOC111105809	-0.014681339621285
"unknown"	unknown	5	LOC111125263	-0.0778970298601321
"unknown"	unknown	5	LOC111100154	-3.28059517981132
"unknown"	unknown	5	LOC111124830	-0.0374552683326754
"unknown"	unknown	5	LOC111117433	-0.275586435909007
"unknown"	unknown	5	LOC111127372	-0.0343866336858628
"unknown"	unknown	5	LOC111111254	-0.876062978814838
"unknown"	unknown	5	LOC111108655	0.498621453354839
"unknown"	unknown	5	LOC111130388	1.21266150857967
"unknown"	unknown	5	LOC111131173	-1.56329399918048
"unknown"	unknown	5	LOC111100515	-0.0975447976678486
"unknown"	unknown	5	LOC111111542	-1.01695553685254
"unknown"	unknown	5	LOC111122424	-0.551444352078588
"unknown"	unknown	5	LOC111126047	0.350092877196121
"unknown"	unknown	5	LOC111136487	-0.664083236571037
"unknown"	unknown	5	LOC111137952	-1.35894499046522
"unknown"	unknown	5	LOC111102630	-2.48341890126696
"unknown"	unknown	5	LOC111135951	0.15570505764475
"unknown"	unknown	5	LOC111105134	0.345842485093754
"unknown"	unknown	5	LOC111119282	-2.29412163656369
"unknown"	unknown	5	LOC111104927	-0.827370183758518
"unknown"	unknown	5	LOC111132174	0.101812485724845
"unknown"	unknown	5	LOC111119122	-0.569502487336314
"unknown"	unknown	5	LOC111104440	-1.28149023448363
"unknown"	unknown	5	LOC111112529	-0.205887365954552
"unknown"	unknown	5	LOC111101302	0.436762337545076
"unknown"	unknown	5	LOC111108133	-0.208917457308974
"unknown"	unknown	5	LOC111117105	0.385672693511669
"unknown"	unknown	5	LOC111133414	0.0149776386730902
"unknown"	unknown	5	LOC111107576	0.112535219424592
"unknown"	unknown	5	LOC111121897	0.116635095774412
"unknown"	unknown	5	LOC111110188	0.0498335409379174
"unknown"	unknown	5	LOC111121160	-0.0179718027548257
"unknown"	unknown	5	LOC111137845	0.176126133603455
"unknown"	unknown	5	LOC111135687	0.324070230902499
"unknown"	unknown	5	LOC111113599	-0.308358027070367
"unknown"	unknown	5	LOC111112227	-0.502200200962136
"unknown"	unknown	5	LOC111115273	-0.165753437813909
"unknown"	unknown	5	LOC111110424	-0.433951843998695
"unknown"	unknown	5	LOC111106035	-2.4405767843702
"unknown"	unknown	5	LOC111130209	2.21547537605663
"unknown"	unknown	5	LOC111130728	-0.0547514783172293
"unknown"	unknown	5	LOC111121423	-0.293583351569504
"unknown"	unknown	5	LOC111128908	-0.267828509934407
"unknown"	unknown	5	LOC111133521	-1.39480736707892
"unknown"	unknown	5	LOC111119450	3.46434472761592
"unknown"	unknown	5	LOC111117311	1.74977220447481
"unknown"	unknown	5	LOC111134914	-0.0343513589437574
"unknown"	unknown	5	LOC111134903	0.365366467757784
"unknown"	unknown	5	LOC111117515	-2.96195795907958
"unknown"	unknown	5	LOC111124661	0.258594597230906
"unknown"	unknown	5	LOC111125514	0.405873880021411
"unknown"	unknown	5	LOC111131785	-0.718308562072999
"unknown"	unknown	5	LOC111121567	1.38688062068624
"unknown"	unknown	5	LOC111113584	0.157108929963723
"unknown"	unknown	5	LOC111125859	-0.00798170002836242
"unknown"	unknown	5	LOC111107105	-0.9508575543917
"unknown"	unknown	5	LOC111122422	-1.34142980697729
"unknown"	unknown	5	LOC111134437	-0.651481964849462
"unknown"	unknown	5	LOC111099125	1.12879113192356
"unknown"	unknown	5	LOC111135179	-0.851460351802539
"unknown"	unknown	5	LOC111137334	-0.920621970022692
"unknown"	unknown	5	LOC111138363	-0.00848247809161292
"unknown"	unknown	5	LOC111109965	2.443771074935
"unknown"	unknown	5	LOC111138050	-0.305578664291481
"unknown"	unknown	5	LOC111115857	0.670511270229459
"unknown"	unknown	5	LOC111129494	0.105965859041977
"unknown"	unknown	5	LOC111112579	0.294270496358849
"unknown"	unknown	5	LOC111116440	1.1519296362201
"unknown"	unknown	5	LOC111106274	2.61864182255172
"unknown"	unknown	5	LOC111124519	-0.199312027646196
"unknown"	unknown	5	LOC111104092	1.94220922578828
"unknown"	unknown	5	LOC111103074	-0.176755084534427
"unknown"	unknown	5	LOC111126424	3.66485996383211
"unknown"	unknown	5	LOC111104758	-2.79217156160153
"unknown"	unknown	5	LOC111137637	0.39917265065917
"unknown"	unknown	5	LOC111128814	1.14307804861839
"unknown"	unknown	5	LOC111109032	0.232485259224431
"unknown"	unknown	5	LOC111126871	0.0517882070593877
"unknown"	unknown	5	LOC111109851	-0.790178256441363
"unknown"	unknown	5	LOC111110040	-0.0974405515186347
"unknown"	unknown	5	LOC111124551	0.947978356957831
"unknown"	unknown	5	LOC111103548	-3.99043981718941
"unknown"	unknown	5	LOC111102929	-1.51669347257682
"unknown"	unknown	5	LOC111129397	0.701630622965281
"unknown"	unknown	5	LOC111129451	0.0879081961213852
"unknown"	unknown	5	LOC111130994	-3.45275643607705
"unknown"	unknown	5	LOC111112177	0.421071311966806
"unknown"	unknown	5	LOC111109364	8.81472933837629
"unknown"	unknown	5	LOC111134031	2.1992024945515
"unknown"	unknown	5	LOC111125648	-0.322938618425781
"unknown"	unknown	5	LOC111119427	0.541174687863787
"unknown"	unknown	5	LOC111115746	-0.300665507478466
"unknown"	unknown	5	LOC111103095	-0.072133146538035
"unknown"	unknown	5	LOC111109686	-0.618931453906972
"unknown"	unknown	5	LOC111110253	0.0735616547225747
"unknown"	unknown	5	LOC111102902	0.308572545224872
"unknown"	unknown	5	LOC111109260	-0.631015852424748
"unknown"	unknown	5	LOC111108512	-0.060230584805305
"unknown"	unknown	5	LOC111109949	1.91915539743809
"unknown"	unknown	5	LOC111114039	-0.712817975089288
"unknown"	unknown	5	LOC111101099	1.39676412169965
"unknown"	unknown	5	LOC111119639	-0.0377163706918982
"unknown"	unknown	5	LOC111117020	-4.25397422299931
"unknown"	unknown	5	LOC111118187	0.0965914783428445
"unknown"	unknown	5	LOC111106527	0.225682391091567
"unknown"	unknown	5	LOC111099946	-0.457958174210683
"unknown"	unknown	5	LOC111132511	-1.0562571445448
"unknown"	unknown	5	LOC111122155	1.10096627006985
"unknown"	unknown	5	LOC111124014	-1.31126346943076
"unknown"	unknown	5	LOC111134257	-0.0534922701337182
"unknown"	unknown	5	LOC111119502	14.2077105599486
"unknown"	unknown	5	LOC111122011	1.42181473063862
"unknown"	unknown	5	LOC111104116	-0.462528669854927
"unknown"	unknown	5	LOC111118394	-0.418350133446715
"unknown"	unknown	5	LOC111136827	0.552897126478464
"unknown"	unknown	5	LOC111099591	-0.225178626231116
"unknown"	unknown	5	LOC111137595	-6.51621538443045
"unknown"	unknown	5	LOC111133765	1.68541510459844
"unknown"	unknown	5	LOC111103269	0.00805245609713041
"unknown"	unknown	5	LOC111099084	0.149344517617013
"unknown"	unknown	5	LOC111122774	0.368280718555186
"unknown"	unknown	5	LOC111100605	1.30946243616862
"unknown"	unknown	5	LOC111123739	-0.203480738238062
"unknown"	unknown	5	LOC111118490	0.952530188229576
"unknown"	unknown	5	LOC111128235	-1.41372116725775
"unknown"	unknown	5	LOC111115930	-0.707816932515656
"unknown"	unknown	5	LOC111135968	-0.0841742127262598
"unknown"	unknown	5	LOC111103749	2.20639946002818
"unknown"	unknown	5	LOC111099497	0.423594641444981
"unknown"	unknown	5	LOC111104798	1.06500611457318
"unknown"	unknown	5	LOC111127184	0.00780016415072359
"unknown"	unknown	5	LOC111114509	0.149360790390379
"unknown"	unknown	5	LOC111107313	0.222898062124785
"unknown"	unknown	5	LOC111115566	0.081924429652205
"unknown"	unknown	5	LOC111126467	-0.676078313685934
"unknown"	unknown	5	LOC111132256	-1.16635933554841
"unknown"	unknown	5	LOC111135524	0.212750945557566
"unknown"	unknown	5	LOC111135459	0.186844894475099
"unknown"	unknown	5	LOC111126694	0.107372218183803
"unknown"	unknown	5	LOC111129977	-0.168607980914365
"unknown"	unknown	5	LOC111131194	0.0610395486058179
"unknown"	unknown	5	LOC111107363	0.154142984348678
"unknown"	unknown	5	LOC111113917	-0.024221107477174
"unknown"	unknown	5	LOC111130164	-0.0486866354069006
"unknown"	unknown	5	LOC111122675	0.0465618468409924
"unknown"	unknown	5	LOC111136708	1.51789900006189
"unknown"	unknown	5	LOC111138103	0.236115743515851
"unknown"	unknown	5	LOC111136463	-0.300532391721131
"unknown"	unknown	5	LOC111129200	0.52511309383154
"unknown"	unknown	5	LOC111111018	-0.0843266756497915
"unknown"	unknown	5	LOC111104864	4.38727990095196
"unknown"	unknown	5	LOC111137736	2.05949559899809
"unknown"	unknown	5	LOC111137658	-0.482518380033794
"unknown"	unknown	5	LOC111122858	0.667117681884157
"unknown"	unknown	5	LOC111104640	-0.250916433923122
"unknown"	unknown	5	LOC111126393	-0.369253208157906
"unknown"	unknown	5	LOC111111225	-0.414191915609945
"unknown"	unknown	5	LOC111109943	2.80255333211213
"unknown"	unknown	5	LOC111138431	-0.0912100171368799
"unknown"	unknown	5	LOC111117252	0.00740216903904697
"unknown"	unknown	5	LOC111104526	0.0406750864184808
"unknown"	unknown	5	LOC111116709	-0.732245152773366
"unknown"	unknown	5	LOC111129516	0.606175495784788
"unknown"	unknown	5	LOC111123999	0.116034619852886
"unknown"	unknown	5	LOC111114814	0.0569859144335472
"unknown"	unknown	5	LOC111130777	-0.128778035006117
"unknown"	unknown	5	LOC111136963	-0.0755097905993859
"unknown"	unknown	5	LOC111136026	1.48473362592556
"unknown"	unknown	5	LOC111101205	-0.274763725141021
"unknown"	unknown	5	LOC111126062	-2.17745714303084
"unknown"	unknown	5	LOC111129907	-2.79975923077036
"unknown"	unknown	5	LOC111108272	0.353864241266187
"unknown"	unknown	5	LOC111127855	1.06108326864287
"unknown"	unknown	5	LOC111127192	-0.869831280219677
"unknown"	unknown	5	LOC111123443	0.286219946741627
"unknown"	unknown	5	LOC111116914	0.474820045603309
"unknown"	unknown	5	LOC111120499	0.685096787781492
"unknown"	unknown	5	LOC111124783	0.330311432783937
"unknown"	unknown	5	LOC111100993	-0.337886354715156
"unknown"	unknown	5	LOC111100870	-0.161996697610818
"unknown"	unknown	5	LOC111124750	0.386539767564922
"unknown"	unknown	5	LOC111111344	-0.0163942308837789
"unknown"	unknown	5	LOC111121311	-0.221350421527529
"unknown"	unknown	5	LOC111109863	0.329554765493686
"unknown"	unknown	5	LOC111110830	-0.314840226859379
"unknown"	unknown	5	LOC111111027	-0.898005804522378
"unknown"	unknown	5	LOC111101603	-1.92109539368701
"unknown"	unknown	5	LOC111134091	-0.230016890413293
"unknown"	unknown	5	LOC111109714	-0.71207274638641
"unknown"	unknown	5	LOC111127146	-0.791882362979553
"unknown"	unknown	5	LOC111119119	0.183287987801362
"unknown"	unknown	5	LOC111105297	-0.119213851212599
"unknown"	unknown	5	LOC111111624	1.15828895593378
"unknown"	unknown	5	LOC111099577	0.664074533777657
"unknown"	unknown	5	LOC111134853	-0.269696036316133
"unknown"	unknown	5	LOC111111054	2.68690368277605
"unknown"	unknown	5	LOC111128586	-0.752843865548392
"unknown"	unknown	5	LOC111118338	0.221070362111107
"unknown"	unknown	5	LOC111111248	-0.876050022389524
"unknown"	unknown	5	LOC111109605	-1.08839026676757
"unknown"	unknown	5	LOC111112362	0.618832091662672
"unknown"	unknown	5	LOC111113780	0.326270309812561
"unknown"	unknown	5	LOC111129568	-0.491125965364645
"unknown"	unknown	5	LOC111117928	-0.440130690089764
"unknown"	unknown	5	LOC111120669	-0.0568726367983699
"unknown"	unknown	5	LOC111125402	3.03572573828106
"unknown"	unknown	5	LOC111135608	0.441078039512936
"unknown"	unknown	5	LOC111137366	-2.72548848324171
"unknown"	unknown	5	LOC111137198	-0.0928161576313068
"unknown"	unknown	5	LOC111123933	0.859555983472014
"unknown"	unknown	5	LOC111131448	0.179994820810443
"unknown"	unknown	5	LOC111128722	-1.16637373310378
"unknown"	unknown	5	LOC111123044	0.86907454353698
"unknown"	unknown	5	LOC111115777	-0.0404768241466647
"unknown"	unknown	5	LOC111119698	0.327452778693864
"unknown"	unknown	5	LOC111114930	0.341523601989976
"unknown"	unknown	5	LOC111129190	0.869227951204791
"unknown"	unknown	5	LOC111101525	-0.017723110149084
"unknown"	unknown	5	LOC111136432	-0.546964096300755
"unknown"	unknown	5	LOC111106938	0.0205661448300034
"unknown"	unknown	5	LOC111116827	0.0961014299934571
"unknown"	unknown	5	LOC111104814	0.160794176561607
"unknown"	unknown	5	LOC111135792	-1.94050381404517
"unknown"	unknown	5	LOC111115226	0.329317457630496
"unknown"	unknown	5	LOC111138486	-1.83867359816569
"unknown"	unknown	5	LOC111099896	0.613489105581312
"unknown"	unknown	5	LOC111105568	-3.45512930719757
"unknown"	unknown	5	LOC111115984	-0.21854516782605
"unknown"	unknown	5	LOC111101497	0.229202042687824
"unknown"	unknown	5	LOC111125840	1.24023665743662
"unknown"	unknown	5	LOC111120572	-1.05177906514937
"unknown"	unknown	5	LOC111134537	-0.0949461133362118
"unknown"	unknown	5	LOC111125078	0.168143949100216
"unknown"	unknown	5	LOC111103928	0.664520289670183
"unknown"	unknown	5	LOC111123140	0.134086111701667
"unknown"	unknown	5	LOC111105243	-0.148655235944105
"unknown"	unknown	5	LOC111112833	-0.349438063528596
"unknown"	unknown	5	LOC111108018	-2.03015494822385
"unknown"	unknown	5	LOC111134754	-0.090725127414295
"unknown"	unknown	5	LOC111114369	-0.100250196790183
"unknown"	unknown	5	LOC111127493	0.955986448147858
"unknown"	unknown	5	LOC111099825	0.222883969738235
"unknown"	unknown	5	LOC111101951	1.19076000924932
"unknown"	unknown	5	LOC111124146	0.783070164508205
"unknown"	unknown	5	LOC111124866	0.111671990060518
"unknown"	unknown	5	LOC111133424	-0.210710106525001
"unknown"	unknown	5	LOC111119009	-0.761464848162054
"unknown"	unknown	5	LOC111103214	-0.371056393244288
"unknown"	unknown	5	LOC111114047	-8.44105366645373
"unknown"	unknown	5	LOC111126545	1.90590174426067
"unknown"	unknown	5	LOC111124469	0.00297193677871571
"unknown"	unknown	5	LOC111105403	-0.0797094903552066
"unknown"	unknown	5	LOC111131669	-0.251894830095076
"unknown"	unknown	5	LOC111120292	2.16186683604107
"unknown"	unknown	5	ND2	0.923220870324498
"unknown"	unknown	5	LOC111130332	-0.0412720265604764
"unknown"	unknown	5	LOC111127396	0.00821667270414631
"unknown"	unknown	5	LOC111119927	-0.350216041320083
"unknown"	unknown	5	LOC111111275	0.772822919590506
"unknown"	unknown	5	LOC111128762	0.286288692553772
"unknown"	unknown	5	LOC111119500	0.99483461127239
"unknown"	unknown	5	LOC111115253	0.194623043277883
"unknown"	unknown	5	LOC111122965	-1.9587627093374
"unknown"	unknown	5	LOC111105102	-1.33455663624145
"unknown"	unknown	5	LOC111136831	0.0614233299757262
"unknown"	unknown	5	LOC111117071	0.0960750069397179
"unknown"	unknown	5	LOC111111136	-1.55306149101399
"unknown"	unknown	5	LOC111119295	-0.0369050865702507
"unknown"	unknown	5	LOC111126730	0.349738952537734
"unknown"	unknown	5	LOC111119556	0.173136078984323
"unknown"	unknown	5	LOC111104026	0.603940119734017
"unknown"	unknown	5	LOC111122403	0.462755775206858
"unknown"	unknown	5	LOC111117605	-0.696527155173546
"unknown"	unknown	5	LOC111103607	0.752423085967595
"unknown"	unknown	5	LOC111119885	0.104029928664027
"unknown"	unknown	5	LOC111112797	0.141492981287589
"unknown"	unknown	5	LOC111133888	0.262512072567334
"unknown"	unknown	5	LOC111125379	0.0822153906082421
"unknown"	unknown	5	LOC111124438	0.329254703811208
"unknown"	unknown	5	LOC111135406	-2.25909325502709
"unknown"	unknown	5	LOC111120129	-0.986716117590384
"unknown"	unknown	5	LOC111137081	2.02597915766279
"unknown"	unknown	5	LOC111115915	-0.0576713421684272
"unknown"	unknown	5	LOC111111973	-0.621772414569872
"unknown"	unknown	5	LOC111112417	-0.224964747532428
"unknown"	unknown	5	LOC111128740	-1.08672371416797
"unknown"	unknown	5	LOC111131241	1.36594359390907
"unknown"	unknown	5	LOC111137253	2.21071685012844
"unknown"	unknown	5	LOC111106610	-0.252667907153838
"unknown"	unknown	5	LOC111106988	2.15860257055851
"unknown"	unknown	5	LOC111130784	-0.40735546124191
"unknown"	unknown	5	LOC111118008	-0.00210956742504982
"unknown"	unknown	5	LOC111138075	-0.759362946912636
"unknown"	unknown	5	LOC111102879	-0.30116577659582
"unknown"	unknown	5	LOC111109545	0.82937512134944
"unknown"	unknown	5	LOC111108380	0.822555931506031
"unknown"	unknown	5	LOC111136926	0.953914116128528
"unknown"	unknown	5	LOC111118743	0.559201010993642
"unknown"	unknown	5	LOC111132052	0.340245329577424
"unknown"	unknown	5	LOC111107244	0.883899457994742
"unknown"	unknown	5	LOC111115401	0.0534727389397645
"unknown"	unknown	5	LOC111133376	6.16825033023968
"unknown"	unknown	5	LOC111134675	1.42087790268012
"unknown"	unknown	5	LOC111129141	-0.678455581657948
"unknown"	unknown	5	LOC111113924	2.22767697667147
"unknown"	unknown	5	LOC111137667	-0.718890568647094
"unknown"	unknown	5	LOC111108016	6.96432618751352
"unknown"	unknown	5	LOC111131726	0.157969231346603
"unknown"	unknown	5	LOC111102574	-1.4961921171948
"unknown"	unknown	5	LOC111116935	0.0824758286507755
"unknown"	unknown	5	LOC111123045	1.65825072095094
"unknown"	unknown	5	LOC111129590	-1.33538104916645
"unknown"	unknown	5	LOC111101894	0.0641658188553462
"unknown"	unknown	5	LOC111111627	-0.197276671963807
"unknown"	unknown	5	LOC111119003	0.282305530304784
"unknown"	unknown	5	LOC111123743	0.173012315014784
"unknown"	unknown	5	LOC111120132	-0.957100233227393
"unknown"	unknown	5	LOC111101885	-0.373847030239411
"unknown"	unknown	5	LOC111120482	0.710872224185523
"unknown"	unknown	5	LOC111105378	0.0701231335409099
"unknown"	unknown	5	LOC111119228	0.0556662507849077
"unknown"	unknown	5	LOC111105259	-1.49260005635327
"unknown"	unknown	5	LOC111110616	-0.744303656402233
"unknown"	unknown	5	LOC111136351	0.448431438544961
"unknown"	unknown	5	LOC111136175	0.82890640667244
"unknown"	unknown	5	LOC111113205	-0.108032325156468
"unknown"	unknown	5	LOC111117708	0.308538476185724
"unknown"	unknown	5	LOC111109130	-0.937921716129855
"unknown"	unknown	5	LOC111131262	-0.407871586340382
"unknown"	unknown	5	LOC111112916	-2.08337320795952
"unknown"	unknown	5	LOC111119480	1.34077722079839
"unknown"	unknown	5	LOC111104328	0.120062563643066
"unknown"	unknown	5	LOC111131784	-3.6303565938355
"unknown"	unknown	5	LOC111115396	0.577434588285749
"unknown"	unknown	5	LOC111104554	0.619475100105991
"unknown"	unknown	5	LOC111126803	-0.32057598436197
"unknown"	unknown	5	LOC111135270	-0.0343790150126713
"unknown"	unknown	5	LOC111129298	0.00886684913631188
"unknown"	unknown	5	LOC111137853	0.113316160718111
"unknown"	unknown	5	LOC111128333	-0.708340105764043
"unknown"	unknown	5	LOC111104003	0.100256508246626
"unknown"	unknown	5	LOC111129956	-0.217462159466926
"unknown"	unknown	5	LOC111116954	1.62442796312384
"unknown"	unknown	5	LOC111110311	3.51707021727662
"unknown"	unknown	5	LOC111125351	-0.852459279797554
"unknown"	unknown	5	LOC111109407	0.193439609276797
"unknown"	unknown	5	LOC111101438	0.442165409638079
"unknown"	unknown	5	LOC111134847	0.22509449256307
"unknown"	unknown	5	LOC111124219	1.37403223662728
"unknown"	unknown	5	LOC111119987	-3.49972279678653
"unknown"	unknown	5	LOC111131073	-0.469943272668872
"unknown"	unknown	5	LOC111133345	-0.811425539876714
"unknown"	unknown	5	LOC111115451	0.386541888939258
"unknown"	unknown	5	LOC111108058	-0.857640153681034
"unknown"	unknown	5	LOC111103116	0.999942213417235
"unknown"	unknown	5	LOC111118350	-0.734605272156496
"unknown"	unknown	5	LOC111102121	-1.07270353994925
"unknown"	unknown	5	LOC111099138	-1.37710983809629
"unknown"	unknown	5	LOC111125533	0.717897244214951
"unknown"	unknown	5	LOC111110063	0.0895671991278201
"unknown"	unknown	5	LOC111117238	0.263895530754238
"unknown"	unknown	5	LOC111108600	0.210401652958317
"unknown"	unknown	5	LOC111129970	-1.63217336066041
"unknown"	unknown	5	LOC111109797	0.303834950636495
"unknown"	unknown	5	LOC111107639	0.331300727768968
"unknown"	unknown	5	LOC111100514	-0.56494085961705
"unknown"	unknown	5	LOC111109697	0.44990812223092
"unknown"	unknown	5	LOC111109758	-0.846051547805995
"unknown"	unknown	5	LOC111126174	-0.578167091556727
"unknown"	unknown	5	LOC111101948	0.642600681644457
"unknown"	unknown	5	LOC111114934	-0.688830566656347
"unknown"	unknown	5	LOC111123071	0.775188125267392
"unknown"	unknown	5	LOC111133883	-0.246304268510596
"unknown"	unknown	5	LOC111113358	-2.94382858438966
"unknown"	unknown	5	LOC111132278	-0.25709582126152
"unknown"	unknown	5	LOC111117859	0.212326460736825
"unknown"	unknown	5	LOC111131405	0.198431627132231
"unknown"	unknown	5	LOC111103805	0.178655456186856
"unknown"	unknown	5	LOC111138052	0.0706311607708398
"unknown"	unknown	5	LOC111101092	0.0254286829485582
"unknown"	unknown	5	LOC111117262	0.603852149224221
"unknown"	unknown	5	LOC111129398	-0.021127611423261
"unknown"	unknown	5	LOC111104053	-0.241758544541248
"unknown"	unknown	5	LOC111129463	0.385270663328718
"unknown"	unknown	5	LOC111102015	0.22045269949845
"unknown"	unknown	5	LOC111133106	0.15882243952527
"unknown"	unknown	5	LOC111131324	0.633682663799286
"unknown"	unknown	5	LOC111115731	0.459306195367428
"unknown"	unknown	5	LOC111106867	0.540933080820215
"unknown"	unknown	5	LOC111116946	-0.484991063554364
"unknown"	unknown	5	LOC111131793	0.442646349637491
"unknown"	unknown	5	LOC111137262	0.353080511519503
"unknown"	unknown	5	LOC111135634	-1.08615626491998
"unknown"	unknown	5	LOC111114619	0.196816962181587
"unknown"	unknown	5	LOC111109787	-0.312780518045381
"unknown"	unknown	5	LOC111110395	0.0955520941454763
"unknown"	unknown	5	LOC111116888	-0.546492500630772
"unknown"	unknown	5	LOC111136023	0.375246028673746
"unknown"	unknown	5	LOC111120766	-0.15561781291043
"unknown"	unknown	5	LOC111125465	-0.996106156832634
"unknown"	unknown	5	LOC111100240	1.32486952307688
"unknown"	unknown	5	LOC111108139	0.665105038337112
"unknown"	unknown	5	LOC111114557	0.140208656682626
"unknown"	unknown	5	LOC111122496	1.60185248863842
"unknown"	unknown	5	LOC111129213	-0.245536052951256
"unknown"	unknown	5	LOC111136782	-0.513212996186629
"unknown"	unknown	5	LOC111123293	0.236198277965465
"unknown"	unknown	5	LOC111126454	0.249209395941372
"unknown"	unknown	5	LOC111122872	0.19992805166115
"unknown"	unknown	5	LOC111127425	-0.713346706902077
"unknown"	unknown	5	LOC111112603	0.287173880947592
"unknown"	unknown	5	LOC111112631	0.264464997482367
"unknown"	unknown	5	LOC111128210	0.559425204324412
"unknown"	unknown	5	LOC111112469	1.19904375972266
"unknown"	unknown	5	LOC111122659	0.588519633505064
"unknown"	unknown	5	LOC111126914	-0.124993257915755
"unknown"	unknown	5	LOC111117757	-0.264150500995438
"unknown"	unknown	5	LOC111109769	-0.141925355778593
"unknown"	unknown	5	LOC111116734	-2.2829798825571
"unknown"	unknown	5	LOC111122691	7.47771723504859
"unknown"	unknown	5	LOC111137708	0.165767625135126
"unknown"	unknown	5	LOC111109676	-0.724423925542565
"unknown"	unknown	5	LOC111125759	-1.17844767920972
"unknown"	unknown	5	LOC111124808	0.0629478669007414
"unknown"	unknown	5	LOC111118855	0.202373547698549
"unknown"	unknown	5	LOC111128055	0.75097977753701
"unknown"	unknown	5	LOC111137202	-0.842987764755029
"unknown"	unknown	5	LOC111135821	1.98629645677346
"unknown"	unknown	5	LOC111137972	0.703108122935767
"unknown"	unknown	5	LOC111135644	-0.218192017904492
"unknown"	unknown	5	LOC111108101	-1.02549049972523
"unknown"	unknown	5	LOC111119299	-0.187005470826133
"unknown"	unknown	5	LOC111121404	0.0355504662177115
"unknown"	unknown	5	LOC111101017	-0.205553455192754
"unknown"	unknown	5	LOC111136160	1.03576865891592
"unknown"	unknown	5	LOC111127994	0.400432679856735
"unknown"	unknown	5	LOC111110090	-0.21411095386978
"unknown"	unknown	5	LOC111105587	-1.16920147952129
"unknown"	unknown	5	LOC111129495	0.469407498334274
"unknown"	unknown	5	LOC111134973	0.0920502935060119
"unknown"	unknown	5	LOC111118922	0.422600240057823
"unknown"	unknown	5	LOC111112726	-1.45351289309835
"unknown"	unknown	5	LOC111127572	-0.284264033118123
"unknown"	unknown	5	LOC111126308	0.267841491444594
"unknown"	unknown	5	LOC111130108	0.30873397187847
"unknown"	unknown	5	LOC111121885	-0.0535357649040302
"unknown"	unknown	5	LOC111101059	1.20126052826968
"unknown"	unknown	5	LOC111109803	0.163983361684054
"unknown"	unknown	5	LOC111137197	-0.270499836824709
"unknown"	unknown	5	LOC111123644	0.0431855121242495
"unknown"	unknown	5	LOC111123765	0.133791598574721
"unknown"	unknown	5	LOC111123794	-0.236749879206207
"unknown"	unknown	5	LOC111121345	1.07350823659317
"unknown"	unknown	5	LOC111130129	-1.6884327184997
"unknown"	unknown	5	LOC111132345	1.46972985374602
"unknown"	unknown	5	LOC111130697	0.713289367967564
"unknown"	unknown	5	LOC111123274	-0.146931750889163
"unknown"	unknown	5	LOC111112344	-0.278774432657919
"unknown"	unknown	5	LOC111125398	-0.998501685202961
"unknown"	unknown	5	LOC111115659	1.69753563999299
"unknown"	unknown	5	LOC111128803	0.0391473042795627
"unknown"	unknown	5	LOC111104730	-0.0823542245830758
"unknown"	unknown	5	LOC111132486	0.409693998682346
"unknown"	unknown	5	LOC111099966	0.0454064386049894
"unknown"	unknown	5	LOC111115890	0.875037166360763
"unknown"	unknown	5	LOC111122787	-0.0147256711909068
"unknown"	unknown	5	LOC111118317	0.536013701800178
"unknown"	unknown	5	LOC111105230	1.38577846208995
"unknown"	unknown	5	LOC111131568	0.198418470725079
"unknown"	unknown	5	LOC111106064	0.140146349145808
"unknown"	unknown	5	LOC111135516	0.252297845692263
"unknown"	unknown	5	LOC111132044	0.234779346828967
"unknown"	unknown	5	LOC111101509	-0.406452169003193
"unknown"	unknown	5	LOC111133545	1.81256023687008
"unknown"	unknown	5	LOC111123951	-0.642532175715931
"unknown"	unknown	5	LOC111116926	-0.38527886110418
"unknown"	unknown	5	LOC111129286	-0.576490568490912
"unknown"	unknown	5	LOC111100778	0.273614525873613
"unknown"	unknown	5	LOC111137536	0.388936454684452
"unknown"	unknown	5	LOC111124295	0.811613504211037
"unknown"	unknown	5	LOC111126244	1.38567351523932
"unknown"	unknown	5	LOC111116928	0.40977256527309
"unknown"	unknown	5	LOC111123892	-2.48706685754215
"unknown"	unknown	5	LOC111117129	2.01900865079259
"unknown"	unknown	5	LOC111101731	-0.857782793921595
"unknown"	unknown	5	LOC111103610	-0.760483092009739
"unknown"	unknown	5	LOC111135223	0.16501099549966
"unknown"	unknown	5	LOC111120834	1.38890285492965
"unknown"	unknown	5	LOC111136906	-0.169254081138292
"unknown"	unknown	5	LOC111135747	0.584732207861534
"unknown"	unknown	5	LOC111122667	0.023076165705914
"unknown"	unknown	5	LOC111128931	0.615576741077952
"unknown"	unknown	5	LOC111131712	1.96953491284266
"unknown"	unknown	5	LOC111134793	1.27585357441643
"unknown"	unknown	5	LOC111100409	0.147337242346412
"unknown"	unknown	5	LOC111121875	0.170765617768419
"unknown"	unknown	5	LOC111124862	-0.978596757473966
"unknown"	unknown	5	LOC111106368	20.1352524972764
"unknown"	unknown	5	LOC111102816	0.554377838894824
"unknown"	unknown	5	LOC111103959	-0.0561833150096918
"unknown"	unknown	5	LOC111120423	0.120780119792847
"unknown"	unknown	5	LOC111122471	0.490142282869042
"unknown"	unknown	5	LOC111110027	0.552343940330023
"unknown"	unknown	5	LOC111134003	1.22934761368153
"unknown"	unknown	5	LOC111119782	-0.526182623264695
"unknown"	unknown	5	LOC111112436	-1.62513292751291
"unknown"	unknown	5	LOC111137862	0.558916948289257
"unknown"	unknown	5	LOC111101135	-0.333090721615046
"unknown"	unknown	5	LOC111130389	1.8034369913631
"unknown"	unknown	5	LOC111133361	0.102167260269546
"unknown"	unknown	5	LOC111123563	-3.28906544192616
"unknown"	unknown	5	LOC111109105	0.661210924604791
"unknown"	unknown	5	LOC111120779	0.167806287814171
"unknown"	unknown	5	LOC111121699	-0.425867861618705
"unknown"	unknown	5	LOC111106681	-0.428404248985287
"unknown"	unknown	5	LOC111138507	0.28180914564661
"unknown"	unknown	5	LOC111118025	-0.913202643568227
"unknown"	unknown	5	LOC111103885	-1.40043057188377
"unknown"	unknown	5	LOC111117161	0.0938706978034087
"unknown"	unknown	5	LOC111109250	-0.422978725947653
"unknown"	unknown	5	LOC111119965	-0.132315440907464
"unknown"	unknown	5	LOC111106618	1.05797679526495
"unknown"	unknown	5	LOC111102505	-0.821727934034172
"unknown"	unknown	5	LOC111138289	-0.380871832192416
"unknown"	unknown	5	LOC111100442	-0.177613333900742
"unknown"	unknown	5	LOC111120034	-0.860913574879946
"unknown"	unknown	5	LOC111119727	2.40657306464811
"unknown"	unknown	5	LOC111111618	-0.0687920270105405
"unknown"	unknown	5	LOC111114531	1.0267870734613
"unknown"	unknown	5	LOC111110175	-3.01848225909563
"unknown"	unknown	5	LOC111132034	-0.237479943437771
"unknown"	unknown	5	LOC111103178	1.2114927901836
"unknown"	unknown	5	LOC111128307	-0.0344502158704289
"unknown"	unknown	5	LOC111127972	12.5021957810896
"unknown"	unknown	5	LOC111137540	0.505482091465791
"unknown"	unknown	5	LOC111113434	-0.289067572443168
"unknown"	unknown	5	LOC111107283	0.231410474594142
"unknown"	unknown	5	LOC111135558	0.412284173456127
"unknown"	unknown	5	LOC111115106	-2.10578527712171
"unknown"	unknown	5	LOC111121025	-0.0739274401367027
"unknown"	unknown	5	LOC111108770	-0.161596309088383
"unknown"	unknown	5	LOC111116805	-0.637270818065646
"unknown"	unknown	5	LOC111133463	0.328730453303413
"unknown"	unknown	5	LOC111099919	-0.489187313628413
"unknown"	unknown	5	LOC111129718	-0.401326273183706
"unknown"	unknown	5	LOC111125508	2.15729789131573
"unknown"	unknown	5	LOC111115980	-2.57389070269576
"unknown"	unknown	5	LOC111105172	-0.0343908889570135
"unknown"	unknown	5	LOC111125004	-0.645587163029107
"unknown"	unknown	5	LOC111132111	-0.846635763020396
"unknown"	unknown	5	LOC111100385	0.0207110148020223
"unknown"	unknown	5	LOC111124493	-0.378958775664081
"unknown"	unknown	5	LOC111122647	49.2861930915011
"unknown"	unknown	5	LOC111117512	0.239881689334841
"unknown"	unknown	5	LOC111136632	-0.847422668246143
"unknown"	unknown	5	LOC111126987	2.89275334372941
"unknown"	unknown	5	LOC111135004	-1.15131294025009
"unknown"	unknown	5	LOC111100910	0.0183152706134449
"unknown"	unknown	5	LOC111111819	0.457132641270325
"unknown"	unknown	5	LOC111104009	-0.170152822224806
"unknown"	unknown	5	LOC111113899	0.317768172770934
"unknown"	unknown	5	LOC111108763	0.941630225333924
"unknown"	unknown	5	LOC111117344	-0.423458992750972
"unknown"	unknown	5	LOC111128177	-3.14163778632615
"unknown"	unknown	5	LOC111111464	0.286097739467905
"unknown"	unknown	5	LOC111099438	-0.929032309674575
"unknown"	unknown	5	LOC111133231	0.149806871801307
"unknown"	unknown	5	LOC111101889	-0.142775622296065
"unknown"	unknown	5	LOC111125286	0.0452184007714157
"unknown"	unknown	5	LOC111133550	0.722800066217326
"unknown"	unknown	5	LOC111130000	0.879641685324828
"unknown"	unknown	5	LOC111099651	-1.16923086840449
"unknown"	unknown	5	LOC111104729	0.0852488702925833
"unknown"	unknown	5	LOC111119662	-0.947889529393654
"unknown"	unknown	5	LOC111106103	0.139016820679693
"unknown"	unknown	5	LOC111129306	-3.92678444001858
"unknown"	unknown	5	LOC111115793	0.691695650250822
"unknown"	unknown	5	LOC111136124	0.448077369782879
"unknown"	unknown	5	LOC111100620	-2.42857837542978
"unknown"	unknown	5	LOC111122191	1.02517270941851
"unknown"	unknown	5	LOC111120920	0.713100613757821
"unknown"	unknown	5	LOC111109815	0.208965598542779
"unknown"	unknown	5	LOC111120531	-1.92544762262029
"unknown"	unknown	5	LOC111109598	-1.66516767397855
"unknown"	unknown	5	LOC111114246	-1.62568056407288
"unknown"	unknown	5	LOC111099450	14.9718193348765
"unknown"	unknown	5	LOC111107187	-0.808392277229099
"unknown"	unknown	5	LOC111107281	-0.179872376959937
"unknown"	unknown	5	LOC111107225	-0.203664494087266
"unknown"	unknown	5	LOC111115416	0.458163339585937
"unknown"	unknown	5	LOC111135897	0.100436152104748
"unknown"	unknown	5	LOC111123452	0.262710754905597
"unknown"	unknown	5	LOC111127106	-0.705843923487845
"unknown"	unknown	5	LOC111135235	-0.378920655142685
"unknown"	unknown	5	LOC111115157	-0.256977235945195
"unknown"	unknown	5	LOC111114617	0.886820849228309
"unknown"	unknown	5	LOC111105454	-0.508371048447601
"unknown"	unknown	5	LOC111122047	-0.0139845629653623
"unknown"	unknown	5	LOC111138124	0.728029889060812
"unknown"	unknown	5	LOC111119336	-1.33420416771141
"unknown"	unknown	5	LOC111134977	0.0745675960658828
"unknown"	unknown	5	LOC111115968	-0.56339185360727
"unknown"	unknown	5	LOC111116356	0.835567307601335
"unknown"	unknown	5	LOC111121170	2.11638933183855
"unknown"	unknown	5	LOC111106660	0.587387611605877
"unknown"	unknown	5	LOC111127379	0.0593501433520273
"unknown"	unknown	5	LOC111137090	-0.289656405586943
"unknown"	unknown	5	LOC111133646	0.313778561751792
"unknown"	unknown	5	LOC111123419	0.8985279033815
"unknown"	unknown	5	LOC111125164	-0.19978076003859
"unknown"	unknown	5	LOC111109040	0.176130668356792
"unknown"	unknown	5	LOC111107827	-1.92368267089723
"unknown"	unknown	5	LOC111127048	-0.258244685446536
"unknown"	unknown	5	LOC111105659	0.369944828000201
"unknown"	unknown	5	LOC111136674	0.145339956070805
"unknown"	unknown	5	LOC111102406	0.137978143826847
"unknown"	unknown	5	LOC111115632	-6.01738872782276
"unknown"	unknown	5	LOC111138012	2.32658870712308
"unknown"	unknown	5	LOC111130377	-1.19069649252451
"unknown"	unknown	5	LOC111100237	-0.138783850099784
"unknown"	unknown	5	LOC111122785	-0.410385291105119
"unknown"	unknown	5	LOC111135681	-0.610872801337845
"unknown"	unknown	5	LOC111129330	0.268420765709421
"unknown"	unknown	5	LOC111122066	0.58372767301431
"unknown"	unknown	5	LOC111133849	0.196862991384571
"unknown"	unknown	5	LOC111103581	0.312120825852194
"unknown"	unknown	5	LOC111128861	-0.482703994060247
"unknown"	unknown	5	LOC111111841	-0.137674060755127
"unknown"	unknown	5	LOC111119488	1.02442083581339
"unknown"	unknown	5	LOC111100078	-1.83492766165736
"unknown"	unknown	5	LOC111134710	-2.15267953065348
"unknown"	unknown	5	LOC111113574	0.433465156680771
"unknown"	unknown	5	LOC111111552	0.246212120012472
"unknown"	unknown	5	LOC111103649	-0.0344104779884643
"unknown"	unknown	5	LOC111118624	-0.798129666471363
"unknown"	unknown	5	LOC111114334	-0.0133208164712437
"unknown"	unknown	5	LOC111112671	-0.729192645920938
"unknown"	unknown	5	LOC111133747	-0.166762032646026
"unknown"	unknown	5	LOC111126161	0.256799406274765
"unknown"	unknown	5	LOC111136188	-0.0862592364636739
"unknown"	unknown	5	LOC111121907	0.779716267941842
"unknown"	unknown	5	LOC111113133	-2.19396658826943
"unknown"	unknown	5	LOC111110413	0.115334990890657
"unknown"	unknown	5	LOC111124475	0.479639667426609
"unknown"	unknown	5	LOC111124222	-1.17098561713036
"unknown"	unknown	5	LOC111109249	-1.33331340119151
"unknown"	unknown	5	LOC111105521	-0.114268668766018
"unknown"	unknown	5	LOC111133665	0.538548163484722
"unknown"	unknown	5	LOC111104745	0.310662657564006
"unknown"	unknown	5	LOC111112187	0.277865782363932
"unknown"	unknown	5	LOC111119968	0.252099478678566
"unknown"	unknown	5	LOC111133405	-0.308212521225629
"unknown"	unknown	5	LOC111128572	0.49129058235975
"unknown"	unknown	5	LOC111115531	-0.306153891333845
"unknown"	unknown	5	LOC111114918	-0.913635137920302
"unknown"	unknown	5	LOC111138095	-5.66474767603309
"unknown"	unknown	5	LOC111136784	0.324199061720852
"unknown"	unknown	5	LOC111136826	3.49252837348642
"unknown"	unknown	5	LOC111115517	0.765432285635922
"unknown"	unknown	5	LOC111133299	-0.657810118844935
"unknown"	unknown	5	LOC111099476	-0.230836152503594
"unknown"	unknown	5	LOC111102815	-2.5618620479623
"unknown"	unknown	5	LOC111100307	-1.37122792019906
"unknown"	unknown	5	LOC111130504	-1.85305978636132
"unknown"	unknown	5	LOC111117324	0.913782239624158
"unknown"	unknown	5	LOC111130053	0.000875333684774927
"unknown"	unknown	5	LOC111126173	-0.0120641561259488
"unknown"	unknown	5	LOC111108689	0.0269954856718116
"unknown"	unknown	5	LOC111114281	1.71289747068143
"unknown"	unknown	5	LOC111137308	1.29615237018159
"unknown"	unknown	5	LOC111121124	1.06201672149829
"unknown"	unknown	5	LOC111138227	0.826785877937177
"unknown"	unknown	5	LOC111103588	-1.34245812732312
"unknown"	unknown	5	LOC111133498	1.38352407752407
"unknown"	unknown	5	LOC111120307	-1.20758374583521
"unknown"	unknown	5	LOC111121894	-0.0917945927674453
"unknown"	unknown	5	LOC111133547	0.113016018131484
"unknown"	unknown	5	LOC111116924	-0.245139925814233
"unknown"	unknown	5	LOC111109879	-0.489134506052809
"unknown"	unknown	5	LOC111111811	-3.23727642453655
"unknown"	unknown	5	LOC111109301	0.38754926909324
"unknown"	unknown	5	LOC111126075	-0.553315120832365
"unknown"	unknown	5	LOC111114549	0.469745990581723
"unknown"	unknown	5	LOC111103756	0.463204734261583
"unknown"	unknown	5	LOC111117361	-0.920738102034896
"unknown"	unknown	5	LOC111130044	0.168131073034076
"unknown"	unknown	5	LOC111133028	0.569830129290498
"unknown"	unknown	5	LOC111125588	-0.0376167855912725
"unknown"	unknown	5	LOC111106254	-4.54790585132085
"unknown"	unknown	5	LOC111104399	-0.0646633256476693
"unknown"	unknown	5	LOC111124892	0.00974080788296302
"unknown"	unknown	5	LOC111124321	0.731009003481172
"unknown"	unknown	5	LOC111130993	-5.57918512979133
"unknown"	unknown	5	LOC111112112	1.37277732817423
"unknown"	unknown	5	LOC111125767	0.244360441435364
"unknown"	unknown	5	LOC111100218	0.557716945356092
"unknown"	unknown	5	LOC111109458	0.750166607727872
"unknown"	unknown	5	LOC111137356	0.0091935385026601
"unknown"	unknown	5	LOC111100875	0.636715786282869
"unknown"	unknown	5	LOC111126400	0.14779572033812
"unknown"	unknown	5	LOC111103077	0.0522579710762314
"unknown"	unknown	5	LOC111138264	-0.59793496458796
"unknown"	unknown	5	LOC111104066	-2.61060795278883
"unknown"	unknown	5	LOC111113651	-0.956282804708081
"unknown"	unknown	5	LOC111120381	-0.188691546201984
"unknown"	unknown	5	LOC111103905	5.26861808770801
"unknown"	unknown	5	LOC111110093	-4.71871470613204
"unknown"	unknown	5	LOC111135088	0.459658675700918
"unknown"	unknown	5	LOC111109389	0.0823049144157757
"unknown"	unknown	5	LOC111115753	1.42306425700347
"unknown"	unknown	5	LOC111130242	-1.23687249827132
"unknown"	unknown	5	LOC111113582	0.698980368313648
"unknown"	unknown	5	LOC111138188	-1.03576175761691
"unknown"	unknown	5	LOC111122944	-0.0606307617176715
"unknown"	unknown	5	LOC111121270	0.172553757379495
"unknown"	unknown	5	LOC111127485	0.322173321954172
"unknown"	unknown	5	LOC111108310	-0.270615074747082
"unknown"	unknown	5	LOC111136837	0.342234148879161
"unknown"	unknown	5	LOC111130604	0.0691475943899997
"unknown"	unknown	5	LOC111127582	-0.332591319770795
"unknown"	unknown	5	LOC111125564	0.0393724202768165
"unknown"	unknown	5	LOC111133387	0.298740130787765
"unknown"	unknown	5	LOC111132418	-0.0763206162437566
"unknown"	unknown	5	LOC111105471	0.566050139943453
"unknown"	unknown	5	LOC111136986	-1.15682342434876
"unknown"	unknown	5	LOC111133628	-0.100857164636299
"unknown"	unknown	5	LOC111126403	-4.60110057724359
"unknown"	unknown	5	LOC111125892	1.06743723838713
"unknown"	unknown	5	LOC111137859	1.55041596208842
"unknown"	unknown	5	LOC111129311	-1.64599624100116
"unknown"	unknown	5	LOC111109987	0.118912262324552
"unknown"	unknown	5	LOC111137200	1.03038839890475
"unknown"	unknown	5	LOC111132274	1.10780356128635
"unknown"	unknown	5	LOC111116479	-0.026737469234212
"unknown"	unknown	5	LOC111135829	-0.16564785377687
"unknown"	unknown	5	LOC111120760	-0.0911018858464174
"unknown"	unknown	5	LOC111112280	-0.473583555326736
"unknown"	unknown	5	LOC111125688	-0.585731021328911
"unknown"	unknown	5	LOC111132247	0.785987835238507
"unknown"	unknown	5	LOC111111044	0.0974234636231645
"unknown"	unknown	5	LOC111099122	2.52813009787181
"unknown"	unknown	5	LOC111102053	1.34210614692391
"unknown"	unknown	5	LOC111102171	1.21888263252258
"unknown"	unknown	5	LOC111112352	-0.447054398249381
"unknown"	unknown	5	LOC111111521	-0.0210324362631381
"unknown"	unknown	5	LOC111126069	1.21962282446502
"unknown"	unknown	5	LOC111122605	-0.230083033576743
"unknown"	unknown	5	LOC111133983	-0.558015762952665
"unknown"	unknown	5	LOC111126304	0.525833686820672
"unknown"	unknown	5	LOC111102446	1.62785596941606
"unknown"	unknown	5	LOC111111450	-0.628248836349246
"unknown"	unknown	5	LOC111108536	-0.857809831158416
"unknown"	unknown	5	LOC111114880	-1.26465280495419
"unknown"	unknown	5	LOC111104990	0.465232609359737
"unknown"	unknown	5	LOC111121102	0.0684966114231742
"unknown"	unknown	5	LOC111126193	0.807403176805967
"unknown"	unknown	5	LOC111127289	-0.95471694163552
"unknown"	unknown	5	LOC111110371	-0.255751035273854
"unknown"	unknown	5	LOC111137256	0.960591193507355
"unknown"	unknown	5	LOC111119775	0.121654566298694
"unknown"	unknown	5	LOC111119146	-0.578441846067761
"unknown"	unknown	5	LOC111113559	-0.0509577685156003
"unknown"	unknown	5	LOC111129209	1.12701964326036
"unknown"	unknown	5	LOC111118267	0.971362498383372
"unknown"	unknown	5	LOC111100322	0.0498164210458347
"unknown"	unknown	5	LOC111099202	0.755202522019481
"unknown"	unknown	5	LOC111114363	-0.134523577235169
"unknown"	unknown	5	LOC111117310	0.166996291108504
"unknown"	unknown	5	LOC111130889	-0.0281414494023891
"unknown"	unknown	5	LOC111122037	-1.08451748895711
"unknown"	unknown	5	LOC111133221	-0.230976135644723
"unknown"	unknown	5	LOC111103121	0.525784954888155
"unknown"	unknown	5	LOC111108264	0.606930252231606
"unknown"	unknown	5	LOC111101459	3.23538351183445
"unknown"	unknown	5	LOC111133741	-9.16062810128825
"unknown"	unknown	5	LOC111104097	-0.562841590797628
"unknown"	unknown	5	LOC111114747	2.37699958605427
"unknown"	unknown	5	LOC111124207	0.191763189678421
"unknown"	unknown	5	LOC111123306	0.34791262808577
"unknown"	unknown	5	LOC111113063	-0.398371117134345
"unknown"	unknown	5	LOC111101464	-0.736653892671564
"unknown"	unknown	5	LOC111126623	-0.158387236201192
"unknown"	unknown	5	LOC111111314	-1.05529081338989
"unknown"	unknown	5	LOC111112068	0.785650814088627
"unknown"	unknown	5	LOC111112628	0.424308341426109
"unknown"	unknown	5	LOC111122699	0.0821239656462058
"unknown"	unknown	5	LOC111135260	1.63554782682816
"unknown"	unknown	5	LOC111111397	1.24626181940972
"unknown"	unknown	5	LOC111107622	-0.0888069490275781
"unknown"	unknown	5	LOC111132438	0.330739413488415
"unknown"	unknown	5	LOC111124870	-0.489106468272606
"unknown"	unknown	5	LOC111116486	0.140232024421059
"unknown"	unknown	5	LOC111112885	0.0486519308319543
"unknown"	unknown	5	LOC111107308	-0.0999634144223341
"unknown"	unknown	5	LOC111102233	-0.95735353202398
"unknown"	unknown	5	LOC111104487	-0.0335474663697108
"unknown"	unknown	5	LOC111132272	1.65467853001282
"unknown"	unknown	5	LOC111138324	0.141286827972258
"unknown"	unknown	5	LOC111128716	-0.027428221982111
"unknown"	unknown	5	LOC111112121	-0.978799366213094
"unknown"	unknown	5	LOC111110508	-0.922283246433192
"unknown"	unknown	5	LOC111112015	-0.797652137808705
"unknown"	unknown	5	LOC111110446	-0.728545271692431
"unknown"	unknown	5	LOC111111776	-0.599341589976282
"unknown"	unknown	5	LOC111121192	0.523490552318007
"unknown"	unknown	5	LOC111138511	0.238219612044416
"unknown"	unknown	5	LOC111100965	-0.0959033167381259
"unknown"	unknown	5	LOC111135611	0.258670546198105
"unknown"	unknown	5	LOC111130714	2.60946120228541
"unknown"	unknown	5	LOC111136620	0.0556802266020907
"unknown"	unknown	5	LOC111109546	-1.04909300783466
"unknown"	unknown	5	LOC111127008	0.0153844081736306
"unknown"	unknown	5	LOC111106408	-0.00470075952594077
"unknown"	unknown	5	LOC111102030	-0.882211724066202
"unknown"	unknown	5	LOC111106295	0.772698348266088
"unknown"	unknown	5	LOC111136794	-0.788216205186114
"unknown"	unknown	5	LOC111125249	0.563428512015507
"unknown"	unknown	5	LOC111101183	0.763118714651478
"unknown"	unknown	5	LOC111100082	0.176471719899898
"unknown"	unknown	5	LOC111128146	-0.401011604957294
"unknown"	unknown	5	LOC111131119	-0.0358828159997821
"unknown"	unknown	5	LOC111121163	0.0108781814927565
"unknown"	unknown	5	LOC111131098	-0.0597499877976924
"unknown"	unknown	5	LOC111124838	-2.38705285183341
"unknown"	unknown	5	LOC111121448	0.0889390848886052
"unknown"	unknown	5	LOC111120298	-0.0343866192619208
"unknown"	unknown	5	LOC111134786	0.325400549751929
"unknown"	unknown	5	LOC111111541	0.199711031002105
"unknown"	unknown	5	LOC111137671	0.210737501835013
"unknown"	unknown	5	LOC111133912	2.23508159281928
"unknown"	unknown	5	LOC111127499	0.659806765959502
"unknown"	unknown	5	LOC111119257	-0.0821132699811429
"unknown"	unknown	5	LOC111126247	-0.338012467934041
"unknown"	unknown	5	LOC111104926	0.212786801003097
"unknown"	unknown	5	LOC111129355	-0.300124211829942
"unknown"	unknown	5	LOC111125561	-4.58223484131257
"unknown"	unknown	5	LOC111117244	0.196292019798149
"unknown"	unknown	5	LOC111109435	-0.914857738703764
"unknown"	unknown	5	LOC111118457	-0.568234021206547
"unknown"	unknown	5	LOC111102858	0.0210625579516814
"unknown"	unknown	5	LOC111100068	-0.717018034383314
"unknown"	unknown	5	LOC111116393	-0.0343668128630479
"unknown"	unknown	5	LOC111115735	3.58335603620718
"unknown"	unknown	5	LOC111102995	0.28719227640184
"unknown"	unknown	5	LOC111133222	-0.33475566582879
"unknown"	unknown	5	LOC111122892	0.405458005111741
"unknown"	unknown	5	LOC111129083	1.54740330256039
"unknown"	unknown	5	LOC111120064	0.835296955559529
"unknown"	unknown	5	LOC111135995	0.788575436044784
"unknown"	unknown	5	LOC111138509	-0.136009040525542
"unknown"	unknown	5	LOC111107196	-1.2291701614584
"unknown"	unknown	5	LOC111129888	1.31982991606367
"unknown"	unknown	5	LOC111137996	-0.093639439619178
"unknown"	unknown	5	LOC111125636	0.161659287444325
"unknown"	unknown	5	LOC111117565	-0.0871043698975351
"unknown"	unknown	5	LOC111117744	-5.48177613607776
"unknown"	unknown	5	LOC111135291	0.814352429916603
"unknown"	unknown	5	LOC111113365	-0.0343677733683586
"unknown"	unknown	5	LOC111115645	-0.92700104770902
"unknown"	unknown	5	LOC111117317	2.07162242813255
"unknown"	unknown	5	LOC111116255	-0.697928254967186
"unknown"	unknown	5	LOC111137870	-0.955145819933774
"unknown"	unknown	5	LOC111131643	0.392726102673567
"unknown"	unknown	5	LOC111137456	-0.819484987276721
"unknown"	unknown	5	LOC111106571	0.186461812554663
"unknown"	unknown	5	LOC111134110	0.783008461806695
"unknown"	unknown	5	LOC111134656	-0.0949473721925035
"unknown"	unknown	5	LOC111121297	0.557812428011997
"unknown"	unknown	5	LOC111102296	-1.29088780994574
"unknown"	unknown	5	LOC111138331	-0.117813313350532
"unknown"	unknown	5	LOC111137238	0.10456240187555
"unknown"	unknown	5	LOC111101954	0.298701597589339
"unknown"	unknown	5	LOC111109516	0.0512414877752741
"unknown"	unknown	5	LOC111111567	2.06009741315072
"unknown"	unknown	5	LOC111115165	-0.0343503442237321
"unknown"	unknown	5	LOC111126166	0.507098588868433
"unknown"	unknown	5	LOC111131621	0.662474179652085
"unknown"	unknown	5	LOC111110741	-0.344236614629271
"unknown"	unknown	5	LOC111125006	-0.109129904019333
"unknown"	unknown	5	LOC111124935	-0.102404515106129
"unknown"	unknown	5	LOC111107320	0.0409554767634039
"unknown"	unknown	5	LOC111126490	-0.441065233621591
"unknown"	unknown	5	LOC111124923	0.421122339483179
"unknown"	unknown	5	LOC111123144	0.829902673013877
"unknown"	unknown	5	LOC111111708	-0.896108703559873
"unknown"	unknown	5	LOC111121212	0.28281359027668
"unknown"	unknown	5	LOC111135448	-0.24925530693798
"unknown"	unknown	5	LOC111135565	-0.75516499693098
"unknown"	unknown	5	LOC111117711	-1.34610575220887
"unknown"	unknown	5	LOC111131831	0.421658369919981
"unknown"	unknown	5	LOC111130807	-0.0123084967363982
"unknown"	unknown	5	LOC111113346	-1.172972254972
"unknown"	unknown	5	LOC111136507	0.184913563914728
"unknown"	unknown	5	LOC111110352	0.109620174892569
"unknown"	unknown	5	LOC111100431	0.126422861976984
"unknown"	unknown	5	LOC111122250	0.456961514786049
"unknown"	unknown	5	LOC111131348	-0.0998007009771806
"unknown"	unknown	5	LOC111115626	-0.698339153639971
"unknown"	unknown	5	LOC111137438	-0.94640525276516
"unknown"	unknown	5	LOC111110980	0.541434968317486
"unknown"	unknown	5	LOC111127515	-0.223543648130383
"unknown"	unknown	5	LOC111116582	-0.499225644885762
"unknown"	unknown	5	LOC111121919	0.127274318231184
"unknown"	unknown	5	LOC111135446	1.08355896650802
"unknown"	unknown	5	LOC111135097	1.09184832656798
"unknown"	unknown	5	LOC111136034	1.30637683960195
"unknown"	unknown	5	LOC111129669	0.291095796859799
"unknown"	unknown	5	LOC111120440	-0.0343949739260185
"unknown"	unknown	5	LOC111108173	1.9362301982705
"unknown"	unknown	5	LOC111119868	0.000110995417746506
"unknown"	unknown	5	LOC111114965	-0.243874170226839
"unknown"	unknown	5	LOC111137614	1.65730059555427
"unknown"	unknown	5	LOC111100794	-0.682659508807727
"unknown"	unknown	5	LOC111105363	0.41238430866774
"unknown"	unknown	5	LOC111112955	0.4943751460886
"unknown"	unknown	5	LOC111122232	-1.13580543935028
"unknown"	unknown	5	LOC111116268	0.750987953858963
"unknown"	unknown	5	LOC111132056	-1.39601169539416
"unknown"	unknown	5	LOC111126722	0.148340736722732
"unknown"	unknown	5	LOC111105762	-1.15155550190211
"unknown"	unknown	5	LOC111127941	0.571428715439727
"unknown"	unknown	5	LOC111137340	0.608933842674883
"unknown"	unknown	5	LOC111138165	0.212121549144987
"unknown"	unknown	5	LOC111112691	0.18065985099236
"unknown"	unknown	5	LOC111121664	-1.14439560343651
"unknown"	unknown	5	LOC111108140	0.00746411714178901
"unknown"	unknown	5	LOC111105003	-1.22862386703759
"unknown"	unknown	5	LOC111126463	-1.16256229710704
"unknown"	unknown	5	LOC111108768	-0.369192674582975
"unknown"	unknown	5	LOC111137160	-0.791923441164812
"unknown"	unknown	5	LOC111102303	7.19812826512637
"unknown"	unknown	5	LOC111133212	-0.822654403621058
"unknown"	unknown	5	LOC111127085	-0.103359532499385
"unknown"	unknown	5	LOC111100030	1.28700602119552
"unknown"	unknown	5	LOC111101355	0.469206155002444
"unknown"	unknown	5	LOC111120447	0.780583302520767
"unknown"	unknown	5	LOC111105832	-4.35878866181533
"unknown"	unknown	5	LOC111132187	0.192780469193585
"unknown"	unknown	5	LOC111131764	-2.27418427418225
"unknown"	unknown	5	LOC111127109	0.53274484546802
"unknown"	unknown	5	LOC111117454	-0.543934382919788
"unknown"	unknown	5	LOC111126008	-0.143340058172494
"unknown"	unknown	5	LOC111107033	0.413657581597045
"unknown"	unknown	5	LOC111118328	-0.207116578040132
"unknown"	unknown	5	LOC111113085	-0.962297181432886
"unknown"	unknown	5	LOC111104553	-0.656443626368037
"unknown"	unknown	5	LOC111133815	-0.0534072400331163
"unknown"	unknown	5	LOC111100429	-0.032828331096533
"unknown"	unknown	5	LOC111107770	-0.332945131270272
"unknown"	unknown	5	LOC111129031	0.0878682595774289
"unknown"	unknown	5	LOC111127659	-0.358439459196452
"unknown"	unknown	5	LOC111099670	0.00579391008543225
"unknown"	unknown	5	LOC111130380	0.3794042485895
"unknown"	unknown	5	LOC111118936	-0.396241571527615
"unknown"	unknown	5	LOC111126589	0.910806957109862
"unknown"	unknown	5	LOC111121527	-2.58914854476675
"unknown"	unknown	5	LOC111114131	-0.205026490536384
"unknown"	unknown	5	LOC111134339	-0.581952561248903
"unknown"	unknown	5	LOC111133658	-0.762859193867114
"unknown"	unknown	5	LOC111122376	1.21853713991112
"unknown"	unknown	5	LOC111120346	-1.16024429113821
"unknown"	unknown	5	LOC111110010	-0.403463173275356
"unknown"	unknown	5	LOC111106908	0.0695294452471259
"unknown"	unknown	5	LOC111115244	0.308259699252292
"unknown"	unknown	5	LOC111128720	-0.466014880458236
"unknown"	unknown	5	LOC111115747	0.622166860941993
"unknown"	unknown	5	LOC111124985	0.867048293610581
"unknown"	unknown	5	LOC111114974	0.606261561126007
"unknown"	unknown	5	LOC111108634	0.416279235767753
"unknown"	unknown	5	LOC111136231	-0.0778149551455137
"unknown"	unknown	5	LOC111105564	0.448067326102035
"unknown"	unknown	5	LOC111137969	-0.949576714537521
"unknown"	unknown	5	LOC111120163	0.112611454178416
"unknown"	unknown	5	LOC111134907	-0.613957273974429
"unknown"	unknown	5	LOC111122394	0.972401127809388
"unknown"	unknown	5	LOC111137948	-0.423017707176075
"unknown"	unknown	5	LOC111128231	0.216200887306316
"unknown"	unknown	5	LOC111127262	-0.021725513049976
"unknown"	unknown	5	LOC111131806	1.15596872383989
"unknown"	unknown	5	LOC111135496	0.558190354265998
"unknown"	unknown	5	LOC111113865	0.385679382010177
"unknown"	unknown	5	LOC111120493	-0.35607649629909
"unknown"	unknown	5	LOC111120176	0.00361889132309117
"unknown"	unknown	5	LOC111126752	0.108457400572997
"unknown"	unknown	5	LOC111104278	0.717513376766271
"unknown"	unknown	5	LOC111123155	-0.386475487398746
"unknown"	unknown	5	LOC111114868	-0.354128352299053
"unknown"	unknown	5	LOC111120473	-2.9803749136646
"unknown"	unknown	5	LOC111128663	0.286499252571059
"unknown"	unknown	5	LOC111119701	-7.75222693974057
"unknown"	unknown	5	LOC111122820	0.18391144299623
"unknown"	unknown	5	LOC111131729	1.5236281484378
"unknown"	unknown	5	LOC111115269	0.183269852772961
"unknown"	unknown	5	LOC111099147	-0.547609275971428
"unknown"	unknown	5	LOC111117680	-0.278698333427695
"unknown"	unknown	5	LOC111111109	-0.58827058857773
"unknown"	unknown	5	LOC111125102	0.304788418098598
"unknown"	unknown	5	LOC111115576	0.0650546311230883
"unknown"	unknown	5	LOC111126198	-0.210907273081808
"unknown"	unknown	5	LOC111119492	3.34096526027262
"unknown"	unknown	5	LOC111130793	-1.65615342526927
"unknown"	unknown	5	LOC111110356	0.332019379946043
"unknown"	unknown	5	LOC111133711	-0.641957853246869
"unknown"	unknown	5	LOC111100991	0.808019339945227
"unknown"	unknown	5	LOC111128830	1.85973444309276
"unknown"	unknown	5	LOC111108246	-0.992053065752779
"unknown"	unknown	5	LOC111103257	0.411367356502754
"unknown"	unknown	5	LOC111123837	1.71844568796432
"unknown"	unknown	5	LOC111136599	-1.14910457097196
"unknown"	unknown	5	LOC111136707	0.946467676042691
"unknown"	unknown	5	LOC111103204	1.20047163787422
"unknown"	unknown	5	LOC111130133	-1.49056556183302
"unknown"	unknown	5	LOC111129988	-0.270730433163471
"unknown"	unknown	5	LOC111122107	0.0486885449877893
"unknown"	unknown	5	LOC111112305	0.266598643740829
"unknown"	unknown	5	ND4L	0.913209342566582
"unknown"	unknown	5	LOC111106338	-0.860748032477387
"unknown"	unknown	5	LOC111135145	-2.72604913211572
"unknown"	unknown	5	LOC111119622	-0.331788804025351
"unknown"	unknown	5	LOC111116328	-0.0503415264059001
"unknown"	unknown	5	LOC111127079	0.0938652233034748
"unknown"	unknown	5	LOC111107989	-0.606560097353232
"unknown"	unknown	5	LOC111131810	-1.50520602337821
"unknown"	unknown	5	LOC111113386	0.0696747802615771
"unknown"	unknown	5	LOC111106150	0.264438850990574
"unknown"	unknown	5	LOC111126954	-0.1713086918963
"unknown"	unknown	5	LOC111102932	-0.0344058982798125
"unknown"	unknown	5	LOC111135528	-1.78833083318655
"unknown"	unknown	5	LOC111119822	-5.76394724964844
"unknown"	unknown	5	LOC111110156	-0.16652220662876
"unknown"	unknown	5	LOC111100360	-0.331486128489707
"unknown"	unknown	5	LOC111106484	-1.20809425590115
"unknown"	unknown	5	LOC111126466	0.856612394269499
"unknown"	unknown	5	LOC111111556	2.75979186331371
"unknown"	unknown	5	LOC111109475	0.0228251459005546
"unknown"	unknown	5	LOC111101515	-0.659858150881445
"unknown"	unknown	5	LOC111123659	0.40280534625296
"unknown"	unknown	5	LOC111125943	0.30279416046016
"unknown"	unknown	5	LOC111121824	-0.936056740425863
"unknown"	unknown	5	LOC111109950	0.530509250863548
"unknown"	unknown	5	LOC111132167	0.0953746112477523
"unknown"	unknown	5	LOC111127408	0.267852986288878
"unknown"	unknown	5	CYTB	-0.294977506336453
"unknown"	unknown	5	LOC111130082	-0.954076619201807
"unknown"	unknown	5	LOC111122177	0.0269041005768449
"unknown"	unknown	5	LOC111136067	0.535669398466362
"unknown"	unknown	5	LOC111133923	0.396741188085547
"unknown"	unknown	5	LOC111124917	-0.736393631824553
"unknown"	unknown	5	LOC111132535	-0.112862442762067
"unknown"	unknown	5	LOC111115086	-0.257012227861648
"unknown"	unknown	5	LOC111130245	-0.27910985108372
"unknown"	unknown	5	LOC111121121	-0.284120410234781
"unknown"	unknown	5	LOC111126081	-0.93966064908382
"unknown"	unknown	5	LOC111114368	0.700396683981547
"unknown"	unknown	5	LOC111129675	0.749320561475695
"unknown"	unknown	5	LOC111130621	0.117592856634002
"unknown"	unknown	5	LOC111137214	0.577909706487336
"unknown"	unknown	5	LOC111134137	0.668441084000895
"unknown"	unknown	5	LOC111123635	4.81773748670847
"unknown"	unknown	5	LOC111134958	1.4125300641549
"unknown"	unknown	5	LOC111103155	-0.0838986772054792
"unknown"	unknown	5	LOC111113717	0.187393966943834
"unknown"	unknown	5	LOC111113058	-0.436378500684168
"unknown"	unknown	5	LOC111109837	-1.50533753463593
"unknown"	unknown	5	LOC111131855	-0.527821297083846
"unknown"	unknown	5	LOC111128400	0.646812024204759
"unknown"	unknown	5	LOC111121138	0.593740775790029
"unknown"	unknown	5	LOC111126483	0.376408070216453
"unknown"	unknown	5	LOC111120942	-1.2030537499791
"unknown"	unknown	5	LOC111112650	-0.0107149299507694
"unknown"	unknown	5	LOC111137201	0.450593616690088
"unknown"	unknown	5	LOC111101339	-0.94986456977045
"unknown"	unknown	5	ATP6	-5.83937636106327
"unknown"	unknown	5	LOC111122417	-1.03472093092307
"unknown"	unknown	5	LOC111130610	1.33448317791408
"unknown"	unknown	5	LOC111114998	0.355947149690964
"unknown"	unknown	5	LOC111105216	-1.83400768813146
"unknown"	unknown	5	LOC111121850	-16.6663150658519
"unknown"	unknown	5	LOC111113813	1.18137117119282
"unknown"	unknown	5	LOC111105390	-0.362180508961181
"unknown"	unknown	5	LOC111101411	-0.533462876053122
"unknown"	unknown	5	LOC111127896	0.945283248326357
"unknown"	unknown	5	LOC111131713	1.52529455923724
"unknown"	unknown	5	LOC111103057	-0.0699814275524751
"unknown"	unknown	5	LOC111130778	1.31255133709973
"unknown"	unknown	5	LOC111123709	0.469661057566261
"unknown"	unknown	5	LOC111123680	-0.784571361476717
"unknown"	unknown	5	LOC111106277	0.553239241592623
"unknown"	unknown	5	LOC111125672	-0.496436190763872
"unknown"	unknown	5	LOC111106324	0.373085558143862
"unknown"	unknown	5	LOC111135703	0.0565793494467097
"unknown"	unknown	5	LOC111130703	-4.24311464089041
"unknown"	unknown	5	LOC111133771	-1.54062604048322
"unknown"	unknown	5	LOC111126470	0.390876611524373
"unknown"	unknown	5	LOC111119339	-1.76674770205684
"unknown"	unknown	5	LOC111138121	-0.660427125766997
"unknown"	unknown	5	LOC111132856	0.0939122480669276
"unknown"	unknown	5	LOC111138425	2.27650194397235
"unknown"	unknown	5	LOC111109311	1.1542932531927
"unknown"	unknown	5	LOC111132439	-0.551405997124979
"unknown"	unknown	5	LOC111103543	0.14024238499068
"unknown"	unknown	5	LOC111120169	2.06970190169671
"unknown"	unknown	5	LOC111126512	-0.702917223933854
"unknown"	unknown	5	LOC111119781	-0.1233233518796
"unknown"	unknown	5	LOC111129142	-1.40657417018595
"unknown"	unknown	5	LOC111116929	-0.0895176415530185
"unknown"	unknown	5	LOC111117626	-0.618097767068347
"unknown"	unknown	5	LOC111111465	1.1719794690128
"unknown"	unknown	5	LOC111109713	-0.0550887916048028
"unknown"	unknown	5	LOC111134846	-1.21460108893163
"unknown"	unknown	5	LOC111124725	-0.285703441790985
"unknown"	unknown	5	LOC111123261	0.660654614333366
"unknown"	unknown	5	LOC111116873	-0.24221704078183
"unknown"	unknown	5	LOC111131783	0.395199299743292
"unknown"	unknown	5	LOC111112204	-0.00140839672816131
"unknown"	unknown	5	LOC111120131	-2.84715751632105
"unknown"	unknown	5	LOC111133878	1.08188439484192
"unknown"	unknown	5	LOC111123455	-1.1864438164838
"unknown"	unknown	5	LOC111118910	0.216569732848729
"unknown"	unknown	5	LOC111105440	0.380149649476307
"unknown"	unknown	5	LOC111128826	-0.700151400678682
"unknown"	unknown	5	LOC111122601	-0.37937829939796
"unknown"	unknown	5	LOC111107255	0.120635890101171
"unknown"	unknown	5	LOC111102626	-0.170118163735463
"unknown"	unknown	5	LOC111136823	1.13984519390049
"unknown"	unknown	5	LOC111119251	-0.415285589945761
"unknown"	unknown	5	LOC111123197	1.41638463081575
"unknown"	unknown	5	LOC111134272	0.504549219478735
"unknown"	unknown	5	LOC111109640	0.271758363362987
"unknown"	unknown	5	LOC111111440	0.239014601919087
"unknown"	unknown	5	LOC111125635	1.14944248927051
"unknown"	unknown	5	LOC111138265	-2.11269200448472
"unknown"	unknown	5	LOC111129483	0.453347777460035
"unknown"	unknown	5	LOC111136456	0.886523711831172
"unknown"	unknown	5	LOC111128170	-0.148835668849301
"unknown"	unknown	5	LOC111124426	-2.00025169709198
"unknown"	unknown	5	LOC111122620	-1.34797214529416
"unknown"	unknown	5	LOC111100510	-0.176954096714925
"unknown"	unknown	5	LOC111106479	-0.876688537036582
"unknown"	unknown	5	LOC111128733	0.151402631029393
"unknown"	unknown	5	LOC111128709	-1.98649403775051
"unknown"	unknown	5	LOC111122881	0.673143985238551
"unknown"	unknown	5	LOC111123543	-0.229967717005891
"unknown"	unknown	5	LOC111118730	0.797329636136349
"unknown"	unknown	5	LOC111104457	0.440314427196455
"unknown"	unknown	5	LOC111113198	0.825044341190776
"unknown"	unknown	5	LOC111134500	0.53234429035794
"unknown"	unknown	5	LOC111109131	1.64849817272108
"unknown"	unknown	5	LOC111120894	1.87602739934386
"unknown"	unknown	5	LOC111120216	-0.0351530014942926
"unknown"	unknown	5	LOC111126110	0.170274372205852
"unknown"	unknown	5	LOC111121784	0.28696066306362
"unknown"	unknown	5	LOC111116718	-0.0709877943851236
"unknown"	unknown	5	LOC111122576	-0.0815688055296185
"unknown"	unknown	5	LOC111133170	-0.0571767584395517
"unknown"	unknown	5	LOC111124328	1.255759038576
"unknown"	unknown	5	LOC111133358	-0.620487427771505
"unknown"	unknown	5	LOC111122773	-4.12258824863033
"unknown"	unknown	5	LOC111133419	-0.706017916757117
"unknown"	unknown	5	LOC111108762	0.151460886011294
"unknown"	unknown	5	LOC111129624	-1.42594340822827
"unknown"	unknown	5	LOC111104124	-0.498318697448601
"unknown"	unknown	5	LOC111124487	0.112463452670731
"unknown"	unknown	5	LOC111110232	-0.486868095478564
"unknown"	unknown	5	LOC111102717	-0.680030501614401
"unknown"	unknown	5	LOC111134960	0.219297884590846
"unknown"	unknown	5	LOC111136756	0.171497269959386
"unknown"	unknown	5	LOC111108773	-0.301099185659786
"unknown"	unknown	5	LOC111110264	0.278051630684449
"unknown"	unknown	5	LOC111116813	0.0498069044264132
"unknown"	unknown	5	LOC111121514	1.2183983912347
"unknown"	unknown	5	LOC111117179	-1.12742908856921
"unknown"	unknown	5	LOC111134605	-0.211652357661065
"unknown"	unknown	5	LOC111126202	0.739971954776869
"unknown"	unknown	5	LOC111111471	-2.77557093590108
"unknown"	unknown	5	LOC111132214	-0.456729121867156
"unknown"	unknown	5	LOC111128385	-0.164545542843075
"unknown"	unknown	5	LOC111108334	0.262413850582816
"unknown"	unknown	5	LOC111102986	-0.254495503899199
"unknown"	unknown	5	LOC111136582	-1.15703758589123
"unknown"	unknown	5	LOC111135894	-0.6645882228711
"unknown"	unknown	5	LOC111136316	0.0617070107706619
"unknown"	unknown	5	LOC111130613	0.179585366280899
"unknown"	unknown	5	LOC111106157	-1.24237884808389
"unknown"	unknown	5	LOC111100345	9.61540942742196
"unknown"	unknown	5	LOC111128044	0.224216366947794
"unknown"	unknown	5	LOC111104112	0.118323198351008
"unknown"	unknown	5	LOC111133161	-0.283442509310674
"unknown"	unknown	5	LOC111118655	-0.428578612642586
"unknown"	unknown	5	LOC111104307	-5.82900636215963
"unknown"	unknown	5	LOC111112012	-0.133218783959094
"unknown"	unknown	5	LOC111119090	-0.165496117509158
"unknown"	unknown	5	LOC111110946	2.44272207552594
"unknown"	unknown	5	LOC111107808	-0.123878684541596
"unknown"	unknown	5	LOC111129517	0.711408305800586
"unknown"	unknown	5	LOC111117958	0.491580138927287
"unknown"	unknown	5	LOC111118488	0.262023054104361
"unknown"	unknown	5	LOC111111553	-0.814035487897863
"unknown"	unknown	5	LOC111124517	0.230621274394006
"unknown"	unknown	5	LOC111129001	1.57828077500722
"unknown"	unknown	5	LOC111105570	1.68470679140312
"unknown"	unknown	5	LOC111137704	-0.471528238819198
"unknown"	unknown	5	LOC111114750	7.40216955757177
"unknown"	unknown	5	LOC111112743	0.400576709649053
"unknown"	unknown	5	LOC111118376	-0.0792820469796319
"unknown"	unknown	5	LOC111133980	-0.703010609479141
"unknown"	unknown	5	LOC111114326	-0.363661650483229
"unknown"	unknown	5	LOC111109648	-0.0925172895187775
"unknown"	unknown	5	LOC111131791	0.0938415033289925
"unknown"	unknown	5	LOC111101119	0.320925948650027
"unknown"	unknown	5	LOC111104011	-0.0192766961240226
"unknown"	unknown	5	LOC111128086	-1.51259529234735
"unknown"	unknown	5	LOC111132208	0.116066837474464
"unknown"	unknown	5	LOC111102839	-0.570742057405065
"unknown"	unknown	5	LOC111108271	-1.73965223129558
"unknown"	unknown	5	LOC111122524	-0.608429073826322
"unknown"	unknown	5	LOC111103270	1.41290794128248
"unknown"	unknown	5	LOC111109082	-0.726733321410891
"unknown"	unknown	5	LOC111133707	-2.31841218977361
"unknown"	unknown	5	LOC111108095	0.299827110578361
"unknown"	unknown	5	LOC111136570	-0.0342359701934831
"unknown"	unknown	5	LOC111115796	0.76626317647655
"unknown"	unknown	5	LOC111135128	1.3138112854741
"unknown"	unknown	5	LOC111137199	-0.808186120863276
"unknown"	unknown	5	LOC111115041	-0.658134066315983
"unknown"	unknown	5	LOC111115370	0.412952139959416
"unknown"	unknown	5	LOC111134593	-0.762956013551198
"unknown"	unknown	5	LOC111101018	0.277352043437231
"unknown"	unknown	5	LOC111128484	-0.158533477971248
"unknown"	unknown	5	LOC111102661	1.16898059861045
"unknown"	unknown	5	LOC111103487	0.462941394871298
"unknown"	unknown	5	LOC111119772	-0.0343799148054297
"unknown"	unknown	5	LOC111130456	-1.53266327116763
"unknown"	unknown	5	LOC111100836	0.0774263134723494
"unknown"	unknown	5	LOC111118199	1.13176189334992
"unknown"	unknown	5	LOC111107697	2.74592343255429
"unknown"	unknown	5	LOC111120959	0.133915622399056
"unknown"	unknown	5	LOC111125512	0.141812959477966
"unknown"	unknown	5	LOC111126479	-0.553198415325472
"unknown"	unknown	5	LOC111100341	0.568528948742581
"unknown"	unknown	5	LOC111129990	-0.146354417179169
"unknown"	unknown	5	LOC111109229	-0.500990434066057
"unknown"	unknown	5	LOC111118797	-1.44221802410686
"unknown"	unknown	5	LOC111110818	-0.178918094225159
"unknown"	unknown	5	LOC111115220	0.956949116154704
"unknown"	unknown	5	LOC111127263	-0.156595629386536
"unknown"	unknown	5	LOC111129051	1.66606869991265
"unknown"	unknown	5	LOC111134976	1.48073503448372
"unknown"	unknown	5	LOC111127827	-1.58782830032859
"unknown"	unknown	5	LOC111126355	0.578566032178656
"unknown"	unknown	5	LOC111101607	-1.3176068590972e-05
"unknown"	unknown	5	LOC111135755	0.149724064468342
"unknown"	unknown	5	LOC111114705	-0.331567819435183
"unknown"	unknown	5	LOC111130635	-1.05553958121002
"unknown"	unknown	5	LOC111137620	-0.0344288727883461
"unknown"	unknown	5	LOC111106143	0.140226996939722
"unknown"	unknown	5	LOC111116447	-0.256314106227962
"unknown"	unknown	5	LOC111114183	-0.174283295517253
"unknown"	unknown	5	LOC111128246	0.662631262394644
"unknown"	unknown	5	LOC111101141	1.21364669896739
"unknown"	unknown	5	LOC111109825	0.98054601221208
"unknown"	unknown	5	LOC111116327	0.264157552415221
"unknown"	unknown	5	LOC111134922	-1.07082697142183
"unknown"	unknown	5	LOC111116716	0.684678048528645
"unknown"	unknown	5	LOC111129226	-0.820770861326003
"unknown"	unknown	5	LOC111135273	-0.543013881198459
"unknown"	unknown	5	LOC111126426	-0.385108279635393
"unknown"	unknown	5	LOC111133833	0.00569706488030254
"unknown"	unknown	5	LOC111133824	7.01430336568891
"unknown"	unknown	5	LOC111111170	-0.0311079450130243
"unknown"	unknown	5	LOC111108338	0.590034115379841
"unknown"	unknown	5	LOC111102133	-0.285730748115412
"unknown"	unknown	5	LOC111109604	-0.780715579538312
"unknown"	unknown	5	LOC111107586	-1.6062287193014
"unknown"	unknown	5	LOC111134428	0.442590052726786
"unknown"	unknown	5	LOC111130278	0.570466469887279
"unknown"	unknown	5	LOC111102338	-0.495931281378112
"unknown"	unknown	5	LOC111133942	-0.920285098877684
"unknown"	unknown	5	LOC111125370	0.481182079442229
"unknown"	unknown	5	LOC111104448	-0.0677445755975848
"unknown"	unknown	5	LOC111107922	0.934856512346328
"unknown"	unknown	5	LOC111127641	-0.389988985658673
"unknown"	unknown	5	LOC111131240	2.4487592533359
"unknown"	unknown	5	LOC111110069	0.0205254591490368
"unknown"	unknown	5	LOC111135132	-0.0586623639798991
"unknown"	unknown	5	LOC111108971	-0.100121036484352
"unknown"	unknown	5	LOC111100789	0.0498512097745831
"unknown"	unknown	5	LOC111126330	1.63417983567796
"unknown"	unknown	5	LOC111124190	-0.126916977248424
"unknown"	unknown	5	LOC111133339	-2.20606024942964
"unknown"	unknown	5	LOC111119936	1.15217536862219
"unknown"	unknown	5	LOC111119037	1.03293657996038
"unknown"	unknown	5	LOC111126686	0.226994523243017
"unknown"	unknown	5	LOC111112752	0.427580847552402
"unknown"	unknown	5	LOC111128280	0.0821856458475291
"unknown"	unknown	5	LOC111104981	0.222019461021084
"unknown"	unknown	5	LOC111113356	-0.46759327873
"unknown"	unknown	5	LOC111136598	0.381546558774076
"unknown"	unknown	5	LOC111119884	0.292695086727347
"unknown"	unknown	5	LOC111126810	-0.255426374066387
"unknown"	unknown	5	LOC111106270	-4.08217673447548
"unknown"	unknown	5	LOC111105408	0.622072959520028
"unknown"	unknown	5	LOC111121542	0.501373919075583
"unknown"	unknown	5	LOC111102454	0.383852272338341
"unknown"	unknown	5	LOC111115548	-0.0343970736737005
"unknown"	unknown	5	LOC111106110	-0.155513472603252
"unknown"	unknown	5	LOC111130984	-1.42615050412484
"unknown"	unknown	5	LOC111119964	-1.00925623143029
"unknown"	unknown	5	LOC111106487	-0.00599638169972388
"unknown"	unknown	5	LOC111118588	1.79200442164127
"unknown"	unknown	5	LOC111109569	0.104886585310576
"unknown"	unknown	5	LOC111108408	0.196746022879209
"unknown"	unknown	5	LOC111136119	-0.301716691954879
"unknown"	unknown	5	LOC111131841	1.54487508007884
"unknown"	unknown	5	LOC111132970	0.730431502457468
"unknown"	unknown	5	LOC111133409	-0.508968392557486
"unknown"	unknown	5	LOC111119621	-0.673606796540799
"unknown"	unknown	5	LOC111129350	-1.59847607933147
"unknown"	unknown	5	LOC111127080	-0.996856141756311
"unknown"	unknown	5	LOC111100061	-0.0211933050941928
"unknown"	unknown	5	LOC111122296	-1.07274104898134
"unknown"	unknown	5	LOC111119231	0.160672157469513
"unknown"	unknown	5	LOC111135282	-0.109130051985933
"unknown"	unknown	5	LOC111115961	-0.0187768171688021
"unknown"	unknown	5	LOC111106646	-1.1059469969837
"unknown"	unknown	5	LOC111112172	0.180032661854157
"unknown"	unknown	5	LOC111129660	-1.8414784338842
"unknown"	unknown	5	LOC111123029	0.937627702835612
"unknown"	unknown	5	LOC111125038	1.45145922454308
"unknown"	unknown	5	LOC111127969	-1.11611913258074
"unknown"	unknown	5	LOC111101527	-0.10080631299478
"unknown"	unknown	5	LOC111102761	0.542106353947901
"unknown"	unknown	5	LOC111138245	-1.58559177394901
"unknown"	unknown	5	LOC111136577	0.0251217255567897
"unknown"	unknown	5	LOC111106508	2.00065799498135
"unknown"	unknown	5	LOC111099559	-0.794768981934345
"unknown"	unknown	5	LOC111137088	-0.0231775114092107
"unknown"	unknown	5	LOC111127255	-0.0367476017562335
"unknown"	unknown	5	LOC111110475	-1.37582979347391
"unknown"	unknown	5	LOC111111025	-0.632727242029089
"unknown"	unknown	5	LOC111122588	-0.557897983182163
"unknown"	unknown	5	LOC111110979	-5.07110192424023
"unknown"	unknown	5	LOC111137464	-0.608723882153903
"unknown"	unknown	5	LOC111135559	0.109620979048353
"unknown"	unknown	5	LOC111133158	-0.69704016288981
"unknown"	unknown	5	LOC111101473	-0.0343928741298613
"unknown"	unknown	5	LOC111108658	-1.12815225203965
"unknown"	unknown	5	LOC111099516	-0.44078948425399
"unknown"	unknown	5	LOC111136844	0.0472981758788747
"unknown"	unknown	5	LOC111116781	-0.0178528989485463
"unknown"	unknown	5	LOC111121255	0.143251497459833
"unknown"	unknown	5	LOC111134051	0.283306861195772
"unknown"	unknown	5	LOC111118514	0.00814622851186746
"unknown"	unknown	5	LOC111128306	-0.604211592637834
"unknown"	unknown	5	LOC111132128	-2.63898223652083
"unknown"	unknown	5	LOC111105603	0.150055759480763
"unknown"	unknown	5	LOC111127619	0.879004577614052
"unknown"	unknown	5	LOC111115698	0.979407572192155
"unknown"	unknown	5	LOC111111610	0.442045665432467
"unknown"	unknown	5	LOC111126523	-0.0660375932715855
"unknown"	unknown	5	LOC111126143	0.157776474719322
"unknown"	unknown	5	LOC111100652	-1.711354751202
"unknown"	unknown	5	LOC111115732	0.0813148270787461
"unknown"	unknown	5	LOC111116151	-1.57813976754915
"unknown"	unknown	5	LOC111116037	0.787793913483718
"unknown"	unknown	5	LOC111110160	0.495238913141419
"unknown"	unknown	5	LOC111129400	-0.137024300250739
"unknown"	unknown	5	LOC111109869	-0.188354683389582
"unknown"	unknown	5	LOC111101678	0.963730627457356
"unknown"	unknown	5	LOC111124928	0.23035168328497
"unknown"	unknown	5	LOC111131613	-1.39695662813327
"unknown"	unknown	5	LOC111107673	0.306383942065161
"unknown"	unknown	5	LOC111115520	0.0161415057145563
"unknown"	unknown	5	LOC111115402	-0.0257508609278126
"unknown"	unknown	5	LOC111119403	0.314014527255142
"unknown"	unknown	5	LOC111114766	0.543747160595656
"unknown"	unknown	5	LOC111103559	-3.24175190708353
"unknown"	unknown	5	LOC111113862	0.558359517443504
"unknown"	unknown	5	LOC111131597	-0.346683345608517
"unknown"	unknown	5	LOC111125879	1.2364379192285
"unknown"	unknown	5	LOC111125884	-0.172626513829061
"unknown"	unknown	5	LOC111133503	1.19098942881804
"unknown"	unknown	5	LOC111122244	-2.0188406000688
"unknown"	unknown	5	LOC111112747	0.0609180234372629
"unknown"	unknown	5	LOC111137987	0.659921250458739
"unknown"	unknown	5	LOC111135668	-0.075945237784011
"unknown"	unknown	5	LOC111104474	0.112328179978385
"unknown"	unknown	5	LOC111110263	-0.456057829679802
"unknown"	unknown	5	LOC111137252	-0.0343569467948376
"unknown"	unknown	5	LOC111108112	-1.89743422620486
"unknown"	unknown	5	LOC111124946	-0.263112718200501
"unknown"	unknown	5	LOC111107936	-0.442956758812722
"unknown"	unknown	5	LOC111102924	0.188245636827332
"unknown"	unknown	5	LOC111102912	1.21244515325505
"unknown"	unknown	5	LOC111101912	1.01413112858214
"unknown"	unknown	5	LOC111118802	0.0349217927148476
"unknown"	unknown	5	LOC111103277	2.18311703521428
"unknown"	unknown	5	LOC111122166	0.619021738662242
"unknown"	unknown	5	LOC111100994	0.239874278572639
"unknown"	unknown	5	LOC111135050	-0.0323230431534649
"unknown"	unknown	5	LOC111130871	-1.06405515587229
"unknown"	unknown	5	LOC111129733	0.140212515812517
"unknown"	unknown	5	LOC111121537	-0.0980054757924142
"unknown"	unknown	5	LOC111104686	0.311595090763754
"unknown"	unknown	5	LOC111126627	-0.626197809257775
"unknown"	unknown	5	LOC111111324	0.540749931271189
"unknown"	unknown	5	LOC111137242	-0.830208347971267
"unknown"	unknown	5	LOC111113202	0.48309990268812
"unknown"	unknown	5	LOC111131668	-0.674723409590534
"unknown"	unknown	5	LOC111121076	0.200409890108034
"unknown"	unknown	5	LOC111137274	-0.27532013620615
"unknown"	unknown	5	LOC111104172	-0.647256836012278
"unknown"	unknown	5	LOC111103224	0.0893423847032688
"unknown"	unknown	5	LOC111129455	-7.3225220112625
"unknown"	unknown	5	LOC111121575	0.217091458189001
"unknown"	unknown	5	LOC111137784	-0.732452032779789
"unknown"	unknown	5	LOC111117065	0.1007846000873
"unknown"	unknown	5	LOC111132831	3.09472569803616
"unknown"	unknown	5	LOC111129372	3.44760677953022
"unknown"	unknown	5	LOC111111153	-0.750353367048041
"unknown"	unknown	5	LOC111119605	0.988985533018355
"unknown"	unknown	5	LOC111111373	1.5535810936665
"unknown"	unknown	5	LOC111099526	0.210400239516317
"unknown"	unknown	5	LOC111137560	-0.337952820891183
"unknown"	unknown	5	LOC111099188	2.39385057298583
"unknown"	unknown	5	LOC111108445	0.434181689409735
"unknown"	unknown	5	LOC111100299	-0.130569060320084
"unknown"	unknown	5	LOC111117130	-0.0344032016505061
"unknown"	unknown	5	LOC111116945	0.00783615805441431
"unknown"	unknown	5	LOC111118917	-1.05487168741307
"unknown"	unknown	5	LOC111117496	-0.297196243744953
"unknown"	unknown	5	LOC111138083	0.360898220111032
"unknown"	unknown	5	LOC111132753	-2.13970153184788
"unknown"	unknown	5	LOC111120077	-0.877713739872899
"unknown"	unknown	5	LOC111119216	-1.0946199967764
"unknown"	unknown	5	LOC111129745	0.0074658585295939
"unknown"	unknown	5	LOC111113126	0.378607233868343
"unknown"	unknown	5	LOC111104084	0.157073058245868
"unknown"	unknown	5	LOC111105769	-1.6204948444058
"unknown"	unknown	5	LOC111137592	-0.0355883909732156
"unknown"	unknown	5	LOC111137611	-0.479194632507578
"unknown"	unknown	5	LOC111125948	0.0214697420338894
"unknown"	unknown	5	LOC111129411	-1.2286304934872
"unknown"	unknown	5	LOC111110394	-0.13889606227494
"unknown"	unknown	5	LOC111131454	-0.438689549700236
"unknown"	unknown	5	LOC111113291	-0.546996759386082
"unknown"	unknown	5	LOC111113066	0.102200912422197
"unknown"	unknown	5	LOC111106650	0.718555486396242
"unknown"	unknown	5	LOC111136699	-2.58896702052594
"unknown"	unknown	5	LOC111123734	0.169837010749055
"unknown"	unknown	5	LOC111128439	-1.99558728024531
"unknown"	unknown	5	LOC111136953	0.902827059181247
"unknown"	unknown	5	LOC111107110	0.312962464471901
"unknown"	unknown	5	LOC111100669	0.219527528667378
"unknown"	unknown	5	LOC111129438	3.39175239475162
"unknown"	unknown	5	LOC111112403	-0.413895307059451
"unknown"	unknown	5	LOC111135871	-0.266654437734132
"unknown"	unknown	5	LOC111122368	-0.207001954266646
"unknown"	unknown	5	LOC111105505	1.05262396365279
"unknown"	unknown	5	LOC111099924	-1.77760213028246
"unknown"	unknown	5	LOC111099823	-0.639662785422902
"unknown"	unknown	5	LOC111133512	-2.84251986503696
"unknown"	unknown	5	LOC111100782	-0.0957499133092648
"unknown"	unknown	5	LOC111121220	2.45988702800603
"unknown"	unknown	5	LOC111135783	-0.53368788999688
"unknown"	unknown	5	LOC111130130	-7.12817529790959
"unknown"	unknown	5	LOC111125311	-0.716795368204064
"unknown"	unknown	5	LOC111130846	0.791613115786967
"unknown"	unknown	5	LOC111128925	-0.6348158002426
"unknown"	unknown	5	LOC111134516	0.170466489567957
"unknown"	unknown	5	LOC111112657	-1.3727731026703
"unknown"	unknown	5	LOC111135462	0.820393300642477
"unknown"	unknown	5	LOC111104326	-0.370199589069901
"unknown"	unknown	5	LOC111104697	-0.00139737923778918
"unknown"	unknown	5	LOC111132100	1.2403001969041
"unknown"	unknown	5	LOC111106976	-0.539358697779934
"unknown"	unknown	5	LOC111102889	0.33857719437715
"unknown"	unknown	5	LOC111133996	0.379101189840425
"unknown"	unknown	5	LOC111100639	-1.74203758504056
"unknown"	unknown	5	LOC111132842	-0.0380059714741495
"unknown"	unknown	5	LOC111138207	0.20637142429975
"unknown"	unknown	5	LOC111123571	0.0591661672098913
"unknown"	unknown	5	LOC111122135	0.924291261030732
"unknown"	unknown	5	LOC111128654	-0.636512605826604
"unknown"	unknown	5	LOC111110828	-0.896717613012097
"unknown"	unknown	5	LOC111122198	-0.0971157942367772
"unknown"	unknown	5	LOC111134751	-0.429564233910469
"unknown"	unknown	5	LOC111115444	1.73830556098219
"unknown"	unknown	5	LOC111100935	13.3126801629786
"unknown"	unknown	5	LOC111131504	0.701914327180586
"unknown"	unknown	5	LOC111100746	0.681950400540209
"unknown"	unknown	5	LOC111128011	-2.31986625114907
"unknown"	unknown	5	LOC111121064	1.8587362621283
"unknown"	unknown	5	LOC111105575	-0.0138081886389746
"unknown"	unknown	5	LOC111105592	-0.814149257450435
"unknown"	unknown	5	LOC111131441	-0.495165884040341
"unknown"	unknown	5	LOC111099994	-0.120326998861367
"unknown"	unknown	5	LOC111123950	-0.0343697284130102
"unknown"	unknown	5	LOC111118215	-0.364448143408737
"unknown"	unknown	5	LOC111118856	0.123288647807537
"unknown"	unknown	5	LOC111129220	-0.750111168990512
"unknown"	unknown	5	LOC111101466	0.246161443327114
"unknown"	unknown	5	LOC111121351	1.51413855675809
"unknown"	unknown	5	LOC111118339	-3.49488330227408
"unknown"	unknown	5	LOC111125699	-0.61008220199219
"unknown"	unknown	5	LOC111103200	-0.268303824808163
"unknown"	unknown	5	LOC111120513	0.274569688263053
"unknown"	unknown	5	LOC111122205	0.193917683662062
"unknown"	unknown	5	LOC111134346	0.358271906469544
"unknown"	unknown	5	LOC111113610	0.161398037955032
"unknown"	unknown	5	LOC111128045	0.845000712960287
"unknown"	unknown	5	LOC111122940	0.0088680605287299
"unknown"	unknown	5	LOC111110256	0.250944132330184
"unknown"	unknown	5	LOC111124038	1.60100427902754
"unknown"	unknown	5	LOC111136812	1.65264645358996
"unknown"	unknown	5	LOC111099863	-0.666698586080808
"unknown"	unknown	5	LOC111134864	-7.69985473025925
"unknown"	unknown	5	LOC111120953	-2.46523109219342
"unknown"	unknown	5	LOC111109784	-0.796615863492892
"unknown"	unknown	5	LOC111137126	-0.348717955949329
"unknown"	unknown	5	LOC111110862	0.590437726482253
"unknown"	unknown	5	LOC111111258	0.270210749258613
"unknown"	unknown	5	LOC111124587	1.10170413191606
"unknown"	unknown	5	LOC111109612	1.06785538077166
"unknown"	unknown	5	LOC111130675	-0.301131939743849
"unknown"	unknown	5	LOC111121752	-0.847245371873283
"unknown"	unknown	5	LOC111124116	-1.02868562915925
"unknown"	unknown	5	LOC111110912	1.21279903812181
"unknown"	unknown	5	LOC111135904	0.840490418588347
"unknown"	unknown	5	LOC111110067	-0.457853781620232
"unknown"	unknown	5	LOC111126132	-1.21135496225485
"unknown"	unknown	5	LOC111121051	0.314210822784825
"unknown"	unknown	5	LOC111102892	0.872743190874457
"unknown"	unknown	5	LOC111132227	0.570099207532143
"unknown"	unknown	5	LOC111100348	-1.43606242293382
"unknown"	unknown	5	LOC111111587	0.26344353110331
"unknown"	unknown	5	LOC111127658	-0.626590100376209
"unknown"	unknown	5	LOC111110287	1.98472314314913
"unknown"	unknown	5	LOC111133850	0.272897567929457
"unknown"	unknown	5	LOC111109989	-0.18132644587106
"unknown"	unknown	5	LOC111117415	1.59925410034643
"unknown"	unknown	5	LOC111102728	5.58448263678425
"unknown"	unknown	5	LOC111127393	-0.411327104940429
"unknown"	unknown	5	LOC111111617	-0.679348439510761
"unknown"	unknown	5	LOC111118677	-0.698416504874586
"unknown"	unknown	5	LOC111137625	-13.8627231196665
"unknown"	unknown	5	LOC111104211	0.616277173695633
"unknown"	unknown	5	LOC111121329	1.08440802771462
"unknown"	unknown	5	LOC111136396	0.235456544823128
"unknown"	unknown	5	LOC111100512	-4.83006001021186
"unknown"	unknown	5	LOC111101157	-0.685945307664974
"unknown"	unknown	5	LOC111108665	0.708607205090921
"unknown"	unknown	5	LOC111117751	0.0979776671776608
"unknown"	unknown	5	LOC111111173	0.862615323224497
"unknown"	unknown	5	LOC111130354	0.594763326462629
"unknown"	unknown	5	LOC111110095	-0.857394662105925
"unknown"	unknown	5	LOC111103531	0.0416679522405464
"unknown"	unknown	5	LOC111135749	-1.45590532100743
"unknown"	unknown	5	LOC111136062	-1.9804192430557
"unknown"	unknown	5	LOC111138138	-0.488337849495945
"unknown"	unknown	5	LOC111118727	-0.41815120334644
"unknown"	unknown	5	LOC111107907	-0.569315246548281
"unknown"	unknown	5	LOC111134774	1.73556479521393
"unknown"	unknown	5	LOC111118480	-1.41477905682675
"unknown"	unknown	5	LOC111100028	-0.226683561100751
"unknown"	unknown	5	LOC111113409	-4.83029942189785
"unknown"	unknown	5	LOC111110903	0.416647246605863
"unknown"	unknown	5	LOC111108783	-0.541735415701597
"unknown"	unknown	5	LOC111129285	-0.165570442067914
"unknown"	unknown	5	LOC111121365	-0.13140994092456
"unknown"	unknown	5	LOC111099521	-0.126627507464217
"unknown"	unknown	5	LOC111106718	-1.2813879040721
"unknown"	unknown	5	LOC111101330	0.969499261914106
"unknown"	unknown	5	LOC111105755	-0.69532804154542
"unknown"	unknown	5	LOC111102120	-0.577251960066341
"unknown"	unknown	5	LOC111113004	0.105370538326249
"unknown"	unknown	5	LOC111106689	-0.354889399234359
"unknown"	unknown	5	LOC111102770	-12.1281743457599
"unknown"	unknown	5	LOC111128601	-0.0222794202978772
"unknown"	unknown	5	LOC111130124	1.87105825178894
"unknown"	unknown	5	LOC111124480	-0.805950334295673
"unknown"	unknown	5	LOC111101777	-1.00259878990096
"unknown"	unknown	5	LOC111108241	1.49552201255727
"unknown"	unknown	5	LOC111107404	-0.625729806203659
"unknown"	unknown	5	LOC111118937	-1.65814963345627
"unknown"	unknown	5	LOC111133042	0.336029331261739
"unknown"	unknown	5	LOC111130794	-0.523915685467076
"unknown"	unknown	5	LOC111119218	0.0616824044842836
"unknown"	unknown	5	LOC111135083	0.0573080462835049
"unknown"	unknown	5	LOC111119779	-1.12728500851238
"unknown"	unknown	5	LOC111114840	0.119280907317909
"unknown"	unknown	5	LOC111119053	-0.0634553272591379
"unknown"	unknown	5	LOC111118273	-0.0273801091520124
"unknown"	unknown	5	LOC111104421	-6.84130500259849
"unknown"	unknown	5	LOC111116339	0.744335933632401
"unknown"	unknown	5	LOC111120558	-0.237640792278155
"unknown"	unknown	5	LOC111122918	-0.0777171859248518
"unknown"	unknown	5	LOC111120359	0.476280706999006
"unknown"	unknown	5	LOC111134006	-1.15134390120319
"unknown"	unknown	5	LOC111120311	-0.278777651263327
"unknown"	unknown	5	LOC111125372	0.697224251800056
"unknown"	unknown	5	LOC111107689	0.686910666228632
"unknown"	unknown	5	LOC111100417	-3.08796958716576
"unknown"	unknown	5	LOC111137053	1.53330156552892
"unknown"	unknown	5	LOC111108738	-0.0618633375750996
"unknown"	unknown	5	LOC111115544	-0.210378719395497
"unknown"	unknown	5	LOC111135870	-0.335870388417186
"unknown"	unknown	5	LOC111102834	-0.0474304010165821
"unknown"	unknown	5	LOC111129834	2.12962469086758
"unknown"	unknown	5	LOC111133518	0.6912384608061
"unknown"	unknown	5	LOC111124466	-1.45631071730431
"unknown"	unknown	5	LOC111109163	0.0132519710821991
"unknown"	unknown	5	LOC111101976	1.56243502878995
"unknown"	unknown	5	LOC111122891	-1.8654242661803
"unknown"	unknown	5	LOC111112620	0.725324793786162
"unknown"	unknown	5	LOC111100888	-1.90043331488417
"unknown"	unknown	5	LOC111120470	0.971803517917289
"unknown"	unknown	5	LOC111119297	-0.0651910517849461
"unknown"	unknown	5	LOC111128819	0.175747721639448
"unknown"	unknown	5	LOC111127472	0.272553969871546
"unknown"	unknown	5	LOC111108375	-0.979115720550324
"unknown"	unknown	5	LOC111120075	1.24445518585467
"unknown"	unknown	5	LOC111112452	0.563535692577075
"unknown"	unknown	5	LOC111102400	0.69791020623081
"unknown"	unknown	5	LOC111130150	1.39220418939305
"unknown"	unknown	5	LOC111114111	1.69190197431885
"unknown"	unknown	5	LOC111137098	0.206674616586655
"unknown"	unknown	5	LOC111121543	-0.0605066685853651
"unknown"	unknown	5	LOC111110941	3.65490184982708
"unknown"	unknown	5	LOC111123233	1.1660869610671
"unknown"	unknown	5	LOC111125019	0.418754948607568
"unknown"	unknown	5	LOC111134718	-0.0202381585612318
"unknown"	unknown	5	LOC111115783	-1.10550464069261
"unknown"	unknown	5	LOC111105643	1.9676766446871
"unknown"	unknown	5	LOC111117253	0.0994524683897185
"unknown"	unknown	5	LOC111121116	0.876159447047611
"unknown"	unknown	5	LOC111121298	-0.0536033797915455
"unknown"	unknown	5	LOC111130779	-0.313098141598652
"unknown"	unknown	5	LOC111122631	-0.369510117795503
"unknown"	unknown	5	LOC111137244	0.633667039456384
"unknown"	unknown	5	LOC111112842	-0.0563236519802131
"unknown"	unknown	5	LOC111114589	0.753576064997407
"unknown"	unknown	5	LOC111109126	-0.696504143049016
"unknown"	unknown	5	LOC111107289	0.00651409187421486
"unknown"	unknown	5	LOC111110671	-0.550039798870909
"unknown"	unknown	5	LOC111114561	-1.75372593409087
"unknown"	unknown	5	LOC111133678	0.00722275321770881
"unknown"	unknown	5	LOC111104281	19.7920471317848
"unknown"	unknown	5	LOC111106306	0.620224814702664
"unknown"	unknown	5	LOC111116011	-0.551522490171227
"unknown"	unknown	5	LOC111124760	-0.0343829624514634
"unknown"	unknown	5	LOC111125246	-1.01663667748427
"unknown"	unknown	5	LOC111135229	0.418515902999106
"unknown"	unknown	5	LOC111127860	0.549389840411611
"unknown"	unknown	5	LOC111110042	-0.0246938762245451
"unknown"	unknown	5	LOC111101300	0.091171594277105
"unknown"	unknown	5	LOC111134796	-0.61018692319313
"unknown"	unknown	5	LOC111137481	-0.28023877581296
"unknown"	unknown	5	LOC111122728	0.549912352385032
"unknown"	unknown	5	LOC111112548	1.12462084373082
"unknown"	unknown	5	LOC111121785	-0.559893346628619
"unknown"	unknown	5	LOC111111917	-0.414960744199476
"unknown"	unknown	5	LOC111102883	0.229692812466801
"unknown"	unknown	5	LOC111105507	-0.826215006929914
"unknown"	unknown	5	LOC111128692	0.135555852756942
"unknown"	unknown	5	LOC111103515	2.22626605244892
"unknown"	unknown	5	LOC111137890	-0.565198004679615
"unknown"	unknown	5	LOC111127835	-0.756779691480835
"unknown"	unknown	5	LOC111124330	0.51000647200687
"unknown"	unknown	5	LOC111121287	4.45203268177242
"unknown"	unknown	5	LOC111127410	0.144690021696177
"unknown"	unknown	5	LOC111112862	-0.0211734012443153
"unknown"	unknown	5	LOC111124380	0.280970718520508
"unknown"	unknown	5	LOC111123960	-0.735188815540764
"unknown"	unknown	5	LOC111125837	1.69507326956487
"unknown"	unknown	5	LOC111134336	0.0505131954884342
"unknown"	unknown	5	LOC111101721	-0.27506547145096
"unknown"	unknown	5	LOC111127971	1.13651032245192
"unknown"	unknown	5	LOC111115341	0.434825025445919
"unknown"	unknown	5	LOC111112108	0.26982288842299
"unknown"	unknown	5	LOC111135689	-0.817165175888661
"unknown"	unknown	5	LOC111121376	0.245253932812139
"unknown"	unknown	5	LOC111117279	0.429202786159658
"unknown"	unknown	5	LOC111134274	-0.00803632322318829
"unknown"	unknown	5	LOC111105768	-1.54834614695118
"unknown"	unknown	5	LOC111119846	0.917179566800988
"unknown"	unknown	5	LOC111133061	0.333484009061829
"unknown"	unknown	5	LOC111117380	0.400470095584421
"unknown"	unknown	5	LOC111124354	-0.529148525963708
"unknown"	unknown	5	LOC111108364	-0.500210229136034
"unknown"	unknown	5	LOC111124257	0.333217056382239
"unknown"	unknown	5	LOC111129280	1.9739391839771
"unknown"	unknown	5	LOC111114571	0.408837176015703
"unknown"	unknown	5	LOC111136763	-0.130995422998694
"unknown"	unknown	5	LOC111123781	-0.0748266765561645
"unknown"	unknown	5	LOC111110028	0.262932547154116
"unknown"	unknown	5	LOC111127097	0.179418785628683
"unknown"	unknown	5	LOC111120422	-0.0217347395857393
"unknown"	unknown	5	LOC111105236	0.570986606104001
"unknown"	unknown	5	LOC111133885	2.32316418487128
"unknown"	unknown	5	LOC111118835	-0.675891746646017
"unknown"	unknown	5	LOC111105708	-0.713356382584806
"unknown"	unknown	5	LOC111114826	0.217807220780294
"unknown"	unknown	5	LOC111137196	0.443385023517709
"unknown"	unknown	5	LOC111106473	-0.810221053611236
"unknown"	unknown	5	LOC111115839	-7.29035141919079
"unknown"	unknown	5	LOC111130973	0.234264184701049
"unknown"	unknown	5	LOC111114648	0.093910774526541
"unknown"	unknown	5	LOC111119006	0.0178664926845083
"unknown"	unknown	5	LOC111118372	0.298215251432901
"unknown"	unknown	5	LOC111104925	2.09747576246523
"unknown"	unknown	5	LOC111123687	-0.0638180507127461
"unknown"	unknown	5	LOC111136391	1.17670479643915
"unknown"	unknown	5	LOC111103546	-0.746399365589727
"unknown"	unknown	5	LOC111110981	-1.86885407019167
"unknown"	unknown	5	LOC111131466	-2.15008468716353
"unknown"	unknown	5	LOC111115537	0.872982490442033
"unknown"	unknown	5	LOC111104786	-0.0742669258912324
"unknown"	unknown	5	LOC111133357	0.435994074969048
"unknown"	unknown	5	LOC111137538	0.436339082511467
"unknown"	unknown	5	LOC111133941	-0.496590703441668
"unknown"	unknown	5	LOC111108973	-1.60895394087371
"unknown"	unknown	5	LOC111099415	0.320336278779436
"unknown"	unknown	5	LOC111110021	0.822881564982657
"unknown"	unknown	5	LOC111130188	-1.27435554641178
"unknown"	unknown	5	LOC111129514	0.458984227641532
"unknown"	unknown	5	LOC111099109	0.907303284721294
"unknown"	unknown	5	LOC111105326	14.3021888998715
"unknown"	unknown	5	LOC111130367	-0.25246360304138
"unknown"	unknown	5	LOC111105696	0.233038941348327
"unknown"	unknown	5	LOC111120303	0.613330537273787
"unknown"	unknown	5	LOC111138317	3.61404865502347
"unknown"	unknown	5	LOC111121336	-0.353305893733301
"unknown"	unknown	5	LOC111103906	0.366008877872909
"unknown"	unknown	5	LOC111133108	0.57809107489211
"unknown"	unknown	5	LOC111109947	0.208524187357675
"unknown"	unknown	5	LOC111106975	0.86348736688345
"unknown"	unknown	5	LOC111127651	-0.529660818363544
"unknown"	unknown	5	LOC111136098	0.958290034329542
"unknown"	unknown	5	LOC111126396	-0.054054497691265
"unknown"	unknown	5	LOC111129317	0.908328460564286
"unknown"	unknown	5	LOC111102052	-0.524356434746911
"unknown"	unknown	5	LOC111136238	1.8426353435787
"unknown"	unknown	5	LOC111112819	6.53461954131726
"unknown"	unknown	5	LOC111134293	0.667733777280009
"unknown"	unknown	5	LOC111104701	-0.783225078149478
"unknown"	unknown	5	LOC111111030	0.536554021469516
"unknown"	unknown	5	LOC111110288	-1.32599074483698
"unknown"	unknown	5	LOC111099570	0.657363109414068
"unknown"	unknown	5	LOC111109716	-1.70588154222832
"unknown"	unknown	5	LOC111123785	-1.72288538348477
"unknown"	unknown	5	LOC111100590	0.901774400043065
"unknown"	unknown	5	LOC111126137	0.015361228110781
"unknown"	unknown	5	LOC111127782	-0.133929738639333
"unknown"	unknown	5	LOC111113786	0.0939015076085291
"unknown"	unknown	5	LOC111126437	-3.46879297707779
"unknown"	unknown	5	LOC111120510	1.99452411981141
"unknown"	unknown	5	LOC111112111	-0.120031383016724
"unknown"	unknown	5	LOC111110052	1.99769390440955
"unknown"	unknown	5	LOC111127495	0.305460990059972
"unknown"	unknown	5	LOC111134695	0.319971668110909
"unknown"	unknown	5	LOC111121529	-1.67430719995794
"unknown"	unknown	5	LOC111131301	0.36396064562519
"unknown"	unknown	5	LOC111101122	0.401159702800024
"unknown"	unknown	5	LOC111114234	4.18729576437567
"unknown"	unknown	5	LOC111102336	0.20014253093739
"unknown"	unknown	5	LOC111136880	1.06294469990821
"unknown"	unknown	5	LOC111114575	0.29740089638766
"unknown"	unknown	5	LOC111119158	3.33952825419646
"unknown"	unknown	5	LOC111116972	0.570037188493828
"unknown"	unknown	5	LOC111111638	0.533904457610144
"unknown"	unknown	5	LOC111108070	0.140216261694424
"unknown"	unknown	5	LOC111137932	-0.580987944884912
"unknown"	unknown	5	LOC111125552	0.128834635249065
"unknown"	unknown	5	LOC111132199	-0.484520183329368
"unknown"	unknown	5	LOC111132218	2.67852789718867
"unknown"	unknown	5	LOC111137380	0.173963613453339
"unknown"	unknown	5	LOC111121533	-0.191631747270906
"unknown"	unknown	5	LOC111104521	0.731976082185859
"unknown"	unknown	5	LOC111137742	3.46373968126099
"unknown"	unknown	5	LOC111132250	0.0498257288574362
"unknown"	unknown	5	LOC111136277	-1.90933205610926
"unknown"	unknown	5	LOC111100744	0.0328997566484336
"unknown"	unknown	5	LOC111138205	-0.508916446286173
"unknown"	unknown	5	LOC111136212	-2.28689035821742
"unknown"	unknown	5	LOC111114325	0.261671091663958
"unknown"	unknown	5	LOC111133242	0.0602372656265272
"unknown"	unknown	5	LOC111102070	0.703592453012557
"unknown"	unknown	5	LOC111103947	2.63187950584006
"unknown"	unknown	5	LOC111137889	-0.380039602928345
"unknown"	unknown	5	LOC111135530	-0.321592778261181
"unknown"	unknown	5	LOC111120654	0.571123962592573
"unknown"	unknown	5	LOC111116462	0.205571130837255
"unknown"	unknown	5	LOC111111663	-0.503184992876301
"unknown"	unknown	5	LOC111131323	0.275917563028832
"unknown"	unknown	5	LOC111109149	-0.719321004280323
"unknown"	unknown	5	LOC111111090	2.15886738036538
"unknown"	unknown	5	LOC111103275	1.0466439522989
"unknown"	unknown	5	LOC111137673	0.59029420746622
"unknown"	unknown	5	LOC111124503	0.0939312446433466
"unknown"	unknown	5	LOC111132678	0.0497813054023539
"unknown"	unknown	5	LOC111109434	0.0416773697154002
"unknown"	unknown	5	LOC111132858	1.10781098995451
"unknown"	unknown	5	LOC111114748	0.132910176451425
"unknown"	unknown	5	LOC111115261	-0.585845917732743
"unknown"	unknown	5	LOC111122541	0.0538094312699573
"unknown"	unknown	5	LOC111136258	0.593027025710838
"unknown"	unknown	5	LOC111137248	0.249058520877546
"unknown"	unknown	5	LOC111102379	-0.694882094966207
"unknown"	unknown	5	LOC111128719	0.0244434812384995
"unknown"	unknown	5	LOC111102436	-0.143142461558462
"unknown"	unknown	5	LOC111118545	0.0981927563957171
"unknown"	unknown	5	LOC111127363	-1.59168940787379
"unknown"	unknown	5	LOC111108543	0.450849103583587
"unknown"	unknown	5	LOC111107070	-1.26034820108303
"unknown"	unknown	5	LOC111125516	-0.222174498902189
"unknown"	unknown	5	LOC111131193	-0.997356290141149
"unknown"	unknown	5	LOC111102791	0.113587746429749
"unknown"	unknown	5	LOC111126045	-2.77156771743545
"unknown"	unknown	5	LOC111106678	-0.0394301369756239
"unknown"	unknown	5	LOC111110974	0.244036621342927
"unknown"	unknown	5	LOC111107602	0.218116186181562
"unknown"	unknown	5	LOC111101105	0.441595718998125
"unknown"	unknown	5	LOC111138250	0.011405970115191
"unknown"	unknown	5	LOC111110929	-0.626177445875478
"unknown"	unknown	5	LOC111106028	0.401897748233449
"unknown"	unknown	5	LOC111116628	-0.382714462666575
"unknown"	unknown	5	LOC111101236	-0.0479578651756879
"unknown"	unknown	5	LOC111101810	-0.870631715227219
"unknown"	unknown	5	LOC111100607	-0.246292348189658
"unknown"	unknown	5	LOC111131616	-2.56956985066882
"unknown"	unknown	5	LOC111123939	-0.119078209827553
"unknown"	unknown	5	LOC111136177	-0.4749255086214
"unknown"	unknown	5	LOC111133308	0.0669391810483348
"unknown"	unknown	5	LOC111106033	-0.509058723899683
"unknown"	unknown	5	LOC111100893	-1.11946683019669
"unknown"	unknown	5	LOC111111119	0.140171334401525
"unknown"	unknown	5	LOC111120892	-1.96127344664399
"unknown"	unknown	5	LOC111121286	0.851852830882518
"unknown"	unknown	5	LOC111117786	0.140230091322018
"unknown"	unknown	5	LOC111118507	-0.979579797920581
"unknown"	unknown	5	LOC111131424	-0.252220271670901
"unknown"	unknown	5	LOC111103501	-0.416807894034115
"unknown"	unknown	5	LOC111117241	1.29809819739921
"unknown"	unknown	5	LOC111101699	-0.776864943942589
"unknown"	unknown	5	LOC111127806	-0.51467367812646
"unknown"	unknown	5	LOC111120589	0.00864383302064207
"unknown"	unknown	5	LOC111135518	-0.649770374647795
"unknown"	unknown	5	LOC111119420	-0.0535971229017428
"unknown"	unknown	5	LOC111133647	0.408836642324409
"unknown"	unknown	5	LOC111109814	0.553276197061909
"unknown"	unknown	5	LOC111136713	0.456917910111527
"unknown"	unknown	5	LOC111134022	0.541322791512456
"unknown"	unknown	5	LOC111114760	-0.188559450954701
"unknown"	unknown	5	LOC111123116	-0.106464568795391
"unknown"	unknown	5	LOC111113322	0.016012751741612
"unknown"	unknown	5	LOC111126224	-8.36920347099162
"unknown"	unknown	5	LOC111124759	-0.653809794388904
"unknown"	unknown	5	LOC111121859	-0.400162526705796
"unknown"	unknown	5	LOC111128313	0.0634054681010391
"unknown"	unknown	5	LOC111124462	0.116149928966865
"unknown"	unknown	5	LOC111136435	-3.21158588159173
"unknown"	unknown	5	LOC111108025	-1.38198799821674
"unknown"	unknown	5	LOC111123041	0.554200739866156
"unknown"	unknown	5	LOC111133127	-0.433726232132402
"unknown"	unknown	5	LOC111137563	0.29816133854844
"unknown"	unknown	5	LOC111130900	-0.0344795033751592
"unknown"	unknown	5	LOC111109570	-0.0580410457618709
"unknown"	unknown	5	LOC111129253	0.148483741950829
"unknown"	unknown	5	LOC111105350	0.0735917831030225
"unknown"	unknown	5	LOC111125034	-0.0343369650306566
"unknown"	unknown	5	LOC111125841	-0.141109428360923
"unknown"	unknown	5	LOC111103873	0.158288616972592
"unknown"	unknown	5	LOC111120932	-0.0885670285796671
"unknown"	unknown	5	LOC111110743	0.644512979121925
"unknown"	unknown	5	LOC111108179	-0.180846382011528
"unknown"	unknown	5	LOC111115403	-1.37258901845914
"unknown"	unknown	5	LOC111128101	0.538477830588033
"unknown"	unknown	5	LOC111126295	-0.457828553900222
"unknown"	unknown	5	LOC111112064	-7.17976913499013
"unknown"	unknown	5	LOC111135420	-0.146821861162106
"unknown"	unknown	5	LOC111131166	-0.56300010339509
"unknown"	unknown	5	LOC111129602	0.667256592074785
"unknown"	unknown	5	LOC111100916	-0.786177834611246
"unknown"	unknown	5	LOC111116883	-1.20918973402527
"unknown"	unknown	5	LOC111133630	-0.206365107063392
"unknown"	unknown	5	LOC111122642	0.0969480696217915
"unknown"	unknown	5	LOC111104677	-0.989802855577301
"unknown"	unknown	5	LOC111133918	0.831806740125889
"unknown"	unknown	5	LOC111102511	-0.794667915784635
"unknown"	unknown	5	LOC111127049	0.202921568286077
"unknown"	unknown	5	LOC111104142	-0.773152990761658
"unknown"	unknown	5	LOC111120548	1.19641178343364
"unknown"	unknown	5	LOC111117678	-0.606955958763265
"unknown"	unknown	5	LOC111104651	-0.4156356486408
"unknown"	unknown	5	LOC111130965	-0.705241749619789
"unknown"	unknown	5	LOC111109760	0.104331064197807
"unknown"	unknown	5	LOC111115257	-0.825617156017321
"unknown"	unknown	5	LOC111133378	-2.90092861231789
"unknown"	unknown	5	LOC111110678	-0.325381416109969
"unknown"	unknown	5	LOC111115563	-0.846237220921064
"unknown"	unknown	5	LOC111133694	-1.62091284999714
"unknown"	unknown	5	LOC111130832	0.10621523115004
"unknown"	unknown	5	LOC111132869	-0.712161419404988
"unknown"	unknown	5	LOC111115436	0.18489486451296
"unknown"	unknown	5	LOC111127867	-0.127360198812904
"unknown"	unknown	5	LOC111100395	2.40977906808385
"unknown"	unknown	5	LOC111130244	-0.0701640124290429
"unknown"	unknown	5	LOC111127667	0.101713288992348
"unknown"	unknown	5	LOC111113900	-0.214673925047657
"unknown"	unknown	5	LOC111133065	0.37347812012882
"unknown"	unknown	5	LOC111102300	11.9051220082548
"unknown"	unknown	5	LOC111100666	0.445102668127202
"unknown"	unknown	5	LOC111132988	-1.10912036135567
"unknown"	unknown	5	LOC111117840	-0.548006393861046
"unknown"	unknown	5	LOC111109839	-0.75520082273711
"unknown"	unknown	5	LOC111116590	-0.17007308992443
"unknown"	unknown	5	LOC111099605	-0.034473812640097
"unknown"	unknown	5	LOC111125519	-0.213033304815754
"unknown"	unknown	5	LOC111123356	0.0778665872530299
"unknown"	unknown	5	LOC111100038	-2.36671245004383
"unknown"	unknown	5	LOC111116224	-0.337319055189138
"unknown"	unknown	5	LOC111136697	-0.624219945508524
"unknown"	unknown	5	LOC111137774	-0.388369921788222
"unknown"	unknown	5	LOC111122122	0.421412479816637
"unknown"	unknown	5	LOC111126172	1.09377558527293
"unknown"	unknown	5	LOC111121014	0.587360107334212
"unknown"	unknown	5	LOC111113249	-4.52763511715309
"unknown"	unknown	5	LOC111102720	0.324688656247863
"unknown"	unknown	5	LOC111102780	-0.575991420543684
"unknown"	unknown	5	LOC111100546	-0.484091394589513
"unknown"	unknown	5	LOC111108567	-0.151862728932409
"unknown"	unknown	5	LOC111102179	0.194578392614762
"unknown"	unknown	5	LOC111100041	4.03866187940572
"unknown"	unknown	5	LOC111108775	0.180259191997042
"unknown"	unknown	5	LOC111123957	-0.853739609183142
"unknown"	unknown	5	LOC111128708	-2.63698468096879
"unknown"	unknown	5	LOC111111130	1.29644477341769
"unknown"	unknown	5	LOC111133081	-0.362235175558251
"unknown"	unknown	5	LOC111116818	0.592816738117966
"unknown"	unknown	5	LOC111129532	0.201822217931625
"unknown"	unknown	5	LOC111117073	-2.38787066038245
"unknown"	unknown	5	LOC111100858	-0.737622897460907
"unknown"	unknown	5	LOC111130330	0.512064121695504
"unknown"	unknown	5	LOC111106115	0.0498321838623524
"unknown"	unknown	5	LOC111118700	1.40092146910273
"unknown"	unknown	5	LOC111102964	-0.398430339421781
"unknown"	unknown	5	LOC111123198	0.499898102046502
"unknown"	unknown	5	LOC111107294	-0.496057197726459
"unknown"	unknown	5	LOC111129143	-0.589777455125034
"unknown"	unknown	5	LOC111122022	0.395920162960544
"unknown"	unknown	5	LOC111117374	-0.326119366886673
"unknown"	unknown	5	LOC111115297	0.192563675809137
"unknown"	unknown	5	LOC111103652	-0.396855986658914
"unknown"	unknown	5	LOC111136757	2.13861050003953
"unknown"	unknown	5	LOC111130420	-0.263352063901963
"unknown"	unknown	5	LOC111123745	3.22797721680719
"unknown"	unknown	5	LOC111131058	0.0491663653317658
"unknown"	unknown	5	LOC111114624	-0.700633292044142
"unknown"	unknown	5	LOC111127186	-0.508489103152166
"unknown"	unknown	5	LOC111132875	-2.76196269690243
"unknown"	unknown	5	LOC111115087	1.31583520489612
"unknown"	unknown	5	LOC111133666	-0.733788205685274
"unknown"	unknown	5	LOC111134978	0.406927505233067
"unknown"	unknown	5	LOC111132796	-0.387032407080572
"unknown"	unknown	5	LOC111100695	-2.85239788378599
"unknown"	unknown	5	LOC111119894	-1.1682684176792
"unknown"	unknown	5	LOC111113987	0.271167590058099
"unknown"	unknown	5	LOC111122870	0.146881241915661
"unknown"	unknown	5	LOC111136450	1.3498603632015
"unknown"	unknown	5	LOC111118078	0.586046589194173
"unknown"	unknown	5	LOC111114476	0.1795980378883
"unknown"	unknown	5	LOC111110393	-0.880618171465071
"unknown"	unknown	5	LOC111105803	-0.0343408926524276
"unknown"	unknown	5	LOC111115462	0.114653983141613
"unknown"	unknown	5	LOC111133773	-0.0516058820436365
"unknown"	unknown	5	LOC111110328	0.281330169728953
"unknown"	unknown	5	LOC111128258	0.853809464847615
"unknown"	unknown	5	LOC111131430	0.328739309543314
"unknown"	unknown	5	LOC111119631	-0.561881011421696
"unknown"	unknown	5	LOC111135772	-0.0299362789261935
"unknown"	unknown	5	LOC111133839	0.3110726176391
"unknown"	unknown	5	LOC111112926	-0.0343967184451861
"unknown"	unknown	5	LOC111106801	-0.0447242342173452
"unknown"	unknown	5	LOC111110057	0.122478600273724
"unknown"	unknown	5	LOC111111572	0.70147158894409
"unknown"	unknown	5	LOC111110038	-0.248425710584139
"unknown"	unknown	5	LOC111107609	2.10613133494549
"unknown"	unknown	5	LOC111111514	-0.476701981751402
"unknown"	unknown	5	LOC111105283	-0.357660549316464
"unknown"	unknown	5	LOC111133104	-0.0625036882017765
"unknown"	unknown	5	LOC111118053	-0.0916072773292639
"unknown"	unknown	5	LOC111117800	-1.83796592958087
"unknown"	unknown	5	LOC111129746	-0.0710476511959127
"unknown"	unknown	5	LOC111101621	2.24840003751155
"unknown"	unknown	5	LOC111125971	-0.0525333950348435
"unknown"	unknown	5	LOC111123228	-1.54620728347639
"unknown"	unknown	5	LOC111103803	0.702469305504417
"unknown"	unknown	5	LOC111109553	1.63057849441226
"unknown"	unknown	5	LOC111119267	-0.436472643613309
"unknown"	unknown	5	LOC111112900	-0.76850992426492
"unknown"	unknown	5	LOC111103592	-0.0738675415712849
"unknown"	unknown	5	LOC111104995	-0.0557449667491515
"unknown"	unknown	5	LOC111119149	0.265418617927479
"unknown"	unknown	5	LOC111135055	-0.197684263097095
"unknown"	unknown	5	LOC111127374	-0.928768265425319
"unknown"	unknown	5	LOC111102936	-0.137483901795645
"unknown"	unknown	5	LOC111104130	4.51372548192497
"unknown"	unknown	5	LOC111107165	0.682642841629683
"unknown"	unknown	5	LOC111105170	-0.295169277421977
"unknown"	unknown	5	LOC111103852	-0.147613205888666
"unknown"	unknown	5	LOC111135450	0.539575081029748
"unknown"	unknown	5	LOC111120228	-0.194550663382121
"unknown"	unknown	5	LOC111129426	0.315041383294335
"unknown"	unknown	5	LOC111133656	1.34467282944708
"unknown"	unknown	5	LOC111133758	1.79847377196759
"unknown"	unknown	5	LOC111116130	0.122298087449828
"unknown"	unknown	5	LOC111134870	1.14217473423432
"unknown"	unknown	5	LOC111103966	0.555752762596497
"unknown"	unknown	5	LOC111114452	0.807146473199942
"unknown"	unknown	5	LOC111137994	-0.890644401457471
"unknown"	unknown	5	LOC111130957	0.361269304173042
"unknown"	unknown	5	LOC111120246	-1.17017991145053
"unknown"	unknown	5	LOC111132512	0.719825128003189
"unknown"	unknown	5	LOC111135085	-1.42258227835434
"unknown"	unknown	5	LOC111108379	-0.16741475311498
"unknown"	unknown	5	LOC111099479	-0.114042492535855
"unknown"	unknown	5	LOC111099831	-0.826586805239594
"unknown"	unknown	5	LOC111111162	-0.380297979820106
"unknown"	unknown	5	LOC111102085	6.18251580357451
"unknown"	unknown	5	LOC111137294	0.968513990618031
"unknown"	unknown	5	LOC111104415	0.342547031064339
"unknown"	unknown	5	LOC111137807	-6.50580183870975
"unknown"	unknown	5	LOC111117746	-0.0230838538111546
"unknown"	unknown	5	LOC111101353	-0.174863625878422
"unknown"	unknown	5	LOC111123792	0.393839267165237
"unknown"	unknown	5	LOC111127985	-1.8476812854076
"unknown"	unknown	5	LOC111099679	-2.85245361778472
"unknown"	unknown	5	LOC111137893	1.17948298646771
"unknown"	unknown	5	LOC111117952	0.442887470794556
"unknown"	unknown	5	LOC111130384	-7.99156377177305
"unknown"	unknown	5	LOC111120642	-1.27497610822376
"unknown"	unknown	5	LOC111121162	0.303176316134486
"unknown"	unknown	5	LOC111102123	-0.222179965302987
"unknown"	unknown	5	LOC111137970	0.381676426555561
"unknown"	unknown	5	LOC111127775	0.00635152845566793
"unknown"	unknown	5	LOC111100018	0.992814827985142
"unknown"	unknown	5	LOC111135811	0.0390398339737252
"unknown"	unknown	5	LOC111124584	0.801075772540332
"unknown"	unknown	5	LOC111127585	-0.233396814423067
"unknown"	unknown	5	LOC111107599	3.37162856163275
"unknown"	unknown	5	LOC111131151	0.431012519000654
"unknown"	unknown	5	LOC111114936	0.105390380256495
"unknown"	unknown	5	LOC111112649	0.828834574066513
"unknown"	unknown	5	LOC111099161	0.806128707225969
"unknown"	unknown	5	LOC111131545	-0.170053988102204
"unknown"	unknown	5	LOC111106199	4.74816208325071
"unknown"	unknown	5	LOC111128652	-0.977588048149488
"unknown"	unknown	5	LOC111134874	2.14039924433597
"unknown"	unknown	5	LOC111103245	-0.263925595120682
"unknown"	unknown	5	LOC111107514	-0.232449631899507
"unknown"	unknown	5	LOC111100656	0.465323893386245
"unknown"	unknown	5	LOC111121360	-0.589453472750225
"unknown"	unknown	5	LOC111136418	-0.299645161270701
"unknown"	unknown	5	LOC111110719	0.103058023840812
"unknown"	unknown	5	LOC111135226	-0.492674952037226
"unknown"	unknown	5	LOC111112283	0.00856149886228783
"unknown"	unknown	5	LOC111126559	-0.275376158841592
"unknown"	unknown	5	LOC111109801	-0.0920578997951745
"unknown"	unknown	5	LOC111103997	-0.359129732563059
"unknown"	unknown	5	LOC111101877	-0.0424062534074106
"unknown"	unknown	5	LOC111106038	-0.750413437879328
"unknown"	unknown	5	LOC111137484	-0.120705279330263
"unknown"	unknown	5	LOC111118221	1.88594613570139
"unknown"	unknown	5	LOC111125498	-0.341607794633527
"unknown"	unknown	5	LOC111112895	0.109899384718111
"unknown"	unknown	5	LOC111099567	-0.0826852375953064
"unknown"	unknown	5	LOC111136768	-0.131722440825096
"unknown"	unknown	5	LOC111104812	-0.13805265052506
"unknown"	unknown	5	LOC111105684	-0.426435755390914
"unknown"	unknown	5	LOC111106647	1.08732131742584
"unknown"	unknown	5	LOC111126981	0.619375091905572
"unknown"	unknown	5	LOC111100676	-0.612406221158493
"unknown"	unknown	5	LOC111126597	-0.00789609815210333
"unknown"	unknown	5	LOC111132909	-0.457581149389765
"unknown"	unknown	5	LOC111132726	-1.28997912082403
"unknown"	unknown	5	LOC111133891	5.12132915118618
"unknown"	unknown	5	LOC111118426	0.223144598825205
"unknown"	unknown	5	LOC111100975	-0.415733382048626
"unknown"	unknown	5	LOC111121999	1.43047334650303
"unknown"	unknown	5	LOC111135351	0.792332110742349
"unknown"	unknown	5	LOC111116776	0.430683731692657
"unknown"	unknown	5	LOC111129429	-0.839881563803068
"unknown"	unknown	5	LOC111138505	-0.576425863917064
"unknown"	unknown	5	LOC111128539	0.258878939425174
"unknown"	unknown	5	LOC111108558	0.652028629331503
"unknown"	unknown	5	LOC111101130	-1.79366941021348
"unknown"	unknown	5	LOC111129817	0.936989573523629
"unknown"	unknown	5	LOC111132840	-0.600074300116964
"unknown"	unknown	5	LOC111108212	-0.336450662688445
"unknown"	unknown	5	LOC111099091	-0.236981742361825
"unknown"	unknown	5	LOC111117445	-0.543200191968744
"unknown"	unknown	5	LOC111121807	0.30471201419744
"unknown"	unknown	5	LOC111102891	-0.0876707511400962
"unknown"	unknown	5	LOC111126716	-0.111620913759439
"unknown"	unknown	5	LOC111103502	-4.28178958290994
"unknown"	unknown	5	LOC111104311	-0.100202839683122
"unknown"	unknown	5	LOC111132036	-1.53497151704701
"unknown"	unknown	5	LOC111107322	-0.177215931438852
"unknown"	unknown	5	LOC111110273	-0.519268332691162
"unknown"	unknown	5	LOC111108268	0.975008176539064
"unknown"	unknown	5	LOC111109103	-1.23914881992784
"unknown"	unknown	5	LOC111104594	0.963625467407092
"unknown"	unknown	5	LOC111104737	-3.55472320227173
"unknown"	unknown	5	LOC111118778	-1.21790787988514
"unknown"	unknown	5	LOC111132956	-0.493772245765975
"unknown"	unknown	5	LOC111113432	1.09483774133329
"unknown"	unknown	5	LOC111130501	0.598204198897065
"unknown"	unknown	5	LOC111102904	0.462944024671171
"unknown"	unknown	5	LOC111115953	0.438459693178969
"unknown"	unknown	5	LOC111105679	0.981888401216368
"unknown"	unknown	5	LOC111115419	-0.106167623525983
"unknown"	unknown	5	LOC111114752	-0.0344019046701267
"unknown"	unknown	5	LOC111114062	-8.53455660871728
"unknown"	unknown	5	LOC111118254	-0.507453190528103
"unknown"	unknown	5	LOC111113216	0.634461809876694
"unknown"	unknown	5	LOC111115136	-0.757317601131473
"unknown"	unknown	5	LOC111133493	3.08223895894328
"unknown"	unknown	5	LOC111133507	2.52909048707851
"unknown"	unknown	5	LOC111110574	-10.6862626480642
"unknown"	unknown	5	LOC111123821	-0.0593863669387534
"unknown"	unknown	5	LOC111135482	-0.773164700116375
"unknown"	unknown	5	LOC111118185	-0.157657406853905
"unknown"	unknown	5	LOC111126374	-1.16102738733351
"unknown"	unknown	5	LOC111120010	-0.245253357114143
"unknown"	unknown	5	LOC111133686	0.0938982159385843
"unknown"	unknown	5	LOC111105252	-0.682757314307938
"unknown"	unknown	5	LOC111117318	-2.03270779623954
"unknown"	unknown	5	LOC111113897	0.302719784059715
"unknown"	unknown	5	LOC111133363	-1.25355554798672
"unknown"	unknown	5	LOC111104747	-0.197438857245747
"unknown"	unknown	5	LOC111127427	-0.673924765925021
"unknown"	unknown	5	LOC111112476	1.52463005964871
"unknown"	unknown	5	LOC111126213	1.05302249174845
"unknown"	unknown	5	LOC111131375	-0.700555839803248
"unknown"	unknown	5	LOC111137091	4.09035361365799
"unknown"	unknown	5	LOC111133076	1.79577936343778
"unknown"	unknown	5	LOC111120514	0.376047759115857
"unknown"	unknown	5	LOC111127516	-0.879236280426833
"unknown"	unknown	5	LOC111126706	0.0997336327552931
"unknown"	unknown	5	LOC111110406	-0.322108174181355
"unknown"	unknown	5	LOC111100444	-1.6974613340097
"unknown"	unknown	5	LOC111112093	0.811555024850913
"unknown"	unknown	5	LOC111105241	3.41026411462749
"unknown"	unknown	5	LOC111125224	-0.0657723862705585
"unknown"	unknown	5	LOC111126916	1.67996719046698
"unknown"	unknown	5	LOC111112923	0.0384743337546538
"unknown"	unknown	5	LOC111134619	0.0315937368504889
"unknown"	unknown	5	LOC111114822	0.71140323280409
"unknown"	unknown	5	LOC111135330	-1.21033000878366
"unknown"	unknown	5	LOC111100137	-0.488333024126437
"unknown"	unknown	5	LOC111135785	-0.847653764317059
"unknown"	unknown	5	LOC111133238	1.61337787659302
"unknown"	unknown	5	LOC111106263	-0.00984879092702846
"unknown"	unknown	5	LOC111131235	2.07795090743415
"unknown"	unknown	5	LOC111106421	0.441412950255949
"unknown"	unknown	5	LOC111134005	0.112341613062787
"unknown"	unknown	5	LOC111108724	-1.10579575990898
"unknown"	unknown	5	LOC111123002	-0.07411264878308
"unknown"	unknown	5	LOC111108343	-0.2256732726096
"unknown"	unknown	5	LOC111132470	0.00145671655054118
"unknown"	unknown	5	LOC111137602	-0.614711282866171
"unknown"	unknown	5	LOC111127721	0.592087011230031
"unknown"	unknown	5	LOC111102422	-0.448757205953108
"unknown"	unknown	5	LOC111118470	0.55556144512812
"unknown"	unknown	5	LOC111119240	-4.8587731756947
"unknown"	unknown	5	LOC111126737	-0.667131339994006
"unknown"	unknown	5	LOC111114492	0.441728056342173
"unknown"	unknown	5	LOC111115374	0.52062901689585
"unknown"	unknown	5	LOC111136813	0.319210601360091
"unknown"	unknown	5	LOC111133735	-0.540268260104783
"unknown"	unknown	5	LOC111125052	-0.290449949207922
"unknown"	unknown	5	LOC111126395	0.246785804681226
"unknown"	unknown	5	LOC111131226	0.593383136545828
"unknown"	unknown	5	LOC111120617	-1.40045516256398
"unknown"	unknown	5	LOC111126139	0.560714497751701
"unknown"	unknown	5	LOC111101966	-0.674835434242964
"unknown"	unknown	5	LOC111109132	-0.823546088777843
"unknown"	unknown	5	LOC111104666	0.782339966624972
"unknown"	unknown	5	LOC111134610	0.139026142232512
"unknown"	unknown	5	LOC111110559	-0.281693867972981
"unknown"	unknown	5	LOC111123243	0.819436146710957
"unknown"	unknown	5	LOC111105435	0.16860944068231
"unknown"	unknown	5	LOC111107625	4.48506013585713
"unknown"	unknown	5	LOC111100352	-0.166550665328022
"unknown"	unknown	5	LOC111103176	-0.173224656627404
"unknown"	unknown	5	LOC111112169	-0.0208390833781311
"unknown"	unknown	5	LOC111104714	-2.35050932739685
"unknown"	unknown	5	LOC111113838	-0.188329920001011
"unknown"	unknown	5	LOC111103573	-0.0950096320306349
"unknown"	unknown	5	LOC111112178	0.00737949840753098
"unknown"	unknown	5	LOC111131141	-0.0608080670912618
"unknown"	unknown	5	LOC111132303	0.191138926040367
"unknown"	unknown	5	LOC111108587	-2.44683307532112
"unknown"	unknown	5	LOC111105693	0.170061824553465
"unknown"	unknown	5	LOC111114972	0.533182830131044
"unknown"	unknown	5	LOC111129586	0.345868078631457
"unknown"	unknown	5	LOC111110183	-0.531661850871413
"unknown"	unknown	5	LOC111113374	-0.18917763504123
"unknown"	unknown	5	LOC111128346	-0.0313382361830309
"unknown"	unknown	5	LOC111125122	-0.277051629952948
"unknown"	unknown	5	LOC111137497	0.410505699251596
"unknown"	unknown	5	LOC111136836	0.041179258218338
"unknown"	unknown	5	LOC111121219	0.0916640762071179
"unknown"	unknown	5	LOC111100448	0.847907561182846
"unknown"	unknown	5	LOC111131820	-0.158464411721563
"unknown"	unknown	5	LOC111133613	-0.783313288797919
"unknown"	unknown	5	LOC111100367	0.887193127985908
"unknown"	unknown	5	LOC111116196	0.481246642041969
"unknown"	unknown	5	LOC111118758	-1.04043303750531
"unknown"	unknown	5	LOC111117287	0.100136676468499
"unknown"	unknown	5	LOC111115707	0.806082211828011
"unknown"	unknown	5	LOC111119367	0.0844673190890131
"unknown"	unknown	5	LOC111116807	0.276659298913353
"unknown"	unknown	5	LOC111113271	0.0111478802206157
"unknown"	unknown	5	LOC111106822	-0.135128379132237
"unknown"	unknown	5	LOC111114780	0.786908655472153
"unknown"	unknown	5	LOC111134453	-0.218731640131088
"unknown"	unknown	5	LOC111136676	1.01049927230663
"unknown"	unknown	5	LOC111106225	1.48098584962169
"unknown"	unknown	5	LOC111131399	-1.1713094943477
"unknown"	unknown	5	LOC111124643	-1.05478100591824
"unknown"	unknown	5	LOC111118146	-0.421219010216239
"unknown"	unknown	5	LOC111106441	0.420827954760275
"unknown"	unknown	5	LOC111132824	-0.251015857259626
"unknown"	unknown	5	LOC111133813	-0.748252530672448
"unknown"	unknown	5	LOC111119486	1.0516322248495
"unknown"	unknown	5	LOC111106190	-0.621310454397745
"unknown"	unknown	5	LOC111116100	-0.762573066177444
"unknown"	unknown	5	LOC111116349	-0.345754815350654
"unknown"	unknown	5	LOC111109470	-0.677555112294845
"unknown"	unknown	5	LOC111136869	0.104307486585438
"unknown"	unknown	5	LOC111128247	-1.94667007740622
"unknown"	unknown	5	LOC111107343	-0.559495286639389
"unknown"	unknown	5	LOC111103146	0.442444750445471
"unknown"	unknown	5	LOC111129118	0.351228744412937
"unknown"	unknown	5	LOC111132921	-0.575545321126124
"unknown"	unknown	5	LOC111109954	0.140249300161335
"unknown"	unknown	5	LOC111128278	1.31874143666393
"unknown"	unknown	5	LOC111104428	0.940237778362208
"unknown"	unknown	5	LOC111135804	-8.92355632964484
"unknown"	unknown	5	LOC111119103	0.882189192848362
"unknown"	unknown	5	LOC111118844	-0.497528152514634
"unknown"	unknown	5	LOC111111264	0.395007835578381
"unknown"	unknown	5	LOC111116160	-0.332586827479707
"unknown"	unknown	5	LOC111120708	20.3834357768475
"unknown"	unknown	5	LOC111113208	3.05311317627076
"unknown"	unknown	5	LOC111133808	-0.064450321426128
"unknown"	unknown	5	LOC111106824	0.859646575894043
"unknown"	unknown	5	LOC111111853	-0.665652732404276
"unknown"	unknown	5	LOC111123760	0.389213007725691
"unknown"	unknown	5	LOC111130943	-0.760167856634014
"unknown"	unknown	5	LOC111135885	-2.16837513703215
"unknown"	unknown	5	LOC111134268	-0.363782100778035
"unknown"	unknown	5	LOC111102479	0.518592201543098
"unknown"	unknown	5	LOC111133639	0.178382996349796
"unknown"	unknown	5	LOC111119034	-0.700653306634614
"unknown"	unknown	5	LOC111103459	0.455328241433565
"unknown"	unknown	5	LOC111100817	-0.0548694428852045
"unknown"	unknown	5	LOC111127088	-0.0688573546124507
"unknown"	unknown	5	LOC111121755	1.60978763935026
"unknown"	unknown	5	LOC111138410	-0.45375321850524
"unknown"	unknown	5	LOC111112089	0.122933054930186
"unknown"	unknown	5	LOC111120621	-0.378743757968902
"unknown"	unknown	5	LOC111138020	-1.21821455337566
"unknown"	unknown	5	LOC111131210	1.299595611064
"unknown"	unknown	5	LOC111116043	-0.450781927078406
"unknown"	unknown	5	LOC111122252	0.0942441630088345
"unknown"	unknown	5	LOC111138434	-0.0167753823416119
"unknown"	unknown	5	LOC111108475	0.299821202357765
"unknown"	unknown	5	LOC111120689	0.155936564006973
"unknown"	unknown	5	LOC111102001	1.71096328399852
"unknown"	unknown	5	LOC111112952	0.305945972972675
"unknown"	unknown	5	LOC111118768	0.295989896753043
"unknown"	unknown	5	LOC111127662	0.00889365897174588
"unknown"	unknown	5	LOC111117323	-0.0343840624141276
"unknown"	unknown	5	LOC111106964	0.0118471533148011
"unknown"	unknown	5	LOC111123708	0.627957227341866
"unknown"	unknown	5	LOC111135612	0.390719052871783
"unknown"	unknown	5	LOC111113997	-0.48044884818526
"unknown"	unknown	5	LOC111130761	-0.805769890413238
"unknown"	unknown	5	LOC111111802	-0.221006568631585
"unknown"	unknown	5	LOC111113349	-0.252263845941945
"unknown"	unknown	5	LOC111099802	1.43773649483127
"unknown"	unknown	5	LOC111125114	0.324097674411117
"unknown"	unknown	5	LOC111112592	-0.564647812622643
"unknown"	unknown	5	LOC111136752	-0.731843842362043
"unknown"	unknown	5	LOC111106236	0.357403119150382
"unknown"	unknown	5	LOC111099196	0.392252819886702
"unknown"	unknown	5	LOC111118432	0.196652095210966
"unknown"	unknown	5	LOC111120697	0.131974200397404
"unknown"	unknown	5	LOC111115822	-0.341690290863227
"unknown"	unknown	5	LOC111114308	-0.748540457249141
"unknown"	unknown	5	LOC111132179	1.8595781198533
"unknown"	unknown	5	LOC111136779	0.93339791341181
"unknown"	unknown	5	LOC111124907	0.367637588821963
"unknown"	unknown	5	LOC111136010	-1.19047896136005
"unknown"	unknown	5	LOC111126020	-0.371272490544994
"unknown"	unknown	5	LOC111126605	0.308539404811955
"unknown"	unknown	5	LOC111118430	2.03756489270652
"unknown"	unknown	5	LOC111107039	-0.373069244569762
"unknown"	unknown	5	LOC111127357	0.00741819610059231
"unknown"	unknown	5	LOC111125838	0.0836318046409465
"unknown"	unknown	5	LOC111105539	-0.0696006787754842
"unknown"	unknown	5	LOC111102967	-0.994106476007191
"unknown"	unknown	5	LOC111110011	0.643206853519635
"unknown"	unknown	5	LOC111106904	0.905992912148469
"unknown"	unknown	5	LOC111135206	-0.67684058490015
"unknown"	unknown	5	LOC111120104	-0.144185340290502
"unknown"	unknown	5	LOC111115255	-0.468053486148142
"unknown"	unknown	5	LOC111127954	0.0498250564683842
"unknown"	unknown	5	LOC111121122	1.13888430388226
"unknown"	unknown	5	LOC111101319	0.012936887945162
"unknown"	unknown	5	LOC111110961	-0.305113045961202
"unknown"	unknown	5	LOC111123337	-0.852041489916986
"unknown"	unknown	5	LOC111137304	5.91071040776014
"unknown"	unknown	5	LOC111119754	-1.38570926281762
"unknown"	unknown	5	LOC111099648	0.891841571757781
"unknown"	unknown	5	LOC111123861	1.97837666003297
"unknown"	unknown	5	LOC111131291	0.0756699569777304
"unknown"	unknown	5	LOC111111316	-0.00561334511159087
"unknown"	unknown	5	LOC111115619	0.0482336060916385
"unknown"	unknown	5	LOC111127173	0.294603381515531
"unknown"	unknown	5	LOC111116201	-0.638441316980392
"unknown"	unknown	5	LOC111119222	0.207747758392077
"unknown"	unknown	5	LOC111127864	-0.101043823125002
"unknown"	unknown	5	LOC111130031	-0.795988613893861
"unknown"	unknown	5	LOC111133395	-0.0981226701088136
"unknown"	unknown	5	LOC111100815	0.300480771525497
"unknown"	unknown	5	LOC111116361	-0.0391984485620071
"unknown"	unknown	5	LOC111133298	-0.458094475335083
"unknown"	unknown	5	LOC111121434	0.378326619876586
"unknown"	unknown	5	LOC111102651	0.230051181101701
"unknown"	unknown	5	LOC111114184	0.239731772691654
"unknown"	unknown	5	LOC111131571	0.282040799364113
"unknown"	unknown	5	LOC111134783	3.10982797238769
"unknown"	unknown	5	LOC111135294	0.10382093093119
"unknown"	unknown	5	LOC111102417	-0.723992110057238
"unknown"	unknown	5	LOC111103164	-0.206788339621609
"unknown"	unknown	5	LOC111130605	0.140253634072366
"unknown"	unknown	5	LOC111119042	1.16238871374895
"unknown"	unknown	5	LOC111099131	0.80334538494645
"unknown"	unknown	5	LOC111128795	-1.21376641455863
"unknown"	unknown	5	LOC111121587	0.529282676060498
"unknown"	unknown	5	LOC111129256	0.856378513032694
"unknown"	unknown	5	LOC111127365	-0.401582353971772
"unknown"	unknown	5	LOC111107276	0.259144750635919
"unknown"	unknown	5	LOC111110414	1.54479793709195
"unknown"	unknown	5	LOC111133971	0.0633348779364294
"unknown"	unknown	5	LOC111104001	0.406843247816502
"unknown"	unknown	5	LOC111121228	3.65069347937764
"unknown"	unknown	5	LOC111135632	0.646028288551638
"unknown"	unknown	5	LOC111123989	-0.224529346912942
"unknown"	unknown	5	LOC111137605	0.289953063899245
"unknown"	unknown	5	LOC111114643	0.395957755132599
"unknown"	unknown	5	LOC111101240	0.19226791366663
"unknown"	unknown	5	LOC111101377	-0.13079865879025
"unknown"	unknown	5	LOC111121299	-0.280638235416894
"unknown"	unknown	5	LOC111135277	-0.778420629992021
"unknown"	unknown	5	LOC111131518	0.352071655784289
"unknown"	unknown	5	LOC111110343	0.886357156993861
"unknown"	unknown	5	LOC111137145	2.98007342099825
"unknown"	unknown	5	LOC111133124	0.271614303054428
"unknown"	unknown	5	LOC111126223	-0.327261042867254
"unknown"	unknown	5	LOC111102960	-0.382239077673589
"unknown"	unknown	5	LOC111132171	0.177357071857076
"unknown"	unknown	5	LOC111111547	-0.128288318926951
"unknown"	unknown	5	LOC111113176	0.275026734875721
"unknown"	unknown	5	LOC111137665	-0.0144556199537612
"unknown"	unknown	5	LOC111101052	-0.722822787020681
"unknown"	unknown	5	LOC111104979	-0.317396528505205
"unknown"	unknown	5	LOC111111123	0.449526766026871
"unknown"	unknown	5	LOC111119649	-0.152743572989317
"unknown"	unknown	5	LOC111127334	-0.130841327857717
"unknown"	unknown	5	LOC111115920	0.370696394885084
"unknown"	unknown	5	LOC111136220	-0.0608844768918246
"unknown"	unknown	5	LOC111114687	-0.112846190306783
"unknown"	unknown	5	LOC111118341	0.773622871424584
"unknown"	unknown	5	LOC111106052	-0.23374245190172
"unknown"	unknown	5	LOC111112558	-0.277018254615752
"unknown"	unknown	5	LOC111110804	0.0939534816260179
"unknown"	unknown	5	LOC111136287	0.0497971131717253
"unknown"	unknown	5	LOC111104385	0.00652766109703676
"unknown"	unknown	5	LOC111123878	1.66423389873413
"unknown"	unknown	5	LOC111137617	-0.769656530109028
"unknown"	unknown	5	LOC111117659	-0.153981183585645
"unknown"	unknown	5	LOC111124651	1.16054686963554
"unknown"	unknown	5	LOC111109372	0.116128811252814
"unknown"	unknown	5	LOC111117074	-1.32905926346195
"unknown"	unknown	5	LOC111133770	0.171748297995623
"unknown"	unknown	5	LOC111099626	0.026670713055053
"unknown"	unknown	5	LOC111116596	0.210632528509169
"unknown"	unknown	5	LOC111110447	0.239722566566232
"unknown"	unknown	5	LOC111135093	-0.415845538707189
"unknown"	unknown	5	LOC111109129	1.04491016841245
"unknown"	unknown	5	LOC111130982	-0.47026570471591
"unknown"	unknown	5	LOC111118207	0.680832793096879
"unknown"	unknown	5	LOC111121597	0.0543780223307712
"unknown"	unknown	5	LOC111135474	0.0532337074903319
"unknown"	unknown	5	LOC111137039	0.0227687721749446
"unknown"	unknown	5	LOC111122123	-0.426408387648047
"unknown"	unknown	5	LOC111106257	-0.534683689211141
"unknown"	unknown	5	LOC111111470	1.00292103212513
"unknown"	unknown	5	LOC111113348	-1.14782991436855
"unknown"	unknown	5	LOC111115526	-0.8930155705439
"unknown"	unknown	5	LOC111136279	-1.31265507554112
"unknown"	unknown	5	LOC111116864	-0.441445124832237
"unknown"	unknown	5	LOC111116363	0.902712283800251
"unknown"	unknown	5	LOC111132914	0.431520324020809
"unknown"	unknown	5	LOC111109594	-0.265266258343456
"unknown"	unknown	5	LOC111137061	0.673592851365598
"unknown"	unknown	5	LOC111137146	1.3950634754926
"unknown"	unknown	5	LOC111109424	-0.0861502956360545
"unknown"	unknown	5	LOC111109352	0.299668432486067
"unknown"	unknown	5	LOC111111229	-0.254697556143933
"unknown"	unknown	5	LOC111135207	-0.702569458663584
"unknown"	unknown	5	LOC111111070	0.302158935838305
"unknown"	unknown	5	LOC111126982	-0.957544725176464
"unknown"	unknown	5	LOC111123881	-0.280657718959645
"unknown"	unknown	5	LOC111130518	-1.33528679185042
"unknown"	unknown	5	LOC111116218	-1.07512726710483
"unknown"	unknown	5	LOC111132806	-0.856652252596911
"unknown"	unknown	5	LOC111133589	0.510624746689673
"unknown"	unknown	5	LOC111137387	-3.89563769908215
"unknown"	unknown	5	LOC111104620	0.120061480173902
"unknown"	unknown	5	LOC111112614	-1.50943664201768
"unknown"	unknown	5	LOC111114020	0.377214426042841
"unknown"	unknown	5	LOC111110552	0.191374438022584
"unknown"	unknown	5	LOC111110954	-0.700564951208809
"unknown"	unknown	5	LOC111121168	-3.23649591090446
"unknown"	unknown	5	LOC111126150	1.30946033228164
"unknown"	unknown	5	LOC111099133	-0.169883027631451
"unknown"	unknown	5	LOC111133205	-1.02131774132795
"unknown"	unknown	5	LOC111115342	-1.81524259952709
"unknown"	unknown	5	LOC111109391	0.211865464416746
"unknown"	unknown	5	LOC111138307	1.27277318038281
"unknown"	unknown	5	LOC111131748	-0.152276670242894
"unknown"	unknown	5	LOC111110477	-0.632514524513963
"unknown"	unknown	5	LOC111127473	0.59809170745209
"unknown"	unknown	5	LOC111121825	-0.116792973008609
"unknown"	unknown	5	LOC111123410	1.0924029639055
"unknown"	unknown	5	LOC111105266	0.0855083272368956
"unknown"	unknown	5	LOC111132853	0.00570689918776396
"unknown"	unknown	5	LOC111114102	2.99537295867528
"unknown"	unknown	5	LOC111133450	-0.200325719936791
"unknown"	unknown	5	LOC111134784	-0.424293460806824
"unknown"	unknown	5	LOC111131682	1.29285250399433
"unknown"	unknown	5	LOC111111706	0.196301094159356
"unknown"	unknown	5	LOC111116819	0.313313073483612
"unknown"	unknown	5	LOC111137678	-0.605056066604416
"unknown"	unknown	5	LOC111132155	0.597851027540933
"unknown"	unknown	5	LOC111137013	0.0815007290770448
"unknown"	unknown	5	LOC111130131	-1.53948145735993
"unknown"	unknown	5	LOC111110178	-0.89595667780166
"unknown"	unknown	5	LOC111099194	2.33961464652981
"unknown"	unknown	5	LOC111137586	0.774415146236257
"unknown"	unknown	5	LOC111128942	1.04601455715555
"unknown"	unknown	5	LOC111132099	-0.042610927232327
"unknown"	unknown	5	LOC111111368	0.244609702994251
"unknown"	unknown	5	LOC111137459	0.36066753408623
"unknown"	unknown	5	LOC111117670	-0.504951798331094
"unknown"	unknown	5	LOC111120459	-0.703220530916325
"unknown"	unknown	5	LOC111124025	0.0326107692810303
"unknown"	unknown	5	LOC111115060	-0.456122006521191
"unknown"	unknown	5	LOC111130173	-0.976401861635881
"unknown"	unknown	5	LOC111123013	-0.190111464771932
"unknown"	unknown	5	LOC111101595	0.352942665054812
"unknown"	unknown	5	LOC111124902	1.8793688270831
"unknown"	unknown	5	LOC111110859	2.20824597778907
"unknown"	unknown	5	LOC111128374	-2.18763157736658
"unknown"	unknown	5	LOC111113905	-0.0625524426019327
"unknown"	unknown	5	LOC111108171	0.0465966039411588
"unknown"	unknown	5	LOC111133767	-0.518041802047576
"unknown"	unknown	5	LOC111101037	-1.18562968412922
"unknown"	unknown	5	LOC111107117	-2.34500290665814
"unknown"	unknown	5	LOC111104860	-1.07869564921069
"unknown"	unknown	5	LOC111138318	-0.102796219714034
"unknown"	unknown	5	LOC111109613	-6.23966454922356
"unknown"	unknown	5	LOC111106734	-1.65919539723899
"unknown"	unknown	5	LOC111114943	0.0498461506436023
"unknown"	unknown	5	LOC111137303	0.0977584747670436
"unknown"	unknown	5	LOC111126720	0.201802069089885
"unknown"	unknown	5	LOC111115628	-0.540361617017324
"unknown"	unknown	5	LOC111111239	-0.162959405272372
"unknown"	unknown	5	LOC111122951	0.983006273291153
"unknown"	unknown	5	LOC111115181	0.670409225695448
"unknown"	unknown	5	LOC111126429	0.0379041590323463
"unknown"	unknown	5	LOC111101217	0.328854828766433
"unknown"	unknown	5	LOC111137982	-0.596788258817397
"unknown"	unknown	5	LOC111127350	0.548548177541537
"unknown"	unknown	5	LOC111108062	0.851341082453682
"unknown"	unknown	5	LOC111132071	0.158259435135458
"unknown"	unknown	5	LOC111125268	0.887899379130101
"unknown"	unknown	5	LOC111115499	0.989855332874231
"unknown"	unknown	5	LOC111121132	-0.446420683084016
"unknown"	unknown	5	LOC111128017	-0.201691933308499
"unknown"	unknown	5	LOC111138163	-0.336409331270079
"unknown"	unknown	5	LOC111136758	-0.982970056368805
"unknown"	unknown	5	LOC111114540	1.10849561151274
"unknown"	unknown	5	LOC111135633	-1.30207922632369
"unknown"	unknown	5	LOC111126636	1.1534238092447
"unknown"	unknown	5	LOC111103071	0.463564981694952
"unknown"	unknown	5	LOC111133582	-0.31104557388584
"unknown"	unknown	5	LOC111113921	0.651320030812209
"unknown"	unknown	5	LOC111135099	0.548520380890862
"unknown"	unknown	5	LOC111121878	0.380347327367057
"unknown"	unknown	5	LOC111132520	1.49754166966343
"unknown"	unknown	5	LOC111099145	-1.92564392997866
"unknown"	unknown	5	LOC111106463	-0.530421277027067
"unknown"	unknown	5	LOC111132991	-0.669452480374168
"unknown"	unknown	5	LOC111107868	0.191954707154831
"unknown"	unknown	5	LOC111100971	0.504172282890903
"unknown"	unknown	5	LOC111138335	0.254146553377538
"unknown"	unknown	5	LOC111102946	4.24799774210551
"unknown"	unknown	5	LOC111118891	0.671991558557331
"unknown"	unknown	5	LOC111117459	0.527153080193714
"unknown"	unknown	5	LOC111122640	-0.294403304891483
"unknown"	unknown	5	LOC111125934	1.24514841040257
"unknown"	unknown	5	LOC111116973	-0.61475497549532
"unknown"	unknown	5	LOC111129111	-0.0372948419025831
"unknown"	unknown	5	LOC111116024	-2.117341305782
"unknown"	unknown	5	LOC111133324	2.0705335894111
"unknown"	unknown	5	LOC111123289	-0.129078392298115
"unknown"	unknown	5	LOC111133728	-0.427724615627006
"unknown"	unknown	5	LOC111136341	1.1077088449682
"unknown"	unknown	5	LOC111125747	-0.725742973552622
"unknown"	unknown	5	LOC111133243	-0.694524127427101
"unknown"	unknown	5	LOC111136965	-1.42697662115713
"unknown"	unknown	5	LOC111137876	-0.492623719334639
"unknown"	unknown	5	LOC111136746	0.800409329056651
"unknown"	unknown	5	LOC111137910	-0.458497870920857
"unknown"	unknown	5	LOC111100634	0.545016457731557
"unknown"	unknown	5	LOC111117892	-0.309067269897444
"unknown"	unknown	5	LOC111103002	1.023639414746
"unknown"	unknown	5	LOC111104082	0.876350967937271
"unknown"	unknown	5	LOC111112231	0.408696480377489
"unknown"	unknown	5	LOC111132293	-0.074600297503151
"unknown"	unknown	5	LOC111128144	-0.436557924248943
"unknown"	unknown	5	LOC111132933	0.845949698105399
"unknown"	unknown	5	LOC111123272	0.322882411637528
"unknown"	unknown	5	LOC111131596	-5.71599311481327
"unknown"	unknown	5	LOC111134549	0.0976558586897137
"unknown"	unknown	5	LOC111101902	0.426995639421464
"unknown"	unknown	5	LOC111126585	0.28230130326561
"unknown"	unknown	5	LOC111138278	0.137357521544159
"unknown"	unknown	5	LOC111120905	-0.182118865339677
"unknown"	unknown	5	LOC111117282	-0.161883729984465
"unknown"	unknown	5	LOC111118726	-0.0340130417489338
"unknown"	unknown	5	LOC111136061	2.7172134308137
"unknown"	unknown	5	LOC111111263	0.974148178974231
"unknown"	unknown	5	LOC111102262	0.371232090162476
"unknown"	unknown	5	LOC111127540	-1.00366945012162
"unknown"	unknown	5	LOC111114885	-0.493798740154353
"unknown"	unknown	5	LOC111122901	-0.46252375840235
"unknown"	unknown	5	LOC111103530	0.254754008982689
"unknown"	unknown	5	LOC111124556	0.309154833704926
"unknown"	unknown	5	LOC111109623	3.38349544663511
"unknown"	unknown	5	LOC111137733	0.14556639489185
"unknown"	unknown	5	LOC111106474	-0.0749717575417077
"unknown"	unknown	5	LOC111126156	-0.13665058404984
"unknown"	unknown	5	LOC111130720	0.69372867365536
"unknown"	unknown	5	LOC111127392	0.44357511015928
"unknown"	unknown	5	LOC111117363	-0.254432010414942
"unknown"	unknown	5	LOC111126574	1.0859948061591
"unknown"	unknown	5	LOC111126350	-2.68744140884901
"unknown"	unknown	5	LOC111127788	-0.611077390091614
"unknown"	unknown	5	LOC111128228	-0.381315831010606
"unknown"	unknown	5	LOC111107423	-0.359774267902462
"unknown"	unknown	5	LOC111117713	0.0532642525012225
"unknown"	unknown	5	LOC111129340	-0.343866535294605
"unknown"	unknown	5	LOC111118873	0.216711940540857
"unknown"	unknown	5	LOC111128855	-2.76675337820345
"unknown"	unknown	5	LOC111100400	0.16088996943031
"unknown"	unknown	5	LOC111124618	-2.45634313865139
"unknown"	unknown	5	LOC111130936	0.316158996060029
"unknown"	unknown	5	LOC111121333	0.53196736258019
"unknown"	unknown	5	LOC111129374	1.57224799803053
"unknown"	unknown	5	LOC111102258	0.130365103875623
"unknown"	unknown	5	LOC111131839	1.48626641576635
"unknown"	unknown	5	LOC111137905	0.042715908121834
"unknown"	unknown	5	LOC111118938	-0.871022779028414
"unknown"	unknown	5	LOC111101873	-0.502312132989539
"unknown"	unknown	5	LOC111108235	1.36969869547868
"unknown"	unknown	5	LOC111128986	-4.91407061169403
"unknown"	unknown	5	LOC111133618	0.734538576553593
"unknown"	unknown	5	LOC111133442	-0.606850400587747
"unknown"	unknown	5	LOC111134815	0.196236583518356
"unknown"	unknown	5	LOC111100373	0.358377382608914
"unknown"	unknown	5	LOC111114529	-0.498313837877485
"unknown"	unknown	5	LOC111130791	-0.772628504431223
"unknown"	unknown	5	LOC111103028	-0.0135440054482654
"unknown"	unknown	5	LOC111105131	-0.122454500715812
"unknown"	unknown	5	LOC111099878	0.930981041661836
"unknown"	unknown	5	LOC111104429	-0.301112773403757
"unknown"	unknown	5	LOC111132180	0.872306803898971
"unknown"	unknown	5	LOC111103644	0.0815481846987371
"unknown"	unknown	5	LOC111124349	0.0939134604497735
"unknown"	unknown	5	LOC111101502	0.0670571221128371
"unknown"	unknown	5	LOC111130314	0.614672114437862
"unknown"	unknown	5	LOC111125192	0.336326149426455
"unknown"	unknown	5	LOC111122579	1.21986139630083
"unknown"	unknown	5	LOC111122363	0.223895328964612
"unknown"	unknown	5	LOC111109186	-0.133034551098505
"unknown"	unknown	5	LOC111128426	0.0957970750009015
"unknown"	unknown	5	LOC111120848	0.209930009439427
"unknown"	unknown	5	LOC111114977	3.64487039377381
"unknown"	unknown	5	LOC111117292	-0.613471796897486
"unknown"	unknown	5	LOC111123531	0.0814599020598053
"unknown"	unknown	5	LOC111138405	0.771548857138285
"unknown"	unknown	5	LOC111105969	0.203418607225889
"unknown"	unknown	5	LOC111121519	-0.845537983799977
"unknown"	unknown	5	LOC111114403	0.370986355908324
"unknown"	unknown	5	LOC111128113	-2.60989759540687
"unknown"	unknown	5	LOC111113403	0.322570401195637
"unknown"	unknown	5	LOC111114866	-2.35851903524654
"unknown"	unknown	5	LOC111122189	0.494095139133126
"unknown"	unknown	5	LOC111107859	0.0306494865131756
"unknown"	unknown	5	LOC111107326	0.319327701235414
"unknown"	unknown	5	LOC111100227	0.445971337075189
"unknown"	unknown	5	LOC111128106	0.209796707440658
"unknown"	unknown	5	LOC111127424	-0.544976736875469
"unknown"	unknown	5	LOC111103720	-0.505679235626956
"unknown"	unknown	5	LOC111123690	-0.0880272460083325
"unknown"	unknown	5	LOC111111098	0.17956221251845
"unknown"	unknown	5	LOC111099095	-0.333417636352173
"unknown"	unknown	5	LOC111136553	0.327684646478984
"unknown"	unknown	5	LOC111131066	0.14799178754242
"unknown"	unknown	5	LOC111100719	0.261204526587003
"unknown"	unknown	5	LOC111119499	0.35251208279215
"unknown"	unknown	5	LOC111130097	1.90570948547891
"unknown"	unknown	5	LOC111100786	5.7314854423497
"unknown"	unknown	5	LOC111135317	-0.778919489436226
"unknown"	unknown	5	LOC111130451	0.883283223970799
"unknown"	unknown	5	LOC111100049	0.226034896403212
"unknown"	unknown	5	LOC111123006	-0.495864847350414
"unknown"	unknown	5	LOC111113829	-0.671216122242779
"unknown"	unknown	5	LOC111110402	0.0939194136655127
"unknown"	unknown	5	LOC111114332	-0.976857748085604
"unknown"	unknown	5	LOC111100132	2.12865377663599
"unknown"	unknown	5	LOC111135014	0.194255759373857
"unknown"	unknown	5	LOC111128160	-1.10289573915655
"unknown"	unknown	5	LOC111101691	-1.51162422422211
"unknown"	unknown	5	LOC111137159	6.75384402474988
"unknown"	unknown	5	LOC111121958	-0.496243797597896
"unknown"	unknown	5	LOC111116898	0.634721929529202
"unknown"	unknown	5	LOC111123172	0.382270263431958
"unknown"	unknown	5	LOC111100501	1.03012963760452
"unknown"	unknown	5	LOC111133365	0.44567703205632
"unknown"	unknown	5	LOC111136187	-0.0344418085703237
"unknown"	unknown	5	LOC111126232	0.175286626838683
"unknown"	unknown	5	LOC111107487	0.735235645585866
"unknown"	unknown	5	LOC111137444	-1.27355410779554
"unknown"	unknown	5	LOC111123936	-3.99156204270636
"unknown"	unknown	5	LOC111129042	0.367999626719076
"unknown"	unknown	5	LOC111102616	-0.118796889010857
"unknown"	unknown	5	LOC111137095	0.322123099104103
"unknown"	unknown	5	LOC111111961	-0.781336955325452
"unknown"	unknown	5	LOC111120095	0.118591109161648
"unknown"	unknown	5	LOC111115052	1.13455880646904
"unknown"	unknown	5	LOC111116629	-1.40948822788776
"unknown"	unknown	5	LOC111123538	0.064125648221987
"unknown"	unknown	5	LOC111116713	-0.350425634792787
"unknown"	unknown	5	LOC111104551	-1.23197812149441
"unknown"	unknown	5	LOC111104820	5.24994727063761
"unknown"	unknown	5	LOC111124224	0.714451797209221
"unknown"	unknown	5	LOC111133080	-0.907086280864245
"unknown"	unknown	5	LOC111123828	0.0508714709841342
"unknown"	unknown	5	LOC111106632	-0.24010197271588
"unknown"	unknown	5	LOC111113554	-1.98939022372268
"unknown"	unknown	5	LOC111122990	0.1646858040217
"unknown"	unknown	5	LOC111099459	-0.305100416266386
"unknown"	unknown	5	LOC111133481	0.328764823371573
"unknown"	unknown	5	LOC111116358	0.359972829128649
"unknown"	unknown	5	LOC111118836	1.14732233344111
"unknown"	unknown	5	LOC111107748	0.805198790504464
"unknown"	unknown	5	LOC111106036	0.711703780085329
"unknown"	unknown	5	LOC111123454	0.625781808337982
"unknown"	unknown	5	LOC111100915	0.298417212765538
"unknown"	unknown	5	LOC111100647	1.94587730259076
"unknown"	unknown	5	LOC111133549	0.367256040378608
"unknown"	unknown	5	LOC111135808	0.784155180008163
"unknown"	unknown	5	LOC111109396	0.140218411046399
"unknown"	unknown	5	LOC111119692	-0.0956224524770743
"unknown"	unknown	5	LOC111137598	0.230310069242163
"unknown"	unknown	5	LOC111124486	-2.56564173744894
"unknown"	unknown	5	LOC111110164	-0.416582760313973
"unknown"	unknown	5	LOC111137706	1.21551046019473
"unknown"	unknown	5	LOC111112094	-0.31950554288778
"unknown"	unknown	5	LOC111133023	2.75506205993475
"unknown"	unknown	5	LOC111125111	-0.0260440436891973
"unknown"	unknown	5	LOC111105406	-2.05923744337427
"unknown"	unknown	5	LOC111112877	-1.11284006018759
"unknown"	unknown	5	LOC111138129	0.242328811049829
"unknown"	unknown	5	LOC111137342	-0.198612584132797
"unknown"	unknown	5	LOC111136276	0.0380205956707005
"unknown"	unknown	5	LOC111102781	-0.1183115450276
"unknown"	unknown	5	LOC111108914	0.229403229767603
"unknown"	unknown	5	LOC111110470	-0.599244374593386
"unknown"	unknown	5	LOC111123956	-0.866673746888069
"unknown"	unknown	5	LOC111129879	1.0727541679114
"unknown"	unknown	5	LOC111108568	-0.098160474510409
"unknown"	unknown	5	LOC111114938	0.0981873515110514
"unknown"	unknown	5	LOC111105826	0.473632364883009
"unknown"	unknown	5	LOC111114442	0.106130848273134
"unknown"	unknown	5	LOC111131579	0.311374793702224
"unknown"	unknown	5	LOC111108395	-1.29764333438849
"unknown"	unknown	5	LOC111137532	-0.45854756988948
"unknown"	unknown	5	LOC111126093	-0.555875237580384
"unknown"	unknown	5	LOC111128535	-1.04558817383222
"unknown"	unknown	5	LOC111116598	-0.0355893863763257
"unknown"	unknown	5	LOC111104268	0.0771141904389998
"unknown"	unknown	5	LOC111116234	-0.246860047060417
"unknown"	unknown	5	LOC111104041	-2.25473542765116
"unknown"	unknown	5	LOC111128813	0.393181934885789
"unknown"	unknown	5	LOC111102399	0.826972493497783
"unknown"	unknown	5	LOC111136680	0.108590499103691
"unknown"	unknown	5	LOC111106411	0.0498280151941793
"unknown"	unknown	5	LOC111103549	-0.184709025269818
"unknown"	unknown	5	LOC111122707	1.36982039252005
"unknown"	unknown	5	LOC111127091	1.49609886175264
"unknown"	unknown	5	LOC111106051	-1.41618986067654
"unknown"	unknown	5	LOC111118256	-1.63178485049132
"unknown"	unknown	5	LOC111134911	1.13403129017479
"unknown"	unknown	5	LOC111121407	-1.81280535587858
"unknown"	unknown	5	LOC111126910	0.052608404467812
"unknown"	unknown	5	LOC111121673	-1.33563002488598
"unknown"	unknown	5	LOC111134975	2.84812681375307
"unknown"	unknown	5	LOC111118895	-1.24502094182368
"unknown"	unknown	5	LOC111138176	0.624717643810035
"unknown"	unknown	5	LOC111127846	-4.57510491060447
"unknown"	unknown	5	LOC111116855	1.09771487967745
"unknown"	unknown	5	LOC111120302	-0.129173419728234
"unknown"	unknown	5	LOC111137844	1.51931613532558
"unknown"	unknown	5	LOC111127899	-0.22772484342883
"unknown"	unknown	5	LOC111110571	-0.310970518548711
"unknown"	unknown	5	LOC111130446	0.163891655424592
"unknown"	unknown	5	LOC111112299	0.0445296256886222
"unknown"	unknown	5	LOC111133614	-0.224329674143021
"unknown"	unknown	5	LOC111130795	-0.081790823711342
"unknown"	unknown	5	LOC111118750	1.05729723554338
"unknown"	unknown	5	LOC111132453	-0.458918394220894
"unknown"	unknown	5	LOC111120516	0.261207457197772
"unknown"	unknown	5	LOC111122793	0.0488983631677317
"unknown"	unknown	5	LOC111106376	0.45632107733866
"unknown"	unknown	5	LOC111117973	-0.777957289232291
"unknown"	unknown	5	LOC111107952	-0.470667937526618
"unknown"	unknown	5	LOC111127042	0.674616059967029
"unknown"	unknown	5	LOC111102413	0.255253516969224
"unknown"	unknown	5	LOC111102737	-0.443937128284042
"unknown"	unknown	5	LOC111118721	0.0644153172136836
"unknown"	unknown	5	LOC111105788	-0.674674262895611
"unknown"	unknown	5	LOC111114759	-0.171307926147414
"unknown"	unknown	5	LOC111135712	-0.0198076193915519
"unknown"	unknown	5	LOC111129729	0.693539298990019
"unknown"	unknown	5	LOC111136881	-0.108079671262668
"unknown"	unknown	5	LOC111130216	-1.01307590737529
"unknown"	unknown	5	LOC111106797	1.07299655353305
"unknown"	unknown	5	LOC111122837	1.61865810529722
"unknown"	unknown	5	LOC111105240	-0.290686576215923
"unknown"	unknown	5	LOC111110823	-7.87648382986404
"unknown"	unknown	5	LOC111108488	0.179688948429316
"unknown"	unknown	5	LOC111099880	-0.65320486439915
"unknown"	unknown	5	LOC111130340	3.80417678122054
"unknown"	unknown	5	LOC111105961	0.0976160411410254
"unknown"	unknown	5	LOC111134330	-0.325907249124089
"unknown"	unknown	5	LOC111128310	1.2333362025923
"unknown"	unknown	5	LOC111124015	-1.54716957016741
"unknown"	unknown	5	LOC111135930	-2.76173716871462e-05
"unknown"	unknown	5	LOC111108127	-3.01914265616877
"unknown"	unknown	5	LOC111101936	0.496551257904937
"unknown"	unknown	5	LOC111101007	0.556205036547471
"unknown"	unknown	5	LOC111126080	0.0518876634065273
"unknown"	unknown	5	LOC111112732	0.253523319588864
"unknown"	unknown	5	LOC111110433	-1.18646689756744
"unknown"	unknown	5	LOC111125484	-0.00378112333325517
"unknown"	unknown	5	LOC111134591	-0.786483987942107
"unknown"	unknown	5	LOC111105365	5.58512734307771
"unknown"	unknown	5	LOC111134865	-0.226249213274338
"unknown"	unknown	5	LOC111110171	0.238087482406156
"unknown"	unknown	5	LOC111134088	1.45824282105306
"unknown"	unknown	5	LOC111133156	-1.14266669164965
"unknown"	unknown	5	LOC111103978	0.610443097992181
"unknown"	unknown	5	LOC111099173	0.294252477290667
"unknown"	unknown	5	LOC111115131	0.581115663494984
"unknown"	unknown	5	LOC111122849	1.00981323922622
"unknown"	unknown	5	LOC111108991	-0.975197670752979
"unknown"	unknown	5	LOC111118124	-0.280247414341365
"unknown"	unknown	5	LOC111133937	-0.272562839442813
"unknown"	unknown	5	LOC111103075	2.86911390644026
"unknown"	unknown	5	LOC111132283	0.357943112563289
"unknown"	unknown	5	LOC111115875	0.0309375260706375
"unknown"	unknown	5	LOC111106107	0.344835219388312
"unknown"	unknown	5	LOC111122307	1.55623290164373
"unknown"	unknown	5	LOC111132989	-1.07857313400322
"unknown"	unknown	5	LOC111123850	0.663184566148247
"unknown"	unknown	5	LOC111125566	0.39415015266996
"unknown"	unknown	5	LOC111128623	0.294295756356368
"unknown"	unknown	5	LOC111136128	0.917198077649227
"unknown"	unknown	5	LOC111109169	0.0939050395656112
"unknown"	unknown	5	LOC111135305	-0.0394147707301572
"unknown"	unknown	5	LOC111104422	-1.13187009403327
"unknown"	unknown	5	LOC111107691	0.70038465609564
"unknown"	unknown	5	LOC111106538	0.0328377192258607
"unknown"	unknown	5	LOC111129041	-0.373079315627209
"unknown"	unknown	5	LOC111105869	0.8863121699358
"unknown"	unknown	5	LOC111128118	-1.4913635796785
"unknown"	unknown	5	LOC111101975	-0.0344078895384351
"unknown"	unknown	5	LOC111113274	-0.0344203276317928
"unknown"	unknown	5	LOC111114553	-0.192890778153933
"unknown"	unknown	5	LOC111100414	-1.10377797131004
"unknown"	unknown	5	LOC111131533	-0.766821578898682
"unknown"	unknown	5	LOC111136291	-0.0583215871947235
"unknown"	unknown	5	LOC111129519	-0.112155074480011
"unknown"	unknown	5	LOC111127781	-0.0233481329285667
"unknown"	unknown	5	LOC111101223	-0.776845871612669
"unknown"	unknown	5	LOC111122634	-0.354870333200662
"unknown"	unknown	5	LOC111136795	-0.627430304138568
"unknown"	unknown	5	LOC111116696	0.589128234423499
"unknown"	unknown	5	LOC111130598	1.51295225621128
"unknown"	unknown	5	LOC111111661	-0.778257573220534
"unknown"	unknown	5	LOC111122662	0.0997574418418471
"unknown"	unknown	5	LOC111121384	0.179568076926397
"unknown"	unknown	5	LOC111121578	0.331304319417877
"unknown"	unknown	5	LOC111123877	-0.294280558325318
"unknown"	unknown	5	LOC111129131	-2.48420284732256
"unknown"	unknown	5	LOC111110373	-0.154702579975736
"unknown"	unknown	5	LOC111131145	0.376073984143931
"unknown"	unknown	5	LOC111102837	0.57587262864262
"unknown"	unknown	5	LOC111113919	0.00746720803173831
"unknown"	unknown	5	LOC111124538	-0.419771379258893
"unknown"	unknown	5	LOC111105238	-0.034364817009605
"unknown"	unknown	5	LOC111132388	4.08179371349877
"unknown"	unknown	5	LOC111133058	0.764777512871797
"unknown"	unknown	5	LOC111126399	-0.131553990051858
"unknown"	unknown	5	LOC111106899	0.696305481374135
"unknown"	unknown	5	LOC111104129	-10.3549809886415
"unknown"	unknown	5	LOC111106791	-0.585278927657233
"unknown"	unknown	5	LOC111126458	-1.08276838378278
"unknown"	unknown	5	LOC111103629	-0.184670737401538
"unknown"	unknown	5	LOC111102485	0.513601847159729
"unknown"	unknown	5	LOC111100930	-0.168189749989195
"unknown"	unknown	5	LOC111122035	0.164399557710284
"unknown"	unknown	5	LOC111120247	-0.0343586428712921
"unknown"	unknown	5	LOC111104636	-0.438322541626435
"unknown"	unknown	5	LOC111137021	1.96106758641364
"unknown"	unknown	5	LOC111122899	-2.07215563468459
"unknown"	unknown	5	LOC111119144	-0.963368190519126
"unknown"	unknown	5	LOC111136358	0.931551318419465
"unknown"	unknown	5	LOC111129268	0.848095581029366
"unknown"	unknown	5	LOC111132151	0.0148829855010246
"unknown"	unknown	5	LOC111103599	-0.613230831136024
"unknown"	unknown	5	LOC111137626	0.0889460243078711
"unknown"	unknown	5	LOC111111742	-0.00799943160411511
"unknown"	unknown	5	LOC111133890	0.854621814481847
"unknown"	unknown	5	LOC111121581	-3.07448551203451
"unknown"	unknown	5	LOC111110292	0.140150564080973
"unknown"	unknown	5	LOC111111584	0.0768753772588256
"unknown"	unknown	5	LOC111124836	-3.3339875734288
"unknown"	unknown	5	LOC111116622	0.878534354995213
"unknown"	unknown	5	LOC111110672	-0.169999761901335
"unknown"	unknown	5	LOC111118886	-0.505969783883481
"unknown"	unknown	5	LOC111100017	0.0939552697288569
"unknown"	unknown	5	LOC111101474	0.137957242227201
"unknown"	unknown	5	LOC111123435	-0.28925538809235
"unknown"	unknown	5	LOC111123108	-1.19897183653545
"unknown"	unknown	5	LOC111136687	0.256813526913111
"unknown"	unknown	5	LOC111134105	-1.89895200541724
"unknown"	unknown	5	LOC111131012	0.13322155368548
"unknown"	unknown	5	LOC111126084	0.140174513247071
"unknown"	unknown	5	LOC111134485	-0.0727929965788313
"unknown"	unknown	5	LOC111100937	0.91435762726353
"unknown"	unknown	5	LOC111125166	-2.48067609032632
"unknown"	unknown	5	LOC111120883	-1.4700396544929
"unknown"	unknown	5	LOC111118298	0.311575424226282
"unknown"	unknown	5	LOC111112894	0.20454208281397
"unknown"	unknown	5	LOC111112990	0.132463114045206
"unknown"	unknown	5	LOC111129103	0.948923361901904
"unknown"	unknown	5	LOC111137971	-0.134976858160769
"unknown"	unknown	5	LOC111128774	0.64446738912491
"unknown"	unknown	5	LOC111112595	-0.241887902753824
"unknown"	unknown	5	LOC111126032	1.19252815765248
"unknown"	unknown	5	LOC111115363	-0.361102609721604
"unknown"	unknown	5	LOC111128846	-0.0505137290294132
"unknown"	unknown	5	LOC111136147	-5.07358830455012
"unknown"	unknown	5	LOC111130844	0.39200557280937
"unknown"	unknown	5	LOC111101380	1.51313532696928
"unknown"	unknown	5	LOC111132432	3.26989905677814
"unknown"	unknown	5	LOC111100252	1.76421687691629
"unknown"	unknown	5	LOC111100396	0.523203739118226
"unknown"	unknown	5	LOC111106987	-0.176046344380308
"unknown"	unknown	5	LOC111130333	-0.481229070802381
"unknown"	unknown	5	LOC111126736	0.237247295423473
"unknown"	unknown	5	LOC111135390	1.11002629048561
"unknown"	unknown	5	LOC111126164	-0.0448183037408392
"unknown"	unknown	5	LOC111118985	-0.0186308811007291
"unknown"	unknown	5	LOC111135563	0.555626822293463
"unknown"	unknown	5	LOC111136511	0.196854303426475
"unknown"	unknown	5	LOC111122704	0.385666626931387
"unknown"	unknown	5	LOC111115954	-0.656000788321819
"unknown"	unknown	5	LOC111102259	-0.211335875582728
"unknown"	unknown	5	LOC111108695	0.378615259676328
"unknown"	unknown	5	LOC111129169	1.14490255728373
"unknown"	unknown	5	LOC111099850	-0.632665274590134
"unknown"	unknown	5	LOC111103920	-0.227548392840855
"unknown"	unknown	5	LOC111106757	-0.0389831506627354
"unknown"	unknown	5	LOC111110272	0.638739521190504
"unknown"	unknown	5	LOC111112659	-1.13860587993857
"unknown"	unknown	5	LOC111127926	-0.331683575006143
"unknown"	unknown	5	LOC111105835	0.262990658630976
"unknown"	unknown	5	LOC111109002	0.532115103169413
"unknown"	unknown	5	LOC111124437	-0.720311425402114
"unknown"	unknown	5	LOC111130808	0.140168364963402
"unknown"	unknown	5	LOC111128038	-3.2217469815462
"unknown"	unknown	5	LOC111128943	-1.22776088523861
"unknown"	unknown	5	LOC111109519	-0.745489649170566
"unknown"	unknown	5	LOC111123718	-0.684551753678903
"unknown"	unknown	5	LOC111125287	-0.0825842619596459
"unknown"	unknown	5	LOC111127031	-0.475992185764016
"unknown"	unknown	5	LOC111136470	0.516411449631268
"unknown"	unknown	5	LOC111132037	-1.3304404014606
"unknown"	unknown	5	LOC111113446	-0.257930428514343
"unknown"	unknown	5	LOC111100286	-0.0795137347519898
"unknown"	unknown	5	LOC111138041	1.26775494559722
"unknown"	unknown	5	LOC111130967	0.110248149276964
"unknown"	unknown	5	LOC111131427	2.11930641360779
"unknown"	unknown	5	LOC111138322	1.40985832286312
"unknown"	unknown	5	LOC111131645	0.72826555195222
"unknown"	unknown	5	LOC111137852	-0.451237611143665
"unknown"	unknown	5	LOC111109670	0.306483500190715
"unknown"	unknown	5	LOC111137516	-0.836003151133327
"unknown"	unknown	5	LOC111130765	-0.275578405593306
"unknown"	unknown	5	LOC111126663	-1.02052518837452
"unknown"	unknown	5	LOC111124227	-0.485018325210835
"unknown"	unknown	5	LOC111102988	0.184267183096358
"unknown"	unknown	5	LOC111130923	-0.0477902056658688
"unknown"	unknown	5	LOC111101295	-0.641165138119454
"unknown"	unknown	5	LOC111133659	0.625886285643064
"unknown"	unknown	5	LOC111109304	-0.65326754579683
"unknown"	unknown	5	LOC111106339	-0.118478672717863
"unknown"	unknown	5	LOC111110451	0.0937933760017428
"unknown"	unknown	5	LOC111123440	1.40196522173692
"unknown"	unknown	5	LOC111125330	-0.257393458138196
"unknown"	unknown	5	LOC111125806	0.52369638384548
"unknown"	unknown	5	LOC111102005	0.298585903281115
"unknown"	unknown	5	LOC111120100	2.65119555045235
"unknown"	unknown	5	LOC111130187	-1.48052249876179
"unknown"	unknown	5	LOC111135293	0.0249448533437197
"unknown"	unknown	5	LOC111108755	-0.71579910536319
"unknown"	unknown	5	LOC111120750	-0.213738573049742
"unknown"	unknown	5	LOC111101449	-6.29552646397588
"unknown"	unknown	5	LOC111102459	-1.39065370610296
"unknown"	unknown	5	LOC111108797	-0.701049702389933
"unknown"	unknown	5	LOC111115337	0.298955492292833
"unknown"	unknown	5	LOC111110239	-0.385939774772073
"unknown"	unknown	5	LOC111113100	0.777474658233545
"unknown"	unknown	5	LOC111110162	-4.01313713815765
"unknown"	unknown	5	LOC111114989	0.675178698606749
"unknown"	unknown	5	LOC111110772	2.30095089385323
"unknown"	unknown	5	LOC111129777	0.610394590907868
"unknown"	unknown	5	LOC111102824	-0.127693470913612
"unknown"	unknown	5	LOC111134084	-0.349439753451878
"unknown"	unknown	5	LOC111122731	-1.29958667998185
"unknown"	unknown	5	LOC111112742	-1.19298972255213
"unknown"	unknown	5	LOC111100615	0.496640776636821
"unknown"	unknown	5	LOC111116869	-1.26135794529262
"unknown"	unknown	5	LOC111114516	1.1940874032126
"unknown"	unknown	5	LOC111106231	-0.126036519633632
"unknown"	unknown	5	LOC111101248	-0.577351766260232
"unknown"	unknown	5	LOC111138007	0.228674117438097
"unknown"	unknown	5	LOC111118120	-0.41212118855124
"unknown"	unknown	5	LOC111100476	0.233018700529237
"unknown"	unknown	5	LOC111128105	-1.00366818206007
"unknown"	unknown	5	LOC111112477	-2.3460543788811
"unknown"	unknown	5	LOC111122611	-2.47202661954615
"unknown"	unknown	5	LOC111123190	1.46875183922106
"unknown"	unknown	5	LOC111099061	0.162545695955915
"unknown"	unknown	5	LOC111105601	-0.660318308568968
"unknown"	unknown	5	LOC111132755	-0.0500133714227836
"unknown"	unknown	5	LOC111112253	0.920288012554501
"unknown"	unknown	5	LOC111137981	-1.33639910847274
"unknown"	unknown	5	LOC111134198	-0.678685783743294
"unknown"	unknown	5	LOC111101040	-0.000978707692902689
"unknown"	unknown	5	LOC111114346	0.24296921243611
"unknown"	unknown	5	LOC111128342	-0.391509101698933
"unknown"	unknown	5	LOC111137315	-1.0878565424552
"unknown"	unknown	5	LOC111136842	0.593037195701509
"unknown"	unknown	5	LOC111126620	-0.381620766789311
"unknown"	unknown	5	LOC111104699	-0.468656249388843
"unknown"	unknown	5	LOC111122718	-0.0343839953853165
"unknown"	unknown	5	LOC111127253	-0.147119758062982
"unknown"	unknown	5	LOC111121004	-1.50639093590732
"unknown"	unknown	5	LOC111136956	-0.89031506247878
"unknown"	unknown	5	LOC111101611	0.918605421592363
"unknown"	unknown	5	LOC111122696	3.90886672270699
"unknown"	unknown	5	LOC111121381	0.131955762642042
"unknown"	unknown	5	LOC111132540	0.164702693791463
"unknown"	unknown	5	LOC111120161	0.0391948114803151
"unknown"	unknown	5	LOC111129222	0.764511807838831
"unknown"	unknown	5	LOC111126042	1.5982327398185
"unknown"	unknown	5	LOC111100992	0.614823482433275
"unknown"	unknown	5	LOC111122518	-0.433529744864924
"unknown"	unknown	5	LOC111112660	-1.06526524054908
"unknown"	unknown	5	LOC111137871	0.140227742867167
"unknown"	unknown	5	LOC111104604	0.593486503079876
"unknown"	unknown	5	LOC111114611	-0.0451592243118112
"unknown"	unknown	5	LOC111102774	-1.25499843590827
"unknown"	unknown	5	LOC111110687	2.64076915386484
"unknown"	unknown	5	LOC111122552	3.01683520511433
"unknown"	unknown	5	LOC111136127	-0.0639874621221607
"unknown"	unknown	5	LOC111120475	0.132264614572458
"unknown"	unknown	5	LOC111106500	-1.39470004213665
"unknown"	unknown	5	LOC111136631	0.469402041245469
"unknown"	unknown	5	LOC111134620	1.80616110961394
"unknown"	unknown	5	LOC111105329	-0.428835062161651
"unknown"	unknown	5	LOC111121036	0.215975929210798
"unknown"	unknown	5	LOC111123998	0.253127804830885
"unknown"	unknown	5	LOC111128707	0.590420382216516
"unknown"	unknown	5	LOC111128134	0.543043471840446
"unknown"	unknown	5	LOC111123694	0.69739114451606
"unknown"	unknown	5	LOC111115885	-0.26046864149464
"unknown"	unknown	5	LOC111136550	1.39734539352491
"unknown"	unknown	5	LOC111111326	0.354612760263723
"unknown"	unknown	5	LOC111124304	0.949357995525493
"unknown"	unknown	5	LOC111136962	1.32660663733064
"unknown"	unknown	5	LOC111119642	-0.0440197870816009
"unknown"	unknown	5	LOC111128912	-0.291757496545393
"unknown"	unknown	5	LOC111109846	0.20182125577705
"unknown"	unknown	5	LOC111101000	1.98494998885112
"unknown"	unknown	5	LOC111123227	-0.219733352271868
"unknown"	unknown	5	LOC111130946	0.226081961644413
"unknown"	unknown	5	LOC111138215	0.139338395280139
"unknown"	unknown	5	LOC111138022	0.718659851447582
"unknown"	unknown	5	LOC111115584	0.575805678544829
"unknown"	unknown	5	LOC111111375	0.792485301981051
"unknown"	unknown	5	LOC111112738	0.0975186112191219
"unknown"	unknown	5	LOC111108100	-0.553427144340434
"unknown"	unknown	5	LOC111122196	-1.32789455647264
"unknown"	unknown	5	LOC111115442	2.14869893765949
"unknown"	unknown	5	LOC111113260	0.0286482722237899
"unknown"	unknown	5	LOC111116001	-1.18700368849046
"unknown"	unknown	5	LOC111111386	0.331665426422584
"unknown"	unknown	5	LOC111132296	-1.01184005807601
"unknown"	unknown	5	LOC111111041	-2.12770442305409
"unknown"	unknown	5	LOC111119867	0.930323908484034
"unknown"	unknown	5	LOC111121359	0.364778508499062
"unknown"	unknown	5	LOC111134852	0.691782311089713
"unknown"	unknown	5	LOC111115282	0.0498029086457832
"unknown"	unknown	5	LOC111108251	-0.518519732340311
"unknown"	unknown	5	LOC111100451	0.563664220654655
"unknown"	unknown	5	LOC111104246	0.61258644999304
"unknown"	unknown	5	LOC111136215	-1.63530524743351
"unknown"	unknown	5	LOC111122825	0.964912516277788
"unknown"	unknown	5	LOC111117929	0.284380946659332
"unknown"	unknown	5	LOC111106959	1.30312073197601
"unknown"	unknown	5	LOC111113016	-0.00699128907119877
"unknown"	unknown	5	LOC111115983	-0.0343677509631668
"unknown"	unknown	5	LOC111132637	0.953942754101563
"unknown"	unknown	5	LOC111135969	2.00987152044676
"unknown"	unknown	5	LOC111127597	-0.0298981614396076
"unknown"	unknown	5	LOC111115670	-0.0543231969093873
"unknown"	unknown	5	LOC111101329	-0.0112528098504441
"unknown"	unknown	5	LOC111134416	0.324630869930688
"unknown"	unknown	5	LOC111100784	0.111303742607044
"unknown"	unknown	5	LOC111136951	-0.376719420269566
"unknown"	unknown	5	LOC111104638	0.19390307838342
"unknown"	unknown	5	LOC111126852	-0.934262587719209
"unknown"	unknown	5	LOC111118967	0.194769381611068
"unknown"	unknown	5	LOC111126364	-0.386200088844331
"unknown"	unknown	5	LOC111125317	0.24613617349904
"unknown"	unknown	5	LOC111129013	-0.393126547383497
"unknown"	unknown	5	LOC111112405	-0.135197703501612
"unknown"	unknown	5	LOC111103826	-0.928282082287835
"unknown"	unknown	5	LOC111128437	-2.8954525056175
"unknown"	unknown	5	LOC111106385	-8.73857450992712
"unknown"	unknown	5	LOC111116761	0.961633540587145
"unknown"	unknown	5	LOC111135590	-0.315749401262876
"unknown"	unknown	5	LOC111112812	-0.626853306882065
"unknown"	unknown	5	LOC111134078	2.39655175472088
"unknown"	unknown	5	LOC111122148	-0.322636014942915
"unknown"	unknown	5	LOC111103618	0.650370304114892
"unknown"	unknown	5	LOC111116040	0.362696480768263
"unknown"	unknown	5	LOC111123633	1.30888715888372
"unknown"	unknown	5	LOC111134538	0.925152059671623
"unknown"	unknown	5	LOC111126006	-1.76671332475955
"unknown"	unknown	5	LOC111110856	-0.489226389288034
"unknown"	unknown	5	LOC111105144	-0.260230731571959
"unknown"	unknown	5	LOC111119406	-0.503548732584178
"unknown"	unknown	5	LOC111117756	0.297612475219024
"unknown"	unknown	5	LOC111129724	-0.571933367787152
"unknown"	unknown	5	LOC111123579	-0.915604636384999
"unknown"	unknown	5	LOC111105103	-0.533370999272342
"unknown"	unknown	5	LOC111107175	-0.554077229974272
"unknown"	unknown	5	LOC111134514	0.670537020039871
"unknown"	unknown	5	LOC111113637	0.341564947062885
"unknown"	unknown	5	LOC111125771	0.958396153869516
"unknown"	unknown	5	LOC111109936	0.73233964829839
"unknown"	unknown	5	LOC111135884	1.23101321711719
"unknown"	unknown	5	LOC111099088	-5.0321622986489
"unknown"	unknown	5	LOC111119783	0.210989272581292
"unknown"	unknown	5	LOC111108218	-0.535638758015422
"unknown"	unknown	5	LOC111100642	0.095121029502045
"unknown"	unknown	5	LOC111115838	0.4871128468609
"unknown"	unknown	5	LOC111108378	1.86927935860177
"unknown"	unknown	5	LOC111119512	2.65968357224153
"unknown"	unknown	5	LOC111115750	-0.42450103998815
"unknown"	unknown	5	LOC111109467	-0.787818013215318
"unknown"	unknown	5	LOC111124104	1.47870732421545
"unknown"	unknown	5	LOC111106330	0.385991403051174
"unknown"	unknown	5	LOC111130054	-0.559481163799428
"unknown"	unknown	5	LOC111113290	0.685244515343998
"unknown"	unknown	5	LOC111106637	-0.515415722812873
"unknown"	unknown	5	LOC111104464	-0.414384696428995
"unknown"	unknown	5	LOC111118622	2.8445909395954
"unknown"	unknown	5	LOC111116925	-0.279314055476333
"unknown"	unknown	5	LOC111103055	0.513343131595542
"unknown"	unknown	5	LOC111134826	-3.29433989367192
"unknown"	unknown	5	LOC111130135	0.0575092915666218
"unknown"	unknown	5	LOC111129287	0.198765538378073
"unknown"	unknown	5	LOC111104096	0.0402857517881102
"unknown"	unknown	5	LOC111136572	1.1402737030719
"unknown"	unknown	5	LOC111106319	0.93156285476645
"unknown"	unknown	5	LOC111138251	-0.17567717115651
"unknown"	unknown	5	LOC111110141	0.169406882707672
"unknown"	unknown	5	LOC111100039	-0.0343671955338782
"unknown"	unknown	5	LOC111112189	0.574952115187013
"unknown"	unknown	5	LOC111129428	-0.0747521998322875
"unknown"	unknown	5	LOC111100780	-0.0344198951869949
"unknown"	unknown	5	LOC111104535	0.207295670471692
"unknown"	unknown	5	LOC111126613	0.0740804283150275
"unknown"	unknown	5	LOC111121905	0.0145167429876251
"unknown"	unknown	5	LOC111138233	-0.238181541852284
"unknown"	unknown	5	LOC111110062	0.595784088727678
"unknown"	unknown	5	LOC111118732	2.99493504093949
"unknown"	unknown	5	LOC111133536	-2.0624223811776
"unknown"	unknown	5	LOC111131853	-0.451295182394515
"unknown"	unknown	5	LOC111101737	-0.510581160710322
"unknown"	unknown	5	LOC111100380	1.53526185131222
"unknown"	unknown	5	LOC111136417	-1.82137113358925
"unknown"	unknown	5	LOC111133407	-0.192547511304173
"unknown"	unknown	5	LOC111100946	-1.63202302561831
"unknown"	unknown	5	LOC111106037	-0.134976570711173
"unknown"	unknown	5	LOC111108362	0.153276046365423
"unknown"	unknown	5	LOC111105064	-0.844318685291258
"unknown"	unknown	5	LOC111102564	0.524813590168181
"unknown"	unknown	5	LOC111129560	-4.72677013230551
"unknown"	unknown	5	LOC111133330	0.193584989429233
"unknown"	unknown	5	LOC111134161	0.422725178819862
"unknown"	unknown	5	LOC111115446	3.29498305420629
"unknown"	unknown	5	LOC111122061	0.018417113652869
"unknown"	unknown	5	LOC111119041	-2.99896082024694
"unknown"	unknown	5	LOC111099035	-0.321380086654772
"unknown"	unknown	5	LOC111132446	-0.488658575776726
"unknown"	unknown	5	LOC111109445	-1.19038151792961
"unknown"	unknown	5	LOC111135752	-0.447030238055216
"unknown"	unknown	5	LOC111118200	1.48121196933455
"unknown"	unknown	5	LOC111130830	0.194915763462827
"unknown"	unknown	5	LOC111103175	0.0640027741446614
"unknown"	unknown	5	LOC111126863	0.701042382333427
"unknown"	unknown	5	LOC111102506	-1.12201266923681
"unknown"	unknown	5	LOC111137917	1.11418738541067
"unknown"	unknown	5	LOC111131207	0.812278049946876
"unknown"	unknown	5	LOC111107876	0.408534307528394
"unknown"	unknown	5	LOC111132206	-0.629215899221754
"unknown"	unknown	5	LOC111135261	-0.588854010335082
"unknown"	unknown	5	LOC111119915	1.47384285559242
"unknown"	unknown	5	LOC111111063	-0.0907737652541808
"unknown"	unknown	5	LOC111124734	0.118085368947874
"unknown"	unknown	5	LOC111138060	-0.456895035403791
"unknown"	unknown	5	LOC111110309	-2.10775260311381
"unknown"	unknown	5	LOC111123562	-0.465767299878738
"unknown"	unknown	5	LOC111104285	-0.507318128754955
"unknown"	unknown	5	LOC111129408	-2.21758937474466
"unknown"	unknown	5	LOC111103782	0.341699748203683
"unknown"	unknown	5	LOC111133232	0.374377584777799
"unknown"	unknown	5	LOC111133385	-0.71886576718752
"unknown"	unknown	5	LOC111135240	1.83027857788316
"unknown"	unknown	5	LOC111124968	0.448033407049761
"unknown"	unknown	5	LOC111122036	-1.77177941360291
"unknown"	unknown	5	LOC111132142	-0.416907010136721
"unknown"	unknown	5	LOC111129874	0.847852163392652
"unknown"	unknown	5	LOC111101115	-6.55780179518904
"unknown"	unknown	5	LOC111102823	0.627025593218284
"unknown"	unknown	5	LOC111110755	-0.298758070575057
"unknown"	unknown	5	LOC111137574	0.466731857905799
"unknown"	unknown	5	LOC111131745	0.0159054223039782
"unknown"	unknown	5	LOC111104762	-0.301112341127146
"unknown"	unknown	5	LOC111126263	-0.0636605072159118
"unknown"	unknown	5	LOC111136402	-0.126668880019223
"unknown"	unknown	5	LOC111135899	2.06469675087369
"unknown"	unknown	5	LOC111126499	0.909533086543046
"unknown"	unknown	5	LOC111130858	-0.247792309924858
"unknown"	unknown	5	LOC111113350	-0.328017260283901
"unknown"	unknown	5	LOC111133437	0.0702198548197075
"unknown"	unknown	5	LOC111130724	-0.0671472042844279
"unknown"	unknown	5	LOC111137826	0.336449370728592
"unknown"	unknown	5	LOC111128816	-1.60800012596941
"unknown"	unknown	5	LOC111116285	-0.665112743867798
"unknown"	unknown	5	LOC111133721	-1.66039221486651
"unknown"	unknown	5	LOC111110174	-0.0343752863744487
"unknown"	unknown	5	LOC111104504	-1.30761859000605
"unknown"	unknown	5	LOC111120897	0.00414413545892756
"unknown"	unknown	5	LOC111100074	0.429638843111763
"unknown"	unknown	5	LOC111100411	-9.84269122208094
"unknown"	unknown	5	LOC111114202	2.77362975374012
"unknown"	unknown	5	LOC111134356	0.62663967836591
"unknown"	unknown	5	LOC111136929	1.31097082102282
"unknown"	unknown	5	LOC111107796	-0.540481819311659
"unknown"	unknown	5	LOC111105112	0.894402083734375
"unknown"	unknown	5	LOC111111203	-0.446926148129047
"unknown"	unknown	5	LOC111111492	4.50263308468376
"unknown"	unknown	5	LOC111110032	-0.308487567219547
"unknown"	unknown	5	LOC111099613	0.588723654821753
"unknown"	unknown	5	LOC111112480	-0.286774727588299
"unknown"	unknown	5	LOC111102143	1.05210817684408
"unknown"	unknown	5	LOC111125921	-0.0345035954029173
"unknown"	unknown	5	LOC111131636	-4.54600000384046
"unknown"	unknown	5	LOC111105092	-0.16919843383655
"unknown"	unknown	5	LOC111125926	0.0766335205926696
"unknown"	unknown	5	LOC111137136	1.10093792600418
"unknown"	unknown	5	LOC111123516	0.984594604551281
"unknown"	unknown	5	LOC111107247	0.134123285492277
"unknown"	unknown	5	LOC111123328	-0.230417021628575
"unknown"	unknown	5	LOC111118351	0.0191620884599441
"unknown"	unknown	5	LOC111108771	0.152555699943046
"unknown"	unknown	5	LOC111118898	4.49768088698076
"unknown"	unknown	5	LOC111113783	0.637001282480246
"unknown"	unknown	5	LOC111117430	-0.692555456669474
"unknown"	unknown	5	LOC111131255	0.0160209394982115
"unknown"	unknown	5	LOC111106699	-0.249679681132687
"unknown"	unknown	5	LOC111134449	-4.67676944574183
"unknown"	unknown	5	LOC111101821	0.489946608649442
"unknown"	unknown	5	LOC111126394	-2.10853393133604
"unknown"	unknown	5	LOC111115144	0.0987410005471415
"unknown"	unknown	5	LOC111135784	0.960210034934933
"unknown"	unknown	5	LOC111120767	-3.56526508540523
"unknown"	unknown	5	LOC111101967	0.283716139090259
"unknown"	unknown	5	LOC111134464	-1.31627924143711
"unknown"	unknown	5	LOC111136024	-0.436422605455768
"unknown"	unknown	5	LOC111125382	-1.12029060687425
"unknown"	unknown	5	LOC111129332	-0.444124949412838
"unknown"	unknown	5	LOC111103376	0.412722323280879
"unknown"	unknown	5	LOC111110030	-1.36938440609234
"unknown"	unknown	5	LOC111121621	-0.263814449568516
"unknown"	unknown	5	LOC111134253	0.131356487000452
"unknown"	unknown	5	LOC111102860	0.444585799399385
"unknown"	unknown	5	LOC111138476	2.79237325249015
"unknown"	unknown	5	LOC111119495	1.09816388305824
"unknown"	unknown	5	LOC111130671	0.0647399369428068
"unknown"	unknown	5	LOC111132362	0.877545114369075
"unknown"	unknown	5	LOC111111473	-1.15156388175437
"unknown"	unknown	5	LOC111112014	-0.338659081757135
"unknown"	unknown	5	LOC111108151	-0.117817272553506
"unknown"	unknown	5	LOC111126302	-0.00907270576743591
"unknown"	unknown	5	LOC111131288	0.387695744728106
"unknown"	unknown	5	LOC111106898	0.267749275588495
"unknown"	unknown	5	LOC111102978	-0.681100382019408
"unknown"	unknown	5	LOC111109696	0.360337124768581
"unknown"	unknown	5	LOC111103907	0.183138713773663
"unknown"	unknown	5	LOC111130606	-2.99190130403646
"unknown"	unknown	5	LOC111104799	0.0328657147012331
"unknown"	unknown	5	LOC111126369	0.325924914533094
"unknown"	unknown	5	LOC111113425	0.371007760896929
"unknown"	unknown	5	LOC111129282	-0.632009979348006
"unknown"	unknown	5	LOC111112106	2.24356099786261
"unknown"	unknown	5	LOC111136209	-1.04120874752576
"unknown"	unknown	5	LOC111106141	0.582858912088115
"unknown"	unknown	5	LOC111119668	1.95197035128738
"unknown"	unknown	5	LOC111114393	-0.130999357613551
"unknown"	unknown	5	LOC111120977	-0.771716125937667
"unknown"	unknown	5	LOC111131535	0.154285722438373
"unknown"	unknown	5	LOC111108717	0.021293968932153
"unknown"	unknown	5	LOC111105286	2.00474335078054
"unknown"	unknown	5	LOC111106740	0.246075733902372
"unknown"	unknown	5	LOC111132950	0.992549455016531
"unknown"	unknown	5	LOC111127993	4.02855004402052
"unknown"	unknown	5	LOC111132651	0.0939125556329912
"unknown"	unknown	5	LOC111107342	-2.41213601942395
"unknown"	unknown	5	LOC111125893	-0.596848468437609
"unknown"	unknown	5	LOC111133663	0.431583325517588
"unknown"	unknown	5	LOC111124583	-0.620966346885074
"unknown"	unknown	5	LOC111123798	-0.243356168658206
"unknown"	unknown	5	LOC111133781	0.563987782364144
"unknown"	unknown	5	LOC111117871	0.224242287869172
"unknown"	unknown	5	LOC111134878	-2.23696204197359
"unknown"	unknown	5	LOC111100589	-0.101176627790443
"unknown"	unknown	5	LOC111122846	-0.86790117329157
"unknown"	unknown	5	LOC111113607	0.166549540186963
"unknown"	unknown	5	LOC111102050	-0.0962301236792144
"unknown"	unknown	5	LOC111123528	0.200230287457589
"unknown"	unknown	5	LOC111126798	-0.851293487904944
"unknown"	unknown	5	LOC111130022	-0.405725506564268
"unknown"	unknown	5	LOC111104996	-0.0527201372962688
"unknown"	unknown	5	LOC111109087	-3.66816766387739
"unknown"	unknown	5	LOC111115372	-0.577258694273134
"unknown"	unknown	5	LOC111124485	-1.00806361603123
"unknown"	unknown	5	LOC111112618	-0.682316074333651
"unknown"	unknown	5	LOC111125757	-0.727362240480652
"unknown"	unknown	5	LOC111133838	3.95861544064216
"unknown"	unknown	5	LOC111126757	-0.0542446581782154
"unknown"	unknown	5	LOC111136105	-0.460796567646519
"unknown"	unknown	5	LOC111122941	0.0683598780728931
"unknown"	unknown	5	LOC111100184	0.515420796186806
"unknown"	unknown	5	LOC111130632	-0.192177384642468
"unknown"	unknown	5	LOC111135853	1.55213258298391
"unknown"	unknown	5	LOC111108522	-1.14342206443995
"unknown"	unknown	5	LOC111124122	-3.372304397592
"unknown"	unknown	5	LOC111105497	0.0985593054934034
"unknown"	unknown	5	LOC111108010	-0.98606515323
"unknown"	unknown	5	LOC111133548	-0.534304903443873
"unknown"	unknown	5	LOC111110816	-0.488680806057322
"unknown"	unknown	5	LOC111120380	-2.22221367179616
"unknown"	unknown	5	LOC111122817	0.615157980021664
"unknown"	unknown	5	LOC111113836	-0.594548494210454
"unknown"	unknown	5	LOC111138223	-0.256417335365433
"unknown"	unknown	5	LOC111138477	-0.172676381150286
"unknown"	unknown	5	LOC111132299	-0.984714499440064
"unknown"	unknown	5	LOC111121396	0.741780114955796
"unknown"	unknown	5	LOC111120898	-0.13225043093249
"unknown"	unknown	5	LOC111128244	0.947201475415979
"unknown"	unknown	5	LOC111135324	-0.26635909962039
"unknown"	unknown	5	LOC111108626	0.472019563832367
"unknown"	unknown	5	LOC111132188	-2.01086783553381
"unknown"	unknown	5	LOC111114573	-0.84811018024734
"unknown"	unknown	5	LOC111111269	0.426027299466698
"unknown"	unknown	5	LOC111117207	0.663401799712668
"unknown"	unknown	5	LOC111108128	2.3535364503976
"unknown"	unknown	5	LOC111122396	2.003746409676
"unknown"	unknown	5	LOC111121367	-0.727835878282898
"unknown"	unknown	5	LOC111104760	0.369172932927426
"unknown"	unknown	5	LOC111101006	-0.31263967775193
"unknown"	unknown	5	LOC111120268	0.348562717329486
"unknown"	unknown	5	LOC111104744	-0.901673159801908
"unknown"	unknown	5	LOC111135872	-1.5388858801668
"unknown"	unknown	5	LOC111116579	-0.0344010381312761
"unknown"	unknown	5	LOC111120800	-5.34251062645355
"unknown"	unknown	5	LOC111132877	-0.149563290571874
"unknown"	unknown	5	LOC111130427	-0.00137950961038216
"unknown"	unknown	5	LOC111111620	0.16611431054489
"unknown"	unknown	5	LOC111112953	-0.577233329078817
"unknown"	unknown	5	LOC111137867	0.265454796983592
"unknown"	unknown	5	LOC111108992	-0.182653932179467
"unknown"	unknown	5	LOC111135852	-3.04968779731893
"unknown"	unknown	5	LOC111120576	-0.95045912916877
"unknown"	unknown	5	LOC111132767	-0.163505250528653
"unknown"	unknown	5	LOC111113326	0.252910516074381
"unknown"	unknown	5	LOC111134191	0.0688007958869309
"unknown"	unknown	5	LOC111121618	-0.207138455966801
"unknown"	unknown	5	LOC111108545	0.20742281079646
"unknown"	unknown	5	LOC111136179	0.174769008651428
"unknown"	unknown	5	LOC111122836	-2.60137288822759
"unknown"	unknown	5	LOC111109843	0.552058873391671
"unknown"	unknown	5	LOC111100897	0.0484049804245136
"unknown"	unknown	5	LOC111099821	-0.227878696493197
"unknown"	unknown	5	LOC111130051	1.85273337805135
"unknown"	unknown	5	LOC111134519	0.797193440258008
"unknown"	unknown	5	LOC111134886	0.0182983555404353
"unknown"	unknown	5	LOC111110518	0.257036378182432
"unknown"	unknown	5	LOC111110060	0.269391740652375
"unknown"	unknown	5	LOC111111366	1.5948340487991
"unknown"	unknown	5	LOC111106569	-0.697619964795691
"unknown"	unknown	5	LOC111103555	-0.415369515787017
"unknown"	unknown	5	LOC111105905	-0.00411094987145129
"unknown"	unknown	5	LOC111119180	-1.44215611447302
"unknown"	unknown	5	LOC111115821	-0.776539150652158
"unknown"	unknown	5	LOC111120754	0.0586116118438305
"unknown"	unknown	5	LOC111112260	-0.797637360505171
"unknown"	unknown	5	LOC111109675	0.0227091944579223
"unknown"	unknown	5	LOC111115637	0.722490046062532
"unknown"	unknown	5	LOC111107332	0.222835651196658
"unknown"	unknown	5	LOC111104369	-0.451418117883814
"unknown"	unknown	5	LOC111128928	-0.0795540382850976
"unknown"	unknown	5	LOC111119307	-0.33538558756317
"unknown"	unknown	5	LOC111110736	-0.0343335701263078
"unknown"	unknown	5	LOC111112886	1.04789582029415
"unknown"	unknown	5	LOC111117237	0.239800694162001
"unknown"	unknown	5	LOC111099733	0.682620129077241
"unknown"	unknown	5	LOC111104165	0.582655781175316
"unknown"	unknown	5	LOC111118595	-0.871903911789715
"unknown"	unknown	5	LOC111110142	-0.389287350293301
"unknown"	unknown	5	LOC111100366	0.412734810909271
"unknown"	unknown	5	LOC111130713	-0.782262129885084
"unknown"	unknown	5	ND6	-4.8626326042213
"unknown"	unknown	5	LOC111129418	-0.124568752672702
"unknown"	unknown	5	LOC111113489	-1.05937850632381
"unknown"	unknown	5	LOC111133340	1.37003906124726
"unknown"	unknown	5	LOC111131198	1.32454086529239
"unknown"	unknown	5	LOC111126904	0.474169001257888
"unknown"	unknown	5	LOC111110247	0.362942938977414
"unknown"	unknown	5	LOC111113641	-0.0158596569004796
"unknown"	unknown	5	LOC111112130	0.63912995873655
"unknown"	unknown	5	LOC111123777	0.173723069149968
"unknown"	unknown	5	LOC111111557	0.165530372268641
"unknown"	unknown	5	LOC111132252	0.515385587030238
"unknown"	unknown	5	LOC111104361	-0.279659223235147
"unknown"	unknown	5	LOC111108690	0.0558695349812882
"unknown"	unknown	5	LOC111125833	-1.44253664595308
"unknown"	unknown	5	LOC111115709	1.42875272017189
"unknown"	unknown	5	LOC111135580	0.119314525549331
"unknown"	unknown	5	LOC111117932	0.557528810361273
"unknown"	unknown	5	LOC111109567	0.596231586650282
"unknown"	unknown	5	LOC111128503	0.213385141570319
"unknown"	unknown	5	LOC111103273	0.697512827157529
"unknown"	unknown	5	LOC111128587	0.0497838866643797
"unknown"	unknown	5	LOC111115817	-0.067711027995989
"unknown"	unknown	5	LOC111136210	1.99077665837483
"unknown"	unknown	5	LOC111120392	-0.729642050111655
"unknown"	unknown	5	LOC111108050	-0.879487987520057
"unknown"	unknown	5	LOC111102439	-0.63026002463867
"unknown"	unknown	5	LOC111120656	-0.453809037300056
"unknown"	unknown	5	LOC111133394	0.0895367864425359
"unknown"	unknown	5	LOC111113546	-0.0759098331892556
"unknown"	unknown	5	LOC111104406	0.280920625675316
"unknown"	unknown	5	LOC111120957	1.56858863737128
"unknown"	unknown	5	LOC111136604	0.0132642273788604
"unknown"	unknown	5	LOC111105816	1.93553922496243
"unknown"	unknown	5	LOC111131455	0.834213592862316
"unknown"	unknown	5	LOC111137250	-0.210860733319108
"unknown"	unknown	5	LOC111117930	0.132336240556674
"unknown"	unknown	5	LOC111101618	-0.0365564820375541
"unknown"	unknown	5	LOC111117393	1.03226145724325
"unknown"	unknown	5	LOC111138270	-0.153837012720856
"unknown"	unknown	5	LOC111111844	-0.316277771194262
"unknown"	unknown	5	LOC111104680	0.667100363991639
"unknown"	unknown	5	LOC111108177	-0.301089801034773
"unknown"	unknown	5	LOC111135011	-0.979949031663541
"unknown"	unknown	5	LOC111135965	0.39117590836904
"unknown"	unknown	5	LOC111109272	0.706903933631791
"unknown"	unknown	5	LOC111119911	0.211524809730372
"unknown"	unknown	5	LOC111118823	-3.27335428371387
"unknown"	unknown	5	LOC111127299	0.328701375605795
"unknown"	unknown	5	LOC111137511	-0.308674724749036
"unknown"	unknown	5	LOC111135539	0.893174014999645
"unknown"	unknown	5	LOC111115973	0.236210775428331
"unknown"	unknown	5	LOC111117692	0.470520138076747
"unknown"	unknown	5	LOC111123624	1.65690090463408
"unknown"	unknown	5	LOC111107526	0.137947158555762
"unknown"	unknown	5	LOC111123196	-0.52917303282436
"unknown"	unknown	5	LOC111131803	1.68979111724535
"unknown"	unknown	5	LOC111138025	0.105344586890863
"unknown"	unknown	5	LOC111105249	0.135429023423071
"unknown"	unknown	5	LOC111118640	-1.53063411589538
"unknown"	unknown	5	LOC111123055	0.207489820743646
"unknown"	unknown	5	LOC111100449	0.707407728081386
"unknown"	unknown	5	LOC111112050	1.32908784823718
"unknown"	unknown	5	LOC111129094	0.207981456568051
"unknown"	unknown	5	LOC111113196	1.70790009217452
"unknown"	unknown	5	LOC111107734	0.447893087278741
"unknown"	unknown	5	LOC111122143	-0.034389051961241
"unknown"	unknown	5	LOC111115739	2.24905061737127
"unknown"	unknown	5	LOC111125165	-0.150295689203932
"unknown"	unknown	5	LOC111102486	0.0497590230534593
"unknown"	unknown	5	LOC111115405	0.613870735637432
"unknown"	unknown	5	LOC111127841	-0.0960659991268277
"unknown"	unknown	5	LOC111101881	-0.203828508544304
"unknown"	unknown	5	LOC111107921	0.113099725866124
"unknown"	unknown	5	LOC111117506	-0.429779810189816
"unknown"	unknown	5	LOC111100432	-1.03032797636341
"unknown"	unknown	5	LOC111107043	-0.194441001326281
"unknown"	unknown	5	LOC111135241	-0.821993765433835
"unknown"	unknown	5	LOC111120901	-0.407162191204631
"unknown"	unknown	5	LOC111116403	0.551990061116478
"unknown"	unknown	5	LOC111135344	3.44355035232751
"unknown"	unknown	5	LOC111133692	0.000824191549581297
"unknown"	unknown	5	LOC111120286	0.280710428003053
"unknown"	unknown	5	LOC111122815	0.380857494968115
"unknown"	unknown	5	LOC111099812	0.00738671034661056
"unknown"	unknown	5	LOC111106716	0.254979101633406
"unknown"	unknown	5	LOC111135750	-2.37094157584214
"unknown"	unknown	5	LOC111116369	1.54775507193136
"unknown"	unknown	5	LOC111135680	0.65852898326558
"unknown"	unknown	5	LOC111125309	-0.261873812310383
"unknown"	unknown	5	LOC111128498	0.331714465787778
"unknown"	unknown	5	LOC111133070	1.23183871686202
"unknown"	unknown	5	LOC111123749	-0.232215668535475
"unknown"	unknown	5	LOC111135643	-3.0831547214556
"unknown"	unknown	5	LOC111104324	0.709452650667517
"unknown"	unknown	5	LOC111129622	0.297246193675723
"unknown"	unknown	5	LOC111121586	1.16029376153001
"unknown"	unknown	5	LOC111108023	1.73588202055926
"unknown"	unknown	5	LOC111106234	0.0335470283169979
"unknown"	unknown	5	LOC111102917	0.46882241362018
"unknown"	unknown	5	LOC111109121	0.663901117172285
"unknown"	unknown	5	LOC111126514	-0.0123137193097708
"unknown"	unknown	5	LOC111114245	1.26440147850694
"unknown"	unknown	5	LOC111134454	0.388843570186039
"unknown"	unknown	5	LOC111101662	-0.0668140488408531
"unknown"	unknown	5	LOC111121577	0.156849745829024
"unknown"	unknown	5	LOC111109447	-0.20455887625542
"unknown"	unknown	5	LOC111115969	0.186481570761734
"unknown"	unknown	5	LOC111135144	0.669150345819138
"unknown"	unknown	5	LOC111106100	1.72928485830608
"unknown"	unknown	5	LOC111115878	0.0530578384554127
"unknown"	unknown	5	LOC111124413	-0.0674237430588344
"unknown"	unknown	5	LOC111125466	-0.575849049889389
"unknown"	unknown	5	LOC111127741	-1.78198193185326
"unknown"	unknown	5	LOC111133751	2.48663585022432
"unknown"	unknown	5	LOC111125426	0.0203035752025472
"unknown"	unknown	5	LOC111107144	0.0709075830320754
"unknown"	unknown	5	LOC111136750	0.256852435451894
"unknown"	unknown	5	LOC111110016	-0.0459915588237759
"unknown"	unknown	5	LOC111133420	0.0691672186788363
"unknown"	unknown	5	LOC111112598	0.0330494010807825
"unknown"	unknown	5	LOC111111585	-1.62005476406455
"unknown"	unknown	5	LOC111113054	0.114121573069963
"unknown"	unknown	5	LOC111114485	-0.155512455877939
"unknown"	unknown	5	LOC111126494	0.491308682598411
"unknown"	unknown	5	LOC111120774	-0.575381446338697
"unknown"	unknown	5	LOC111128430	0.172958082894584
"unknown"	unknown	5	LOC111114505	0.0619813548590093
"unknown"	unknown	5	LOC111102965	-0.342391727028167
"unknown"	unknown	5	LOC111100795	-0.644170581243389
"unknown"	unknown	5	LOC111115168	-0.0343673845976481
"unknown"	unknown	5	LOC111128002	-0.32390680101016
"unknown"	unknown	5	LOC111102989	0.314372598859787
"unknown"	unknown	5	LOC111132794	0.387001949279438
"unknown"	unknown	5	LOC111117041	0.22886719506771
"unknown"	unknown	5	LOC111133664	0.799583087808717
"unknown"	unknown	5	LOC111106050	-0.123106654346482
"unknown"	unknown	5	LOC111103007	-0.301131817320226
"unknown"	unknown	5	LOC111137495	-0.496564846321135
"unknown"	unknown	5	LOC111111479	-1.18559258583066
"unknown"	unknown	5	LOC111136923	0.93344840296162
"unknown"	unknown	5	LOC111126021	0.308156312726228
"unknown"	unknown	5	LOC111121411	-0.521403821495265
"unknown"	unknown	5	LOC111104644	1.05877906788102
"unknown"	unknown	5	LOC111137350	1.73641184316529
"unknown"	unknown	5	LOC111132079	-3.1301887975279
"unknown"	unknown	5	LOC111110168	0.166391258229626
"unknown"	unknown	5	LOC111119716	-0.179077477984428
"unknown"	unknown	5	LOC111117913	-0.182723621275614
"unknown"	unknown	5	LOC111100471	-0.723169288408892
"unknown"	unknown	5	LOC111123358	0.488783619944723
"unknown"	unknown	5	LOC111104144	1.91530001065838
"unknown"	unknown	5	LOC111102718	-0.339862411978882
"unknown"	unknown	5	LOC111110713	2.17207656987277
"unknown"	unknown	5	LOC111136695	-0.949498361811653
"unknown"	unknown	5	LOC111104015	-1.48586724362425
"unknown"	unknown	5	LOC111137609	-0.971454408198876
"unknown"	unknown	5	LOC111129982	-0.00220603966294184
"unknown"	unknown	5	LOC111115675	-2.29849296453341
"unknown"	unknown	5	LOC111128938	-0.155803563700346
"unknown"	unknown	5	LOC111130780	-0.540033790026341
"unknown"	unknown	5	LOC111129711	-1.0709710848122
"unknown"	unknown	5	LOC111121123	-0.204774512505681
"unknown"	unknown	5	LOC111117881	-0.56328881226802
"unknown"	unknown	5	LOC111124951	0.406171463483384
"unknown"	unknown	5	LOC111108443	0.248965010732096
"unknown"	unknown	5	LOC111137134	-0.657024828909827
"unknown"	unknown	5	LOC111101543	0.199226923791914
"unknown"	unknown	5	LOC111123959	0.321498382800727
"unknown"	unknown	5	LOC111111833	0.554331200634617
"unknown"	unknown	5	LOC111107675	0.284285007696379
"unknown"	unknown	5	LOC111129530	0.619935177314522
"unknown"	unknown	5	LOC111115336	0.302112675469272
"unknown"	unknown	5	LOC111112408	0.238979350113061
"unknown"	unknown	5	LOC111114882	-1.70316788693853
"unknown"	unknown	5	LOC111130827	-0.235102800431618
"unknown"	unknown	5	LOC111134877	-4.5628212272542
"unknown"	unknown	5	LOC111105775	1.53451117442261
"unknown"	unknown	5	LOC111127368	-1.06704865637731
"unknown"	unknown	5	LOC111123253	-0.875729296430101
"unknown"	unknown	5	LOC111127034	-2.15274863077624
"unknown"	unknown	5	LOC111108279	2.91093229510913
"unknown"	unknown	5	LOC111122926	-0.0489741030894058
"unknown"	unknown	5	LOC111103495	0.796837854185033
"unknown"	unknown	5	LOC111107370	0.568068877118089
"unknown"	unknown	5	LOC111099179	2.07375401189813
"unknown"	unknown	5	LOC111110511	0.238848326456661
"unknown"	unknown	5	LOC111111524	-2.81687506683941
"unknown"	unknown	5	LOC111137113	-0.256155988953172
"unknown"	unknown	5	LOC111131031	0.39139377526545
"unknown"	unknown	5	LOC111121339	-0.250822707407878
"unknown"	unknown	5	LOC111123001	-3.7722368484043
"unknown"	unknown	5	LOC111123599	43.8959987871824
"unknown"	unknown	5	LOC111121223	-0.140418276622943
"unknown"	unknown	5	LOC111111589	0.52157107702431
"unknown"	unknown	5	LOC111113240	-0.0232498303180109
"unknown"	unknown	5	LOC111108920	-0.38452759089172
"unknown"	unknown	5	LOC111117488	-0.334218882780021
"unknown"	unknown	5	LOC111120175	0.482046049998778
"unknown"	unknown	5	LOC111128895	-0.0531141669187835
"unknown"	unknown	5	LOC111108463	-0.409248768857349
"unknown"	unknown	5	LOC111108339	0.703924433557204
"unknown"	unknown	5	LOC111099892	-0.0650604664434484
"unknown"	unknown	5	LOC111119189	-0.111094431454641
"unknown"	unknown	5	LOC111127541	0.710156356378203
"unknown"	unknown	5	LOC111101013	-0.338337367814798
"unknown"	unknown	5	LOC111131490	0.0358888478241531
"unknown"	unknown	5	LOC111129310	0.786967076219515
"unknown"	unknown	5	LOC111103428	0.988584710586302
"unknown"	unknown	5	LOC111131176	0.578073035909697
"unknown"	unknown	5	LOC111126556	0.0749820473018134
"unknown"	unknown	5	LOC111133150	-0.168799567052664
"unknown"	unknown	5	LOC111128956	0.140253366980148
"unknown"	unknown	5	LOC111136863	-6.31578752655099
"unknown"	unknown	5	LOC111105745	3.09658622581085
"unknown"	unknown	5	LOC111134348	-1.47294888834112
"unknown"	unknown	5	LOC111134968	-2.06619701359039
"unknown"	unknown	5	LOC111109726	0.331616441891156
"unknown"	unknown	5	LOC111121764	-0.410044100231068
"unknown"	unknown	5	LOC111134560	-0.451795503212043
"unknown"	unknown	5	LOC111123269	-0.367632793057242
"unknown"	unknown	5	LOC111127998	-1.69529841416209
"unknown"	unknown	5	LOC111112351	1.21352716381866
"unknown"	unknown	5	LOC111112591	0.545234198353086
"unknown"	unknown	5	LOC111129232	-0.366419778091015
"unknown"	unknown	5	LOC111104308	-0.482855053224814
"unknown"	unknown	5	LOC111118810	-1.67539251526908
"unknown"	unknown	5	LOC111120418	1.11552275954166
"unknown"	unknown	5	LOC111103377	0.163476081718945
"unknown"	unknown	5	LOC111121600	0.519548431798406
"unknown"	unknown	5	LOC111110261	-0.233765328255584
"unknown"	unknown	5	LOC111125923	-0.334994224214354
"unknown"	unknown	5	LOC111123380	0.00383776294849783
"unknown"	unknown	5	LOC111111285	-18.5607507961984
"unknown"	unknown	5	LOC111130612	0.111653819985248
"unknown"	unknown	5	LOC111133349	2.30250588640508
"unknown"	unknown	5	LOC111133719	1.98367421208778
"unknown"	unknown	5	LOC111135157	-0.0915055229187176
"unknown"	unknown	5	LOC111137846	0.341061795485081
"unknown"	unknown	5	LOC111108537	-1.85833550337821
"unknown"	unknown	5	LOC111136616	-2.18803514882463
"unknown"	unknown	5	LOC111112499	0.349669630661345
"unknown"	unknown	5	LOC111106530	-0.196810326776089
"unknown"	unknown	5	LOC111111511	2.35231976061422
"unknown"	unknown	5	LOC111119330	-0.40029295879581
"unknown"	unknown	5	LOC111118798	-0.817611454266133
"unknown"	unknown	5	LOC111116236	0.87109055265553
"unknown"	unknown	5	LOC111132974	0.722822250428746
"unknown"	unknown	5	LOC111120472	2.01284138069851
"unknown"	unknown	5	LOC111125095	-0.486881521869287
"unknown"	unknown	5	LOC111123519	-0.253817675224197
"unknown"	unknown	5	LOC111112317	-0.335521590992579
"unknown"	unknown	5	LOC111128682	-0.0328276152034063
"unknown"	unknown	5	LOC111101155	0.305351281947949
"unknown"	unknown	5	LOC111109161	-0.723576179330544
"unknown"	unknown	5	LOC111107699	0.178110430598486
"unknown"	unknown	5	LOC111104930	0.154955410606258
"unknown"	unknown	5	LOC111106352	-2.22661686549007
"unknown"	unknown	5	LOC111126741	-0.251796345730363
"unknown"	unknown	5	LOC111134027	-0.334051564798256
"unknown"	unknown	5	LOC111100389	-0.750836912545652
"unknown"	unknown	5	LOC111130062	0.179123977736504
"unknown"	unknown	5	LOC111132913	-0.787987425822114
"unknown"	unknown	5	LOC111136889	2.25511139752992
"unknown"	unknown	5	LOC111137833	0.282159509649288
"unknown"	unknown	5	LOC111106891	1.1058313958093
"unknown"	unknown	5	LOC111101792	1.78408766219967
"unknown"	unknown	5	LOC111132825	-0.450302654756046
"unknown"	unknown	5	LOC111112513	-0.958329685065003
"unknown"	unknown	5	LOC111121709	-1.46992573314695
"unknown"	unknown	5	LOC111138067	-0.145950326085101
"unknown"	unknown	5	LOC111105840	-0.0743924305976375
"unknown"	unknown	5	LOC111106292	-1.20306096842465
"unknown"	unknown	5	LOC111123867	-0.722711751207425
"unknown"	unknown	5	LOC111115965	-0.826265778714778
"unknown"	unknown	5	LOC111116091	0.453731581355624
"unknown"	unknown	5	LOC111116000	-0.647225482400847
"unknown"	unknown	5	LOC111133443	0.470995763967635
"unknown"	unknown	5	LOC111124516	0.0619720232196129
"unknown"	unknown	5	LOC111118812	0.235450053807278
"unknown"	unknown	5	LOC111105175	0.153240912487453
"unknown"	unknown	5	LOC111108335	0.221284963885794
"unknown"	unknown	5	LOC111122726	-0.0111923756588112
"unknown"	unknown	5	LOC111111821	0.619191170265252
"unknown"	unknown	5	LOC111120468	0.281731023128414
"unknown"	unknown	5	LOC111128977	0.714872349880998
"unknown"	unknown	5	LOC111131281	-0.0825852078034044
"unknown"	unknown	5	LOC111126285	1.35124215268048
"unknown"	unknown	5	LOC111101534	0.190272994624033
"unknown"	unknown	5	LOC111112057	-1.26365572374895
"unknown"	unknown	5	LOC111115075	-1.13226636810142
"unknown"	unknown	5	LOC111122722	-0.363942423994743
"unknown"	unknown	5	LOC111116661	-2.10616483036221
"unknown"	unknown	5	LOC111125600	0.341605617810994
"unknown"	unknown	5	LOC111113511	0.469111589680388
"unknown"	unknown	5	LOC111103564	0.681313685827209
"unknown"	unknown	5	LOC111135275	1.09361310679346
"unknown"	unknown	5	LOC111106399	1.27157501111957
"unknown"	unknown	5	LOC111107166	-11.3720080903577
"unknown"	unknown	5	LOC111133684	-1.22794441660279
"unknown"	unknown	5	LOC111136776	0.533189069179687
"unknown"	unknown	5	LOC111127940	-0.653102206137671
"unknown"	unknown	5	LOC111100709	0.0106097890347822
"unknown"	unknown	5	LOC111106715	-0.0343787930599238
"unknown"	unknown	5	LOC111119407	0.613165735614266
"unknown"	unknown	5	LOC111103791	-0.165802845772847
"unknown"	unknown	5	LOC111133877	1.6458363135568
"unknown"	unknown	5	LOC111127306	-0.0131153321586787
"unknown"	unknown	5	LOC111115203	0.12602198455011
"unknown"	unknown	5	LOC111120965	-2.94009388613788
"unknown"	unknown	5	LOC111126292	-1.58105835004134
"unknown"	unknown	5	LOC111099632	0.00745647791916708
"unknown"	unknown	5	LOC111108901	-1.89189593137102
"unknown"	unknown	5	LOC111101752	0.209869279543015
"unknown"	unknown	5	LOC111101257	-1.38090164817075
"unknown"	unknown	5	LOC111133487	-0.587376129231669
"unknown"	unknown	5	LOC111112308	0.0938696668941653
"unknown"	unknown	5	LOC111107611	1.18385042585297
"unknown"	unknown	5	LOC111131414	-0.180686660573203
"unknown"	unknown	5	LOC111107287	0.544546802704274
"unknown"	unknown	5	LOC111117340	-0.757584962996623
"unknown"	unknown	5	LOC111135170	0.460963586883069
"unknown"	unknown	5	LOC111131297	-3.29078962583106
"unknown"	unknown	5	LOC111119000	0.0957071021843809
"unknown"	unknown	5	LOC111105396	-0.712514986346913
"unknown"	unknown	5	LOC111121787	0.44169596154546
"unknown"	unknown	5	LOC111103139	0.0465394454163437
"unknown"	unknown	5	LOC111115894	0.555049150554042
"unknown"	unknown	5	LOC111130721	-2.62112159552959
"unknown"	unknown	5	LOC111125226	-0.341149529889561
"unknown"	unknown	5	LOC111110324	-0.871625272016261
"unknown"	unknown	5	LOC111108001	-0.43286122670672
"unknown"	unknown	5	LOC111127381	0.412939839668487
"unknown"	unknown	5	LOC111120255	-0.780393044268948
"unknown"	unknown	5	LOC111130023	-0.73904705458711
"unknown"	unknown	5	LOC111136735	0.709983977317147
"unknown"	unknown	5	LOC111137509	2.3079440820823
"unknown"	unknown	5	LOC111099547	3.08934015123338
"unknown"	unknown	5	LOC111104057	0.233006404413614
"unknown"	unknown	5	LOC111133029	0.963614637583949
"unknown"	unknown	5	LOC111134376	0.68495562498996
"unknown"	unknown	5	LOC111106600	-0.426398682633989
"unknown"	unknown	5	LOC111117442	0.32872024670077
"unknown"	unknown	5	LOC111128035	1.6472217569842
"unknown"	unknown	5	LOC111107468	1.4324554441692
"unknown"	unknown	5	LOC111118989	0.409030467779153
"unknown"	unknown	5	LOC111134032	0.33002534403239
"unknown"	unknown	5	LOC111132817	0.990712900414581
"unknown"	unknown	5	LOC111104875	-0.817600268362187
"unknown"	unknown	5	LOC111130628	-1.08605017804019
"unknown"	unknown	5	LOC111110372	-0.391577747777347
"unknown"	unknown	5	LOC111133706	0.229243996424009
"unknown"	unknown	5	LOC111101385	-0.260555180527735
"unknown"	unknown	5	LOC111132658	0.405875906231087
"unknown"	unknown	5	LOC111124915	-0.806670077780351
"unknown"	unknown	5	LOC111125141	-0.956882717002323
"unknown"	unknown	5	LOC111122418	0.848009713017185
"unknown"	unknown	5	LOC111103338	1.67797346112857
"unknown"	unknown	5	LOC111135574	-0.123928167884474
"unknown"	unknown	5	LOC111128527	0.105597495336451
"unknown"	unknown	5	LOC111103058	0.163486125927413
"unknown"	unknown	5	LOC111136688	-5.65958539793757
"unknown"	unknown	5	LOC111110858	0.797356336992394
"unknown"	unknown	5	LOC111125911	0.0960087441139836
"unknown"	unknown	5	LOC111131858	1.3664775725876
"unknown"	unknown	5	LOC111106644	-0.54586905661695
"unknown"	unknown	5	LOC111127872	0.339454811507299
"unknown"	unknown	5	LOC111136659	0.336372354936662
"unknown"	unknown	5	LOC111099776	-0.942775724725235
"unknown"	unknown	5	LOC111127643	2.24029889907311
"unknown"	unknown	5	LOC111130579	0.639792469746346
"unknown"	unknown	5	LOC111126758	-0.500236131325921
"unknown"	unknown	5	LOC111127399	-0.201618587634581
"unknown"	unknown	5	LOC111135394	0.0505731620519786
"unknown"	unknown	5	LOC111120781	-0.598766102212601
"unknown"	unknown	5	LOC111110243	0.012854607580596
"unknown"	unknown	5	LOC111111019	-0.101006593648703
"unknown"	unknown	5	LOC111104601	-0.447107475906745
"unknown"	unknown	5	LOC111101199	0.141800007175301
"unknown"	unknown	5	LOC111114629	-0.547740854827655
"unknown"	unknown	5	LOC111117283	-0.0567132895393306
"unknown"	unknown	5	LOC111133213	0.995275509876232
"unknown"	unknown	5	LOC111125429	-1.41875244340616
"unknown"	unknown	5	LOC111127345	0.334309795806922
"unknown"	unknown	5	LOC111105458	-0.796834116159174
"unknown"	unknown	5	LOC111105448	0.394248409853613
"unknown"	unknown	5	LOC111118408	0.156431472375536
"unknown"	unknown	5	LOC111113715	0.521625924829523
"unknown"	unknown	5	LOC111105234	0.170366798461704
"unknown"	unknown	5	LOC111131497	0.178974622159041
"unknown"	unknown	5	LOC111103144	-1.10723486589486
"unknown"	unknown	5	LOC111116593	-0.331030747710955
"unknown"	unknown	5	LOC111127903	0.0642813676363127
"unknown"	unknown	5	LOC111137068	0.246003012593269
"unknown"	unknown	5	LOC111121845	0.926684031392613
"unknown"	unknown	5	LOC111118226	2.670352033945
"unknown"	unknown	5	LOC111117394	-0.570779649155946
"unknown"	unknown	5	LOC111126102	0.85905074728959
"unknown"	unknown	5	LOC111132086	0.0338217721260173
"unknown"	unknown	5	LOC111108589	-1.32851956462875
"unknown"	unknown	5	LOC111130797	-0.403665868963242
"unknown"	unknown	5	LOC111120058	-0.334329593397783
"unknown"	unknown	5	LOC111116058	0.552887135882361
"unknown"	unknown	5	LOC111099191	-0.00815723128231864
"unknown"	unknown	5	LOC111136703	-1.11262342657911
"unknown"	unknown	5	LOC111114010	1.24185049452477
"unknown"	unknown	5	LOC111136594	0.457755014671106
"unknown"	unknown	5	LOC111128067	-0.615115713381362
"unknown"	unknown	5	LOC111108341	0.340868387774263
"unknown"	unknown	5	LOC111103736	0.220277477759361
"unknown"	unknown	5	LOC111114323	-0.604263614614015
"unknown"	unknown	5	LOC111137189	0.559577656516028
"unknown"	unknown	5	LOC111100819	0.0464564008151905
"unknown"	unknown	5	LOC111118088	-2.11160218455236
"unknown"	unknown	5	LOC111113067	-0.0348656984791606
"unknown"	unknown	5	LOC111129252	0.552773163457146
"unknown"	unknown	5	LOC111105525	4.56391216989005
"unknown"	unknown	5	LOC111104426	-0.206474784805724
"unknown"	unknown	5	LOC111099756	0.165896060284852
"unknown"	unknown	5	LOC111114543	0.116767798004042
"unknown"	unknown	5	LOC111120736	-0.617850303676871
"unknown"	unknown	5	LOC111123119	-0.597745867741049
"unknown"	unknown	5	LOC111133566	-0.0239023381037428
"unknown"	unknown	5	LOC111133255	-0.493523516943836
"unknown"	unknown	5	LOC111123762	-1.07644726056684
"unknown"	unknown	5	LOC111120009	-1.04130614817879
"unknown"	unknown	5	LOC111125780	0.937288073549128
"unknown"	unknown	5	LOC111134697	-0.880074744634127
"unknown"	unknown	5	LOC111116982	-0.599308279232682
"unknown"	unknown	5	LOC111118711	-0.270011962581568
"unknown"	unknown	5	LOC111100805	-1.95072698243636
"unknown"	unknown	5	LOC111117557	0.49118102093229
"unknown"	unknown	5	LOC111130716	1.12296974002814
"unknown"	unknown	5	LOC111125375	-0.0529863879413961
"unknown"	unknown	5	LOC111137191	-0.0343716862753076
"unknown"	unknown	5	LOC111136199	-0.0865798888138851
"unknown"	unknown	5	LOC111104249	-1.44271062637701
"unknown"	unknown	5	LOC111120122	0.160260591410869
"unknown"	unknown	5	LOC111134190	0.398764271190557
"unknown"	unknown	5	LOC111122989	-2.25377798060809
"unknown"	unknown	5	LOC111130731	0.136745099854781
"unknown"	unknown	5	LOC111119498	-1.44668021886768
"unknown"	unknown	5	LOC111103256	-2.60327517990267
"unknown"	unknown	5	LOC111102388	1.14914677191474
"unknown"	unknown	5	LOC111130999	0.356531470597172
"unknown"	unknown	5	LOC111135842	-0.751687081402911
"unknown"	unknown	5	LOC111126786	0.25549892744583
"unknown"	unknown	5	LOC111120943	0.279973475910073
"unknown"	unknown	5	LOC111135300	-0.571209876952657
"unknown"	unknown	5	LOC111110198	-0.493104053366008
"unknown"	unknown	5	LOC111103463	0.00855940396485402
"unknown"	unknown	5	LOC111137034	-2.334832531126
"unknown"	unknown	5	LOC111122448	0.0850855296851611
"unknown"	unknown	5	LOC111132981	0.879063920504153
"unknown"	unknown	5	LOC111125238	1.55606470334067
"unknown"	unknown	5	LOC111126380	0.395634890778558
"unknown"	unknown	5	LOC111099868	-0.357711567939259
"unknown"	unknown	5	LOC111107034	-0.100448170333254
"unknown"	unknown	5	LOC111137885	1.6340783184047
"unknown"	unknown	5	LOC111123527	-12.8205945338828
"unknown"	unknown	5	LOC111104580	-1.02643266943507
"unknown"	unknown	5	LOC111122134	0.113786063176316
"unknown"	unknown	5	LOC111122446	-0.635160375055038
"unknown"	unknown	5	LOC111124058	-2.00540122357638
"unknown"	unknown	5	LOC111134352	0.00741711423656051
"unknown"	unknown	5	LOC111115371	-0.340262144657991
"unknown"	unknown	5	LOC111106261	1.4606924926811
"unknown"	unknown	5	LOC111137125	-12.3747804457285
"unknown"	unknown	5	LOC111136874	-0.373726448435109
"unknown"	unknown	5	LOC111128953	-0.034354476989633
"unknown"	unknown	5	LOC111117471	0.168172195444787
"unknown"	unknown	5	LOC111102095	-0.12750557449925
"unknown"	unknown	5	LOC111126354	0.0689038261684446
"unknown"	unknown	5	LOC111116715	-0.0502253074711078
"unknown"	unknown	5	LOC111122935	-0.0232992525723971
"unknown"	unknown	5	LOC111122621	-0.489171229542441
"unknown"	unknown	5	LOC111126187	0.876448432159413
"unknown"	unknown	5	LOC111117499	-0.491175756937471
"unknown"	unknown	5	LOC111124593	0.227674529290544
"unknown"	unknown	5	LOC111134311	0.492584026639001
"unknown"	unknown	5	LOC111129505	0.406079635743708
"unknown"	unknown	5	LOC111130426	-0.194687749359426
"unknown"	unknown	5	LOC111129107	0.424739461589472
"unknown"	unknown	5	LOC111108989	-1.22727354054681
"unknown"	unknown	5	LOC111110908	0.240055714592767
"unknown"	unknown	5	LOC111112117	-1.7573793028776
"unknown"	unknown	5	LOC111134397	1.12380971551422
"unknown"	unknown	5	LOC111132680	0.711879052415368
"unknown"	unknown	5	LOC111117525	2.73743066275631
"unknown"	unknown	5	LOC111108415	-0.657824495255769
"unknown"	unknown	5	LOC111126998	-0.139887470118546
"unknown"	unknown	5	LOC111101242	1.80690570604428
"unknown"	unknown	5	LOC111101088	0.947373810530576
"unknown"	unknown	5	LOC111109208	-0.239588381437419
"unknown"	unknown	5	LOC111101252	0.752902954829055
"unknown"	unknown	5	LOC111129613	0.720283210455948
"unknown"	unknown	5	LOC111122391	-0.387786587992208
"unknown"	unknown	5	LOC111121284	-0.256271837588964
"unknown"	unknown	5	LOC111126436	-1.73228600347015
"unknown"	unknown	5	LOC111129809	-0.490118471440019
"unknown"	unknown	5	LOC111115399	-0.0503797286194253
"unknown"	unknown	5	LOC111124137	2.000131210497
"unknown"	unknown	5	LOC111133057	-1.83279960596308
"unknown"	unknown	5	LOC111110542	0.38809391255798
"unknown"	unknown	5	LOC111114673	0.168191857549859
"unknown"	unknown	5	LOC111131779	-0.494417955471634
"unknown"	unknown	5	LOC111116263	-0.185300378735389
"unknown"	unknown	5	LOC111124922	3.25688267835208
"unknown"	unknown	5	LOC111099646	0.266151551923953
"unknown"	unknown	5	LOC111102139	1.29174197521131
"unknown"	unknown	5	LOC111126876	-0.0537076732728531
"unknown"	unknown	5	LOC111129293	-1.55961626294553
"unknown"	unknown	5	LOC111103373	1.9028740893968
"unknown"	unknown	5	LOC111135096	-0.225373770520156
"unknown"	unknown	5	LOC111107928	-0.151463157476252
"unknown"	unknown	5	LOC111107296	1.47978783526152
"unknown"	unknown	5	LOC111123335	0.984812365619084
"unknown"	unknown	5	LOC111110019	-0.150424301345172
"unknown"	unknown	5	LOC111137470	0.430686947667806
"unknown"	unknown	5	LOC111110298	-1.14552481539276
"unknown"	unknown	5	LOC111123587	-0.144526482448999
"unknown"	unknown	5	LOC111132948	3.42242627074054
"unknown"	unknown	5	LOC111126065	1.25181446852052
"unknown"	unknown	5	LOC111129868	-0.698670159055295
"unknown"	unknown	5	LOC111133637	-0.554567029039798
"unknown"	unknown	5	LOC111102248	0.346914742463929
"unknown"	unknown	5	LOC111119091	0.222109891867526
"unknown"	unknown	5	LOC111121399	0.379894633907679
"unknown"	unknown	5	LOC111132782	1.663035232914
"unknown"	unknown	5	LOC111114802	7.07288763936378
"unknown"	unknown	5	LOC111103653	-0.291595243670142
"unknown"	unknown	5	LOC111106357	1.22578843364613
"unknown"	unknown	5	LOC111129676	1.21695842177741
"unknown"	unknown	5	LOC111110244	0.760758778849412
"unknown"	unknown	5	LOC111131849	0.46915596809468
"unknown"	unknown	5	LOC111102673	-1.2488558209492
"unknown"	unknown	5	LOC111106057	0.17460158963683
"unknown"	unknown	5	LOC111099517	-0.0458593721837924
"unknown"	unknown	5	LOC111116908	6.07497404404612
"unknown"	unknown	5	LOC111114724	-1.14728823567071
"unknown"	unknown	5	LOC111100330	1.75970902227961
"unknown"	unknown	5	LOC111110250	2.04942541560911
"unknown"	unknown	5	LOC111135435	1.12487491212789
"unknown"	unknown	5	LOC111114900	0.604345122026538
"unknown"	unknown	5	LOC111133333	0.206585650397687
"unknown"	unknown	5	LOC111099804	0.192481142995463
"unknown"	unknown	5	LOC111114603	0.605721377894285
"unknown"	unknown	5	LOC111130134	-0.313305502326062
"unknown"	unknown	5	LOC111127858	0.458535491651437
"unknown"	unknown	5	LOC111121499	0.0938699917107108
"unknown"	unknown	5	LOC111104529	-0.784524080643912
"unknown"	unknown	5	LOC111125360	0.183191054247271
"unknown"	unknown	5	LOC111118030	-0.76056844258243
"unknown"	unknown	5	LOC111101198	1.50008055481726
"unknown"	unknown	5	LOC111125881	-1.4564322659299
"unknown"	unknown	5	LOC111127649	-7.39219842183931
"unknown"	unknown	5	LOC111131458	-0.724675597947699
"unknown"	unknown	5	LOC111115093	1.02731843556775
"unknown"	unknown	5	LOC111133202	0.010811253761643
"unknown"	unknown	5	LOC111117728	0.472202362953024
"unknown"	unknown	5	LOC111119438	-0.198344098026531
"unknown"	unknown	5	LOC111124117	0.58348685937302
"unknown"	unknown	5	LOC111122494	2.30553455785781
"unknown"	unknown	5	LOC111111800	0.256763654732579
"unknown"	unknown	5	LOC111119261	-3.20824167281086
"unknown"	unknown	5	LOC111128161	0.17502999446135
"unknown"	unknown	5	LOC111132357	-1.56868551971385
"unknown"	unknown	5	LOC111112198	-0.473537046126518
"unknown"	unknown	5	LOC111103512	-0.594966603012913
"unknown"	unknown	5	LOC111122554	-0.216696218216259
"unknown"	unknown	5	LOC111121276	-2.71890035721886
"unknown"	unknown	5	LOC111104477	-0.404113291296065
"unknown"	unknown	5	LOC111131150	-0.796659169218624
"unknown"	unknown	5	LOC111123938	-0.278075380884536
"unknown"	unknown	5	LOC111102623	0.090618138340116
"unknown"	unknown	5	LOC111125810	1.4458580897387
"unknown"	unknown	5	LOC111129476	3.01739269038738
"unknown"	unknown	5	LOC111135586	0.256083321302253
"unknown"	unknown	5	LOC111103891	0.323614680252058
"unknown"	unknown	5	LOC111110748	-0.956275316566193
"unknown"	unknown	5	LOC111129953	0.250882376984295
"unknown"	unknown	5	LOC111115184	0.556842890828338
"unknown"	unknown	5	LOC111099603	-1.48608667019014
"unknown"	unknown	5	LOC111107739	1.6377852691693
"unknown"	unknown	5	LOC111124188	-0.309044661688013
"unknown"	unknown	5	LOC111134781	2.97612687012385
"unknown"	unknown	5	LOC111109918	17.2253978619643
"unknown"	unknown	5	LOC111123052	0.907341943835208
"unknown"	unknown	5	LOC111104965	-0.257330628234584
"unknown"	unknown	5	LOC111120168	0.640767694479163
"unknown"	unknown	5	LOC111103348	4.87890350946664
"unknown"	unknown	5	LOC111099429	-0.916605224145573
"unknown"	unknown	5	LOC111099628	0.482394456055552
"unknown"	unknown	5	LOC111138084	0.724950909366802
"unknown"	unknown	5	LOC111102755	-0.0164818289940805
"unknown"	unknown	5	LOC111130817	0.0828029993240344
"unknown"	unknown	5	LOC111132629	0.769298632047248
"unknown"	unknown	5	LOC111137839	0.226552336193851
"unknown"	unknown	5	LOC111109514	-0.0972675232811975
"unknown"	unknown	5	LOC111103971	-0.296917690431627
"unknown"	unknown	5	LOC111114635	-0.252588035876353
"unknown"	unknown	5	LOC111137132	0.161916351174926
"unknown"	unknown	5	LOC111119044	-0.940948889355678
"unknown"	unknown	5	LOC111134836	0.0699013111253991
"unknown"	unknown	5	LOC111119659	8.26168143078373
"unknown"	unknown	5	LOC111127800	-0.0503950622700115
"unknown"	unknown	5	LOC111138038	-0.0122549332737248
"unknown"	unknown	5	LOC111130902	0.521925718118515
"unknown"	unknown	5	LOC111134573	-0.481806998509089
"unknown"	unknown	5	LOC111132420	0.211216263758365
"unknown"	unknown	5	LOC111135714	-1.83978189674887
"unknown"	unknown	5	LOC111127475	-1.30466368888486
"unknown"	unknown	5	LOC111107159	-0.225225470539625
"unknown"	unknown	5	LOC111134057	2.62877743347842
"unknown"	unknown	5	LOC111111300	1.64739208973742
"unknown"	unknown	5	LOC111100619	-0.144717066077559
"unknown"	unknown	5	LOC111117877	2.92491146536952
"unknown"	unknown	5	LOC111122521	0.241703081335931
"unknown"	unknown	5	LOC111111982	-0.028206449089145
"unknown"	unknown	5	LOC111123226	0.165439906627706
"unknown"	unknown	5	LOC111111860	2.90321416491244
"unknown"	unknown	5	LOC111128133	0.335721814210805
"unknown"	unknown	5	LOC111106304	0.151936188680336
"unknown"	unknown	5	LOC111106503	-0.768683527583465
"unknown"	unknown	5	LOC111102685	1.37271264485366
"unknown"	unknown	5	LOC111128360	3.79182103382816
"unknown"	unknown	5	LOC111109116	0.185622287174113
"unknown"	unknown	5	LOC111132666	-0.650575267809854
"unknown"	unknown	5	LOC111134553	0.408414146304423
"unknown"	unknown	5	LOC111130872	-0.547310635356025
"unknown"	unknown	5	LOC111101828	0.0580222315615326
"unknown"	unknown	5	LOC111113333	0.353638231185764
"unknown"	unknown	5	LOC111127212	0.729425137772381
"unknown"	unknown	5	LOC111101918	-0.0406207878174273
"unknown"	unknown	5	LOC111104304	0.368960441433887
"unknown"	unknown	5	LOC111133775	0.21739439686006
"unknown"	unknown	5	LOC111102600	2.56735478728761
"unknown"	unknown	5	LOC111099703	-0.27507856939331
"unknown"	unknown	5	LOC111119292	-2.00040127445831
"unknown"	unknown	5	LOC111127367	1.24646592087557
"unknown"	unknown	5	LOC111117662	-0.533574691007088
"unknown"	unknown	5	LOC111128026	0.566253005759555
"unknown"	unknown	5	LOC111134047	0.831598925185927
"unknown"	unknown	5	LOC111130464	0.346911505313559
"unknown"	unknown	5	LOC111135292	1.32215654374221
"unknown"	unknown	5	LOC111132528	1.15150636238401
"unknown"	unknown	5	LOC111117381	0.0390031535527576
"unknown"	unknown	5	LOC111110686	1.40095090851762
"unknown"	unknown	5	LOC111128845	-0.894794998420172
"unknown"	unknown	5	LOC111105810	0.253258177565354
"unknown"	unknown	5	LOC111106015	1.19568683631479
"unknown"	unknown	5	LOC111131183	1.60960133059603
"unknown"	unknown	5	LOC111107714	0.679959700253393
"unknown"	unknown	5	LOC111117905	3.09847296175625
"unknown"	unknown	5	LOC111099158	-1.26947345504043
"unknown"	unknown	5	LOC111102881	0.00143959903277507
"unknown"	unknown	5	LOC111134264	-0.605908430811578
"unknown"	unknown	5	LOC111128607	0.254332689612824
"unknown"	unknown	5	LOC111128142	-1.12551763968515
"unknown"	unknown	5	LOC111100182	-0.676052361059976
"unknown"	unknown	5	LOC111100644	-0.0700022199840728
"unknown"	unknown	5	LOC111105958	-2.1308706674835
"unknown"	unknown	5	LOC111134923	0.00676270309180295
"unknown"	unknown	5	LOC111106711	-0.0344773568145815
"unknown"	unknown	5	LOC111103149	-0.372118504415874
"unknown"	unknown	5	LOC111106492	-0.860031435461045
"unknown"	unknown	5	LOC111116529	-0.722651150300008
"unknown"	unknown	5	LOC111103247	-0.0147122947397406
"unknown"	unknown	5	LOC111125899	-0.658380398863958
"unknown"	unknown	5	LOC111107512	-0.28885179272663
"unknown"	unknown	5	LOC111118794	-0.467550961740368
"unknown"	unknown	5	LOC111126005	-0.0853693946815583
"unknown"	unknown	5	LOC111123273	2.05573111842733
"unknown"	unknown	5	LOC111126660	0.391515453222267
"unknown"	unknown	5	LOC111105130	-0.339006481414936
"unknown"	unknown	5	LOC111101420	0.649945563248975
"unknown"	unknown	5	LOC111122302	0.608760679945309
"unknown"	unknown	5	LOC111106722	-0.0344283349345134
"unknown"	unknown	5	LOC111114797	-1.88300601713264
"unknown"	unknown	5	LOC111138140	0.87619303762073
"unknown"	unknown	5	LOC111100450	0.499405621822535
"unknown"	unknown	5	LOC111123510	-0.0596601007924627
"unknown"	unknown	5	LOC111126326	-0.526639725321139
"unknown"	unknown	5	LOC111111167	-0.185630544366136
"unknown"	unknown	5	LOC111126851	0.424055371813535
"unknown"	unknown	5	LOC111105312	2.69352299406511
"unknown"	unknown	5	LOC111112711	0.3879118327412
"unknown"	unknown	5	LOC111127570	-0.736481749733394
"unknown"	unknown	5	LOC111120946	-0.245641893858471
"unknown"	unknown	5	LOC111121115	0.371432698777404
"unknown"	unknown	5	LOC111125935	1.94120622368139
"unknown"	unknown	5	LOC111105851	1.8089685794668
"unknown"	unknown	5	LOC111117802	0.417330183900423
"unknown"	unknown	5	LOC111125683	1.28459956449906
"unknown"	unknown	5	LOC111128080	-2.27815184588903
"unknown"	unknown	5	LOC111102396	0.018476283969567
"unknown"	unknown	5	LOC111099595	0.985318176411711
"unknown"	unknown	5	LOC111122003	0.309555116688191
"unknown"	unknown	5	LOC111118402	-0.5314068353547
"unknown"	unknown	5	LOC111133141	-0.146904833048918
"unknown"	unknown	5	LOC111111104	1.74504519125511
"unknown"	unknown	5	LOC111135579	1.96021730008215
"unknown"	unknown	5	LOC111137554	0.0509089637724386
"unknown"	unknown	5	LOC111123482	0.855081147708128
"unknown"	unknown	5	LOC111111907	0.0148109194779819
"unknown"	unknown	5	LOC111129490	1.56782806585362
"unknown"	unknown	5	LOC111101634	-0.617276846499382
"unknown"	unknown	5	LOC111106613	0.600664158142435
"unknown"	unknown	5	LOC111115172	1.15598485908414
"unknown"	unknown	5	LOC111114288	0.394410697463372
"unknown"	unknown	5	LOC111134503	1.12827786772318
"unknown"	unknown	5	LOC111137697	-0.0343727006254984
"unknown"	unknown	5	LOC111113819	0.589673824177786
"unknown"	unknown	5	LOC111117475	2.62156391279099
"unknown"	unknown	5	LOC111130918	0.460926430681508
"unknown"	unknown	5	LOC111130833	0.413125397846864
"unknown"	unknown	5	LOC111123962	0.278005774120461
"unknown"	unknown	5	LOC111104592	-2.70839976414716
"unknown"	unknown	5	LOC111127117	0.121668062186336
"unknown"	unknown	5	LOC111115955	-0.370044680859641
"unknown"	unknown	5	LOC111133506	-0.326855197794197
"unknown"	unknown	5	LOC111110786	-0.850119709618017
"unknown"	unknown	5	LOC111107486	-1.53187175443442
"unknown"	unknown	5	LOC111129996	-2.31087148219577
"unknown"	unknown	5	LOC111118755	0.436204913423743
"unknown"	unknown	5	LOC111118390	-0.200283559249348
"unknown"	unknown	5	LOC111124395	-0.0343515809400976
"unknown"	unknown	5	LOC111126372	-0.143664813890264
"unknown"	unknown	5	LOC111118949	-0.260868965411152
"unknown"	unknown	5	LOC111106649	-0.106525434269535
"unknown"	unknown	5	LOC111105353	-0.969844686275926
"unknown"	unknown	5	LOC111133600	0.0521393235596107
"unknown"	unknown	5	LOC111117120	0.342930319304521
"unknown"	unknown	5	LOC111130686	0.735115121950804
"unknown"	unknown	5	LOC111118292	1.10671687953764
"unknown"	unknown	5	LOC111111401	-0.448632496683221
"unknown"	unknown	5	LOC111101980	-0.974014602654627
"unknown"	unknown	5	LOC111123868	-0.814436258598208
"unknown"	unknown	5	LOC111136909	0.183415670464992
"unknown"	unknown	5	LOC111114985	1.80530999999498
"unknown"	unknown	5	LOC111135691	0.567915306250094
"unknown"	unknown	5	LOC111112471	0.0513674476376306
"unknown"	unknown	5	LOC111122887	1.03016093964017
"unknown"	unknown	5	LOC111135955	2.42977677780843
"unknown"	unknown	5	LOC111101381	-0.41610748580957
"unknown"	unknown	5	LOC111103357	4.02971546648731
"unknown"	unknown	5	LOC111132804	-0.27236421378654
"unknown"	unknown	5	LOC111113316	0.34456790728613
"unknown"	unknown	5	LOC111136081	0.306608716489898
"unknown"	unknown	5	LOC111124223	-2.58405167608227
"unknown"	unknown	5	LOC111137685	1.05069911775224
"unknown"	unknown	5	LOC111121900	0.3945103832243
"unknown"	unknown	5	LOC111129067	0.111352866960993
"unknown"	unknown	5	LOC111112425	0.151546953187307
"unknown"	unknown	5	LOC111100845	0.0961079158625373
"unknown"	unknown	5	LOC111107406	-0.436451768294698
"unknown"	unknown	5	LOC111114517	2.24130560353761
"unknown"	unknown	5	LOC111135332	0.98536152405996
"unknown"	unknown	5	LOC111121468	-1.06303458054629
"unknown"	unknown	5	LOC111137896	-0.123955195598449
"unknown"	unknown	5	LOC111126827	0.0438580695253286
"unknown"	unknown	5	LOC111110185	1.3834720842313
"unknown"	unknown	5	LOC111132121	-16.2358075647366
"unknown"	unknown	5	LOC111111325	-0.266091807520489
"unknown"	unknown	5	LOC111118513	1.22303958801159
"unknown"	unknown	5	LOC111109533	-3.30907410963463
"unknown"	unknown	5	LOC111137549	-0.311414841599686
"unknown"	unknown	5	LOC111107059	-0.120768411347764
"unknown"	unknown	5	LOC111124010	0.0367307393822022
"unknown"	unknown	5	LOC111107261	0.245723876127996
"unknown"	unknown	5	LOC111112071	0.48674173821919
"unknown"	unknown	5	LOC111113595	0.130135983769545
"unknown"	unknown	5	LOC111121510	0.807602367980546
"unknown"	unknown	5	LOC111121624	-1.93013640408802
"unknown"	unknown	5	LOC111112905	-0.431823745909811
"unknown"	unknown	5	LOC111103032	0.706141046730163
"unknown"	unknown	5	LOC111112942	-0.00778978070673735
"unknown"	unknown	5	LOC111137721	-3.13872088497126
"unknown"	unknown	5	LOC111101113	-0.0258326841504589
"unknown"	unknown	5	LOC111136916	0.786963719775502
"unknown"	unknown	5	LOC111106226	0.000914361618190819
"unknown"	unknown	5	LOC111122289	0.821196609603501
"unknown"	unknown	5	LOC111138400	-2.06571924946521
"unknown"	unknown	5	LOC111106423	0.9199137944677
"unknown"	unknown	5	LOC111118111	1.2453252292502
"unknown"	unknown	5	LOC111121605	-2.56100709822061
"unknown"	unknown	5	LOC111129342	-0.380029971664645
"unknown"	unknown	5	LOC111108399	0.22589950789125
"unknown"	unknown	5	LOC111129629	0.321243589607065
"unknown"	unknown	5	LOC111101941	1.68768353974901
"unknown"	unknown	5	LOC111134133	-0.347791344263204
"unknown"	unknown	5	LOC111136590	0.547578201575298
"unknown"	unknown	5	LOC111103561	0.0214910780421595
"unknown"	unknown	5	LOC111115718	0.614199742521059
"unknown"	unknown	5	LOC111137506	-0.309100917088248
"unknown"	unknown	5	LOC111134106	0.50124918122855
"unknown"	unknown	5	LOC111118320	-0.0312824676652672
"unknown"	unknown	5	LOC111112582	-4.19650724920041
"unknown"	unknown	5	LOC111113912	0.230055048881203
"unknown"	unknown	5	LOC111138244	1.59682215228689
"unknown"	unknown	5	LOC111133495	-0.0367913011691907
"unknown"	unknown	5	LOC111126050	-0.879736259141037
"unknown"	unknown	5	LOC111137986	1.75430807502302
"unknown"	unknown	5	LOC111117622	0.436704911918644
"unknown"	unknown	5	LOC111137339	0.195775492469065
"unknown"	unknown	5	LOC111113149	0.00735184662292259
"unknown"	unknown	5	LOC111117217	-0.301136230945575
"unknown"	unknown	5	LOC111105470	-0.500937766334802
"unknown"	unknown	5	LOC111106031	4.01732863899556
"unknown"	unknown	5	LOC111117064	-0.981769341778814
"unknown"	unknown	5	LOC111138039	1.70720483886257
"unknown"	unknown	5	LOC111106890	-0.428570087035763
"unknown"	unknown	5	LOC111135560	-0.422076204582634
"unknown"	unknown	5	LOC111114174	0.56380359242221
"unknown"	unknown	5	LOC111133082	-0.262437369346068
"unknown"	unknown	5	LOC111103950	1.6643202176491
"unknown"	unknown	5	LOC111119743	0.25130126049814
"unknown"	unknown	5	LOC111107186	0.00705619572544296
"unknown"	unknown	5	LOC111124322	-0.863684128438979
"unknown"	unknown	5	LOC111137101	-0.0782781333688681
"unknown"	unknown	5	LOC111126211	-0.454743589122452
"unknown"	unknown	5	LOC111103776	-0.667353289353392
"unknown"	unknown	5	LOC111102711	-3.65556214327255
"unknown"	unknown	5	LOC111136546	-1.80211642497972
"unknown"	unknown	5	LOC111131614	-2.35091287253267
"unknown"	unknown	5	LOC111131027	1.36830016066358
"unknown"	unknown	5	LOC111111607	-2.41470693645675
"unknown"	unknown	5	LOC111130127	0.303332974581751
"unknown"	unknown	5	LOC111134680	8.67335041593125
"unknown"	unknown	5	LOC111120093	1.42168076423682
"unknown"	unknown	5	LOC111135069	-0.442415678489847
"unknown"	unknown	5	LOC111111332	0.316472104514402
"unknown"	unknown	5	LOC111101444	0.770985627715731
"unknown"	unknown	5	LOC111124744	0.055605812559266
"unknown"	unknown	5	LOC111103847	0.737600602840974
"unknown"	unknown	5	LOC111114560	0.579040419024915
"unknown"	unknown	5	LOC111103143	-0.797314084419408
"unknown"	unknown	5	LOC111130914	0.179939156973795
"unknown"	unknown	5	LOC111124794	1.6431867291208
"unknown"	unknown	5	LOC111107251	-0.237504120319319
"unknown"	unknown	5	LOC111099997	-0.374000697894143
"unknown"	unknown	5	LOC111120285	1.28795500019757
"unknown"	unknown	5	LOC111104025	0.664886938817126
"unknown"	unknown	5	LOC111135029	-1.1378101874107
"unknown"	unknown	5	LOC111129564	-0.0462013212505089
"unknown"	unknown	5	LOC111102420	-0.355579598290725
"unknown"	unknown	5	LOC111119408	-0.043902812819225
"unknown"	unknown	5	LOC111136285	0.0737014722990963
"unknown"	unknown	5	LOC111122606	-0.418262330545815
"unknown"	unknown	5	LOC111110435	-0.470890966332693
"unknown"	unknown	5	LOC111118515	2.08914724035128
"unknown"	unknown	5	LOC111123232	0.684051963883627
"unknown"	unknown	5	LOC111137054	1.17228568220614
"unknown"	unknown	5	LOC111112421	-0.399436437941381
"unknown"	unknown	5	LOC111130643	0.432591176579013
"unknown"	unknown	5	LOC111116034	0.138656305252341
"unknown"	unknown	5	LOC111106216	0.985704135339199
"unknown"	unknown	5	LOC111125597	0.108654272326805
"unknown"	unknown	5	LOC111122314	-0.497303405465045
"unknown"	unknown	5	LOC111110221	0.385861903645474
"unknown"	unknown	5	LOC111112381	-0.338329493429587
"unknown"	unknown	5	LOC111102492	-0.180739665058288
"unknown"	unknown	5	LOC111119227	1.86374508638372
"unknown"	unknown	5	LOC111133559	0.582150374724635
"unknown"	unknown	5	LOC111103816	0.0804896004230608
"unknown"	unknown	5	LOC111136777	0.170686788421468
"unknown"	unknown	5	LOC111117231	-0.37322440830896
"unknown"	unknown	5	LOC111131871	1.62987188017392
"unknown"	unknown	5	LOC111121261	-0.226480803579208
"unknown"	unknown	5	LOC111135679	2.93858853315688
"unknown"	unknown	5	LOC111113381	-0.922432852949518
"unknown"	unknown	5	LOC111131538	-8.6906087464144
"unknown"	unknown	5	LOC111135758	0.504035752562834
"unknown"	unknown	5	LOC111127298	0.00869836635813248
"unknown"	unknown	5	LOC111117704	0.757060346262447
"unknown"	unknown	5	LOC111135171	-0.9326323589759
"unknown"	unknown	5	LOC111109742	-1.0509479803169
"unknown"	unknown	5	LOC111124324	0.138085416455924
"unknown"	unknown	5	LOC111126642	-0.653593161877203
"unknown"	unknown	5	LOC111125298	0.0963008623146823
"unknown"	unknown	5	LOC111101267	1.08563571544273
"unknown"	unknown	5	LOC111130664	-0.146008652660774
"unknown"	unknown	5	LOC111109563	-1.63129406042742
"unknown"	unknown	5	LOC111138239	0.242979255230385
"unknown"	unknown	5	LOC111136481	-0.400862561487435
"unknown"	unknown	5	LOC111119413	-0.278022941463302
"unknown"	unknown	5	LOC111120339	0.14063229732533
"unknown"	unknown	5	LOC111131259	4.09887783320155
"unknown"	unknown	5	LOC111137684	-0.564426159332929
"unknown"	unknown	5	LOC111105235	0.049319529653359
"unknown"	unknown	5	LOC111122350	0.679272778700763
"unknown"	unknown	5	LOC111121405	0.0887064736379084
"unknown"	unknown	5	LOC111118838	0.473010993767926
"unknown"	unknown	5	LOC111119559	-0.074042074714258
"unknown"	unknown	5	LOC111101132	-0.215525002505465
"unknown"	unknown	5	LOC111136063	-2.34359512604929
"unknown"	unknown	5	LOC111114894	-0.127555283346779
"unknown"	unknown	5	LOC111117879	0.195780308644336
"unknown"	unknown	5	LOC111104006	0.60531927647821
"unknown"	unknown	5	LOC111135135	0.522441249295374
"unknown"	unknown	5	LOC111130435	0.999414650269226
"unknown"	unknown	5	LOC111128193	-0.983386798970271
"unknown"	unknown	5	LOC111134809	-0.451260566109
"unknown"	unknown	5	LOC111113338	3.80274591181794
"unknown"	unknown	5	LOC111132958	0.0407125159110037
"unknown"	unknown	5	LOC111111508	-1.40518329327661
"unknown"	unknown	5	LOC111125853	-0.0797493187185411
"unknown"	unknown	5	LOC111116850	0.303927813673921
"unknown"	unknown	5	LOC111120851	-1.93605124342974
"unknown"	unknown	5	LOC111112794	-0.135276458411127
"unknown"	unknown	5	LOC111125018	-0.37985508028673
"unknown"	unknown	5	LOC111130617	-0.195349176308805
"unknown"	unknown	5	LOC111130280	3.56480690007647
"unknown"	unknown	5	LOC111132133	1.54170538331369
"unknown"	unknown	5	LOC111125318	-0.698536818618912
"unknown"	unknown	5	LOC111137537	-1.73560184986129
"unknown"	unknown	5	LOC111130349	0.624813801550972
"unknown"	unknown	5	LOC111130074	0.644834170116502
"unknown"	unknown	5	LOC111137868	0.00520226097413954
"unknown"	unknown	5	LOC111114994	-0.252298428944235
"unknown"	unknown	5	LOC111134370	-0.400603314300196
"unknown"	unknown	5	LOC111132557	1.25943176815146
"unknown"	unknown	5	LOC111125244	-0.901782930809926
"unknown"	unknown	5	LOC111105709	0.813442669404114
"unknown"	unknown	5	LOC111129789	0.203164670387568
"unknown"	unknown	5	LOC111130974	0.251452043117637
"unknown"	unknown	5	LOC111136544	1.65899268052584
"unknown"	unknown	5	LOC111117468	-0.157208557856577
"unknown"	unknown	5	LOC111111307	-0.975099426101104
"unknown"	unknown	5	LOC111104598	0.680288041953283
"unknown"	unknown	5	LOC111106273	0.398312449361536
"unknown"	unknown	5	LOC111115210	0.190277291303084
"unknown"	unknown	5	LOC111106070	0.62667471681156
"unknown"	unknown	5	LOC111124528	-2.52282246033165
"unknown"	unknown	5	LOC111117341	0.16785561619962
"unknown"	unknown	5	LOC111116689	0.14150213123664
"unknown"	unknown	5	LOC111099068	-0.783918040499653
"unknown"	unknown	5	LOC111103547	-0.231862710214855
"unknown"	unknown	5	LOC111129943	4.24283464292463
"unknown"	unknown	5	LOC111137480	-0.272349780354807
"unknown"	unknown	5	LOC111137638	-0.227216508492019
"unknown"	unknown	5	LOC111134521	-0.486086688393419
"unknown"	unknown	5	LOC111124588	0.26256976169853
"unknown"	unknown	5	LOC111125454	-1.3800303044843
"unknown"	unknown	5	LOC111114932	0.322080729864683
"unknown"	unknown	5	LOC111117206	-1.57562155581578
"unknown"	unknown	5	LOC111100201	-1.25822632697879
"unknown"	unknown	5	LOC111101803	-0.190977705945883
"unknown"	unknown	5	LOC111131489	-0.47399658560629
"unknown"	unknown	5	LOC111105025	-1.75992103773997
"unknown"	unknown	5	LOC111133957	-1.22290010829078
"unknown"	unknown	5	LOC111104709	0.0539829372043561
"unknown"	unknown	5	LOC111123799	1.07637573920593
"unknown"	unknown	5	LOC111102729	0.189617433107726
"unknown"	unknown	5	LOC111131686	-3.31592382914341
"unknown"	unknown	5	LOC111104482	0.304762940222008
"unknown"	unknown	5	LOC111134841	-0.571329497442201
"unknown"	unknown	5	LOC111125527	-0.134291358714601
"unknown"	unknown	5	LOC111137037	0.149066930438993
"unknown"	unknown	5	LOC111104643	0.330872029871293
"unknown"	unknown	5	LOC111136443	-0.034362231056132
"unknown"	unknown	5	LOC111134953	0.477548455849823
"unknown"	unknown	5	LOC111115330	-3.62953708646888
"unknown"	unknown	5	LOC111137152	0.0558400764985499
"unknown"	unknown	5	LOC111123283	-0.610202335234651
"unknown"	unknown	5	LOC111100556	1.65182376778086
"unknown"	unknown	5	LOC111126777	0.203487268453749
"unknown"	unknown	5	LOC111125060	-0.263404180460776
"unknown"	unknown	5	LOC111112501	0.0394643536542117
"unknown"	unknown	5	LOC111125091	-1.45059686111568
"unknown"	unknown	5	LOC111130050	0.302446698701696
"unknown"	unknown	5	LOC111111365	0.312094429791992
"unknown"	unknown	5	LOC111138139	0.313127766778
"unknown"	unknown	5	LOC111110517	-0.420723775520703
"unknown"	unknown	5	LOC111137624	2.71858527029539
"unknown"	unknown	5	LOC111103519	0.61344495947815
"unknown"	unknown	5	LOC111119176	-1.0724819821519
"unknown"	unknown	5	LOC111115108	-0.269832635602331
"unknown"	unknown	5	LOC111138482	0.250923686518641
"unknown"	unknown	5	LOC111122885	0.877246639936374
"unknown"	unknown	5	LOC111105597	-1.07766226717551
"unknown"	unknown	5	LOC111106878	0.384374138536567
"unknown"	unknown	5	LOC111138224	-0.248005764366057
"unknown"	unknown	5	LOC111116791	0.951984846810173
"unknown"	unknown	5	LOC111129554	-0.163691539602822
"unknown"	unknown	5	LOC111123561	0.431242967133631
"unknown"	unknown	5	LOC111127332	-0.337188995554102
"unknown"	unknown	5	LOC111126842	1.4994938218201
"unknown"	unknown	5	LOC111112086	0.00209188174443047
"unknown"	unknown	5	LOC111128242	0.75641249726429
"unknown"	unknown	5	LOC111111174	0.654720451755889
"unknown"	unknown	5	LOC111103684	0.0524772755764457
"unknown"	unknown	5	LOC111114292	0.699813559431644
"unknown"	unknown	5	LOC111104271	0.0332923168922888
"unknown"	unknown	5	LOC111128417	-0.0873684001483824
"unknown"	unknown	5	LOC111123649	-0.485599799376276
"unknown"	unknown	5	LOC111119513	-0.185627831518113
"unknown"	unknown	5	LOC111137915	-0.397174230530178
"unknown"	unknown	5	LOC111134876	-0.0258843065056722
"unknown"	unknown	5	LOC111102468	-0.0232441960670607
"unknown"	unknown	5	LOC111118625	0.923122988395784
"unknown"	unknown	5	LOC111126315	1.00033083121533
"unknown"	unknown	5	LOC111135396	1.13291027378041
"unknown"	unknown	5	LOC111104616	0.503899426351075
"unknown"	unknown	5	LOC111100186	0.400955026680492
"unknown"	unknown	5	LOC111106531	0.087647906691914
"unknown"	unknown	5	LOC111130676	1.05077237657953
"unknown"	unknown	5	LOC111102584	0.483085208099343
"unknown"	unknown	5	LOC111109600	1.08183187922733
"unknown"	unknown	5	LOC111118154	-2.6928481815065
"unknown"	unknown	5	LOC111105183	0.996489109387832
"unknown"	unknown	5	LOC111121305	-1.06215841373861
"unknown"	unknown	5	LOC111124683	1.07755207196616
"unknown"	unknown	5	LOC111110791	-0.849054495395579
"unknown"	unknown	5	LOC111136018	0.351979803226669
"unknown"	unknown	5	LOC111102530	-0.426558469722691
"unknown"	unknown	5	LOC111102756	-0.241035153160167
"unknown"	unknown	5	LOC111129855	2.68022019042936
"unknown"	unknown	5	LOC111129465	-5.98990442625873
"unknown"	unknown	5	LOC111108951	-1.91127132055748
"unknown"	unknown	5	LOC111110236	0.0257364195270269
"unknown"	unknown	5	LOC111100838	0.00551337010745968
"unknown"	unknown	5	LOC111133691	1.709821768192
"unknown"	unknown	5	LOC111113408	1.52264492889539
"unknown"	unknown	5	LOC111123485	-0.169960879946918
"unknown"	unknown	5	LOC111116784	-0.190215268497815
"unknown"	unknown	5	LOC111104030	0.0281332339955901
"unknown"	unknown	5	LOC111128618	0.505989304650969
"unknown"	unknown	5	LOC111100688	0.242847182006278
"unknown"	unknown	5	LOC111103781	1.9198121395034
"unknown"	unknown	5	LOC111099872	0.236904062254606
"unknown"	unknown	5	LOC111117432	1.62911968533111
"unknown"	unknown	5	LOC111109781	-0.545130569675664
"unknown"	unknown	5	LOC111100756	1.69548851413418
"unknown"	unknown	5	LOC111103159	0.205492792930918
"unknown"	unknown	5	LOC111099734	0.609633405399449
"unknown"	unknown	5	LOC111121093	0.548932409265571
"unknown"	unknown	5	LOC111122961	0.39849724157083
"unknown"	unknown	5	LOC111136785	1.44515021442745
"unknown"	unknown	5	LOC111114819	-0.246849597618067
"unknown"	unknown	5	LOC111105824	2.30548130259174
"unknown"	unknown	5	LOC111126937	-0.692684293436218
"unknown"	unknown	5	LOC111108238	-1.40501259169365
"unknown"	unknown	5	LOC111101349	0.011316169060465
"unknown"	unknown	5	LOC111099082	-0.948736098974776
"unknown"	unknown	5	LOC111107419	0.813371968838442
"unknown"	unknown	5	LOC111137805	-0.244437852719932
"unknown"	unknown	5	LOC111113279	0.00455030686494474
"unknown"	unknown	5	LOC111125055	-2.20774426644704
"unknown"	unknown	5	LOC111110564	-0.498256329876858
"unknown"	unknown	5	LOC111105754	-1.0712677638923
"unknown"	unknown	5	LOC111121628	-1.1807079411309
"unknown"	unknown	5	LOC111103910	-0.369779734323008
"unknown"	unknown	5	LOC111115082	-0.0911811506445382
"unknown"	unknown	5	LOC111108963	-0.41416395260788
"unknown"	unknown	5	LOC111135156	0.599981689398522
"unknown"	unknown	5	LOC111133195	-0.750663886960894
"unknown"	unknown	5	LOC111111936	0.582579559894987
"unknown"	unknown	5	LOC111102645	-0.73625363505583
"unknown"	unknown	5	LOC111137429	0.130799443563134
"unknown"	unknown	5	LOC111123433	0.722538491648589
"unknown"	unknown	5	LOC111114693	0.261203071814178
"unknown"	unknown	5	LOC111104341	-0.007178224949757
"unknown"	unknown	5	LOC111118874	-1.05530186709592
"unknown"	unknown	5	LOC111135902	-0.38838199758425
"unknown"	unknown	5	LOC111124258	0.492797249485554
"unknown"	unknown	5	LOC111111673	-0.465172597199843
"unknown"	unknown	5	LOC111122822	-3.34681103668856
"unknown"	unknown	5	ND5	2.47869951656544
"unknown"	unknown	5	LOC111100416	-0.864759254443424
"unknown"	unknown	5	LOC111137310	12.1677005532241
"unknown"	unknown	5	LOC111115149	0.569277532316184
"unknown"	unknown	5	LOC111137766	0.338278937801724
"unknown"	unknown	5	LOC111101778	0.821892335100786
"unknown"	unknown	5	LOC111113512	-0.730287930738903
"unknown"	unknown	5	LOC111113220	-0.528913812581573
"unknown"	unknown	5	LOC111106752	1.84052299479078
"unknown"	unknown	5	LOC111116749	1.66660982535349
"unknown"	unknown	5	LOC111099135	0.190082186874927
"unknown"	unknown	5	LOC111129419	-0.780024343189332
"unknown"	unknown	5	LOC111110800	3.15629834474741
"unknown"	unknown	5	LOC111104565	-0.920650449106844
"unknown"	unknown	5	LOC111100894	-0.0110533364857719
"unknown"	unknown	5	LOC111115408	-0.00126472375188806
"unknown"	unknown	5	LOC111132711	-0.123138341461044
"unknown"	unknown	5	LOC111124634	-2.58547050260732
"unknown"	unknown	5	LOC111120757	-0.237431405879302
"unknown"	unknown	5	LOC111114107	0.153503037318789
"unknown"	unknown	5	LOC111114602	9.22959724073591
"unknown"	unknown	5	LOC111134093	5.27210238248158
"unknown"	unknown	5	LOC111132116	-0.386012765538814
"unknown"	unknown	5	LOC111128761	-0.223639712865561
"unknown"	unknown	5	LOC111131118	-0.191719692422749
"unknown"	unknown	5	LOC111108132	-2.04681291246307
"unknown"	unknown	5	LOC111127861	-9.00963346859201
"unknown"	unknown	5	LOC111116952	0.443736668150679
"unknown"	unknown	5	LOC111120002	-0.320791750926139
"unknown"	unknown	5	LOC111109513	-2.33325347032248
"unknown"	unknown	5	LOC111130035	0.473605365999253
"unknown"	unknown	5	LOC111106776	-0.954470489749678
"unknown"	unknown	5	LOC111104424	0.678379554520983
"unknown"	unknown	5	LOC111106025	-0.697404088446759
"unknown"	unknown	5	LOC111108457	-1.94289928025703
"unknown"	unknown	5	LOC111129472	-0.700235163312575
"unknown"	unknown	5	LOC111117472	1.11015415087692
"unknown"	unknown	5	LOC111100438	1.11246436311936
"unknown"	unknown	5	LOC111125513	0.747629320009792
"unknown"	unknown	5	LOC111127244	-1.00622632501182
"unknown"	unknown	5	LOC111121986	-3.24216377782146
"unknown"	unknown	5	LOC111124189	0.648702989906339
"unknown"	unknown	5	LOC111106559	-0.243948028029944
"unknown"	unknown	5	LOC111136648	-0.240461443777566
"unknown"	unknown	5	LOC111128116	-3.29578640613986
"unknown"	unknown	5	LOC111116861	-0.206545572087486
"unknown"	unknown	5	LOC111100855	-1.69515739622854
"unknown"	unknown	5	LOC111137672	-3.31627163608898
"unknown"	unknown	5	LOC111106566	-0.140004630701355
"unknown"	unknown	5	LOC111120082	-3.33364965283597
"unknown"	unknown	5	LOC111125482	1.51487301299996
"unknown"	unknown	5	LOC111118508	1.51239630898108
"unknown"	unknown	5	LOC111116907	0.0498287144072897
"unknown"	unknown	5	LOC111128185	0.644101054239896
"unknown"	unknown	5	LOC111129601	2.36545257783712
"unknown"	unknown	5	LOC111135423	0.0698524866470674
"unknown"	unknown	5	LOC111122827	0.373535448353161
"unknown"	unknown	5	LOC111112214	0.134421964662977
"unknown"	unknown	5	LOC111107735	-0.538553706169002
"unknown"	unknown	5	LOC111117070	0.450676780217051
"unknown"	unknown	5	LOC111126995	0.533881530031255
"unknown"	unknown	5	LOC111104765	-0.0766491070716897
"unknown"	unknown	5	LOC111103484	-1.68424887560289
"unknown"	unknown	5	LOC111120230	-1.37805162731104
"unknown"	unknown	5	LOC111099680	-0.497240394234625
"unknown"	unknown	5	LOC111099460	0.578705342716743
"unknown"	unknown	5	LOC111109705	1.02538147628736
"unknown"	unknown	5	LOC111116754	-0.534343897069407
"unknown"	unknown	5	LOC111102671	-1.19003878401521
"unknown"	unknown	5	LOC111101447	1.70647366462664
"unknown"	unknown	5	LOC111102826	-0.397868066252102
"unknown"	unknown	5	LOC111122147	-0.168761856044592
"unknown"	unknown	5	LOC111132592	-1.13819639369619
"unknown"	unknown	5	LOC111123954	-5.69325760425777
"unknown"	unknown	5	LOC111135263	1.13969076641785
"unknown"	unknown	5	LOC111102457	0.14346948300016
"unknown"	unknown	5	LOC111122705	0.676035364292731
"unknown"	unknown	5	LOC111129914	0.723956625638511
"unknown"	unknown	5	LOC111105984	-1.32702546556954
"unknown"	unknown	5	LOC111126239	-0.00589728426699384
"unknown"	unknown	5	LOC111133160	0.667075524568748
"unknown"	unknown	5	LOC111124975	-2.05690188454848
"unknown"	unknown	5	LOC111127924	6.08466402282229
"unknown"	unknown	5	LOC111126060	0.327601374641167
"unknown"	unknown	5	LOC111112616	-1.03501301242606
"unknown"	unknown	5	LOC111103397	0.743777783290655
"unknown"	unknown	5	LOC111106409	46.7989406536174
"unknown"	unknown	5	LOC111114467	0.41854037137382
"unknown"	unknown	5	LOC111107637	-0.386137240144679
"unknown"	unknown	5	LOC111121455	-0.484013370393101
"unknown"	unknown	5	LOC111120601	-0.512071198032901
"unknown"	unknown	5	LOC111137494	-0.520796263608129
"unknown"	unknown	5	LOC111124692	1.64342033582296
"unknown"	unknown	5	LOC111114483	-1.88393006400016
"unknown"	unknown	5	LOC111111066	-1.68252549647598
"unknown"	unknown	5	LOC111134970	0.0931634443130394
"unknown"	unknown	5	LOC111135476	-0.782689295875628
"unknown"	unknown	5	LOC111133393	0.43617670786357
"unknown"	unknown	5	LOC111104637	-0.0343716556528003
"unknown"	unknown	5	LOC111129250	-0.128135663832263
"unknown"	unknown	5	LOC111138032	0.180154700712019
"unknown"	unknown	5	LOC111101035	0.84262751969005
"unknown"	unknown	5	LOC111134639	0.373391704883198
"unknown"	unknown	5	LOC111127746	-0.105232850198563
"unknown"	unknown	5	LOC111118129	-1.98710663060973
"unknown"	unknown	5	LOC111120343	0.0151267383334546
"unknown"	unknown	5	LOC111125752	-3.10783030535629
"unknown"	unknown	5	LOC111130342	0.593917438923829
"unknown"	unknown	5	LOC111109946	2.31045712278646
"unknown"	unknown	5	LOC111102570	1.20213879671192
"unknown"	unknown	5	LOC111113295	-0.347648212879443
"unknown"	unknown	5	LOC111121759	-0.170283783082001
"unknown"	unknown	5	LOC111113321	-0.155659635361704
"unknown"	unknown	5	LOC111121430	0.525495491526993
"unknown"	unknown	5	LOC111136741	0.228848407936175
"unknown"	unknown	5	LOC111119134	0.635638567632375
"unknown"	unknown	5	LOC111113206	-0.389982969824455
"unknown"	unknown	5	LOC111114163	-0.32242797485728
"unknown"	unknown	5	LOC111120291	1.04379779849582
"unknown"	unknown	5	LOC111107948	3.74036257380815
"unknown"	unknown	5	LOC111124136	2.37932529090604
"unknown"	unknown	5	LOC111119273	7.3858274162398
"unknown"	unknown	5	LOC111121224	0.151242536293134
"unknown"	unknown	5	LOC111112407	-1.03281066053865
"unknown"	unknown	5	LOC111117700	0.055471748146925
"unknown"	unknown	5	LOC111125389	0.272347192504498
"unknown"	unknown	5	LOC111123640	0.184596499480099
"unknown"	unknown	5	LOC111127419	0.108239680327075
"unknown"	unknown	5	LOC111099928	-1.48364456981203
"unknown"	unknown	5	LOC111102044	-0.164925685335142
"unknown"	unknown	5	LOC111114707	0.62710180105613
"unknown"	unknown	5	LOC111125576	2.61989122045455
"unknown"	unknown	5	LOC111108120	-1.40743903132194
"unknown"	unknown	5	LOC111132575	-0.309020163666617
"unknown"	unknown	5	LOC111110051	-0.330336427172948
"unknown"	unknown	5	LOC111121335	0.0394414030423038
"unknown"	unknown	5	LOC111125593	0.336696156839085
"unknown"	unknown	5	LOC111132602	0.100331815778955
"unknown"	unknown	5	LOC111131137	-1.86308739197677
"unknown"	unknown	5	LOC111137363	0.485764323061393
"unknown"	unknown	5	LOC111118862	-0.757478268531979
"unknown"	unknown	5	LOC111124612	0.3723169370714
"unknown"	unknown	5	LOC111124105	-0.0295317216007461
"unknown"	unknown	5	LOC111117640	-0.0344269914539818
"unknown"	unknown	5	LOC111137773	-1.26056812572372
"unknown"	unknown	5	LOC111101719	0.030995586587814
"unknown"	unknown	5	LOC111109527	-0.503738981287076
"unknown"	unknown	5	LOC111130228	0.586674734903553
"unknown"	unknown	5	LOC111120281	-1.4162512827871
"unknown"	unknown	5	LOC111112590	-0.252258735652772
"unknown"	unknown	5	LOC111131815	-0.0799960118068039
"unknown"	unknown	5	LOC111135256	-0.113193568253859
"unknown"	unknown	5	LOC111127343	-0.371911962786239
"unknown"	unknown	5	LOC111123786	0.583531951019771
"unknown"	unknown	5	LOC111106858	-0.364320264511568
"unknown"	unknown	5	LOC111117351	-0.299780768608939
"unknown"	unknown	5	LOC111127242	0.204815655645496
"unknown"	unknown	5	LOC111121816	1.57653142237798
"unknown"	unknown	5	LOC111118601	-2.04020536933956
"unknown"	unknown	5	LOC111133733	-0.185076291987588
"unknown"	unknown	5	LOC111130379	-3.87515263017758
"unknown"	unknown	5	LOC111108479	1.11940928369635
"unknown"	unknown	5	LOC111132219	0.20904368796962
"unknown"	unknown	5	LOC111120879	-1.08212426934647
"unknown"	unknown	5	LOC111119739	-0.334233909808665
"unknown"	unknown	5	LOC111111381	-0.660118874475341
"unknown"	unknown	5	LOC111129326	0.533235869624511
"unknown"	unknown	5	LOC111113961	0.301866812450253
"unknown"	unknown	5	LOC111118102	-0.933934801488011
"unknown"	unknown	5	LOC111132192	0.0227703784785542
"unknown"	unknown	5	LOC111120497	-0.30132374777555
"unknown"	unknown	5	LOC111133064	0.951295210488965
"unknown"	unknown	5	LOC111127868	6.28829761557167
"unknown"	unknown	5	LOC111100051	-2.27496535603452
"unknown"	unknown	5	LOC111118884	0.0013498010204294
"unknown"	unknown	5	LOC111102751	-1.0551695679871
"unknown"	unknown	5	LOC111134026	1.66087385636606
"unknown"	unknown	5	LOC111103934	-0.523328850406748
"unknown"	unknown	5	LOC111128295	-0.526619519166932
"unknown"	unknown	5	LOC111129270	0.701809063723269
"unknown"	unknown	5	LOC111103525	-1.48543665395138
"unknown"	unknown	5	LOC111102435	-0.823177540243594
"unknown"	unknown	5	LOC111121571	-0.22011890870456
"unknown"	unknown	5	LOC111110684	-1.85949939968601
"unknown"	unknown	5	LOC111124658	-0.657175079687985
"unknown"	unknown	5	LOC111110514	-0.133444761894035
"unknown"	unknown	5	LOC111108191	1.4336234522683
"unknown"	unknown	5	LOC111123246	-0.288421105207988
"unknown"	unknown	5	LOC111135521	-0.103444242212678
"unknown"	unknown	5	LOC111123697	0.45875631553534
"unknown"	unknown	5	LOC111099090	-0.720136158841161
"unknown"	unknown	5	LOC111100608	-1.51725586211297
"unknown"	unknown	5	LOC111120312	0.716663104378855
"unknown"	unknown	5	LOC111111337	0.35688321112492
"unknown"	unknown	5	LOC111127067	-0.865640303592177
"unknown"	unknown	5	LOC111112449	0.31767456113924
"unknown"	unknown	5	LOC111103128	0.332527596680418
"unknown"	unknown	5	LOC111118491	0.194621309322181
"unknown"	unknown	5	LOC111134746	-2.07975609350163
"unknown"	unknown	5	LOC111115705	-1.54607350155876
"unknown"	unknown	5	LOC111120006	0.285814255886192
"unknown"	unknown	5	LOC111124052	0.130560223464106
"unknown"	unknown	5	LOC111122356	-0.34942267972836
"unknown"	unknown	5	LOC111136146	-0.368467422566598
"unknown"	unknown	5	LOC111109536	-0.211950221222804
"unknown"	unknown	5	LOC111104671	0.510618539892451
"unknown"	unknown	5	LOC111129048	-0.231749246410939
"unknown"	unknown	5	LOC111110975	0.444115206683126
"unknown"	unknown	5	LOC111106606	-0.658451645629429
"unknown"	unknown	5	LOC111104497	0.791304057547467
"unknown"	unknown	5	LOC111104080	2.02392236745293
"unknown"	unknown	5	LOC111128348	2.03583772900712
"unknown"	unknown	5	LOC111136312	-0.710671084746123
"unknown"	unknown	5	LOC111129415	-0.422193125009018
"unknown"	unknown	5	LOC111106545	-0.0464286548918001
"unknown"	unknown	5	LOC111105765	0.552813881308072
"unknown"	unknown	5	LOC111115385	1.62962834332219
"unknown"	unknown	5	LOC111135196	0.225660823853057
"unknown"	unknown	5	LOC111108233	-1.43011550107702
"unknown"	unknown	5	LOC111110519	1.59858083843665
"unknown"	unknown	5	LOC111126358	-0.625766008808146
"unknown"	unknown	5	LOC111135319	5.6897143413028
"unknown"	unknown	5	LOC111120236	-0.725222478197795
"unknown"	unknown	5	LOC111136049	-0.720713396831737
"unknown"	unknown	5	LOC111123894	-0.721241754950209
"unknown"	unknown	5	LOC111108519	1.20772398699382
"unknown"	unknown	5	LOC111119501	-1.00490136455867
"unknown"	unknown	5	LOC111120142	0.0010468808973445
"unknown"	unknown	5	LOC111127171	0.37433268788293
"unknown"	unknown	5	LOC111113008	0.822948367311088
"unknown"	unknown	5	LOC111125179	-0.358402890860041
"unknown"	unknown	5	LOC111123061	-0.00765856699708655
"unknown"	unknown	5	LOC111120504	-0.503962807042978
"unknown"	unknown	5	LOC111110152	-0.466130822462637
"unknown"	unknown	5	LOC111133494	-1.06788312583413
"unknown"	unknown	5	LOC111112810	-0.114207994321319
"unknown"	unknown	5	LOC111118833	0.638212758334976
"unknown"	unknown	5	LOC111133854	0.263019808092781
"unknown"	unknown	5	LOC111126188	-0.610525826723702
"unknown"	unknown	5	LOC111131819	-1.50863780337643
"unknown"	unknown	5	LOC111137172	-0.867514851239975
"unknown"	unknown	5	LOC111127909	0.234388987668712
"unknown"	unknown	5	LOC111106774	0.225312812369675
"unknown"	unknown	5	LOC111105710	-0.0759492089815988
"unknown"	unknown	5	LOC111107107	1.41201157086122
"unknown"	unknown	5	LOC111104318	-0.26075916494685
"unknown"	unknown	5	LOC111130729	-1.6899105460604
"unknown"	unknown	5	LOC111126999	-0.63273908104928
"unknown"	unknown	5	LOC111126717	0.127554494737457
"unknown"	unknown	5	LOC111129367	-4.28600461107824
"unknown"	unknown	5	LOC111128457	0.266790409733979
"unknown"	unknown	5	LOC111114063	-0.0754594285199094
"unknown"	unknown	5	LOC111128657	-0.353967136653998
"unknown"	unknown	5	LOC111136655	1.13567982215872
"unknown"	unknown	5	LOC111111697	-0.255333498228626
"unknown"	unknown	5	LOC111111922	-0.559245287222739
"unknown"	unknown	5	LOC111099093	-0.179110008826181
"unknown"	unknown	5	LOC111107845	0.155069411296745
"unknown"	unknown	5	LOC111100117	0.442894190548196
"unknown"	unknown	5	LOC111104595	-0.104994820814646
"unknown"	unknown	5	LOC111122985	-0.677109484068806
"unknown"	unknown	5	LOC111119262	-0.21422105369746
"unknown"	unknown	5	LOC111124446	0.442881457188728
"unknown"	unknown	5	LOC111131527	-1.41038927125586
"unknown"	unknown	5	LOC111116512	0.385385324837758
"unknown"	unknown	5	LOC111134186	-1.9250979964594
"unknown"	unknown	5	LOC111126915	0.0679780041660934
"unknown"	unknown	5	LOC111099604	0.470362309677544
"unknown"	unknown	5	LOC111134418	-0.0356688768884293
"unknown"	unknown	5	LOC111114074	0.160510189004509
"unknown"	unknown	5	LOC111115001	-0.925239812433721
"unknown"	unknown	5	LOC111131874	0.178951057067029
"unknown"	unknown	5	LOC111138375	-0.630160125934587
"unknown"	unknown	5	LOC111104845	1.36092741850796
"unknown"	unknown	5	LOC111136335	-0.350877959509342
"unknown"	unknown	5	LOC111113188	0.446169529111881
"unknown"	unknown	5	LOC111129784	0.165540754421207
"unknown"	unknown	5	LOC111102950	0.437801340469549
"unknown"	unknown	5	LOC111129534	0.140173114721039
"unknown"	unknown	5	LOC111123940	-0.300409567249677
"unknown"	unknown	5	LOC111136732	-0.939499988461977
"unknown"	unknown	5	LOC111120057	0.0264964727649681
"unknown"	unknown	5	LOC111114686	-0.0343954687173198
"unknown"	unknown	5	LOC111103967	0.245416327859797
"unknown"	unknown	5	LOC111106269	0.0603888070263978
"unknown"	unknown	5	LOC111121182	-1.34764642448667
"unknown"	unknown	5	LOC111123906	0.55179980005844
"unknown"	unknown	5	LOC111123456	-1.82963175996514
"unknown"	unknown	5	LOC111134913	3.13810536884047
"unknown"	unknown	5	LOC111124299	0.0980223772516214
"unknown"	unknown	5	LOC111127165	-0.264845717850126
"unknown"	unknown	5	LOC111099627	0.862153629548281
"unknown"	unknown	5	LOC111116015	0.357143503758893
"unknown"	unknown	5	LOC111130913	-0.857914945469152
"unknown"	unknown	5	LOC111108355	0.418063343991742
"unknown"	unknown	5	LOC111110575	-0.0250985479505116
"unknown"	unknown	5	LOC111116936	0.253583481840553
"unknown"	unknown	5	LOC111138220	-0.163892399545209
"unknown"	unknown	5	LOC111125384	-0.738640787226912
"unknown"	unknown	5	LOC111127897	1.52002626171723
"unknown"	unknown	5	LOC111106639	2.23669406533192
"unknown"	unknown	5	LOC111120071	-0.244701804914585
"unknown"	unknown	5	LOC111106030	0.279326633611126
"unknown"	unknown	5	LOC111131651	-4.38129568451623
"unknown"	unknown	5	LOC111119709	-0.207767909903008
"unknown"	unknown	5	LOC111107173	-3.10208952669637
"unknown"	unknown	5	LOC111135278	0.219997338749
"unknown"	unknown	5	LOC111109552	-0.553647058229025
"unknown"	unknown	5	LOC111120273	0.639284724659024
"unknown"	unknown	5	LOC111111549	-0.148153446504034
"unknown"	unknown	5	LOC111099964	0.484211297765871
"unknown"	unknown	5	LOC111127856	1.15838040325373
"unknown"	unknown	5	LOC111099615	-0.0140598970425253
"unknown"	unknown	5	LOC111109443	0.263775007753697
"unknown"	unknown	5	LOC111126002	1.25620894499275
"unknown"	unknown	5	LOC111134064	-0.380367661312742
"unknown"	unknown	5	LOC111113827	1.27871711521777
"unknown"	unknown	5	LOC111123926	-2.61163484983972
"unknown"	unknown	5	LOC111108679	-0.923147704775958
"unknown"	unknown	5	LOC111101940	0.238576286805465
"unknown"	unknown	5	LOC111111797	-0.0195441435817425
"unknown"	unknown	5	LOC111131659	0.321241216822786
"unknown"	unknown	5	LOC111112858	-0.162523093901287
"unknown"	unknown	5	LOC111119256	-0.0868277812592654
"unknown"	unknown	5	LOC111113435	-0.226601418509436
"unknown"	unknown	5	LOC111114096	-0.180165628328822
"unknown"	unknown	5	LOC111114669	0.0878799204220021
"unknown"	unknown	5	LOC111100138	0.305151823693517
"unknown"	unknown	5	LOC111127482	-0.430163726724312
"unknown"	unknown	5	LOC111136740	0.751569024474331
"unknown"	unknown	5	LOC111124720	0.623364792840365
"unknown"	unknown	5	LOC111131293	0.516306474311659
"unknown"	unknown	5	LOC111126882	-0.0791131123298526
"unknown"	unknown	5	LOC111113898	0.711944076438845
"unknown"	unknown	5	LOC111137557	-0.288097421937436
"unknown"	unknown	5	LOC111126235	-0.167685140483422
"unknown"	unknown	5	LOC111134100	-1.26873637714877
"unknown"	unknown	5	LOC111115397	-0.5085041425829
"unknown"	unknown	5	LOC111107260	3.66597653760126
"unknown"	unknown	5	LOC111115171	0.445987315245251
"unknown"	unknown	5	LOC111137976	-1.00343682774975
"unknown"	unknown	5	LOC111114769	-1.04035482376886
"unknown"	unknown	5	LOC111132667	0.115671282937839
"unknown"	unknown	5	LOC111111093	0.0354601849544509
"unknown"	unknown	5	LOC111124350	-2.32000833542939
"unknown"	unknown	5	LOC111127121	0.267593658893882
"unknown"	unknown	5	LOC111104213	12.1582046024348
"unknown"	unknown	5	LOC111117821	1.2957351838615
"unknown"	unknown	5	LOC111118462	0.0789345182585134
"unknown"	unknown	5	LOC111129216	0.893640842262646
"unknown"	unknown	5	LOC111125352	0.227902182168973
"unknown"	unknown	5	LOC111105432	0.140188870644626
"unknown"	unknown	5	LOC111114542	-1.12089049137991
"unknown"	unknown	5	LOC111117895	-0.0838736387419924
"unknown"	unknown	5	LOC111110163	-1.13809329649452
"unknown"	unknown	5	LOC111121082	-0.284433040113509
"unknown"	unknown	5	LOC111123967	-2.69850182031107
"unknown"	unknown	5	LOC111114835	-1.0115944764413
"unknown"	unknown	5	LOC111115900	-1.55983029793131
"unknown"	unknown	5	LOC111106314	-2.49259401174685
"unknown"	unknown	5	LOC111132816	0.862344441429852
"unknown"	unknown	5	LOC111102167	1.20607565692007
"unknown"	unknown	5	LOC111134618	0.378257773227261
"unknown"	unknown	5	LOC111109912	0.922346873362013
"unknown"	unknown	5	LOC111120716	1.77204766962804
"unknown"	unknown	5	LOC111118313	-0.0689775084304317
"unknown"	unknown	5	LOC111102668	0.323807786182107
"unknown"	unknown	5	LOC111118752	-0.288419379266824
"unknown"	unknown	5	LOC111120982	-0.759456230695165
"unknown"	unknown	5	LOC111128027	0.805949696265577
"unknown"	unknown	5	LOC111110329	-0.171890822055863
"unknown"	unknown	5	LOC111103521	-0.325192071928736
"unknown"	unknown	5	LOC111120895	-0.46473660987191
"unknown"	unknown	5	LOC111119661	0.464741234372862
"unknown"	unknown	5	LOC111103540	0.38738680144917
"unknown"	unknown	5	LOC111119142	0.461990494466872
"unknown"	unknown	5	LOC111109258	0.67990218718531
"unknown"	unknown	5	LOC111106444	0.719878354834449
"unknown"	unknown	5	LOC111100753	0.385695000548491
"unknown"	unknown	5	LOC111114060	-1.52430865927723
"unknown"	unknown	5	LOC111138439	0.0169540277692048
"unknown"	unknown	5	LOC111135160	0.819292521183794
"unknown"	unknown	5	LOC111100040	-1.3176051555229
"unknown"	unknown	5	LOC111104267	-0.00416530400250509
"unknown"	unknown	5	LOC111132434	-0.394632041814251
"unknown"	unknown	5	LOC111108052	-0.196929108926279
"unknown"	unknown	5	LOC111123761	-0.366213495421512
"unknown"	unknown	5	LOC111110064	-0.433414655909298
"unknown"	unknown	5	LOC111124855	-0.182924033884369
"unknown"	unknown	5	LOC111114983	0.464954666865782
"unknown"	unknown	5	LOC111136107	-1.74727503823234
"unknown"	unknown	5	LOC111129499	-1.1772698516712
"unknown"	unknown	5	LOC111106957	0.0935949046385507
"unknown"	unknown	5	LOC111105322	0.238006872915393
"unknown"	unknown	5	LOC111100887	-0.283919511354687
"unknown"	unknown	5	LOC111125924	-0.228624150085308
"unknown"	unknown	5	LOC111122500	2.48957977744691
"unknown"	unknown	5	LOC111122848	0.273874282615958
"unknown"	unknown	5	LOC111130600	0.525532090034129
"unknown"	unknown	5	LOC111101287	0.126850318504291
"unknown"	unknown	5	LOC111104416	0.13067960736605
"unknown"	unknown	5	LOC111129923	-0.496877361794126
"unknown"	unknown	5	LOC111137284	0.0132309016736367
"unknown"	unknown	5	LOC111116090	-0.642697377985125
"unknown"	unknown	5	LOC111106620	0.775884231446717
"unknown"	unknown	5	LOC111127150	0.192857969388647
"unknown"	unknown	5	LOC111101428	-0.0418087992277845
"unknown"	unknown	5	LOC111099504	-0.174341870491466
"unknown"	unknown	5	LOC111134862	-1.09098583405361
"unknown"	unknown	5	LOC111134871	-0.600716354894092
"unknown"	unknown	5	LOC111100278	-1.16503079305194
"unknown"	unknown	5	LOC111113406	0.0324414187631997
"unknown"	unknown	5	LOC111129569	-10.055041183196
"unknown"	unknown	5	LOC111116077	0.601305897269339
"unknown"	unknown	5	LOC111129261	0.0102779064191538
"unknown"	unknown	5	LOC111105305	0.066289659175355
"unknown"	unknown	5	LOC111128477	-3.43672907902571
"unknown"	unknown	5	LOC111100871	5.18033449282326
"unknown"	unknown	5	LOC111124468	1.92350777808789
"unknown"	unknown	5	LOC111124630	0.36101119832306
"unknown"	unknown	5	LOC111110846	-0.170048772329867
"unknown"	unknown	5	LOC111134965	-0.442541709229649
"unknown"	unknown	5	LOC111109288	-0.0343573771528048
"unknown"	unknown	5	LOC111109603	-2.61820855513293
"unknown"	unknown	5	LOC111121330	0.61899953032595
"unknown"	unknown	5	LOC111108203	2.51157077174666
"unknown"	unknown	5	LOC111123675	1.01827109340452
"unknown"	unknown	5	LOC111118251	1.69315119047946
"unknown"	unknown	5	LOC111120975	-0.434204265930559
"unknown"	unknown	5	LOC111123251	-1.91133928644666
"unknown"	unknown	5	LOC111133310	-0.0477664955975101
"unknown"	unknown	5	LOC111107408	0.841071524485049
"unknown"	unknown	5	LOC111136419	0.0513017949974995
"unknown"	unknown	5	LOC111113600	1.39878738708292
"unknown"	unknown	5	LOC111123791	0.472805967978302
"unknown"	unknown	5	LOC111106579	0.565792817999913
"unknown"	unknown	5	LOC111123297	0.17667731665304
"unknown"	unknown	5	LOC111126409	0.56366668622388
"unknown"	unknown	5	LOC111131702	0.393962380050739
"unknown"	unknown	5	LOC111108486	-1.00583030569706
"unknown"	unknown	5	LOC111125077	-0.0516769064712297
"unknown"	unknown	5	LOC111107508	0.901370818484989
"unknown"	unknown	5	LOC111120885	-0.764267238107762
"unknown"	unknown	5	LOC111101831	0.608668424417399
"unknown"	unknown	5	LOC111122305	-0.717993570356188
"unknown"	unknown	5	LOC111136078	-0.843068016476287
"unknown"	unknown	5	LOC111106534	0.303711955043882
"unknown"	unknown	5	LOC111105095	0.552015048356314
"unknown"	unknown	5	LOC111118896	0.0757577788527394
"unknown"	unknown	5	LOC111099176	-0.299571148672481
"unknown"	unknown	5	LOC111109333	0.363655535681481
"unknown"	unknown	5	LOC111125581	-0.105857271033984
"unknown"	unknown	5	LOC111112232	1.18811462706516
"unknown"	unknown	5	LOC111100587	-2.17843953861177
"unknown"	unknown	5	LOC111133336	-0.388636332170262
"unknown"	unknown	5	LOC111128588	-0.644070226429172
"unknown"	unknown	5	LOC111108068	3.66364978235824
"unknown"	unknown	5	LOC111130222	0.825422352586212
"unknown"	unknown	5	LOC111109526	-0.0755583394567588
"unknown"	unknown	5	LOC111132603	-0.180190406761052
"unknown"	unknown	5	LOC111106905	-0.707638963124919
"unknown"	unknown	5	LOC111106596	0.27608495050397
"unknown"	unknown	5	LOC111106759	-0.357890971442691
"unknown"	unknown	5	LOC111132922	0.192306404158479
"unknown"	unknown	5	LOC111132027	0.302801756652889
"unknown"	unknown	5	LOC111105205	-0.1594468164947
"unknown"	unknown	5	LOC111118744	-0.226444213839083
"unknown"	unknown	5	LOC111121152	0.508935136658552
"unknown"	unknown	5	LOC111135517	-1.53823929871127
"unknown"	unknown	5	LOC111115893	-0.540008765134073
"unknown"	unknown	5	LOC111111105	0.715164835668315
"unknown"	unknown	5	LOC111111122	-0.0479496072948621
"unknown"	unknown	5	LOC111113401	-0.659094271561008
"unknown"	unknown	5	LOC111109677	-0.342110311963208
"unknown"	unknown	5	LOC111111008	0.446964629962785
"unknown"	unknown	5	LOC111126606	-0.190014945872513
"unknown"	unknown	5	LOC111107023	0.0229964904894452
"unknown"	unknown	5	LOC111111116	-0.0162455952062446
"unknown"	unknown	5	LOC111118227	0.642806252863301
"unknown"	unknown	5	LOC111135343	1.3359813500985
"unknown"	unknown	5	LOC111110012	-0.458510305815469
"unknown"	unknown	5	LOC111119892	-0.762254126080858
"unknown"	unknown	5	LOC111104262	0.0203666344911107
"unknown"	unknown	5	LOC111115807	2.82661030350366
"unknown"	unknown	5	LOC111133181	1.39783855827259
"unknown"	unknown	5	LOC111112593	-2.61349845562022
"unknown"	unknown	5	LOC111109510	0.285446622983679
"unknown"	unknown	5	LOC111125323	-0.579472255257733
"unknown"	unknown	5	LOC111113190	-0.272287844867492
"unknown"	unknown	5	LOC111119864	-1.48216059136078
"unknown"	unknown	5	LOC111108388	-0.538043222076026
"unknown"	unknown	5	LOC111113778	-1.18764182909654
"unknown"	unknown	5	LOC111111245	1.39986077801096
"unknown"	unknown	5	LOC111125212	-1.27360676426331
"unknown"	unknown	5	LOC111125967	0.385701668128931
"unknown"	unknown	5	LOC111136751	0.0966756849985369
"unknown"	unknown	5	LOC111137984	-1.22037697276028
"unknown"	unknown	5	LOC111111758	-0.381078398491431
"unknown"	unknown	5	LOC111134782	1.01545628986747
"unknown"	unknown	5	LOC111105165	0.373645680612683
"unknown"	unknown	5	LOC111131678	0.203826759028813
"unknown"	unknown	5	LOC111121606	-1.20387647758983
"unknown"	unknown	5	LOC111132096	1.32955845142424
"unknown"	unknown	5	LOC111130161	-0.0599706880379107
"unknown"	unknown	5	LOC111122873	1.4406768280011
"unknown"	unknown	5	LOC111130076	-0.409181169518197
"unknown"	unknown	5	LOC111100470	15.9188305395974
"unknown"	unknown	5	LOC111100453	-0.161662053629146
"unknown"	unknown	5	LOC111131266	1.66350879905252
"unknown"	unknown	5	LOC111113449	0.280874338277403
"unknown"	unknown	5	LOC111123185	0.546242744394054
"unknown"	unknown	5	LOC111111418	-0.680460094577861
"unknown"	unknown	5	LOC111115682	0.17443228305695
"unknown"	unknown	5	LOC111127004	0.400407374882841
"unknown"	unknown	5	LOC111103972	0.376764828012825
"unknown"	unknown	5	LOC111133396	0.842921021798469
"unknown"	unknown	5	LOC111110615	2.23115554502599
"unknown"	unknown	5	LOC111129359	-0.884843789455058
"unknown"	unknown	5	LOC111132113	-0.752711703835302
"unknown"	unknown	5	LOC111114969	0.0497888631209577
"unknown"	unknown	5	LOC111121465	-1.14089923948712
"unknown"	unknown	5	LOC111117844	0.634513927569881
"unknown"	unknown	5	LOC111127145	1.63709259633672
"unknown"	unknown	5	LOC111125285	0.46732742849117
"unknown"	unknown	5	LOC111119710	-0.86768806635085
"unknown"	unknown	5	LOC111135095	1.35744874200354
"unknown"	unknown	5	LOC111101371	0.496960787352535
"unknown"	unknown	5	LOC111136496	1.20082065943775
"unknown"	unknown	5	LOC111124165	-0.897091967989372
"unknown"	unknown	5	LOC111107058	-0.721527388301638
"unknown"	unknown	5	LOC111105083	-0.503091413977643
"unknown"	unknown	5	LOC111113556	0.180881928626191
"unknown"	unknown	5	LOC111103169	0.802338645120489
"unknown"	unknown	5	LOC111129473	-2.89692233262023
"unknown"	unknown	5	LOC111132685	-1.24894893535263
"unknown"	unknown	5	LOC111119833	-0.515188299068379
"unknown"	unknown	5	LOC111133795	5.11494508303782
"unknown"	unknown	5	LOC111130257	0.654593377521798
"unknown"	unknown	5	LOC111117882	-0.120388940557658
"unknown"	unknown	5	LOC111115296	0.0686611700833348
"unknown"	unknown	5	LOC111136747	-0.813984016762651
"unknown"	unknown	5	LOC111101587	-0.685771840815701
"unknown"	unknown	5	LOC111134747	1.16866397016289
"unknown"	unknown	5	LOC111114579	0.0294576489136935
"unknown"	unknown	5	LOC111120107	-0.725686706944853
"unknown"	unknown	5	LOC111128182	-0.234211171589851
"unknown"	unknown	5	LOC111103532	0.594348677492527
"unknown"	unknown	5	LOC111125713	-3.0044350674377
"unknown"	unknown	5	LOC111103003	-0.835818460384634
"unknown"	unknown	5	LOC111116780	-0.126721944502984
"unknown"	unknown	5	LOC111107041	0.386759900415816
"unknown"	unknown	5	LOC111132860	0.0383743121186313
"unknown"	unknown	5	LOC111136633	-0.269524827733706
"unknown"	unknown	5	LOC111132109	-0.619897173498934
"unknown"	unknown	5	LOC111135722	0.0939327701197423
"unknown"	unknown	5	LOC111127592	-1.27729255415422
"unknown"	unknown	5	LOC111099889	-0.229931730538033
"unknown"	unknown	5	LOC111111395	0.110223520070764
"unknown"	unknown	5	LOC111111548	0.26213192573556
"unknown"	unknown	5	LOC111107222	-0.323087884309717
"unknown"	unknown	5	LOC111124360	0.0793057889295384
"unknown"	unknown	5	LOC111111372	-0.840693068066955
"unknown"	unknown	5	LOC111104002	1.47950991933739
"unknown"	unknown	5	LOC111104547	5.16873600565989
"unknown"	unknown	5	LOC111110535	0.485854116537375
"unknown"	unknown	5	LOC111105293	1.06847057599608
"unknown"	unknown	5	LOC111106659	0.0726436252125786
"unknown"	unknown	5	LOC111103411	0.436976163991082
"unknown"	unknown	5	LOC111129909	-1.27323070695466
"unknown"	unknown	5	LOC111114696	1.14137546637113
"unknown"	unknown	5	LOC111122896	-1.51489389270975
"unknown"	unknown	5	LOC111100995	0.77893104869126
"unknown"	unknown	5	LOC111118829	1.86996331711781
"unknown"	unknown	5	LOC111127739	-1.27938605000918
"unknown"	unknown	5	LOC111136781	1.16128062738496
"unknown"	unknown	5	LOC111109330	-1.55999946741635
"unknown"	unknown	5	LOC111137599	12.5549294702813
"unknown"	unknown	5	LOC111137249	-0.34014118888009
"unknown"	unknown	5	LOC111103574	-0.607172656491759
"unknown"	unknown	5	LOC111132407	0.428959382887502
"unknown"	unknown	5	LOC111133256	-0.0313676153194238
"unknown"	unknown	5	LOC111111369	0.715049760613155
"unknown"	unknown	5	LOC111118149	0.237412428377602
"unknown"	unknown	5	LOC111101947	0.331221892541395
"unknown"	unknown	5	LOC111131142	0.736438264078072
"unknown"	unknown	5	LOC111135108	0.528587204139449
"unknown"	unknown	5	LOC111100221	0.247557960325414
"unknown"	unknown	5	LOC111121983	0.908377119072997
"unknown"	unknown	5	LOC111104704	0.379422316663897
"unknown"	unknown	5	LOC111100045	-0.250591753637957
"unknown"	unknown	5	LOC111109757	-0.386561624357903
"unknown"	unknown	5	LOC111115956	0.0173909449709585
"unknown"	unknown	5	LOC111138043	-0.716308230475477
"unknown"	unknown	5	LOC111105291	0.52829835791984
"unknown"	unknown	5	LOC111110582	2.04001715225556
"unknown"	unknown	5	LOC111129717	-0.500230686238723
"unknown"	unknown	5	LOC111128612	0.277441164584404
"unknown"	unknown	5	LOC111112770	0.861532300148373
"unknown"	unknown	5	LOC111108428	-0.939357097994206
"unknown"	unknown	5	LOC111110378	-0.399476719853697
"unknown"	unknown	5	LOC111120938	-0.843956024627579
"unknown"	unknown	5	LOC111126120	-1.00543418682715
"unknown"	unknown	5	LOC111107115	-0.369853974050823
"unknown"	unknown	5	LOC111119506	-0.00138119509429694
"unknown"	unknown	5	LOC111127198	-1.80452013663567
"unknown"	unknown	5	LOC111103150	-0.315237979613077
"unknown"	unknown	5	LOC111108586	-0.261321549511005
"unknown"	unknown	5	LOC111130825	-0.767336370486282
"unknown"	unknown	5	LOC111113001	-3.96501706843417
"unknown"	unknown	5	LOC111134735	-0.0660073671316873
"unknown"	unknown	5	LOC111125190	-1.15661410696818
"unknown"	unknown	5	LOC111104902	2.04798298087182
"unknown"	unknown	5	LOC111102014	-0.320168160682053
"unknown"	unknown	5	LOC111137178	0.274411083408028
"unknown"	unknown	5	LOC111137935	3.08223020419417
"unknown"	unknown	5	LOC111103719	-0.64776993896352
"unknown"	unknown	5	LOC111124266	0.244370024692469
"unknown"	unknown	5	LOC111103025	6.36703175316474
"unknown"	unknown	5	LOC111130710	0.275386917247413
"unknown"	unknown	5	LOC111133462	0.342020588591634
"unknown"	unknown	5	LOC111127364	2.46372183329819
"unknown"	unknown	5	LOC111116610	-2.00194258778673
"unknown"	unknown	5	LOC111104628	-0.781826519146302
"unknown"	unknown	5	LOC111108905	-0.0701794761552014
"unknown"	unknown	5	LOC111126950	-2.50646971392525
"unknown"	unknown	5	LOC111116889	1.78252731223218
"unknown"	unknown	5	LOC111108861	-0.0221409112306636
"unknown"	unknown	5	LOC111134452	0.140211699724227
"unknown"	unknown	5	LOC111137576	2.02357360450135
"unknown"	unknown	5	LOC111128056	-0.858623456512017
"unknown"	unknown	5	LOC111111716	6.4134253781831
"unknown"	unknown	5	LOC111120705	-1.19352721899147
"unknown"	unknown	5	LOC111119538	-1.05278522886672
"unknown"	unknown	5	LOC111100177	1.14342352441037
"unknown"	unknown	5	LOC111123409	0.0490071427439835
"unknown"	unknown	5	LOC111123275	0.498031337583375
"unknown"	unknown	5	LOC111100290	2.53635196860631
"unknown"	unknown	5	LOC111120244	0.993606073237274
"unknown"	unknown	5	LOC111114770	0.0289936769206014
"unknown"	unknown	5	LOC111125543	-0.684203355497044
"unknown"	unknown	5	LOC111115823	-0.0378419698784466
"unknown"	unknown	5	LOC111135865	-4.044963435182
"unknown"	unknown	5	LOC111112632	-0.938902057297775
"unknown"	unknown	5	LOC111129616	-1.43397883974106
"unknown"	unknown	5	LOC111112951	1.78173849768958
"unknown"	unknown	5	LOC111116317	0.174462677981266
"unknown"	unknown	5	LOC111117726	-0.402017210792471
"unknown"	unknown	5	LOC111137478	-0.0997152704532625
"unknown"	unknown	5	LOC111104655	1.98287260535396
"unknown"	unknown	5	LOC111099910	-0.727883713867294
"unknown"	unknown	5	LOC111112266	-0.708226760465499
"unknown"	unknown	5	LOC111106224	-0.635375608048834
"unknown"	unknown	5	LOC111135431	1.3721197028708
"unknown"	unknown	5	LOC111109064	-0.281821395680171
"unknown"	unknown	5	LOC111133244	0.114215220706235
"unknown"	unknown	5	LOC111106394	0.0497820201495477
"unknown"	unknown	5	LOC111106237	-0.102188027525502
"unknown"	unknown	5	LOC111122103	-0.228446478079314
"unknown"	unknown	5	LOC111121749	-2.46760775005326
"unknown"	unknown	5	LOC111112506	-0.605790943711579
"unknown"	unknown	5	LOC111130944	-0.0246397589264838
"unknown"	unknown	5	LOC111130100	0.218404790082685
"unknown"	unknown	5	LOC111100402	0.153746069717318
"unknown"	unknown	5	LOC111128723	0.0463116694349172
"unknown"	unknown	5	LOC111109700	0.167818725822262
"unknown"	unknown	5	LOC111135805	-0.371096164062097
"unknown"	unknown	5	LOC111100582	2.85632358398
"unknown"	unknown	5	LOC111110988	0.0610848347114871
"unknown"	unknown	5	LOC111117261	0.468036627884315
"unknown"	unknown	5	LOC111109659	-5.07630533167772
"unknown"	unknown	5	LOC111118605	1.61375322286046
"unknown"	unknown	5	LOC111125549	-0.510190105103134
"unknown"	unknown	5	LOC111138422	-0.401607678460773
"unknown"	unknown	5	LOC111111183	-2.94325765106151
"unknown"	unknown	5	LOC111126990	1.50375337958586
"unknown"	unknown	5	LOC111113014	1.15401823171258
"unknown"	unknown	5	LOC111137874	-0.978772493842601
"unknown"	unknown	5	LOC111120802	0.914222812682196
"unknown"	unknown	5	LOC111106493	-0.439396198671606
"unknown"	unknown	5	LOC111119691	-0.248045700531866
"unknown"	unknown	5	LOC111119768	-5.5318029149528
"unknown"	unknown	5	LOC111115294	-2.25670736274494
"unknown"	unknown	5	LOC111117162	-0.422882659234221
"unknown"	unknown	5	LOC111131701	0.88542817820002
"unknown"	unknown	5	LOC111133334	-0.17485980996694
"unknown"	unknown	5	LOC111129230	-0.0343254105303355
"unknown"	unknown	5	LOC111101422	-0.277911897249621
"unknown"	unknown	5	LOC111119162	0.117286908617635
"unknown"	unknown	5	LOC111127989	-4.20023515904485
"unknown"	unknown	5	LOC111104067	-0.223020410404582
"unknown"	unknown	5	LOC111126217	2.51152071071986
"unknown"	unknown	5	LOC111136848	0.197080503028678
"unknown"	unknown	5	LOC111101378	-1.19307729823547
"unknown"	unknown	5	LOC111125563	0.347980460113064
"unknown"	unknown	5	LOC111113212	0.333078892418463
"unknown"	unknown	5	LOC111107432	3.55466258015732
"unknown"	unknown	5	LOC111134426	-3.30129423164093
"unknown"	unknown	5	LOC111112395	-0.525616235578624
"unknown"	unknown	5	LOC111132325	0.150312564298234
"unknown"	unknown	5	LOC111106011	2.37989458409652
"unknown"	unknown	5	LOC111132343	-2.85226043811069
"unknown"	unknown	5	LOC111133986	0.75891675983525
"unknown"	unknown	5	LOC111101057	0.146053354631305
"unknown"	unknown	5	LOC111101454	-0.306768415707914
"unknown"	unknown	5	LOC111125933	0.194122377315774
"unknown"	unknown	5	LOC111123750	0.495559814980913
"unknown"	unknown	5	LOC111103375	-0.873464753230745
"unknown"	unknown	5	LOC111103076	0.109807816723137
"unknown"	unknown	5	LOC111109388	0.706337337590616
"unknown"	unknown	5	LOC111112516	-1.48808031961934
"unknown"	unknown	5	LOC111103880	1.43705904936631
"unknown"	unknown	5	LOC111129936	-2.56401699133807
"unknown"	unknown	5	LOC111100628	0.0638803145238499
"unknown"	unknown	5	LOC111111168	-0.134490831201174
"unknown"	unknown	5	LOC111127423	0.091494595240733
"unknown"	unknown	5	LOC111102556	-1.19023621580947
"unknown"	unknown	5	LOC111137606	0.405746650182155
"unknown"	unknown	5	LOC111114813	0.179910347884388
"unknown"	unknown	5	LOC111104279	0.0457850292683862
"unknown"	unknown	5	LOC111106386	0.137989379249358
"unknown"	unknown	5	LOC111114289	-0.619493945873862
"unknown"	unknown	5	LOC111106510	-0.479351251759715
"unknown"	unknown	5	LOC111106065	0.140166093698423
"unknown"	unknown	5	LOC111104694	1.41353196012907
"unknown"	unknown	5	LOC111125047	-0.84353480443942
"unknown"	unknown	5	LOC111113524	3.25946153712033
"unknown"	unknown	5	LOC111111522	-1.52405736909459
"unknown"	unknown	5	LOC111108103	-0.489126769898396
"unknown"	unknown	5	LOC111122382	-1.81407317203583
"unknown"	unknown	5	LOC111127024	-0.623988352533867
"unknown"	unknown	5	LOC111106329	-0.215475985286462
"unknown"	unknown	5	LOC111107655	0.774274436959837
"unknown"	unknown	5	LOC111136819	1.30575084555917
"unknown"	unknown	5	LOC111114771	0.337496044452287
"unknown"	unknown	5	LOC111124580	1.58499295130494
"unknown"	unknown	5	LOC111132273	-0.137535812782912
"unknown"	unknown	5	LOC111124108	2.60957366621496
"unknown"	unknown	5	LOC111099929	-0.884210253354019
"unknown"	unknown	5	LOC111135948	-0.565377549169521
"unknown"	unknown	5	LOC111101414	-2.06634639445052
"unknown"	unknown	5	LOC111137157	0.472949791943402
"unknown"	unknown	5	LOC111100208	-0.310746549887152
"unknown"	unknown	5	LOC111123641	2.60319554448667
"unknown"	unknown	5	LOC111104966	1.0448164695445
"unknown"	unknown	5	LOC111124348	-0.282349194376436
"unknown"	unknown	5	LOC111099806	0.0700109675380801
"unknown"	unknown	5	LOC111107595	2.12948800079638
"unknown"	unknown	5	LOC111133271	-1.50589485534579
"unknown"	unknown	5	LOC111102613	-0.593849269831326
"unknown"	unknown	5	LOC111133789	0.18762536571169
"unknown"	unknown	5	LOC111126951	-1.21940001012261
"unknown"	unknown	5	LOC111125823	-0.0504808330901161
"unknown"	unknown	5	LOC111104107	-0.893060826769283
"unknown"	unknown	5	LOC111111313	0.0958055119594497
"unknown"	unknown	5	LOC111134259	3.39977292932946
"unknown"	unknown	5	LOC111113994	0.579693688161003
"unknown"	unknown	5	LOC111128005	0.812993836678007
"unknown"	unknown	5	LOC111106102	-0.159418774779412
"unknown"	unknown	5	LOC111100228	-1.07084865763619
"unknown"	unknown	5	LOC111121826	-0.888468108434685
"unknown"	unknown	5	LOC111106013	-0.393462514168496
"unknown"	unknown	5	LOC111124176	-0.321197720517718
"unknown"	unknown	5	LOC111134055	1.93591322077486
"unknown"	unknown	5	LOC111134770	-0.00264639286590409
"unknown"	unknown	5	LOC111127378	-0.560578718225384
"unknown"	unknown	5	LOC111130756	-0.366629039540252
"unknown"	unknown	5	LOC111104347	0.434111114494801
"unknown"	unknown	5	LOC111118268	0.140308698099517
"unknown"	unknown	5	LOC111122217	0.137977149805489
"unknown"	unknown	5	LOC111121565	1.20409815311571
"unknown"	unknown	5	LOC111125872	-0.396040053581946
"unknown"	unknown	5	LOC111138433	-0.30864118876525
"unknown"	unknown	5	LOC111132032	0.535908227045269
"unknown"	unknown	5	LOC111125866	-1.21899183212951
"unknown"	unknown	5	LOC111109135	-1.69958069367699
"unknown"	unknown	5	LOC111117293	0.980498638807292
"unknown"	unknown	5	LOC111107976	2.54624205775756
"unknown"	unknown	5	LOC111107282	24.4578651037217
"unknown"	unknown	5	LOC111099793	-1.99680418665951
"unknown"	unknown	5	LOC111134128	2.24780802426247
"unknown"	unknown	5	LOC111123797	26.9609999658834
"unknown"	unknown	5	LOC111116641	0.358404949036871
"unknown"	unknown	5	LOC111121762	-1.19190654335506
"unknown"	unknown	5	LOC111115945	0.278657356898627
"unknown"	unknown	5	LOC111119376	-0.557909203973411
"unknown"	unknown	5	LOC111103177	-0.391809508992161
"unknown"	unknown	5	LOC111131325	0.483305640535653
"unknown"	unknown	5	LOC111117688	0.240615859236224
"unknown"	unknown	5	LOC111136162	0.0501710927511996
"unknown"	unknown	5	LOC111122980	-2.41006841055898
"unknown"	unknown	5	LOC111126288	1.06991205768732
"unknown"	unknown	5	LOC111134001	0.69308319160754
"unknown"	unknown	5	LOC111115971	-0.355277714570103
"unknown"	unknown	5	LOC111113592	-0.833808313131899
"unknown"	unknown	5	LOC111114614	1.56013893640853
"unknown"	unknown	5	LOC111106043	0.23884658730842
"unknown"	unknown	5	LOC111120955	0.773034678071184
"unknown"	unknown	5	LOC111125447	-0.407640887964022
"unknown"	unknown	5	LOC111103930	-0.581817552433947
"unknown"	unknown	5	LOC111121191	0.484287152301392
"unknown"	unknown	5	LOC111138416	-0.0102240645874287
"unknown"	unknown	5	LOC111099475	-0.80159830183345
"unknown"	unknown	5	LOC111135218	-0.917979817769416
"unknown"	unknown	5	LOC111126702	0.0188317922598753
"unknown"	unknown	5	LOC111101036	1.3465666794765
"unknown"	unknown	5	LOC111130142	0.0794272322129221
"unknown"	unknown	5	LOC111138325	-0.427877405524686
"unknown"	unknown	5	LOC111125908	0.455327857362891
"unknown"	unknown	5	LOC111133297	0.289550013454305
"unknown"	unknown	5	LOC111102409	-2.03654587426896
"unknown"	unknown	5	LOC111099621	0.211831084226404
"unknown"	unknown	5	LOC111107284	0.150896493411647
"unknown"	unknown	5	LOC111133510	0.987258890164825
"unknown"	unknown	5	LOC111103013	1.56345101771417
"unknown"	unknown	5	LOC111122798	0.360413157731277
"unknown"	unknown	5	LOC111108572	-0.779955204300197
"unknown"	unknown	5	LOC111101863	0.0540012581369926
"unknown"	unknown	5	LOC111125420	-0.554252116777205
"unknown"	unknown	5	LOC111099060	0.768061137793467
"unknown"	unknown	5	LOC111109101	0.114532975402249
"unknown"	unknown	5	LOC111131201	-0.329396257935309
"unknown"	unknown	5	LOC111099681	-0.708655962415319
"unknown"	unknown	5	LOC111129620	0.595602707875082
"unknown"	unknown	5	LOC111120186	-1.68546710563218
"unknown"	unknown	5	LOC111106914	-0.308423855261492
"unknown"	unknown	5	LOC111113310	0.180495062001699
"unknown"	unknown	5	LOC111130378	-1.14984570219246
"unknown"	unknown	5	LOC111128020	0.311163245430862
"unknown"	unknown	5	LOC111113422	0.0910404621220754
"unknown"	unknown	5	LOC111120065	-0.0648716236436311
"unknown"	unknown	5	LOC111124083	-0.252276566645142
"unknown"	unknown	5	LOC111132902	3.99156502356375
"unknown"	unknown	5	LOC111125154	0.820053574525465
"unknown"	unknown	5	LOC111129695	0.862511571835052
"unknown"	unknown	5	LOC111111403	0.239771590989593
"unknown"	unknown	5	LOC111107054	0.0599948035909872
"unknown"	unknown	5	LOC111138094	-0.436990652426534
"unknown"	unknown	5	LOC111123604	0.361573722620044
"unknown"	unknown	5	LOC111131234	0.362434714488593
"unknown"	unknown	5	LOC111126378	-2.35673275881389
"unknown"	unknown	5	LOC111135921	0.313679674309104
"unknown"	unknown	5	LOC111135898	8.35133463520578
"unknown"	unknown	5	LOC111100031	-0.687277861387074
"unknown"	unknown	5	LOC111118392	0.806110004371067
"unknown"	unknown	5	LOC111122886	0.353897975304477
"unknown"	unknown	5	LOC111123864	1.00360624762425
"unknown"	unknown	5	LOC111114282	1.01758084748275
"unknown"	unknown	5	LOC111102405	-0.582835906333398
"unknown"	unknown	5	LOC111124811	-0.0343618480336181
"unknown"	unknown	5	LOC111136189	0.605568957630107
"unknown"	unknown	5	LOC111133835	1.03915248125402
"unknown"	unknown	5	LOC111134912	-0.0352275630040723
"unknown"	unknown	5	LOC111119741	-0.0612321518184025
"unknown"	unknown	5	LOC111123946	0.482787916666093
"unknown"	unknown	5	LOC111128389	0.809646624027039
"unknown"	unknown	5	LOC111116535	-0.165591379893956
"unknown"	unknown	5	LOC111128975	4.09272678356019
"unknown"	unknown	5	LOC111138420	-0.473674700825313
"unknown"	unknown	5	LOC111105680	0.684944115880508
"unknown"	unknown	5	LOC111103038	-0.243819964639329
"unknown"	unknown	5	LOC111103810	-0.162268323192258
"unknown"	unknown	5	LOC111114243	0.0297952595754345
"unknown"	unknown	5	LOC111132461	-0.118399521604684
"unknown"	unknown	5	LOC111118532	0.858451294549631
"unknown"	unknown	5	LOC111113581	0.0498306877032797
"unknown"	unknown	5	LOC111111809	0.265412523361671
"unknown"	unknown	5	LOC111115415	-0.259758887131436
"unknown"	unknown	5	LOC111124677	-0.0892238273422177
"unknown"	unknown	5	LOC111129587	0.227465869235848
"unknown"	unknown	5	LOC111125228	-0.384851996736481
"unknown"	unknown	5	LOC111114548	-1.53676095738148
"unknown"	unknown	5	LOC111111102	-0.886339845707528
"unknown"	unknown	5	LOC111101138	-1.28486021755451
"unknown"	unknown	5	LOC111138078	-0.0344094566952359
"unknown"	unknown	5	LOC111114033	-0.083596516723017
"unknown"	unknown	5	LOC111135117	2.56738198764816
"unknown"	unknown	5	LOC111118371	2.19816639101698
"unknown"	unknown	5	LOC111133523	0.0369976894080632
"unknown"	unknown	5	LOC111115008	-0.037688007758276
"unknown"	unknown	5	LOC111130992	0.684220950912669
"unknown"	unknown	5	LOC111109868	-1.90907827024688
"unknown"	unknown	5	LOC111116097	-0.239551556786197
"unknown"	unknown	5	LOC111122669	0.0827556560393231
"unknown"	unknown	5	LOC111137860	0.61128007193481
"unknown"	unknown	5	LOC111121125	-0.106542588317033
"unknown"	unknown	5	LOC111118401	-0.412222701274265
"unknown"	unknown	5	LOC111100407	1.3674367125575
"unknown"	unknown	5	LOC111133701	0.577816885591112
"unknown"	unknown	5	LOC111134638	0.120890402066541
"unknown"	unknown	5	LOC111126094	1.66549048479608
"unknown"	unknown	5	LOC111137593	0.0435913972470331
"unknown"	unknown	5	LOC111106952	0.945281358683592
"unknown"	unknown	5	LOC111101794	-0.185943056290519
"unknown"	unknown	5	LOC111127124	-2.04228508275697
"unknown"	unknown	5	LOC111135672	0.00745085343544753
"unknown"	unknown	5	LOC111123202	0.842771894801566
"unknown"	unknown	5	LOC111106525	-1.57038182723206
"unknown"	unknown	5	LOC111137107	0.791742715152163
"unknown"	unknown	5	LOC111126854	-0.12642634124488
"unknown"	unknown	5	LOC111135982	0.103180730531025
"unknown"	unknown	5	LOC111131187	0.064346050672502
"unknown"	unknown	5	LOC111104642	0.755377179969376
"unknown"	unknown	5	LOC111122106	-0.599339194529197
"unknown"	unknown	5	LOC111126496	-0.423266838160788
"unknown"	unknown	5	LOC111103156	-0.406928680791299
"unknown"	unknown	5	LOC111129989	-1.62225079381575
"unknown"	unknown	5	LOC111137348	-0.228848911992111
"unknown"	unknown	5	LOC111119182	1.33334232165098
"unknown"	unknown	5	LOC111134374	1.12369680805695
"unknown"	unknown	5	LOC111105833	-0.0130921182116062
"unknown"	unknown	5	LOC111125618	0.41942974977354
"unknown"	unknown	5	LOC111127214	0.626467922370406
"unknown"	unknown	5	LOC111113576	0.20300187020052
"unknown"	unknown	5	LOC111116422	0.120832459137579
"unknown"	unknown	5	LOC111102560	-0.827708958028491
"unknown"	unknown	5	LOC111107510	0.55018608884674
"unknown"	unknown	5	LOC111138162	0.87540895508144
"unknown"	unknown	5	LOC111108997	0.448240168139508
"unknown"	unknown	5	LOC111117974	-0.0415292085425092
"unknown"	unknown	5	LOC111128418	0.665442103111593
"unknown"	unknown	5	LOC111105619	0.268036749131847
"unknown"	unknown	5	LOC111101356	1.28441422958817
"unknown"	unknown	5	LOC111099963	0.154411665449192
"unknown"	unknown	5	LOC111101285	-0.0995207007545763
"unknown"	unknown	5	LOC111122393	-0.754061535813152
"unknown"	unknown	5	LOC111135744	-0.814315052153642
"unknown"	unknown	5	LOC111119918	0.255652522175937
"unknown"	unknown	5	LOC111108631	2.19186980419199
"unknown"	unknown	5	LOC111134908	0.0729565083192888
"unknown"	unknown	5	LOC111118142	-1.34081741110957
"unknown"	unknown	5	LOC111110632	0.236779939553554
"unknown"	unknown	5	LOC111100004	-0.344204868797467
"unknown"	unknown	5	LOC111120972	-5.80107684286215
"unknown"	unknown	5	LOC111110824	-0.0650262777711781
"unknown"	unknown	5	LOC111128784	1.00131867119317
"unknown"	unknown	5	LOC111130892	-0.723718644969276
"unknown"	unknown	5	LOC111116023	-0.706763101214981
"unknown"	unknown	5	LOC111111647	0.44270433538429
"unknown"	unknown	5	LOC111114933	0.137308995228895
"unknown"	unknown	5	LOC111101279	-1.28300087384335
"unknown"	unknown	5	LOC111137977	-0.0440899555770231
"unknown"	unknown	5	LOC111105366	1.05605267998916
"unknown"	unknown	5	LOC111132265	-0.80940419842913
"unknown"	unknown	5	LOC111108693	0.164989298242267
"unknown"	unknown	5	LOC111132934	0.927352217612509
"unknown"	unknown	5	LOC111129979	1.55585932839911
"unknown"	unknown	5	LOC111136856	1.12039312210007
"unknown"	unknown	5	LOC111134755	-0.641892915385103
"unknown"	unknown	5	LOC111134323	-0.250252213522428
"unknown"	unknown	5	LOC111107883	-0.0794099515111085
"unknown"	unknown	5	LOC111115896	0.334007517645932
"unknown"	unknown	5	LOC111117934	1.59900837879688
"unknown"	unknown	5	LOC111102239	7.53120861082211
"unknown"	unknown	5	LOC111125904	0.968303705486859
"unknown"	unknown	5	LOC111123432	-4.20706273231574
"unknown"	unknown	5	LOC111107279	0.503102240990756
"unknown"	unknown	5	LOC111108287	-0.20795142014232
"unknown"	unknown	5	LOC111120849	-0.935237136633414
"unknown"	unknown	5	LOC111109898	-0.498374631358957
"unknown"	unknown	5	LOC111130414	-0.262362855936815
"unknown"	unknown	5	LOC111117562	-0.0343500946066758
"unknown"	unknown	5	LOC111124409	-0.0551653517732393
"unknown"	unknown	5	LOC111137767	1.68451446017307
"unknown"	unknown	5	LOC111120613	-0.31492062429504
"unknown"	unknown	5	LOC111128589	0.449533016914715
"unknown"	unknown	5	LOC111128669	-0.173446453770806
"unknown"	unknown	5	LOC111111935	0.134102931539078
"unknown"	unknown	5	LOC111121516	-1.12359801695407
"unknown"	unknown	5	LOC111115702	0.491665786310406
"unknown"	unknown	5	LOC111124713	-0.736306532997472
"unknown"	unknown	5	LOC111135350	-0.386795997296346
"unknown"	unknown	5	LOC111127888	-1.45288068707792
"unknown"	unknown	5	LOC111125103	0.185839311047726
"unknown"	unknown	5	LOC111131728	-0.567148792078205
"unknown"	unknown	5	LOC111103550	-0.252169783643384
"unknown"	unknown	5	LOC111127148	0.680102572697287
"unknown"	unknown	5	LOC111123017	0.370211166327609
"unknown"	unknown	5	LOC111121385	0.823546352677969
"unknown"	unknown	5	LOC111112185	1.17111558089329
"unknown"	unknown	5	LOC111121032	-0.456303974068204
"unknown"	unknown	5	LOC111119821	-2.01883006236894
"unknown"	unknown	5	LOC111112006	-0.594548994310561
"unknown"	unknown	5	LOC111102798	-1.1306748713294
"unknown"	unknown	5	LOC111126465	2.25057642977821
"unknown"	unknown	5	LOC111102933	0.722679684931756
"unknown"	unknown	5	LOC111127564	1.89581181255494
"unknown"	unknown	5	LOC111135846	-0.378487383642868
"unknown"	unknown	5	LOC111111478	0.822800242457342
"unknown"	unknown	5	LOC111131412	-1.82660115434945
"unknown"	unknown	5	LOC111125944	-2.55749248012647
"unknown"	unknown	5	LOC111130715	-0.0102994176683963
"unknown"	unknown	5	LOC111130132	-3.40978375335232
"unknown"	unknown	5	LOC111134692	1.08963659588212
"unknown"	unknown	5	LOC111122802	0.859303319865023
"unknown"	unknown	5	LOC111125831	0.217123057959449
"unknown"	unknown	5	LOC111134180	1.09280415630749
"unknown"	unknown	5	LOC111104796	0.480982905521773
"unknown"	unknown	5	LOC111131196	-0.709449731992607
"unknown"	unknown	5	LOC111125184	0.728574452782008
"unknown"	unknown	5	LOC111126535	-0.69567558208458
"unknown"	unknown	5	LOC111130196	-0.464363752392085
"unknown"	unknown	5	LOC111105304	-1.24151947033128
"unknown"	unknown	5	LOC111124415	-0.157107838971975
"unknown"	unknown	5	LOC111103953	-0.309081985984191
"unknown"	unknown	5	LOC111110398	-0.642025031267403
"unknown"	unknown	5	LOC111137726	0.614025299375609
"unknown"	unknown	5	LOC111111555	0.363089952288583
"unknown"	unknown	5	LOC111103104	-0.0344307141993358
"unknown"	unknown	5	LOC111108726	2.84849520083705
"unknown"	unknown	5	LOC111115724	-0.766517736204837
"unknown"	unknown	5	LOC111137955	-3.31989648921437
"unknown"	unknown	5	LOC111120917	-1.19606264304696
"unknown"	unknown	5	LOC111133399	-2.85723565841669
"unknown"	unknown	5	LOC111134600	1.02078562790639
"unknown"	unknown	5	LOC111125315	0.710003631971409
"unknown"	unknown	5	LOC111106570	3.33792083629302
"unknown"	unknown	5	LOC111136121	0.63472155132411
"unknown"	unknown	5	LOC111111106	-0.00665481155908005
"unknown"	unknown	5	LOC111099489	0.329279531947568
"unknown"	unknown	5	LOC111101184	-2.16249300106029
"unknown"	unknown	5	LOC111134849	0.131565481918502
"unknown"	unknown	5	LOC111125430	3.3906470679166
"unknown"	unknown	5	LOC111137175	1.8112251558398
"unknown"	unknown	5	LOC111137455	-0.227953304396031
"unknown"	unknown	5	LOC111105376	0.184831666906475
"unknown"	unknown	5	LOC111101204	0.215962882571335
"unknown"	unknown	5	LOC111100968	-0.0343741541065456
"unknown"	unknown	5	LOC111123059	-0.292137806775805
"unknown"	unknown	5	LOC111099118	-0.160842459017111
"unknown"	unknown	5	LOC111119823	1.36602138629526
"unknown"	unknown	5	LOC111126838	0.310903399858548
"unknown"	unknown	5	LOC111123474	-0.528706994877377
"unknown"	unknown	5	LOC111104472	-0.56169111782346
"unknown"	unknown	5	LOC111117597	0.484885382176861
"unknown"	unknown	5	LOC111113366	0.446182440645284
"unknown"	unknown	5	LOC111119076	-0.204620169963491
"unknown"	unknown	5	LOC111138350	0.396229846098764
"unknown"	unknown	5	LOC111125278	-1.51828821201232
"unknown"	unknown	5	LOC111110151	0.0938955739290881
"unknown"	unknown	5	LOC111111455	-0.671428622896854
"unknown"	unknown	5	LOC111112076	-1.0606681065735
"unknown"	unknown	5	LOC111103180	-1.15596905331932
"unknown"	unknown	5	LOC111107737	0.208390239821643
"unknown"	unknown	5	LOC111134177	-0.766663389905969
"unknown"	unknown	5	LOC111117544	0.601620094323246
"unknown"	unknown	5	LOC111138508	0.452100351819175
"unknown"	unknown	5	LOC111124963	-0.169222234697151
"unknown"	unknown	5	LOC111133501	-0.200332961125952
"unknown"	unknown	5	LOC111108461	0.209175561375069
"unknown"	unknown	5	LOC111099589	-0.0967383708522612
"unknown"	unknown	5	LOC111118315	-0.788735538764748
"unknown"	unknown	5	LOC111115840	-0.164426327543944
"unknown"	unknown	5	LOC111126869	0.548719516613164
"unknown"	unknown	5	LOC111129274	2.33716150798336
"unknown"	unknown	5	LOC111113242	0.0184448795062009
"unknown"	unknown	5	LOC111102679	-0.209617079732619
"unknown"	unknown	5	LOC111126231	-0.312369080618385
"unknown"	unknown	5	LOC111100219	-0.00737399698033619
"unknown"	unknown	5	LOC111128674	0.596152240384948
"unknown"	unknown	5	LOC111115092	0.0213960059253214
"unknown"	unknown	5	LOC111100913	-0.221455038958182
"unknown"	unknown	5	LOC111122231	-0.65514547622271
"unknown"	unknown	5	LOC111126927	-0.875436320663139
"unknown"	unknown	5	LOC111129166	-1.0517218727144
"unknown"	unknown	5	LOC111113304	0.0904729473030739
"unknown"	unknown	5	LOC111102157	2.95587572947256
"unknown"	unknown	5	LOC111132379	0.35321984381739
"unknown"	unknown	5	LOC111123941	-0.28144594309129
"unknown"	unknown	5	LOC111118295	-0.363415371691192
"unknown"	unknown	5	LOC111116765	0.616137926004906
"unknown"	unknown	5	LOC111123757	0.0068934725905583
"unknown"	unknown	5	LOC111118928	-0.17402575354396
"unknown"	unknown	5	LOC111126340	-0.32451096059231
"unknown"	unknown	5	LOC111129946	0.329749296521288
"unknown"	unknown	5	LOC111135537	0.762986125721163
"unknown"	unknown	5	LOC111128194	-0.819234316072273
"unknown"	unknown	5	LOC111131359	-1.03631413498748
"unknown"	unknown	5	LOC111137047	2.21725362594928
"unknown"	unknown	5	LOC111138238	-0.713158848397146
"unknown"	unknown	5	LOC111107677	-0.155292259166019
"unknown"	unknown	5	LOC111125476	1.22764350710884
"unknown"	unknown	5	LOC111114460	1.16526929934959
"unknown"	unknown	5	LOC111101802	-1.80238812031827
"unknown"	unknown	5	LOC111109540	-0.444438127156013
"unknown"	unknown	5	LOC111104272	0.0949334404921972
"unknown"	unknown	5	LOC111114993	0.662175653323838
"unknown"	unknown	5	LOC111128083	-0.111448334569908
"unknown"	unknown	5	LOC111103005	0.0121676932683077
"unknown"	unknown	5	LOC111104581	1.52104727446705
"unknown"	unknown	5	LOC111108197	-0.217707660920039
"unknown"	unknown	5	LOC111100093	-2.1182372721868
"unknown"	unknown	5	LOC111137232	-0.415648227184668
"unknown"	unknown	5	LOC111124090	-0.316341495430319
"unknown"	unknown	5	LOC111101160	0.64775898491008
"unknown"	unknown	5	LOC111137161	0.418534940362753
"unknown"	unknown	5	LOC111126464	-1.49029785783503
"unknown"	unknown	5	LOC111107667	1.21683488758553
"unknown"	unknown	5	LOC111109901	0.193883856437292
"unknown"	unknown	5	LOC111106464	-0.351200189086437
"unknown"	unknown	5	LOC111105527	-0.0749030745976256
"unknown"	unknown	5	LOC111111003	0.332318119223035
"unknown"	unknown	5	LOC111101689	0.170294718755644
"unknown"	unknown	5	LOC111124390	-1.59746763299917
"unknown"	unknown	5	LOC111100498	-0.158484995189602
"unknown"	unknown	5	LOC111101435	1.28026325928336
"unknown"	unknown	5	LOC111103262	-1.82161044767215
"unknown"	unknown	5	LOC111116905	-0.940103068119065
"unknown"	unknown	5	LOC111127595	-0.836624771007002
"unknown"	unknown	5	LOC111120042	-0.0343775564318916
"unknown"	unknown	5	LOC111126595	-0.360432240442305
"unknown"	unknown	5	LOC111106638	-0.381399176248759
"unknown"	unknown	5	LOC111101192	-0.401356539808976
"unknown"	unknown	5	LOC111128120	-0.275117822343656
"unknown"	unknown	5	LOC111128267	-2.29657723677708
"unknown"	unknown	5	LOC111126732	0.110397997026234
"unknown"	unknown	5	LOC111108172	0.766214641330553
"unknown"	unknown	5	LOC111107035	2.01047607472029
"unknown"	unknown	5	LOC111110065	-0.522318501364889
"unknown"	unknown	5	LOC111109058	0.275935041353902
"unknown"	unknown	5	LOC111130120	0.337358083696299
"unknown"	unknown	5	LOC111121944	0.38486657012722
"unknown"	unknown	5	LOC111116948	-0.849049499026744
"unknown"	unknown	5	LOC111123038	-0.12477485558003
"unknown"	unknown	5	LOC111138488	-1.24112817837295
"unknown"	unknown	5	LOC111114744	-0.0344330534280202
"unknown"	unknown	5	LOC111106869	0.737834180543597
"unknown"	unknown	5	LOC111126365	-0.183444166523985
"unknown"	unknown	5	LOC111100196	-1.63064080497273
"unknown"	unknown	5	LOC111131782	-0.337224401436489
"unknown"	unknown	5	LOC111132169	3.00626400724095
"unknown"	unknown	5	LOC111117699	-0.941455893220677
"unknown"	unknown	5	LOC111123613	0.080659722540187
"unknown"	unknown	5	LOC111130145	0.248782034385152
"unknown"	unknown	5	LOC111138192	0.858000291370665
"unknown"	unknown	5	LOC111138058	1.13967806226654
"unknown"	unknown	5	LOC111132496	-0.387023286342167
"unknown"	unknown	5	LOC111104790	-0.228370430374137
"unknown"	unknown	5	LOC111107400	-0.0302435018814061
"unknown"	unknown	5	LOC111099894	2.60342828593283
"unknown"	unknown	5	LOC111138302	-0.181858490172445
"unknown"	unknown	5	LOC111116437	0.196307937335485
"unknown"	unknown	5	LOC111100142	-0.179130073611947
"unknown"	unknown	5	LOC111112515	-0.0344241134131589
"unknown"	unknown	5	LOC111120764	-1.79750403443916
"unknown"	unknown	5	LOC111109795	0.761879842096821
"unknown"	unknown	5	LOC111135861	-3.92494409023803
"unknown"	unknown	5	LOC111120201	0.709725370400461
"unknown"	unknown	5	LOC111099206	-0.410933363286352
"unknown"	unknown	5	LOC111112291	0.370140639799425
"unknown"	unknown	5	LOC111134813	0.726001838301019
"unknown"	unknown	5	LOC111111289	-0.0948274882843043
"unknown"	unknown	5	LOC111101829	-0.072236850866338
"unknown"	unknown	5	LOC111115558	0.294253888811661
"unknown"	unknown	5	LOC111137314	0.763713789913374
"unknown"	unknown	5	LOC111125812	0.174612802015389
"unknown"	unknown	5	LOC111103901	-0.283218080726292
"unknown"	unknown	5	LOC111101578	-1.91254468621482
"unknown"	unknown	5	LOC111129893	-0.134894238099332
"unknown"	unknown	5	LOC111104639	-0.548995858121836
"unknown"	unknown	5	LOC111120171	-1.07504051051536
"unknown"	unknown	5	LOC111131185	0.232832459691432
"unknown"	unknown	5	LOC111132064	-0.821348142336116
"unknown"	unknown	5	LOC111116611	-0.305435679588929
"unknown"	unknown	5	LOC111136478	1.96554929205949
"unknown"	unknown	5	LOC111137526	0.0304168503021629
"unknown"	unknown	5	LOC111102344	-0.0912681835673692
"unknown"	unknown	5	LOC111128605	0.321140863528523
"unknown"	unknown	5	LOC111099631	-0.618299469986796
"unknown"	unknown	5	LOC111132320	-0.312661764073671
"unknown"	unknown	5	LOC111104225	0.377499479628366
"unknown"	unknown	5	LOC111117521	-0.54113314322453
"unknown"	unknown	5	LOC111137752	-0.480505193944269
"unknown"	unknown	5	LOC111102662	0.456005788551117
"unknown"	unknown	5	LOC111122739	-0.359669576764833
"unknown"	unknown	5	LOC111112612	-0.314295527104059
"unknown"	unknown	5	LOC111110377	-0.327565791903149
"unknown"	unknown	5	LOC111117159	0.985436882643118
"unknown"	unknown	5	LOC111100383	-0.340563080777087
"unknown"	unknown	5	LOC111111984	-0.432380162935047
"unknown"	unknown	5	LOC111105018	-0.194308976008212
"unknown"	unknown	5	LOC111132314	-0.734407061667896
"unknown"	unknown	5	LOC111133790	-0.97061429792397
"unknown"	unknown	5	LOC111109631	0.554831463155883
"unknown"	unknown	5	LOC111128226	0.588765547843812
"unknown"	unknown	5	LOC111134029	0.00682891144096371
"unknown"	unknown	5	LOC111122790	-0.778201134049944
"unknown"	unknown	5	LOC111118135	-0.0343798137095133
"unknown"	unknown	5	LOC111125511	-1.3789738525554
"unknown"	unknown	5	LOC111123276	6.5536394229144
"unknown"	unknown	5	LOC111120552	-0.127236534784161
"unknown"	unknown	5	LOC111110252	2.74010898569834
"unknown"	unknown	5	LOC111112490	-0.209984586379483
"unknown"	unknown	5	LOC111107543	-0.0399944079638863
"unknown"	unknown	5	LOC111108839	0.0621404618191442
"unknown"	unknown	5	LOC111109948	-0.0292597668853144
"unknown"	unknown	5	LOC111103486	1.04544007855479
"unknown"	unknown	5	LOC111104656	-0.509230360170614
"unknown"	unknown	5	LOC111138499	0.589073138714517
"unknown"	unknown	5	LOC111134594	0.179953609670323
"unknown"	unknown	5	LOC111123667	-0.0370573797569297
"unknown"	unknown	5	LOC111104121	0.067011740187972
"unknown"	unknown	5	LOC111128644	1.1596811331959
"unknown"	unknown	5	LOC111109028	-0.760596827381219
"unknown"	unknown	5	LOC111100861	-0.0595991556288551
"unknown"	unknown	5	LOC111119518	-2.02968641854437
"unknown"	unknown	5	LOC111118620	0.284630667741213
"unknown"	unknown	5	LOC111138446	0.335146611059627
"unknown"	unknown	5	LOC111127602	-0.857027996136784
"unknown"	unknown	5	LOC111136895	-0.363614077186811
"unknown"	unknown	5	LOC111108337	-0.687474701729626
"unknown"	unknown	5	LOC111121221	0.0274543433281757
"unknown"	unknown	5	LOC111127398	-0.393716375204578
"unknown"	unknown	5	LOC111106066	-0.0344049686443248
"unknown"	unknown	5	LOC111099578	0.0604654047703975
"unknown"	unknown	5	LOC111133993	-0.20059577827465
"unknown"	unknown	5	LOC111117755	0.570511850156632
"unknown"	unknown	5	LOC111121607	-0.246329406273283
"unknown"	unknown	5	LOC111127999	1.27838695291679
"unknown"	unknown	5	LOC111131131	0.124892308474841
"unknown"	unknown	5	LOC111130883	0.0612485391484989
"unknown"	unknown	5	LOC111122928	0.451260952605657
"unknown"	unknown	5	LOC111103493	0.276048787545904
"unknown"	unknown	5	LOC111133704	-0.931431797776342
"unknown"	unknown	5	LOC111112948	1.02823306382826
"unknown"	unknown	5	LOC111107656	-0.486672803869719
"unknown"	unknown	5	LOC111117870	0.664410230932654
"unknown"	unknown	5	LOC111101417	0.942822087882812
"unknown"	unknown	5	LOC111106142	0.443816278061628
"unknown"	unknown	5	LOC111114196	-0.306202316334083
"unknown"	unknown	5	LOC111122062	0.408212646760233
"unknown"	unknown	5	LOC111110091	0.600283401500547
"unknown"	unknown	5	LOC111136322	0.372612260334065
"unknown"	unknown	5	LOC111103784	-0.0626118094556021
"unknown"	unknown	5	LOC111129240	0.279226210127305
"unknown"	unknown	5	LOC111136876	2.24109236739109
"unknown"	unknown	5	LOC111126441	-0.139693651649661
"unknown"	unknown	5	LOC111113084	-0.0995339135325749
"unknown"	unknown	5	LOC111138089	-0.25115342738636
"unknown"	unknown	5	LOC111128815	-0.128108224925561
"unknown"	unknown	5	LOC111130387	-7.12842590324834
"unknown"	unknown	5	LOC111128168	4.53109748224138
"unknown"	unknown	5	LOC111106459	0.26781632927089
"unknown"	unknown	5	LOC111134429	-0.134738513491961
"unknown"	unknown	5	LOC111108360	0.085969914337349
"unknown"	unknown	5	LOC111130702	1.29897761918648
"unknown"	unknown	5	LOC111127874	-0.483686046463135
"unknown"	unknown	5	LOC111136686	-1.33667539616309
"unknown"	unknown	5	LOC111103815	-0.0286514728550329
"unknown"	unknown	5	LOC111116267	1.39570753432854
"unknown"	unknown	5	LOC111134957	-0.246724927105801
"unknown"	unknown	5	LOC111137528	0.627576930624848
"unknown"	unknown	5	LOC111103061	-0.671987338790442
"unknown"	unknown	5	LOC111104721	-0.100188208286906
"unknown"	unknown	5	LOC111125774	-0.510736994853945
"unknown"	unknown	5	LOC111136658	-1.9638591856905
"unknown"	unknown	5	LOC111117463	1.86830252079035
"unknown"	unknown	5	LOC111134456	0.0353009572975935
"unknown"	unknown	5	LOC111128595	0.271607341847196
"unknown"	unknown	5	LOC111136364	0.429347300446477
"unknown"	unknown	5	LOC111134382	-0.455476429652349
"unknown"	unknown	5	LOC111136936	-5.21548351892149
"unknown"	unknown	5	LOC111109616	0.0540393353526861
"unknown"	unknown	5	LOC111133543	0.421081215789682
"unknown"	unknown	5	LOC111112410	-0.275958995004127
"unknown"	unknown	5	LOC111110005	-0.748258385804052
"unknown"	unknown	5	LOC111100152	-0.305800509115524
"unknown"	unknown	5	LOC111122720	-1.20495308976315
"unknown"	unknown	5	LOC111101133	0.911818148648477
"unknown"	unknown	5	LOC111128096	0.801568833725349
"unknown"	unknown	5	LOC111102819	-0.179591415483984
"unknown"	unknown	5	LOC111100390	0.605052843957243
"unknown"	unknown	5	LOC111100928	1.05636472550232
"unknown"	unknown	5	LOC111130441	0.94897168114263
"unknown"	unknown	5	LOC111107098	0.273954003588705
"unknown"	unknown	5	LOC111109097	0.610189855553435
"unknown"	unknown	5	LOC111138388	-0.0421368215043022
"unknown"	unknown	5	LOC111125673	0.681827198738633
"unknown"	unknown	5	LOC111135182	-0.166816178677218
"unknown"	unknown	5	LOC111127925	-0.034378520102956
"unknown"	unknown	5	LOC111120045	0.419469293910913
"unknown"	unknown	5	LOC111099926	0.407425480970353
"unknown"	unknown	5	LOC111134030	0.285973790514173
"unknown"	unknown	5	LOC111103542	-4.01312208556101
"unknown"	unknown	5	LOC111108566	0.174591614305559
"unknown"	unknown	5	LOC111130077	0.643878928496328
"unknown"	unknown	5	LOC111115288	-0.885720129416149
"unknown"	unknown	5	LOC111109743	0.874746131053994
"unknown"	unknown	5	LOC111132336	-0.363719807092548
"unknown"	unknown	5	LOC111117669	-0.0967718448661029
"unknown"	unknown	5	LOC111127069	0.148221023320899
"unknown"	unknown	5	LOC111110274	1.27116391049937
"unknown"	unknown	5	LOC111128944	-0.973226952561846
"unknown"	unknown	5	LOC111128886	0.178755108395235
"unknown"	unknown	5	LOC111119939	0.179298414488118
"unknown"	unknown	5	LOC111114006	0.137762040230133
"unknown"	unknown	5	LOC111131599	0.0687024509407915
"unknown"	unknown	5	LOC111113968	-1.43867330395127
"unknown"	unknown	5	LOC111112873	0.545996599567525
"unknown"	unknown	5	LOC111124376	-0.0344136506403927
"unknown"	unknown	5	LOC111138093	0.0285012119474894
"unknown"	unknown	5	LOC111115410	-0.428611590854447
"unknown"	unknown	5	LOC111130328	-3.8738169184458
"unknown"	unknown	5	LOC111099739	0.214374007316151
"unknown"	unknown	5	LOC111129346	0.0778386096632766
"unknown"	unknown	5	LOC111137211	0.09783768991947
"unknown"	unknown	5	LOC111102102	-1.05568917467672
"unknown"	unknown	5	LOC111099886	-0.115232473251429
"unknown"	unknown	5	LOC111111815	-1.00028418050063
"unknown"	unknown	5	LOC111115964	0.201172585009629
"unknown"	unknown	5	LOC111118128	0.440062621174904
"unknown"	unknown	5	LOC111128732	-0.129504478736507
"unknown"	unknown	5	LOC111134896	0.447855138809625
"unknown"	unknown	5	LOC111101551	6.00547107863704
"unknown"	unknown	5	LOC111123550	-0.156412382205458
"unknown"	unknown	5	LOC111131286	1.40412412252899
"unknown"	unknown	5	LOC111109775	-0.585115856847152
"unknown"	unknown	5	LOC111114816	-2.7523304802719
"unknown"	unknown	5	LOC111130466	0.733705693007773
"unknown"	unknown	5	LOC111135893	1.15231502532172
"unknown"	unknown	5	LOC111128179	-0.0545668251763841
"unknown"	unknown	5	LOC111133924	-0.917564400769047
"unknown"	unknown	5	LOC111126529	-2.31881528277337
"unknown"	unknown	5	LOC111113890	-0.444351185305322
"unknown"	unknown	5	LOC111102794	0.682658644234232
"unknown"	unknown	5	LOC111100821	0.0279226602017308
"unknown"	unknown	5	LOC111129632	1.02105206723767
"unknown"	unknown	5	LOC111110738	-0.0587843818996252
"unknown"	unknown	5	LOC111101601	-0.489102529642719
"unknown"	unknown	5	LOC111120026	0.0428058582654481
"unknown"	unknown	5	LOC111106884	-0.449698863040625
"unknown"	unknown	5	LOC111104700	0.0187564132447528
"unknown"	unknown	5	LOC111136453	-0.0778677728819211
"unknown"	unknown	5	LOC111132613	-0.693133492092643
"unknown"	unknown	5	LOC111132802	-0.976902424108429
"unknown"	unknown	5	LOC111124976	-0.978936688300871
"unknown"	unknown	5	LOC111106661	0.327990353053408
"unknown"	unknown	5	LOC111115278	-0.242131739768226
"unknown"	unknown	5	LOC111115118	0.356848233535207
"unknown"	unknown	5	LOC111137545	0.730820178819192
"unknown"	unknown	5	LOC111117510	0.0654521430307391
"unknown"	unknown	5	LOC111103952	0.144591963597408
"unknown"	unknown	5	LOC111101396	-0.526638700275343
"unknown"	unknown	5	LOC111126422	-1.0374402380477
"unknown"	unknown	5	LOC111120911	0.155999392816213
"unknown"	unknown	5	LOC111130081	0.615235090965716
"unknown"	unknown	5	LOC111117682	1.21696071146538
"unknown"	unknown	5	LOC111132114	-0.599522701715657
"unknown"	unknown	5	LOC111126136	-0.523094274062356
"unknown"	unknown	5	LOC111123184	0.060192884602629
"unknown"	unknown	5	LOC111126961	0.404258431114374
"unknown"	unknown	5	LOC111112615	0.472867754733911
"unknown"	unknown	5	LOC111112337	-0.526627653533754
"unknown"	unknown	5	LOC111132371	-1.54144909735655
"unknown"	unknown	5	LOC111124017	-2.84752564144126
"unknown"	unknown	5	LOC111134278	-0.220336979671091
"unknown"	unknown	5	LOC111106120	-0.77945174248855
"unknown"	unknown	5	LOC111115830	1.2806349348644
"unknown"	unknown	5	LOC111124495	-0.0820838503578345
"unknown"	unknown	5	LOC111118556	-0.38920823539805
"unknown"	unknown	5	LOC111113199	1.20786891064429
"unknown"	unknown	5	LOC111132213	0.85400118897538
"unknown"	unknown	5	LOC111135262	-0.0191443667276446
"unknown"	unknown	5	LOC111133669	-0.0171973247741385
"unknown"	unknown	5	LOC111106702	-0.455625426730638
"unknown"	unknown	5	LOC111112171	0.861816516904268
"unknown"	unknown	5	LOC111135992	0.312416534088776
"unknown"	unknown	5	LOC111119496	0.271217458468267
"unknown"	unknown	5	LOC111121077	-0.106734112192412
"unknown"	unknown	5	LOC111133121	-0.014229322777775
"unknown"	unknown	5	LOC111137519	-0.242688293157402
"unknown"	unknown	5	LOC111118181	1.05062303219154
"unknown"	unknown	5	LOC111132832	-0.0285476243963138
"unknown"	unknown	5	LOC111099528	0.140229813421938
"unknown"	unknown	5	LOC111104102	0.481837393948536
"unknown"	unknown	5	LOC111117765	-0.0720364699269749
"unknown"	unknown	5	LOC111128163	-0.964579343767377
"unknown"	unknown	5	LOC111118211	1.64057976115189
"unknown"	unknown	5	LOC111131808	-0.842079810286908
"unknown"	unknown	5	LOC111114609	0.130473251163259
"unknown"	unknown	5	LOC111113103	-0.127298384631434
"unknown"	unknown	5	LOC111115230	-0.00468646318248996
"unknown"	unknown	5	LOC111121237	2.07951489616062
"unknown"	unknown	5	LOC111109653	-8.07233806812018
"unknown"	unknown	5	LOC111124789	-0.10958655799649
"unknown"	unknown	5	LOC111112003	-0.0344297573810979
"unknown"	unknown	5	LOC111134357	1.98623884326144
"unknown"	unknown	5	LOC111127190	0.0274023181848455
"unknown"	unknown	5	LOC111109578	0.812326930319465
"unknown"	unknown	5	LOC111125316	0.338076594351175
"unknown"	unknown	5	LOC111100376	-0.0283611024508134
"unknown"	unknown	5	LOC111122639	0.505969533817025
"unknown"	unknown	5	LOC111110049	4.06423566876821
"unknown"	unknown	5	LOC111126902	0.754735568135883
"unknown"	unknown	5	LOC111109478	-1.06366782197872
"unknown"	unknown	5	LOC111104710	5.78485423546181
"unknown"	unknown	5	LOC111126100	0.0522855539662815
"unknown"	unknown	5	LOC111134682	0.753462661257174
"unknown"	unknown	5	LOC111137834	0.0763275368573779
"unknown"	unknown	5	LOC111128982	-0.874168076330432
"unknown"	unknown	5	LOC111109205	1.50958746833457
"unknown"	unknown	5	LOC111136005	0.886675477788483
"unknown"	unknown	5	LOC111111995	-0.651785737574768
"unknown"	unknown	5	LOC111129412	2.35415967001965
"unknown"	unknown	5	LOC111136698	0.783413242573225
"unknown"	unknown	5	LOC111107837	-0.101606260045645
"unknown"	unknown	5	LOC111106313	0.248620759856582
"unknown"	unknown	5	LOC111127842	-0.773035227993236
"unknown"	unknown	5	LOC111116950	0.0890281842332101
"unknown"	unknown	5	LOC111137176	1.57714147516145
"unknown"	unknown	5	LOC111101086	1.73744173556594
"unknown"	unknown	5	LOC111136705	-0.144250671427292
"unknown"	unknown	5	LOC111138106	-0.17262026909262
"unknown"	unknown	5	LOC111138059	-0.490562589566321
"unknown"	unknown	5	LOC111124055	1.15794286280168
"unknown"	unknown	5	LOC111100603	-0.844614985882205
"unknown"	unknown	5	LOC111105578	0.106745484179053
"unknown"	unknown	5	LOC111128309	-0.51870758578419
"unknown"	unknown	5	LOC111116193	-0.100225260600473
"unknown"	unknown	5	LOC111116703	0.520814510048823
"unknown"	unknown	5	LOC111132754	0.0663534508914981
"unknown"	unknown	5	LOC111137016	-0.111927270800403
"unknown"	unknown	5	LOC111136847	0.621213789371931
"unknown"	unknown	5	LOC111107130	0.257345762657273
"unknown"	unknown	5	LOC111130497	0.0598814688720351
"unknown"	unknown	5	LOC111133560	1.8474868993107
"unknown"	unknown	5	LOC111124279	0.275355587310851
"unknown"	unknown	5	LOC111135716	-0.135737795052916
"unknown"	unknown	5	LOC111128591	-0.932647285140244
"unknown"	unknown	5	LOC111134193	-0.175568195681492
"unknown"	unknown	5	LOC111138082	1.83918863775839
"unknown"	unknown	5	LOC111129594	0.281874564719453
"unknown"	unknown	5	LOC111118875	0.29095218807535
"unknown"	unknown	5	LOC111134517	0.0775220785572478
"unknown"	unknown	5	LOC111128302	2.18580381961515
"unknown"	unknown	5	LOC111119612	0.775627453956802
"unknown"	unknown	5	LOC111136326	0.605113950272629
"unknown"	unknown	5	LOC111129059	0.273235418647539
"unknown"	unknown	5	LOC111111374	0.480430122459614
"unknown"	unknown	5	LOC111126111	0.401693434901155
"unknown"	unknown	5	LOC111112115	-0.252199898200793
"unknown"	unknown	5	LOC111116419	-0.0343833326655747
"unknown"	unknown	5	LOC111117984	0.799293824514713
"unknown"	unknown	5	LOC111100298	-0.234878363420723
"unknown"	unknown	5	LOC111104058	-1.00708189893874
"unknown"	unknown	5	LOC111102923	0.116491067748264
"unknown"	unknown	5	LOC111110259	0.477306328966394
"unknown"	unknown	5	LOC111136490	-0.028049046403567
"unknown"	unknown	5	LOC111105453	1.09960966168636
"unknown"	unknown	5	LOC111117059	4.98151558288292
"unknown"	unknown	5	LOC111100984	0.989473700336921
"unknown"	unknown	5	LOC111132983	-0.269992674237093
"unknown"	unknown	5	LOC111116026	-0.137294185741059
"unknown"	unknown	5	LOC111111608	-0.879859657129875
"unknown"	unknown	5	LOC111108591	0.156630015863586
"unknown"	unknown	5	LOC111132195	-0.0790769528074492
"unknown"	unknown	5	LOC111134855	-1.78305552683861
"unknown"	unknown	5	LOC111126839	0.192866679072558
"unknown"	unknown	5	LOC111129562	0.7256226336481
"unknown"	unknown	5	LOC111129840	1.21118250981032
"unknown"	unknown	5	LOC111119935	-0.0863019295444227
"unknown"	unknown	5	LOC111135606	0.203974393309836
"unknown"	unknown	5	LOC111113936	-0.379815444581298
"unknown"	unknown	5	LOC111100899	0.838202427367488
"unknown"	unknown	5	LOC111134767	-1.21396507770332
"unknown"	unknown	5	LOC111120832	-0.65509035991972
"unknown"	unknown	5	LOC111104582	0.532054474471751
"unknown"	unknown	5	LOC111108011	-0.00126650721808677
"unknown"	unknown	5	LOC111108254	0.00236478474405131
"unknown"	unknown	5	LOC111115373	0.727842286722033
"unknown"	unknown	5	LOC111112729	6.45608567281191
"unknown"	unknown	5	LOC111109461	0.184498049205994
"unknown"	unknown	5	LOC111122160	4.99796552554451
"unknown"	unknown	5	LOC111128202	0.0570042265180649
"unknown"	unknown	5	LOC111124318	0.629931928758115
"unknown"	unknown	5	LOC111126331	-0.70128922076051
"unknown"	unknown	5	LOC111109835	-0.520703700964152
"unknown"	unknown	5	LOC111129788	1.20858273354847
"unknown"	unknown	5	LOC111138030	0.115448424439325
"unknown"	unknown	5	LOC111131442	1.94099421891509
"unknown"	unknown	5	LOC111134432	0.0692185478362286
"unknown"	unknown	5	LOC111110984	1.15797873496161
"unknown"	unknown	5	LOC111134829	0.163328300549902
"unknown"	unknown	5	LOC111128472	-1.16652782804841
"unknown"	unknown	5	LOC111135404	-0.000713310173802697
"unknown"	unknown	5	LOC111102112	1.30923257205639
"unknown"	unknown	5	LOC111137634	-0.317943901750003
"unknown"	unknown	5	LOC111112046	1.56100625045572
"unknown"	unknown	5	LOC111120062	1.92132875016654
"unknown"	unknown	5	LOC111122954	0.0368180438223778
"unknown"	unknown	5	LOC111134617	-0.147626207489855
"unknown"	unknown	5	LOC111117862	-0.779284151099975
"unknown"	unknown	5	LOC111113092	2.12011686385779
"unknown"	unknown	5	LOC111120094	0.791598542574424
"unknown"	unknown	5	LOC111123352	-0.209464735829214
"unknown"	unknown	5	LOC111113070	8.73989768604907
"unknown"	unknown	5	LOC111131828	-1.04394783396541
"unknown"	unknown	5	LOC111113183	2.18225620645922
"unknown"	unknown	5	LOC111119417	1.40557011874692
"unknown"	unknown	5	LOC111100632	-1.14070849941427
"unknown"	unknown	5	LOC111102981	-1.77151467595444
"unknown"	unknown	5	LOC111136629	0.278089130818774
"unknown"	unknown	5	LOC111127598	0.327611822404943
"unknown"	unknown	5	LOC111135089	-0.742389889303756
"unknown"	unknown	5	LOC111106055	-0.00583696860583476
"unknown"	unknown	5	LOC111108947	0.690536584174585
"unknown"	unknown	5	LOC111106286	0.121709215784702
"unknown"	unknown	5	LOC111109899	0.132379665908174
"unknown"	unknown	5	LOC111102852	-1.2048840004186
"unknown"	unknown	5	LOC111128715	-1.24762250076712
"unknown"	unknown	5	LOC111108747	-1.28657089522835
"unknown"	unknown	5	LOC111102532	0.856231972753527
"unknown"	unknown	5	LOC111129210	1.14699888040872
"unknown"	unknown	5	LOC111131113	1.11917913444186
"unknown"	unknown	5	LOC111137140	0.163783722586556
"unknown"	unknown	5	LOC111108332	0.130997625438449
"unknown"	unknown	5	LOC111109196	-0.232005974393507
"unknown"	unknown	5	LOC111100062	-0.721548469288517
"unknown"	unknown	5	LOC111106839	0.0246782108089015
"unknown"	unknown	5	LOC111102478	-1.02615582058163
"unknown"	unknown	5	LOC111118439	0.117015570372778
"unknown"	unknown	5	LOC111130056	-0.0471926071266366
"unknown"	unknown	5	LOC111113342	1.78168810252553
"unknown"	unknown	5	LOC111107575	0.562215482771122
"unknown"	unknown	5	LOC111117538	-0.135851018951826
"unknown"	unknown	5	LOC111114859	0.169638648348663
"unknown"	unknown	5	LOC111127394	0.138345915531781
"unknown"	unknown	5	LOC111104789	-0.323746107044765
"unknown"	unknown	5	LOC111124093	0.0939311250010686
"unknown"	unknown	5	LOC111136118	2.20012641277269
"unknown"	unknown	5	LOC111130334	-5.40277270436031
"unknown"	unknown	5	LOC111124357	-1.1572247418725
"unknown"	unknown	5	LOC111105047	-0.843581602517861
"unknown"	unknown	5	LOC111099732	0.150541302253731
"unknown"	unknown	5	LOC111132946	0.250108246276654
"unknown"	unknown	5	LOC111124904	-2.03678996254211
"unknown"	unknown	5	LOC111130555	-0.150750928298866
"unknown"	unknown	5	LOC111137589	-0.242760688619285
"unknown"	unknown	5	LOC111123064	-0.194861457641827
"unknown"	unknown	5	LOC111135444	0.815500351575097
"unknown"	unknown	5	LOC111133401	-0.158639547327249
"unknown"	unknown	5	LOC111121256	-0.263226975000339
"unknown"	unknown	5	LOC111103655	-1.70457549845273
"unknown"	unknown	5	LOC111125245	1.73881123908652
"unknown"	unknown	5	LOC111100118	0.81452436866575
"unknown"	unknown	5	LOC111107729	0.140212637143436
"unknown"	unknown	5	LOC111121071	-1.63639410362465
"unknown"	unknown	5	LOC111102515	0.145366385725864
"unknown"	unknown	5	LOC111119652	1.92088027027206
"unknown"	unknown	5	LOC111133352	-0.111753144082737
"unknown"	unknown	5	LOC111134928	0.505478506691993
"unknown"	unknown	5	LOC111116782	0.981230794663466
"unknown"	unknown	5	LOC111100803	-0.576544925071244
"unknown"	unknown	5	LOC111115733	0.42107909242932
"unknown"	unknown	5	LOC111121164	0.303989615555086
"unknown"	unknown	5	LOC111129291	0.119696890954614
"unknown"	unknown	5	LOC111108454	0.0700087042471237
"unknown"	unknown	5	LOC111102911	-0.152522713716882
"unknown"	unknown	5	LOC111119914	2.1823772447973
"unknown"	unknown	5	LOC111118368	1.08166430081454
"unknown"	unknown	5	LOC111122971	0.301825566050761
"unknown"	unknown	5	LOC111124653	-0.218536298938696
"unknown"	unknown	5	LOC111109015	2.08481731853757
"unknown"	unknown	5	LOC111107068	1.47693548766195
"unknown"	unknown	5	LOC111120924	1.07626028645665
"unknown"	unknown	5	LOC111137058	-1.78582619233061
"unknown"	unknown	5	LOC111130363	2.5461887647325
"unknown"	unknown	5	LOC111126265	-0.627060745882791
"unknown"	unknown	5	LOC111136053	-0.358230423026836
"unknown"	unknown	5	LOC111104475	0.060321263014886
"unknown"	unknown	5	LOC111124529	2.03863754908392
"unknown"	unknown	5	LOC111105074	-1.32289528025194
"unknown"	unknown	5	LOC111121934	1.57426349228264
"unknown"	unknown	5	LOC111113756	-0.566769034997686
"unknown"	unknown	5	LOC111125984	0.292691772506215
"unknown"	unknown	5	LOC111122824	-0.805348312683054
"unknown"	unknown	5	LOC111135583	0.0973488188117003
"unknown"	unknown	5	LOC111116368	0.86834721344382
"unknown"	unknown	5	LOC111133500	-0.353195025644983
"unknown"	unknown	5	LOC111106751	-0.142702151394234
"unknown"	unknown	5	LOC111124412	0.432969752999347
"unknown"	unknown	5	LOC111109975	1.42666776164284
"unknown"	unknown	5	LOC111126366	0.61213877324517
"unknown"	unknown	5	LOC111103832	1.15624956352237
"unknown"	unknown	5	LOC111125949	0.0794256736328876
"unknown"	unknown	5	LOC111136636	0.443475906937472
"unknown"	unknown	5	LOC111104024	0.87620953493594
"unknown"	unknown	5	LOC111133374	0.892923659076218
"unknown"	unknown	5	LOC111113443	-0.445525332307616
"chromosome"	GO:0005694	2	LOC111118920	0.847414594919379
"chromosome"	GO:0005694	2	LOC111119919	1.22686756009704
"chromosome"	GO:0005694	2	LOC111131498	1.91543686039977
"chromosome"	GO:0005694	2	LOC111108187	2.30870614838857
"chromosome"	GO:0005694	2	LOC111112464	0.440637476935236
"chromosome"	GO:0005694	2	LOC111112269	0.305522705312976
"chromosome"	GO:0005694	2	LOC111133731	-0.256888186853725
"chromosome"	GO:0005694	2	LOC111105459	1.03162873087395
"chromosome"	GO:0005694	2	LOC111121686	-0.109940275120044
"chromosome"	GO:0005694	2	LOC111136250	0.972224189906973
"chromosome"	GO:0005694	2	LOC111101549	-1.08194164879154
"chromosome"	GO:0005694	2	LOC111121806	1.18513565395865
"chromosome"	GO:0005694	2	LOC111113720	-0.366962935678578
"chromosome"	GO:0005694	2	LOC111114842	-1.88108088592209
"chromosome"	GO:0005694	2	LOC111113658	0.37291412960867
"chromosome"	GO:0005694	2	LOC111101260	-0.315033742567763
"chromosome"	GO:0005694	2	LOC111118767	-0.340365936628664
"chromosome"	GO:0005694	2	LOC111119807	1.36275365862159
"chromosome"	GO:0005694	2	LOC111137908	-0.176673202622162
"chromosome"	GO:0005694	2	LOC111127274	0.157307921589188
"chromosome"	GO:0005694	2	LOC111107548	-1.38747897684838
"chromosome"	GO:0005694	2	LOC111124711	1.29528409409297
"chromosome"	GO:0005694	2	LOC111126659	0.213971613326359
"chromosome"	GO:0005694	2	LOC111118300	-4.86964604454664
"chromosome"	GO:0005694	2	LOC111118761	0.818830541435823
"chromosome"	GO:0005694	2	LOC111121685	-0.0348508600273549
"chromosome"	GO:0005694	2	LOC111114783	-0.871565413571126
"chromosome"	GO:0005694	2	LOC111125868	-1.77441156902566
"chromosome"	GO:0005694	2	LOC111103517	-0.892097351371741
"chromosome"	GO:0005694	2	LOC111124911	0.815559961687434
"chromosome"	GO:0005694	2	LOC111120856	1.28278355059626
"chromosome"	GO:0005694	2	LOC111128950	-3.49281200930562
"chromosome"	GO:0005694	2	LOC111126926	-0.403685104165992
"chromosome"	GO:0005694	2	LOC111105834	-0.250607749491555
"chromosome"	GO:0005694	2	LOC111118766	-5.11753885736318
"chromosome"	GO:0005694	2	LOC111124707	0.666965134300502
"chromosome"	GO:0005694	2	LOC111131637	0.0730232592548523
"chromosome"	GO:0005694	2	LOC111105213	-1.79796287887675
"chromosome"	GO:0005694	2	LOC111122653	0.898991972823269
"chromosome"	GO:0005694	2	LOC111122069	0.227229461678686
"chromosome"	GO:0005694	2	LOC111118537	-0.332457455113189
"chromosome"	GO:0005694	2	LOC111101550	-0.8071929062733
"chromosome"	GO:0005694	2	LOC111125871	0.29504787393233
"chromosome"	GO:0005694	2	LOC111125291	2.11266316437625
"chromosome"	GO:0005694	2	LOC111113331	0.038728338597155
"chromosome"	GO:0005694	2	LOC111112024	-0.444480635956071
"chromosome"	GO:0005694	2	LOC111121688	0.112599519532862
"chromosome"	GO:0005694	2	LOC111107333	2.01118832234659
"chromosome"	GO:0005694	2	LOC111115333	-3.5565124589639
"chromosome"	GO:0005694	2	LOC111121425	-0.127725491107161
"chromosome"	GO:0005694	2	LOC111135726	-0.158009599245181
"chromosome"	GO:0005694	2	LOC111134622	0.26921425593858
"chromosome"	GO:0005694	2	LOC111110554	0.136109765280722
"chromosome"	GO:0005694	2	LOC111118770	-0.0917869614086401
"chromosome"	GO:0005694	2	LOC111123963	1.98553304163257
"chromosome"	GO:0005694	2	LOC111118536	0.130528637387912
"chromosome"	GO:0005694	2	LOC111118760	1.34525030908367
"chromosome"	GO:0005694	2	LOC111115597	-0.936527697314189
"chromosome"	GO:0005694	2	LOC111136917	-0.202596077909546
"chromosome"	GO:0005694	2	LOC111119248	-0.419618383155829
"chromosome"	GO:0005694	2	LOC111122426	0.267668381462859
"chromosome"	GO:0005694	2	LOC111129339	-0.192391249458088
"chromosome"	GO:0005694	2	LOC111105716	-0.172529754222272
"chromosome"	GO:0005694	2	LOC111136545	0.49802423564788
"chromosome"	GO:0005694	2	LOC111107103	-0.560148555233141
"chromosome"	GO:0005694	2	LOC111112663	0.324162663771854
"chromosome"	GO:0005694	2	LOC111099754	-0.0343406513228492
"chromosome"	GO:0005694	2	LOC111135789	-1.29499544404946
"chromosome"	GO:0005694	2	LOC111121695	0.170636567058486
"chromosome"	GO:0005694	2	LOC111118763	-0.859498205898634
"chromosome"	GO:0005694	2	LOC111124710	-0.70776554133903
"chromosome"	GO:0005694	2	LOC111120991	0.936319108095983
"chromosome"	GO:0005694	2	LOC111135650	-0.561225231520491
"chromosome"	GO:0005694	2	LOC111119173	-2.11345644971482
"chromosome"	GO:0005694	2	LOC111135545	1.92104337328359
"chromosome"	GO:0005694	2	LOC111124801	0.359444677708408
"chromosome"	GO:0005694	2	LOC111118496	1.22020178256854
"chromosome"	GO:0005694	2	LOC111113417	-1.45962498957003
"chromosome"	GO:0005694	2	LOC111100760	-0.243206082217881
"chromosome"	GO:0005694	2	LOC111118527	0.145610988439466
"chromosome"	GO:0005694	2	LOC111120956	-0.260474015856478
"chromosome"	GO:0005694	2	LOC111119123	0.579711938504471
"chromosome"	GO:0005694	2	LOC111134732	0.842917863361087
"chromosome"	GO:0005694	2	LOC111101884	-0.716849659839486
"chromosome"	GO:0005694	2	LOC111138081	-0.165544011323742
"chromosome"	GO:0005694	2	LOC111118762	1.37289700636435
"chromosome"	GO:0005694	2	LOC111121810	-0.154762195292625
"chromosome"	GO:0005694	2	LOC111131487	15.232128722287
"chromosome"	GO:0005694	2	LOC111100667	0.640070713369103
"chromosome"	GO:0005694	2	LOC111108477	0.326968038102307
"chromosome"	GO:0005694	2	LOC111129656	0.0498287466249692
"chromosome"	GO:0005694	2	LOC111120989	0.347355366478256
"chromosome"	GO:0005694	2	LOC111119382	2.13482778422369
"chromosome"	GO:0005694	2	LOC111134803	-0.34017013970754
"chromosome"	GO:0005694	2	LOC111104153	0.0625143178950343
"chromosome"	GO:0005694	2	LOC111138046	-0.574917822351732
"chromosome"	GO:0005694	2	LOC111121690	5.62202534438467
"chromosome"	GO:0005694	2	LOC111103623	0.0346933906898699
"chromosome"	GO:0005694	2	LOC111121809	0.63870892245022
"chromosome"	GO:0005694	2	LOC111118765	-0.774751053065673
"chromosome"	GO:0005694	2	LOC111118772	-0.938514486553413
"chromosome"	GO:0005694	2	LOC111118359	-0.0336523601732884
"chromosome"	GO:0005694	2	LOC111136867	0.272878757313027
"chromosome"	GO:0005694	2	LOC111121804	1.9445937927449
"chromosome"	GO:0005694	2	LOC111134808	0.270667349586952
"chromosome"	GO:0005694	2	LOC111125562	-0.501253950348118
"chromosome"	GO:0005694	2	LOC111135651	0.50210464960097
"chromosome"	GO:0005694	2	LOC111130322	-0.214701701026798
"chromosome"	GO:0005694	2	LOC111133827	0.514724169462796
"chromosome"	GO:0005694	2	LOC111119449	2.50339374468955
"chromosome"	GO:0005694	2	LOC111104383	-0.858247250246783
"chromosome"	GO:0005694	2	LOC111129242	0.935771215295255
"chromosome"	GO:0005694	2	LOC111131719	0.303963574976623
"chromosome"	GO:0005694	2	LOC111121805	0.0942831715183172
"chromosome"	GO:0005694	2	LOC111103115	0.581922755144927
"chromosome"	GO:0005694	2	LOC111136660	-3.56372360530457
"chromosome"	GO:0005694	2	LOC111113134	-0.778840018027985
"chromosome"	GO:0005694	2	LOC111129487	-0.58457776659162
"chromosome"	GO:0005694	2	LOC111104266	-0.182410597920502
"chromosome"	GO:0005694	2	LOC111101193	1.08683184951165
"chromosome"	GO:0005694	2	LOC111123852	-1.68459430238259
"chromosome"	GO:0005694	2	LOC111116302	0.0497939067391947
"chromosome"	GO:0005694	2	LOC111118764	0.321011953042603
"chromosome"	GO:0005694	2	LOC111120660	-2.20999661083484
"chromosome"	GO:0005694	2	LOC111128054	-0.259799164760707
"chromosome"	GO:0005694	2	LOC111107339	0.102473338188853
"chromosome"	GO:0005694	2	LOC111118701	-0.70003767080475
"chromosome"	GO:0005694	2	LOC111138461	-0.932616850911825
"chromosome"	GO:0005694	2	LOC111107542	0.0670866085681104
"chromosome"	GO:0005694	2	LOC111137570	1.33418111458296
"chromosome"	GO:0005694	2	LOC111104368	0.919736475438392
"chromosome"	GO:0005694	2	LOC111104167	1.19182915821508
"chromosome"	GO:0005694	2	LOC111133017	0.0191732256182126
"chromosome"	GO:0005694	2	LOC111129829	0.124781169051082
"chromosome"	GO:0005694	2	LOC111121808	-0.0151745578671549
"chromosome"	GO:0005694	2	LOC111118769	-0.698650261974599
"chromosome"	GO:0005694	2	LOC111128454	-0.336109830353704
"chromosome"	GO:0005694	2	LOC111136246	0.045467475844084
"chromosome"	GO:0005694	2	LOC111121691	0.0624886037164199
"chromosome"	GO:0005694	2	LOC111121689	0.792719366411906
"chromosome"	GO:0005694	2	LOC111100693	0.895044024956316
"chromosome"	GO:0005694	2	LOC111130510	0.726569283458106
"chromosome"	GO:0005694	2	LOC111121835	0.0399812778215186
"chromosome"	GO:0005694	2	LOC111119126	0.540865859231769
"chromosome"	GO:0005694	2	LOC111133736	0.0938810789088885
"chromosome"	GO:0005694	2	LOC111128952	-0.861120458646003
"chromosome"	GO:0005694	2	LOC111128906	1.03419778318445
"chromosome"	GO:0005694	2	LOC111099123	0.147958799924995
"chromosome"	GO:0005694	2	LOC111121687	4.20095549567109
"chromosome"	GO:0005694	2	LOC111120939	1.57055735135682
"chromosome"	GO:0005694	2	LOC111124709	-0.426328347050314
"chromosome"	GO:0005694	2	LOC111099443	1.09274181724857
"chromosome"	GO:0005694	2	LOC111102211	-0.16131247711638
"chromosome"	GO:0005694	2	LOC111133682	3.10204323544515
"chromosome"	GO:0005694	2	LOC111134795	-0.379630603884223
"chromosome"	GO:0005694	2	LOC111128754	-0.0472377395174452
"chromosome"	GO:0005694	2	LOC111130512	-0.19711856791889
"chromosome"	GO:0005694	2	LOC111108767	0.914962619624602
"chromosome"	GO:0005694	2	LOC111120345	0.0327662289226314
"chromosome"	GO:0005694	2	LOC111121802	0.180739562959306
"chromosome"	GO:0005694	2	LOC111121683	0.272113024288158
"chromosome"	GO:0005694	2	LOC111124901	-0.122578641292765
"chromosome"	GO:0005694	2	LOC111120992	0.0804889946754283
"chromosome"	GO:0005694	2	LOC111124706	-0.317538041089663
"chromosome"	GO:0005694	2	LOC111137104	-0.283652025523309
"chromosome"	GO:0005694	2	LOC111116431	0.0939191493138579
"chromosome"	GO:0005694	2	LOC111126163	0.1338943807932
"chromosome"	GO:0005694	2	LOC111128951	0.189321684947618
"chromosome"	GO:0005694	2	LOC111130950	0.233980624547188
"chromosome"	GO:0005694	2	LOC111104805	-0.290952845227212
"chromosome"	GO:0005694	2	LOC111118771	-0.11556248807388
"chromosome"	GO:0005694	2	LOC111134368	-1.92055089422582
"chromosome"	GO:0005694	2	LOC111130622	0.258499477536093
"chromosome"	GO:0005694	2	LOC111136042	0.830570097595315
"chromosome"	GO:0005694	2	LOC111118535	-0.348137536191503
"chromosome"	GO:0005694	2	LOC111131043	-0.00997929000972226
"chromosome"	GO:0005694	2	LOC111126958	0.568826192480875
"chromosome"	GO:0005694	2	LOC111120290	0.0688302545907839
"endoplasmic reticulum"	GO:0005783	2	LOC111136211	-0.307276773096671
"endoplasmic reticulum"	GO:0005783	2	LOC111118667	-0.0137067440082564
"endoplasmic reticulum"	GO:0005783	2	LOC111125386	0.841188771079339
"endoplasmic reticulum"	GO:0005783	2	LOC111138344	1.02582637325805
"endoplasmic reticulum"	GO:0005783	2	LOC111125459	1.61693750632368
"endoplasmic reticulum"	GO:0005783	2	LOC111102238	0.258102766107194
"endoplasmic reticulum"	GO:0005783	2	LOC111136993	-1.98710358211163
"endoplasmic reticulum"	GO:0005783	2	LOC111136469	0.230293361169007
"endoplasmic reticulum"	GO:0005783	2	LOC111129138	2.4309414974347
"endoplasmic reticulum"	GO:0005783	2	LOC111099115	0.000244973561561841
"endoplasmic reticulum"	GO:0005783	2	LOC111138014	0.00460649312836721
"endoplasmic reticulum"	GO:0005783	2	LOC111120073	0.545591125996264
"endoplasmic reticulum"	GO:0005783	2	LOC111105831	-0.529633751011308
"endoplasmic reticulum"	GO:0005783	2	LOC111123325	0.898375016731027
"endoplasmic reticulum"	GO:0005783	2	LOC111103552	1.2756030581238
"endoplasmic reticulum"	GO:0005783	2	LOC111108086	1.01354683896355
"endoplasmic reticulum"	GO:0005783	2	LOC111136841	0.383296678551146
"endoplasmic reticulum"	GO:0005783	2	LOC111126975	1.07287117885087
"endoplasmic reticulum"	GO:0005783	2	LOC111117872	0.548119143553184
"endoplasmic reticulum"	GO:0005783	2	LOC111107022	-1.09696057397059
"endoplasmic reticulum"	GO:0005783	2	LOC111125296	-0.219546538477299
"endoplasmic reticulum"	GO:0005783	2	LOC111134879	0.315719602023197
"endoplasmic reticulum"	GO:0005783	2	LOC111133948	-0.128784183123692
"endoplasmic reticulum"	GO:0005783	2	LOC111136548	-0.999524348521456
"endoplasmic reticulum"	GO:0005783	2	LOC111108423	0.979349031282396
"endoplasmic reticulum"	GO:0005783	2	LOC111119635	0.0293586881589621
"endoplasmic reticulum"	GO:0005783	2	LOC111125613	1.06739274812439
"endoplasmic reticulum"	GO:0005783	2	LOC111133434	0.523598388246915
"endoplasmic reticulum"	GO:0005783	2	LOC111121532	-1.61043077449163
"endoplasmic reticulum"	GO:0005783	2	LOC111128863	-0.882885750123793
"endoplasmic reticulum"	GO:0005783	2	LOC111112228	-2.66434751700335
"endoplasmic reticulum"	GO:0005783	2	LOC111131437	-0.246513144604662
"endoplasmic reticulum"	GO:0005783	2	LOC111135352	-3.13302883094185
"endoplasmic reticulum"	GO:0005783	2	LOC111132623	-10.1451157202564
"endoplasmic reticulum"	GO:0005783	2	LOC111125396	0.0962823715496972
"endoplasmic reticulum"	GO:0005783	2	LOC111137420	-0.289484806567851
"endoplasmic reticulum"	GO:0005783	2	LOC111133475	0.434264466195173
"endoplasmic reticulum"	GO:0005783	2	LOC111122131	0.0666602561705933
"endoplasmic reticulum"	GO:0005783	2	LOC111136484	-1.8629465121796
"endoplasmic reticulum"	GO:0005783	2	LOC111137980	1.12733883750849
"endoplasmic reticulum"	GO:0005783	2	LOC111136327	2.56071778142709
"endoplasmic reticulum"	GO:0005783	2	LOC111136224	-3.71753047973207
"endoplasmic reticulum"	GO:0005783	2	LOC111117947	-1.41898992755224
"endoplasmic reticulum"	GO:0005783	2	LOC111135721	-0.610081599614864
"endoplasmic reticulum"	GO:0005783	2	LOC111134880	0.608575315878518
"endoplasmic reticulum"	GO:0005783	2	LOC111138392	0.942672282264521
"endoplasmic reticulum"	GO:0005783	2	LOC111106119	-1.45511247638628
"endoplasmic reticulum"	GO:0005783	2	LOC111106457	0.643808431882337
"endoplasmic reticulum"	GO:0005783	2	LOC111136783	2.14661876768021
"endoplasmic reticulum"	GO:0005783	2	LOC111122879	0.104144210089227
"endoplasmic reticulum"	GO:0005783	2	LOC111107212	-0.419968181215363
"endoplasmic reticulum"	GO:0005783	2	LOC111110231	-0.0247650901428908
"endoplasmic reticulum"	GO:0005783	2	LOC111110723	0.70390408893456
"endoplasmic reticulum"	GO:0005783	2	LOC111124327	5.67781556737066
"endoplasmic reticulum"	GO:0005783	2	LOC111128926	0.599407611379536
"endoplasmic reticulum"	GO:0005783	2	LOC111136571	1.2896643822962
"endoplasmic reticulum"	GO:0005783	2	LOC111120480	0.41523050152161
"unknown;GO:0003674"	unknown;GO:0003674	5	LOC111122604	-0.0958404274999197
"unknown;GO:0003674"	unknown;GO:0003674	5	LOC111106512	-0.151923434215688
"unknown;GO:0003674"	unknown;GO:0003674	5	LOC111121028	4.82153660759582
"unknown;GO:0003674"	unknown;GO:0003674	5	LOC111127194	0.734004893202746
"unknown;GO:0003674"	unknown;GO:0003674	5	LOC111104349	-0.765721052782409
"unknown;GO:0003674"	unknown;GO:0003674	5	LOC111123556	-0.0532905884521042
"unknown;GO:0003674"	unknown;GO:0003674	5	LOC111113090	-1.01433577945312
"unknown;GO:0003674"	unknown;GO:0003674	5	LOC111117764	0.759520752850507
"unknown;GO:0003674"	unknown;GO:0003674	5	LOC111116769	0.229246657190729
"membrane-bounded organelle"	GO:0043231;GO:0043227	2	LOC111120664	0.262857674150779
"membrane-bounded organelle"	GO:0043231;GO:0043227	2	LOC111138326	0.404906979828816
"membrane-bounded organelle"	GO:0043231;GO:0043227	2	LOC111101642	0.111871974674418
"membrane-bounded organelle"	GO:0043231;GO:0043227	2	LOC111106235	-0.344458456031762
"membrane-bounded organelle"	GO:0043231;GO:0043227	2	LOC111119655	0.266173975443575
"membrane-bounded organelle"	GO:0043231;GO:0043227	2	LOC111133472	-0.994480236393996
"membrane-bounded organelle"	GO:0043231;GO:0043227	2	LOC111131786	-0.19973252169052
"membrane-bounded organelle"	GO:0043231;GO:0043227	2	LOC111137900	2.86206025699566
"membrane-bounded organelle"	GO:0043231;GO:0043227	2	LOC111123104	-0.021426143450925
"membrane-bounded organelle"	GO:0043231;GO:0043227	2	LOC111106598	-0.00961478231658358
"membrane-bounded organelle"	GO:0043231;GO:0043227	2	LOC111120952	-0.289573098625964
"membrane-bounded organelle"	GO:0043231;GO:0043227	2	LOC111136211	-0.307276773096671
"membrane-bounded organelle"	GO:0043231;GO:0043227	2	LOC111100179	0.199029729147264
"membrane-bounded organelle"	GO:0043231;GO:0043227	2	LOC111109715	0.080783099348734
"membrane-bounded organelle"	GO:0043231;GO:0043227	2	LOC111138463	1.33663737225422
"membrane-bounded organelle"	GO:0043231;GO:0043227	2	LOC111134887	0.230100411882487
"membrane-bounded organelle"	GO:0043231;GO:0043227	2	LOC111118667	-0.0137067440082564
"membrane-bounded organelle"	GO:0043231;GO:0043227	2	LOC111105944	1.08702335925781
"membrane-bounded organelle"	GO:0043231;GO:0043227	2	LOC111121109	-1.43122333583653
"membrane-bounded organelle"	GO:0043231;GO:0043227	2	LOC111112604	1.28632156850547
"membrane-bounded organelle"	GO:0043231;GO:0043227	2	LOC111132242	0.143788378694032
"membrane-bounded organelle"	GO:0043231;GO:0043227	2	LOC111136607	0.654624526351815
"membrane-bounded organelle"	GO:0043231;GO:0043227	2	LOC111109860	2.05337251046884
"membrane-bounded organelle"	GO:0043231;GO:0043227	2	LOC111131860	0.65695703074728
"membrane-bounded organelle"	GO:0043231;GO:0043227	2	LOC111133871	2.57341530733809
"membrane-bounded organelle"	GO:0043231;GO:0043227	2	LOC111131498	1.91543686039977
"membrane-bounded organelle"	GO:0043231;GO:0043227	2	LOC111125386	0.841188771079339
"membrane-bounded organelle"	GO:0043231;GO:0043227	2	LOC111138344	1.02582637325805
"membrane-bounded organelle"	GO:0043231;GO:0043227	2	LOC111121429	4.90511874106967
"membrane-bounded organelle"	GO:0043231;GO:0043227	2	LOC111125459	1.61693750632368
"membrane-bounded organelle"	GO:0043231;GO:0043227	2	LOC111130413	-0.827585380427868
"membrane-bounded organelle"	GO:0043231;GO:0043227	2	LOC111119787	-0.258716388142162
"membrane-bounded organelle"	GO:0043231;GO:0043227	2	LOC111101979	-0.908289614408245
"membrane-bounded organelle"	GO:0043231;GO:0043227	2	LOC111123268	-0.510732390582416
"membrane-bounded organelle"	GO:0043231;GO:0043227	2	LOC111136576	0.081807733069122
"membrane-bounded organelle"	GO:0043231;GO:0043227	2	LOC111125836	0.0334263859693888
"membrane-bounded organelle"	GO:0043231;GO:0043227	2	LOC111105096	-0.0343443941336728
"membrane-bounded organelle"	GO:0043231;GO:0043227	2	LOC111099079	-0.616369211812411
"membrane-bounded organelle"	GO:0043231;GO:0043227	2	LOC111112859	-0.183073469609464
"membrane-bounded organelle"	GO:0043231;GO:0043227	2	LOC111126412	-0.314655611858281
"membrane-bounded organelle"	GO:0043231;GO:0043227	2	LOC111135210	0.18872442402842
"membrane-bounded organelle"	GO:0043231;GO:0043227	2	LOC111102238	0.258102766107194
"membrane-bounded organelle"	GO:0043231;GO:0043227	2	LOC111128718	-0.655655171222112
"membrane-bounded organelle"	GO:0043231;GO:0043227	2	LOC111099633	-0.17394566143152
"membrane-bounded organelle"	GO:0043231;GO:0043227	2	LOC111120825	-0.34498841307709
"membrane-bounded organelle"	GO:0043231;GO:0043227	2	LOC111100274	1.52134870198516
"membrane-bounded organelle"	GO:0043231;GO:0043227	2	LOC111122347	-0.139766753486809
"membrane-bounded organelle"	GO:0043231;GO:0043227	2	LOC111136993	-1.98710358211163
"membrane-bounded organelle"	GO:0043231;GO:0043227	2	LOC111104480	-0.0267933621574272
"membrane-bounded organelle"	GO:0043231;GO:0043227	2	LOC111106945	0.454654742884201
"membrane-bounded organelle"	GO:0043231;GO:0043227	2	LOC111136469	0.230293361169007
"membrane-bounded organelle"	GO:0043231;GO:0043227	2	LOC111137562	0.652620447453145
"membrane-bounded organelle"	GO:0043231;GO:0043227	2	LOC111131693	0.106093911705514
"membrane-bounded organelle"	GO:0043231;GO:0043227	2	LOC111131337	-1.19724015039212
"membrane-bounded organelle"	GO:0043231;GO:0043227	2	LOC111127729	1.79647818460269
"membrane-bounded organelle"	GO:0043231;GO:0043227	2	LOC111136807	-1.43497384104455
"membrane-bounded organelle"	GO:0043231;GO:0043227	2	LOC111129138	2.4309414974347
"membrane-bounded organelle"	GO:0043231;GO:0043227	2	LOC111105277	0.0584606541623137
"membrane-bounded organelle"	GO:0043231;GO:0043227	2	LOC111131506	-0.65317974350856
"membrane-bounded organelle"	GO:0043231;GO:0043227	2	LOC111099115	0.000244973561561841
"membrane-bounded organelle"	GO:0043231;GO:0043227	2	LOC111136800	0.0196389801126927
"membrane-bounded organelle"	GO:0043231;GO:0043227	2	LOC111138014	0.00460649312836721
"membrane-bounded organelle"	GO:0043231;GO:0043227	2	LOC111136019	0.622847335568254
"membrane-bounded organelle"	GO:0043231;GO:0043227	2	LOC111100766	0.0442469242589838
"membrane-bounded organelle"	GO:0043231;GO:0043227	2	LOC111120138	0.137925969484606
"membrane-bounded organelle"	GO:0043231;GO:0043227	2	LOC111130932	0.71875176211516
"membrane-bounded organelle"	GO:0043231;GO:0043227	2	LOC111121806	1.18513565395865
"membrane-bounded organelle"	GO:0043231;GO:0043227	2	LOC111131718	-0.315986218537675
"membrane-bounded organelle"	GO:0043231;GO:0043227	2	LOC111120073	0.545591125996264
"membrane-bounded organelle"	GO:0043231;GO:0043227	2	LOC111121196	-0.329950462445958
"membrane-bounded organelle"	GO:0043231;GO:0043227	2	LOC111121080	0.346061691772953
"membrane-bounded organelle"	GO:0043231;GO:0043227	2	LOC111127488	0.0999070433766447
"membrane-bounded organelle"	GO:0043231;GO:0043227	2	LOC111135550	0.271770794149797
"membrane-bounded organelle"	GO:0043231;GO:0043227	2	LOC111113042	1.11614897605305
"membrane-bounded organelle"	GO:0043231;GO:0043227	2	LOC111133049	0.93030863048884
"membrane-bounded organelle"	GO:0043231;GO:0043227	2	LOC111107123	-0.0343917727689547
"membrane-bounded organelle"	GO:0043231;GO:0043227	2	LOC111106561	-0.374784216313548
"membrane-bounded organelle"	GO:0043231;GO:0043227	2	LOC111137803	-0.554637818298078
"membrane-bounded organelle"	GO:0043231;GO:0043227	2	LOC111136314	0.641520716303946
"membrane-bounded organelle"	GO:0043231;GO:0043227	2	LOC111122449	1.72655366855355
"membrane-bounded organelle"	GO:0043231;GO:0043227	2	LOC111121659	-0.19089554282264
"membrane-bounded organelle"	GO:0043231;GO:0043227	2	LOC111118767	-0.340365936628664
"membrane-bounded organelle"	GO:0043231;GO:0043227	2	LOC111122966	1.24999091471543
"membrane-bounded organelle"	GO:0043231;GO:0043227	2	LOC111120745	0.332075619228592
"membrane-bounded organelle"	GO:0043231;GO:0043227	2	LOC111114430	0.758940436327675
"membrane-bounded organelle"	GO:0043231;GO:0043227	2	LOC111106358	0.904251118888537
"membrane-bounded organelle"	GO:0043231;GO:0043227	2	LOC111126579	0.166888705300867
"membrane-bounded organelle"	GO:0043231;GO:0043227	2	LOC111106265	-0.034363601710815
"membrane-bounded organelle"	GO:0043231;GO:0043227	2	LOC111116974	-0.0888879018077623
"membrane-bounded organelle"	GO:0043231;GO:0043227	2	LOC111103989	-0.782005379640211
"membrane-bounded organelle"	GO:0043231;GO:0043227	2	LOC111136505	-0.161322841398503
"membrane-bounded organelle"	GO:0043231;GO:0043227	2	LOC111118389	0.862754578653031
"membrane-bounded organelle"	GO:0043231;GO:0043227	2	LOC111128416	-0.435397356503511
"membrane-bounded organelle"	GO:0043231;GO:0043227	2	LOC111105831	-0.529633751011308
"membrane-bounded organelle"	GO:0043231;GO:0043227	2	LOC111132648	-1.63091330752418
"membrane-bounded organelle"	GO:0043231;GO:0043227	2	LOC111122503	0.439720024056992
"membrane-bounded organelle"	GO:0043231;GO:0043227	2	LOC111107548	-1.38747897684838
"membrane-bounded organelle"	GO:0043231;GO:0043227	2	LOC111108952	0.781457652687366
"membrane-bounded organelle"	GO:0043231;GO:0043227	2	LOC111107112	-0.407287175076056
"membrane-bounded organelle"	GO:0043231;GO:0043227	2	LOC111119628	-0.377784491122639
"membrane-bounded organelle"	GO:0043231;GO:0043227	2	LOC111123325	0.898375016731027
"membrane-bounded organelle"	GO:0043231;GO:0043227	2	LOC111103552	1.2756030581238
"membrane-bounded organelle"	GO:0043231;GO:0043227	2	LOC111119213	-0.424151595961035
"membrane-bounded organelle"	GO:0043231;GO:0043227	2	LOC111126210	-1.07380718283931
"membrane-bounded organelle"	GO:0043231;GO:0043227	2	LOC111124711	1.29528409409297
"membrane-bounded organelle"	GO:0043231;GO:0043227	2	LOC111110359	0.782490366053403
"membrane-bounded organelle"	GO:0043231;GO:0043227	2	LOC111132082	0.437951252036074
"membrane-bounded organelle"	GO:0043231;GO:0043227	2	LOC111120921	-0.238827068216731
"membrane-bounded organelle"	GO:0043231;GO:0043227	2	LOC111126659	0.213971613326359
"membrane-bounded organelle"	GO:0043231;GO:0043227	2	LOC111127081	-1.78284425142363
"membrane-bounded organelle"	GO:0043231;GO:0043227	2	LOC111133154	2.35884732148746
"membrane-bounded organelle"	GO:0043231;GO:0043227	2	LOC111100957	0.303838860571123
"membrane-bounded organelle"	GO:0043231;GO:0043227	2	LOC111129017	-1.91801474181597
"membrane-bounded organelle"	GO:0043231;GO:0043227	2	LOC111132118	-1.02729919738328
"membrane-bounded organelle"	GO:0043231;GO:0043227	2	LOC111112101	-0.657464512099046
"membrane-bounded organelle"	GO:0043231;GO:0043227	2	LOC111136535	-0.175489169489933
"membrane-bounded organelle"	GO:0043231;GO:0043227	2	LOC111119225	-1.67608544661232
"membrane-bounded organelle"	GO:0043231;GO:0043227	2	LOC111118761	0.818830541435823
"membrane-bounded organelle"	GO:0043231;GO:0043227	2	LOC111113389	0.127817832985698
"membrane-bounded organelle"	GO:0043231;GO:0043227	2	LOC111105763	0.140255472586191
"membrane-bounded organelle"	GO:0043231;GO:0043227	2	LOC111133954	-0.0958879822251999
"membrane-bounded organelle"	GO:0043231;GO:0043227	2	LOC111136650	0.308942865613052
"membrane-bounded organelle"	GO:0043231;GO:0043227	2	LOC111128560	2.76370030028302
"membrane-bounded organelle"	GO:0043231;GO:0043227	2	LOC111131551	-0.407659020740176
"membrane-bounded organelle"	GO:0043231;GO:0043227	2	LOC111108086	1.01354683896355
"membrane-bounded organelle"	GO:0043231;GO:0043227	2	LOC111111256	0.072504383966845
"membrane-bounded organelle"	GO:0043231;GO:0043227	2	LOC111120812	-0.25502293160504
"membrane-bounded organelle"	GO:0043231;GO:0043227	2	LOC111124659	0.946285896089793
"membrane-bounded organelle"	GO:0043231;GO:0043227	2	LOC111125868	-1.77441156902566
"membrane-bounded organelle"	GO:0043231;GO:0043227	2	LOC111121349	0.000903248553633081
"membrane-bounded organelle"	GO:0043231;GO:0043227	2	LOC111133006	0.195824521547582
"membrane-bounded organelle"	GO:0043231;GO:0043227	2	LOC111136890	-0.0594895912678376
"membrane-bounded organelle"	GO:0043231;GO:0043227	2	LOC111136413	0.562243726462637
"membrane-bounded organelle"	GO:0043231;GO:0043227	2	LOC111128831	7.3671620275769
"membrane-bounded organelle"	GO:0043231;GO:0043227	2	LOC111136841	0.383296678551146
"membrane-bounded organelle"	GO:0043231;GO:0043227	2	LOC111137693	0.650597995976342
"membrane-bounded organelle"	GO:0043231;GO:0043227	2	LOC111136672	-1.45671755527295
"membrane-bounded organelle"	GO:0043231;GO:0043227	2	LOC111101553	0.140216123429691
"membrane-bounded organelle"	GO:0043231;GO:0043227	2	LOC111105474	-0.867314044670909
"membrane-bounded organelle"	GO:0043231;GO:0043227	2	LOC111131274	0.725745385109946
"membrane-bounded organelle"	GO:0043231;GO:0043227	2	LOC111121838	-1.0518035208225
"membrane-bounded organelle"	GO:0043231;GO:0043227	2	LOC111126886	0.438069947593725
"membrane-bounded organelle"	GO:0043231;GO:0043227	2	LOC111109896	0.144995838912205
"membrane-bounded organelle"	GO:0043231;GO:0043227	2	LOC111129301	-0.900529494182354
"membrane-bounded organelle"	GO:0043231;GO:0043227	2	LOC111135564	0.289807017255233
"membrane-bounded organelle"	GO:0043231;GO:0043227	2	LOC111133050	1.85535805489072
"membrane-bounded organelle"	GO:0043231;GO:0043227	2	LOC111099424	0.382766690284221
"membrane-bounded organelle"	GO:0043231;GO:0043227	2	LOC111100362	-0.033181289621639
"membrane-bounded organelle"	GO:0043231;GO:0043227	2	LOC111120856	1.28278355059626
"membrane-bounded organelle"	GO:0043231;GO:0043227	2	LOC111121590	-4.03164032368336
"membrane-bounded organelle"	GO:0043231;GO:0043227	2	LOC111136313	-0.52433257308693
"membrane-bounded organelle"	GO:0043231;GO:0043227	2	LOC111128739	-0.0735971814914183
"membrane-bounded organelle"	GO:0043231;GO:0043227	2	LOC111128384	-0.473113604577491
"membrane-bounded organelle"	GO:0043231;GO:0043227	2	LOC111118591	-0.316666559295491
"membrane-bounded organelle"	GO:0043231;GO:0043227	2	LOC111134501	-0.531909811775265
"membrane-bounded organelle"	GO:0043231;GO:0043227	2	LOC111102942	-0.294909749871149
"membrane-bounded organelle"	GO:0043231;GO:0043227	2	LOC111126675	0.0872751501249348
"membrane-bounded organelle"	GO:0043231;GO:0043227	2	LOC111133592	0.571441169745583
"membrane-bounded organelle"	GO:0043231;GO:0043227	2	LOC111128950	-3.49281200930562
"membrane-bounded organelle"	GO:0043231;GO:0043227	2	LOC111104245	1.05402884376647
"membrane-bounded organelle"	GO:0043231;GO:0043227	2	LOC111128425	1.4556264207475
"membrane-bounded organelle"	GO:0043231;GO:0043227	2	LOC111105973	0.439278912521601
"membrane-bounded organelle"	GO:0043231;GO:0043227	2	LOC111127224	-1.61639874054876e-05
"membrane-bounded organelle"	GO:0043231;GO:0043227	2	LOC111135365	-0.284689556229226
"membrane-bounded organelle"	GO:0043231;GO:0043227	2	LOC111118962	0.320757036058184
"membrane-bounded organelle"	GO:0043231;GO:0043227	2	LOC111126975	1.07287117885087
"membrane-bounded organelle"	GO:0043231;GO:0043227	2	LOC111127086	-0.400856849540684
"membrane-bounded organelle"	GO:0043231;GO:0043227	2	LOC111136459	1.0638779528435
"membrane-bounded organelle"	GO:0043231;GO:0043227	2	LOC111115085	0.368583619676878
"membrane-bounded organelle"	GO:0043231;GO:0043227	2	LOC111118766	-5.11753885736318
"membrane-bounded organelle"	GO:0043231;GO:0043227	2	LOC111127060	0.627325726968127
"membrane-bounded organelle"	GO:0043231;GO:0043227	2	LOC111132130	0.311957232740888
"membrane-bounded organelle"	GO:0043231;GO:0043227	2	LOC111121436	0.483720730905201
"membrane-bounded organelle"	GO:0043231;GO:0043227	2	LOC111119756	-0.585408315050725
"membrane-bounded organelle"	GO:0043231;GO:0043227	2	LOC111134926	3.46001224770643
"membrane-bounded organelle"	GO:0043231;GO:0043227	2	LOC111130805	0.732154813771158
"membrane-bounded organelle"	GO:0043231;GO:0043227	2	LOC111120092	-0.360901374864715
"membrane-bounded organelle"	GO:0043231;GO:0043227	2	LOC111121248	0.824463887039968
"membrane-bounded organelle"	GO:0043231;GO:0043227	2	LOC111126052	-0.153006780928212
"membrane-bounded organelle"	GO:0043231;GO:0043227	2	LOC111135015	-0.443962981094496
"membrane-bounded organelle"	GO:0043231;GO:0043227	2	LOC111134471	0.0236692594928339
"membrane-bounded organelle"	GO:0043231;GO:0043227	2	LOC111131637	0.0730232592548523
"membrane-bounded organelle"	GO:0043231;GO:0043227	2	LOC111103304	-3.21790356491622
"membrane-bounded organelle"	GO:0043231;GO:0043227	2	LOC111123801	-0.448804591925135
"membrane-bounded organelle"	GO:0043231;GO:0043227	2	LOC111137730	-0.0217253737354277
"membrane-bounded organelle"	GO:0043231;GO:0043227	2	LOC111125791	-0.397347352309466
"membrane-bounded organelle"	GO:0043231;GO:0043227	2	LOC111117872	0.548119143553184
"membrane-bounded organelle"	GO:0043231;GO:0043227	2	LOC111133261	1.39111839666414
"membrane-bounded organelle"	GO:0043231;GO:0043227	2	LOC111118832	-0.12172575993906
"membrane-bounded organelle"	GO:0043231;GO:0043227	2	LOC111120863	-1.01226012227394
"membrane-bounded organelle"	GO:0043231;GO:0043227	2	LOC111118479	1.35947035106331
"membrane-bounded organelle"	GO:0043231;GO:0043227	2	LOC111107022	-1.09696057397059
"membrane-bounded organelle"	GO:0043231;GO:0043227	2	LOC111121541	1.25206416226795
"membrane-bounded organelle"	GO:0043231;GO:0043227	2	LOC111118404	-1.74842036191486
"membrane-bounded organelle"	GO:0043231;GO:0043227	2	LOC111107854	-0.269383840378433
"membrane-bounded organelle"	GO:0043231;GO:0043227	2	LOC111111458	0.32237969693879
"membrane-bounded organelle"	GO:0043231;GO:0043227	2	LOC111124329	0.775524591268129
"membrane-bounded organelle"	GO:0043231;GO:0043227	2	LOC111121185	-0.703983526140964
"membrane-bounded organelle"	GO:0043231;GO:0043227	2	LOC111118537	-0.332457455113189
"membrane-bounded organelle"	GO:0043231;GO:0043227	2	LOC111125871	0.29504787393233
"membrane-bounded organelle"	GO:0043231;GO:0043227	2	LOC111135413	0.267086665724023
"membrane-bounded organelle"	GO:0043231;GO:0043227	2	LOC111126822	-2.01901953678229
"membrane-bounded organelle"	GO:0043231;GO:0043227	2	LOC111130828	1.12073446354148
"membrane-bounded organelle"	GO:0043231;GO:0043227	2	LOC111104381	0.604729483286989
"membrane-bounded organelle"	GO:0043231;GO:0043227	2	LOC111125291	2.11266316437625
"membrane-bounded organelle"	GO:0043231;GO:0043227	2	LOC111137553	-0.24246663791218
"membrane-bounded organelle"	GO:0043231;GO:0043227	2	LOC111130755	0.143054994881343
"membrane-bounded organelle"	GO:0043231;GO:0043227	2	LOC111124560	-1.00888629268786
"membrane-bounded organelle"	GO:0043231;GO:0043227	2	LOC111113331	0.038728338597155
"membrane-bounded organelle"	GO:0043231;GO:0043227	2	LOC111107850	-0.0458065218510142
"membrane-bounded organelle"	GO:0043231;GO:0043227	2	LOC111104841	-0.0278396126980744
"membrane-bounded organelle"	GO:0043231;GO:0043227	2	LOC111135735	-0.840355759369128
"membrane-bounded organelle"	GO:0043231;GO:0043227	2	LOC111120888	0.203939121597443
"membrane-bounded organelle"	GO:0043231;GO:0043227	2	LOC111121688	0.112599519532862
"membrane-bounded organelle"	GO:0043231;GO:0043227	2	LOC111114843	-0.420307622460171
"membrane-bounded organelle"	GO:0043231;GO:0043227	2	LOC111131867	-0.204973532725368
"membrane-bounded organelle"	GO:0043231;GO:0043227	2	LOC111123124	-0.572443744762765
"membrane-bounded organelle"	GO:0043231;GO:0043227	2	LOC111129467	1.05331307441261
"membrane-bounded organelle"	GO:0043231;GO:0043227	2	LOC111120639	-1.13129826227789
"membrane-bounded organelle"	GO:0043231;GO:0043227	2	LOC111111443	-0.0494213108489552
"membrane-bounded organelle"	GO:0043231;GO:0043227	2	LOC111127772	0.104142322909104
"membrane-bounded organelle"	GO:0043231;GO:0043227	2	LOC111123326	0.708325532482842
"membrane-bounded organelle"	GO:0043231;GO:0043227	2	LOC111125296	-0.219546538477299
"membrane-bounded organelle"	GO:0043231;GO:0043227	2	LOC111121310	0.338603961218338
"membrane-bounded organelle"	GO:0043231;GO:0043227	2	LOC111129838	0.140101889732846
"membrane-bounded organelle"	GO:0043231;GO:0043227	2	LOC111137772	0.855626284409711
"membrane-bounded organelle"	GO:0043231;GO:0043227	2	LOC111121745	0.264011419803659
"membrane-bounded organelle"	GO:0043231;GO:0043227	2	LOC111106097	0.0115266231055972
"membrane-bounded organelle"	GO:0043231;GO:0043227	2	LOC111138145	0.310559326234541
"membrane-bounded organelle"	GO:0043231;GO:0043227	2	LOC111125980	0.579211678983999
"membrane-bounded organelle"	GO:0043231;GO:0043227	2	LOC111138055	-0.502873120719096
"membrane-bounded organelle"	GO:0043231;GO:0043227	2	LOC111099083	-0.120046194030006
"membrane-bounded organelle"	GO:0043231;GO:0043227	2	LOC111118068	0.0327649905248628
"membrane-bounded organelle"	GO:0043231;GO:0043227	2	LOC111119281	0.00170860137319286
"membrane-bounded organelle"	GO:0043231;GO:0043227	2	LOC111133903	-0.956714225087661
"membrane-bounded organelle"	GO:0043231;GO:0043227	2	LOC111109520	-0.550222142660675
"membrane-bounded organelle"	GO:0043231;GO:0043227	2	LOC111126788	-1.68114181600067
"membrane-bounded organelle"	GO:0043231;GO:0043227	2	LOC111103429	-0.418392686920602
"membrane-bounded organelle"	GO:0043231;GO:0043227	2	LOC111118770	-0.0917869614086401
"membrane-bounded organelle"	GO:0043231;GO:0043227	2	LOC111119188	-1.23764225743658
"membrane-bounded organelle"	GO:0043231;GO:0043227	2	LOC111122214	-0.0731335282784401
"membrane-bounded organelle"	GO:0043231;GO:0043227	2	LOC111130483	1.59366830304932
"membrane-bounded organelle"	GO:0043231;GO:0043227	2	LOC111128428	-0.00530522369113387
"membrane-bounded organelle"	GO:0043231;GO:0043227	2	LOC111108825	0.0579407275900948
"membrane-bounded organelle"	GO:0043231;GO:0043227	2	LOC111125418	0.413080703848305
"membrane-bounded organelle"	GO:0043231;GO:0043227	2	LOC111104162	0.377941948907622
"membrane-bounded organelle"	GO:0043231;GO:0043227	2	LOC111113319	-0.53277829994294
"membrane-bounded organelle"	GO:0043231;GO:0043227	2	LOC111109809	0.304156026655181
"membrane-bounded organelle"	GO:0043231;GO:0043227	2	LOC111134608	0.15095065646805
"membrane-bounded organelle"	GO:0043231;GO:0043227	2	LOC111123101	-0.127807854803739
"membrane-bounded organelle"	GO:0043231;GO:0043227	2	LOC111107584	-0.961396756634342
"membrane-bounded organelle"	GO:0043231;GO:0043227	2	LOC111101440	-1.21219707626205
"membrane-bounded organelle"	GO:0043231;GO:0043227	2	LOC111120170	0.474324346101192
"membrane-bounded organelle"	GO:0043231;GO:0043227	2	LOC111100857	0.705327626473622
"membrane-bounded organelle"	GO:0043231;GO:0043227	2	LOC111121322	0.901440445003829
"membrane-bounded organelle"	GO:0043231;GO:0043227	2	LOC111118536	0.130528637387912
"membrane-bounded organelle"	GO:0043231;GO:0043227	2	LOC111103598	-0.438585500476169
"membrane-bounded organelle"	GO:0043231;GO:0043227	2	LOC111127308	-1.88944063729743
"membrane-bounded organelle"	GO:0043231;GO:0043227	2	LOC111119637	-0.133199303789572
"membrane-bounded organelle"	GO:0043231;GO:0043227	2	LOC111125123	-2.33665331112494
"membrane-bounded organelle"	GO:0043231;GO:0043227	2	LOC111121591	-2.81436411543293
"membrane-bounded organelle"	GO:0043231;GO:0043227	2	LOC111110197	-0.0486430818003816
"membrane-bounded organelle"	GO:0043231;GO:0043227	2	LOC111121158	-0.253595905177823
"membrane-bounded organelle"	GO:0043231;GO:0043227	2	LOC111128424	-0.46281757522982
"membrane-bounded organelle"	GO:0043231;GO:0043227	2	LOC111120555	0.0813944251424605
"membrane-bounded organelle"	GO:0043231;GO:0043227	2	LOC111105462	-0.638869442517436
"membrane-bounded organelle"	GO:0043231;GO:0043227	2	LOC111129897	-1.20279396666275
"membrane-bounded organelle"	GO:0043231;GO:0043227	2	LOC111105116	1.16945263253788
"membrane-bounded organelle"	GO:0043231;GO:0043227	2	LOC111107686	-0.324623296162207
"membrane-bounded organelle"	GO:0043231;GO:0043227	2	LOC111120641	-0.531545371770032
"membrane-bounded organelle"	GO:0043231;GO:0043227	2	LOC111118760	1.34525030908367
"membrane-bounded organelle"	GO:0043231;GO:0043227	2	LOC111104588	0.386613517708451
"membrane-bounded organelle"	GO:0043231;GO:0043227	2	LOC111122953	-1.88495208923441
"membrane-bounded organelle"	GO:0043231;GO:0043227	2	LOC111099212	-0.686972425252957
"membrane-bounded organelle"	GO:0043231;GO:0043227	2	LOC111136602	-0.705178094103373
"membrane-bounded organelle"	GO:0043231;GO:0043227	2	LOC111115597	-0.936527697314189
"membrane-bounded organelle"	GO:0043231;GO:0043227	2	LOC111103867	0.3253428861806
"membrane-bounded organelle"	GO:0043231;GO:0043227	2	LOC111102659	1.42067182576846
"membrane-bounded organelle"	GO:0043231;GO:0043227	2	LOC111137055	0.0380505313059006
"membrane-bounded organelle"	GO:0043231;GO:0043227	2	LOC111137518	0.971332604222872
"membrane-bounded organelle"	GO:0043231;GO:0043227	2	LOC111127293	-3.8067570385887
"membrane-bounded organelle"	GO:0043231;GO:0043227	2	LOC111125906	0.46476466015843
"membrane-bounded organelle"	GO:0043231;GO:0043227	2	LOC111131009	0.535159159835013
"membrane-bounded organelle"	GO:0043231;GO:0043227	2	LOC111135485	-2.73427928897652
"membrane-bounded organelle"	GO:0043231;GO:0043227	2	LOC111129823	1.6114531012068
"membrane-bounded organelle"	GO:0043231;GO:0043227	2	LOC111126787	0.406693000020025
"membrane-bounded organelle"	GO:0043231;GO:0043227	2	LOC111134828	-0.407197452945946
"membrane-bounded organelle"	GO:0043231;GO:0043227	2	LOC111119024	-0.03109979284681
"membrane-bounded organelle"	GO:0043231;GO:0043227	2	LOC111124667	0.388887732788655
"membrane-bounded organelle"	GO:0043231;GO:0043227	2	LOC111137280	-0.185668463401073
"membrane-bounded organelle"	GO:0043231;GO:0043227	2	LOC111136415	-0.416480450126044
"membrane-bounded organelle"	GO:0043231;GO:0043227	2	LOC111135284	0.728920725768339
"membrane-bounded organelle"	GO:0043231;GO:0043227	2	LOC111128042	2.63105400979157
"membrane-bounded organelle"	GO:0043231;GO:0043227	2	LOC111107692	-0.184376571114651
"membrane-bounded organelle"	GO:0043231;GO:0043227	2	LOC111115711	0.873158797079582
"membrane-bounded organelle"	GO:0043231;GO:0043227	2	LOC111134879	0.315719602023197
"membrane-bounded organelle"	GO:0043231;GO:0043227	2	LOC111135331	0.382686183042493
"membrane-bounded organelle"	GO:0043231;GO:0043227	2	LOC111134971	2.40406855135471
"membrane-bounded organelle"	GO:0043231;GO:0043227	2	LOC111106006	0.331151794021619
"membrane-bounded organelle"	GO:0043231;GO:0043227	2	LOC111118485	0.614316901530296
"membrane-bounded organelle"	GO:0043231;GO:0043227	2	LOC111119248	-0.419618383155829
"membrane-bounded organelle"	GO:0043231;GO:0043227	2	LOC111122426	0.267668381462859
"membrane-bounded organelle"	GO:0043231;GO:0043227	2	LOC111123630	0.951255188920162
"membrane-bounded organelle"	GO:0043231;GO:0043227	2	LOC111118756	-1.95207636176302
"membrane-bounded organelle"	GO:0043231;GO:0043227	2	LOC111121776	-0.180133493203222
"membrane-bounded organelle"	GO:0043231;GO:0043227	2	LOC111105728	-0.283394657692556
"membrane-bounded organelle"	GO:0043231;GO:0043227	2	LOC111115748	-0.0675101213956768
"membrane-bounded organelle"	GO:0043231;GO:0043227	2	LOC111103117	0.350669359398466
"membrane-bounded organelle"	GO:0043231;GO:0043227	2	LOC111113135	-0.690004906128908
"membrane-bounded organelle"	GO:0043231;GO:0043227	2	LOC111119812	0.570972862606641
"membrane-bounded organelle"	GO:0043231;GO:0043227	2	LOC111123450	-0.912171501255686
"membrane-bounded organelle"	GO:0043231;GO:0043227	2	LOC111118539	1.13476323964503
"membrane-bounded organelle"	GO:0043231;GO:0043227	2	LOC111121626	0.085802509273532
"membrane-bounded organelle"	GO:0043231;GO:0043227	2	LOC111129399	1.06356192941762
"membrane-bounded organelle"	GO:0043231;GO:0043227	2	LOC111136646	0.757519827804953
"membrane-bounded organelle"	GO:0043231;GO:0043227	2	LOC111125769	2.13005398184101
"membrane-bounded organelle"	GO:0043231;GO:0043227	2	LOC111127037	1.88100025542662
"membrane-bounded organelle"	GO:0043231;GO:0043227	2	LOC111112511	-0.197266291514521
"membrane-bounded organelle"	GO:0043231;GO:0043227	2	LOC111130956	-1.71285978994809
"membrane-bounded organelle"	GO:0043231;GO:0043227	2	LOC111132318	2.74305851399216
"membrane-bounded organelle"	GO:0043231;GO:0043227	2	LOC111123120	-0.436329514189021
"membrane-bounded organelle"	GO:0043231;GO:0043227	2	LOC111102414	1.10046859162606
"membrane-bounded organelle"	GO:0043231;GO:0043227	2	LOC111101768	-0.0734860555543665
"membrane-bounded organelle"	GO:0043231;GO:0043227	2	LOC111136465	0.636420176466238
"membrane-bounded organelle"	GO:0043231;GO:0043227	2	LOC111119198	0.175098720177404
"membrane-bounded organelle"	GO:0043231;GO:0043227	2	LOC111137164	0.568421440530087
"membrane-bounded organelle"	GO:0043231;GO:0043227	2	LOC111127914	-0.711515325108104
"membrane-bounded organelle"	GO:0043231;GO:0043227	2	LOC111099426	-2.79876323800975
"membrane-bounded organelle"	GO:0043231;GO:0043227	2	LOC111104128	-0.952054816955824
"membrane-bounded organelle"	GO:0043231;GO:0043227	2	LOC111132028	-0.0661227205837089
"membrane-bounded organelle"	GO:0043231;GO:0043227	2	LOC111121695	0.170636567058486
"membrane-bounded organelle"	GO:0043231;GO:0043227	2	LOC111133948	-0.128784183123692
"membrane-bounded organelle"	GO:0043231;GO:0043227	2	LOC111119118	-1.06159718511298
"membrane-bounded organelle"	GO:0043231;GO:0043227	2	LOC111131379	0.488845521791036
"membrane-bounded organelle"	GO:0043231;GO:0043227	2	LOC111124710	-0.70776554133903
"membrane-bounded organelle"	GO:0043231;GO:0043227	2	LOC111121197	-0.122718537747212
"membrane-bounded organelle"	GO:0043231;GO:0043227	2	LOC111136477	2.64338448825302
"membrane-bounded organelle"	GO:0043231;GO:0043227	2	LOC111126083	1.15410586860075
"membrane-bounded organelle"	GO:0043231;GO:0043227	2	LOC111120991	0.936319108095983
"membrane-bounded organelle"	GO:0043231;GO:0043227	2	LOC111119173	-2.11345644971482
"membrane-bounded organelle"	GO:0043231;GO:0043227	2	LOC111102079	-0.829437620721145
"membrane-bounded organelle"	GO:0043231;GO:0043227	2	LOC111109698	-0.00100412128789992
"membrane-bounded organelle"	GO:0043231;GO:0043227	2	LOC111126107	0.978022179581303
"membrane-bounded organelle"	GO:0043231;GO:0043227	2	LOC111133797	0.402855408772914
"membrane-bounded organelle"	GO:0043231;GO:0043227	2	LOC111100279	0.895655051550568
"membrane-bounded organelle"	GO:0043231;GO:0043227	2	LOC111113958	1.61142492521936
"membrane-bounded organelle"	GO:0043231;GO:0043227	2	LOC111117586	0.583553904338057
"membrane-bounded organelle"	GO:0043231;GO:0043227	2	LOC111120886	-0.377883441872982
"membrane-bounded organelle"	GO:0043231;GO:0043227	2	LOC111099925	0.20535398429607
"membrane-bounded organelle"	GO:0043231;GO:0043227	2	LOC111118511	-1.2791637387092
"membrane-bounded organelle"	GO:0043231;GO:0043227	2	LOC111125468	-0.219597267182258
"membrane-bounded organelle"	GO:0043231;GO:0043227	2	LOC111126301	-2.1023241287224
"membrane-bounded organelle"	GO:0043231;GO:0043227	2	LOC111134642	-0.694535203883575
"membrane-bounded organelle"	GO:0043231;GO:0043227	2	LOC111137943	1.14907489634963
"membrane-bounded organelle"	GO:0043231;GO:0043227	2	LOC111128436	-0.151374838009138
"membrane-bounded organelle"	GO:0043231;GO:0043227	2	LOC111129824	-0.746058945326604
"membrane-bounded organelle"	GO:0043231;GO:0043227	2	LOC111103914	0.862973115460828
"membrane-bounded organelle"	GO:0043231;GO:0043227	2	LOC111104149	-0.078520737611694
"membrane-bounded organelle"	GO:0043231;GO:0043227	2	LOC111118496	1.22020178256854
"membrane-bounded organelle"	GO:0043231;GO:0043227	2	LOC111099375	0.176964070205456
"membrane-bounded organelle"	GO:0043231;GO:0043227	2	LOC111133338	0.0735628129659556
"membrane-bounded organelle"	GO:0043231;GO:0043227	2	LOC111135682	0.215078715014314
"membrane-bounded organelle"	GO:0043231;GO:0043227	2	LOC111106208	-1.85307300460578
"membrane-bounded organelle"	GO:0043231;GO:0043227	2	LOC111127645	0.175225979327735
"membrane-bounded organelle"	GO:0043231;GO:0043227	2	LOC111100641	0.993091683599744
"membrane-bounded organelle"	GO:0043231;GO:0043227	2	LOC111136548	-0.999524348521456
"membrane-bounded organelle"	GO:0043231;GO:0043227	2	LOC111124777	0.999961049130928
"membrane-bounded organelle"	GO:0043231;GO:0043227	2	LOC111111498	0.0473261995579414
"membrane-bounded organelle"	GO:0043231;GO:0043227	2	LOC111123770	0.459698142210504
"membrane-bounded organelle"	GO:0043231;GO:0043227	2	LOC111125900	0.135284061437151
"membrane-bounded organelle"	GO:0043231;GO:0043227	2	LOC111130538	0.807527068698543
"membrane-bounded organelle"	GO:0043231;GO:0043227	2	LOC111103422	-0.0920160971468789
"membrane-bounded organelle"	GO:0043231;GO:0043227	2	LOC111122904	-0.300479825971862
"membrane-bounded organelle"	GO:0043231;GO:0043227	2	LOC111114451	-0.849903320954732
"membrane-bounded organelle"	GO:0043231;GO:0043227	2	LOC111108423	0.979349031282396
"membrane-bounded organelle"	GO:0043231;GO:0043227	2	LOC111125748	0.14966742690394
"membrane-bounded organelle"	GO:0043231;GO:0043227	2	LOC111104044	-0.700606877295206
"membrane-bounded organelle"	GO:0043231;GO:0043227	2	LOC111108640	0.356913653828676
"membrane-bounded organelle"	GO:0043231;GO:0043227	2	LOC111120267	0.993737056572922
"membrane-bounded organelle"	GO:0043231;GO:0043227	2	LOC111135354	0.126668093830042
"membrane-bounded organelle"	GO:0043231;GO:0043227	2	LOC111126890	-0.326005848741135
"membrane-bounded organelle"	GO:0043231;GO:0043227	2	LOC111119635	0.0293586881589621
"membrane-bounded organelle"	GO:0043231;GO:0043227	2	LOC111129942	2.44923317652779
"membrane-bounded organelle"	GO:0043231;GO:0043227	2	LOC111120233	-0.43575025838095
"membrane-bounded organelle"	GO:0043231;GO:0043227	2	LOC111127142	0.623081455718162
"membrane-bounded organelle"	GO:0043231;GO:0043227	2	LOC111128461	1.75503127826019
"membrane-bounded organelle"	GO:0043231;GO:0043227	2	LOC111124726	-0.0132810122481454
"membrane-bounded organelle"	GO:0043231;GO:0043227	2	LOC111118527	0.145610988439466
"membrane-bounded organelle"	GO:0043231;GO:0043227	2	LOC111126054	-1.2546091140906
"membrane-bounded organelle"	GO:0043231;GO:0043227	2	LOC111133207	-0.0462003476028674
"membrane-bounded organelle"	GO:0043231;GO:0043227	2	LOC111116220	-0.890803458197964
"membrane-bounded organelle"	GO:0043231;GO:0043227	2	LOC111100851	1.94505839749139
"membrane-bounded organelle"	GO:0043231;GO:0043227	2	LOC111136748	0.24900234732994
"membrane-bounded organelle"	GO:0043231;GO:0043227	2	LOC111123492	-2.30002903067881
"membrane-bounded organelle"	GO:0043231;GO:0043227	2	LOC111119683	-0.560399109032787
"membrane-bounded organelle"	GO:0043231;GO:0043227	2	LOC111134663	0.843157226050481
"membrane-bounded organelle"	GO:0043231;GO:0043227	2	LOC111118002	-0.645692565013283
"membrane-bounded organelle"	GO:0043231;GO:0043227	2	LOC111133413	-0.322385983440844
"membrane-bounded organelle"	GO:0043231;GO:0043227	2	LOC111125613	1.06739274812439
"membrane-bounded organelle"	GO:0043231;GO:0043227	2	LOC111133434	0.523598388246915
"membrane-bounded organelle"	GO:0043231;GO:0043227	2	LOC111118762	1.37289700636435
"membrane-bounded organelle"	GO:0043231;GO:0043227	2	LOC111109822	0.855936106915283
"membrane-bounded organelle"	GO:0043231;GO:0043227	2	LOC111121810	-0.154762195292625
"membrane-bounded organelle"	GO:0043231;GO:0043227	2	LOC111119157	0.184950177705116
"membrane-bounded organelle"	GO:0043231;GO:0043227	2	LOC111124637	4.5112497255429
"membrane-bounded organelle"	GO:0043231;GO:0043227	2	LOC111120048	1.31616678407645
"membrane-bounded organelle"	GO:0043231;GO:0043227	2	LOC111127260	0.275715035215608
"membrane-bounded organelle"	GO:0043231;GO:0043227	2	LOC111121532	-1.61043077449163
"membrane-bounded organelle"	GO:0043231;GO:0043227	2	LOC111120574	0.265623259770479
"membrane-bounded organelle"	GO:0043231;GO:0043227	2	LOC111112880	0.316165603839224
"membrane-bounded organelle"	GO:0043231;GO:0043227	2	LOC111128863	-0.882885750123793
"membrane-bounded organelle"	GO:0043231;GO:0043227	2	LOC111124451	1.11670546142459
"membrane-bounded organelle"	GO:0043231;GO:0043227	2	LOC111133963	0.380069708596654
"membrane-bounded organelle"	GO:0043231;GO:0043227	2	LOC111124799	0.349822562285667
"membrane-bounded organelle"	GO:0043231;GO:0043227	2	LOC111135801	-0.107398893242538
"membrane-bounded organelle"	GO:0043231;GO:0043227	2	LOC111125907	-1.46631500689747
"membrane-bounded organelle"	GO:0043231;GO:0043227	2	LOC111119453	-0.173868350372515
"membrane-bounded organelle"	GO:0043231;GO:0043227	2	LOC111118976	0.64878452027397
"membrane-bounded organelle"	GO:0043231;GO:0043227	2	LOC111126631	0.35212302742847
"membrane-bounded organelle"	GO:0043231;GO:0043227	2	LOC111131487	15.232128722287
"membrane-bounded organelle"	GO:0043231;GO:0043227	2	LOC111112228	-2.66434751700335
"membrane-bounded organelle"	GO:0043231;GO:0043227	2	LOC111126428	1.00901015577045
"membrane-bounded organelle"	GO:0043231;GO:0043227	2	LOC111130046	0.0839558302679676
"membrane-bounded organelle"	GO:0043231;GO:0043227	2	LOC111119818	-0.336805338045941
"membrane-bounded organelle"	GO:0043231;GO:0043227	2	LOC111122680	-1.37798287501158
"membrane-bounded organelle"	GO:0043231;GO:0043227	2	LOC111129165	2.04327783935658
"membrane-bounded organelle"	GO:0043231;GO:0043227	2	LOC111129195	0.180027420956679
"membrane-bounded organelle"	GO:0043231;GO:0043227	2	LOC111136729	0.512540441424385
"membrane-bounded organelle"	GO:0043231;GO:0043227	2	LOC111133766	-1.48245282132001
"membrane-bounded organelle"	GO:0043231;GO:0043227	2	LOC111129656	0.0498287466249692
"membrane-bounded organelle"	GO:0043231;GO:0043227	2	LOC111131437	-0.246513144604662
"membrane-bounded organelle"	GO:0043231;GO:0043227	2	LOC111128039	0.956689154077677
"membrane-bounded organelle"	GO:0043231;GO:0043227	2	LOC111131852	1.39991335773437
"membrane-bounded organelle"	GO:0043231;GO:0043227	2	LOC111110608	-0.250263854279389
"membrane-bounded organelle"	GO:0043231;GO:0043227	2	LOC111118512	1.70832759786707
"membrane-bounded organelle"	GO:0043231;GO:0043227	2	LOC111126844	-0.747928093535659
"membrane-bounded organelle"	GO:0043231;GO:0043227	2	LOC111118274	1.04579820082938
"membrane-bounded organelle"	GO:0043231;GO:0043227	2	LOC111123907	-0.0669731712426143
"membrane-bounded organelle"	GO:0043231;GO:0043227	2	LOC111122502	0.445493911267188
"membrane-bounded organelle"	GO:0043231;GO:0043227	2	LOC111134475	1.49135507816545
"membrane-bounded organelle"	GO:0043231;GO:0043227	2	LOC111124843	-0.389311487145937
"membrane-bounded organelle"	GO:0043231;GO:0043227	2	LOC111118682	-0.171753276943751
"membrane-bounded organelle"	GO:0043231;GO:0043227	2	LOC111115556	1.5967799998064
"membrane-bounded organelle"	GO:0043231;GO:0043227	2	LOC111137254	-0.931353499431274
"membrane-bounded organelle"	GO:0043231;GO:0043227	2	LOC111135352	-3.13302883094185
"membrane-bounded organelle"	GO:0043231;GO:0043227	2	LOC111138243	-0.0267092278335216
"membrane-bounded organelle"	GO:0043231;GO:0043227	2	LOC111131550	0.30519789448175
"membrane-bounded organelle"	GO:0043231;GO:0043227	2	LOC111135381	-0.569151302533269
"membrane-bounded organelle"	GO:0043231;GO:0043227	2	LOC111135445	7.00492830499638
"membrane-bounded organelle"	GO:0043231;GO:0043227	2	LOC111121456	0.737451207736603
"membrane-bounded organelle"	GO:0043231;GO:0043227	2	LOC111133970	0.204812281783237
"membrane-bounded organelle"	GO:0043231;GO:0043227	2	LOC111121480	-0.248399324080157
"membrane-bounded organelle"	GO:0043231;GO:0043227	2	LOC111132623	-10.1451157202564
"membrane-bounded organelle"	GO:0043231;GO:0043227	2	LOC111104153	0.0625143178950343
"membrane-bounded organelle"	GO:0043231;GO:0043227	2	LOC111127005	-1.36630609382051
"membrane-bounded organelle"	GO:0043231;GO:0043227	2	LOC111132383	-1.14207916304856
"membrane-bounded organelle"	GO:0043231;GO:0043227	2	LOC111125901	0.672162247141738
"membrane-bounded organelle"	GO:0043231;GO:0043227	2	LOC111121690	5.62202534438467
"membrane-bounded organelle"	GO:0043231;GO:0043227	2	LOC111129413	-1.2987440331981
"membrane-bounded organelle"	GO:0043231;GO:0043227	2	LOC111103623	0.0346933906898699
"membrane-bounded organelle"	GO:0043231;GO:0043227	2	LOC111138275	1.83130445817331
"membrane-bounded organelle"	GO:0043231;GO:0043227	2	LOC111102993	-2.66847594262598
"membrane-bounded organelle"	GO:0043231;GO:0043227	2	LOC111129906	-0.227305005795231
"membrane-bounded organelle"	GO:0043231;GO:0043227	2	LOC111108639	0.546051176628295
"membrane-bounded organelle"	GO:0043231;GO:0043227	2	LOC111105896	-1.18133848710934
"membrane-bounded organelle"	GO:0043231;GO:0043227	2	LOC111125396	0.0962823715496972
"membrane-bounded organelle"	GO:0043231;GO:0043227	2	LOC111137420	-0.289484806567851
"membrane-bounded organelle"	GO:0043231;GO:0043227	2	LOC111121809	0.63870892245022
"membrane-bounded organelle"	GO:0043231;GO:0043227	2	LOC111128947	0.585555928887466
"membrane-bounded organelle"	GO:0043231;GO:0043227	2	LOC111130499	1.70570944211564
"membrane-bounded organelle"	GO:0043231;GO:0043227	2	LOC111107813	0.571000101903144
"membrane-bounded organelle"	GO:0043231;GO:0043227	2	LOC111125013	-0.296447728277773
"membrane-bounded organelle"	GO:0043231;GO:0043227	2	LOC111120308	-0.628749719850547
"membrane-bounded organelle"	GO:0043231;GO:0043227	2	LOC111133703	1.93338370234753
"membrane-bounded organelle"	GO:0043231;GO:0043227	2	LOC111118772	-0.938514486553413
"membrane-bounded organelle"	GO:0043231;GO:0043227	2	LOC111130565	0.433762699423969
"membrane-bounded organelle"	GO:0043231;GO:0043227	2	LOC111137447	0.174199593172163
"membrane-bounded organelle"	GO:0043231;GO:0043227	2	LOC111109100	2.05726264208002
"membrane-bounded organelle"	GO:0043231;GO:0043227	2	LOC111137541	-1.49778472786359
"membrane-bounded organelle"	GO:0043231;GO:0043227	2	LOC111125337	0.732824438163801
"membrane-bounded organelle"	GO:0043231;GO:0043227	2	LOC111131690	0.274893383947691
"membrane-bounded organelle"	GO:0043231;GO:0043227	2	LOC111101883	-2.83436950717217
"membrane-bounded organelle"	GO:0043231;GO:0043227	2	LOC111118710	-0.554941187046722
"membrane-bounded organelle"	GO:0043231;GO:0043227	2	LOC111120984	1.3264355253655
"membrane-bounded organelle"	GO:0043231;GO:0043227	2	LOC111124573	-0.647386225012668
"membrane-bounded organelle"	GO:0043231;GO:0043227	2	LOC111107351	1.33507742119276
"membrane-bounded organelle"	GO:0043231;GO:0043227	2	LOC111136875	0.659869518614243
"membrane-bounded organelle"	GO:0043231;GO:0043227	2	LOC111129924	0.558903681229323
"membrane-bounded organelle"	GO:0043231;GO:0043227	2	LOC111126566	0.824541511696254
"membrane-bounded organelle"	GO:0043231;GO:0043227	2	LOC111106044	0.384863823365473
"membrane-bounded organelle"	GO:0043231;GO:0043227	2	LOC111103635	-2.74863112114225
"membrane-bounded organelle"	GO:0043231;GO:0043227	2	LOC111110879	0.0706973069356524
"membrane-bounded organelle"	GO:0043231;GO:0043227	2	LOC111111537	-0.844994412177636
"membrane-bounded organelle"	GO:0043231;GO:0043227	2	LOC111119151	2.44516515498684
"membrane-bounded organelle"	GO:0043231;GO:0043227	2	LOC111103991	0.314812820111688
"membrane-bounded organelle"	GO:0043231;GO:0043227	2	LOC111130292	0.736989010406807
"membrane-bounded organelle"	GO:0043231;GO:0043227	2	LOC111122914	-0.191239574569885
"membrane-bounded organelle"	GO:0043231;GO:0043227	2	LOC111133250	-0.167550171148646
"membrane-bounded organelle"	GO:0043231;GO:0043227	2	LOC111116311	0.212433704096046
"membrane-bounded organelle"	GO:0043231;GO:0043227	2	LOC111135499	-2.35312128904906
"membrane-bounded organelle"	GO:0043231;GO:0043227	2	LOC111119654	0.0508178988854789
"membrane-bounded organelle"	GO:0043231;GO:0043227	2	LOC111108491	1.81676996862488
"membrane-bounded organelle"	GO:0043231;GO:0043227	2	LOC111125339	0.803305333425913
"membrane-bounded organelle"	GO:0043231;GO:0043227	2	LOC111133475	0.434264466195173
"membrane-bounded organelle"	GO:0043231;GO:0043227	2	LOC111110775	0.0442883191819777
"membrane-bounded organelle"	GO:0043231;GO:0043227	2	LOC111109706	0.0855415565163092
"membrane-bounded organelle"	GO:0043231;GO:0043227	2	LOC111137415	0.87533134630405
"membrane-bounded organelle"	GO:0043231;GO:0043227	2	LOC111118959	-19.0237091078203
"membrane-bounded organelle"	GO:0043231;GO:0043227	2	LOC111128534	-1.00750255012795
"membrane-bounded organelle"	GO:0043231;GO:0043227	2	LOC111133404	0.510768377221669
"membrane-bounded organelle"	GO:0043231;GO:0043227	2	LOC111126607	-0.806517707008281
"membrane-bounded organelle"	GO:0043231;GO:0043227	2	LOC111118431	0.829372338085955
"membrane-bounded organelle"	GO:0043231;GO:0043227	2	LOC111132456	1.75811189820804
"membrane-bounded organelle"	GO:0043231;GO:0043227	2	LOC111135402	1.96877882007527
"membrane-bounded organelle"	GO:0043231;GO:0043227	2	LOC111135570	-1.32018124371414
"membrane-bounded organelle"	GO:0043231;GO:0043227	2	LOC111099067	-0.217422015485308
"membrane-bounded organelle"	GO:0043231;GO:0043227	2	LOC111135790	1.26391329092788
"membrane-bounded organelle"	GO:0043231;GO:0043227	2	LOC111109766	-1.23888838343492
"membrane-bounded organelle"	GO:0043231;GO:0043227	2	LOC111103450	-0.059469203950945
"membrane-bounded organelle"	GO:0043231;GO:0043227	2	LOC111126444	0.316703723356901
"membrane-bounded organelle"	GO:0043231;GO:0043227	2	LOC111122131	0.0666602561705933
"membrane-bounded organelle"	GO:0043231;GO:0043227	2	LOC111137963	0.300377089306872
"membrane-bounded organelle"	GO:0043231;GO:0043227	2	LOC111125655	0.997470118030851
"membrane-bounded organelle"	GO:0043231;GO:0043227	2	LOC111104518	-0.215115427222294
"membrane-bounded organelle"	GO:0043231;GO:0043227	2	LOC111136484	-1.8629465121796
"membrane-bounded organelle"	GO:0043231;GO:0043227	2	LOC111101799	-0.253622219302306
"membrane-bounded organelle"	GO:0043231;GO:0043227	2	LOC111133235	-0.442433103286808
"membrane-bounded organelle"	GO:0043231;GO:0043227	2	LOC111099585	-2.0726889674565
"membrane-bounded organelle"	GO:0043231;GO:0043227	2	LOC111103231	-0.411425776275189
"membrane-bounded organelle"	GO:0043231;GO:0043227	2	LOC111137980	1.12733883750849
"membrane-bounded organelle"	GO:0043231;GO:0043227	2	LOC111134558	-0.972942573747724
"membrane-bounded organelle"	GO:0043231;GO:0043227	2	LOC111125302	1.26395129425079
"membrane-bounded organelle"	GO:0043231;GO:0043227	2	LOC111129839	0.404363042432034
"membrane-bounded organelle"	GO:0043231;GO:0043227	2	LOC111099104	-2.3239164991522
"membrane-bounded organelle"	GO:0043231;GO:0043227	2	LOC111130043	0.75864500690231
"membrane-bounded organelle"	GO:0043231;GO:0043227	2	LOC111125807	0.358100171448118
"membrane-bounded organelle"	GO:0043231;GO:0043227	2	LOC111131303	2.6797804641744
"membrane-bounded organelle"	GO:0043231;GO:0043227	2	LOC111136327	2.56071778142709
"membrane-bounded organelle"	GO:0043231;GO:0043227	2	LOC111130416	-1.37772953541038
"membrane-bounded organelle"	GO:0043231;GO:0043227	2	LOC111131864	-0.0628927121935862
"membrane-bounded organelle"	GO:0043231;GO:0043227	2	LOC111131321	-1.60940750126136
"membrane-bounded organelle"	GO:0043231;GO:0043227	2	LOC111109639	0.3701129629886
"membrane-bounded organelle"	GO:0043231;GO:0043227	2	LOC111136239	-0.813238506216045
"membrane-bounded organelle"	GO:0043231;GO:0043227	2	LOC111122939	-0.6932112485338
"membrane-bounded organelle"	GO:0043231;GO:0043227	2	LOC111128276	-0.780529432570603
"membrane-bounded organelle"	GO:0043231;GO:0043227	2	LOC111136224	-3.71753047973207
"membrane-bounded organelle"	GO:0043231;GO:0043227	2	LOC111130344	1.61879664890786
"membrane-bounded organelle"	GO:0043231;GO:0043227	2	LOC111119917	-0.274234157330911
"membrane-bounded organelle"	GO:0043231;GO:0043227	2	LOC111123023	0.491901085819358
"membrane-bounded organelle"	GO:0043231;GO:0043227	2	LOC111126341	-0.108802060156462
"membrane-bounded organelle"	GO:0043231;GO:0043227	2	LOC111104494	-3.43294578181842
"membrane-bounded organelle"	GO:0043231;GO:0043227	2	LOC111126398	-0.703318725688428
"membrane-bounded organelle"	GO:0043231;GO:0043227	2	LOC111112973	-19.2202809300036
"membrane-bounded organelle"	GO:0043231;GO:0043227	2	LOC111117921	-10.6128047874666
"membrane-bounded organelle"	GO:0043231;GO:0043227	2	LOC111107427	-2.3676397919557
"membrane-bounded organelle"	GO:0043231;GO:0043227	2	LOC111119734	2.06563340812565
"membrane-bounded organelle"	GO:0043231;GO:0043227	2	LOC111119449	2.50339374468955
"membrane-bounded organelle"	GO:0043231;GO:0043227	2	LOC111134737	-2.96388968441645
"membrane-bounded organelle"	GO:0043231;GO:0043227	2	LOC111118367	-0.209128857305511
"membrane-bounded organelle"	GO:0043231;GO:0043227	2	LOC111127777	-1.05011606195424
"membrane-bounded organelle"	GO:0043231;GO:0043227	2	LOC111129084	-0.0664622083218106
"membrane-bounded organelle"	GO:0043231;GO:0043227	2	LOC111136071	-0.762247233801854
"membrane-bounded organelle"	GO:0043231;GO:0043227	2	LOC111123448	0.769977295182838
"membrane-bounded organelle"	GO:0043231;GO:0043227	2	LOC111130935	1.38246484735797
"membrane-bounded organelle"	GO:0043231;GO:0043227	2	LOC111122906	-4.83179990707351
"membrane-bounded organelle"	GO:0043231;GO:0043227	2	LOC111105624	-0.335541136746136
"membrane-bounded organelle"	GO:0043231;GO:0043227	2	LOC111136320	1.15265825361462
"membrane-bounded organelle"	GO:0043231;GO:0043227	2	LOC111099799	-1.34647504612786
"membrane-bounded organelle"	GO:0043231;GO:0043227	2	LOC111130067	-0.181684474271811
"membrane-bounded organelle"	GO:0043231;GO:0043227	2	LOC111121515	-0.00517739058996563
"membrane-bounded organelle"	GO:0043231;GO:0043227	2	LOC111132562	-0.0588947960040015
"membrane-bounded organelle"	GO:0043231;GO:0043227	2	LOC111123084	-0.891080322571889
"membrane-bounded organelle"	GO:0043231;GO:0043227	2	LOC111131719	0.303963574976623
"membrane-bounded organelle"	GO:0043231;GO:0043227	2	LOC111133337	-0.744105300801904
"membrane-bounded organelle"	GO:0043231;GO:0043227	2	LOC111133851	0.513737343569471
"membrane-bounded organelle"	GO:0043231;GO:0043227	2	LOC111121805	0.0942831715183172
"membrane-bounded organelle"	GO:0043231;GO:0043227	2	LOC111115338	-4.68617889481393
"membrane-bounded organelle"	GO:0043231;GO:0043227	2	LOC111117947	-1.41898992755224
"membrane-bounded organelle"	GO:0043231;GO:0043227	2	LOC111135254	-4.55495165845331
"membrane-bounded organelle"	GO:0043231;GO:0043227	2	LOC111135285	0.796926475828191
"membrane-bounded organelle"	GO:0043231;GO:0043227	2	LOC111119585	0.454539083887331
"membrane-bounded organelle"	GO:0043231;GO:0043227	2	LOC111112181	0.197469119935176
"membrane-bounded organelle"	GO:0043231;GO:0043227	2	LOC111135834	-0.297192400419901
"membrane-bounded organelle"	GO:0043231;GO:0043227	2	LOC111135721	-0.610081599614864
"membrane-bounded organelle"	GO:0043231;GO:0043227	2	LOC111104434	0.834987349135715
"membrane-bounded organelle"	GO:0043231;GO:0043227	2	LOC111138362	-0.629025158961125
"membrane-bounded organelle"	GO:0043231;GO:0043227	2	LOC111129487	-0.58457776659162
"membrane-bounded organelle"	GO:0043231;GO:0043227	2	LOC111110214	-0.40273734975483
"membrane-bounded organelle"	GO:0043231;GO:0043227	2	LOC111134880	0.608575315878518
"membrane-bounded organelle"	GO:0043231;GO:0043227	2	LOC111123923	-0.289160764800191
"membrane-bounded organelle"	GO:0043231;GO:0043227	2	LOC111125755	0.049772893107742
"membrane-bounded organelle"	GO:0043231;GO:0043227	2	LOC111117543	0.539689327801686
"membrane-bounded organelle"	GO:0043231;GO:0043227	2	LOC111110545	0.150184556254793
"membrane-bounded organelle"	GO:0043231;GO:0043227	2	LOC111105457	-0.675243840807498
"membrane-bounded organelle"	GO:0043231;GO:0043227	2	LOC111131837	-0.299098466067225
"membrane-bounded organelle"	GO:0043231;GO:0043227	2	LOC111119785	-2.44864588871537
"membrane-bounded organelle"	GO:0043231;GO:0043227	2	LOC111123852	-1.68459430238259
"membrane-bounded organelle"	GO:0043231;GO:0043227	2	LOC111108664	-1.8270298822541
"membrane-bounded organelle"	GO:0043231;GO:0043227	2	LOC111100743	0.844534285434286
"membrane-bounded organelle"	GO:0043231;GO:0043227	2	LOC111121751	-0.0492527671882936
"membrane-bounded organelle"	GO:0043231;GO:0043227	2	LOC111130521	-0.985896010375703
"membrane-bounded organelle"	GO:0043231;GO:0043227	2	LOC111124897	2.75773606886591
"membrane-bounded organelle"	GO:0043231;GO:0043227	2	LOC111125832	-1.53857005082131
"membrane-bounded organelle"	GO:0043231;GO:0043227	2	LOC111105859	1.6612237971287
"membrane-bounded organelle"	GO:0043231;GO:0043227	2	LOC111108790	-0.0766917514846063
"membrane-bounded organelle"	GO:0043231;GO:0043227	2	LOC111127313	-0.0954318332954285
"membrane-bounded organelle"	GO:0043231;GO:0043227	2	LOC111101617	-1.1312168506679
"membrane-bounded organelle"	GO:0043231;GO:0043227	2	LOC111132175	-1.03652116652482
"membrane-bounded organelle"	GO:0043231;GO:0043227	2	LOC111122059	-2.19298200259234
"membrane-bounded organelle"	GO:0043231;GO:0043227	2	LOC111117608	0.341542632390024
"membrane-bounded organelle"	GO:0043231;GO:0043227	2	LOC111126814	-0.772411758434294
"membrane-bounded organelle"	GO:0043231;GO:0043227	2	LOC111120660	-2.20999661083484
"membrane-bounded organelle"	GO:0043231;GO:0043227	2	LOC111124727	-0.467823667518434
"membrane-bounded organelle"	GO:0043231;GO:0043227	2	LOC111128772	-1.25893281193856
"membrane-bounded organelle"	GO:0043231;GO:0043227	2	LOC111137659	-1.27573283441809
"membrane-bounded organelle"	GO:0043231;GO:0043227	2	LOC111138461	-0.932616850911825
"membrane-bounded organelle"	GO:0043231;GO:0043227	2	LOC111115356	0.00745085023025282
"membrane-bounded organelle"	GO:0043231;GO:0043227	2	LOC111121277	-1.30075764685473
"membrane-bounded organelle"	GO:0043231;GO:0043227	2	LOC111127826	-0.569476082230272
"membrane-bounded organelle"	GO:0043231;GO:0043227	2	LOC111125427	0.94397393580753
"membrane-bounded organelle"	GO:0043231;GO:0043227	2	LOC111113840	-0.58238268890483
"membrane-bounded organelle"	GO:0043231;GO:0043227	2	LOC111134540	1.4696497956233
"membrane-bounded organelle"	GO:0043231;GO:0043227	2	LOC111136321	0.317583764976411
"membrane-bounded organelle"	GO:0043231;GO:0043227	2	LOC111112551	0.124275174963129
"membrane-bounded organelle"	GO:0043231;GO:0043227	2	LOC111134319	0.254300325306677
"membrane-bounded organelle"	GO:0043231;GO:0043227	2	LOC111136002	-0.621206521283482
"membrane-bounded organelle"	GO:0043231;GO:0043227	2	LOC111138392	0.942672282264521
"membrane-bounded organelle"	GO:0043231;GO:0043227	2	LOC111137514	-0.363671030671164
"membrane-bounded organelle"	GO:0043231;GO:0043227	2	LOC111100363	0.219704421662128
"membrane-bounded organelle"	GO:0043231;GO:0043227	2	LOC111107356	-0.590077911323944
"membrane-bounded organelle"	GO:0043231;GO:0043227	2	LOC111125994	0.94234843856671
"membrane-bounded organelle"	GO:0043231;GO:0043227	2	LOC111120262	0.196235080353176
"membrane-bounded organelle"	GO:0043231;GO:0043227	2	LOC111111566	-0.0414800155141951
"membrane-bounded organelle"	GO:0043231;GO:0043227	2	LOC111127461	-0.349149529575357
"membrane-bounded organelle"	GO:0043231;GO:0043227	2	LOC111126254	-0.255154134800984
"membrane-bounded organelle"	GO:0043231;GO:0043227	2	LOC111128383	-0.426178707662105
"membrane-bounded organelle"	GO:0043231;GO:0043227	2	LOC111115135	-0.608255347546525
"membrane-bounded organelle"	GO:0043231;GO:0043227	2	LOC111116287	2.51990083293465
"membrane-bounded organelle"	GO:0043231;GO:0043227	2	LOC111121165	-0.155217043024784
"membrane-bounded organelle"	GO:0043231;GO:0043227	2	LOC111118592	3.8036859838779
"membrane-bounded organelle"	GO:0043231;GO:0043227	2	LOC111123106	-0.398171095969551
"membrane-bounded organelle"	GO:0043231;GO:0043227	2	LOC111132545	-1.38905440015384
"membrane-bounded organelle"	GO:0043231;GO:0043227	2	LOC111102122	0.108075298770264
"membrane-bounded organelle"	GO:0043231;GO:0043227	2	LOC111129829	0.124781169051082
"membrane-bounded organelle"	GO:0043231;GO:0043227	2	LOC111121808	-0.0151745578671549
"membrane-bounded organelle"	GO:0043231;GO:0043227	2	LOC111122577	0.00891764637755101
"membrane-bounded organelle"	GO:0043231;GO:0043227	2	LOC111114394	0.472753329216373
"membrane-bounded organelle"	GO:0043231;GO:0043227	2	LOC111108044	-0.070291335913629
"membrane-bounded organelle"	GO:0043231;GO:0043227	2	LOC111118769	-0.698650261974599
"membrane-bounded organelle"	GO:0043231;GO:0043227	2	LOC111121876	1.41227400583701
"membrane-bounded organelle"	GO:0043231;GO:0043227	2	LOC111124749	0.0457522438605112
"membrane-bounded organelle"	GO:0043231;GO:0043227	2	LOC111123491	-0.790520703583079
"membrane-bounded organelle"	GO:0043231;GO:0043227	2	LOC111128988	-0.95963292492609
"membrane-bounded organelle"	GO:0043231;GO:0043227	2	LOC111106119	-1.45511247638628
"membrane-bounded organelle"	GO:0043231;GO:0043227	2	LOC111107099	0.210318714153729
"membrane-bounded organelle"	GO:0043231;GO:0043227	2	LOC111126220	-1.19633753318773
"membrane-bounded organelle"	GO:0043231;GO:0043227	2	LOC111120963	3.47371258062598
"membrane-bounded organelle"	GO:0043231;GO:0043227	2	LOC111110225	-0.0691291477540416
"membrane-bounded organelle"	GO:0043231;GO:0043227	2	LOC111121691	0.0624886037164199
"membrane-bounded organelle"	GO:0043231;GO:0043227	2	LOC111121689	0.792719366411906
"membrane-bounded organelle"	GO:0043231;GO:0043227	2	LOC111137664	-0.0343509457081578
"membrane-bounded organelle"	GO:0043231;GO:0043227	2	LOC111133654	0.963564369112709
"membrane-bounded organelle"	GO:0043231;GO:0043227	2	LOC111114212	0.105625292290982
"membrane-bounded organelle"	GO:0043231;GO:0043227	2	LOC111137100	-0.604134926294193
"membrane-bounded organelle"	GO:0043231;GO:0043227	2	LOC111137144	-0.531639566743294
"membrane-bounded organelle"	GO:0043231;GO:0043227	2	LOC111134174	0.487211104717888
"membrane-bounded organelle"	GO:0043231;GO:0043227	2	LOC111106457	0.643808431882337
"membrane-bounded organelle"	GO:0043231;GO:0043227	2	LOC111122972	-0.250907597249252
"membrane-bounded organelle"	GO:0043231;GO:0043227	2	LOC111121610	-0.189516604429972
"membrane-bounded organelle"	GO:0043231;GO:0043227	2	LOC111121835	0.0399812778215186
"membrane-bounded organelle"	GO:0043231;GO:0043227	2	LOC111120979	-0.507638149636828
"membrane-bounded organelle"	GO:0043231;GO:0043227	2	LOC111126859	-0.246073560782591
"membrane-bounded organelle"	GO:0043231;GO:0043227	2	LOC111117758	-0.143746277787023
"membrane-bounded organelle"	GO:0043231;GO:0043227	2	LOC111102469	0.300850038628116
"membrane-bounded organelle"	GO:0043231;GO:0043227	2	LOC111125556	0.146500256486475
"membrane-bounded organelle"	GO:0043231;GO:0043227	2	LOC111126386	1.61456539017334
"membrane-bounded organelle"	GO:0043231;GO:0043227	2	LOC111111322	0.574634844973627
"membrane-bounded organelle"	GO:0043231;GO:0043227	2	LOC111128329	-0.112573179061961
"membrane-bounded organelle"	GO:0043231;GO:0043227	2	LOC111131013	0.252581731477406
"membrane-bounded organelle"	GO:0043231;GO:0043227	2	LOC111128906	1.03419778318445
"membrane-bounded organelle"	GO:0043231;GO:0043227	2	LOC111124196	0.171113752935565
"membrane-bounded organelle"	GO:0043231;GO:0043227	2	LOC111123590	-0.366526604162085
"membrane-bounded organelle"	GO:0043231;GO:0043227	2	LOC111132803	-0.707622831466027
"membrane-bounded organelle"	GO:0043231;GO:0043227	2	LOC111099773	-0.385014603379617
"membrane-bounded organelle"	GO:0043231;GO:0043227	2	LOC111101726	-1.49676195699272
"membrane-bounded organelle"	GO:0043231;GO:0043227	2	LOC111136292	0.737378853374503
"membrane-bounded organelle"	GO:0043231;GO:0043227	2	LOC111124709	-0.426328347050314
"membrane-bounded organelle"	GO:0043231;GO:0043227	2	LOC111108232	0.906774490287376
"membrane-bounded organelle"	GO:0043231;GO:0043227	2	LOC111099443	1.09274181724857
"membrane-bounded organelle"	GO:0043231;GO:0043227	2	LOC111134440	-1.5413592531949
"membrane-bounded organelle"	GO:0043231;GO:0043227	2	LOC111130916	-0.196772843131281
"membrane-bounded organelle"	GO:0043231;GO:0043227	2	LOC111136783	2.14661876768021
"membrane-bounded organelle"	GO:0043231;GO:0043227	2	LOC111129961	-0.222339221862055
"membrane-bounded organelle"	GO:0043231;GO:0043227	2	LOC111125289	0.130032115739213
"membrane-bounded organelle"	GO:0043231;GO:0043227	2	LOC111108938	-0.40808462894622
"membrane-bounded organelle"	GO:0043231;GO:0043227	2	LOC111132762	-0.513683552329696
"membrane-bounded organelle"	GO:0043231;GO:0043227	2	LOC111102391	-0.324351091434789
"membrane-bounded organelle"	GO:0043231;GO:0043227	2	LOC111122879	0.104144210089227
"membrane-bounded organelle"	GO:0043231;GO:0043227	2	LOC111123220	-1.64341508433427
"membrane-bounded organelle"	GO:0043231;GO:0043227	2	LOC111122264	-4.60918939273795
"membrane-bounded organelle"	GO:0043231;GO:0043227	2	LOC111099502	-0.499277325060692
"membrane-bounded organelle"	GO:0043231;GO:0043227	2	LOC111125826	0.325264233662559
"membrane-bounded organelle"	GO:0043231;GO:0043227	2	LOC111122333	-8.93658850041978
"membrane-bounded organelle"	GO:0043231;GO:0043227	2	LOC111107212	-0.419968181215363
"membrane-bounded organelle"	GO:0043231;GO:0043227	2	LOC111102475	0.296736707591208
"membrane-bounded organelle"	GO:0043231;GO:0043227	2	LOC111136242	0.105842143137245
"membrane-bounded organelle"	GO:0043231;GO:0043227	2	LOC111132088	0.842701041962549
"membrane-bounded organelle"	GO:0043231;GO:0043227	2	LOC111103794	-4.70813354780198
"membrane-bounded organelle"	GO:0043231;GO:0043227	2	LOC111118593	0.310192355821219
"membrane-bounded organelle"	GO:0043231;GO:0043227	2	LOC111120529	-0.606283577276964
"membrane-bounded organelle"	GO:0043231;GO:0043227	2	LOC111132095	-0.341545889625873
"membrane-bounded organelle"	GO:0043231;GO:0043227	2	LOC111122313	0.124499198898194
"membrane-bounded organelle"	GO:0043231;GO:0043227	2	LOC111106955	-0.878264175394403
"membrane-bounded organelle"	GO:0043231;GO:0043227	2	LOC111107446	1.40162252870052
"membrane-bounded organelle"	GO:0043231;GO:0043227	2	LOC111121683	0.272113024288158
"membrane-bounded organelle"	GO:0043231;GO:0043227	2	LOC111125540	-0.622004607161796
"membrane-bounded organelle"	GO:0043231;GO:0043227	2	LOC111120820	-0.363782381072648
"membrane-bounded organelle"	GO:0043231;GO:0043227	2	LOC111123535	0.309055094949665
"membrane-bounded organelle"	GO:0043231;GO:0043227	2	LOC111120992	0.0804889946754283
"membrane-bounded organelle"	GO:0043231;GO:0043227	2	LOC111134318	0.0410976566803003
"membrane-bounded organelle"	GO:0043231;GO:0043227	2	LOC111123365	0.774093806036554
"membrane-bounded organelle"	GO:0043231;GO:0043227	2	LOC111110231	-0.0247650901428908
"membrane-bounded organelle"	GO:0043231;GO:0043227	2	LOC111124706	-0.317538041089663
"membrane-bounded organelle"	GO:0043231;GO:0043227	2	LOC111120160	0.142422447985668
"membrane-bounded organelle"	GO:0043231;GO:0043227	2	LOC111120810	-0.604319447292543
"membrane-bounded organelle"	GO:0043231;GO:0043227	2	LOC111121815	0.283512307693123
"membrane-bounded organelle"	GO:0043231;GO:0043227	2	LOC111110723	0.70390408893456
"membrane-bounded organelle"	GO:0043231;GO:0043227	2	LOC111129967	1.32161666575447
"membrane-bounded organelle"	GO:0043231;GO:0043227	2	LOC111114536	1.63600588723222
"membrane-bounded organelle"	GO:0043231;GO:0043227	2	LOC111105880	1.30200076069409
"membrane-bounded organelle"	GO:0043231;GO:0043227	2	LOC111099741	1.19092088467037
"membrane-bounded organelle"	GO:0043231;GO:0043227	2	LOC111126163	0.1338943807932
"membrane-bounded organelle"	GO:0043231;GO:0043227	2	LOC111128951	0.189321684947618
"membrane-bounded organelle"	GO:0043231;GO:0043227	2	LOC111127848	-1.82911753250708
"membrane-bounded organelle"	GO:0043231;GO:0043227	2	LOC111118771	-0.11556248807388
"membrane-bounded organelle"	GO:0043231;GO:0043227	2	LOC111101110	1.07432281886803
"membrane-bounded organelle"	GO:0043231;GO:0043227	2	LOC111118535	-0.348137536191503
"membrane-bounded organelle"	GO:0043231;GO:0043227	2	LOC111133368	0.938012418151751
"membrane-bounded organelle"	GO:0043231;GO:0043227	2	LOC111121836	-0.0626302343655019
"membrane-bounded organelle"	GO:0043231;GO:0043227	2	LOC111136438	-0.100292799895302
"membrane-bounded organelle"	GO:0043231;GO:0043227	2	LOC111126104	-0.0860938580988059
"membrane-bounded organelle"	GO:0043231;GO:0043227	2	LOC111124327	5.67781556737066
"membrane-bounded organelle"	GO:0043231;GO:0043227	2	LOC111112562	0.297435706914294
"membrane-bounded organelle"	GO:0043231;GO:0043227	2	LOC111125453	1.11786304761653
"membrane-bounded organelle"	GO:0043231;GO:0043227	2	LOC111120738	1.0258133131036
"membrane-bounded organelle"	GO:0043231;GO:0043227	2	LOC111131500	1.90035164904488
"membrane-bounded organelle"	GO:0043231;GO:0043227	2	LOC111111504	0.581427736619762
"membrane-bounded organelle"	GO:0043231;GO:0043227	2	LOC111106862	-0.650756226128106
"membrane-bounded organelle"	GO:0043231;GO:0043227	2	LOC111127131	-0.168216952781935
"membrane-bounded organelle"	GO:0043231;GO:0043227	2	LOC111136216	-0.843549919339597
"membrane-bounded organelle"	GO:0043231;GO:0043227	2	LOC111122847	0.607012416555958
"membrane-bounded organelle"	GO:0043231;GO:0043227	2	LOC111127458	0.452937498514458
"membrane-bounded organelle"	GO:0043231;GO:0043227	2	LOC111104400	-0.369855409059489
"membrane-bounded organelle"	GO:0043231;GO:0043227	2	LOC111128926	0.599407611379536
"membrane-bounded organelle"	GO:0043231;GO:0043227	2	LOC111105498	0.244862090430797
"membrane-bounded organelle"	GO:0043231;GO:0043227	2	LOC111136571	1.2896643822962
"membrane-bounded organelle"	GO:0043231;GO:0043227	2	LOC111137108	-0.558464726367788
"membrane-bounded organelle"	GO:0043231;GO:0043227	2	LOC111136731	2.84175775315774
"membrane-bounded organelle"	GO:0043231;GO:0043227	2	LOC111128948	-0.0541611234463993
"membrane-bounded organelle"	GO:0043231;GO:0043227	2	LOC111130507	0.149017814017089
"membrane-bounded organelle"	GO:0043231;GO:0043227	2	LOC111100085	-0.184710249344236
"membrane-bounded organelle"	GO:0043231;GO:0043227	2	LOC111120480	0.41523050152161
"membrane-bounded organelle"	GO:0043231;GO:0043227	2	LOC111123267	-0.651390073362574
"membrane-bounded organelle"	GO:0043231;GO:0043227	2	LOC111109643	0.675239716314176
"membrane-bounded organelle"	GO:0043231;GO:0043227	2	LOC111110025	1.08429705193714
"membrane-bounded organelle"	GO:0043231;GO:0043227	2	LOC111120937	-0.0539287095299271
"membrane-bounded organelle"	GO:0043231;GO:0043227	2	LOC111135977	0.990917015943549
"membrane-bounded organelle"	GO:0043231;GO:0043227	2	LOC111121893	2.40583068455992
"membrane-bounded organelle"	GO:0043231;GO:0043227	2	LOC111107872	-0.524005268482773
"membrane-bounded organelle"	GO:0043231;GO:0043227	2	LOC111134816	-0.887261795991973
"membrane-bounded organelle"	GO:0043231;GO:0043227	2	LOC111130391	2.07182702181746
"membrane-bounded organelle"	GO:0043231;GO:0043227	2	LOC111130192	0.085445954054014
"membrane-bounded organelle"	GO:0043231;GO:0043227	2	LOC111130401	0.319486459975792
"membrane-bounded organelle"	GO:0043231;GO:0043227	2	LOC111110660	-1.54052742511848
"membrane-bounded organelle"	GO:0043231;GO:0043227	2	LOC111133356	0.468036211100243
"membrane-bounded organelle"	GO:0043231;GO:0043227	2	LOC111135696	-0.367634250213114
"membrane-bounded organelle"	GO:0043231;GO:0043227	2	LOC111127032	0.573238689307095
"membrane-bounded organelle"	GO:0043231;GO:0043227	2	LOC111112119	3.86607087289255
"membrane-bounded organelle"	GO:0043231;GO:0043227	2	LOC111103287	2.0694330686217
"membrane-bounded organelle"	GO:0043231;GO:0043227	2	LOC111119514	0.429176656972024
"membrane-bounded organelle"	GO:0043231;GO:0043227	2	LOC111103244	0.0870426835588087
"membrane-bounded organelle"	GO:0043231;GO:0043227	2	LOC111106364	-0.908276139078534
"membrane-bounded organelle"	GO:0043231;GO:0043227	2	LOC111103912	-1.18423346948595
"membrane-bounded organelle"	GO:0043231;GO:0043227	2	LOC111123133	0.498588818776016
"membrane-bounded organelle"	GO:0043231;GO:0043227	2	LOC111136866	1.1326246909194
"membrane-bounded organelle"	GO:0043231;GO:0043227	2	LOC111122791	0.328754084808217
"membrane-bounded organelle"	GO:0043231;GO:0043227	2	LOC111133565	0.276004990255221
"membrane-bounded organelle"	GO:0043231;GO:0043227	2	LOC111129315	-0.29771211482685
"membrane-bounded organelle"	GO:0043231;GO:0043227	2	LOC111133206	0.363579012687877
"membrane-bounded organelle"	GO:0043231;GO:0043227	2	LOC111120467	0.800280475129468
"membrane-bounded organelle"	GO:0043231;GO:0043227	2	LOC111127928	0.21536331856814
"membrane-bounded organelle"	GO:0043231;GO:0043227	2	LOC111103370	0.23962760861629
"membrane-bounded organelle"	GO:0043231;GO:0043227	2	LOC111125974	-1.22436048528729
"membrane-bounded organelle"	GO:0043231;GO:0043227	2	LOC111118255	-0.767933973677862
"vacuole"	GO:0005773	2	LOC111125836	0.0334263859693888
"vacuole"	GO:0005773	2	LOC111105096	-0.0343443941336728
"vacuole"	GO:0005773	2	LOC111136807	-1.43497384104455
"vacuole"	GO:0005773	2	LOC111136019	0.622847335568254
"vacuole"	GO:0005773	2	LOC111119188	-1.23764225743658
"vacuole"	GO:0005773	2	LOC111125418	0.413080703848305
"vacuole"	GO:0005773	2	LOC111118976	0.64878452027397
"vacuole"	GO:0005773	2	LOC111110879	0.0706973069356524
"vacuole"	GO:0005773	2	LOC111103450	-0.059469203950945
"vacuole"	GO:0005773	2	LOC111121876	1.41227400583701
"vacuole"	GO:0005773	2	LOC111122264	-4.60918939273795
