GeneID,neglogpvalue
LOC111108586,-0.261321549511005
LOC111123850,0.663184566148247
LOC111119799,0.366791909342958
LOC111134853,-0.269696036316133
LOC111125093,-0.663477437464472
LOC111126079,-1.15331136705001
LOC111115470,0.873563189788105
LOC111116974,-0.0888879018077623
LOC111135972,-2.12893967928638
LOC111119859,0.356876443101075
LOC111110274,1.27116391049937
LOC111106249,-0.0739435195137987
LOC111136067,0.535669398466362
LOC111125720,0.841490211006188
LOC111120529,-0.606283577276964
LOC111123598,0.172956165578752
LOC111133529,-1.42674342414498
LOC111104259,-5.6154754792686
LOC111100821,0.0279226602017308
LOC111106363,-0.0847907761426702
LOC111128777,1.12543896527768
LOC111128796,-2.08283791519199
LOC111117055,0.456907932874961
LOC111120558,-0.237640792278155
LOC111117203,-0.646970238860619
LOC111121607,-0.246329406273283
LOC111138336,-0.611013568814034
LOC111107783,1.17925454506856
LOC111115979,0.935637042135466
LOC111135126,-2.64151023112744
LOC111119224,0.0706357433491937
LOC111112131,0.7518847061179
LOC111134136,0.147795880435947
LOC111134272,0.504549219478735
LOC111131186,-0.896970724238216
LOC111104535,0.207295670471692
LOC111112953,-0.577233329078817
LOC111138446,0.335146611059627
LOC111130759,-0.0697078289341043
LOC111108434,0.840570468352963
LOC111113850,-0.140675946363612
LOC111130361,0.913203281339429
LOC111104582,0.532054474471751
LOC111119115,-0.373751272347466
LOC111130938,0.44978870295051
LOC111137819,0.328665485609405
LOC111120010,-0.245253357114143
LOC111111661,-0.778257573220534
LOC111111115,0.455774915633277
LOC111131224,3.01132640127399
LOC111130414,-0.262362855936815
LOC111135595,0.553274587134739
LOC111102922,0.356893845044043
LOC111128433,0.123595164887828
LOC111128592,-1.82343542123514
LOC111129036,0.137772860267114
LOC111111450,-0.628248836349246
LOC111124462,0.116149928966865
LOC111118402,-0.5314068353547
LOC111100766,0.0442469242589838
LOC111099426,-2.79876323800975
LOC111119134,0.635638567632375
LOC111127026,2.61877312068051
LOC111134641,0.220073517882234
LOC111132999,0.446757407710585
LOC111108717,0.021293968932153
LOC111131124,2.62650058628833
LOC111131412,-1.82660115434945
LOC111135297,-0.299300511094024
LOC111108249,-0.828316752242256
LOC111102157,2.95587572947256
LOC111111438,-0.754583784692256
LOC111117415,1.59925410034643
LOC111110281,0.0316026064684358
LOC111110520,-0.0778292918069413
LOC111134913,3.13810536884047
LOC111107547,0.741529237800091
LOC111137346,-0.201431320584186
LOC111099289,1.77137185207124
LOC111121375,-0.114434444380813
LOC111137215,-0.269490106795032
LOC111121772,2.63331799474063
LOC111131183,1.60960133059603
LOC111114870,-1.4095658485729
LOC111124551,0.947978356957831
LOC111102862,-0.0343459925284024
LOC111099925,0.20535398429607
LOC111108136,0.93639284863299
LOC111112811,0.184902533826199
LOC111124393,0.0563958406645426
LOC111105705,0.515615599122733
LOC111120352,-1.2650512984122
LOC111106351,0.644277209366819
LOC111102879,-0.30116577659582
LOC111133755,-0.537000145305473
LOC111119092,-0.00747120829780193
LOC111113322,0.016012751741612
LOC111116479,-0.026737469234212
LOC111118127,-0.422045711142223
LOC111130009,0.207381837512609
LOC111124724,-0.311934821818511
LOC111136447,0.0490701137059248
LOC111129784,0.165540754421207
LOC111131461,0.272388920015418
LOC111121187,0.0818189968320189
LOC111114920,-0.941583889117392
LOC111112587,-0.0796712497018041
LOC111099439,1.12538106537695
LOC111137757,-0.29038362935387
LOC111129254,-3.36994815790006
LOC111136488,0.858580383404208
LOC111115807,2.82661030350366
LOC111114635,-0.252588035876353
LOC111133827,0.514724169462796
LOC111131058,0.0491663653317658
LOC111137991,0.241091422842577
LOC111132146,1.12544918508385
LOC111110119,0.287857441483531
LOC111136680,0.108590499103691
LOC111125181,0.642309191414294
LOC111133867,-1.20364909288822
LOC111128813,0.393181934885789
LOC111119587,-0.605476330082603
LOC111135334,0.00744864952471382
LOC111104241,0.871608725628663
LOC111131728,-0.567148792078205
LOC111103859,-0.161014522562508
LOC111132946,0.250108246276654
LOC111105683,-0.557279104304329
LOC111100540,-0.113545044386463
LOC111125683,1.28459956449906
LOC111129355,-0.300124211829942
LOC111131531,-0.995272718215077
LOC111103903,-0.387545604981403
LOC111114133,0.00741236370355134
LOC111123098,-0.625303568633461
LOC111128348,2.03583772900712
LOC111122151,-0.500979561745399
LOC111133008,0.0557142929698698
LOC111122296,-1.07274104898134
LOC111119034,-0.700653306634614
LOC111122422,-1.34142980697729
LOC111113249,-4.52763511715309
LOC111102515,0.145366385725864
LOC111102134,1.81250738832268
LOC111122567,0.108269943804175
LOC111100840,-0.801110546363676
LOC111135229,0.418515902999106
LOC111117202,0.815638618519627
LOC111133577,0.755777487814569
LOC111112783,0.697509251052274
LOC111118087,-0.326974968323751
LOC111126486,-8.57988737723226
LOC111129284,-1.01378145309075
LOC111131359,-1.03631413498748
LOC111112900,-0.76850992426492
LOC111127619,0.879004577614052
LOC111115429,-1.79313587836242
LOC111101161,-0.438961580929015
LOC111134328,0.252417758146388
LOC111117560,0.0637907439666689
LOC111100029,0.579881795896902
LOC111103564,0.681313685827209
LOC111124413,-0.0674237430588344
LOC111115142,0.534202582310284
LOC111117447,0.768631775286365
LOC111112956,0.917419182065925
LOC111115956,0.0173909449709585
LOC111134710,-2.15267953065348
LOC111138404,-0.932616198453337
LOC111126556,0.0749820473018134
LOC111110624,0.613766089483568
LOC111126600,0.466800781975814
LOC111129881,0.989724213728787
LOC111114224,-0.468023517063971
LOC111099230,0.138485046596057
LOC111138220,-0.163892399545209
LOC111128019,-0.167439089591646
LOC111106458,0.00481010018810732
LOC111132100,1.2403001969041
LOC111111808,-0.170096954412819
LOC111106813,-0.451504264756483
LOC111125955,0.984264145987998
LOC111114738,-0.592331025624878
LOC111127323,0.604219309387521
LOC111120720,-0.253076724540507
LOC111134325,-1.58240010838087
LOC111115748,-0.0675101213956768
LOC111106574,0.2601035545705
LOC111105518,0.321733417999608
LOC111110276,0.380387254604914
LOC111100291,-0.197585640562685
LOC111101288,-0.497853330310044
LOC111117281,-0.449372387493489
LOC111130841,0.139885496023483
LOC111100231,0.261525357012711
LOC111130460,-3.22075728736027
LOC111132525,0.159035455476851
LOC111110359,0.782490366053403
LOC111103377,0.163476081718945
LOC111106317,-0.100682323101641
LOC111134422,-0.512788212932008
LOC111133047,-0.685075316867652
LOC111123147,2.00391394612071
LOC111119055,0.303615347847002
LOC111110309,-2.10775260311381
LOC111101306,-0.0237915513798072
LOC111136591,0.926269569688149
LOC111121565,1.20409815311571
LOC111130576,-0.685280464582604
LOC111131348,-0.0998007009771806
LOC111119655,0.266173975443575
LOC111112084,0.0530729412541022
LOC111116579,-0.0344010381312761
LOC111133387,0.298740130787765
LOC111119130,-0.825448713100205
LOC111128724,0.555689225236
LOC111112145,0.261088920667345
LOC111137433,-1.01281078690433
LOC111109563,-1.63129406042742
LOC111135963,-0.164558541102877
LOC111125132,0.0063518315949014
LOC111125811,-4.09703403435014
LOC111117932,0.557528810361273
LOC111100866,-1.01294757094863
LOC111104422,-1.13187009403327
LOC111124946,-0.263112718200501
LOC111136244,0.229279429191639
LOC111131472,1.20153295523313
LOC111132511,-1.0562571445448
LOC111124801,0.359444677708408
LOC111117608,0.341542632390024
LOC111137738,3.62964389545937
LOC111133627,1.0579797818897
LOC111118421,0.251913926076035
LOC111135196,0.225660823853057
LOC111135612,0.390719052871783
LOC111100423,-0.317474396811816
LOC111133893,0.500883120394548
LOC111099116,-1.73789340908235
LOC111135280,0.365585461058701
LOC111126818,0.0653646981369097
LOC111107061,2.00054540840547
LOC111117889,1.87128794837544
LOC111111054,2.68690368277605
LOC111118946,-0.0343745147512694
LOC111099050,0.0397918991805709
LOC111125351,-0.852459279797554
LOC111136234,-1.77926459474844
LOC111126367,0.502631679493481
LOC111128486,-1.65972207191894
LOC111118312,0.241524870434973
LOC111111569,-1.70239707726846
LOC111137056,0.186165373837966
LOC111099851,-0.375255922582521
LOC111134454,0.388843570186039
LOC111104699,-0.468656249388843
LOC111136856,1.12039312210007
LOC111101516,0.223208361932124
LOC111110270,0.616981945621764
LOC111100089,3.06822911020542
LOC111106530,-0.196810326776089
LOC111100580,0.723792849679903
LOC111137015,0.0721872931838207
LOC111136673,0.695314033722618
LOC111117449,-1.70168635733577
LOC111123810,-1.61674676623334
LOC111110273,-0.519268332691162
LOC111130140,-0.255281288616673
LOC111121714,0.0962846513460594
LOC111104022,-0.0576439789071867
LOC111135895,-0.0581286004478118
LOC111132025,0.0757975719497229
LOC111134084,-0.349439753451878
LOC111110622,-1.82853543023228
LOC111129834,2.12962469086758
LOC111124426,-2.00025169709198
LOC111125113,-0.520174077556315
LOC111113871,1.28023638737755
LOC111117882,-0.120388940557658
LOC111109234,0.264239000728262
LOC111100994,0.239874278572639
LOC111116209,-0.978095073472385
LOC111124723,-0.139110556797902
LOC111123454,0.625781808337982
LOC111101089,0.290227851115088
LOC111115396,0.577434588285749
LOC111115333,-3.5565124589639
LOC111103181,-0.283048023248305
LOC111131341,0.308152833427261
LOC111120164,-0.256949772132248
LOC111113009,0.52660630917807
LOC111112807,3.57828723007203
LOC111124362,-0.112579782046779
LOC111104598,0.680288041953283
LOC111101077,-0.225270580921523
LOC111137615,1.05937279628895
LOC111122448,0.0850855296851611
LOC111108149,-0.0155440394505402
LOC111128025,-1.79378626424716
LOC111130677,-0.084215034745552
LOC111122966,1.24999091471543
ATP6,-5.83937636106327
LOC111127482,-0.430163726724312
LOC111117978,0.00391611939035241
LOC111131327,3.55809065501899
LOC111118838,0.473010993767926
LOC111125594,-0.238440118433495
LOC111131748,-0.152276670242894
LOC111120979,-0.507638149636828
LOC111111256,0.072504383966845
LOC111105112,0.894402083734375
LOC111101142,-0.544585084669216
LOC111113425,0.371007760896929
LOC111099913,-0.300260788225347
LOC111133225,-2.22933958289916
LOC111124583,-0.620966346885074
LOC111105134,0.345842485093754
LOC111115165,-0.0343503442237321
LOC111128809,-0.621682553317891
LOC111111618,-0.0687920270105405
LOC111115747,0.622166860941993
LOC111132217,0.185718002994589
LOC111110828,-0.896717613012097
LOC111118677,-0.698416504874586
LOC111135171,-0.9326323589759
LOC111133635,23.8601336886949
LOC111117726,-0.402017210792471
LOC111104710,5.78485423546181
LOC111110379,0.153280550966576
LOC111120744,0.0906330416908552
LOC111115626,-0.698339153639971
LOC111108671,-2.5511726614113
LOC111115840,-0.164426327543944
LOC111127924,6.08466402282229
LOC111115392,-1.75066344615772
LOC111132213,0.85400118897538
LOC111117369,0.582783981359863
LOC111129571,-0.50802859235149
LOC111126069,1.21962282446502
LOC111107413,0.29366270244734
LOC111130270,-0.16176586231956
LOC111100105,-0.53399930787031
LOC111106965,1.02878211562159
LOC111123238,-0.257728158684986
LOC111135801,-0.107398893242538
LOC111108479,1.11940928369635
LOC111132306,0.75160207780772
LOC111104418,-1.00356534033502
LOC111127985,-1.8476812854076
LOC111118220,-1.94841874328444
LOC111101486,-0.0150484403079621
LOC111132573,-0.825275345444322
LOC111111938,0.101536556312643
LOC111100319,3.18003436271692
LOC111129818,0.997394551600077
LOC111101053,0.0355083907487843
LOC111116555,-0.105212386632809
LOC111131875,-0.34514411466866
LOC111123040,0.481025945618445
LOC111111449,0.275319939756499
LOC111118650,-0.330861556274045
LOC111101236,-0.0479578651756879
LOC111107208,0.454593832433949
LOC111129811,2.00161010093013
LOC111102132,1.374587069231
LOC111126726,-0.37547364472784
LOC111115533,-0.237354559491297
LOC111106684,-0.231046265845864
LOC111118041,-1.88537167669554
LOC111111374,0.480430122459614
LOC111112031,2.3018277712212
LOC111134930,-0.174557710202023
LOC111132968,1.37577544270094
LOC111122825,0.964912516277788
LOC111129558,0.0880720198205713
LOC111103375,-0.873464753230745
LOC111108010,-0.98606515323
LOC111102121,-1.07270353994925
LOC111124746,-1.07405034608456
LOC111136284,-1.79272245924745
LOC111133570,0.567469062919805
LOC111135868,0.0168778312392007
LOC111109575,-0.571524071700283
LOC111132038,1.50910455033603
LOC111135422,0.353153176523013
LOC111107343,-0.559495286639389
LOC111129828,2.73324717571156
LOC111129970,-1.63217336066041
LOC111133971,0.0633348779364294
LOC111136396,0.235456544823128
LOC111122281,-1.90337768658009
LOC111128411,-2.87334156042773
LOC111133515,0.99150302761699
LOC111121893,2.40583068455992
LOC111101240,0.19226791366663
LOC111112980,0.308587958454071
LOC111112417,-0.224964747532428
LOC111131462,0.0589050439376377
LOC111122232,-1.13580543935028
LOC111135581,-0.168450915542639
LOC111126166,0.507098588868433
LOC111133834,-0.270263259100437
LOC111131592,0.415134988471553
LOC111133747,-0.166762032646026
LOC111099131,0.80334538494645
LOC111100052,0.133736625358041
LOC111136792,0.714754911785578
LOC111128515,0.0866544704740668
LOC111126074,-0.663352017795216
LOC111126062,-2.17745714303084
LOC111109712,0.444778292492208
LOC111099300,-0.939437050007467
LOC111122211,0.130347741591824
LOC111121806,1.18513565395865
LOC111103256,-2.60327517990267
LOC111132583,-0.474733312255684
LOC111104616,0.503899426351075
LOC111134040,0.491568552215658
LOC111100365,0.587911217868756
LOC111099481,20.6903382252238
LOC111135192,0.467177408059819
LOC111122913,-1.31023298321625
LOC111125557,-0.0207568661912574
LOC111106712,-0.598388896966296
LOC111123525,-2.03232648169723
LOC111127968,1.08572875832623
LOC111103642,0.371487605266175
LOC111121138,0.593740775790029
LOC111127757,-0.117549945260817
LOC111101723,-0.182837630321856
LOC111118028,0.476300179545736
LOC111114684,-0.609021155467618
LOC111119449,2.50339374468955
LOC111100801,1.10968102088909
LOC111123809,-0.492776951165004
LOC111120531,-1.92544762262029
LOC111117416,1.75989657143149
LOC111136790,0.715425397677343
LOC111138038,-0.0122549332737248
LOC111118783,3.01736672518628
LOC111133350,-0.000807781081130625
LOC111115172,1.15598485908414
LOC111110151,0.0938955739290881
LOC111107835,0.170104626795437
LOC111104789,-0.323746107044765
LOC111117533,-0.142212989229684
LOC111109605,-1.08839026676757
LOC111116490,0.495024516414023
LOC111129049,-0.280446085521923
LOC111130155,-1.13725459588974
LOC111109801,-0.0920578997951745
LOC111100666,0.445102668127202
LOC111135142,-0.301286675244651
LOC111122787,-0.0147256711909068
LOC111121989,0.6063609816584
LOC111126150,1.30946033228164
LOC111124843,-0.389311487145937
LOC111135528,-1.78833083318655
LOC111116368,0.86834721344382
LOC111122354,-1.5770089364247
LOC111137294,0.968513990618031
LOC111104697,-0.00139737923778918
LOC111130541,1.84368818323542
LOC111124305,-0.0209486127554907
LOC111133283,-0.348441679411906
LOC111121270,0.172553757379495
LOC111122265,-1.12976887765391
LOC111125013,-0.296447728277773
LOC111123161,0.948782882117901
LOC111123955,1.77763178743627
LOC111130887,-0.754770766213552
LOC111102847,0.24200569250296
LOC111105588,-0.220499891838937
LOC111135849,-2.73367062111266
LOC111127935,0.628651129162619
LOC111130708,-1.23732864183871
LOC111103819,-0.0343797958525642
LOC111121006,-0.527706184419161
LOC111118355,0.00308238472515459
LOC111112793,-0.0565177573499813
LOC111108542,1.07245417042062
LOC111136597,-1.25516784816079
LOC111137019,1.55794715788854
LOC111107857,1.67032061863228
Trnas-gcu,0.611576890836832
LOC111135214,-8.36105235506797
LOC111112842,-0.0563236519802131
LOC111112400,-1.47224301988087
LOC111108778,3.009447676422
LOC111135560,-0.422076204582634
LOC111133631,-0.393806331760403
LOC111122793,0.0488983631677317
LOC111119645,1.70232287502168
LOC111137021,1.96106758641364
LOC111108278,-1.37877465655885
LOC111133890,0.854621814481847
LOC111119070,6.18846651236902
LOC111111669,0.735215881868054
LOC111114943,0.0498461506436023
LOC111134268,-0.363782100778035
LOC111100373,0.358377382608914
LOC111126970,0.572786024761425
LOC111126059,0.947295662821852
LOC111130554,-0.287629123027224
LOC111125949,0.0794256736328876
LOC111130720,0.69372867365536
LOC111120883,-1.4700396544929
LOC111103989,-0.782005379640211
LOC111130976,0.593805096428051
LOC111124586,0.111525989034964
LOC111122859,1.66460017914754
LOC111129616,-1.43397883974106
LOC111102102,-1.05568917467672
LOC111119503,1.05305146231488
LOC111124590,1.70255593984441
LOC111105356,0.0989483991956579
LOC111130852,-0.0216965010069856
LOC111122069,0.227229461678686
LOC111129437,-0.119350925395935
LOC111113819,0.589673824177786
LOC111125084,-0.48239325670088
LOC111122059,-2.19298200259234
LOC111126111,0.401693434901155
LOC111128699,1.09465642963414
LOC111118226,2.670352033945
LOC111124958,1.18426361986127
LOC111130565,0.433762699423969
LOC111109936,0.73233964829839
LOC111113864,-0.303043992889924
LOC111111585,-1.62005476406455
LOC111130446,0.163891655424592
LOC111113170,1.05686064859584
LOC111112403,-0.413895307059451
LOC111119940,-0.164177257474218
LOC111125097,-0.0381761715483643
LOC111124640,1.66997844069477
LOC111105025,-1.75992103773997
LOC111120825,-0.34498841307709
LOC111120062,1.92132875016654
LOC111102486,0.0497590230534593
LOC111129174,0.0849714568894482
LOC111130384,-7.99156377177305
LOC111103520,1.12906197210599
LOC111114975,0.189074436498023
LOC111120075,1.24445518585467
LOC111108441,-1.65772071197992
LOC111125761,0.799291071425849
LOC111130268,0.263075950737596
LOC111111285,-18.5607507961984
LOC111105532,-0.0344067832600813
LOC111134409,-0.878532319567497
LOC111107027,-0.309078972012999
LOC111113899,0.317768172770934
LOC111131051,-0.623117264708279
LOC111105470,-0.500937766334802
LOC111131427,2.11930641360779
LOC111111871,0.0556663311632958
LOC111126741,-0.251796345730363
LOC111120066,-0.304656082800585
LOC111133354,-1.94704851928313
LOC111099091,-0.236981742361825
LOC111129843,-0.213562569734789
LOC111122333,-8.93658850041978
LOC111101689,0.170294718755644
LOC111104524,-3.88814436389386
LOC111101642,0.111871974674418
LOC111125550,-0.487315802676492
LOC111107936,-0.442956758812722
LOC111123684,-1.81709251872045
LOC111128157,1.54058352103617
LOC111117379,-0.0109904442801884
LOC111131690,0.274893383947691
LOC111102490,-1.67556150047563
LOC111133898,1.28252257899891
LOC111132106,-0.0425581179967392
LOC111123434,1.66222323857365
LOC111119504,0.00752421132738933
LOC111130650,3.35706298194583
LOC111134590,1.91328511571316
LOC111106250,1.0003571574474
LOC111128478,-0.349488317329824
LOC111100395,2.40977906808385
LOC111120773,0.203625937883403
LOC111136331,0.110594918555427
LOC111133423,0.159620320575147
LOC111104580,-1.02643266943507
LOC111100541,-0.395143396103782
LOC111123471,0.481113908416169
LOC111125589,-1.98365874871879
LOC111115545,-0.0669912115108947
LOC111109101,0.114532975402249
LOC111124516,0.0619720232196129
LOC111104649,-0.573134269728432
LOC111101116,-1.08452397055946
LOC111123437,-0.275076514075773
LOC111115210,0.190277291303084
LOC111116816,-0.607106501671476
LOC111111044,0.0974234636231645
LOC111109494,0.204013794865463
LOC111131546,1.51209263240635
LOC111132151,0.0148829855010246
LOC111111947,0.0751535921487514
LOC111113036,-0.771145987983907
LOC111110831,-0.581447861366323
LOC111127264,-0.061407972133213
LOC111136139,2.82547191815703
LOC111132673,0.500400692848051
LOC111131100,-0.100201446294607
LOC111136662,1.10286749402201
LOC111123539,-0.034367590025343
LOC111114708,-0.0354504913935832
LOC111126535,-0.69567558208458
LOC111119931,-0.311783053427718
LOC111131731,-0.0406921735669629
LOC111115980,-2.57389070269576
LOC111133504,-0.299611037247236
LOC111124639,1.36923691020346
LOC111130305,0.107757227665229
LOC111135700,0.459365050095577
LOC111112964,0.432641156958342
LOC111112881,1.7605086638397
LOC111106699,-0.249679681132687
LOC111114845,-0.654470306345127
LOC111114649,-0.157993653053745
LOC111137807,-6.50580183870975
LOC111105457,-0.675243840807498
LOC111103581,0.312120825852194
LOC111133580,0.505351675805404
LOC111133949,0.756401445077463
LOC111125154,0.820053574525465
LOC111135463,-0.218880173647499
LOC111138191,0.969795323501855
LOC111116855,1.09771487967745
LOC111114946,0.172927083864701
LOC111116596,0.210632528509169
LOC111102112,1.30923257205639
LOC111113990,0.209194467888183
LOC111117174,-0.212453713023585
LOC111135904,0.840490418588347
LOC111109987,0.118912262324552
LOC111138175,-0.0277323244606112
LOC111134977,0.0745675960658828
LOC111112113,-0.308762856327328
LOC111121489,0.644793376473469
LOC111121345,1.07350823659317
LOC111132902,3.99156502356375
LOC111135393,-0.0125311273203925
LOC111100466,0.556782448467562
LOC111110075,-0.278952582997476
LOC111124262,0.169091717508541
LOC111103075,2.86911390644026
LOC111114894,-0.127555283346779
LOC111137350,1.73641184316529
LOC111109445,-1.19038151792961
LOC111129720,-0.761519062957963
LOC111107244,0.883899457994742
LOC111117597,0.484885382176861
LOC111105541,0.00961485545044286
LOC111131230,-0.295942033678267
LOC111133468,0.336863340058558
LOC111124264,-0.0753500734323141
LOC111118149,0.237412428377602
LOC111102946,4.24799774210551
LOC111113556,0.180881928626191
LOC111099831,-0.826586805239594
LOC111109804,1.04677171792853
LOC111120893,-0.366746944919757
LOC111119135,-0.03435572761173
LOC111107046,0.471375970873554
LOC111121932,0.837429001011202
LOC111114773,1.36655805173961
LOC111136267,0.796766224304324
LOC111116817,0.0659703797775567
LOC111109686,-0.618931453906972
LOC111101777,-1.00259878990096
LOC111125563,0.347980460113064
LOC111135327,-0.529746519318367
LOC111121638,0.761192285114305
LOC111099801,0.343508598683594
LOC111110021,0.822881564982657
LOC111106066,-0.0344049686443248
LOC111133391,0.350233817676807
LOC111126803,-0.32057598436197
LOC111123541,1.43019608898743
LOC111138509,-0.136009040525542
LOC111101339,-0.94986456977045
LOC111109458,0.750166607727872
LOC111126881,1.42558794759574
LOC111124412,0.432969752999347
LOC111138487,-0.144377018208532
LOC111130582,-0.450636135980461
LOC111108670,0.000490457781955136
LOC111136982,0.153433610231449
LOC111108533,-0.189433058480836
LOC111106600,-0.426398682633989
LOC111129271,0.00513615035463132
LOC111135803,1.19661615883673
LOC111099693,-1.69793471138087
LOC111129303,-0.941308229978176
LOC111130134,-0.313305502326062
LOC111111713,-0.0174441289463989
LOC111107207,0.224230483884334
LOC111116859,0.984753871936258
LOC111121591,-2.81436411543293
LOC111121890,3.45755222991028
LOC111135015,-0.443962981094496
LOC111109864,-1.43594253874818
LOC111117946,-0.240132333686332
LOC111119163,-2.48018971755253
LOC111104167,1.19182915821508
LOC111100756,1.69548851413418
LOC111137499,0.230573264903967
LOC111126516,0.25018711606862
LOC111114281,1.71289747068143
LOC111126716,-0.111620913759439
LOC111135628,-0.884111922180662
LOC111104267,-0.00416530400250509
LOC111104370,0.082719178223056
LOC111125815,0.503070487537624
LOC111115391,0.616813796593946
LOC111100177,1.14342352441037
LOC111134650,-0.529476549106822
LOC111107935,0.278004710415434
LOC111108543,0.450849103583587
LOC111124580,1.58499295130494
LOC111133368,0.938012418151751
LOC111130535,-2.27582143575967
LOC111127499,0.659806765959502
LOC111126345,-1.66115438937824
LOC111115741,1.74199138789849
LOC111099327,1.6447860720168
LOC111124473,0.583477646908322
LOC111118643,0.74390864080567
LOC111133213,0.995275509876232
LOC111100047,-0.198192477921115
LOC111126012,0.537267664113415
LOC111126168,1.43322931274159
LOC111101711,-1.34423647676594
LOC111117438,2.47919315502045
LOC111114967,0.57043165339608
LOC111131351,1.51657813526562
LOC111131787,-0.84222407376009
LOC111135175,-0.727511968613967
LOC111116683,0.526953257635998
LOC111138424,0.367375900795227
LOC111102466,0.335497536228596
LOC111128503,0.213385141570319
LOC111115739,2.24905061737127
LOC111119409,0.518464205167795
LOC111100668,-0.34758931709473
LOC111134122,2.00304145826368
LOC111125445,0.491301891776572
LOC111123745,3.22797721680719
LOC111130234,0.605341386436385
LOC111118484,-0.337958645904521
LOC111122794,1.14203621414384
LOC111115949,0.568300359004297
LOC111130818,53.5014407211678
LOC111113014,1.15401823171258
LOC111103508,-1.01981252627411
LOC111118584,0.522116987017555
LOC111100812,-0.00267466209689317
LOC111117040,3.14444546546275
LOC111114306,-0.116712848716235
LOC111102827,0.75543524913653
LOC111122270,0.762556370794928
LOC111118493,-1.84086683833224
LOC111135632,0.646028288551638
LOC111113927,0.00744603681175162
LOC111121427,-0.212032205481429
LOC111126505,-0.252728270658515
LOC111107033,0.413657581597045
LOC111125299,0.970746442977798
LOC111127605,0.290202514246243
LOC111124550,-0.339587866845594
LOC111124068,-0.426104479036283
LOC111138196,0.202015545709038
LOC111125881,-1.4564322659299
LOC111130848,0.188479941809983
LOC111121776,-0.180133493203222
LOC111111245,1.39986077801096
LOC111136038,0.507827047847479
LOC111110963,-0.613945385351838
LOC111111965,0.78741274364548
LOC111114416,-0.108265098645076
LOC111110559,-0.281693867972981
LOC111101969,-0.185316906394438
LOC111107772,0.687345049486306
LOC111135914,-0.208688041210241
LOC111123764,0.214804113290554
LOC111115968,-0.56339185360727
LOC111115730,0.626879446412926
LOC111126437,-3.46879297707779
LOC111119872,-0.908665142100971
LOC111134939,0.143834241451856
LOC111111561,1.50570318478048
LOC111130042,0.281394622727252
LOC111130827,-0.235102800431618
LOC111115013,-0.0343539022250968
LOC111114047,-8.44105366645373
LOC111122578,4.30314813429026
LOC111111973,-0.621772414569872
LOC111137886,-0.876563116325604
LOC111130067,-0.181684474271811
LOC111102967,-0.994106476007191
LOC111101367,-0.0805200042290218
LOC111106975,0.86348736688345
LOC111129326,0.533235869624511
LOC111121613,1.26945032968529
LOC111121521,0.0609359718231859
LOC111119234,2.77580708169374
LOC111136700,-0.902958500953271
LOC111125745,-0.775270109064836
LOC111105568,-3.45512930719757
LOC111120646,-2.60656797294617
LOC111111141,0.504839809528826
LOC111137284,0.0132309016736367
LOC111111853,-0.665652732404276
LOC111105851,1.8089685794668
LOC111136805,-2.09004206614752
LOC111137327,0.929954777181438
LOC111119661,0.464741234372862
LOC111110216,0.471566120434637
LOC111132592,-1.13819639369619
LOC111133183,0.554732305993552
LOC111116011,-0.551522490171227
LOC111105768,-1.54834614695118
LOC111129276,-0.284375061546278
LOC111136506,-0.48444515984893
LOC111128671,-3.00519064158184
LOC111129875,0.504169752050744
LOC111108082,0.131124835863542
LOC111114544,0.795148659815839
LOC111120569,-0.0343567331922384
LOC111099428,-0.496288575626092
LOC111113949,-0.169253668919281
LOC111108086,1.01354683896355
LOC111129007,-0.207666372950353
LOC111128833,-1.15380177362773
LOC111134397,1.12380971551422
LOC111135889,-0.647254312101672
LOC111128051,1.14426248434837
LOC111133523,0.0369976894080632
LOC111118667,-0.0137067440082564
LOC111134348,-1.47294888834112
LOC111134224,0.441914224954932
LOC111133121,-0.014229322777775
LOC111110671,-0.550039798870909
LOC111118800,-0.556088219513715
LOC111110091,0.600283401500547
LOC111115756,-1.45762059265479
LOC111125129,0.239784905401007
LOC111104754,0.899017993145178
LOC111125906,0.46476466015843
LOC111122952,1.5405421115856
LOC111129554,-0.163691539602822
LOC111122025,-0.134943319966182
LOC111129024,0.361095258087037
LOC111104491,-1.16447155401719
LOC111130902,0.521925718118515
LOC111099579,0.407076987175239
LOC111133534,-0.0701645963344788
LOC111100578,-0.261774719265351
LOC111115104,0.2070355040782
LOC111099170,-0.0819478122932002
LOC111122710,0.227088850391048
LOC111129050,0.298819436145228
LOC111117403,-0.867554711913561
LOC111123749,-0.232215668535475
LOC111137933,-1.04898407949863
LOC111113959,-7.92000281913334
LOC111118095,-0.718402415382526
LOC111128920,-1.06171062065367
LOC111109043,-3.15775690500791
LOC111108389,-0.434272056085137
LOC111122939,-0.6932112485338
LOC111120673,1.1933940889718
LOC111118478,-0.252268633239541
LOC111110287,1.98472314314913
LOC111109130,-0.937921716129855
LOC111103231,-0.411425776275189
LOC111119686,-0.938276904830788
LOC111120682,1.35697903170659
LOC111129354,-0.676849541975894
LOC111115053,0.242585733786055
LOC111123326,0.708325532482842
LOC111107103,-0.560148555233141
LOC111136477,2.64338448825302
LOC111133538,0.267763682454095
LOC111136979,-0.613804664958583
LOC111132512,0.719825128003189
LOC111108573,0.139210954921606
LOC111102883,0.229692812466801
LOC111130322,-0.214701701026798
LOC111119225,-1.67608544661232
LOC111132754,0.0663534508914981
LOC111105984,-1.32702546556954
LOC111103549,-0.184709025269818
LOC111120762,-0.290865598362994
LOC111134313,1.4767515394461
LOC111123453,1.21951296946943
LOC111135557,3.31902615910557
LOC111104286,-0.287682447072791
LOC111115508,-0.440280257253774
LOC111133849,0.196862991384571
LOC111131281,-0.0825852078034044
LOC111119467,0.677533213930233
LOC111109520,-0.550222142660675
LOC111118508,1.51239630898108
LOC111133656,1.34467282944708
LOC111124280,-0.39604455300516
LOC111128659,-1.90870233311854
LOC111119230,-0.0538367610308008
LOC111118063,0.523221015739945
LOC111110437,-0.215593885829192
LOC111129017,-1.91801474181597
LOC111126179,-0.443628272735933
LOC111134128,2.24780802426247
LOC111104429,-0.301112773403757
LOC111134472,-0.244333467898608
LOC111133059,-2.475795811392
LOC111138082,1.83918863775839
LOC111130715,-0.0102994176683963
LOC111122238,0.19158244847018
LOC111121099,-0.0378666677884417
LOC111131196,-0.709449731992607
LOC111103969,2.37927586536684
LOC111120905,-0.182118865339677
LOC111114548,-1.53676095738148
LOC111133795,5.11494508303782
LOC111137162,-0.315522829919931
LOC111133732,-0.218974590779283
LOC111119500,0.99483461127239
LOC111106742,-0.000561993216326801
LOC111123923,-0.289160764800191
LOC111121204,0.513182784972491
LOC111127877,-0.581263527061873
LOC111126700,0.323779720965438
LOC111116150,1.3687293196069
LOC111138372,2.12742654994907
LOC111119939,0.179298414488118
LOC111135946,0.423172364635403
LOC111117933,-0.355033496020835
LOC111112225,-0.376301894911838
LOC111125012,-0.0200700117897676
LOC111124675,1.65108738827155
LOC111118640,-1.53063411589538
LOC111110595,-0.0912916296894921
LOC111108690,0.0558695349812882
LOC111122568,-0.685986978418672
LOC111135714,-1.83978189674887
LOC111125933,0.194122377315774
LOC111132244,0.41080729185433
LOC111136737,-0.90184939449928
LOC111119911,0.211524809730372
LOC111106325,-0.625273863882738
LOC111133920,-0.946292904323716
LOC111126877,-0.0498670727115503
LOC111137662,-0.232235264428932
LOC111133385,-0.71886576718752
LOC111118661,-0.801991786533215
LOC111101029,-0.19971653952272
LOC111119327,-1.18105225124817
LOC111135346,-0.313092364181466
LOC111124167,0.0277822621132205
LOC111135596,-0.265281040806932
LOC111118451,0.698767262111469
LOC111124299,0.0980223772516214
LOC111103466,0.0280452069150381
LOC111124304,0.949357995525493
LOC111138340,-0.509179338781555
LOC111114668,-0.765404780913799
LOC111125410,0.961972252562712
LOC111132252,0.515385587030238
LOC111113312,-1.21203194437427
LOC111135360,0.626239421978448
LOC111135811,0.0390398339737252
LOC111104721,-0.100188208286906
LOC111104740,-0.185433161485596
LOC111125277,0.601510353320559
LOC111127184,0.00780016415072359
LOC111108472,-0.704234908819415
LOC111114502,-0.292498843624008
LOC111112625,0.614622487130868
LOC111130087,0.698074975358134
LOC111116840,1.47583222348032
LOC111135298,1.07497056567425
LOC111123873,2.34675553770924
LOC111127493,0.955986448147858
LOC111135413,0.267086665724023
LOC111101809,-0.422503740395967
LOC111103836,0.599103455265482
LOC111137381,0.451253379972293
LOC111104549,0.428302431762537
LOC111127794,0.402894107469811
LOC111133074,-0.268509186982885
LOC111133895,-0.565801088065946
LOC111121987,0.0400622792159827
LOC111109452,-4.07236012052984
LOC111138367,0.736553431040007
LOC111125534,-1.05782438138009
LOC111128938,-0.155803563700346
LOC111136745,-0.607508710992565
LOC111135354,0.126668093830042
LOC111136863,-6.31578752655099
LOC111127069,0.148221023320899
LOC111119450,3.46434472761592
LOC111125209,1.94470262612218
LOC111100228,-1.07084865763619
LOC111121629,0.101632109428985
LOC111124907,0.367637588821963
LOC111115718,0.614199742521059
LOC111126422,-1.0374402380477
LOC111124858,0.165500596946408
LOC111117325,0.107933018202073
LOC111115546,-0.034374172271561
LOC111106529,-0.342867696254927
LOC111110789,1.23204614450265
LOC111108365,0.0925440758749935
LOC111101430,-1.33825878464847
LOC111134575,0.0375019099590018
LOC111106294,0.0806372053520351
LOC111129499,-1.1772698516712
LOC111126477,-0.397157886233379
LOC111129041,-0.373079315627209
LOC111116263,-0.185300378735389
LOC111104434,0.834987349135715
LOC111099063,-1.56365915623351
LOC111109898,-0.498374631358957
LOC111106750,-1.15016735116153
LOC111117622,0.436704911918644
LOC111136010,-1.19047896136005
LOC111111251,0.668890435256798
LOC111111170,-0.0311079450130243
LOC111119384,0.0708199749090011
LOC111104588,0.386613517708451
LOC111112750,-0.261545238903395
LOC111115790,1.4094549223723
LOC111101579,0.0609230448534764
LOC111122789,-0.459557824472369
LOC111118997,-0.355909178905853
LOC111128716,-0.027428221982111
LOC111125937,0.0762046530307098
LOC111120351,-0.245203682571567
LOC111120782,-0.567070854644849
LOC111122861,0.189433528423123
LOC111110826,0.834625893804306
LOC111111182,-0.342321867425084
LOC111129680,-1.27620944013539
LOC111115339,-0.127859420041298
LOC111135497,0.265941046289004
LOC111126635,-2.71184032178899
LOC111121822,-0.0326966774438115
LOC111100028,-0.226683561100751
LOC111135232,-0.464727307544225
LOC111110396,0.586953702159901
LOC111134621,0.282491694228646
LOC111138427,1.42985795620964
LOC111124517,0.230621274394006
LOC111118881,0.100032629554957
LOC111119800,0.748508447330569
LOC111121595,-1.33591839188103
LOC111122647,49.2861930915011
LOC111135640,0.774755465864066
LOC111115978,0.60963537728144
LOC111113745,-0.865758334511643
LOC111125042,0.0250818980202563
LOC111107592,-0.0343541440851951
LOC111100547,0.23193982623751
LOC111119914,2.1823772447973
LOC111121327,0.697661770009178
LOC111110463,-0.706103711103926
LOC111125041,-1.67668419629319
LOC111113365,-0.0343677733683586
LOC111104686,0.311595090763754
LOC111104848,-2.09611270745408
LOC111130502,-0.869344286752118
LOC111124301,0.174037065396118
LOC111116945,0.00783615805441431
LOC111136766,-0.323388907335125
LOC111119581,-0.265614055497231
LOC111135964,1.14786122413539
LOC111110178,-0.89595667780166
LOC111124624,0.225707173510063
LOC111122185,0.833456334297681
LOC111115857,0.670511270229459
LOC111134423,1.2294534136551
LOC111125246,-1.01663667748427
LOC111108415,-0.657824495255769
LOC111125018,-0.37985508028673
LOC111129403,-0.69832571039866
LOC111109073,-0.0338464063807962
LOC111116361,-0.0391984485620071
LOC111118194,0.548147126998259
LOC111136650,0.308942865613052
LOC111125450,0.501700492425676
LOC111129177,-0.810673209119728
LOC111131335,-0.568801390625622
LOC111113058,-0.436378500684168
LOC111118147,-0.928154291582008
LOC111104061,-2.67953419887653
LOC111102387,0.00885302139078988
LOC111118725,0.083034826504095
LOC111109537,-0.817535933688659
LOC111104385,0.00652766109703676
LOC111138197,0.0310086220750842
LOC111117450,-0.0675499756721746
LOC111126910,0.052608404467812
LOC111104871,5.54814396259578
LOC111102456,0.2698660837853
LOC111134828,-0.407197452945946
LOC111135317,-0.778919489436226
LOC111112694,-0.405300787018587
LOC111131126,0.605694686929895
LOC111120071,-0.244701804914585
LOC111135277,-0.778420629992021
LOC111101183,0.763118714651478
LOC111123455,-1.1864438164838
LOC111126073,-1.49769433691031
LOC111130521,-0.985896010375703
LOC111132009,-1.58898941759895
LOC111103379,0.493594833546542
LOC111106248,-0.322096765415485
LOC111111353,1.23305958683039
LOC111122707,1.36982039252005
LOC111117670,-0.504951798331094
LOC111113354,-0.5628544615604
LOC111128529,-0.541156862080689
LOC111138429,-0.496758638405369
LOC111129219,-2.36712366061055
LOC111137692,-0.0245384753277456
LOC111115436,0.18489486451296
LOC111111179,0.584562190821347
LOC111100683,-1.75655544783642
LOC111132179,1.8595781198533
LOC111134747,1.16866397016289
LOC111103245,-0.263925595120682
LOC111135789,-1.29499544404946
LOC111117557,0.49118102093229
LOC111125103,0.185839311047726
LOC111121441,-0.168938849453574
LOC111133891,5.12132915118618
LOC111118900,5.05205312153289
LOC111123026,0.367083030046238
LOC111112679,-1.22709918891573
LOC111123870,0.0919057105807734
LOC111111541,0.199711031002105
LOC111120559,-0.173754881465034
LOC111123596,-0.198589552890709
LOC111126120,-1.00543418682715
LOC111121685,-0.0348508600273549
LOC111111023,0.584210659915917
LOC111135495,0.293467299399414
LOC111125748,0.14966742690394
LOC111130924,-0.408553479252519
LOC111125607,-2.35396594064673
LOC111124218,0.986763044033702
LOC111134749,0.00389837585364438
LOC111113400,1.11037730916402
LOC111101276,-0.260982882050675
LOC111133405,-0.308212521225629
LOC111101381,-0.41610748580957
LOC111110011,0.643206853519635
LOC111130500,5.11031114655756
LOC111119909,0.283708021988501
LOC111121888,0.338814840601549
LOC111133147,-0.257472041417004
LOC111118084,0.327208269290566
LOC111108252,0.355656823613763
LOC111136377,-2.74301915471613
LOC111135693,-0.775461853772137
LOC111106156,-0.158719007346608
LOC111110156,-0.16652220662876
LOC111126115,0.0749584392214547
LOC111106566,-0.140004630701355
LOC111102476,0.133586368732352
LOC111103439,-0.107824856420401
LOC111108749,15.8349816898556
LOC111135965,0.39117590836904
LOC111123045,1.65825072095094
LOC111102797,-0.434039897489491
LOC111124748,1.68016271386393
LOC111120157,0.68640618235788
LOC111110553,2.35176790015236
LOC111109469,0.438749558496488
LOC111112283,0.00856149886228783
LOC111111524,-2.81687506683941
LOC111100184,0.515420796186806
LOC111121450,0.411447020070721
LOC111133323,0.504609971067463
LOC111131805,-0.579914234138497
LOC111119425,0.143795893322729
LOC111115884,-0.48084693845641
LOC111100213,-1.70059661008549
LOC111120094,0.791598542574424
LOC111131154,-0.154488227410706
LOC111102630,-2.48341890126696
LOC111103244,0.0870426835588087
LOC111127088,-0.0688573546124507
LOC111129304,0.0474606545370637
LOC111101241,-1.47409992595815
LOC111113982,0.295104784368819
LOC111134471,0.0236692594928339
LOC111106933,0.549435181429615
LOC111134870,1.14217473423432
LOC111134871,-0.600716354894092
LOC111124585,0.881797077836149
LOC111104423,0.686577352584784
LOC111102268,4.00452972112569
LOC111100079,0.768728418438117
LOC111135809,0.192599492383315
LOC111119570,-0.161938831524996
LOC111127849,0.491673405652633
LOC111099915,-0.0942584558077381
LOC111126277,1.05690120977666
LOC111126279,0.44781929459266
LOC111120761,1.8866271375614
LOC111123898,-0.312007398326711
LOC111110975,0.444115206683126
LOC111106271,0.0775082364523857
LOC111109848,-0.0386577137044333
LOC111119873,-0.338896052918698
LOC111132832,-0.0285476243963138
LOC111106450,1.9399821375503
LOC111130177,0.284428894108052
LOC111100894,-0.0110533364857719
LOC111138316,-0.312909344008451
LOC111120470,0.971803517917289
LOC111110649,-0.0253520696436753
LOC111120938,-0.843956024627579
LOC111128838,0.0647987482100424
LOC111123785,-1.72288538348477
LOC111138025,0.105344586890863
LOC111099527,0.879707952616426
LOC111100152,-0.305800509115524
LOC111113335,-0.0503294594194386
LOC111118030,-0.76056844258243
LOC111125180,-1.05399613563725
LOC111110059,-0.381859051745705
LOC111131142,0.736438264078072
LOC111136501,0.17955506602657
LOC111117465,-0.287898311438835
LOC111115446,3.29498305420629
LOC111108287,-0.20795142014232
LOC111130685,0.32792995176941
LOC111122071,0.333519476395056
LOC111130098,1.28978576171648
LOC111112977,0.140204547825303
LOC111136962,1.32660663733064
LOC111116089,-1.28372692951183
LOC111125746,-0.409164321665069
LOC111135825,1.18226919720939
LOC111134208,-4.80119488752408
LOC111115744,1.44261512205642
LOC111130635,-1.05553958121002
LOC111110298,-1.14552481539276
LOC111136821,-0.0343256908280994
LOC111121934,1.57426349228264
LOC111105929,-0.615236313427582
LOC111116622,0.878534354995213
LOC111137146,1.3950634754926
LOC111119367,0.0844673190890131
LOC111138119,0.845775971438
LOC111113122,0.0880481756065919
LOC111128794,0.500426356314726
LOC111119603,-0.362216876316196
LOC111115416,0.458163339585937
LOC111108656,3.07929914937301
LOC111138044,-0.0114413581925033
LOC111113939,0.537014393460525
LOC111130896,0.0586137136983017
LOC111108659,-0.380646841643928
LOC111133031,10.6187855900748
LOC111126927,-0.875436320663139
LOC111109946,2.31045712278646
LOC111109600,1.08183187922733
LOC111114519,-2.28680960006592
LOC111137724,2.65757211555403
LOC111135830,-3.34544607851911
LOC111133713,-1.5195561901817
LOC111099865,-1.71133441050239
LOC111126013,0.304514806309535
LOC111125603,-0.724969127160289
LOC111116995,1.25009939550648
LOC111122802,0.859303319865023
LOC111113633,-1.11563756766859
LOC111118791,6.13858570379456
LOC111130729,-1.6899105460604
LOC111117966,-2.73327091573637
LOC111117433,-0.275586435909007
LOC111118794,-0.467550961740368
LOC111112197,-0.555781505992091
LOC111125446,0.200832298923948
LOC111104979,-0.317396528505205
LOC111127867,-0.127360198812904
LOC111136382,-1.07626783901767
LOC111117496,-0.297196243744953
LOC111131861,-0.767722777887306
LOC111135962,1.87558450858891
LOC111137839,0.226552336193851
LOC111106120,-0.77945174248855
LOC111112522,-0.063126473466295
LOC111101059,1.20126052826968
LOC111118690,-0.0821231831337877
LOC111110117,0.622861589096938
LOC111135670,4.80896647017098
LOC111132766,0.029901957456182
LOC111136196,-0.379334187923744
LOC111133865,-0.296173359595819
LOC111115251,-0.168109385017799
LOC111130008,-1.08192195952003
LOC111112614,-1.50943664201768
LOC111120135,0.720343231933763
LOC111130969,0.470520547350139
LOC111126491,-0.161354898603662
LOC111130108,0.30873397187847
LOC111132736,-0.701725927096008
LOC111122102,0.878608494826722
LOC111126836,-1.58354873167273
LOC111130761,-0.805769890413238
LOC111120293,0.0508401852565318
LOC111099506,-0.220754986378875
LOC111132294,0.260205559890403
LOC111109270,-4.98950704258464
LOC111138482,0.250923686518641
LOC111102713,-0.13584276994511
LOC111115117,0.576174534438357
LOC111113936,-0.379815444581298
LOC111127103,-0.0206680963527643
LOC111136653,0.521753398083364
LOC111107792,-2.79977832002991
LOC111113921,0.651320030812209
LOC111109502,-0.670976919239966
LOC111109509,0.632954917277314
LOC111106251,-0.594971908400326
LOC111108348,1.31789197311446
LOC111116932,0.691147631164528
LOC111107444,-0.133006509426314
LOC111101903,4.71429467141329
LOC111134527,2.56841805285637
LOC111124659,0.946285896089793
LOC111134509,-1.21708997646445
LOC111124877,0.447485146725575
LOC111132183,0.505104279872155
LOC111113672,-0.276123057988789
LOC111115225,-7.22841534079357
LOC111105279,-0.529137697215393
LOC111122551,2.32765456162134
LOC111101451,-2.06161635887926
LOC111099479,-0.114042492535855
LOC111104369,-0.451418117883814
LOC111106891,1.1058313958093
LOC111125488,1.26285299282733
LOC111121349,0.000903248553633081
LOC111114690,0.558234208789304
LOC111121289,2.31341263147382
LOC111135110,0.175197615807308
LOC111111402,0.527854458382826
LOC111132218,2.67852789718867
LOC111128924,-0.884210204403311
LOC111107760,0.593203732850372
LOC111120100,2.65119555045235
LOC111130040,-0.915584840031654
LOC111128886,0.178755108395235
LOC111136518,-0.182444308417802
LOC111117472,1.11015415087692
LOC111119901,-0.177560259834144
LOC111110681,7.58809745814246
LOC111120889,-0.615692806835981
LOC111120299,0.278032902763887
LOC111120924,1.07626028645665
LOC111131200,-0.223871116858256
LOC111105850,-1.63430613710364
LOC111118700,1.40092146910273
LOC111129241,-0.239553025477812
LOC111130749,-1.76270934538784
LOC111112443,-0.845438741259075
LOC111118539,1.13476323964503
LOC111100520,-0.771354435187392
LOC111134658,0.815535736482753
LOC111103146,0.442444750445471
LOC111105597,-1.07766226717551
LOC111133453,0.249359142266223
LOC111100563,-1.23301269667122
LOC111105408,0.622072959520028
LOC111131562,0.353084563409164
LOC111120056,1.35748467832511
LOC111118641,0.350789546346801
LOC111138161,0.179991995672229
LOC111120513,0.274569688263053
LOC111125466,-0.575849049889389
LOC111116532,-0.0326852272018892
LOC111118162,0.200701117291893
LOC111118631,-0.300955168358608
LOC111128370,0.799486347498124
LOC111118950,-0.0348023640010029
LOC111114457,0.38224501188086
LOC111106670,-0.00893377881392786
LOC111123335,0.984812365619084
LOC111135668,-0.075945237784011
LOC111132096,1.32955845142424
LOC111126289,-1.47838577126038
LOC111137361,-0.19312154663584
LOC111107506,-0.216076622838173
LOC111108246,-0.992053065752779
LOC111129509,-0.0264354688718043
LOC111134861,0.924298719262536
LOC111105834,-0.250607749491555
LOC111126004,-0.18109264599186
LOC111115548,-0.0343970736737005
LOC111110866,-0.578659998421336
LOC111107995,-0.0418274756196649
LOC111102823,0.627025593218284
LOC111136358,0.931551318419465
LOC111115441,-4.14182597659163
LOC111109162,-0.194434157426985
LOC111131589,-1.17333205156095
LOC111103178,1.2114927901836
LOC111119685,-3.37282456276336
LOC111111833,0.554331200634617
LOC111114724,-1.14728823567071
LOC111129175,0.414196987679966
LOC111103974,-0.61811573574507
LOC111132371,-1.54144909735655
LOC111123815,0.261210475075661
LOC111127833,0.326418576937382
LOC111125465,-0.996106156832634
LOC111100096,2.63372788318282
LOC111137743,-0.402483303557363
LOC111132528,1.15150636238401
LOC111130612,0.111653819985248
LOC111116239,0.539293427750498
LOC111134844,-0.333494893832441
LOC111100278,-1.16503079305194
LOC111121175,7.79248503003414
LOC111136307,0.687296867775834
LOC111109490,-0.0891594724172739
LOC111106096,0.804067623372517
LOC111127785,1.15899672078138
LOC111130613,0.179585366280899
LOC111125448,0.333464683631585
LOC111138140,0.87619303762073
LOC111122738,0.271289309781062
LOC111115338,-4.68617889481393
LOC111126990,1.50375337958586
LOC111132961,0.536782156152988
LOC111109067,0.166079519627616
LOC111132800,0.227437995015456
LOC111114630,-1.13929116661388
LOC111105561,-0.412536118188604
LOC111135947,-2.29833251228754
LOC111109483,-0.104894805309581
LOC111112642,1.80452521513003
LOC111108454,0.0700087042471237
LOC111131392,-0.0455568507933984
LOC111103630,-0.270503261553692
LOC111133439,-0.160912022424446
LOC111128333,-0.708340105764043
LOC111133923,0.396741188085547
LOC111115256,5.26931699679759
LOC111108668,0.477456022390664
LOC111108607,-0.950841769517136
LOC111133906,-0.0585353516226551
LOC111108554,0.306287020318253
LOC111101258,0.229013335516798
LOC111131324,0.633682663799286
LOC111126429,0.0379041590323463
LOC111126321,-1.29575778914912
LOC111113426,-0.339926267578068
LOC111116718,-0.0709877943851236
LOC111133912,2.23508159281928
LOC111106862,-0.650756226128106
LOC111126039,-1.3563626464149
LOC111128951,0.189321684947618
LOC111123721,-1.41959333074849
LOC111113489,-1.05937850632381
LOC111124578,-1.68702602633254
LOC111128035,1.6472217569842
LOC111133146,6.53460817177184
LOC111108298,0.830850904083518
LOC111130501,0.598204198897065
LOC111117357,-0.0442901417058088
LOC111126171,-0.239696728377788
LOC111112968,-1.53517903300364
LOC111112699,2.24878563048714
LOC111106552,-0.839843126586571
LOC111125867,1.21530098989989
LOC111117790,-0.413387417154961
LOC111134684,0.430766963652392
LOC111136389,0.761011828041173
LOC111131449,0.562834776941779
LOC111133764,-0.123942562488895
LOC111100097,0.116418028050453
LOC111121804,1.9445937927449
LOC111101168,0.656650108595821
LOC111117431,-0.256321692648662
LOC111113838,-0.188329920001011
LOC111127248,1.18098783181076
LOC111133072,0.0498886514899189
LOC111114517,2.24130560353761
LOC111117120,0.342930319304521
LOC111101894,0.0641658188553462
LOC111124750,0.386539767564922
LOC111119650,-0.745081026867265
LOC111120904,-0.0119522609253971
LOC111123997,-0.490315057550233
LOC111126993,-0.173389175966245
LOC111101257,-1.38090164817075
LOC111102120,-0.577251960066341
LOC111132127,-1.15573317467321
LOC111113208,3.05311317627076
LOC111101904,0.0232440507885039
LOC111137559,0.927914944730024
LOC111131669,-0.251894830095076
LOC111105769,-1.6204948444058
LOC111127777,-1.05011606195424
LOC111129236,-0.0297117206575678
LOC111129988,-0.270730433163471
LOC111137415,0.87533134630405
LOC111121240,0.231463858263302
LOC111123838,0.474719063811003
LOC111115155,-0.113752251387909
LOC111135254,-4.55495165845331
LOC111122190,2.40408518244083
LOC111131176,0.578073035909697
LOC111136550,1.39734539352491
LOC111103960,0.341406590416274
LOC111132066,0.543111924313983
LOC111124152,-0.362222336626702
LOC111117516,-0.350204846119265
LOC111117870,0.664410230932654
LOC111125232,0.439731941951861
LOC111107105,-0.9508575543917
LOC111133124,0.271614303054428
LOC111137649,-0.0144185419448355
LOC111135788,-0.251552451770224
LOC111101951,1.19076000924932
LOC111116000,-0.647225482400847
LOC111137280,-0.185668463401073
LOC111116639,-0.0100278894576409
LOC111115135,-0.608255347546525
LOC111122920,1.31831027643899
LOC111108711,7.05895859892464
LOC111120440,-0.0343949739260185
LOC111134538,0.925152059671623
LOC111135303,-0.552946962443237
LOC111104689,0.834218613093736
LOC111135744,-0.814315052153642
LOC111119120,-1.85959363091885
LOC111116720,0.906379042054795
LOC111138116,-0.435405330463809
LOC111130127,0.303332974581751
LOC111115804,-0.374555535610475
LOC111123637,0.634836705182617
LOC111105951,2.26844340468923
LOC111113893,-1.45664597208768
LOC111137298,-0.0739662059773096
LOC111123064,-0.194861457641827
LOC111106286,0.121709215784702
LOC111107570,-0.27936046038855
LOC111111108,-1.43385066038957
LOC111112024,-0.444480635956071
LOC111121527,-2.58914854476675
LOC111137097,-1.41306704331825
LOC111115355,0.827385748526246
LOC111136476,0.147259728627154
LOC111125298,0.0963008623146823
LOC111126424,3.66485996383211
LOC111127901,-0.188698179563837
LOC111133356,0.468036211100243
LOC111123114,0.666993322641781
LOC111117070,0.450676780217051
LOC111122134,0.113786063176316
LOC111116264,-0.0258895854692279
LOC111125028,-0.613999897295886
LOC111127157,0.0658436106273249
LOC111099615,-0.0140598970425253
LOC111113025,0.415796140881351
LOC111123221,4.46149778316475
LOC111099209,1.96167072662538
LOC111136580,0.0956076276184883
LOC111114669,0.0878799204220021
LOC111103358,-0.264017401181201
LOC111134908,0.0729565083192888
LOC111120804,1.80622222596565
LOC111133940,-0.841499819192981
LOC111123406,-0.465299173117684
LOC111126779,0.272466163392507
LOC111103397,0.743777783290655
LOC111101103,1.61505932767708
LOC111122164,0.0917652201715229
LOC111136430,0.685549191625203
LOC111101976,1.56243502878995
LOC111110911,0.910934397658153
LOC111105348,2.82817795498451
LOC111120105,1.01033208981086
LOC111127640,-0.727656128130272
LOC111106199,4.74816208325071
LOC111103920,-0.227548392840855
LOC111102668,0.323807786182107
LOC111126848,1.20410705368314
LOC111104817,0.0740853750580183
LOC111136507,0.184913563914728
LOC111113840,-0.58238268890483
LOC111105222,0.276473985568556
LOC111130702,1.29897761918648
LOC111129492,0.729293495906067
LOC111099914,-0.332532429746701
LOC111120956,-0.260474015856478
LOC111127914,-0.711515325108104
LOC111124441,0.884731816303616
LOC111124360,0.0793057889295384
LOC111132501,2.08500748357353
LOC111124137,2.000131210497
LOC111100199,0.475771355239802
LOC111130507,0.149017814017089
LOC111131198,1.32454086529239
LOC111102553,0.414265543554319
LOC111136445,-0.763361179033653
LOC111116137,-0.164682375322041
LOC111134838,-1.39815059904748
LOC111114777,0.423985475455961
LOC111119350,-2.2556586349349
LOC111104293,1.52923544012083
LOC111102105,0.00747054396000915
LOC111120469,-0.307115737223434
LOC111106910,-1.06124572280589
LOC111120564,0.349074089311303
LOC111135450,0.539575081029748
LOC111099524,-0.35176911842694
LOC111104430,2.13648746331586
LOC111111443,-0.0494213108489552
LOC111121907,0.779716267941842
LOC111112028,-2.00011281450903
LOC111111372,-0.840693068066955
LOC111101896,0.949334629201069
LOC111125094,0.285862699728583
LOC111126354,0.0689038261684446
LOC111125750,-0.133501403951781
LOC111104051,-0.294910241822926
LOC111136574,-0.420906020562894
LOC111122891,-1.8654242661803
LOC111129192,-0.372609121228919
LOC111135256,-0.113193568253859
LOC111100939,1.90060651962829
LOC111132653,0.0497695126875129
LOC111113163,2.46910752144308
LOC111127801,0.287416859871992
LOC111137999,-1.13079553240721
LOC111133659,0.625886285643064
LOC111112480,-0.286774727588299
LOC111124757,0.566953183035833
LOC111133278,0.0905587959821357
LOC111131843,0.566784262656579
LOC111135106,0.901638777117335
LOC111104457,0.440314427196455
LOC111136667,-0.368285100129211
LOC111109439,-2.05894602800875
LOC111134023,-1.03730422146054
LOC111100557,1.04442938212495
LOC111129309,0.263013011512432
LOC111101038,-0.952969312045895
LOC111107845,0.155069411296745
LOC111133076,1.79577936343778
LOC111136031,-0.891786631318261
LOC111118272,0.139491478775888
LOC111100701,0.626424292645516
LOC111127396,0.00821667270414631
LOC111100545,-0.189692283799385
LOC111129500,2.1801288132706
LOC111108757,-0.333335100142402
LOC111101544,-2.21442368236021
LOC111099746,-0.252873553987338
LOC111136243,-0.220733277751834
LOC111123950,-0.0343697284130102
LOC111100873,0.884360846048897
LOC111122880,-0.0343546982984577
LOC111123798,-0.243356168658206
LOC111115281,0.0637867662142595
LOC111123473,-0.293144662320754
LOC111103971,-0.296917690431627
LOC111113157,0.322159890924261
LOC111108051,-0.484331630292464
LOC111119081,-0.460192110719754
LOC111105335,1.90691761925759
LOC111129027,-1.67966606822951
LOC111117829,0.301150362562273
LOC111113065,-0.698088077351656
LOC111121114,-6.63810277589314
LOC111121785,-0.559893346628619
LOC111130330,0.512064121695504
LOC111101610,0.0462391155954806
LOC111115912,-2.69741675107216
LOC111137013,0.0815007290770448
LOC111132407,0.428959382887502
LOC111104443,0.301909367354403
LOC111118390,-0.200283559249348
LOC111133432,-0.916639288825775
LOC111138358,-0.310831814809334
LOC111123612,2.17752713359114
LOC111114307,0.237856296681346
LOC111137888,-0.1242152513306
LOC111120835,0.10523202865066
LOC111114603,0.605721377894285
LOC111100053,-0.174170366690717
LOC111131047,0.193555336759805
LOC111125549,-0.510190105103134
LOC111104113,0.26970591168458
LOC111137141,0.554595644341358
LOC111137330,-1.91567932983392
LOC111123156,0.26917575576127
LOC111106186,0.193670128111695
LOC111125267,0.0835143941351607
LOC111111608,-0.879859657129875
LOC111127040,6.69657513055071
LOC111121411,-0.521403821495265
LOC111135651,0.50210464960097
LOC111120639,-1.13129826227789
LOC111137758,0.251726467161407
LOC111123872,1.433406686405
LOC111112786,-0.426200252362133
LOC111135707,-0.499376902277027
LOC111118346,29.3175138718981
LOC111110052,1.99769390440955
LOC111117153,1.77401349555493
LOC111132900,0.869278676394702
LOC111118973,2.72838789967408
LOC111109983,-0.636621425895002
LOC111121150,0.401499170665349
LOC111123926,-2.61163484983972
LOC111116054,-0.748721104077066
LOC111115480,0.424534116417271
LOC111118465,-0.794996242423694
LOC111111814,0.328678415261435
LOC111104262,0.0203666344911107
LOC111125635,1.14944248927051
LOC111118032,-1.08198603822466
LOC111120848,0.209930009439427
LOC111132030,0.39589746403685
LOC111122140,-0.572970293346907
LOC111136857,-0.779832441359977
LOC111118669,-0.388306895256668
LOC111133017,0.0191732256182126
LOC111130935,1.38246484735797
LOC111114184,0.239731772691654
LOC111135777,-0.14055161188385
LOC111124646,0.152842925628759
LOC111127165,-0.264845717850126
LOC111123158,0.739853771312809
LOC111123248,-0.366084474325674
LOC111109533,-3.30907410963463
LOC111128941,0.381873157358289
LOC111117231,-0.37322440830896
LOC111122349,-0.470100406202236
LOC111107075,-0.71252761822189
LOC111118233,0.897509466957967
LOC111138012,2.32658870712308
LOC111121824,-0.936056740425863
LOC111108140,0.00746411714178901
LOC111110129,0.414675642122318
LOC111136303,-0.837346128909096
LOC111100280,-0.574178600648938
LOC111104693,0.390563228376517
LOC111103429,-0.418392686920602
LOC111132027,0.302801756652889
LOC111104877,0.0025031071769599
LOC111128064,0.389560815087842
LOC111137460,-0.472827295663737
LOC111121835,0.0399812778215186
LOC111127635,-0.590912622785692
LOC111120201,0.709725370400461
LOC111106382,0.60975088640346
LOC111114796,0.140238283032376
LOC111100420,-0.749039587714497
LOC111124480,-0.805950334295673
LOC111130345,0.016465530267651
LOC111137092,-2.40238002893007
LOC111138475,0.622081531723513
LOC111110284,0.625406896763139
LOC111114718,-0.233950802066088
LOC111133547,0.113016018131484
LOC111103540,0.38738680144917
LOC111125960,0.0401048885310654
LOC111105260,0.886754065346735
LOC111132465,1.29000083265725
LOC111114613,-0.132729548813026
LOC111135347,-0.762733441306582
LOC111105526,-1.66475134835062
LOC111134307,0.285117852369838
LOC111107059,-0.120768411347764
LOC111118373,-0.407626753678568
LOC111130413,-0.827585380427868
LOC111133345,-0.811425539876714
LOC111106497,-1.23828777011344
LOC111107872,-0.524005268482773
LOC111135292,1.32215654374221
LOC111124105,-0.0295317216007461
LOC111107082,-0.323257944285073
LOC111138075,-0.759362946912636
LOC111101691,-1.51162422422211
LOC111122028,1.01665463950518
LOC111108767,0.914962619624602
LOC111117955,-2.84133773256917
LOC111128172,0.117006706236185
LOC111126705,-2.1972072112895
LOC111133680,-2.75988913207844
LOC111118313,-0.0689775084304317
LOC111106740,0.246075733902372
LOC111131454,-0.438689549700236
LOC111135008,-2.6920965833756
LOC111112660,-1.06526524054908
LOC111131118,-0.191719692422749
LOC111107235,-1.45216943485072
LOC111118808,0.296407342880791
LOC111106648,-0.221945763650884
LOC111105236,0.570986606104001
LOC111134375,1.24911481679089
LOC111136753,0.557014674889053
LOC111137158,-3.58734954560299
LOC111135373,-0.136827899930994
LOC111118534,0.534206845083545
LOC111109408,0.445238258370062
LOC111130879,1.29874776466178
LOC111108018,-2.03015494822385
LOC111122848,0.273874282615958
LOC111107692,-0.184376571114651
LOC111126307,-0.319335776931933
LOC111138439,0.0169540277692048
LOC111131694,-1.76086650926354
LOC111116734,-2.2829798825571
LOC111121832,-0.385319686290342
LOC111109819,-0.075153172381124
LOC111128330,-0.0303177735475141
LOC111136632,-0.847422668246143
LOC111112093,0.811555024850913
LOC111102573,-0.252589819594092
LOC111121549,-0.205243934483032
LOC111102970,-1.10913825353059
LOC111137352,-0.62140512410411
LOC111103310,0.629243645160186
LOC111120964,0.325202505824283
LOC111103535,0.610501685925036
LOC111099597,0.328770286245458
LOC111132713,0.478038203456147
LOC111114245,1.26440147850694
LOC111105047,-0.843581602517861
LOC111099773,-0.385014603379617
LOC111129051,1.66606869991265
LOC111131633,0.636008427012392
LOC111103552,1.2756030581238
LOC111118916,0.499169291802422
LOC111109650,0.0396459751847076
LOC111137157,0.472949791943402
LOC111129010,-0.141883869755741
LOC111133275,1.56364860407421
LOC111107545,0.329620978061017
LOC111109652,-1.15257711817364
LOC111122978,0.870434668027871
LOC111112844,0.18791108915114
LOC111138417,0.252083134677102
LOC111105812,0.91266480542799
LOC111109643,0.675239716314176
LOC111121900,0.3945103832243
LOC111119273,7.3858274162398
LOC111131061,1.52195906408144
LOC111109706,0.0855415565163092
LOC111137959,-0.0330035773347332
LOC111125430,3.3906470679166
LOC111105241,3.41026411462749
LOC111113862,0.558359517443504
LOC111130269,0.275677926275123
LOC111126469,-0.119212254817396
LOC111108016,6.96432618751352
LOC111125452,-9.29354662039688
LOC111136557,0.122300077783131
LOC111110535,0.485854116537375
LOC111122117,0.140178309907241
LOC111117027,-0.702729632310384
LOC111122165,-0.589931371883682
LOC111107111,0.286799117201962
LOC111123320,-0.448974124020619
LOC111137166,-0.170113997933517
LOC111100060,0.583976343092541
LOC111120050,-0.179710008515944
LOC111127085,-0.103359532499385
LOC111108798,1.0704458524204
LOC111106540,0.814416794382666
LOC111123669,0.130231317978023
LOC111130421,0.683529693357662
LOC111129124,-0.535771124583331
LOC111121116,0.876159447047611
LOC111130550,2.64058712746079
LOC111112981,0.242889371122755
LOC111124790,0.0879960103871566
LOC111114020,0.377214426042841
LOC111125215,0.0648326747364557
LOC111105926,1.63508578332099
LOC111117988,-1.57874396983707
LOC111125439,-0.284858429106501
LOC111110142,-0.389287350293301
LOC111135439,1.68880462392923
LOC111133994,1.38338433438803
LOC111101547,-0.471451306720922
LOC111130574,-0.287428732327362
LOC111118624,-0.798129666471363
LOC111130354,0.594763326462629
LOC111137049,-0.24573541125481
LOC111101846,0.704168455153756
LOC111121166,0.0498352745137495
LOC111128181,-0.106235361590631
LOC111120952,-0.289573098625964
LOC111130429,-0.083982170849008
LOC111099223,-0.929835627730684
LOC111119808,0.236563736950006
LOC111129350,-1.59847607933147
LOC111100117,0.442894190548196
LOC111111323,2.44952342863327
LOC111113166,-0.564781849208818
LOC111099617,-0.182989226517827
LOC111101133,0.911818148648477
LOC111121432,0.0497911612290977
LOC111133472,-0.994480236393996
LOC111135738,-0.282192036791258
LOC111103250,-1.94617439159963
LOC111101768,-0.0734860555543665
LOC111120248,0.16582015213389
LOC111117641,0.292231500240467
LOC111136647,0.0344782591191712
LOC111133664,0.799583087808717
LOC111110164,-0.416582760313973
LOC111117553,-1.88703678783152
LOC111121780,-0.509769326321335
LOC111103845,0.237165602419588
LOC111130006,-0.414693344717931
LOC111121529,-1.67430719995794
LOC111133379,0.29203958861212
LOC111130606,-2.99190130403646
LOC111133768,-1.19908370533868
LOC111137812,-1.27506788313789
LOC111104477,-0.404113291296065
LOC111102840,-1.14722710574076
LOC111124566,0.330791479093682
LOC111127498,0.485989848070043
LOC111130163,-1.68270656615378
LOC111137438,-0.94640525276516
LOC111104007,-0.100399739405838
LOC111130216,-1.01307590737529
LOC111137127,0.760039380628782
LOC111122100,-0.702975703568735
LOC111103710,-0.411767582774083
LOC111118611,2.28393317349635
LOC111105869,0.8863121699358
LOC111135644,-0.218192017904492
LOC111137876,-0.492623719334639
LOC111133563,2.94898082667189
LOC111135682,0.215078715014314
LOC111132188,-2.01086783553381
LOC111102406,0.137978143826847
LOC111118839,0.628247694631225
LOC111125207,1.84651524748778
LOC111100715,-0.174159612338905
LOC111119382,2.13482778422369
LOC111124257,0.333217056382239
LOC111116815,-0.412465074957948
LOC111125562,-0.501253950348118
LOC111106818,0.673461838594501
LOC111112876,2.93513246626632
LOC111118134,1.26229205658236
LOC111115496,0.478046402607841
LOC111115926,0.557569439243827
LOC111110522,-0.380246770133035
LOC111112997,1.0005894416389
LOC111109633,-2.49092076522549
LOC111138473,0.688263515815357
LOC111126630,0.446367453080559
LOC111128618,0.505989304650969
LOC111106493,-0.439396198671606
LOC111101810,-0.870631715227219
LOC111105245,-0.707647905092706
LOC111099982,-0.471740554379582
LOC111107967,-0.204159131400142
LOC111112337,-0.526627653533754
LOC111102779,0.811529780604521
LOC111137050,1.50886934658685
LOC111108660,0.481853953401074
LOC111108280,2.81879956402019
LOC111115586,-0.098042025791837
LOC111124403,0.443990624543533
LOC111100421,-0.553758744329497
LOC111130366,0.244146233467871
LOC111131593,-0.598403259440034
LOC111113119,0.435739520299424
LOC111114723,0.763091256481335
LOC111138319,-0.330855115649491
LOC111112096,1.98916869140919
LOC111122215,-0.743016657369542
LOC111134755,-0.641892915385103
LOC111136115,0.0899024279929567
LOC111123842,7.92338953350322
LOC111137533,1.48924212043109
LOC111126662,1.00474302401312
LOC111121060,0.325374460118094
LOC111118300,-4.86964604454664
LOC111101654,-0.80874567493242
LOC111138381,-1.13054050085836
LOC111119303,1.14473967777221
LOC111106306,0.620224814702664
LOC111134639,0.373391704883198
LOC111110881,-0.772523742996149
LOC111105345,0.586786436697305
LOC111137970,0.381676426555561
LOC111131393,0.168936720217495
LOC111136564,0.726339654947181
LOC111107944,0.870200137046773
LOC111137726,0.614025299375609
LOC111121396,0.741780114955796
gene8353,0.438601673782782
LOC111128999,-0.532188521605493
LOC111125349,-0.0466495255061898
LOC111103801,-1.85285108212163
LOC111111382,-0.355898893392352
LOC111112708,0.140210324168604
LOC111105197,-0.0136606366897228
LOC111127380,0.0408757799673424
LOC111115131,0.581115663494984
LOC111123969,-0.357272246892952
LOC111137288,0.0270830804165736
LOC111134024,-0.274928140778088
LOC111123327,0.307422418213496
LOC111099071,-0.0401036327115155
LOC111117483,-0.752501351872528
LOC111135144,0.669150345819138
LOC111133765,1.68541510459844
LOC111116330,0.280902141449841
LOC111132958,0.0407125159110037
LOC111128318,-0.526585401930277
LOC111134038,1.88451148805105
LOC111111362,-0.0969147047532354
LOC111103314,-0.79383683597671
LOC111114325,0.261671091663958
LOC111116869,-1.26135794529262
LOC111119882,-0.0414103806113023
LOC111106284,0.491843773668998
LOC111100348,-1.43606242293382
LOC111107660,-0.436775538678365
LOC111122191,1.02517270941851
LOC111137313,0.593584501405642
LOC111105448,0.394248409853613
LOC111123527,-12.8205945338828
LOC111136570,-0.0342359701934831
LOC111132139,0.130105246455466
LOC111128419,-0.653002770162913
LOC111103272,-0.394698241637043
LOC111118568,1.73952869700907
LOC111103849,0.468033839645884
LOC111107035,2.01047607472029
LOC111123567,0.164870990177996
LOC111113474,0.433294560946234
LOC111129670,1.42313145563439
LOC111110120,-0.497530189361779
LOC111119188,-1.23764225743658
LOC111103513,-0.469772087853375
LOC111119530,2.27925150067273
LOC111119616,0.10826609645778
LOC111136245,1.18450227674034
LOC111099816,-0.0146595718116112
LOC111118385,1.05802397397701
LOC111120292,2.16186683604107
LOC111119100,0.747726700762199
LOC111105806,1.49505148389255
LOC111128416,-0.435397356503511
LOC111136168,-1.30150633163446
LOC111110517,-0.420723775520703
LOC111110454,0.390618041989691
LOC111128961,-2.50768247377167
LOC111125650,-0.0381848045062384
LOC111102230,-0.230207843643045
LOC111117321,0.713235361157261
LOC111115162,-0.266779066771318
LOC111120246,-1.17017991145053
LOC111125099,8.41653792055891
LOC111124568,-1.25811291345717
LOC111103880,1.43705904936631
LOC111130564,1.00839325098496
LOC111132486,0.409693998682346
LOC111129426,0.315041383294335
LOC111134453,-0.218731640131088
LOC111114284,-0.664974238270151
LOC111124529,2.03863754908392
LOC111114515,-0.733081728392547
LOC111106474,-0.0749717575417077
LOC111101602,0.412943156347872
LOC111119782,-0.526182623264695
LOC111103944,-0.0213964844788667
LOC111108270,0.431329162985945
LOC111115370,0.412952139959416
LOC111124048,0.827612478949336
LOC111105963,0.594888915817202
LOC111108887,-0.420886935744085
LOC111102724,-0.152419707558432
LOC111127107,3.95603828712134
LOC111124415,-0.157107838971975
LOC111120971,0.621739651141507
LOC111100362,-0.033181289621639
LOC111123143,-4.35776031305164
LOC111119518,-2.02968641854437
LOC111127048,-0.258244685446536
LOC111122128,-0.381545052599829
LOC111132482,0.85124868347894
LOC111123938,-0.278075380884536
LOC111127495,0.305460990059972
LOC111129823,1.6114531012068
LOC111126981,0.619375091905572
LOC111104295,-0.476463171647989
LOC111128644,1.1596811331959
LOC111121115,0.371432698777404
LOC111115041,-0.658134066315983
LOC111103559,-3.24175190708353
LOC111106930,-0.513424386229662
LOC111109578,0.812326930319465
LOC111120084,-0.543319398043962
LOC111101967,0.283716139090259
LOC111129998,1.10588154716129
LOC111130600,0.525532090034129
LOC111099592,0.110304711056443
LOC111136509,0.289364778703553
LOC111101803,-0.190977705945883
LOC111129532,0.201822217931625
LOC111134889,0.0721719248173966
LOC111124853,-2.02180347616083
LOC111120390,-1.48429947149415
LOC111111426,-0.339775446940573
LOC111122558,-0.903822610440742
LOC111127956,0.17957834632741
LOC111117354,0.0731815149014855
LOC111127059,0.520471805740165
LOC111114778,-5.85569394066024
LOC111117211,-1.82875055250973
LOC111127939,-0.482866656757264
LOC111135384,3.41760124591863
LOC111136959,2.09008150489809
LOC111126134,-0.648540290793362
LOC111110435,-0.470890966332693
LOC111118956,-0.960141947071667
LOC111123142,-0.674711049098927
LOC111133292,-1.17816639028352
LOC111123117,-2.99168289910419
LOC111104058,-1.00708189893874
LOC111130035,0.473605365999253
LOC111126960,-1.18768452776922
LOC111115075,-1.13226636810142
LOC111117895,-0.0838736387419924
LOC111135499,-2.35312128904906
LOC111101051,-0.387576987810759
LOC111120480,0.41523050152161
LOC111124879,0.106948881588906
LOC111133817,0.819580019579842
LOC111123673,0.871744893664535
LOC111114388,-0.186933305199609
LOC111117287,0.100136676468499
LOC111136293,1.44053186087968
LOC111113447,0.503437771486061
LOC111122874,-0.309058705034831
LOC111135955,2.42977677780843
LOC111111307,-0.975099426101104
LOC111101095,2.62124622695166
LOC111136770,-0.697863839532201
LOC111136074,4.31707812848033
LOC111126665,0.4196667147745
LOC111104814,0.160794176561607
LOC111130055,-0.0178994355848966
LOC111137908,-0.176673202622162
LOC111136237,-0.609080097728537
LOC111103644,0.0815481846987371
LOC111109730,-0.0665443489939426
LOC111127356,0.632589006961753
LOC111119754,-1.38570926281762
LOC111125137,1.07566180534606
LOC111134656,-0.0949473721925035
LOC111118430,2.03756489270652
LOC111112578,1.51940197668173
LOC111126582,0.743441756276898
LOC111101290,0.0694470923277257
LOC111133899,0.554282222287195
LOC111129330,0.268420765709421
LOC111136257,0.279184981417038
LOC111122685,-0.370709384945399
LOC111132618,0.834015952100681
LOC111128502,-2.04821576151112
LOC111103756,0.463204734261583
LOC111136089,1.14953185747523
LOC111111187,-0.78855917569406
LOC111099202,0.755202522019481
LOC111129351,-0.205486475782632
LOC111120343,0.0151267383334546
LOC111132225,3.03934110452243
LOC111110019,-0.150424301345172
LOC111110511,0.238848326456661
LOC111121740,-0.146120644936681
LOC111116017,-0.491179015640643
LOC111111403,0.239771590989593
LOC111120495,-0.971287155082772
LOC111124816,-0.932966116354327
LOC111108059,-1.36597302013518
LOC111105707,0.90991693162495
LOC111118933,0.724359153237222
LOC111125697,-1.0727656210097
LOC111103257,0.411367356502754
LOC111104594,0.963625467407092
LOC111103816,0.0804896004230608
LOC111119261,-3.20824167281086
LOC111125442,0.0723634468277331
LOC111101069,0.150052984932162
LOC111127977,-1.18590671467607
LOC111132173,-0.00435564423558392
LOC111136184,-1.52593617400736
LOC111102736,0.638375458273478
LOC111120823,-0.237206792609853
LOC111137521,-7.94071349612807
LOC111113098,-4.44012144338814
LOC111115770,-1.10831416354528
LOC111107487,0.735235645585866
LOC111119610,-0.727084796813323
LOC111111428,-0.489144052991643
LOC111119701,-7.75222693974057
LOC111137469,0.808303148582506
LOC111124380,0.280970718520508
LOC111107107,1.41201157086122
LOC111119172,0.514893083836551
LOC111133821,-0.372932640588119
LOC111136765,-0.191969137223633
LOC111136210,1.99077665837483
LOC111137306,0.119060148330827
LOC111106086,-0.360805282698947
LOC111104714,-2.35050932739685
LOC111135891,0.109996010177304
LOC111116391,-0.123029683757959
LOC111125280,0.152876592049743
LOC111122873,1.4406768280011
LOC111112088,-0.725131118900067
LOC111117506,-0.429779810189816
LOC111112771,2.78541110176614
LOC111100314,-1.66574069413325
LOC111106179,0.0138030817873366
LOC111135928,0.20546285125752
LOC111112914,-1.28172765842891
LOC111134442,0.88766971675463
LOC111117262,0.603852149224221
LOC111112464,0.440637476935236
LOC111117861,0.547893312949586
LOC111135502,1.0797632575493
LOC111128948,-0.0541611234463993
LOC111129676,1.21695842177741
LOC111138207,0.20637142429975
LOC111129472,-0.700235163312575
LOC111100292,-0.0972811984524479
LOC111108113,0.436708839435973
LOC111115621,2.65712677966864
LOC111100323,-1.1480657948572
LOC111117935,0.547620488909993
LOC111115879,-0.198542678126512
LOC111108471,0.486853021922121
LOC111118146,-0.421219010216239
LOC111101821,0.489946608649442
LOC111134735,-0.0660073671316873
LOC111110267,0.139254073463209
LOC111103361,0.0605014555042197
LOC111130668,-0.784573138997465
LOC111103605,5.95854822121919
LOC111113188,0.446169529111881
LOC111122393,-0.754061535813152
LOC111115092,0.0213960059253214
LOC111135515,0.626154751993237
LOC111130253,-0.684559981253642
LOC111131241,1.36594359390907
LOC111123421,0.948713592796689
LOC111101355,0.469206155002444
LOC111128643,0.917750825664568
LOC111131747,-0.128271464898332
LOC111112513,-0.958329685065003
LOC111106671,-1.53296883081174
LOC111119779,-1.12728500851238
LOC111133932,-0.345791997030805
LOC111110402,0.0939194136655127
LOC111107806,0.713618267706857
LOC111125893,-0.596848468437609
LOC111118770,-0.0917869614086401
LOC111110304,0.0438559682946435
LOC111118235,-0.648539464435914
LOC111124875,0.535961554955028
LOC111129321,0.802944140367292
LOC111125395,5.81731920491067
LOC111106409,46.7989406536174
LOC111120141,0.690213628613622
LOC111136511,0.196854303426475
LOC111126930,-1.29816325566906
LOC111099081,1.22674578772658
LOC111100708,0.363480260073
LOC111130109,0.29632461408343
LOC111135319,5.6897143413028
LOC111126740,1.89878051924821
LOC111123916,1.40403861235017
LOC111100930,-0.168189749989195
LOC111136844,0.0472981758788747
LOC111114911,0.891476214747173
LOC111100471,-0.723169288408892
LOC111112600,0.405663215020972
LOC111126054,-1.2546091140906
LOC111101444,0.770985627715731
LOC111119987,-3.49972279678653
LOC111138086,0.193917084708578
LOC111133974,0.930400852341115
LOC111103277,2.18311703521428
LOC111124192,-0.540174037208262
LOC111136890,-0.0594895912678376
LOC111120723,1.20180354013505
LOC111116738,0.364385752382341
LOC111132120,6.62943178822167
LOC111121135,0.344718815883838
LOC111123166,-3.56574335322226
LOC111119255,-1.1055708282923
LOC111133873,0.0103014053778876
LOC111117773,-5.12141100031388
LOC111120197,0.76276705273588
LOC111099219,-0.878873943794345
LOC111138190,0.0767825642847167
LOC111120839,0.122517402201572
LOC111109372,0.116128811252814
LOC111111090,2.15886738036538
LOC111118620,0.284630667741213
LOC111138466,-0.121670873936632
LOC111112848,0.0950930606090531
LOC111113222,0.30159526179182
LOC111130838,-0.454815679936895
LOC111114930,0.341523601989976
LOC111114505,0.0619813548590093
LOC111130837,-0.569619310235481
LOC111130142,0.0794272322129221
LOC111121958,-0.496243797597896
LOC111129473,-2.89692233262023
LOC111126205,-0.592366761241767
LOC111137344,-0.519520764500289
LOC111129332,-0.444124949412838
LOC111114915,-0.611064036707562
LOC111121579,0.229694826894139
LOC111116002,-0.0543512193000558
LOC111136704,0.650853170263755
LOC111106349,-0.149099180357766
LOC111138127,2.04490184683406
LOC111120680,0.0541514168617307
LOC111138346,2.73154914212469
LOC111121830,-0.962918381516221
LOC111106840,1.19701390075741
LOC111120233,-0.43575025838095
LOC111122867,0.703120846647618
LOC111138042,1.60135557190592
LOC111133380,0.140235500632743
LOC111116593,-0.331030747710955
LOC111135926,0.565177639699161
LOC111118811,-0.353313481676194
LOC111134723,2.64417169600387
LOC111136029,-0.0619102222946312
LOC111103252,0.414221115883536
LOC111112232,1.18811462706516
LOC111134181,-2.31638288851028
LOC111120557,-0.497960508428614
LOC111122603,-0.126305720231448
LOC111123624,1.65690090463408
LOC111100603,-0.844614985882205
LOC111120827,0.933201177328907
LOC111131145,0.376073984143931
LOC111117108,0.139478027056443
LOC111117107,-0.0644069008565735
LOC111135174,-1.05755668334223
LOC111132057,0.136829006958795
LOC111102694,0.792614924794082
LOC111123608,1.03761277618977
LOC111125339,0.803305333425913
LOC111112640,-0.489928828165936
LOC111133896,-0.00186399462116492
LOC111130830,0.194915763462827
LOC111110571,-0.310970518548711
LOC111116936,0.253583481840553
LOC111133308,0.0669391810483348
LOC111102769,-0.492327596509044
LOC111122612,0.48941385263907
LOC111130188,-1.27435554641178
LOC111138222,4.30186015801698
LOC111108747,-1.28657089522835
LOC111102517,0.290382196652919
LOC111133202,0.010811253761643
LOC111119477,-1.24259247301048
LOC111133205,-1.02131774132795
LOC111101382,-0.589131471132143
LOC111128885,-1.38591487721149
LOC111115711,0.873158797079582
LOC111138108,-0.0711096291391408
LOC111133255,-0.493523516943836
LOC111132192,0.0227703784785542
LOC111126366,0.61213877324517
LOC111119849,-0.479368779286445
LOC111128497,0.167063786403772
LOC111133033,0.88276946862584
LOC111122690,2.44950077205955
LOC111134353,-0.674556914704269
LOC111118310,-0.474942073648734
LOC111132247,0.785987835238507
LOC111118682,-0.171753276943751
LOC111107941,0.00271815201070902
LOC111106225,1.48098584962169
LOC111111339,-0.305797010962453
LOC111130886,-1.28960104257177
LOC111115878,0.0530578384554127
LOC111106149,0.620202296556626
LOC111135532,-0.321883211848766
LOC111130844,0.39200557280937
LOC111105182,-0.115663279312631
LOC111108928,-3.37639011452959
LOC111106503,-0.768683527583465
LOC111111288,-1.58374873158791
LOC111134719,-0.188699466657902
LOC111131729,1.5236281484378
LOC111100844,-0.27586537100713
LOC111126336,-0.971375838924011
LOC111131046,2.71249760696972
LOC111117739,0.124259081988542
LOC111133775,0.21739439686006
LOC111123219,-1.05396367373333
LOC111133859,-3.92478951722104
LOC111124014,-1.31126346943076
LOC111126306,-0.196784124545353
LOC111114333,0.412950394096775
LOC111102237,1.7768766958178
LOC111123259,0.408468784510845
LOC111122398,-0.0541350367353394
LOC111130022,-0.405725506564268
LOC111137144,-0.531639566743294
LOC111103719,-0.64776993896352
LOC111137582,0.616461021613878
LOC111129725,0.285562943345966
LOC111129691,0.185375660132464
LOC111103937,2.86797961401683
LOC111124903,-0.159482468692908
LOC111134018,0.246416604885941
LOC111122154,-0.902155907436658
LOC111121499,0.0938699917107108
LOC111137451,-0.237058612070261
LOC111126499,0.909533086543046
LOC111122397,-0.621442384163064
LOC111133436,0.132421703600586
LOC111130895,-0.526640559019277
LOC111118348,0.109108485359727
LOC111117205,-0.885841604949352
LOC111099753,-0.811065266256549
LOC111110596,-0.591373580767535
LOC111108250,0.995510095536308
LOC111136201,-0.49409747875073
LOC111117311,1.74977220447481
LOC111113952,1.28781838722053
LOC111124468,1.92350777808789
LOC111130740,-0.352656903832804
LOC111131428,-1.76471537846639
LOC111107443,1.89898691579733
LOC111099728,-0.383397748645694
LOC111137235,3.11218719641161
LOC111135409,-1.21260184714764
LOC111130468,0.3000721674886
LOC111101665,0.0642755617394078
LOC111116781,-0.0178528989485463
LOC111134810,-0.349449919847159
LOC111126844,-0.747928093535659
LOC111119111,-1.17271170010547
LOC111111488,-0.01329620660532
LOC111133425,0.145471401470411
LOC111133793,0.204761589737947
LOC111129434,0.21280047711272
LOC111120959,0.133915622399056
LOC111117337,-0.202262931771158
LOC111108538,-0.0169265601835713
LOC111121574,-1.27938476749355
LOC111127347,0.0692053656216299
LOC111118928,-0.17402575354396
LOC111135598,-0.634350945592084
LOC111123204,-2.12926686582296
LOC111105833,-0.0130921182116062
LOC111122774,0.368280718555186
LOC111119160,-1.44806544189716
LOC111109503,-0.688740249671732
LOC111124904,-2.03678996254211
LOC111101775,-0.162637565540907
LOC111126447,-0.0723014564161087
LOC111112802,0.826910564192975
LOC111106025,-0.697404088446759
LOC111108134,1.26337727973586
LOC111099418,-1.96174833456526
LOC111106919,0.946001028363154
LOC111127443,1.30319933313943
LOC111123417,-2.55359489403503
LOC111118698,0.862361758365639
LOC111120307,-1.20758374583521
LOC111121312,0.106735712180489
LOC111116696,0.589128234423499
LOC111113266,0.966437820903812
LOC111126988,-0.263835378875396
LOC111134021,0.0834525887576066
LOC111110288,-1.32599074483698
LOC111136016,0.701469960441373
LOC111131607,-0.376418742758104
LOC111107600,0.374545688621486
LOC111135273,-0.543013881198459
LOC111131530,-1.5440371523827
LOC111132381,-0.11767997819786
LOC111105064,-0.844318685291258
LOC111108673,-0.56337258600245
LOC111110064,-0.433414655909298
LOC111119390,0.992610728074955
LOC111122520,-3.76476025154654
LOC111137574,0.466731857905799
LOC111133136,0.0264169248086372
LOC111110713,2.17207656987277
LOC111119618,-1.68403598469391
LOC111137810,-0.0183928898408796
LOC111120303,0.613330537273787
LOC111126204,0.467745989995043
LOC111126854,-0.12642634124488
LOC111130495,0.0275652841946794
LOC111122316,-1.39729522563916
LOC111111476,0.148263641223479
LOC111120737,1.65209451727569
LOC111118999,0.423641501736893
LOC111099921,-0.00388630459327239
LOC111138054,0.528285210342289
LOC111136752,-0.731843842362043
LOC111107404,-0.625729806203659
LOC111122202,-0.473603025667381
LOC111107253,-0.946895442245594
LOC111128513,0.134702922860328
LOC111137196,0.443385023517709
LOC111133913,-0.409086348581603
LOC111100919,-0.267078759066021
LOC111112841,0.647798896983377
LOC111135320,0.299767852556016
LOC111102950,0.437801340469549
LOC111134068,-1.25411946494275
LOC111117385,0.0953087075072023
LOC111136504,-0.491665018766442
LOC111105689,0.0210437338743539
LOC111108545,0.20742281079646
LOC111125662,-0.164954526978389
LOC111135981,-4.75231103174295
LOC111119149,0.265418617927479
LOC111123297,0.17667731665304
LOC111104965,-0.257330628234584
LOC111121787,0.44169596154546
LOC111127311,0.677266265285505
LOC111127557,0.428184855934767
LOC111109822,0.855936106915283
LOC111129018,-0.833026869677449
LOC111136120,0.633161913810355
LOC111115184,0.556842890828338
LOC111134906,0.795324914675598
LOC111129258,1.40622234210401
LOC111134972,-0.240824159758372
LOC111110552,0.191374438022584
LOC111121688,0.112599519532862
LOC111125475,0.170191598283508
LOC111138124,0.728029889060812
LOC111123952,-0.116555434742854
LOC111136376,1.26184169243167
LOC111119796,-0.927937431610055
LOC111136006,-0.120035134769447
LOC111134211,-0.467004166910963
LOC111134746,-2.07975609350163
LOC111105497,0.0985593054934034
LOC111120490,-0.43975191061898
LOC111132970,0.730431502457468
LOC111124379,0.0905979668033825
LOC111118007,0.265970798282553
LOC111137698,0.978662628004532
LOC111123874,0.0177354797125698
LOC111103525,-1.48543665395138
LOC111109039,-0.147392797995291
LOC111106267,-0.100261817976176
LOC111129111,-0.0372948419025831
LOC111119037,1.03293657996038
LOC111101092,0.0254286829485582
LOC111118004,0.179050617839446
LOC111136708,1.51789900006189
LOC111106605,0.719339769946788
LOC111118067,0.730592426001842
LOC111099212,-0.686972425252957
LOC111135771,-0.495774587642191
LOC111107891,-0.205807412563202
LOC111118915,0.578344010525419
LOC111120601,-0.512071198032901
LOC111130491,-1.65309325946043
LOC111112410,-0.275958995004127
LOC111129967,1.32161666575447
LOC111106433,0.242005619706343
LOC111105700,0.0166915214329869
LOC111119871,0.282453716585353
LOC111101047,0.01004411396691
LOC111112918,-0.306885857962926
LOC111132242,0.143788378694032
LOC111127501,-0.00535055373039224
LOC111123919,0.192747055560184
LOC111137891,1.40253220050931
LOC111110506,0.319956460591944
LOC111124587,1.10170413191606
LOC111112562,0.297435706914294
LOC111129003,-0.738999671253556
LOC111104609,-1.03080417686158
LOC111100098,-0.117856897294584
LOC111133250,-0.167550171148646
LOC111102564,0.524813590168181
LOC111107878,0.229243311774281
LOC111119494,0.240386291794398
LOC111129871,2.3339742289963
LOC111129521,-1.94969236623737
LOC111137130,0.382848897179228
LOC111129261,0.0102779064191538
LOC111114931,-0.252308311554003
LOC111119258,-0.977981343333384
LOC111138164,-1.01014220390219
LOC111125598,-0.384253509496744
LOC111130048,-0.892268057244563
LOC111100969,1.85568553352661
LOC111129307,0.437738616044349
LOC111112938,2.30499894397501
LOC111133642,0.485000597114385
LOC111102594,-0.0546394421316538
LOC111125918,-0.161298242427033
LOC111124706,-0.317538041089663
LOC111130034,-0.639102291824377
LOC111129948,0.339402946117185
LOC111110253,0.0735616547225747
LOC111120547,0.542780744769574
LOC111106461,-2.31397372359805
LOC111111768,2.1690927164262
LOC111134000,0.875992060289837
LOC111101050,-0.143310843952029
LOC111135530,-0.321592778261181
LOC111133302,-1.66325203965884
LOC111118092,-2.94068530587532
LOC111124681,0.564684168012434
LOC111111819,0.457132641270325
LOC111138226,-0.0088441061690545
LOC111120136,-0.509928817413106
LOC111106031,4.01732863899556
LOC111124625,-0.341787192615222
LOC111136940,-0.317473695167645
LOC111130586,1.72687362758937
LOC111120493,-0.35607649629909
LOC111129953,0.250882376984295
LOC111101656,0.794230363295004
LOC111119955,1.43346170386324
LOC111128093,-0.564647596440279
LOC111127806,-0.51467367812646
LOC111134896,0.447855138809625
LOC111111163,-0.363670046613913
LOC111111229,-0.254697556143933
LOC111117456,-2.42124095965405
LOC111100654,-0.687952085683622
LOC111119923,0.63642034923333
LOC111137659,-1.27573283441809
LOC111114711,0.153536540234636
LOC111131776,0.0498194900209158
LOC111122669,0.0827556560393231
LOC111120648,1.01493805660524
LOC111124545,-2.23776181159599
LOC111103326,-0.997272546385151
LOC111120002,-0.320791750926139
LOC111133802,3.79333051900715
LOC111109665,-0.127993072632336
LOC111130466,0.733705693007773
LOC111122187,-0.699620986720507
LOC111125781,-2.37428499777954
LOC111119017,-0.167327169175814
LOC111136084,0.0743981234603553
LOC111128612,0.277441164584404
LOC111129870,-1.04585336611974
LOC111134393,1.45563986798498
LOC111127575,-0.843050764607248
LOC111112910,-0.339349506978449
LOC111110830,-0.314840226859379
LOC111108312,0.00742087239093686
LOC111132667,0.115671282937839
LOC111136177,-0.4749255086214
LOC111131750,-0.350847257138756
LOC111113344,0.331780710249574
LOC111121121,-0.284120410234781
LOC111137026,-0.385988178311015
LOC111115735,3.58335603620718
LOC111115734,3.44856818820411
LOC111118048,1.86019588250893
LOC111119044,-0.940948889355678
LOC111133909,0.30088665183827
LOC111135885,-2.16837513703215
LOC111138165,0.212121549144987
LOC111103620,-0.283562693970668
LOC111121090,0.254566816827603
LOC111131037,0.864277052526322
LOC111129798,-0.73202537218603
LOC111113175,0.724472709396843
LOC111105430,0.142902670818559
LOC111131575,-0.136520451456947
LOC111121603,-0.193467532008871
LOC111130371,-0.256203156141639
LOC111135258,-0.063085391980085
LOC111138070,-0.190809102788977
LOC111106438,0.0204876274492504
LOC111100760,-0.243206082217881
LOC111113055,3.61144618777732
LOC111126339,-0.728483717000677
LOC111137101,-0.0782781333688681
LOC111119677,-0.175433451330444
LOC111134552,0.46640082777776
LOC111122954,0.0368180438223778
LOC111126713,0.40732079060312
LOC111114759,-0.171307926147414
LOC111108601,-0.676910507980876
LOC111112365,-0.0418656807293771
LOC111132121,-16.2358075647366
LOC111117002,-0.495432043777759
LOC111117658,-0.881295998318081
LOC111107576,0.112535219424592
LOC111114707,0.62710180105613
LOC111135591,-0.118327382268765
LOC111129819,1.77656001850529
LOC111128265,0.31754839934161
LOC111130456,-1.53266327116763
LOC111127145,1.63709259633672
LOC111125407,-1.53439998629196
LOC111127344,-0.0349542828192966
LOC111101329,-0.0112528098504441
LOC111118411,-0.176674799050344
LOC111112453,-0.81613749766475
LOC111100933,-0.162617021496193
LOC111133291,-0.92975742870943
LOC111128136,0.151696337921229
LOC111111439,0.311976011889167
LOC111099375,0.176964070205456
LOC111114834,-9.95777027937048
LOC111132678,0.0497813054023539
LOC111121512,0.087037514603876
LOC111105283,-0.357660549316464
LOC111109839,-0.75520082273711
LOC111101889,-0.142775622296065
LOC111107657,0.495170638694794
LOC111099109,0.907303284721294
LOC111137895,0.552777919218472
LOC111121123,-0.204774512505681
LOC111104972,-0.503383552484232
LOC111135863,1.37901958385058
LOC111107281,-0.179872376959937
LOC111137650,0.32263283634947
LOC111136847,0.621213789371931
LOC111136848,0.197080503028678
LOC111137632,0.337677042964595
LOC111134678,-0.0195985527662318
LOC111109082,-0.726733321410891
LOC111126809,2.06865840963951
LOC111128146,-0.401011604957294
LOC111117468,-0.157208557856577
LOC111108553,0.130835157700213
LOC111106080,-0.00599922515560366
LOC111134216,0.439037294380243
LOC111112801,-0.911888716751817
LOC111130978,0.546245952969294
LOC111126646,0.053023013888424
LOC111113368,-1.01899829518499
LOC111106467,-1.56033289299248
LOC111130390,0.610438939115738
LOC111132058,2.91640266815568
LOC111132801,-0.0260493622244199
LOC111100448,0.847907561182846
LOC111109522,-0.123086108758508
LOC111125343,1.42432572513388
LOC111107667,1.21683488758553
LOC111111797,-0.0195441435817425
LOC111120226,-0.43887539727009
LOC111107890,-0.143504094126001
LOC111118106,-0.635655908114963
LOC111119182,1.33334232165098
LOC111103116,0.999942213417235
LOC111123959,0.321498382800727
LOC111134266,3.02173270542526
LOC111099545,-0.94337719893574
LOC111104632,0.135689557239488
LOC111114598,0.552275718876341
LOC111128407,0.306710696856014
LOC111099104,-2.3239164991522
LOC111121839,-0.522513389765291
LOC111132981,0.879063920504153
LOC111114965,-0.243874170226839
LOC111117191,-1.97327847801561
LOC111130418,-0.499336892047449
LOC111125846,-0.661553924322566
LOC111101877,-0.0424062534074106
LOC111110447,0.239722566566232
LOC111107294,-0.496057197726459
LOC111115965,-0.826265778714778
LOC111123226,0.165439906627706
LOC111099620,-1.02589789095651
LOC111104812,-0.13805265052506
LOC111126401,1.32873645085503
LOC111127051,0.135360738289278
LOC111123253,-0.875729296430101
LOC111125514,0.405873880021411
LOC111107242,-0.271323560924674
LOC111135283,0.953946832890731
LOC111100290,2.53635196860631
LOC111100795,-0.644170581243389
LOC111137936,0.0904118687028816
LOC111120302,-0.129173419728234
LOC111117489,0.0184878176409489
LOC111131712,1.96953491284266
LOC111136071,-0.762247233801854
LOC111107174,1.75710814531771
LOC111127408,0.267852986288878
LOC111118629,2.92458206421225
LOC111134368,-1.92055089422582
LOC111106243,-0.665748331111704
LOC111101668,1.78084683490972
LOC111103166,0.720646921093895
LOC111132111,-0.846635763020396
LOC111129069,2.47246992675151
LOC111135390,1.11002629048561
LOC111122288,-2.03133828775252
LOC111108282,0.291523169309613
LOC111137831,0.876948948014146
LOC111136669,-0.897846128342263
LOC111115803,-0.730321239966397
LOC111115060,-0.456122006521191
LOC111101124,0.641884217602419
LOC111138260,1.44133903589517
LOC111130683,0.54214234681617
LOC111131290,2.48510591722373
LOC111133964,-0.451110180416712
LOC111129732,-0.00861175127252064
LOC111116891,0.486655986669236
LOC111134455,5.3286973340875
LOC111126237,-0.485151217813877
LOC111112421,-0.399436437941381
LOC111119589,1.05220852903933
LOC111128020,0.311163245430862
LOC111106674,-0.428630219742046
LOC111109750,0.735370406289114
LOC111129873,0.453590656141779
LOC111115095,-0.296564271212631
LOC111115399,-0.0503797286194253
LOC111135783,-0.53368788999688
LOC111128299,0.12088994834536
LOC111128252,0.610757448440292
LOC111108952,0.781457652687366
LOC111100887,-0.283919511354687
LOC111134758,2.40179172727473
LOC111111240,1.36444178323011
LOC111120187,0.388433880444206
LOC111129602,0.667256592074785
LOC111130311,-0.549510480113661
LOC111121372,-1.83661033147639
LOC111131673,-1.09191371724983
LOC111123041,0.554200739866156
LOC111136122,-0.647532725143941
LOC111133654,0.963564369112709
LOC111108729,-1.60216263651184
LOC111110758,1.18841841021713
LOC111113346,-1.172972254972
LOC111105032,0.0556100319510146
LOC111137074,1.02833371331004
LOC111105570,1.68470679140312
LOC111122123,-0.426408387648047
LOC111138251,-0.17567717115651
LOC111114748,0.132910176451425
LOC111126085,0.555838651547784
LOC111133123,-0.158185088203145
LOC111111008,0.446964629962785
LOC111113114,0.352324336645391
LOC111120759,0.0521055892195104
LOC111131601,-0.363329235074001
LOC111137165,0.0291289162815671
LOC111132090,-0.457479291305722
LOC111123069,0.0725644127277618
LOC111121805,0.0942831715183172
LOC111102379,-0.694882094966207
LOC111131027,1.36830016066358
LOC111100092,1.7132144611253
LOC111104416,0.13067960736605
LOC111112171,0.861816516904268
LOC111126569,6.75997612125163
LOC111123646,-0.0507696542880314
LOC111135089,-0.742389889303756
LOC111138476,2.79237325249015
LOC111107186,0.00705619572544296
LOC111100645,-0.731812090094259
LOC111136552,-0.550888823810926
LOC111103333,0.153053500144795
LOC111136648,-0.240461443777566
LOC111137946,1.05877743917507
LOC111118441,-0.135631231917636
LOC111129601,2.36545257783712
LOC111135209,-0.17404522631443
LOC111122160,4.99796552554451
LOC111137035,-0.0190909949431543
LOC111103979,0.144449599009642
LOC111122183,-0.652556408892702
LOC111134235,-2.96917942405641
LOC111125416,0.325059469242936
LOC111126341,-0.108802060156462
LOC111113571,-0.0173742082073192
LOC111128602,0.203006205584663
LOC111118589,1.32960126874944
LOC111115975,0.545322446625998
LOC111128936,-0.992486927478219
LOC111109343,0.382441091972435
LOC111125931,-1.08750889160253
LOC111135259,1.660504456266
LOC111131582,-0.534940498434957
LOC111128144,-0.436557924248943
LOC111130186,-5.80154652969481
LOC111111911,0.15792559827323
LOC111111835,-0.935098186743466
LOC111100298,-0.234878363420723
LOC111123781,-0.0748266765561645
LOC111105248,-2.22505045489212
LOC111136119,-0.301716691954879
LOC111122195,-1.89147317624215
LOC111105024,0.0326400024359932
LOC111104777,-0.149791508865869
LOC111125210,1.64656275539313
LOC111127116,-0.586730652862036
LOC111132906,0.322076031160515
LOC111130979,0.139320032037338
LOC111127423,0.091494595240733
LOC111134773,-1.2751417427841
LOC111106394,0.0497820201495477
LOC111128351,-1.2109188856017
LOC111101323,-0.693935671073826
LOC111135792,-1.94050381404517
LOC111126929,0.136221891880729
LOC111127522,0.452419424492027
LOC111122055,-1.96964961148347
LOC111100168,0.623007429932245
LOC111117751,0.0979776671776608
LOC111119410,0.554188882706011
LOC111112721,0.818983538125928
LOC111100165,-1.04928417146832
LOC111137214,0.577909706487336
LOC111112048,4.97523435556135
LOC111134612,0.193960812344404
LOC111131113,1.11917913444186
LOC111120699,0.445519879679785
LOC111113296,0.0999278447454224
LOC111113295,-0.347648212879443
LOC111120824,1.55855154858676
LOC111115221,0.787026239469819
LOC111119742,-0.373639876354405
LOC111126223,-0.327261042867254
LOC111120703,-0.481607661579788
LOC111115451,0.386541888939258
LOC111132799,-0.230328587450828
LOC111114900,-1.56673789070434
LOC111133044,-1.86444943021806
LOC111122428,0.035284184530023
LOC111099632,0.00745647791916708
LOC111112138,0.78656608299991
LOC111133358,-0.620487427771505
LOC111128946,1.34362993718203
LOC111136572,1.1402737030719
LOC111125372,0.697224251800056
LOC111137673,0.59029420746622
LOC111124677,-0.0892238273422177
LOC111136689,0.842708283403744
LOC111125320,1.56605578361881
LOC111123510,-0.0596601007924627
LOC111131337,-1.19724015039212
LOC111113273,0.265112872897633
LOC111110347,-0.0450536318727963
LOC111107976,2.54624205775756
LOC111106431,-0.0344517956071187
LOC111116879,0.806564513823273
LOC111122744,-0.301722448088029
LOC111107266,0.144478056957148
LOC111111473,-1.15156388175437
LOC111114661,-0.952818037873139
LOC111108241,1.49552201255727
LOC111106511,5.46569620826451
LOC111123121,-7.66319909116545
LOC111136579,0.551093488361715
LOC111107166,-11.3720080903577
LOC111131273,0.860606997531608
LOC111119170,0.184009268982476
LOC111111352,-0.301198515076928
LOC111129005,0.572654448974258
LOC111135392,1.02765062101866
LOC111099718,0.0546681382135714
LOC111136314,0.641520716303946
LOC111129232,-0.366419778091015
LOC111129441,0.126690538895826
LOC111115335,0.499097215061373
LOC111123024,-1.65919393113901
LOC111128316,1.00494244451635
LOC111108192,0.387140784010012
LOC111131094,-0.138654154950445
LOC111129796,-0.69538705966486
LOC111126580,0.574309328911615
LOC111137664,-0.0343509457081578
LOC111116889,1.78252731223218
LOC111120626,-0.706754971349472
LOC111138166,-0.388514646236781
LOC111128063,0.826539781749407
LOC111123282,-0.134815214772307
LOC111101090,0.312079743680011
LOC111134702,2.40549975417681
LOC111108902,-0.195978928197406
LOC111113411,0.744007205272756
LOC111136809,-0.646026236126334
LOC111110365,0.644368436614029
LOC111129158,-0.018470598934495
LOC111118046,-0.347163825442579
LOC111134301,-1.68365341435264
LOC111118512,1.70832759786707
LOC111130437,0.229036662388634
LOC111103014,0.582660367349525
LOC111116327,0.264157552415221
LOC111100982,0.0557044895173834
LOC111129071,-3.64732393316581
LOC111137147,0.889402838933785
LOC111134922,-1.07082697142183
LOC111137950,0.121392105727501
LOC111118199,1.13176189334992
LOC111134648,-1.4758595403443
LOC111132492,0.0436964685037923
LOC111138331,-0.117813313350532
LOC111108512,-0.060230584805305
LOC111110609,-0.160712767913367
LOC111129320,-1.62751239356053
LOC111126163,0.1338943807932
LOC111114672,0.0365399378361084
LOC111106077,-0.689145083956409
LOC111118251,1.69315119047946
LOC111121516,-1.12359801695407
LOC111123747,0.206137467905243
LOC111131226,0.593383136545828
LOC111135637,3.498977595332
LOC111119965,-0.132315440907464
LOC111125459,1.61693750632368
LOC111137217,-0.956076320433297
LOC111106736,-0.463378320167577
LOC111126374,-1.16102738733351
LOC111123081,1.61210869871932
LOC111115907,0.324631142564563
LOC111136736,0.298358519550388
LOC111128665,2.64674644056086
LOC111111821,0.619191170265252
LOC111102433,-0.0432644656391661
LOC111116130,0.122298087449828
LOC111138398,0.869173065653041
LOC111108253,0.206210594802932
LOC111100176,0.24560949182433
LOC111106040,-0.367936064718663
LOC111122617,-0.550951190284036
LOC111101319,0.012936887945162
LOC111113349,-0.252263845941945
LOC111126102,0.85905074728959
LOC111121126,4.29335457299914
LOC111123787,-0.773031418272745
LOC111135787,1.09066456021092
LOC111112700,-0.552990582660131
LOC111106751,-0.142702151394234
LOC111105824,2.30548130259174
LOC111135081,-0.429222883302461
LOC111123556,-0.0532905884521042
LOC111131489,-0.47399658560629
LOC111100627,0.226538194419011
LOC111136169,-0.499153774031686
LOC111138413,0.243672437789532
LOC111115486,-0.806212532445732
LOC111118762,1.37289700636435
LOC111129121,0.03394998794865
LOC111101203,0.341616023338951
LOC111102117,-0.495837526617713
LOC111136395,-0.0542517235290744
LOC111123590,-0.366526604162085
LOC111125613,1.06739274812439
LOC111122047,-0.0139845629653623
LOC111103780,1.66037557697074
LOC111103453,2.05847097078599
LOC111136786,0.00522599687592448
LOC111122063,-0.219571720192001
LOC111130424,0.61792160236683
LOC111109250,-0.422978725947653
LOC111128891,1.58358976487974
LOC111105725,-0.0480150913800005
LOC111100012,0.140167037253841
LOC111109570,-0.0580410457618709
LOC111101491,0.0177154115824599
LOC111136386,-1.30426045211217
LOC111135805,-0.371096164062097
LOC111135014,0.194255759373857
LOC111104554,0.619475100105991
LOC111114822,0.71140323280409
LOC111134633,0.650885900132998
LOC111129519,-0.112155074480011
LOC111100719,0.261204526587003
LOC111100650,-0.304570273166172
LOC111137111,0.583071171711608
LOC111137112,3.49033355846328
LOC111133374,0.892923659076218
LOC111122971,0.301825566050761
LOC111113140,-0.410479741069322
LOC111125975,1.18108143857192
LOC111122347,-0.139766753486809
LOC111111547,-0.128288318926951
LOC111102846,-1.1213252126635
LOC111101624,-0.370045855545096
LOC111112726,-1.45351289309835
LOC111101514,-0.526536444682419
LOC111133277,-0.388811673053839
LOC111110604,2.04720904546621
LOC111127807,-0.323373347961976
LOC111123280,0.515637874954651
LOC111137038,-0.850642006862714
LOC111100268,-1.03080493947213
LOC111123648,0.0881610653779518
LOC111123806,0.186917425034101
LOC111104475,0.060321263014886
LOC111111610,0.442045665432467
LOC111113325,-0.752433199574302
LOC111137423,1.2115234709582
LOC111116070,0.545058707673466
LOC111107276,0.259144750635919
LOC111129824,-0.746058945326604
LOC111112510,-0.915385380271998
LOC111102446,1.62785596941606
LOC111127238,-1.10087734013713
LOC111100085,-0.184710249344236
LOC111117659,-0.153981183585645
LOC111105750,-1.26567494189045
LOC111106678,-0.0394301369756239
LOC111105803,-0.0343408926524276
LOC111111250,1.08241048406543
LOC111138278,0.137357521544159
LOC111129230,-0.0343254105303355
LOC111111678,-0.577366951357468
LOC111114423,-0.0500672385525968
LOC111138468,-1.17118572494836
LOC111131871,1.62987188017392
LOC111104674,1.76781643522418
LOC111117315,-0.38625702434523
LOC111103055,0.513343131595542
LOC111135466,0.50635163102053
LOC111119777,0.795453106881526
LOC111120616,2.25274952353935
LOC111108112,-1.89743422620486
LOC111108633,-0.0384651464973363
LOC111114734,0.985352873554769
LOC111114599,-1.47204743279228
LOC111133192,0.0650582680729108
LOC111117074,-1.32905926346195
LOC111104850,1.54359935588087
LOC111126282,-6.23574590318991
LOC111109805,0.897375643186359
LOC111125239,1.0057891662056
LOC111112790,-0.601412141161024
LOC111118655,-0.428578612642586
LOC111124277,1.29313937731086
LOC111135638,1.44934993511376
LOC111121967,-2.35765781261281
LOC111114770,0.0289936769206014
LOC111116193,-0.100225260600473
LOC111116194,0.316194056796561
LOC111137431,0.048514127503397
LOC111136446,0.170307633548851
LOC111101567,0.467630150822504
LOC111119280,-0.438847877447596
LOC111126173,-0.0120641561259488
LOC111099222,0.0742063556381891
LOC111114885,-0.493798740154353
LOC111115373,0.727842286722033
LOC111119105,-0.184135851963295
LOC111135677,0.415262521740036
LOC111119331,0.998579168690476
LOC111103847,0.737600602840974
LOC111132332,0.928457931886704
LOC111107299,-1.32218829559653
LOC111106043,0.23884658730842
LOC111117254,0.536412912827737
LOC111113238,-0.118511007889933
LOC111118150,1.84238107748927
LOC111110093,-4.71871470613204
LOC111125033,0.438447195386861
LOC111109883,-0.296992775103868
LOC111127741,-1.78198193185326
LOC111100752,-0.190890728014693
LOC111104308,-0.482855053224814
LOC111108896,0.16659629246964
LOC111136903,-0.0344390721480895
LOC111107321,0.0262851090624975
LOC111132446,-0.488658575776726
LOC111123410,1.0924029639055
LOC111112130,0.63912995873655
LOC111101006,-0.31263967775193
LOC111137880,0.177137202388242
LOC111127617,-0.891665481620548
LOC111126792,24.9709282970748
LOC111123631,-2.20281908644384
LOC111125361,-0.341697460750278
LOC111099859,0.189450958188011
LOC111107370,0.568068877118089
LOC111133583,0.955945766012947
LOC111135547,-0.123674873995842
LOC111112351,1.21352716381866
LOC111116689,0.14150213123664
LOC111130754,0.0886958804287431
LOC111114932,0.322080729864683
LOC111125793,0.129883746020187
LOC111111006,2.43189186378964
LOC111125059,-2.77886955187535
LOC111099088,-5.0321622986489
LOC111136544,1.65899268052584
LOC111105692,2.01091730171918
LOC111107629,-0.643378668959475
LOC111136147,-5.07358830455012
LOC111130217,1.34453889248088
LOC111111627,-0.197276671963807
LOC111129115,0.339610776340397
LOC111128394,2.24823832410367
LOC111100808,1.76549377157102
LOC111136633,-0.269524827733706
LOC111102796,-0.0523504380932759
LOC111100549,0.381299731992491
LOC111101060,3.03031002058753
LOC111118456,0.151791409568335
LOC111131791,0.0938415033289925
LOC111103025,6.36703175316474
LOC111129255,-2.47657413738946
LOC111114935,-0.00460950937809486
LOC111132180,0.872306803898971
LOC111136582,-1.15703758589123
LOC111105623,0.622212581312218
LOC111116016,0.355959006033916
LOC111109460,-0.435596858928716
LOC111114492,0.441728056342173
LOC111127266,-1.06025546361599
LOC111121784,0.28696066306362
LOC111100056,0.511577073744545
LOC111102721,0.378617435388727
LOC111127595,-0.836624771007002
LOC111116309,0.459475727464548
LOC111116333,0.249246897490781
LOC111122641,0.338327412051996
LOC111114620,-0.424257115105592
LOC111137249,-0.34014118888009
LOC111117855,0.597588155240476
LOC111129465,-5.98990442625873
LOC111137463,-0.122870156506573
LOC111112917,-0.509767849634288
LOC111112916,-2.08337320795952
LOC111113086,0.349101083917374
LOC111124991,2.0529709024765
LOC111101481,0.282428269827356
LOC111134718,-0.0202381585612318
LOC111111225,-0.414191915609945
LOC111136726,1.26665756389885
LOC111129762,-0.651417375249511
LOC111138239,0.242979255230385
LOC111105838,0.270364178290299
LOC111116408,-0.544779080799844
LOC111125699,-0.61008220199219
LOC111128347,-0.043900461480671
LOC111120696,-0.75677490872398
LOC111104024,0.87620953493594
LOC111122424,-0.551444352078588
LOC111120093,1.42168076423682
LOC111121212,0.28281359027668
LOC111122403,0.462755775206858
LOC111135758,0.504035752562834
LOC111136206,0.688362007055401
LOC111122701,-0.417481543664093
LOC111111843,-0.526405010317257
LOC111122621,-0.489171229542441
LOC111131220,-0.663638972716453
LOC111127031,-0.475992185764016
LOC111100501,1.03012963760452
LOC111137554,0.0509089637724386
LOC111113386,0.0696747802615771
LOC111138433,-0.30864118876525
LOC111100932,-0.220938680186547
LOC111112579,0.294270496358849
LOC111100180,-0.239164778498001
LOC111110655,-0.349426402422241
LOC111136218,0.480703417025206
LOC111129333,0.688594327306555
LOC111104759,2.19853832908545
LOC111100462,-0.595977908820015
LOC111119890,0.0694262235180773
LOC111108162,0.80936727778192
LOC111109565,0.0734165857588481
LOC111121885,-0.0535357649040302
LOC111109908,0.378374646222125
LOC111108245,0.0498133287505076
LOC111105276,0.896447614377413
LOC111110820,0.306477254682944
LOC111117688,0.240615859236224
LOC111131815,-0.0799960118068039
LOC111126065,1.25181446852052
LOC111125987,-0.464289022492821
LOC111109032,0.232485259224431
LOC111117420,2.11760221205541
LOC111138284,-2.96952846729137
LOC111136179,0.174769008651428
LOC111101939,0.0748118783544193
LOC111130983,0.737400043168321
LOC111118922,0.422600240057823
LOC111134183,0.557489558386355
LOC111107272,-1.13980003707648
LOC111136947,0.851616712344074
LOC111122759,-0.0750426123936156
LOC111133771,-1.54062604048322
LOC111129432,0.186430312067869
LOC111111629,-0.181791931776749
LOC111115697,-0.316262129437084
LOC111127994,0.400432679856735
LOC111125853,-0.0797493187185411
LOC111107969,-0.728300953121837
LOC111107755,-0.941125143076936
LOC111126231,-0.312369080618385
LOC111108672,-0.637175857509718
LOC111120544,-0.160214478311018
LOC111125055,-2.20774426644704
LOC111116339,0.744335933632401
LOC111122066,0.58372767301431
LOC111100311,-0.215612755518291
LOC111127793,0.309755814744213
LOC111124546,-1.62656795753731
LOC111121044,0.251692438173318
LOC111135166,-0.829136934616756
LOC111117521,-0.54113314322453
LOC111125982,-0.449474716263707
LOC111099966,0.0454064386049894
LOC111123742,0.912429210586355
LOC111100739,0.0250443066443186
LOC111105971,0.851438971877178
LOC111100281,-0.0517777536494622
LOC111110247,0.362942938977414
LOC111130095,1.63262537301297
LOC111133561,-0.310056282276672
LOC111119624,-0.219074433919335
LOC111113117,-0.10109086642279
LOC111137707,0.128962372945648
LOC111109985,-0.034419002761221
LOC111131279,0.0808632890100613
LOC111119574,-0.485625252588339
LOC111105766,-0.263094307549783
LOC111110900,-0.747721547397983
LOC111101865,-0.296141089997851
LOC111101578,-1.91254468621482
LOC111122614,-1.18096133912134
LOC111114626,-3.18416593840709
LOC111117828,0.774710833871636
LOC111120900,0.202236357703854
LOC111111628,0.738662736467878
LOC111128415,-0.0754641612509383
LOC111135831,-0.358073055084967
LOC111111038,0.158816814052239
LOC111120602,8.67790568886735
LOC111115945,0.278657356898627
LOC111113038,0.203576860429237
LOC111118905,0.0683026005146966
LOC111131786,-0.19973252169052
LOC111130033,1.52768563740563
LOC111128432,0.462318271356875
LOC111126235,-0.167685140483422
LOC111134352,0.00741711423656051
LOC111132067,-0.525387892848239
LOC111137493,-0.34754626712119
LOC111101721,-0.27506547145096
LOC111108539,-0.178981238168813
LOC111111313,0.0958055119594497
LOC111104184,0.254239632927215
LOC111130982,-0.47026570471591
LOC111117810,0.189494542806405
LOC111137694,-0.22364344289513
LOC111122376,1.21853713991112
LOC111101975,-0.0344078895384351
LOC111136226,-0.0127578948277619
LOC111120856,1.28278355059626
LOC111137687,-0.620425230288318
LOC111127135,0.757911711919613
LOC111108132,-2.04681291246307
LOC111104778,1.3428093239446
LOC111107655,0.774274436959837
LOC111108669,0.0765345623376002
LOC111106386,0.137989379249358
LOC111115969,0.186481570761734
LOC111103532,0.594348677492527
LOC111107838,0.0292633041236622
LOC111129637,-0.112282536730081
LOC111110069,0.0205254591490368
LOC111118586,1.21897583659884
LOC111106844,-0.110181206478754
LOC111111616,0.0859510853172778
LOC111133170,-0.0571767584395517
LOC111138200,-0.359561751321017
LOC111117983,0.369204178697772
LOC111113434,-0.289067572443168
LOC111124667,0.388887732788655
LOC111132854,0.0564629080684421
LOC111104093,3.52065853529827
LOC111138334,-0.3758626384586
LOC111119649,-0.152743572989317
LOC111120894,1.87602739934386
LOC111132942,-0.281187013437291
LOC111111574,-0.444457577819322
LOC111108506,0.325290047906402
LOC111130019,-2.65918720067232
LOC111134912,-0.0352275630040723
LOC111136590,0.547578201575298
LOC111099200,-0.37391557443175
LOC111115558,0.294253888811661
LOC111119488,1.02442083581339
LOC111121472,0.0353919531243267
LOC111099498,0.529112130882943
LOC111100986,-0.440230664640559
LOC111115842,0.297495913574472
LOC111129494,0.105965859041977
LOC111134530,-0.570927242691678
LOC111128256,0.182592648338492
LOC111124716,-0.037837028897421
LOC111122358,1.16035824059121
LOC111113171,0.681837891705378
LOC111117338,0.185685521772513
LOC111116143,1.70405511173266
LOC111112116,0.355600641725059
LOC111100865,-1.14002128194007
LOC111114182,-0.252075586826935
LOC111138452,0.00896046140948777
LOC111121791,-0.275409550731474
LOC111128585,-0.282177433766552
LOC111132160,0.197203417536703
LOC111113700,-1.76287666629731
LOC111129857,2.44737299561051
LOC111126780,-0.443634797500304
LOC111103684,0.0524772755764457
LOC111105958,-2.1308706674835
LOC111136094,-0.730379556516479
LOC111132741,0.98222893892501
LOC111102720,0.324688656247863
LOC111135919,1.1595076337972
LOC111133206,0.363579012687877
LOC111131600,-0.623149300496985
LOC111134087,-1.91100104449486
LOC111099655,0.0413899712825081
LOC111115367,0.567834622786448
LOC111109943,2.80255333211213
LOC111134565,0.31876657211561
LOC111119243,1.80987461241126
LOC111135307,-1.01992753138075
LOC111132952,-0.400712797862129
LOC111125384,-0.738640787226912
LOC111107907,-0.569315246548281
LOC111138228,0.574025839784288
LOC111116925,-0.279314055476333
LOC111115059,0.223984659085836
LOC111125189,-2.35283834589655
LOC111109086,-0.761372103980208
LOC111138353,-0.527157292953085
LOC111108042,0.537048630843705
LOC111130739,1.07663459800499
LOC111127532,-0.463915615863746
LOC111120189,-0.282663868100804
LOC111107155,-0.374725710061827
LOC111135508,-0.330521514932968
LOC111128167,-0.245931149122773
LOC111122582,0.0632295388341704
LOC111104406,0.280920625675316
LOC111127472,0.272553969871546
LOC111104374,0.459287326728028
LOC111118836,1.14732233344111
LOC111128997,1.42804138234369
LOC111137766,0.338278937801724
LOC111105079,-0.772361984658873
LOC111112290,0.994164624867166
LOC111124477,0.492087458052386
LOC111127776,-0.60015187021785
LOC111116034,0.138656305252341
LOC111130851,5.62711790275974
LOC111111794,-0.310921842054321
LOC111136756,0.171497269959386
LOC111114884,1.26008210639533
LOC111124940,0.274789559118175
LOC111104015,-1.48586724362425
LOC111129195,0.180027420956679
LOC111112035,-0.825270255540793
LOC111101912,1.01413112858214
LOC111137893,1.17948298646771
LOC111134243,-1.20212923376081
LOC111136001,1.84289437695168
LOC111123998,0.253127804830885
LOC111135510,1.46348179054283
LOC111130691,0.534675157158385
LOC111119863,-0.70482688825021
LOC111132357,-1.56868551971385
LOC111110876,0.373282335001318
LOC111106073,-2.29878526900408
LOC111107961,4.43586809833807
LOC111118575,0.147780859339025
LOC111129098,-0.556659600408804
LOC111135353,-0.735327514500474
LOC111119121,-0.50862659360618
LOC111134056,0.598494946207504
LOC111129016,-0.167842321219226
LOC111102005,0.298585903281115
LOC111099155,0.402659406122549
LOC111132209,-0.330193205211226
LOC111106398,0.297414751162679
LOC111102427,-0.0418610873387061
LOC111105116,1.16945263253788
LOC111123277,-1.44587935107328
LOC111132922,0.192306404158479
LOC111137340,0.608933842674883
LOC111101360,-0.765932390937729
LOC111117380,0.400470095584421
LOC111104768,0.203056159646556
LOC111138268,0.647793161379961
LOC111137341,-0.129103789694601
LOC111106924,0.182801614348022
LOC111131010,-0.307356431002872
LOC111133870,1.13470379262303
LOC111138123,-0.288797757432551
LOC111110597,-0.728217121491658
LOC111104930,0.154955410606258
LOC111130410,-0.0804420151224686
LOC111130952,0.145089224913925
LOC111108200,1.05483807013309
LOC111123805,0.390604798972267
LOC111125240,-0.661755878005601
LOC111122659,0.588519633505064
LOC111115371,-0.340262144657991
LOC111122065,1.58017643726016
LOC111104656,-0.509230360170614
LOC111125923,-0.334994224214354
LOC111134686,1.23844844018351
LOC111114818,1.02948958956247
LOC111117662,-0.533574691007088
LOC111127400,-1.30443200778118
LOC111122728,0.549912352385032
LOC111100453,-0.161662053629146
LOC111115891,0.0110832830719955
LOC111106487,-0.00599638169972388
LOC111102479,0.518592201543098
LOC111114409,0.0749664964346186
LOC111137915,-0.397174230530178
LOC111134909,1.20749198102295
LOC111112300,0.580806443824292
LOC111120832,-0.65509035991972
LOC111123940,-0.300409567249677
LOC111123275,0.498031337583375
LOC111124439,-0.424695452617921
LOC111131702,0.393962380050739
LOC111133888,0.262512072567334
LOC111124911,0.815559961687434
LOC111125438,0.824670540913106
LOC111130114,0.035578391719269
LOC111125078,0.168143949100216
LOC111099447,0.552177991853138
LOC111120972,-5.80107684286215
LOC111133951,0.190205396544969
LOC111125834,-0.368021193125701
LOC111104298,0.0652215934538546
LOC111100057,-0.235164892368972
LOC111127022,0.0196549332753105
LOC111111464,0.286097739467905
LOC111135132,-0.0586623639798991
LOC111111550,1.19805075971269
LOC111121810,-0.154762195292625
LOC111130180,-1.78783858352064
LOC111112441,-0.194394519742075
LOC111115485,-0.379336918753403
LOC111103306,2.46815546314437
LOC111138508,0.452100351819175
LOC111111266,0.269859100062219
LOC111137715,0.662613249877189
LOC111129536,0.809274076844585
LOC111110816,-0.488680806057322
LOC111137635,-0.358631449898761
LOC111135188,-2.4903253380936
LOC111102439,-0.63026002463867
LOC111131526,0.452640897799847
LOC111120755,0.216723236851735
LOC111130297,-0.0861984677882198
LOC111132214,-0.456729121867156
LOC111104737,-3.55472320227173
LOC111114621,0.986762771207836
LOC111123710,0.637732300530551
LOC111108146,0.0417193473758498
LOC111118507,-0.979579797920581
LOC111132910,0.3863771937545
LOC111128669,-0.173446453770806
LOC111102091,-0.671284870553788
LOC111110367,0.735977404765285
LOC111130946,0.226081961644413
LOC111114074,0.160510189004509
LOC111099497,0.423594641444981
LOC111125146,0.915057987450698
LOC111137781,-0.466747389057831
LOC111119282,-2.29412163656369
LOC111110540,1.3452325673028
LOC111107277,0.37316338610618
LOC111130776,-0.316857826717482
LOC111110660,-1.54052742511848
LOC111131205,1.19948081211645
LOC111103824,0.282654127095948
LOC111101028,0.669126711728658
LOC111099578,0.0604654047703975
LOC111135305,-0.0394147707301572
LOC111133536,-2.0624223811776
LOC111115817,-0.067711027995989
LOC111106416,-0.156723816792211
LOC111122491,0.0733101773682714
LOC111133655,0.0831805639430116
LOC111121654,1.80610736887276
LOC111111838,0.521328175932248
LOC111131451,-1.00946917647128
LOC111111267,-0.0929755718669206
LOC111121373,0.0358348917441102
LOC111120286,0.280710428003053
LOC111126281,1.14395744626259
LOC111135553,-3.21875860625202
LOC111101278,1.49680561763028
LOC111106855,-0.82846332782264
LOC111124955,0.275248798029595
LOC111136603,-0.582040240851027
LOC111101040,-0.000978707692902689
LOC111135974,-0.146610174049662
LOC111113813,1.18137117119282
LOC111103497,4.72934425760043
LOC111134042,0.496563974185307
LOC111108839,0.0621404618191442
LOC111109116,0.185622287174113
LOC111126804,0.441558773445603
LOC111100345,9.61540942742196
LOC111101229,-0.29109829614118
LOC111129741,-0.344965619806267
LOC111103313,-1.12857013242875
LOC111134923,0.00676270309180295
LOC111136854,-0.128035405627119
LOC111103958,-2.33791711558641
LOC111131470,0.760127288478926
LOC111126999,-0.63273908104928
LOC111136164,-2.73028793628256
LOC111137134,-0.657024828909827
LOC111114912,0.716646209932338
LOC111123571,0.0591661672098913
LOC111136645,-0.301312863989529
LOC111129301,-0.900529494182354
LOC111125914,-0.913639856196416
LOC111103428,0.988584710586302
LOC111137396,1.49294865742207
LOC111102123,-0.222179965302987
LOC111134796,-0.61018692319313
LOC111113598,0.887589114396147
LOC111124780,-0.0174895259749206
LOC111115058,0.332684308488777
LOC111108361,-0.605608205126511
LOC111137736,2.05949559899809
LOC111099042,-0.0693371448754989
LOC111121617,0.222944047293433
LOC111122827,0.373535448353161
LOC111104361,-0.279659223235147
LOC111114370,0.0742042606335501
LOC111118896,0.0757577788527394
LOC111127917,-0.478265210721103
LOC111121751,-0.0492527671882936
LOC111117663,0.418056077284943
LOC111129055,0.361777624043653
LOC111136514,-0.0524742315311896
LOC111132187,0.192780469193585
LOC111137752,-0.480505193944269
LOC111118506,-1.91557753242634
LOC111099963,0.154411665449192
LOC111136299,-0.215479827771189
LOC111132215,-0.0768775498570559
LOC111109028,-0.760596827381219
LOC111121227,0.0366574961110355
LOC111100582,2.85632358398
LOC111130267,0.036672245127117
LOC111131753,0.547540777662802
LOC111111721,1.19667845930484
LOC111127876,-0.732074767891924
LOC111121286,0.851852830882518
LOC111123468,0.220752392764171
LOC111123896,0.129733118078715
LOC111136443,-0.034362231056132
LOC111108235,1.36969869547868
LOC111122718,-0.0343839953853165
LOC111107279,0.503102240990756
LOC111135170,0.460963586883069
LOC111122207,-0.525981002272085
LOC111116024,-2.117341305782
LOC111135339,-0.00654061907682899
LOC111137234,0.458312617174907
LOC111120821,0.584489972889441
LOC111133221,-0.230976135644723
LOC111137140,0.163783722586556
LOC111133715,-0.0220683201456893
LOC111138480,-0.618722585378647
LOC111127920,-0.315143951665057
LOC111116102,0.0249560042026204
LOC111114702,0.496248389381791
LOC111104858,2.22566833563371
LOC111120538,1.17625200159547
LOC111137113,-0.256155988953172
LOC111127367,1.24646592087557
LOC111117991,0.0265386895386309
LOC111132665,1.0578148346011
LOC111099888,0.593032731218578
LOC111119537,0.448816455050207
LOC111130937,0.0939031890140517
LOC111133772,1.62195070876684
LOC111136047,0.26446181880132
LOC111134856,1.3267479609767
LOC111125852,0.33926221138768
LOC111107403,2.47289956775923
LOC111134331,-0.318643657644124
LOC111115006,0.976243949652974
LOC111099083,-0.120046194030006
LOC111106858,-0.364320264511568
LOC111117060,-1.14291463027286
LOC111134452,0.140211699724227
LOC111125478,-0.341224044319424
LOC111109482,0.341458316715551
LOC111125327,-3.6599192416579
LOC111134788,-1.37770357759443
LOC111129011,-0.972257955816732
LOC111133467,-1.44284253821675
LOC111130223,-0.0580131061913437
LOC111127124,-2.04228508275697
LOC111111379,1.64512489719732
LOC111115923,1.13947534151278
LOC111108567,-0.151862728932409
LOC111100778,0.273614525873613
LOC111117499,-0.491175756937471
LOC111127989,-4.20023515904485
LOC111101155,0.305351281947949
LOC111106357,1.22578843364613
LOC111100196,-1.63064080497273
LOC111133963,0.380069708596654
LOC111112181,0.197469119935176
LOC111112665,-0.0343551297889687
LOC111110639,-0.0343776778897614
LOC111132293,-0.074600297503151
LOC111137884,2.13816426167752
LOC111136606,0.217193186432992
LOC111104795,1.79876614227893
LOC111103263,1.23912692045367
LOC111120943,0.279973475910073
LOC111099992,1.84210598547222
LOC111099757,0.712282171905488
LOC111134029,0.00682891144096371
LOC111120640,0.385811706201538
LOC111127969,-1.11611913258074
LOC111111174,0.654720451755889
LOC111118697,0.0510190592781788
LOC111130231,-0.0852727784369574
LOC111105169,0.329633421147335
LOC111126193,0.807403176805967
LOC111136049,-0.720713396831737
LOC111138483,1.29910876756114
LOC111118525,0.0204412770765001
LOC111132808,0.669107257615324
LOC111130018,-0.455924136568649
LOC111104031,-1.45333061428296
LOC111104614,-0.64321200274325
LOC111108387,-6.09260854975796
LOC111117610,5.42288105675424
LOC111114520,-1.09329471812084
LOC111115911,0.470621295298689
LOC111121009,0.244623235823255
LOC111100269,-1.04057968122292
LOC111137972,0.703108122935767
LOC111119328,-2.76210559480118
LOC111131057,-3.64900544185318
LOC111118860,3.68022879547791
LOC111136418,-0.299645161270701
LOC111104442,0.890830273094016
LOC111125599,0.752199838672868
LOC111130355,-2.71563937954241
LOC111119512,2.65968357224153
LOC111124038,1.60100427902754
LOC111126610,1.8240923624428
LOC111122105,4.9546889128165
LOC111129855,2.68022019042936
LOC111136659,0.336372354936662
LOC111101965,-0.44148385752917
LOC111135633,-1.30207922632369
LOC111106439,1.49783449097168
LOC111119628,-0.377784491122639
LOC111118347,8.40232241806237
LOC111102239,7.53120861082211
LOC111128944,-0.973226952561846
LOC111120574,0.265623259770479
LOC111112198,-0.473537046126518
LOC111128385,-0.164545542843075
LOC111126587,-2.89887854053345
LOC111114057,1.47930383341759
LOC111100425,1.70418382654987
LOC111131150,-0.796659169218624
LOC111121448,0.0889390848886052
LOC111113339,0.278262218631065
LOC111130331,-0.0935677917150986
LOC111104104,1.29486149468191
LOC111118466,-0.395792127459446
LOC111111264,0.395007835578381
LOC111134751,-0.429564233910469
LOC111106606,-0.658451645629429
LOC111115397,-0.5085041425829
LOC111130904,-0.673259211203393
LOC111125213,-0.948208061404378
LOC111101392,-0.56336965668708
LOC111134577,0.966518131074904
LOC111136746,0.800409329056651
LOC111104249,-1.44271062637701
LOC111118566,-0.241967401814181
LOC111130213,-0.140489525415875
LOC111137579,-0.356531632753088
LOC111136587,4.30593338045571
LOC111111365,0.312094429791992
LOC111109715,0.080783099348734
LOC111133815,-0.0534072400331163
LOC111109059,0.484421921221177
LOC111126432,0.160549391587891
LOC111104679,-0.93009841735682
LOC111134317,0.904369043198176
LOC111103607,0.752423085967595
LOC111119964,-1.00925623143029
LOC111128015,-0.280272054286802
LOC111113328,2.43495275657913
gene20306,0.255411391261653
LOC111137955,-3.31989648921437
LOC111129706,0.0635752561945358
LOC111103084,-0.0376577406480189
LOC111129497,-4.56076962818276
LOC111108783,-0.541735415701597
LOC111101598,-2.6949365384923
LOC111133904,2.89664928757943
LOC111116380,0.387890892338652
LOC111126330,1.63417983567796
LOC111137637,0.39917265065917
LOC111104547,5.16873600565989
LOC111122903,0.11643562472814
LOC111118605,1.61375322286046
LOC111099623,0.908272018394316
LOC111131713,1.52529455923724
LOC111127095,0.222761869338275
LOC111121648,0.00997471330725121
LOC111134934,1.20137277064231
LOC111113897,0.302719784059715
LOC111131614,-2.35091287253267
LOC111103328,0.448555959711946
LOC111108221,1.84848814970345
LOC111103788,-0.0845298185046916
LOC111130056,-0.0471926071266366
LOC111121067,-0.0776033638532027
LOC111136134,4.16653858075759
LOC111102728,5.58448263678425
LOC111136755,0.305077135206896
LOC111113650,0.552820576321104
LOC111129389,1.63297870168371
LOC111116629,-1.40948822788776
LOC111101217,0.328854828766433
LOC111103867,0.3253428861806
LOC111125081,-0.238340392354857
LOC111113294,2.55863576113679
LOC111105454,-0.508371048447601
LOC111102828,0.516152479966231
LOC111128599,-1.58623603494233
LOC111109990,0.0034455295657151
LOC111134947,-0.109162502439849
LOC111111324,0.540749931271189
LOC111121901,0.00107447345387273
LOC111110542,0.38809391255798
LOC111118111,1.2453252292502
LOC111118862,-0.757478268531979
LOC111126128,0.485663759338164
LOC111135808,0.784155180008163
LOC111104878,-0.542818259657391
LOC111120884,-1.16746825777738
LOC111106067,0.235910922406364
LOC111124184,-0.0561301862941834
LOC111136020,0.343600890836997
LOC111132974,0.722822250428746
LOC111131194,0.0610395486058179
LOC111102545,-0.45716810090932
LOC111119461,-1.87365778865016
LOC111104139,0.413011175866399
LOC111125956,1.02577770328696
LOC111105302,-0.405771551404402
LOC111116255,-0.697928254967186
LOC111112551,0.124275174963129
LOC111136486,0.0568049450396474
LOC111100402,0.153746069717318
LOC111122307,1.55623290164373
LOC111117139,0.0975113955717737
LOC111107933,-3.81676292197993
LOC111121395,-0.22948094352822
LOC111117515,-2.96195795907958
LOC111118773,1.18713000048677
LOC111116092,-1.81777272489522
LOC111128947,0.585555928887466
LOC111108026,-0.798698108423681
LOC111136141,-0.358646229882476
LOC111115164,-0.0409912231604679
LOC111113449,0.280874338277403
LOC111107586,-1.6062287193014
LOC111131720,-0.206790805062301
LOC111125184,0.728574452782008
LOC111099668,0.216424128604786
LOC111106194,0.747338928695417
LOC111122684,-0.859596191674049
LOC111100118,0.81452436866575
LOC111126766,0.340776366108522
LOC111136415,-0.416480450126044
LOC111100201,-1.25822632697879
LOC111135190,1.04570840344143
LOC111112044,0.180840559209256
LOC111125383,-0.921916420214243
LOC111103188,0.746571116023477
LOC111134544,-0.451236637501899
LOC111111430,0.313790426724392
LOC111119470,-0.539332962229199
LOC111099651,-1.16923086840449
LOC111105365,5.58512734307771
LOC111122363,0.223895328964612
LOC111102361,-4.05775757505657
LOC111135308,0.0163460998421349
LOC111124247,-0.173889994472827
LOC111137303,0.0977584747670436
LOC111132078,0.124436438491219
LOC111118473,-0.294953875613969
LOC111137164,0.568421440530087
LOC111136622,0.544740481612687
LOC111125396,0.0962823715496972
LOC111111125,-0.396410242504724
LOC111120873,-0.208625844888736
LOC111132409,0.0447069140435645
LOC111132880,-0.837281345074513
LOC111121413,0.317926144479111
LOC111106873,-2.60756575833669
LOC111123359,-5.4104264718208
LOC111133982,-1.27787831582582
LOC111130847,-0.248619990842613
LOC111129443,0.739171621903368
LOC111109513,-2.33325347032248
LOC111133530,0.430624906897062
LOC111127926,-0.331683575006143
LOC111136627,0.484825069661976
LOC111131558,-0.0728387401971974
LOC111118000,0.0230895098142746
LOC111108478,-0.182718437403426
LOC111118989,0.409030467779153
LOC111105675,0.265423641102626
LOC111100669,0.219527528667378
LOC111102656,-0.660435032911877
LOC111106473,-0.810221053611236
LOC111126971,0.860689324166404
LOC111116090,-0.642697377985125
LOC111120610,0.228835367260871
LOC111134008,0.0997342986892029
LOC111122119,-0.865800590113623
LOC111127171,0.37433268788293
LOC111130824,-0.100745569633983
LOC111127381,0.412939839668487
LOC111116769,0.229246657190729
LOC111101618,-0.0365564820375541
LOC111114108,0.492834917980655
LOC111123762,-1.07644726056684
LOC111138065,-1.35900087004109
LOC111110862,0.590437726482253
LOC111114689,-0.790103913246034
LOC111114936,0.105390380256495
LOC111122875,0.279812843871335
LOC111126271,3.84446709271001
LOC111136235,0.0610832344810112
LOC111107718,0.540085489535281
LOC111134537,-0.0949461133362118
LOC111121439,0.405437215241413
LOC111115430,0.00981604592377804
LOC111126081,-0.93966064908382
LOC111112395,-0.525616235578624
LOC111109984,-1.15389862263449
LOC111112632,-0.938902057297775
LOC111128803,0.0391473042795627
LOC111100273,0.82666254859171
LOC111138434,-0.0167753823416119
LOC111103123,-0.153984396358324
LOC111136660,-3.56372360530457
LOC111125070,-2.40712653062615
LOC111118622,2.8445909395954
LOC111125910,-1.29483229402719
LOC111115089,-0.0359995116054605
LOC111124129,-0.970117037231235
LOC111103157,-0.42669663157562
LOC111107297,-0.31792456832585
LOC111116214,-0.751924666834784
LOC111108476,-0.40793007251109
LOC111115746,-0.300665507478466
LOC111119528,0.707665624150217
LOC111112643,0.105752100162196
LOC111126745,-0.368193359363168
LOC111102293,-0.0302803615953922
LOC111104070,0.636387317155953
LOC111126165,0.785412421331397
LOC111122064,-1.04213662346112
LOC111118588,1.79200442164127
LOC111109763,-0.462512192489072
LOC111103349,-0.482953960809246
LOC111107526,0.137947158555762
LOC111110126,-0.0625209418620013
LOC111119559,-0.074042074714258
LOC111126565,-0.969914453091006
LOC111127402,0.731666514952372
LOC111125967,0.385701668128931
LOC111101033,0.536376854241394
LOC111138080,-0.0282500073209169
LOC111114706,-1.01573764240349
LOC111120268,0.348562717329486
LOC111111935,0.134102931539078
LOC111124011,-0.520742985209616
LOC111130990,0.346188175314868
LOC111115501,0.640589146086823
LOC111100279,0.895655051550568
LOC111103805,0.178655456186856
LOC111134884,-1.02025346957667
LOC111130547,0.954185013729041
LOC111130135,0.0575092915666218
LOC111134797,0.306954040875092
LOC111133990,0.540571903007568
LOC111123244,1.25308314125173
LOC111126523,-0.0660375932715855
LOC111120067,-3.92044552683162
LOC111125524,0.191924302091521
LOC111109300,0.660277589368131
LOC111116778,0.328717968363705
LOC111133062,-0.0389066725992212
LOC111122052,1.06101279963096
LOC111129884,-0.0826155018729558
LOC111131339,-0.559995165879569
LOC111111630,-0.271917419945149
LOC111117512,0.239881689334841
LOC111119267,-0.436472643613309
LOC111134329,2.0487921071074
LOC111110040,-0.0974405515186347
LOC111129592,0.521889699742455
LOC111111697,-0.255333498228626
LOC111099633,-0.17394566143152
LOC111103658,-0.0696201961543755
LOC111130156,0.341020798802062
LOC111124318,0.629931928758115
LOC111101854,0.0553636959651924
LOC111128102,-1.11028484175998
LOC111121924,0.700291255497959
LOC111128271,0.343903854892144
LOC111120142,0.0010468808973445
LOC111106630,0.741419097920059
LOC111102869,-0.14478969380483
LOC111113860,-0.413463962646444
LOC111104042,-0.094008261717643
LOC111107734,0.447893087278741
LOC111108100,-0.553427144340434
LOC111110317,0.418446181928337
LOC111107251,-0.237504120319319
LOC111104652,-0.426069951056245
LOC111130242,-1.23687249827132
LOC111113133,-2.19396658826943
LOC111129251,1.03325193654132
LOC111123888,1.92899342419219
LOC111137266,-1.59124394069997
LOC111135475,0.196407369031199
LOC111131371,0.729949546107928
LOC111128259,-0.0240803900908956
LOC111136437,-0.439537331480912
LOC111106352,-2.22661686549007
LOC111119038,-0.494929856442984
LOC111113310,0.180495062001699
LOC111104299,-0.0758690936232069
LOC111108556,0.0143219224167939
LOC111138126,-0.0272186826441504
LOC111137535,1.00673683960256
LOC111122176,1.26649938041393
LOC111103829,2.37765571542192
LOC111117535,0.70838682128422
LOC111132132,0.546505721533558
LOC111108774,-0.637403766368579
LOC111104529,-0.784524080643912
LOC111116037,0.787793913483718
LOC111111708,-0.896108703559873
LOC111126763,-0.295561104430213
LOC111121712,1.27064797884696
LOC111134186,-1.9250979964594
LOC111128525,-0.85506481028338
LOC111130579,0.639792469746346
LOC111099420,-2.38427007284005
LOC111106328,0.0553854291905452
LOC111134931,1.2153072169179
LOC111123739,-0.203480738238062
LOC111131448,0.179994820810443
LOC111115130,0.0544323002652697
LOC111115389,-1.24368074133975
LOC111131483,-0.933951039235456
LOC111131744,-0.611282523237466
LOC111126847,-0.314478736685579
LOC111130111,0.303784170967074
LOC111120468,0.281731023128414
LOC111136702,-0.0939244534271286
LOC111103744,0.463929325947449
LOC111127067,-0.865640303592177
LOC111116898,0.634721929529202
LOC111132502,0.786198875419035
LOC111111645,0.0988606227716876
LOC111112041,-0.239760701992052
LOC111121477,0.763368451767702
LOC111116094,0.257561272669774
LOC111126396,-0.054054497691265
LOC111124288,0.24919777463992
LOC111126123,-0.289282709936574
LOC111133780,0.15054433486809
LOC111100482,4.57624140596586
LOC111100886,0.0237564649944782
LOC111112878,0.800523083967515
LOC111109165,-0.125423477183113
LOC111133182,0.140204266100329
LOC111131677,-2.36328710614948
LOC111102041,0.219907077161095
LOC111101204,0.215962882571335
LOC111125988,-15.5427069136143
LOC111114813,0.179910347884388
LOC111109567,0.596231586650282
LOC111122544,-0.376132163207722
LOC111114159,0.979513717272265
LOC111128107,0.305402273638939
LOC111120033,-1.68167647230758
LOC111120611,1.69706301514448
LOC111127281,0.140142398428264
LOC111134715,-0.208431389845672
LOC111120953,-2.46523109219342
LOC111128296,-0.428590450313806
LOC111136448,1.80102731248465
LOC111133826,-0.378679955678782
LOC111123761,-0.366213495421512
LOC111117253,0.0994524683897185
LOC111119009,-0.761464848162054
LOC111110686,1.40095090851762
LOC111106449,0.159736229947024
LOC111121407,-1.81280535587858
LOC111118685,0.537451489385349
LOC111107261,0.245723876127996
LOC111113205,-0.108032325156468
LOC111118141,0.0706177117075865
LOC111103260,0.52840311534912
LOC111104323,3.43633695734624
LOC111123418,0.0721275746180906
LOC111101890,0.200299296996228
LOC111137710,-0.077435859100771
LOC111106500,-1.39470004213665
LOC111130957,0.361269304173042
LOC111125454,-1.3800303044843
LOC111129228,-0.850433159589045
LOC111109163,0.0132519710821991
LOC111122985,-0.677109484068806
LOC111135231,0.937600251436373
LOC111125673,0.681827198738633
LOC111119083,-1.11083883945521
LOC111111865,-0.395855920333102
LOC111108443,0.248965010732096
LOC111107703,0.09750117276852
LOC111120966,0.0236567714015051
LOC111137154,0.934765452213738
LOC111127009,0.610751280723758
LOC111100674,-0.748423499997235
LOC111123846,0.229276823580016
LOC111133801,2.97871337195546
LOC111128145,0.0767545412081365
LOC111137167,0.290289880734088
LOC111110378,-0.399476719853697
LOC111103563,-0.72638308040765
LOC111111587,0.26344353110331
LOC111112040,0.195671220583012
LOC111116994,0.258561012346579
LOC111101267,1.08563571544273
LOC111137110,-0.251743200623034
LOC111126441,-0.139693651649661
LOC111135306,0.175257037813597
LOC111100805,-1.95072698243636
LOC111117713,0.0532642525012225
LOC111118510,-0.953429045467615
LOC111125025,0.4751454146449
LOC111137365,-1.50171646165864
LOC111134499,0.78215178500396
LOC111132627,-2.70797783461197
LOC111137119,1.8639085129727
LOC111128263,0.00740731874740643
LOC111133884,0.318186792298935
LOC111115167,-0.372366102506527
LOC111125317,0.24613617349904
LOC111113901,-0.594116462802649
LOC111123130,-0.0633459404809831
LOC111136682,1.94157714116248
LOC111137071,-0.0320107521059232
LOC111101609,0.442618228664895
LOC111101996,-0.0542113389676137
LOC111101607,-1.3176068590972e-05
LOC111128282,-0.100264927299395
LOC111116267,1.39570753432854
LOC111137722,0.653289412018103
LOC111104041,-2.25473542765116
LOC111114499,0.369234734460525
LOC111100794,-0.682659508807727
LOC111105082,-0.128235637954832
LOC111116042,-0.277674197946592
LOC111110818,-0.178918094225159
LOC111118663,0.300839170041662
LOC111113956,1.17269805164437
LOC111133564,-0.0484881081304519
LOC111109843,0.552058873391671
LOC111101413,0.50049128516011
LOC111137507,-1.1883221141082
LOC111100078,-1.83492766165736
LOC111129056,0.0141274636421989
LOC111137043,-0.297407094309555
LOC111115462,0.114653983141613
LOC111136520,-1.0705475666569
LOC111109725,-0.0666471105622531
LOC111133744,2.27680782721424
LOC111117067,0.187585793350335
LOC111132767,-0.163505250528653
LOC111124207,0.191763189678421
LOC111118521,0.661835470491775
LOC111118102,-0.933934801488011
LOC111127993,4.02855004402052
LOC111108170,-1.01472148389637
LOC111135901,-8.29259278145583
LOC111137826,0.336449370728592
LOC111126051,1.0049345291536
LOC111116448,0.625307328001126
LOC111136577,0.0251217255567897
LOC111119247,0.76745291264792
LOC111128712,1.17159318937973
LOC111113127,0.687857019186564
LOC111131664,-0.246124678456853
LOC111125661,0.385164624764661
LOC111135224,-0.298703742495009
LOC111125408,0.00591341985560349
LOC111100782,-0.0957499133092648
LOC111119161,0.000142702960174126
LOC111129257,-3.17978404469052
LOC111135242,-1.45517950802445
LOC111135448,-0.24925530693798
LOC111099627,0.862153629548281
LOC111121623,-0.0692008911412836
LOC111134244,-0.855589084397214
LOC111128024,1.0452046874908
LOC111136018,0.351979803226669
LOC111128161,0.17502999446135
LOC111114795,-0.467518443428163
LOC111115365,1.16994084501451
LOC111129034,-1.08714754227476
LOC111128908,-0.267828509934407
LOC111126632,-2.19902806267977
LOC111120674,3.66000127525616
LOC111108581,-0.860248886658278
LOC111107270,-0.37975609872861
LOC111125034,-0.0343369650306566
LOC111120380,-2.22221367179616
LOC111135894,-0.6645882228711
LOC111105376,0.184831666906475
LOC111130133,-1.49056556183302
LOC111126375,0.794416176480693
LOC111118750,1.05729723554338
LOC111128483,-0.139680925759087
LOC111121913,3.79613475498768
LOC111136605,0.113623570188544
LOC111101088,0.947373810530576
LOC111117776,0.511663892583022
LOC111129114,0.919868479368082
LOC111121397,-1.24707043467604
LOC111126135,-0.307262936714117
LOC111120734,-0.180735784721782
LOC111125873,-0.130134422616695
LOC111134679,2.83038483466884
LOC111124349,0.0939134604497735
LOC111136411,-0.187440051147077
LOC111128674,0.596152240384948
LOC111122198,-0.0971157942367772
LOC111135147,-0.0738265028654616
LOC111133141,-0.146904833048918
LOC111110370,-2.95465302527267
LOC111136937,1.19018591099631
LOC111135869,0.119655441019652
LOC111130383,4.16985319842956
LOC111105682,0.633699487724187
LOC111112416,-0.0168426329184647
LOC111104492,0.109848419255061
LOC111134833,0.355058733531079
LOC111125278,-1.51828821201232
LOC111115341,0.434825025445919
LOC111107318,3.2980519327166
LOC111127708,3.00666453014781
LOC111120058,-0.334329593397783
LOC111132182,-0.489192361740898
LOC111120916,-0.175801519757837
LOC111116296,-1.72787950958435
LOC111112014,-0.338659081757135
LOC111100016,-0.05722834992813
LOC111133685,0.749482716648757
LOC111117293,0.210428572697013
LOC111104704,0.379422316663897
LOC111112704,-0.290856093332629
LOC111113340,1.08555696187083
LOC111107856,2.24261999568304
LOC111120492,-0.0890263450037569
LOC111099125,1.12879113192356
LOC111112746,-0.490900942296618
LOC111105733,0.744036075103692
LOC111125060,-0.263404180460776
LOC111133791,0.311904991847257
LOC111102428,-0.134507653281722
LOC111111306,2.25921201132319
LOC111136784,0.324199061720852
LOC111125455,0.688795159796676
LOC111110849,0.717800169038886
LOC111111567,2.06009741315072
LOC111129431,-2.18155751212341
LOC111135369,1.81585674382495
LOC111136050,-0.109215271003143
LOC111101417,0.942822087882812
LOC111110741,-0.344236614629271
LOC111110474,0.893334540200609
LOC111099732,0.150541302253731
LOC111137245,0.071262265975961
LOC111104218,-1.36151235728654
LOC111110459,-1.03072758031776
LOC111108313,0.715788104446941
LOC111132479,-0.468512924836161
LOC111123967,-2.69850182031107
LOC111129489,-0.370949278398181
LOC111125391,1.37260157915915
LOC111127234,-1.77904092460937
LOC111130404,0.659275463047415
LOC111134050,0.635048282735135
LOC111135568,-1.78209906348399
LOC111126094,1.66549048479608
LOC111123055,0.207489820743646
LOC111132082,0.437951252036074
LOC111135898,8.35133463520578
LOC111134567,-0.730530613381484
LOC111115288,-0.885720129416149
LOC111126595,-0.360432240442305
LOC111122328,2.05123543036718
LOC111114183,-0.174283295517253
LOC111112646,5.07355639953729
LOC111109794,1.41828613003967
LOC111137375,-1.92766507623327
LOC111113061,0.356861542817085
LOC111136480,-0.169623834054257
LOC111120426,-0.0256231538302661
LOC111109060,1.5508330979318
LOC111119787,-0.258716388142162
LOC111124543,0.315375683439282
LOC111115795,-2.81399356609243
LOC111119302,-0.641883372678677
LOC111121543,-0.0605066685853651
LOC111101391,1.98719530791602
LOC111108366,0.0794346820595117
LOC111118191,-1.03954368146905
LOC111124916,0.83566596442219
LOC111122147,-0.168761856044592
LOC111129966,-0.356140815975122
LOC111125578,-0.35668906875127
LOC111137638,-0.227216508492019
LOC111100818,0.133060647426821
LOC111110289,-3.95014952626777
LOC111104044,-0.700606877295206
LOC111126278,-1.64946892954624
LOC111126950,-2.50646971392525
LOC111137906,-0.176557642912718
LOC111138192,0.858000291370665
LOC111135933,2.21798947330123
LOC111124935,-0.102404515106129
LOC111108755,-0.71579910536319
LOC111107488,0.806445468170371
LOC111130536,0.0500453244885855
LOC111114883,-0.604851334262867
LOC111109837,-1.50533753463593
LOC111135676,1.89434185469163
LOC111106755,0.00149859517915754
LOC111130028,-0.0900990216726047
LOC111137572,-1.96071813099729
LOC111137199,-0.808186120863276
LOC111105685,0.0938036240027201
LOC111121363,-6.93494533164261
LOC111115971,-0.355277714570103
LOC111133559,0.582150374724635
LOC111137885,1.6340783184047
LOC111119852,-2.36097741154724
LOC111137962,0.408921696340304
LOC111128759,0.19585578084248
LOC111127881,0.18805115955257
LOC111138368,-0.502951305752818
LOC111133424,-0.210710106525001
LOC111102738,-0.116733401326146
LOC111121275,-0.514788704659308
LOC111122720,-1.20495308976315
LOC111100252,1.76421687691629
LOC111122581,0.58355516781387
LOC111118475,-0.033787907805162
LOC111115141,-4.45801039625049
LOC111112089,0.122933054930186
LOC111116850,0.303927813673921
LOC111123250,-0.667333461397373
LOC111133353,1.27819080876598
LOC111101662,-0.0668140488408531
LOC111100044,0.102538784397199
LOC111108678,-0.9786796272438
LOC111129797,-0.712048598357033
LOC111129401,-0.0838514699896125
LOC111115443,1.65082133732501
LOC111111720,-0.49215502925762
LOC111120969,-1.40888405658643
LOC111130734,0.342225613918509
LOC111137380,0.173963613453339
LOC111125363,0.244294130055977
LOC111114755,0.546984560705724
LOC111123199,0.440387855720482
LOC111113224,3.25910085642904
LOC111110607,1.3783675973158
LOC111103450,-0.059469203950945
LOC111131225,0.984031754873465
LOC111132406,-1.77185209716296
LOC111122806,0.855209248517794
LOC111123294,-2.06381114586659
LOC111136262,-0.499133653646961
LOC111100556,1.65182376778086
LOC111108966,2.01145725544925
LOC111138007,0.228674117438097
LOC111120145,0.916667980256519
LOC111136646,0.757519827804953
LOC111114334,-0.0133208164712437
LOC111111505,-0.401766775475233
LOC111132810,-1.44665028981635
LOC111125420,-0.554252116777205
LOC111104025,0.664886938817126
LOC111110202,-0.9216811373236
LOC111100149,-0.839618377294831
LOC111112219,-0.587255733321386
LOC111134339,-0.581952561248903
LOC111130090,0.610593691468144
LOC111104661,-1.51975834853701
LOC111100656,0.465323893386245
LOC111130342,0.593917438923829
LOC111111198,0.397133103583886
LOC111108588,-0.105162901229664
LOC111136198,1.28561619831909
LOC111126259,0.537747447479748
LOC111103001,-0.503349360126958
LOC111105421,0.0915990414932902
LOC111138288,-0.0823673241452152
LOC111129526,0.536082669421611
LOC111131779,-0.494417955471634
LOC111112630,-0.220118780733238
LOC111132347,1.73448593552549
LOC111102390,-0.220908762602469
LOC111124944,-2.33493620618022
LOC111128931,0.615576741077952
LOC111114908,-0.497674664997746
LOC111106637,-0.515415722812873
LOC111114904,0.370122846927763
LOC111116224,-0.337319055189138
LOC111135582,-2.02540753664339
LOC111122196,-1.32789455647264
LOC111129125,-4.34335443516157
LOC111099557,-1.6101765067826
LOC111126316,0.0267226127810678
LOC111122095,0.257655290232672
LOC111134876,-0.0258843065056722
LOC111136920,0.0307592884807537
LOC111116722,0.00777227540093229
LOC111138011,0.11057354396874
LOC111123451,1.39657645435804
LOC111130815,-0.194462595582606
LOC111114170,-0.160391274590801
LOC111119039,0.158130742834292
LOC111111376,-1.04518414223019
LOC111103792,0.464859075712697
LOC111126532,-0.617403077028233
LOC111119109,-0.17864644796907
LOC111119330,-0.40029295879581
LOC111127403,0.442619656498064
LOC111135154,-2.44754421714441
LOC111100282,-0.157641327433899
LOC111112560,0.0939150666024526
LOC111127810,-1.27865337476032
LOC111127096,-0.128667202933138
LOC111121398,2.35116055342641
LOC111110238,2.8205542245415
LOC111124673,0.953230116246347
LOC111112046,1.56100625045572
LOC111104301,-1.53225647939371
LOC111116167,0.870705994531586
LOC111134593,-0.762956013551198
LOC111127104,0.924365597750913
LOC111134386,0.18032920382423
LOC111129594,0.281874564719453
LOC111123281,1.351195565554
LOC111099681,-0.708655962415319
LOC111135519,0.232047676497601
LOC111125501,-0.00613548833101419
LOC111122593,0.877404004946209
LOC111099523,-1.04752324241588
LOC111127593,0.897506727877747
LOC111123760,0.389213007725691
LOC111100190,0.88653312654497
LOC111120134,-0.720759826476256
LOC111133463,0.328730453303413
LOC111126430,0.603638697436517
LOC111123569,0.187888693972797
LOC111115337,0.298955492292833
LOC111100704,0.049790690314502
LOC111104966,1.0448164695445
LOC111135145,-2.72604913211572
LOC111117066,0.918716858030007
LOC111130723,0.768883929906969
LOC111129229,1.64716014094838
LOC111119630,-0.886686511060139
LOC111121577,0.156849745829024
LOC111114234,4.18729576437567
LOC111099217,-0.621942007200644
LOC111122027,-0.491391561636151
LOC111126050,-0.879736259141037
LOC111101857,-0.1844434546306
LOC111135139,-1.76795905211302
LOC111111546,0.424331998018068
LOC111112858,-0.162523093901287
LOC111107414,1.81987405584696
LOC111104664,0.597724148627767
LOC111102685,1.37271264485366
LOC111119298,0.138928282984339
LOC111112159,0.0991495752410194
LOC111102674,0.345729181327991
LOC111125291,2.11266316437625
LOC111109714,-0.71207274638641
LOC111112401,0.918694246706269
LOC111115218,-0.678364441556536
LOC111130921,0.41925853624089
LOC111133386,2.40965789029642
LOC111099927,0.189495064706857
LOC111129138,2.4309414974347
LOC111118975,-0.0204705653270396
LOC111118263,-1.04471531335016
LOC111137527,-1.65891459850215
LOC111105536,0.468553105723769
LOC111126187,0.876448432159413
LOC111111186,-0.775585527805608
LOC111103976,-1.37457707178086
LOC111108344,1.58756314699111
LOC111108848,-0.157159711581082
LOC111123780,-0.544020523285395
LOC111130375,-0.564329220564147
LOC111121393,-1.8767502358242
LOC111131081,-0.709243375901807
LOC111113954,-0.00848866659591429
LOC111134009,0.0146861799098644
LOC111108522,-1.14342206443995
LOC111100936,0.116720887212697
LOC111138094,-0.436990652426534
LOC111130391,2.07182702181746
LOC111125038,1.45145922454308
LOC111121571,-0.22011890870456
LOC111107748,0.805198790504464
LOC111137105,1.51398030770388
LOC111125644,0.114279549554857
LOC111108137,1.34876837471368
LOC111104628,-0.781826519146302
LOC111126577,1.32979564621987
LOC111136383,0.174561849484318
LOC111134976,1.48073503448372
LOC111114906,-0.914404624526986
LOC111124158,-0.828034145111248
LOC111137852,-0.451237611143665
LOC111138145,0.310559326234541
LOC111135841,0.471948294406162
LOC111127970,-0.0239068729152936
LOC111100655,0.00062981817062915
LOC111121159,-1.92136195253737
LOC111103902,0.703150712730667
LOC111103132,-0.243811562852066
LOC111119804,-0.668338840253086
LOC111114617,0.886820849228309
LOC111104639,-0.548995858121836
LOC111126975,1.07287117885087
LOC111102801,-0.836726526927996
LOC111120445,0.9944169411898
LOC111136233,6.56870530168672
LOC111129067,0.111352866960993
LOC111099191,-0.00815723128231864
LOC111131654,0.90091697226866
LOC111103500,0.0442541718425349
LOC111126055,1.26547062634938
LOC111131399,-1.1713094943477
LOC111119989,-0.0409092403807416
LOC111118665,0.366664885712791
LOC111124495,-0.0820838503578345
LOC111123432,-4.20706273231574
LOC111113214,-0.772140087595187
LOC111126731,1.87485241501669
LOC111134849,0.131565481918502
LOC111121687,4.20095549567109
LOC111130131,-1.53948145735993
LOC111113029,0.479560716652855
LOC111118359,-0.0336523601732884
LOC111130926,1.47268733401011
LOC111099461,0.437644397646977
LOC111101791,2.53973666871323
LOC111108438,0.280848234763818
LOC111101330,0.969499261914106
LOC111128118,-1.4913635796785
LOC111111816,-0.227745188780731
LOC111137538,0.436339082511467
LOC111128945,0.538030729216366
LOC111119577,-0.750800393691424
LOC111137553,-0.24246663791218
LOC111119159,-0.530104980742022
LOC111100810,0.551707350619862
LOC111100218,0.557716945356092
LOC111101816,-1.08433593435862
LOC111130585,-5.27219847142978
LOC111123023,0.491901085819358
LOC111106811,-1.06807133557773
LOC111106781,-0.487122847749581
LOC111120266,-1.93600707818786
LOC111118469,-0.532419966177337
LOC111131180,-0.0481680716782634
LOC111120065,-0.0648716236436311
LOC111123127,-0.321262481000034
LOC111106234,0.0335470283169979
LOC111130178,-1.01445195487085
LOC111138147,0.235297157452034
LOC111134782,1.01545628986747
LOC111118361,-0.865860360395146
LOC111122697,1.28199461689275
LOC111115816,1.35555514370827
LOC111136516,0.184277895894761
LOC111130401,0.319486459975792
LOC111137310,12.1677005532241
LOC111129391,0.0281381433507043
LOC111137078,-0.769670488390538
LOC111127512,-0.64418935277944
LOC111128022,1.29267138843849
LOC111129508,-0.0292598257691378
LOC111133551,0.696937780644938
LOC111131645,0.72826555195222
LOC111106460,-0.342531709954201
LOC111125859,-0.00798170002836242
LOC111117607,0.230584595977476
LOC111133787,0.416701635188989
LOC111118649,0.403317738035771
LOC111132712,-0.143421236205702
LOC111134486,0.173588081639657
LOC111105847,-0.180613293270863
LOC111137459,0.36066753408623
LOC111104368,0.919736475438392
LOC111128083,-0.111448334569908
LOC111102171,1.21888263252258
LOC111106293,-1.38905487199863
LOC111134716,-0.831250153389157
LOC111124388,0.295028534135969
LOC111109775,-0.585115856847152
LOC111132130,0.311957232740888
LOC111124284,-0.611963560615925
LOC111128027,0.805949696265577
LOC111124881,0.00576122409475225
LOC111102380,0.0874827481083663
LOC111135593,0.157133597868388
LOC111115063,-15.2715417597005
LOC111130965,-0.705241749619789
LOC111099206,-0.410933363286352
LOC111124378,0.371836672465453
LOC111109070,0.433699316124722
LOC111135430,0.0573144117478968
LOC111130244,-0.0701640124290429
LOC111110658,-0.0945363683052076
LOC111132075,-0.047633255278771
LOC111128346,-0.0313382361830309
LOC111101747,-0.0139253712283114
LOC111116139,0.28440449190504
LOC111100607,-0.246292348189658
LOC111105396,-0.712514986346913
LOC111099605,-0.034473812640097
LOC111136594,0.457755014671106
LOC111118895,-1.24502094182368
LOC111128485,0.108433817178726
LOC111136453,-0.0778677728819211
LOC111134540,1.4696497956233
LOC111109899,0.132379665908174
LOC111129979,1.55585932839911
LOC111108426,0.350347325904693
LOC111124015,-1.54716957016741
LOC111117393,1.03226145724325
LOC111122554,-0.216696218216259
LOC111112859,-0.183073469609464
LOC111136721,-4.74086782733436
LOC111136900,0.494601189643182
LOC111100974,0.23587912130779
LOC111099945,2.37080985189408
LOC111128251,0.2869444762853
LOC111128698,-0.0145576035721277
LOC111133703,1.93338370234753
LOC111128694,2.12386826919141
LOC111134053,-0.116600823021815
LOC111113107,0.413503861153379
LOC111134432,0.0692185478362286
LOC111122914,-0.191239574569885
LOC111115541,-0.601660797350617
LOC111125004,-0.645587163029107
LOC111109616,0.0540393353526861
LOC111137033,-1.32785530208033
LOC111120417,1.80856525060883
LOC111130007,-0.459682543160665
LOC111114360,-1.08775747391168
LOC111133986,0.75891675983525
LOC111128874,0.475737265792637
LOC111111813,-0.267810809716988
LOC111132144,-1.84579090497216
LOC111127815,0.419369236986815
LOC111103184,1.94785937877029
LOC111128437,-2.8954525056175
LOC111111537,-0.844994412177636
LOC111107068,1.47693548766195
LOC111102771,-0.727178578545333
LOC111112705,1.21046429539738
LOC111107098,0.273954003588705
LOC111121455,-0.484013370393101
LOC111110879,0.0706973069356524
LOC111102125,0.170965960013312
LOC111100187,-0.309641960006382
LOC111127363,-1.59168940787379
LOC111100820,0.268331663904794
LOC111116935,0.0824758286507755
LOC111105170,-0.295169277421977
LOC111125484,-0.00378112333325517
LOC111120527,0.624541237266896
LOC111115330,-3.62953708646888
LOC111122906,-4.83179990707351
LOC111101144,0.179841797438111
LOC111112080,0.242989021802513
LOC111109066,1.98489667830556
LOC111132265,-0.80940419842913
LOC111119674,-0.532335540633581
LOC111119565,-0.250286941712646
LOC111126490,-0.441065233621591
LOC111130572,-0.271091447781635
LOC111137260,-0.968239403630116
LOC111120344,-0.049487130103526
LOC111101032,-0.322462357901601
LOC111119406,-0.503548732584178
LOC111099424,0.382766690284221
LOC111111258,0.270210749258613
LOC111117979,-0.106057281204294
LOC111110519,1.59858083843665
LOC111104135,1.25347913185138
LOC111110408,0.80978978854412
LOC111120973,-0.355891226871507
LOC111137200,1.03038839890475
LOC111104099,1.47556545437011
LOC111110065,-0.522318501364889
LOC111117423,-0.931296806898764
LOC111107894,8.60335681248504
LOC111126455,-0.572538000885076
LOC111107697,2.74592343255429
LOC111125778,-1.58634090675102
LOC111132453,-0.458918394220894
LOC111100938,1.04316729558036
LOC111120760,-0.0911018858464174
LOC111106093,0.0712724212398248
LOC111122353,1.31872170262951
LOC111120598,0.109607344192778
LOC111120011,1.35594646599548
LOC111105763,0.140255472586191
LOC111125380,-0.629552565491648
LOC111114171,0.298601882938038
LOC111123548,0.027600357291258
LOC111113905,-0.0625524426019327
LOC111110161,-0.218669419811164
LOC111122609,-0.523202607759645
LOC111108568,-0.098160474510409
LOC111133239,0.134146083246974
LOC111103736,0.220277477759361
LOC111106015,1.19568683631479
LOC111133521,-1.39480736707892
LOC111137388,-0.894200606030114
LOC111107313,0.222898062124785
LOC111106632,-0.24010197271588
LOC111129924,0.558903681229323
LOC111108534,0.852421055040853
LOC111113132,-0.870640374025087
LOC111100665,-2.45327520602694
LOC111112487,-1.4050117006325
LOC111131129,0.362711296368376
LOC111126090,-0.393523138425977
LOC111122871,-0.837393990271409
LOC111131874,0.178951057067029
LOC111122967,-0.490161886095731
LOC111129463,0.385270663328718
LOC111121298,-0.0536033797915455
LOC111116732,0.144560825832377
LOC111107518,0.920899474998881
LOC111101208,1.45942527760542
LOC111135723,-0.533609497863823
LOC111118760,1.34525030908367
LOC111108364,-0.500210229136034
LOC111099659,0.102249195879219
LOC111129141,-0.678455581657948
LOC111112111,-0.120031383016724
LOC111104541,0.455879072359148
LOC111101980,-0.974014602654627
LOC111110770,0.583713272901684
LOC111121132,-0.446420683084016
LOC111099211,-0.471118041674673
LOC111137575,3.4362895358225
LOC111137794,0.0580725686443919
LOC111137321,1.15959195768693
LOC111137326,-0.791959691097705
LOC111123823,0.188001665157718
LOC111136528,-0.0454614033974892
LOC111120677,-0.0343848545330058
LOC111122722,-0.363942423994743
LOC111137177,-0.355920213573112
LOC111106964,0.0118471533148011
LOC111104315,0.476467539778807
LOC111115497,-0.134124290146422
LOC111115887,-1.04541633701155
LOC111124373,0.812264988295634
LOC111133280,-0.343283841106955
LOC111137454,1.26822182059913
LOC111137630,-0.162437813077632
LOC111131234,0.362434714488593
LOC111135000,0.00239698464768571
LOC111136092,-0.122337067510723
LOC111114640,-0.213611438676806
LOC111108912,1.15374146170949
LOC111136533,0.515926722262416
LOC111124104,1.47870732421545
LOC111123779,-1.09685783522087
LOC111134588,0.579083816176623
LOC111129951,1.25371335620128
LOC111106427,-1.08957385982407
LOC111136087,1.09406309073132
LOC111136030,1.88781957253747
LOC111115662,-0.153119732688345
LOC111102463,1.5167351296618
LOC111123743,0.173012315014784
LOC111122730,-0.0892191521168229
LOC111126351,0.622662485316602
LOC111105520,0.130969917775637
LOC111125308,1.28311022381627
LOC111138129,0.242328811049829
LOC111111732,0.0074146418101922
LOC111104060,-1.03579229063972
LOC111102639,-0.121589169369738
LOC111114659,0.344060807086339
LOC111126574,1.0859948061591
LOC111100158,-1.57612945990915
LOC111135790,1.26391329092788
LOC111117750,3.46368825515725
LOC111123901,-10.5754528418915
LOC111124901,-0.122578641292765
LOC111133222,-0.33475566582879
LOC111104280,-0.147339443701514
LOC111137455,-0.227953304396031
LOC111104631,0.446909502830735
LOC111127983,3.98475015938733
LOC111126862,0.0168703046441105
LOC111100379,0.475320010595098
LOC111129660,-1.8414784338842
LOC111113120,0.292205644723699
LOC111132908,0.212127346699002
LOC111118601,-2.04020536933956
LOC111136983,0.398815613203513
LOC111131552,-0.36154747362931
LOC111132656,-2.01034445046597
LOC111122251,0.086253697112441
LOC111110123,0.139253769209516
LOC111120695,-0.569192580744293
LOC111108105,0.663739013485316
LOC111122391,-0.387786587992208
LOC111122682,0.000442345285174735
LOC111099203,-1.65443819019712
LOC111137890,-0.565198004679615
LOC111108103,-0.489126769898396
LOC111119527,-0.680448485103301
LOC111114681,-4.37291247327382
LOC111123155,-0.386475487398746
LOC111131818,-1.35336710251848
LOC111135836,-1.00223519823797
LOC111121738,0.00116368203337426
LOC111108375,-0.979115720550324
LOC111135414,-1.9143527365563
LOC111132303,0.191138926040367
LOC111136918,-0.796538541035705
LOC111106423,0.9199137944677
LOC111129282,-0.632009979348006
LOC111117538,-0.135851018951826
LOC111107788,0.300482876546303
LOC111127212,0.729425137772381
LOC111121868,-0.543327559448913
LOC111116437,0.196307937335485
LOC111130756,-0.366629039540252
LOC111134843,-0.598528171313273
LOC111137496,-0.194697478580809
LOC111116709,-0.732245152773366
LOC111100468,0.246137193677243
LOC111124102,0.0784896120926918
LOC111127420,-0.144969367983157
LOC111111934,-0.342585842338632
LOC111128086,-1.51259529234735
LOC111101035,0.84262751969005
LOC111137706,1.21551046019473
LOC111121999,1.43047334650303
LOC111120753,0.234162989886106
LOC111123269,-0.367632793057242
LOC111131306,0.675047323862316
LOC111104922,0.382191518153454
LOC111117292,-0.613471796897486
LOC111131374,0.592658284265602
LOC111125009,0.035898436874012
LOC111135223,0.16501099549966
LOC111133903,-0.956714225087661
LOC111120890,-0.173594564592316
LOC111108587,-2.44683307532112
LOC111116005,0.0146616994661963
LOC111124829,0.507741708692142
LOC111114938,0.0981873515110514
LOC111123486,-0.175041141384753
LOC111129667,0.0829185604255197
LOC111111304,0.0258795419218838
LOC111119071,4.1257060748845
LOC111121055,0.92296227648938
LOC111111498,0.0473261995579414
LOC111128211,-0.239376281705889
LOC111115074,-2.52987876187273
LOC111120199,0.812631497467685
LOC111129379,1.16452216551878
LOC111116317,0.174462677981266
LOC111122118,-0.910503271362542
LOC111118151,-0.462581463131868
LOC111100600,-0.651559957217936
LOC111116844,-4.4373766582623
LOC111132419,-0.734970630083421
LOC111110565,-0.487659574723501
LOC111137685,1.05069911775224
LOC111138195,1.84704588509357
LOC111134504,2.05579430701863
LOC111103140,-0.349452872019015
LOC111123818,0.702993368581627
LOC111135842,-0.751687081402911
LOC111123911,0.113571561972132
LOC111115195,1.99379873512788
LOC111123867,-0.722711751207425
LOC111117769,-2.27782679915497
LOC111128062,0.917729180715809
LOC111116062,0.0248165463428934
LOC111108895,-0.172578018278583
LOC111113289,1.09047071212068
LOC111135701,3.10660580692956
LOC111108052,-0.196929108926279
LOC111134300,4.00950973129069
LOC111100575,2.25517680021541
LOC111101056,2.47516359922304
LOC111106329,-0.215475985286462
LOC111106702,-0.455625426730638
LOC111124915,-0.806670077780351
LOC111119277,-0.0163450197371919
LOC111130389,1.8034369913631
LOC111106878,0.384374138536567
LOC111119117,0.00832805044936588
LOC111102556,-1.19023621580947
LOC111138001,-9.20791566119569
LOC111132755,-0.0500133714227836
LOC111123953,-0.613144581238311
LOC111111499,-0.0343510134143096
LOC111125369,-0.00628489242986023
LOC111102993,-2.66847594262598
LOC111132885,0.225430478261455
LOC111129252,0.552773163457146
LOC111103844,0.483785145665405
LOC111133844,-0.255427054336601
LOC111132208,0.116066837474464
LOC111111130,1.29644477341769
LOC111109412,0.592995559229019
LOC111106214,-1.10155571130486
LOC111133190,2.70127794340046
LOC111106927,-0.961693154152396
LOC111134403,0.451950533637778
LOC111101543,0.199226923791914
LOC111119427,0.541174687863787
LOC111125584,-0.543424226852789
LOC111133863,1.29050874829577
LOC111133622,0.404616198502254
LOC111103128,0.332527596680418
LOC111099613,0.588723654821753
LOC111117909,0.747589136406798
LOC111115052,1.13455880646904
LOC111109902,-0.236647260362819
LOC111106065,0.140166093698423
LOC111120235,-0.104676363389274
LOC111134826,-3.29433989367192
LOC111137868,0.00520226097413954
LOC111119074,1.05796292029085
LOC111111832,0.548382514317966
LOC111109993,0.257323592100046
LOC111132982,-0.0149562448475977
LOC111129297,0.273496738424124
LOC111100237,-0.138783850099784
LOC111119719,-0.277296491263566
LOC111112176,0.106192390723564
LOC111124754,0.549859534722549
LOC111135847,0.93683039472655
LOC111126267,-0.508698566978661
LOC111135262,-0.0191443667276446
LOC111137020,0.405740641085734
LOC111099207,1.12359343292176
LOC111132107,-0.190708193249136
LOC111133396,0.842921021798469
LOC111118097,0.717283789088303
LOC111130053,0.000875333684774927
LOC111118187,0.0965914783428445
LOC111103273,0.697512827157529
LOC111132036,-1.53497151704701
LOC111108266,-1.36202877972854
LOC111112749,-1.35801409394457
LOC111134105,-1.89895200541724
LOC111130560,1.97121313133454
LOC111124263,-0.350234010470698
LOC111102774,-1.25499843590827
LOC111101008,-0.509587880092234
LOC111104057,0.233006404413614
LOC111118033,0.740650780013312
LOC111126994,-0.780448499835704
LOC111101554,0.478899425040039
LOC111134007,0.868825550563847
LOC111116805,-0.637270818065646
LOC111133838,3.95861544064216
LOC111100182,-0.676052361059976
LOC111136729,0.512540441424385
LOC111119741,-0.0612321518184025
LOC111129245,0.323476839998301
LOC111104003,0.100256508246626
LOC111119383,-0.253515411763547
LOC111117452,-0.183289660038253
LOC111126526,0.442657388549119
LOC111119003,0.282305530304784
LOC111136911,-0.657485392563732
LOC111133707,-2.31841218977361
LOC111130379,-3.87515263017758
LOC111130839,0.317568696440008
LOC111116039,-0.034395992893598
LOC111109475,0.0228251459005546
LOC111134052,0.444813253356141
LOC111138057,-0.165427004781015
LOC111122820,0.18391144299623
LOC111113199,1.20786891064429
LOC111124117,0.58348685937302
LOC111124116,-1.02868562915925
LOC111108657,0.852348077810284
LOC111102478,-1.02615582058163
LOC111119803,-0.592889764984224
LOC111123942,-0.920538232377671
LOC111130686,0.735115121950804
LOC111103007,-0.301131817320226
LOC111107009,0.579782125119406
LOC111113733,0.294171379289221
LOC111119642,-0.0440197870816009
LOC111119643,-0.204956978105702
LOC111134815,0.196236583518356
LOC111127492,0.64600695053501
LOC111101303,0.450402481583515
LOC111129836,0.875385301257071
LOC111111655,0.165202598073399
LOC111102858,0.0210625579516814
LOC111115282,0.0498029086457832
LOC111117812,0.0404828639596435
LOC111135892,-1.47655002852431
LOC111136922,1.30058272104112
LOC111133197,-0.0796890507101615
LOC111136312,-0.710671084746123
LOC111119556,0.173136078984323
LOC111125922,-1.57518728371407
LOC111118210,-0.101310752959143
LOC111121033,1.68451311380101
LOC111115531,-0.306153891333845
LOC111116915,-0.266055722313837
LOC111137302,0.125842743417311
LOC111106616,0.975296727750392
LOC111118953,1.70690771209563
LOC111100074,0.429638843111763
LOC111113355,-0.650372373657273
LOC111101121,2.15677088780753
LOC111123629,-0.860498065206949
LOC111134417,-0.158845452058874
LOC111109641,0.836875386501341
LOC111127925,-0.034378520102956
LOC111107014,1.30419203035232
LOC111100506,0.703232577338601
LOC111136252,-0.407431717937939
LOC111122773,-4.12258824863033
LOC111099793,-1.99680418665951
LOC111131740,0.777610597993665
LOC111108403,-0.965834667302654
LOC111119894,-1.1682684176792
LOC111122838,1.21949024156707
LOC111136321,0.317583764976411
LOC111131266,1.66350879905252
LOC111113831,0.0938790015854296
LOC111099676,-0.846447406329736
LOC111099149,0.324406543608622
LOC111130419,-0.0442263638141306
LOC111137120,-1.44966733691212
LOC111126566,0.824541511696254
LOC111100063,-0.615509476150454
LOC111130795,-0.081790823711342
LOC111135404,-0.000713310173802697
LOC111122031,0.164484324215
LOC111134363,0.962043806331115
LOC111127649,-7.39219842183931
LOC111128943,-1.22776088523861
LOC111134109,0.978583139045675
LOC111122298,0.972814872555465
LOC111135978,0.510821287651467
LOC111123084,-0.891080322571889
LOC111108325,-0.563363582043952
LOC111117626,-0.618097767068347
LOC111101239,0.632784975953764
LOC111137545,0.730820178819192
LOC111129983,0.89149178799924
LOC111122335,-0.296280153272632
LOC111138387,0.522852384396971
LOC111136045,0.576304233478165
LOC111134064,-0.380367661312742
LOC111111343,-0.0368146985541866
LOC111099197,-0.547175088368827
LOC111130347,4.89158324680895
LOC111115123,-0.0580548105699195
LOC111130295,0.00805605589476266
LOC111121307,-0.805727252689717
LOC111134847,0.22509449256307
LOC111114960,0.110229798220209
LOC111100670,1.17549739350849
LOC111133299,-0.657810118844935
LOC111105871,0.494189973389547
LOC111124190,-0.126916977248424
LOC111108127,-3.01914265616877
LOC111118303,-2.26356266030837
LOC111120262,0.196235080353176
LOC111125109,-0.311550784430841
LOC111104088,0.446253544455101
LOC111111705,0.76420626440937
LOC111136002,-0.621206521283482
LOC111114432,-0.822368209358261
LOC111120750,-0.213738573049742
LOC111102659,1.42067182576846
LOC111112011,-0.958802876793967
LOC111101731,-0.857782793921595
LOC111131418,0.345921259853947
LOC111102448,0.721233259635158
LOC111122193,-2.50304374684314
LOC111118743,0.559201010993642
LOC111103603,0.109512582952537
LOC111129996,-2.31087148219577
LOC111126911,0.0170456343358147
LOC111115763,-0.0289945795058888
LOC111105280,-2.37355183336524
LOC111130190,0.185716837233561
LOC111101489,-0.838973274735986
LOC111134060,0.151080897917395
LOC111117928,-0.440130690089764
LOC111105041,1.23341449597166
LOC111128327,-1.26486676078546
LOC111099646,0.266151551923953
LOC111130667,0.0662205232126419
LOC111130240,6.03808587789592
LOC111136171,0.211366279485935
LOC111135394,0.0505731620519786
LOC111117616,-0.204493429977053
LOC111134006,-1.15134390120319
LOC111123640,0.184596499480099
LOC111137661,-1.29298054986773
LOC111119681,0.879400313894007
LOC111130807,-0.0123084967363982
LOC111111556,2.75979186331371
LOC111135507,-0.567201591853242
LOC111130497,0.0598814688720351
LOC111132816,0.862344441429852
LOC111109303,0.187324152032084
LOC111129908,0.300305472540057
LOC111106621,0.633032621331889
LOC111135608,0.441078039512936
LOC111099929,-0.884210253354019
LOC111128730,1.95243093154684
LOC111106874,-0.342307980420829
LOC111101465,-0.398075791854008
LOC111137541,-1.49778472786359
LOC111100417,-3.08796958716576
LOC111108437,0.712956737379922
LOC111106170,-1.49876519751552
LOC111118768,0.295989896753043
LOC111103796,-0.0625368138055139
LOC111121348,0.208985639688504
LOC111130726,0.377677751062684
LOC111135108,0.528587204139449
LOC111131761,-0.700142967919524
LOC111131820,-0.158464411721563
LOC111135742,0.018200864424079
LOC111135726,-0.158009599245181
LOC111112610,-0.0371438116287903
LOC111117815,-0.398304869116067
LOC111124811,-0.0343618480336181
LOC111130644,0.124942352159622
LOC111130714,2.60946120228541
LOC111126041,-2.0051490343132
LOC111124910,-0.965152750951975
LOC111126825,-0.0360317097086221
LOC111123519,-0.253817675224197
LOC111133232,0.374377584777799
LOC111113374,-0.18917763504123
LOC111132865,0.0667359361421754
LOC111121857,0.428247184579519
LOC111120876,-1.7904713280735
LOC111138520,0.433586044708545
LOC111129123,0.00195129815348752
LOC111135063,-15.1203548796232
LOC111118985,-0.0186308811007291
LOC111119783,0.210989272581292
LOC111137783,0.745562300221724
LOC111128676,-0.283491133857841
LOC111120817,-4.81722720408313
LOC111108468,0.334032172810151
LOC111132230,-0.0970465943430814
LOC111130633,0.268761678561286
LOC111116114,0.137953169395547
LOC111127057,0.188758605209931
LOC111106921,0.166020562176127
LOC111107574,1.06874868927513
LOC111120165,0.383556215767399
LOC111129847,4.17344858823355
LOC111126142,0.896805691939072
LOC111122091,0.826620714579507
LOC111119568,1.6008212693341
LOC111138225,0.378672701277298
LOC111123247,0.249284873464622
LOC111106090,-0.911944819957854
LOC111101648,-0.324467848698669
LOC111124372,3.79303425522843
LOC111136893,-2.80125671670737
LOC111127253,-0.147119758062982
LOC111099174,-0.828556358368071
LOC111110903,0.416647246605863
LOC111131535,0.154285722438373
LOC111127976,0.677495677484496
LOC111133376,6.16825033023968
LOC111108296,0.867754955117379
LOC111104796,0.480982905521773
LOC111130615,0.619447842222225
LOC111135311,-5.26357992103985
LOC111134961,-0.0702941313782237
LOC111138050,-0.305578664291481
LOC111117068,-0.227790218464885
LOC111104981,0.222019461021084
LOC111128339,-0.502257861273217
LOC111100554,2.22504711728788
LOC111103868,1.53786524992867
LOC111118625,0.923122988395784
LOC111126075,-0.553315120832365
LOC111118029,0.142021332898043
LOC111117481,-0.0640250780167854
LOC111107005,-0.2972495631154
LOC111103632,-6.2018868279669
LOC111131626,1.20349006786684
LOC111108429,-0.348582186734364
LOC111120987,-0.190954233439348
LOC111101252,0.752902954829055
LOC111131053,-0.343589720996623
LOC111117189,-1.71802479606118
LOC111104414,-0.569712305217004
LOC111136077,-0.0357228108305001
LOC111108480,-0.828760538578311
LOC111134935,0.587098631410308
LOC111103548,-3.99043981718941
LOC111103618,0.650370304114892
LOC111118383,0.800932844035592
LOC111105745,3.09658622581085
LOC111128377,1.66273809447128
LOC111129548,-0.122600695536727
LOC111103967,0.245416327859797
LOC111118011,-0.435080617659123
LOC111135020,0.28978497497622
ND2,0.923220870324498
LOC111107542,0.0670866085681104
LOC111120430,-0.123860587447501
LOC111111701,-0.208240878227852
LOC111111222,-0.528242800814039
LOC111132562,-0.0588947960040015
LOC111126961,0.404258431114374
LOC111118503,-0.919281197431351
LOC111118254,-0.507453190528103
LOC111101157,-0.685945307664974
LOC111127178,2.48430426756583
LOC111130578,0.352714206872529
LOC111125229,-0.425191694615252
LOC111104153,0.0625143178950343
LOC111117972,-0.710086788094603
LOC111133290,-0.45983898124633
LOC111108163,-0.0678533856359638
LOC111114451,-0.849903320954732
LOC111134536,1.76199373194357
LOC111116933,0.0951479101827299
LOC111129415,-0.422193125009018
LOC111122010,4.98063561455798
LOC111121200,0.234169068872095
LOC111133973,-0.167345838741936
LOC111101833,-4.09661129105196
LOC111133512,-2.84251986503696
LOC111124107,0.828969318077942
LOC111099994,-0.120326998861367
LOC111114196,-0.306202316334083
LOC111123604,0.361573722620044
LOC111121808,-0.0151745578671549
LOC111121949,-2.81930293861299
LOC111110106,-0.667969733578756
LOC111133937,-0.272562839442813
LOC111114898,0.324319779495005
LOC111136033,0.885584463073754
LOC111118710,-0.554941187046722
LOC111110931,-0.356128775297117
LOC111125483,-1.21413662233034
LOC111112491,0.657530248355235
LOC111123325,0.898375016731027
LOC111112098,1.30029263994013
LOC111100641,0.993091683599744
LOC111132896,0.84780191471448
LOC111111571,-0.586254582575028
LOC111100416,-0.864759254443424
LOC111124508,-0.196360310103391
LOC111115426,0.328743968496857
LOC111126611,23.9583862164509
LOC111136221,-0.0557578269928256
LOC111126021,0.308156312726228
LOC111133778,0.650403211501584
LOC111106128,-0.2058084343836
LOC111107765,0.304645329001198
LOC111136250,0.972224189906973
LOC111104818,-0.371926238449686
LOC111111366,1.5948340487991
LOC111124090,-0.316341495430319
LOC111106440,0.47251445414545
LOC111121826,-0.888468108434685
LOC111136758,-0.982970056368805
LOC111132575,-0.309020163666617
LOC111104154,3.87204559677995
LOC111108474,-0.785965499317966
LOC111104595,-0.104994820814646
LOC111121877,0.0386371991066891
LOC111125504,0.223102203013694
LOC111137617,-0.769656530109028
LOC111134638,0.120890402066541
LOC111103175,0.0640027741446614
LOC111116861,-0.206545572087486
LOC111128325,-0.521582489009358
LOC111128153,0.482828654032287
LOC111107394,0.375392968840523
LOC111112948,1.02823306382826
LOC111135522,3.01839494419446
LOC111120310,0.678661935195906
LOC111129481,0.465198476072551
LOC111133739,-0.799471074369341
LOC111112187,0.277865782363932
LOC111124808,0.0629478669007414
LOC111132054,-0.995153421212624
LOC111129322,0.466133836360742
LOC111138263,-2.00080422774591
LOC111100803,-0.576544925071244
LOC111122706,0.120503629527732
LOC111120921,-0.238827068216731
LOC111128761,-0.223639712865561
LOC111129742,1.56176687471804
LOC111120930,0.134327364064141
LOC111104839,0.126316662643695
LOC111121094,-0.363096259617478
LOC111125468,-0.219597267182258
LOC111108354,0.629850430440485
LOC111106331,0.194111148881898
LOC111138493,2.45074335778191
LOC111116818,0.592816738117966
LOC111108022,0.938633459055997
LOC111111173,0.862615323224497
LOC111108643,0.844285195905207
LOC111099776,-0.942775724725235
LOC111105846,3.41017756881524
LOC111120458,-1.21382745583676
LOC111125256,-0.58896934873072
LOC111100639,-1.74203758504056
LOC111132413,0.513307356543551
LOC111123433,0.722538491648589
LOC111123986,0.959545560213895
LOC111137025,0.0995214024501874
LOC111126403,-4.60110057724359
LOC111119763,-0.0558086428085305
LOC111133848,0.732913773576716
LOC111122737,0.14105455518219
LOC111120978,0.90248839607953
LOC111135630,-5.50994242210764
LOC111117694,0.138473862856
LOC111113336,0.321110919170617
LOC111119387,0.0488440604441615
LOC111124591,-0.572838087612422
LOC111124848,-0.444926879951713
LOC111103959,-0.0561833150096918
LOC111107018,-0.515894976610014
LOC111135113,0.316014887622534
LOC111104480,-0.0267933621574272
LOC111138479,1.39229232991815
LOC111136686,-1.33667539616309
LOC111105762,-1.15155550190211
LOC111131813,0.214476353939735
LOC111125244,-0.901782930809926
LOC111129397,0.701630622965281
LOC111122886,0.353897975304477
LOC111100921,-1.88195815727156
LOC111102339,-0.460943646001281
LOC111126412,-0.314655611858281
LOC111108331,-0.28686499573379
LOC111106479,-0.876688537036582
LOC111125908,0.455327857362891
LOC111109036,1.39215220127137
LOC111112894,0.20454208281397
LOC111122046,0.138728927134328
LOC111132602,0.100331815778955
LOC111136931,-0.0702054849259396
LOC111122073,-0.206010803260931
LOC111110231,-0.0247650901428908
LOC111102000,0.0498120025545805
LOC111109390,-0.111507320517053
LOC111135517,-1.53823929871127
LOC111116829,-0.0263936535672849
LOC111113402,0.498029160383072
LOC111126717,0.127554494737457
LOC111122716,-0.320277146705707
LOC111110584,-0.0614719996376304
ND3,-0.600395209525981
LOC111120092,-0.360901374864715
LOC111110010,-0.403463173275356
LOC111133705,0.534850169251203
LOC111111845,-0.669498312002419
LOC111128129,1.07061830210165
LOC111137207,-0.176490791401774
LOC111133064,0.951295210488965
LOC111113898,0.711944076438845
LOC111101446,0.928752652936876
LOC111125498,-0.341607794633527
LOC111105460,-0.210933908841248
LOC111121486,-0.347714026090685
LOC111125153,0.0498243017571936
LOC111104805,-0.290952845227212
LOC111130721,-2.62112159552959
LOC111126724,1.42173232513923
LOC111127613,-0.091663848906639
LOC111106859,-2.06537084376755
LOC111099625,-0.180615967432165
LOC111122287,-0.874857104960074
LOC111127334,-0.130841327857717
LOC111117536,-0.693372146038543
LOC111127644,0.265486694404471
LOC111108548,-0.827535796268461
LOC111123265,2.38162713136061
LOC111123400,0.228355812627477
LOC111126364,-0.386200088844331
LOC111136150,0.188003204374508
LOC111104330,-0.488289384101005
LOC111123049,0.431987903312698
LOC111104421,-6.84130500259849
LOC111116218,-1.07512726710483
LOC111104277,0.871154728103952
LOC111130719,-0.878328655562043
LOC111137952,-1.35894499046522
LOC111127768,-0.501456877454248
LOC111119050,2.69350187417763
LOC111135859,1.68296493184812
LOC111129657,-0.561038056072494
LOC111134551,-1.48255879946198
LOC111118156,0.248153866542815
LOC111112671,-0.729192645920938
LOC111102392,-0.337641694170871
LOC111132495,0.387327091973282
LOC111100923,0.955980966142551
LOC111135038,-0.873733375591697
LOC111105387,0.570966032933779
LOC111131157,0.338364576066103
LOC111114557,0.140208656682626
LOC111124749,0.0457522438605112
LOC111125001,-0.231362561824234
LOC111125901,0.672162247141738
LOC111111106,-0.00665481155908005
LOC111106314,-2.49259401174685
LOC111111646,-1.20293193076568
LOC111123108,-1.19897183653545
LOC111130584,0.539012610825865
LOC111104444,-0.538395393468074
LOC111111671,0.330340008359802
LOC111126703,1.64448087033701
LOC111135216,-0.316283887000854
LOC111112688,0.137937267560773
LOC111101324,0.459089731023984
LOC111101079,-1.35376700794711
LOC111117458,0.17260270676205
LOC111135405,-1.72181548030443
LOC111134663,0.843157226050481
LOC111113030,0.31107751469284
LOC111103811,-0.0539562741264352
LOC111135453,0.599529685692724
LOC111119869,-1.48313165645067
LOC111116003,-0.034420476873088
LOC111105380,0.0611612200664731
LOC111110726,0.681849523439078
LOC111137182,-0.6190607117885
LOC111137132,0.161916351174926
LOC111137267,2.02420347657498
LOC111122178,0.660609514622998
LOC111138218,-0.433926326738109
LOC111123258,-0.150536332954353
LOC111122131,0.0666602561705933
LOC111121756,-0.217649985508117
LOC111134323,-0.250252213522428
LOC111136225,-1.21661300622759
LOC111125593,0.336696156839085
LOC111105551,-0.508879164797839
LOC111111027,-0.898005804522378
LOC111134857,0.537510134601061
LOC111135176,-0.358598512236562
LOC111104784,-1.24540655421582
LOC111101940,0.238576286805465
LOC111111706,0.196301094159356
LOC111127450,0.17022145130869
LOC111130341,0.0339121172285111
LOC111131025,0.261254309975928
LOC111105363,0.41238430866774
LOC111108951,-1.91127132055748
LOC111129880,-1.50703061817667
LOC111127798,-0.84706076509989
LOC111103015,0.558232476296536
LOC111133338,0.0735628129659556
LOC111131213,-2.64920680011669
LOC111128765,-0.252278828404602
LOC111135735,-0.840355759369128
LOC111111275,0.772822919590506
LOC111132228,-0.296590377204543
LOC111133819,-1.28123201630703
LOC111117350,0.339018657870105
LOC111136881,-0.108079671262668
LOC111112218,-0.068423164095363
LOC111102197,0.500986282507121
LOC111136535,-0.175489169489933
LOC111103304,-3.21790356491622
LOC111125166,-2.48067609032632
LOC111121676,-0.543943267313143
LOC111101703,-1.10103211324735
LOC111134528,0.37897003547375
LOC111111093,0.0354601849544509
LOC111111143,-0.16149666823872
LOC111119195,-0.88764575742292
LOC111108810,2.70329477735892
LOC111109934,-0.496862917933352
LOC111127320,-0.295412254309894
LOC111123414,-1.32404936527923
LOC111122535,5.70138433884932
LOC111126789,-0.527192532869606
LOC111116161,-0.635542597523558
LOC111118823,-3.27335428371387
LOC111114537,0.288194190145009
LOC111105253,0.431731394680532
LOC111100062,-0.721548469288517
LOC111110053,-0.315779096844125
LOC111133630,-0.206365107063392
LOC111125217,0.354749997857995
LOC111116745,-0.49849476079155
LOC111111290,0.418366174260316
LOC111118218,-0.236575818132756
LOC111122022,0.395920162960544
LOC111118354,0.386134771066709
LOC111110524,-1.39678596253743
LOC111104637,-0.0343716556528003
LOC111110194,-0.142812138366293
LOC111126588,-0.265249973040537
LOC111128152,2.61692303413138
LOC111125807,0.358100171448118
LOC111133155,0.279971849068428
LOC111135342,-0.0893398917473517
LOC111114029,-0.025093296995726
LOC111114802,7.07288763936378
LOC111101009,0.0507848484935434
LOC111129912,3.44935408602609
LOC111100502,-0.183674428822268
LOC111105633,-0.252318134744073
LOC111134341,-0.377220806001761
LOC111109786,0.64461189457448
LOC111101263,-0.103987474488802
LOC111135772,-0.0299362789261935
LOC111113422,0.0910404621220754
LOC111105816,1.93553922496243
LOC111125285,0.46732742849117
LOC111110777,-0.904412664265651
LOC111134511,-0.741410337205668
LOC111109289,1.79305486412682
LOC111131175,-0.409615800138019
LOC111131537,0.07019917421105
LOC111135872,-1.5388858801668
LOC111099156,0.75922612943326
LOC111113240,-0.0232498303180109
LOC111123968,0.418975801419838
LOC111136048,-0.650616600930794
LOC111101292,-0.600684392565443
LOC111111837,-0.355511983855708
LOC111119376,-0.557909203973411
LOC111113680,0.00745366593980008
LOC111104200,-0.324431737362654
LOC111126250,-0.458103600444244
LOC111133535,3.42433333554419
LOC111137466,-2.49458053466554
LOC111135921,0.313679674309104
LOC111108634,0.416279235767753
LOC111101262,-0.171125106514373
LOC111102477,-0.0895640881179233
LOC111117309,-5.16005853816791
LOC111136379,-0.106665047106916
LOC111117113,0.467298616623154
LOC111124356,-0.0343486848514824
LOC111128710,0.679139547252932
LOC111125429,-1.41875244340616
LOC111099173,0.294252477290667
LOC111104902,2.04798298087182
LOC111110824,-0.0650262777711781
LOC111134659,-1.50559593157102
LOC111127826,-0.569476082230272
LOC111107556,0.118897668589148
LOC111112039,-1.26629527388629
LOC111112036,-0.542696637560209
LOC111138176,0.624717643810035
LOC111135087,0.730501603653316
LOC111112015,-0.797652137808705
LOC111133256,-0.0313676153194238
LOC111120076,-1.06532679044242
LOC111133717,-0.674407973504526
LOC111110514,-0.133444761894035
LOC111117975,-0.265702671063551
LOC111136773,-0.493137712347665
LOC111123630,0.951255188920162
LOC111119375,0.587389831409262
LOC111104341,-0.007178224949757
LOC111103017,0.192772954890368
LOC111118401,-0.412222701274265
LOC111129860,-0.915845937297463
LOC111104967,0.573068150789231
LOC111123227,-0.219733352271868
LOC111101831,0.608668424417399
LOC111105350,0.0735917831030225
LOC111118943,-0.172954355726897
LOC111126524,-0.515616706018106
LOC111126644,-0.542038628023338
LOC111102113,1.26149741069853
LOC111116079,1.43281531458534
LOC111137567,0.891839716794327
LOC111132206,-0.629215899221754
LOC111106872,0.29975737964052
LOC111107850,-0.0458065218510142
LOC111113586,0.449785757916655
LOC111127397,1.26084870895957
LOC111111112,0.889806666263653
LOC111109832,0.420838537085471
LOC111102923,0.116491067748264
LOC111102864,-0.564029988222842
LOC111127037,1.88100025542662
LOC111099119,0.249398532338455
LOC111129089,0.21985584356145
LOC111133177,-0.296781322520988
LOC111099611,0.137740790236272
LOC111127339,1.85720796048004
LOC111137114,0.0544594891807198
LOC111108857,-2.23120700337883
LOC111136081,0.306608716489898
LOC111112879,1.27049759124819
LOC111132864,0.228980195326693
LOC111136051,-0.143142791523431
LOC111103511,-0.242221810384771
LOC111108220,-0.0804458575796033
LOC111122213,-0.138055516207475
LOC111130459,0.328756978932018
LOC111116050,-1.08257376916165
LOC111137370,-0.721229836840672
LOC111100517,0.711730749835995
LOC111138337,-1.4888770516023
LOC111104471,-0.0590213839137422
LOC111116607,0.375921189858885
LOC111132088,0.842701041962549
LOC111129268,0.848095581029366
LOC111129643,-4.83422563877548
LOC111101717,0.751034327106058
LOC111138085,0.0605355330039565
LOC111126827,0.0438580695253286
LOC111123448,0.769977295182838
LOC111133840,0.694764672208219
LOC111110946,2.44272207552594
LOC111130611,0.846015259185936
LOC111121709,-1.46992573314695
LOC111137339,0.195775492469065
LOC111100511,0.231006170359078
LOC111134474,0.218236199601721
LOC111131570,1.2146209818845
LOC111106392,-0.839597116896289
LOC111108968,-0.406858217129258
LOC111137980,1.12733883750849
LOC111132241,1.16130933263762
LOC111133025,0.247782461200592
LOC111134444,-2.95802293214018
LOC111134193,-0.175568195681492
LOC111129287,0.198765538378073
LOC111130898,-0.540819481274467
LOC111121646,0.838824827428987
LOC111126859,-0.246073560782591
LOC111102683,-4.04343650218251
LOC111119652,1.92088027027206
LOC111132434,-0.394632041814251
LOC111114699,-0.0627728947343389
LOC111108840,0.301426079482584
LOC111099799,-1.34647504612786
LOC111099643,0.855361735167116
LOC111136938,-0.142530699736015
LOC111108187,2.30870614838857
LOC111124121,0.735997327974647
LOC111137600,-0.276813463118376
LOC111123440,1.40196522173692
LOC111110659,-0.246714577285741
LOC111132857,-0.469958413597129
LOC111135236,-0.325344809048039
LOC111136976,0.00665966559275195
LOC111127903,0.0642813676363127
LOC111127086,-0.400856849540684
LOC111137634,-0.317943901750003
LOC111121316,-0.384718490277782
LOC111101326,0.505259849481725
LOC111125518,0.160434262202412
LOC111130728,-0.0547514783172293
LOC111126440,-3.52085019154135
LOC111119622,-0.331788804025351
LOC111102791,0.113587746429749
LOC111126343,-0.440761153532913
LOC111130883,0.0612485391484989
LOC111099188,2.39385057298583
LOC111121297,0.557812428011997
LOC111117807,0.452262037411183
LOC111123129,0.787372773930731
LOC111102399,0.826972493497783
LOC111108785,0.712960207182509
LOC111110005,-0.748258385804052
LOC111127897,1.52002626171723
LOC111107868,0.191954707154831
LOC111126894,-0.222600010194821
LOC111101087,0.187942441923927
LOC111105392,-0.503158860247468
LOC111124574,0.385146255950465
LOC111118078,0.586046589194173
LOC111138134,-0.289752208331368
LOC111137010,-0.429406462958287
LOC111122987,-0.554459029063793
LOC111115611,-1.66104568699456
LOC111135117,2.56738198764816
LOC111122145,-0.266241041159805
LOC111114240,0.427790931426687
LOC111119608,-0.120523933908149
LOC111134252,-0.331033377394392
LOC111129943,4.24283464292463
LOC111100366,0.412734810909271
LOC111108095,0.299827110578361
LOC111109782,0.175231654137663
LOC111106281,-0.665727100666789
LOC111118938,-0.871022779028414
LOC111124725,-0.285703441790985
LOC111123220,-1.64341508433427
LOC111108413,-1.7327946861212
LOC111108614,0.269804003936868
LOC111132072,-0.763453656412593
LOC111114542,-1.12089049137991
LOC111135338,0.10850276845649
LOC111135589,-0.119463389175512
LOC111108691,-0.131385566343838
LOC111136316,0.0617070107706619
LOC111116834,-1.28815256278608
LOC111134903,0.365366467757784
LOC111100111,3.5524222175137
LOC111118962,0.320757036058184
LOC111135675,0.0732740928447117
LOC111128133,0.335721814210805
LOC111115398,0.11112776457531
LOC111101254,0.508126993505663
LOC111118501,0.211439944168393
LOC111136849,2.13978432578524
LOC111125436,0.806327304768776
LOC111103480,-0.158137850924367
LOC111137160,-0.791923441164812
LOC111135585,0.802478468234874
LOC111101007,0.556205036547471
LOC111124407,1.40791693916065
LOC111123674,-0.42321343161397
LOC111102690,0.663358641987448
LOC111100632,-1.14070849941427
LOC111137797,-0.15036029411061
LOC111100260,-0.440762071827328
LOC111103667,0.318980896622095
LOC111125208,0.327207646692006
LOC111137557,-0.288097421937436
LOC111102839,-0.570742057405065
LOC111106032,-0.301319339510471
LOC111136340,-0.953761924923403
LOC111133871,2.57341530733809
LOC111118940,-0.0480239025847977
LOC111101231,-0.44708982281443
LOC111128087,-1.28591763324832
LOC111114836,-0.0849814170484049
LOC111107854,-0.269383840378433
LOC111099065,2.41716339263026
LOC111110413,0.115334990890657
LOC111106498,0.96293100014414
LOC111122254,0.134893710215762
LOC111101454,-0.306768415707914
LOC111119104,-0.369801826513005
LOC111100198,0.375504032499373
LOC111127580,0.0704166431210244
LOC111110043,2.56385064664216
LOC111126154,-0.978051959852881
LOC111131028,-2.10395242478009
LOC111121730,-2.2476622547694
LOC111131870,-8.69924461696255
LOC111101801,0.227732689330611
LOC111111822,0.273807968206368
LOC111104240,-0.521267246881733
LOC111104053,-0.241758544541248
LOC111103032,0.706141046730163
LOC111110672,-0.169999761901335
LOC111138305,-0.27534199396406
LOC111135511,-0.436352060084998
LOC111124327,5.67781556737066
LOC111123687,-0.0638180507127461
LOC111112439,0.0160454573688209
LOC111109467,-0.787818013215318
LOC111105092,-0.16919843383655
LOC111128213,0.238603300163857
LOC111103947,2.63187950584006
LOC111135048,1.31902207214759
LOC111099120,-0.450781071308654
LOC111125718,-0.435033388854852
LOC111118546,-0.474172068311047
LOC111135217,0.375157839057828
LOC111105842,-36.3278055914879
LOC111134616,-0.388784939902092
LOC111130469,1.80109109961365
LOC111132935,1.21894163056066
LOC111135580,0.119314525549331
LOC111110446,-0.728545271692431
LOC111131667,-0.27673255233224
LOC111126667,0.825460768593067
LOC111129417,-0.968133513143661
LOC111132666,-0.650575267809854
LOC111111726,-1.04630758399992
LOC111111970,-0.46450921325653
LOC111134597,0.0982865215406865
LOC111127812,0.222511071093389
LOC111110192,1.06752133272527
LOC111114688,0.277346409809367
LOC111100913,-0.221455038958182
LOC111118488,0.262023054104361
LOC111099416,0.126138946492898
LOC111100768,3.85924097762337
LOC111103948,-0.511970562845117
LOC111123549,-0.0343588939595255
LOC111132394,-0.339712511330411
LOC111136975,-0.170743963119054
LOC111113228,0.500583071355406
LOC111137292,0.042854187413147
LOC111119883,0.635841725971533
LOC111101233,5.24676741402576
LOC111121043,0.248460445330538
LOC111130176,0.0218329458415466
LOC111108655,0.498621453354839
LOC111136400,0.165989216975086
LOC111111051,1.03602445427288
LOC111126496,-0.423266838160788
LOC111114323,-0.604263614614015
LOC111110712,0.105814215798286
LOC111106097,0.0115266231055972
LOC111117544,0.601620094323246
LOC111103271,-0.408899817491301
LOC111128749,-0.170057031388091
LOC111101189,0.273568950364276
LOC111128450,-9.74554504964794
LOC111108179,-0.180846382011528
LOC111135164,0.298202546720013
LOC111101063,2.61178970322917
LOC111138370,0.968678715439707
LOC111119658,0.0753497696334124
LOC111111648,0.698864802788608
LOC111119717,0.266393053127871
LOC111112682,-0.782958844697881
LOC111136461,0.422426011024024
LOC111133459,1.0335346498576
LOC111136264,-2.69527472154864
LOC111120278,2.54201064498272
LOC111106303,-0.0344297585022314
LOC111104694,1.41353196012907
LOC111103953,-0.309081985984191
LOC111129137,1.23511542005722
LOC111100316,0.0872834494347549
LOC111111681,-0.404213297414627
LOC111101250,-0.063384293440176
LOC111129907,-2.79975923077036
LOC111117109,0.132679175101719
LOC111128511,-1.51821545004949
LOC111138117,-0.323756277798318
LOC111106627,-0.105137710087888
LOC111131115,1.25074137074874
LOC111129990,-0.146354417179169
LOC111138496,0.316150571458545
LOC111130266,-0.870781893022043
LOC111137960,1.15893217833761
LOC111137173,0.417892164803142
LOC111118678,-0.558906728668978
LOC111113149,0.00735184662292259
LOC111127607,1.43098389831896
LOC111109544,0.830395452583436
LOC111117293,0.980498638807292
LOC111137813,0.0498001703059718
LOC111103907,0.183138713773663
LOC111108779,0.114491447137195
LOC111116764,-0.276999485699817
LOC111123416,-0.960385966899824
LOC111111440,0.239014601919087
LOC111129809,-0.490118471440019
LOC111101403,-0.461880028307965
LOC111125360,0.183191054247271
LOC111099902,-0.892890975864068
LOC111114476,0.1795980378883
LOC111134695,0.319971668110909
LOC111112214,0.134421964662977
LOC111112452,0.563535692577075
LOC111132551,-0.0344083638965567
LOC111115947,0.992147835766311
LOC111135138,0.251461012451782
LOC111105564,0.448067326102035
LOC111115366,0.330020236445288
LOC111121836,-0.0626302343655019
LOC111101281,-0.876733646801617
LOC111108855,1.90431988001633
LOC111125983,-0.456086896823166
LOC111115523,-1.24441814224797
LOC111118256,-1.63178485049132
LOC111137701,-0.0671361093395666
LOC111134187,-0.748279099573977
LOC111123185,0.546242744394054
LOC111137792,-0.185348677550102
LOC111130265,-1.05636836649159
LOC111134767,-1.21396507770332
LOC111115930,-0.707816932515656
LOC111120707,0.387416729933254
LOC111107682,0.0495428391406677
LOC111119745,-6.35871523001602
LOC111110397,0.606591488965412
LOC111134846,-1.21460108893163
LOC111128690,0.160857428610855
LOC111116948,-0.849049499026744
LOC111120957,1.56858863737128
LOC111125226,-0.341149529889561
LOC111103858,-0.306367770872254
LOC111123070,-0.350948099108512
LOC111101488,1.84668544488958
LOC111118291,0.426164267770552
LOC111119825,0.914650047900218
LOC111126727,-1.23416059842554
LOC111099159,-0.647263537330322
LOC111125304,0.381259264597456
LOC111100091,-0.0344085700157935
LOC111134692,1.08963659588212
LOC111112612,-0.314295527104059
LOC111103401,0.00599986602067202
LOC111109118,-0.99391016088198
LOC111112488,0.675716490089541
LOC111135882,-2.29127082504772
LOC111118216,-0.000376415479126284
LOC111100414,-1.10377797131004
LOC111117330,0.579115202198531
LOC111109434,0.0416773697154002
LOC111119386,-0.55864126353769
LOC111118259,-0.503366949030864
LOC111136440,1.1689407412466
LOC111138003,-0.217386760891032
LOC111112563,-0.688803398196086
LOC111132118,-1.02729919738328
LOC111121449,-0.90555990462554
LOC111136110,-0.392254804412732
LOC111132145,-1.14444636228207
LOC111104065,0.00661501912318662
LOC111116265,0.0817814166033353
LOC111133892,-0.953095413018903
LOC111099748,0.988460973581014
LOC111128460,-0.349444180541323
LOC111128489,0.262178896222605
LOC111124896,1.04150817562623
LOC111111699,0.382706586288839
LOC111114550,-0.896575964675078
LOC111128871,0.744193047036628
LOC111120764,-1.79750403443916
LOC111106425,1.11218174652069
LOC111111448,0.693705768537219
LOC111136690,-1.74284299140363
LOC111133489,-0.0164989123705489
LOC111122965,-1.9587627093374
LOC111137598,0.230310069242163
LOC111102015,0.22045269949845
LOC111101885,-0.373847030239411
LOC111121619,-0.82167234737213
LOC111118370,0.00287439905432147
LOC111117030,0.218310902907589
LOC111106380,0.892509863760469
LOC111136620,0.0556802266020907
LOC111100038,-2.36671245004383
LOC111116908,6.07497404404612
LOC111104487,-0.0335474663697108
LOC111121379,0.567331083408175
LOC111128567,-0.218100324624493
LOC111113304,0.0904729473030739
LOC111120779,0.167806287814171
LOC111126067,0.356930947150849
LOC111115468,0.925157191527413
LOC111131278,0.897384538739897
LOC111124359,-0.997524889064184
LOC111134360,1.46587670918066
LOC111129844,-2.21199911205227
LOC111104504,-1.30761859000605
LOC111113994,0.579693688161003
LOC111137253,2.21071685012844
LOC111138162,0.87540895508144
LOC111110329,-0.171890822055863
LOC111132707,0.211448829386042
LOC111135663,2.03401178198837
LOC111117101,-3.13883495672724
LOC111131521,0.698894859394174
LOC111106490,0.332252597900168
LOC111114753,-0.556276981681484
LOC111109847,-0.118890851625236
LOC111137837,-0.33933893908137
LOC111127577,0.588272387633114
LOC111133601,0.261651858265961
LOC111126815,1.84924573749814
LOC111135099,0.548520380890862
LOC111137202,-0.842987764755029
LOC111124597,0.505925310803118
LOC111103027,-0.687667485132567
LOC111103176,-0.173224656627404
LOC111137825,-0.153044395299205
LOC111120676,1.07537723219049
LOC111103390,0.798736605720855
LOC111115178,-0.884279283370335
LOC111129992,-0.90158663476216
LOC111108992,-0.182653932179467
LOC111127869,-2.33202483772779
LOC111103921,-0.0732318067692671
LOC111105969,0.203418607225889
LOC111131693,0.106093911705514
LOC111129944,-1.14496367993597
LOC111099666,0.597215987298415
LOC111125218,1.12965529722212
LOC111118519,-0.0206928414457049
LOC111133556,1.82322019021031
LOC111125880,0.0976552359419693
LOC111128986,-4.91407061169403
LOC111111326,0.354612760263723
LOC111135861,-3.92494409023803
LOC111109495,0.260442284371384
LOC111126761,0.121091794925587
LOC111125274,-1.09255525696761
LOC111115579,-10.6235641411527
LOC111110088,-0.684946817908132
LOC111118498,-1.96561659028077
LOC111101279,-1.28300087384335
LOC111134914,-0.0343513589437574
LOC111110735,0.0533839924393962
LOC111118091,-1.03475025607115
LOC111128825,0.0504497599907912
LOC111121479,-0.029058292170533
LOC111135874,-0.00174112356695058
LOC111118968,-0.115507858564767
LOC111124769,1.01585652742761
LOC111122062,0.408212646760233
LOC111105230,1.38577846208995
LOC111116871,-0.360139264497606
LOC111132895,1.01533607976926
LOC111114794,0.0808903034986689
LOC111135351,0.792332110742349
LOC111127020,-1.10328633416423
LOC111126958,0.568826192480875
LOC111114989,0.675178698606749
LOC111135909,0.45646262604082
LOC111101954,0.298701597589339
LOC111111516,-0.0260868950800843
LOC111117487,-0.306194208258691
LOC111114326,-0.363661650483229
LOC111113073,0.0172835394168629
LOC111107910,3.97562625724822
LOC111134734,0.868274390022076
LOC111137495,-0.496564846321135
LOC111120983,0.396382647626149
LOC111130610,1.33448317791408
LOC111104503,0.301854549036911
LOC111109551,-0.469855326977313
LOC111110372,-0.391577747777347
LOC111118626,-0.495839057657717
LOC111135435,1.12487491212789
LOC111100413,1.52165404425076
LOC111118964,0.260797318955893
LOC111102391,-0.324351091434789
LOC111111455,-0.671428622896854
LOC111126786,0.25549892744583
LOC111099892,-0.0650604664434484
LOC111133426,0.36411020804986
LOC111134273,-0.311263793987334
LOC111120885,-0.764267238107762
LOC111115572,-0.232877240888742
LOC111115723,-0.639009126348453
LOC111135128,1.3138112854741
LOC111101054,1.99456804026547
LOC111133082,-0.262437369346068
LOC111107594,-0.233042332955559
LOC111124874,-1.21254104318639
LOC111116176,1.32382552367262
LOC111135291,0.814352429916603
LOC111130016,-0.810596980003147
LOC111122233,-0.738105168786414
LOC111125791,-0.397347352309466
LOC111107052,-0.21543299348158
LOC111103234,0.213414678583976
LOC111101805,-0.622589284343514
LOC111116344,0.163558405696094
LOC111130540,0.520322578658329
LOC111127280,-0.651229568497465
LOC111103174,0.869399547534943
LOC111112317,-0.335521590992579
LOC111128342,-0.391509101698933
LOC111129906,-0.227305005795231
LOC111131089,-0.267678504123122
LOC111123992,0.331434601332807
LOC111129923,-0.496877361794126
LOC111125316,0.338076594351175
LOC111114698,-0.24522875449448
LOC111129904,0.148879436239402
LOC111123799,1.07637573920593
LOC111118211,1.64057976115189
LOC111126484,-1.77021604447358
LOC111110966,0.744565047051725
LOC111105701,-0.018467412818895
LOC111112561,-1.36947172878193
LOC111117368,1.58688870239757
LOC111137470,0.430686947667806
LOC111105944,1.08702335925781
LOC111099172,-1.87524340434919
LOC111113169,-0.916988284113627
LOC111121722,0.26672300984496
LOC111132388,4.08179371349877
LOC111132874,-0.396879156206185
LOC111136114,-3.04157696913015
LOC111099670,0.00579391008543225
LOC111127446,0.0837459086626599
LOC111104593,-0.908417108179075
LOC111108172,0.766214641330553
LOC111135433,-13.430337975366
LOC111119001,-1.50214109789108
LOC111132081,-0.899757571802761
LOC111110668,0.478096585261639
LOC111120361,-0.190734177748193
LOC111135185,0.075476539513464
LOC111113327,0.496442525021019
LOC111134104,0.653854406597139
LOC111131043,-0.00997929000972226
LOC111107335,0.176430390638456
LOC111106358,0.904251118888537
LOC111104497,0.791304057547467
LOC111113536,0.646966205221428
LOC111138171,0.647657546122837
LOC111119436,0.0307667987279842
LOC111125839,0.270703168663411
LOC111129009,-0.300258527808879
LOC111137168,0.27896527582501
LOC111133868,1.05749755957078
LOC111102124,-0.963404723322732
LOC111112720,-0.14032482001984
LOC111138311,-0.357681731395898
LOC111104841,-0.0278396126980744
LOC111132937,-2.21423848658854
LOC111125973,3.09265641795109
LOC111109814,0.553276197061909
LOC111107406,-0.436451768294698
LOC111120311,-0.278777651263327
LOC111099669,-0.341226183745029
LOC111133212,-0.822654403621058
LOC111126006,-1.76671332475955
LOC111130846,0.791613115786967
LOC111121011,0.18351353295842
LOC111133185,1.36127727103347
LOC111112761,-0.170262543391237
LOC111113568,0.545336627343691
LOC111133300,-0.00278580127953214
LOC111136878,0.000475507316659942
LOC111116432,0.380232140696757
LOC111121950,0.539635146144475
LOC111112094,-0.31950554288778
LOC111131065,0.548099252673246
LOC111112501,0.0394643536542117
LOC111110736,-0.0343335701263078
LOC111111316,-0.00561334511159087
LOC111126808,0.714068822125174
LOC111135424,0.49842860893144
LOC111112303,0.377886869928202
LOC111099934,0.586675853319747
LOC111124730,-0.0276005963337881
LOC111102050,-0.0962301236792144
LOC111107848,-0.658995087519984
LOC111128039,0.956689154077677
LOC111102338,-0.495931281378112
LOC111099782,-0.93372610664739
LOC111104518,-0.215115427222294
LOC111108790,-0.0766917514846063
LOC111136868,5.1939651717485
LOC111137997,0.455763586763108
LOC111119471,0.387020122943315
LOC111123540,-1.22663797473649
LOC111126517,1.13381576951004
LOC111133329,-0.000188588103641618
LOC111123702,-0.922937047017165
LOC111123246,-0.288421105207988
LOC111126202,0.739971954776869
LOC111123355,0.79209060236297
LOC111133608,-0.310713825218104
LOC111133381,1.27340318978806
LOC111100224,1.9604070333537
LOC111123999,0.116034619852886
LOC111128104,-0.522734554374097
LOC111109939,-0.0167613904583695
LOC111124968,0.448033407049761
LOC111125276,-0.276907713708785
LOC111130534,0.239859795625915
LOC111114783,-0.871565413571126
LOC111133335,-0.939429559893869
LOC111116033,0.146971093826283
LOC111100595,-1.44131636217337
LOC111099747,-0.0768487316816392
LOC111132762,-0.513683552329696
LOC111110814,0.00245874731515034
LOC111126172,1.09377558527293
LOC111130514,-0.477155721661321
LOC111100893,-1.11946683019669
LOC111126174,-0.578167091556727
LOC111125516,-0.222174498902189
LOC111118833,0.638212758334976
LOC111108490,0.894796582530651
LOC111122299,1.69409744876548
LOC111118812,0.235450053807278
LOC111132272,1.65467853001282
LOC111121467,0.902741342794431
LOC111120641,-0.531545371770032
LOC111137525,0.122441305878826
LOC111117711,-1.34610575220887
LOC111136438,-0.100292799895302
LOC111106155,0.551839767402304
LOC111131591,0.83721833143489
LOC111107780,-0.458398249907755
LOC111118909,0.523678577460942
LOC111100442,-0.177613333900742
LOC111109598,-1.66516767397855
LOC111119506,-0.00138119509429694
LOC111123319,-2.31061798900757
LOC111122002,0.140242550153605
LOC111131033,-0.0711136763263407
LOC111109655,-0.572086540909139
LOC111136224,-3.71753047973207
LOC111122220,-0.112135626292017
LOC111119041,-2.99896082024694
LOC111104348,0.577459618309145
LOC111103197,0.284145202122476
LOC111123056,-0.156998959916958
LOC111135902,-0.38838199758425
LOC111132638,0.220266815207358
LOC111109659,-5.07630533167772
LOC111100456,0.416382889111652
LOC111117892,-0.309067269897444
LOC111115377,-0.363652775869285
LOC111099626,0.026670713055053
LOC111136124,0.448077369782879
LOC111137055,0.0380505313059006
LOC111131091,-0.84517043277377
LOC111116215,-2.26095643048524
LOC111115598,-3.63650966591337
LOC111123814,-0.759803383654912
LOC111105233,0.200786324770886
LOC111111652,-1.5213022697158
LOC111128657,-0.353967136653998
LOC111114247,0.223688311725167
LOC111109602,-0.648463871575408
LOC111112740,1.89657457435925
LOC111119861,0.587216881070454
LOC111102806,0.859329227775636
LOC111119623,-0.158098099733483
LOC111134514,0.670537020039871
LOC111138100,-0.057006433221551
LOC111126275,0.421747735346004
LOC111104951,-0.149115561995438
LOC111134676,-4.05220880040935
LOC111111590,-0.145962005403253
LOC111115110,0.138243611449921
LOC111130339,-0.09868507826188
LOC111099850,-0.632665274590134
LOC111120532,0.101900874836149
LOC111109424,-0.0861502956360545
LOC111125580,1.01979031433345
LOC111100475,-0.278879279772864
LOC111126735,4.78965115836213
LOC111125994,0.94234843856671
LOC111121691,0.0624886037164199
LOC111127027,0.678725413733857
LOC111110470,-0.599244374593386
LOC111137995,-0.0934690847990818
LOC111107233,1.80920674697941
LOC111135157,-0.0915055229187176
LOC111125335,-1.67237035404312
LOC111116100,-0.762573066177444
LOC111110244,0.760758778849412
LOC111116311,0.212433704096046
LOC111123954,-5.69325760425777
LOC111107273,0.51116668257476
LOC111138135,-0.0343829694790923
LOC111121689,0.792719366411906
LOC111137315,-1.0878565424552
LOC111123441,0.0938981880823713
LOC111118932,1.28222930285126
LOC111116078,-0.390548064292994
LOC111128967,0.45115706130521
LOC111138243,-0.0267092278335216
LOC111110943,1.50791936093726
LOC111108412,0.0525596387441138
LOC111120802,0.914222812682196
LOC111123439,-0.559663369538175
LOC111133510,0.987258890164825
LOC111131517,-0.309082143972454
LOC111121400,-0.1476439422134
LOC111127488,0.0999070433766447
LOC111119366,-0.205471951514892
LOC111118560,0.15759822027005
LOC111111620,0.16611431054489
LOC111116499,0.00899311166847229
LOC111124286,0.494135589660236
LOC111120605,0.251148256244303
LOC111127548,-0.0991777372092234
LOC111121816,1.57653142237798
LOC111130934,0.561689284759927
LOC111114752,-0.0344019046701267
LOC111107173,-3.10208952669637
LOC111122120,4.14676401742064
LOC111136082,0.319291239207437
LOC111124577,3.16133847025336
LOC111111487,-1.52561212342304
LOC111111991,-0.214641206343477
LOC111135172,0.547226917522276
LOC111135187,0.349959425737676
LOC111130063,0.323489344518315
LOC111110794,0.161299882031494
LOC111119864,-1.48216059136078
LOC111135375,-0.225320081420368
LOC111121290,-0.953460207828409
LOC111110307,-0.876648541614851
LOC111127122,-3.6483087465934
LOC111128923,0.306455289119871
LOC111134596,1.98613854918013
LOC111132806,-0.856652252596911
LOC111106270,-4.08217673447548
LOC111137295,-0.375663003526765
LOC111110098,0.452894987753334
LOC111123649,-0.485599799376276
LOC111111707,2.23166113906795
LOC111131571,0.282040799364113
LOC111125370,0.481182079442229
LOC111108628,0.0498184276845618
LOC111108334,0.262413850582816
LOC111125377,-2.90224744299217
LOC111112787,-0.679994166645825
LOC111128591,-0.932647285140244
LOC111135310,-0.0106860722642132
LOC111132138,0.149656881955684
LOC111123847,0.456033221869824
LOC111102954,2.64060703432556
LOC111133137,-0.136652083483544
LOC111109478,-1.06366782197872
LOC111130441,0.94897168114263
LOC111135846,-0.378487383642868
LOC111124437,-0.720311425402114
LOC111108345,-0.728592164361757
LOC111132730,14.5728886773507
LOC111099889,-0.229931730538033
LOC111104847,0.148951696634025
LOC111124709,-0.426328347050314
LOC111137095,0.322123099104103
LOC111138233,-0.238181541852284
LOC111135365,-0.284689556229226
LOC111123675,1.01827109340452
LOC111136999,8.47126827134664
LOC111118274,1.04579820082938
LOC111119743,0.25130126049814
LOC111130235,-2.42540983138207
LOC111124707,0.666965134300502
LOC111119752,1.45226904789347
LOC111136823,1.13984519390049
LOC111118954,0.389466660996043
LOC111111536,-0.0432484041319811
LOC111111704,3.00066423909372
LOC111111647,0.44270433538429
LOC111137684,-0.564426159332929
LOC111103891,0.323614680252058
LOC111123011,0.958443308609099
LOC111114483,-1.88393006400016
LOC111120473,-2.9803749136646
LOC111106716,0.254979101633406
LOC111120712,1.66395766169951
LOC111117479,-0.487674932421754
LOC111107110,0.312962464471901
LOC111125152,0.121337347835507
LOC111100195,1.59651411367403
LOC111131141,-0.0608080670912618
LOC111113387,-0.352821669258924
LOC111137871,0.140227742867167
LOC111119076,-0.204620169963491
LOC111134059,-0.412494572026166
LOC111137686,-0.305103670200773
LOC111126822,-2.01901953678229
LOC111106343,-0.0564419387516521
LOC111100351,0.14186545434958
LOC111132644,0.575927352422756
LOC111118798,-0.817611454266133
LOC111114555,0.711639965718014
LOC111129711,-1.0709710848122
LOC111125481,-6.94950384810147
LOC111118978,0.301591810597886
LOC111136232,0.964394498063236
LOC111136098,0.958290034329542
LOC111132541,4.17817600110302
LOC111132196,3.05145288483699
LOC111118472,0.485243270716476
LOC111134145,0.0315271437055962
LOC111110168,0.166391258229626
LOC111134259,3.39977292932946
LOC111107973,0.277169622617407
LOC111124976,-0.978936688300871
LOC111127391,-0.372953412460153
LOC111129380,0.635698896068098
LOC111137827,0.770428912822549
LOC111121981,-0.529076718474384
LOC111124584,0.801075772540332
LOC111119499,0.35251208279215
LOC111129974,0.140234223108177
LOC111101517,-0.927566871158126
LOC111109611,0.0856883996571933
LOC111137887,0.576322426369718
LOC111108911,1.17081567748479
LOC111134741,-0.816854401538622
LOC111121682,0.455578947996538
LOC111126436,-1.73228600347015
LOC111100978,-0.728122086352039
LOC111123801,-0.448804591925135
LOC111110431,-0.10365679674358
LOC111130453,-1.73836759695483
LOC111109251,0.354203735970615
LOC111129627,-0.048002756325049
LOC111134318,0.0410976566803003
LOC111121110,-0.136932928957973
LOC111109966,0.271885331102934
LOC111110320,-0.0343625383033969
LOC111114435,-0.7226636792809
LOC111128927,0.810269601383765
LOC111120548,1.19641178343364
LOC111108257,0.229589580592719
LOC111102079,-0.829437620721145
LOC111131178,3.26546126849242
LOC111123228,-1.54620728347639
LOC111124595,-0.0483665905295826
LOC111130710,0.275386917247413
LOC111133508,0.86096177439511
LOC111126195,0.246343635714424
LOC111137811,2.7117835081103
LOC111106055,-0.00583696860583476
LOC111116842,-0.479788407608645
LOC111131187,0.064346050672502
LOC111103402,0.134336002823856
LOC111138507,0.28180914564661
LOC111105704,0.524258626408595
LOC111105382,-0.574884819117149
LOC111113076,0.198260586777811
LOC111104054,-2.39548097218878
LOC111116590,-0.17007308992443
LOC111133371,-1.07982850655528
LOC111138517,-2.95424034293294
LOC111121501,1.43528461235466
LOC111121605,-2.56100709822061
LOC111111500,-0.0130973643080294
LOC111118135,-0.0343798137095133
LOC111113450,-0.428258845519889
LOC111128709,-1.98649403775051
LOC111130089,-0.237915419447232
LOC111130088,0.772069988212993
LOC111126788,-1.68114181600067
LOC111117162,-0.422882659234221
LOC111136024,-0.436422605455768
LOC111138098,-0.170055224583281
LOC111126513,-1.18280347841932
LOC111136142,0.0479535798942747
LOC111102469,0.300850038628116
LOC111119311,-1.56993666481582
LOC111136873,0.280001854610198
LOC111118158,-0.885379089571643
LOC111118497,0.507120618892638
LOC111118647,0.344820850097806
LOC111117699,-0.941455893220677
LOC111129161,1.82360809673304
LOC111109994,-0.533196891022259
LOC111134065,-1.46616751119473
LOC111117485,0.614909939845279
LOC111126775,0.296675850760821
LOC111099857,-0.100201086362068
LOC111120977,-0.771716125937667
LOC111110296,-2.74125386685666
LOC111121845,0.926684031392613
LOC111100652,-1.711354751202
LOC111134114,-1.31346106827406
LOC111111527,0.867621118241621
LOC111124475,0.479639667426609
LOC111114589,0.753576064997407
LOC111099868,-0.357711567939259
LOC111119312,-0.455785785754958
LOC111104802,0.103807747961058
LOC111130977,-0.0300131086100576
LOC111104857,-0.0454695367736856
LOC111107468,1.4324554441692
LOC111107067,1.10831603178067
LOC111103484,-1.68424887560289
LOC111108488,0.179688948429316
LOC111122381,-0.093200177161321
LOC111135040,-0.146679925676565
LOC111107921,0.113099725866124
LOC111130039,-1.54275506024899
LOC111137511,-0.308674724749036
LOC111126458,-1.08276838378278
LOC111135090,-0.968095441310344
LOC111137420,-0.289484806567851
LOC111106057,0.17460158963683
LOC111131099,-1.6967010426692
LOC111136885,0.554182409441975
LOC111133989,-0.563360581381345
LOC111134519,0.797193440258008
LOC111117514,0.583793515541954
LOC111106442,-0.360213846356219
LOC111101849,0.893415068068909
LOC111126253,0.471042227924841
LOC111117660,-0.307631808092701
LOC111133218,0.140209894411281
LOC111104158,0.546911717330441
LOC111101835,-0.0348197085151732
LOC111136858,-1.80620941125687
LOC111129375,0.763507840802508
LOC111108005,-6.31229570881254
LOC111127735,0.285685669748026
LOC111127302,-0.254278828861167
LOC111109604,-0.780715579538312
LOC111118996,0.183685222633283
LOC111114939,-1.98199076031028
LOC111133481,0.328764823371573
LOC111102935,-0.148806902133579
LOC111116907,0.0498287144072897
LOC111101737,-0.510581160710322
LOC111132719,-0.263079943381472
LOC111111152,0.159899179199274
LOC111119106,-1.30253621186385
LOC111108060,0.749088893245307
LOC111123124,-0.572443744762765
LOC111133540,4.98840192876007
LOC111134376,0.68495562498996
LOC111136388,0.346706361004384
LOC111103940,0.1420031078875
LOC111101505,-4.85421194344282
LOC111107133,-0.618709096405225
LOC111100649,-0.649293361047061
LOC111128270,1.38954591701337
LOC111100940,-0.735080133775896
LOC111107604,0.479880076759854
LOC111127050,0.252613680162141
LOC111134703,-1.54183519684082
LOC111119217,0.892204640824287
LOC111129965,2.16166026068719
LOC111136641,0.241166074775169
LOC111100400,0.16088996943031
LOC111122242,-0.0939680334632022
LOC111129562,0.7256226336481
LOC111100438,1.11246436311936
LOC111119090,-0.165496117509158
LOC111116922,-0.714461796816922
LOC111118487,-1.81830319277851
LOC111101871,-0.143534828971004
LOC111110647,0.016719532041709
LOC111121960,-0.577647736279326
LOC111115374,0.52062901689585
LOC111099521,-0.126627507464217
LOC111135660,3.15565938496543
LOC111102400,0.69791020623081
LOC111107213,1.12030564338851
LOC111107327,0.226488336394666
LOC111100367,0.887193127985908
LOC111124391,-0.100781613432248
LOC111124390,-1.59746763299917
LOC111130324,1.70095573603791
LOC111107946,-1.23071879404782
LOC111109854,0.292637480700487
LOC111130875,0.114653002544226
LOC111124479,3.02722989158383
LOC111127552,0.471496991327681
LOC111101512,-1.42034783593286
LOC111124837,0.371992161525048
LOC111137240,-0.491435630522344
LOC111116873,-0.24221704078183
LOC111126325,0.465415967364632
LOC111133361,0.102167260269546
LOC111114814,0.0569859144335472
LOC111108453,-0.023724372705976
LOC111100602,-2.36695066078531
LOC111132235,-0.493836176485513
LOC111127134,-0.594960627064553
LOC111120121,6.43885299025131
LOC111132621,0.667112829559291
LOC111135349,0.0438077883094317
LOC111106836,-0.900639143336821
LOC111102855,0.607578173727949
LOC111136616,-2.18803514882463
LOC111117620,-0.0298498393636795
LOC111113017,0.59581745617966
LOC111123861,1.97837666003297
LOC111128276,-0.780529432570603
LOC111128715,-1.24762250076712
LOC111125935,1.94120622368139
LOC111138302,-0.181858490172445
LOC111124539,-1.05179757244966
LOC111120733,-0.423776479959699
LOC111116688,0.0978944533465344
LOC111127434,0.00164987284940176
LOC111104204,0.32718043515601
LOC111135119,-0.450032062033717
LOC111133614,-0.224329674143021
LOC111127255,-0.0367476017562335
LOC111112387,-1.46316891358201
LOC111135206,-0.67684058490015
LOC111135121,-3.54033158898573
LOC111133674,-0.851249507212344
LOC111101790,0.250047608636095
LOC111112228,-2.66434751700335
LOC111135563,0.555626822293463
LOC111116807,0.276659298913353
LOC111113290,0.685244515343998
LOC111115963,0.302374002751069
LOC111130427,-0.00137950961038216
LOC111118432,0.196652095210966
LOC111123833,0.171003440873471
LOC111107087,0.597231949999835
LOC111137576,2.02357360450135
LOC111120775,0.546603068330635
LOC111121980,-0.109743556840971
LOC111129909,-1.27323070695466
LOC111122040,0.237101436587329
LOC111132559,-0.107330495516601
LOC111133924,-0.917564400769047
LOC111101291,-0.870933687776487
LOC111112006,-0.594548994310561
LOC111133487,-0.587376129231669
LOC111130617,-0.195349176308805
LOC111122244,-2.0188406000688
LOC111136861,1.56217026643434
LOC111132988,-1.10912036135567
LOC111136812,1.65264645358996
LOC111128522,-0.389223944388384
LOC111112845,0.936461782972355
LOC111102844,3.26999151888178
LOC111128105,-1.00366818206007
LOC111099567,-0.0826852375953064
LOC111127941,0.571428715439727
LOC111099804,0.192481142995463
LOC111109720,-0.202531861503923
LOC111117261,0.468036627884315
LOC111102743,0.778477985468152
LOC111099622,-0.411659261250161
LOC111103136,0.173846136985372
LOC111110175,-3.01848225909563
LOC111132309,1.31374294317671
LOC111110868,0.702161930078968
LOC111113651,-0.956282804708081
LOC111134207,0.129907738108364
LOC111130382,0.000625439358728122
LOC111119257,-0.0821132699811429
LOC111104765,-0.0766491070716897
LOC111125938,-0.24655967790543
LOC111127771,1.11772523970856
LOC111124357,-1.1572247418725
LOC111116469,2.04098249718854
LOC111125426,0.0203035752025472
LOC111111073,-2.48381425671796
LOC111108089,0.189748575882104
LOC111118056,-4.65201742292103
LOC111126056,5.74529439595663
LOC111125282,-0.294438373195672
LOC111119712,-0.369507080152316
LOC111102780,-0.575991420543684
LOC111127789,-0.297557708277704
LOC111118248,-5.57766577805456
LOC111107989,-0.606560097353232
LOC111112149,-0.875647581041881
LOC111109868,-1.90907827024688
LOC111132561,3.00103811004753
LOC111124220,-1.90246714402804
LOC111119666,14.0802820329468
LOC111136390,0.134124707574373
LOC111138014,0.00460649312836721
LOC111122872,0.19992805166115
LOC111134249,-1.2316695503182
LOC111109612,1.06785538077166
LOC111113054,0.114121573069963
LOC111106613,0.600664158142435
LOC111131835,-4.64168262472804
LOC111126945,0.370116962361262
LOC111103794,-4.70813354780198
LOC111119138,0.224601086002433
LOC111126890,-0.326005848741135
LOC111118745,0.0625677315579446
LOC111110063,0.0895671991278201
LOC111129163,0.731414722502997
LOC111131096,0.784021604929419
LOC111130314,0.614672114437862
LOC111106541,1.75044793398448
LOC111105999,1.20860579518682
LOC111118740,0.00450248093484619
LOC111121277,-1.30075764685473
LOC111128481,0.202422552441448
LOC111112007,1.01449321903541
LOC111100984,0.989473700336921
LOC111119696,0.364434142049346
LOC111134379,-0.739841349039687
LOC111128363,0.217463113047242
LOC111108608,2.34326549920561
LOC111100612,0.0873794641654777
LOC111128608,0.00381385011459293
LOC111133388,-1.06043039526896
LOC111111677,0.28713327848705
LOC111123264,2.45014724279004
LOC111104160,-0.350620290969674
LOC111127473,0.59809170745209
LOC111100952,-0.0265694728477726
LOC111130771,-0.20198298524342
LOC111101070,-2.65499176828048
LOC111135314,-1.94753838896835
LOC111132264,0.324733014707521
LOC111106237,-0.102188027525502
LOC111101287,0.126850318504291
LOC111103026,0.649178448063486
LOC111124621,1.0809314208175
LOC111131549,0.915693322369272
LOC111107729,0.140212637143436
LOC111129894,-0.510453667647079
LOC111131425,-1.14553988915355
LOC111125435,0.353110854071089
LOC111124820,-2.17461550511627
LOC111125164,-0.19978076003859
LOC111103852,-0.147613205888666
LOC111119411,0.531765025408739
LOC111122439,0.168905575921869
LOC111111836,0.416107662003172
LOC111126564,-1.08912888920063
LOC111106158,-0.126370275399097
LOC111102655,-0.209662547363176
LOC111105770,0.0397358164026894
LOC111100415,-0.683301651447791
LOC111130119,0.440141503204018
LOC111130332,-0.0412720265604764
LOC111119747,-3.551250298496
LOC111106850,-0.0871304109588295
LOC111135284,0.728920725768339
LOC111107372,-0.422674676336624
LOC111107080,-0.00373058566134577
LOC111135876,-0.560032745446476
LOC111132161,0.117141980232372
LOC111106629,0.771669797096704
LOC111107034,-0.100448170333254
LOC111106626,0.514373045546362
LOC111137220,-0.224807184153514
LOC111135767,0.220795289527421
LOC111119838,0.261416106793196
LOC111120512,-0.139829764098081
LOC111131105,0.397534397601516
LOC111110954,-0.700564951208809
LOC111106492,-0.860031435461045
LOC111105259,-1.49260005635327
LOC111124361,3.55213472973492
LOC111114148,0.263679422539249
LOC111119621,-0.673606796540799
LOC111102782,0.161230076430772
LOC111104691,2.13818824454932
LOC111136118,2.20012641277269
LOC111122990,0.1646858040217
LOC111100577,-1.13817817977571
LOC111128253,-0.557782508237576
LOC111122001,-0.301212137254108
LOC111115821,-0.776539150652158
LOC111105369,0.11865551039945
LOC111102436,-0.143142461558462
LOC111113316,0.34456790728613
LOC111115629,0.176014535325788
LOC111108777,-0.351294656030605
LOC111117813,3.17462523681127
LOC111137307,1.8726764172611
LOC111124489,-0.16626933010267
LOC111106472,1.23554643587912
LOC111102975,-0.026424826251798
LOC111121695,0.170636567058486
LOC111116158,-0.346018245758936
LOC111133692,0.000824191549581297
LOC111104011,-0.0192766961240226
LOC111128233,-0.157446806537329
LOC111111369,0.715049760613155
LOC111134478,-0.234789771437169
LOC111123750,0.495559814980913
LOC111103977,0.148068745509772
LOC111122138,-0.507544933159571
LOC111127033,0.355844674387293
LOC111136876,2.24109236739109
LOC111118391,-0.449992373669885
LOC111108763,0.941630225333924
LOC111123849,0.200411336679167
LOC111112734,1.64377600472563
LOC111133589,0.510624746689673
LOC111133493,3.08223895894328
LOC111116730,0.505885005701216
LOC111118825,0.130485952963458
LOC111137992,-1.06486806201796
LOC111133348,0.242090997903759
LOC111133070,1.23183871686202
LOC111105973,0.439278912521601
LOC111101848,0.353361936039959
LOC111137171,-0.68007441435418
LOC111111169,-0.5026887444414
LOC111123531,0.0814599020598053
LOC111105403,-0.0797094903552066
LOC111108461,0.209175561375069
LOC111109169,0.0939050395656112
LOC111117129,2.01900865079259
LOC111108980,0.331691666430304
LOC111117944,0.63916552060029
LOC111137957,0.591535304314275
LOC111107265,0.38571298485507
LOC111137658,-0.482518380033794
LOC111099415,0.320336278779436
LOC111109687,0.145689514232563
LOC111128113,-2.60989759540687
LOC111113196,1.70790009217452
LOC111127975,-0.499064195309086
LOC111107677,-0.155292259166019
LOC111108484,0.539062431292133
LOC111124466,-1.45631071730431
LOC111111172,-0.861328868271283
LOC111119215,2.70246617435629
LOC111108193,0.376889391069306
LOC111104318,-0.26075916494685
LOC111126370,0.63560940418703
LOC111133148,0.0354613639145471
LOC111113793,0.384858019011659
LOC111130334,-5.40277270436031
LOC111137012,0.0117318384139301
LOC111114407,0.59044552129558
LOC111120694,-0.0283177495026723
LOC111114819,-0.246849597618067
LOC111137949,-1.96870298828819
LOC111136841,0.383296678551146
LOC111107140,-0.105317595158752
LOC111102417,-0.723992110057238
LOC111101671,8.01941787300465
LOC111130834,-0.0463574628310401
LOC111102122,0.108075298770264
LOC111130577,0.394184009274876
LOC111108439,-0.409815321954681
LOC111122161,-0.33095241666641
LOC111110034,0.444275019037365
LOC111137497,0.410505699251596
LOC111110198,-0.493104053366008
LOC111137109,0.111588168000191
LOC111104552,-0.106988771970167
LOC111120629,0.195473292114556
LOC111137518,0.971332604222872
LOC111120944,2.82153943305489
LOC111129734,-0.19959620255096
LOC111124008,-0.497442366185657
LOC111112354,-19.4217982715743
LOC111102495,-0.557284860041136
LOC111135165,0.363013980072872
LOC111123048,-0.114702513455089
LOC111109117,0.428898511552805
LOC111124892,0.00974080788296302
LOC111106143,0.140226996939722
LOC111122976,0.35044283590361
LOC111125296,-0.219546538477299
LOC111106646,-1.1059469969837
LOC111103588,-1.34245812732312
LOC111103874,-1.65715859058451
LOC111119505,0.0938849179469843
LOC111104638,0.19390307838342
LOC111135526,0.669979071964777
LOC111126541,-0.435886786869555
LOC111130449,0.411142066192737
LOC111102718,-0.339862411978882
LOC111106033,-0.509058723899683
LOC111134630,-3.01462393356421
LOC111112117,-1.7573793028776
LOC111124345,-0.226279206049078
LOC111138241,-3.76207690416988
LOC111114286,1.11980066939116
LOC111111239,-0.162959405272372
LOC111126936,0.778191324406371
LOC111106577,2.1806810997393
LOC111100401,0.403928690184368
LOC111123777,0.173723069149968
LOC111136249,-0.143993871917682
LOC111107512,-0.28885179272663
LOC111130944,-0.0246397589264838
LOC111128273,0.608426258936697
LOC111100662,0.265380238449819
LOC111135244,1.15133326662862
LOC111126819,-8.41793310682119
LOC111109926,0.626622844906482
LOC111116234,-0.246860047060417
LOC111118801,-0.212737841961278
LOC111114332,-0.976857748085604
LOC111135650,-0.561225231520491
LOC111134289,4.20737562492358
LOC111111381,-0.660118874475341
LOC111125974,-1.22436048528729
LOC111133450,-0.200325719936791
LOC111135240,1.83027857788316
LOC111122426,0.267668381462859
LOC111100560,0.124940521969879
LOC111110399,0.803549965057779
LOC111126159,0.131446414308097
LOC111129092,-0.543005045929246
LOC111126982,-0.957544725176464
LOC111118612,-0.400524235291067
LOC111109052,0.522772761819256
LOC111118462,0.0789345182585134
LOC111109135,-1.69958069367699
LOC111103950,1.6643202176491
LOC111132199,-0.484520183329368
LOC111136521,0.307652748377969
LOC111137256,0.960591193507355
LOC111136915,-0.205605490143562
LOC111129511,-0.581117414016057
LOC111119108,-5.55393471830023
LOC111125829,-0.35347450018538
LOC111120550,1.13070387075247
LOC111113778,-1.18764182909654
LOC111127954,0.0498250564683842
LOC111137329,0.829769287619171
LOC111106880,-0.569771407096898
LOC111106883,-0.233494929818374
LOC111130351,1.02676097415873
LOC111103449,-1.03707932119548
LOC111134449,-4.67676944574183
LOC111119462,-0.680123993757532
LOC111136974,-0.613619761484026
LOC111128837,0.803153498898873
LOC111120230,-1.37805162731104
LOC111100694,-1.47326539038397
LOC111100870,-0.161996697610818
LOC111132456,1.75811189820804
LOC111122377,-2.60537914866366
LOC111104067,-0.223020410404582
LOC111121675,-1.86856825376647
LOC111120009,-1.04130614817879
LOC111099823,-0.639662785422902
LOC111128836,1.3692500069328
LOC111116998,-1.24691540773201
LOC111134312,-1.65667543937402
LOC111133749,1.33414183086265
LOC111118453,1.58622881508782
LOC111123899,0.230958594931907
LOC111118879,0.303404884284768
LOC111113280,14.2650654844879
LOC111127835,-0.756779691480835
LOC111103192,-0.259662988142363
LOC111127399,-0.201618587634581
LOC111104574,-3.05786163866516
LOC111124451,1.11670546142459
LOC111134545,-0.32968032055314
LOC111125341,-0.437147097992721
LOC111127848,-1.82911753250708
LOC111124238,-0.276063462044525
LOC111128137,2.91799443594034
ND4,1.67618166929361
LOC111105594,-1.39248126784221
LOC111108197,-0.217707660920039
LOC111104349,-0.0432837787437002
LOC111124902,1.8793688270831
LOC111112591,0.545234198353086
LOC111100108,0.0484572701010487
LOC111134691,-0.186605448247379
LOC111115910,-2.3554560465455
LOC111137161,0.418534940362753
LOC111128720,-0.466014880458236
LOC111105709,0.813442669404114
LOC111133106,0.15882243952527
LOC111125946,1.90241218846811
LOC111137053,1.53330156552892
LOC111122926,-0.0489741030894058
LOC111116809,-0.683022021371539
LOC111133522,-0.626380552676831
LOC111127049,0.202921568286077
LOC111132341,1.77560711432333
LOC111109506,-2.6328220349708
LOC111125508,2.15729789131573
LOC111137926,-0.13868630549125
LOC111129339,-0.192391249458088
LOC111102528,-0.242862402225727
LOC111113236,0.799051968235474
LOC111137776,-0.302496430322821
LOC111107029,0.0223832778390863
LOC111115156,0.307287596014032
LOC111112828,-0.0219299858119758
LOC111119179,0.932220575641626
LOC111134635,0.669330105481069
LOC111124802,-1.10119424224206
LOC111124194,-0.0660140825154909
LOC111117964,1.22436205750937
LOC111100688,0.242847182006278
LOC111117852,-0.508271802230755
LOC111134483,0.179502157565994
LOC111115675,-2.29849296453341
LOC111118389,0.862754578653031
LOC111099520,0.978627852237055
LOC111133298,-0.458094475335083
LOC111100971,0.504172282890903
LOC111099697,0.981074516739688
LOC111134852,0.691782311089713
LOC111106276,0.20181595866279
LOC111103927,-0.151206549048956
LOC111127090,-0.0955773712053364
LOC111107121,-0.352435303490002
LOC111100851,1.94505839749139
LOC111103322,1.68337931116881
LOC111120565,8.37331584514074
LOC111100455,1.38282410761928
LOC111123415,0.329906575939974
LOC111119253,-0.328665104421314
LOC111102593,-0.165848697339097
LOC111116667,-2.58988737229193
LOC111110432,-0.359732988524272
LOC111111478,0.822800242457342
LOC111120042,-0.0343775564318916
LOC111111300,1.64739208973742
LOC111128002,-0.32390680101016
LOC111105256,-0.531476629004364
LOC111102849,-0.413706095487604
LOC111106569,-0.697619964795691
LOC111104584,0.319927913289495
LOC111129221,0.755955597349006
LOC111125790,0.29810800841579
LOC111130551,-1.19550024799838
LOC111129603,5.04256746038717
LOC111110920,0.654130695307651
LOC111136211,-0.307276773096671
LOC111135494,-0.428376019366579
LOC111111867,-0.610669469071702
LOC111109922,0.0938676663540603
LOC111136787,1.04845399735
LOC111124651,1.16054686963554
LOC111114295,-0.341734873639363
LOC111111982,-0.028206449089145
LOC111132876,0.563911070037273
LOC111103164,-0.206788339621609
LOC111127424,-0.544976736875469
LOC111104925,2.09747576246523
LOC111128052,0.0154454516118122
LOC111114558,-0.921855804665008
LOC111122081,0.176062655085845
LOC111119594,-0.141800463137235
LOC111126720,0.201802069089885
LOC111107939,-0.407368668168188
LOC111117627,-0.0262984823935972
LOC111103258,0.404468838735972
LOC111134783,3.10982797238769
LOC111116982,-0.599308279232682
LOC111133491,1.95220987294131
LOC111124079,1.77026027674338
LOC111121912,-0.346557747937991
LOC111133566,-0.0239023381037428
LOC111109298,0.102360536436543
LOC111123680,-0.784571361476717
LOC111121192,0.523490552318007
LOC111124943,0.388341644876068
LOC111128707,0.590420382216516
LOC111131439,1.03384253669393
LOC111100380,1.53526185131222
LOC111105587,-1.16920147952129
LOC111137514,-0.363671030671164
LOC111099660,-0.641542900954513
LOC111135571,0.433002078911373
LOC111138208,0.478559254065429
LOC111124629,0.406068838496319
LOC111118247,-0.182005817548932
LOC111107400,-0.0302435018814061
LOC111133728,-0.427724615627006
LOC111128045,0.845000712960287
LOC111135293,0.0249448533437197
LOC111134761,0.285678861006095
LOC111103820,0.255697795432109
LOC111105897,2.54211888807951
LOC111118912,0.0668307333410811
LOC111125050,-1.20922110172907
LOC111116019,-0.487895096705307
LOC111126215,-2.93985604072365
LOC111106644,-0.54586905661695
LOC111099040,2.5786761287426
LOC111137135,-0.280806393424873
LOC111107156,0.206760658007357
LOC111121429,4.90511874106967
LOC111130659,-1.15512845854983
LOC111130808,0.140168364963402
LOC111130151,-6.34139747236681
LOC111125307,1.07068844904948
LOC111134255,0.869473717636974
LOC111099755,0.679183583924978
LOC111129023,-0.566330500751224
LOC111108684,0.102786244119981
LOC111127410,0.144690021696177
LOC111128054,-0.259799164760707
LOC111100236,0.419013981446923
LOC111130743,-2.52568864979918
LOC111127584,-0.0362816041595413
LOC111124494,-0.23981267312139
LOC111104570,-1.75394247992748
LOC111105636,-1.18467037656296
LOC111123718,-0.684551753678903
LOC111117335,-0.52017399639704
LOC111131840,-0.549138311050669
LOC111119398,-3.10318035134993
LOC111099706,2.37792374654744
LOC111122814,-0.146636391091397
LOC111101478,-1.03156373521148
LOC111113410,0.565432126177079
LOC111121916,-0.829731279277268
LOC111130641,1.56105325878294
LOC111135686,2.14367337368267
LOC111113091,-0.820948032737276
LOC111102485,0.513601847159729
LOC111104680,0.667100363991639
LOC111110239,-0.385939774772073
LOC111112659,-1.13860587993857
LOC111124699,-1.12887341157528
LOC111101827,-0.0519600316024478
LOC111118200,1.48121196933455
LOC111102941,0.25801059547726
LOC111137498,-1.37139799918994
LOC111110504,-0.248342060363917
LOC111125830,-0.555316574379509
LOC111117289,-0.59359553392806
LOC111136596,-0.0193531986132148
LOC111122237,-5.53946368443854
LOC111135082,0.727153390625526
LOC111107807,0.223238686946458
LOC111124698,-10.1953983348109
LOC111110197,-0.0486430818003816
LOC111136722,1.97779337754003
LOC111125759,-1.17844767920972
LOC111138262,0.30364272891966
LOC111133464,0.575306619616
LOC111131644,3.18516135517624
LOC111123889,1.01140849546721
LOC111111493,0.0896691064156942
LOC111133129,1.09141981242982
LOC111106368,20.1352524972764
LOC111135124,0.167901337715969
LOC111104464,-0.414384696428995
LOC111128294,-0.495858778445312
LOC111132210,0.455079183560184
LOC111135665,-1.26966145641796
LOC111137720,0.0978559174204712
LOC111111980,-0.349513965960257
LOC111137006,0.0804866169785605
LOC111113026,-0.495898067625931
LOC111109975,1.42666776164284
LOC111108594,0.0516910415103057
LOC111111873,1.04759712722401
LOC111099818,-0.345023908310557
LOC111111015,-1.06994811977326
LOC111121618,-0.207138455966801
LOC111104352,0.732205515892665
LOC111114587,-1.68704865463225
LOC111137014,-0.470834541040342
LOC111103061,-0.671987338790442
LOC111102259,-0.211335875582728
LOC111112892,0.439696066884664
LOC111099735,0.406332061203061
LOC111121606,-1.20387647758983
LOC111119801,0.598218307430241
LOC111116863,-0.615029455454659
LOC111100325,2.26637468199682
LOC111116467,0.800258990428891
LOC111125868,-1.77441156902566
LOC111136740,0.751569024474331
LOC111138428,0.166450929651931
LOC111132645,-1.55893318023159
LOC111114075,0.160322331758127
LOC111138107,-1.29495247372105
LOC111125567,0.577439993832818
LOC111137057,0.169056874421138
LOC111105684,-0.426435755390914
LOC111134558,-0.972942573747724
LOC111123322,0.737769016284986
LOC111120887,0.683542514327812
LOC111123058,0.212928257567405
LOC111110105,0.767813948558829
LOC111104066,-2.61060795278883
LOC111109980,1.51309902645967
LOC111132731,0.135210859438163
LOC111131858,1.3664775725876
LOC111133770,0.171748297995623
LOC111125754,0.410792014626005
LOC111135951,0.15570505764475
LOC111137099,-0.372059984375496
LOC111126643,0.0240246752906405
LOC111112926,-0.0343967184451861
LOC111127858,0.458535491651437
LOC111133823,-0.156989173124588
LOC111101072,-1.11725438455931
LOC111124177,-0.298816567310771
LOC111101135,-0.333090721615046
LOC111104019,1.74149539451004
LOC111116232,0.375972579438492
LOC111129028,-1.26968493588832
LOC111122815,0.380857494968115
LOC111114988,0.318449602572374
LOC111119915,1.47384285559242
LOC111133042,0.336029331261739
LOC111130444,0.240305657975153
LOC111103956,0.0349147892251711
LOC111104517,-0.204442219166442
LOC111111658,1.21805604661431
LOC111134705,0.632046582281831
LOC111129107,0.424739461589472
LOC111099862,0.137998778696533
LOC111105439,-0.354086417514133
LOC111103765,-0.856595769512913
LOC111113452,1.2452905337732
LOC111111105,0.715164835668315
LOC111130663,2.13525964324536
LOC111102139,1.29174197521131
LOC111110027,0.552343940330023
LOC111125061,-0.217886810696249
LOC111138343,0.0785744583409689
LOC111111442,-7.12151862476679
LOC111101470,-1.94897980637958
LOC111134548,0.777846837553
LOC111125999,0.0347323336419643
LOC111127464,0.52648403572008
LOC111108217,0.155332366672364
LOC111131172,0.644977015984545
LOC111135597,1.51555029244494
LOC111118260,-0.638714047392019
LOC111111826,0.10112704705583
LOC111110897,-0.679691957580525
LOC111110896,-0.165776910004281
LOC111134547,-1.68162403328299
LOC111109916,0.0918711818141047
LOC111102444,0.0208724403237205
LOC111130288,-5.9970357700823
LOC111137239,0.268595773938608
LOC111136780,-0.829580716712243
LOC111125944,-2.55749248012647
LOC111126934,1.45904593878963
LOC111108268,0.975008176539064
LOC111120951,0.542687103399663
LOC111104472,-0.56169111782346
LOC111120968,1.98484381529504
LOC111130833,0.413125397846864
LOC111121759,-0.170283783082001
LOC111101438,0.442165409638079
LOC111120568,0.405088414039646
LOC111101037,-1.18562968412922
LOC111120364,1.09075780191176
LOC111105277,0.0584606541623137
LOC111136496,1.20082065943775
LOC111100596,-0.166325763458201
LOC111117952,0.442887470794556
LOC111136566,0.241503482007155
LOC111126783,-0.0343671119957207
LOC111124509,-0.703221771295899
LOC111125332,1.42154395353321
LOC111125305,-3.39870944924832
LOC111137727,-1.50938954127041
LOC111119588,-2.53097246709875
LOC111116462,0.205571130837255
LOC111100317,0.517939373037147
LOC111100293,0.680124597164776
LOC111129877,-1.63739281998403
LOC111120385,-1.74843826406911
LOC111123033,-0.806699875650477
LOC111129461,-0.0353170817010286
LOC111102004,0.441838370863479
LOC111109272,0.706903933631791
LOC111107258,3.87613599479642
LOC111128846,-0.0505137290294132
LOC111115706,-0.034437496146036
LOC111132870,1.41943981562525
LOC111127368,-1.06704865637731
LOC111111098,0.17956221251845
LOC111099106,-0.0768399682025115
LOC111138365,-0.134237436688418
LOC111100022,-0.674063240201748
LOC111132633,0.140213885320373
LOC111103656,-0.476666267442967
LOC111116830,1.3919374181008
LOC111136802,-2.33414888882888
LOC111119087,0.849012003894995
LOC111117974,-0.0415292085425092
LOC111124157,-0.200280360457409
LOC111129286,-0.576490568490912
LOC111109747,-1.02772433825826
LOC111121369,-0.489342421103257
LOC111131845,-0.426139675978123
LOC111123951,-0.642532175715931
LOC111106107,0.344835219388312
LOC111126969,-1.48969087158271
LOC111121107,-0.410499102641578
LOC111117685,-0.409939475313499
LOC111110743,0.644512979121925
LOC111127379,0.0593501433520273
LOC111120754,0.0586116118438305
LOC111136870,-0.0411355719780806
LOC111112890,0.226994427696868
LOC111130876,-0.624256984952477
LOC111120103,-0.44203904001139
LOC111102233,-0.95735353202398
LOC111131333,-0.490443719253777
LOC111099132,0.465121460459249
LOC111121418,0.549272826607946
LOC111105788,-0.674674262895611
LOC111122396,2.003746409676
LOC111125708,0.813181620759895
LOC111112581,5.39035913841236
LOC111118096,-0.631174218659021
LOC111107500,-2.11566454310309
LOC111113359,0.114985396742487
LOC111121998,-3.13052478612362
LOC111124956,0.354748887268315
LOC111127782,-0.133929738639333
LOC111129586,0.345868078631457
LOC111102357,-5.4414834780139
LOC111120947,0.0189159806663329
LOC111136855,-0.244119075165479
LOC111136190,-0.82345204923339
LOC111132055,-0.127967379841033
LOC111099469,0.836673346712482
LOC111126361,-0.102698140213038
LOC111134391,-0.449192438195269
LOC111105409,1.07187793921582
LOC111135538,-0.108878578183048
LOC111136503,0.634456453545613
LOC111135822,0.567793697149553
LOC111127242,0.204815655645496
LOC111128292,2.76647290018482
LOC111135245,0.536609388018163
LOC111135489,1.05746729573792
LOC111108591,0.156630015863586
LOC111115401,0.0534727389397645
LOC111124986,-0.667654052319539
LOC111105839,-0.934643743625071
LOC111134760,0.14020554203308
LOC111130587,3.26195733946685
LOC111105703,-0.0261604922338137
LOC111119221,0.0507529781702295
LOC111135878,-0.930121303250087
LOC111128590,-0.0291304340001753
LOC111138128,0.108184204178027
LOC111128956,0.140253366980148
LOC111125156,0.248863759705306
LOC111122911,2.32318212731087
LOC111111227,-0.785566373464266
LOC111132133,1.54170538331369
LOC111113428,0.383187662704717
LOC111123133,0.498588818776016
LOC111131516,-0.10622197017713
LOC111112989,-0.696803400886337
LOC111099866,-6.96513949403448
LOC111102626,-0.170118163735463
LOC111136607,0.654624526351815
LOC111128634,0.468545777673039
LOC111127032,0.573238689307095
LOC111102686,-0.730687841091644
LOC111099740,-0.404085133872617
LOC111136034,1.30637683960195
LOC111104852,-0.263685690245766
LOC111108704,-0.543859381921689
LOC111124169,0.285507242397926
LOC111111675,1.25890312075393
LOC111129607,0.308391090655101
LOC111130094,0.111854328041785
LOC111120702,0.206415122370016
LOC111136513,-0.523833880116265
LOC111116941,0.0582756932790456
LOC111112177,0.421071311966806
LOC111100910,0.0183152706134449
LOC111123584,0.39197731468871
LOC111126296,-0.16752867083095
LOC111136075,-0.00953056458247205
LOC111125866,-1.21899183212951
LOC111118079,0.349025641697608
LOC111136677,1.47557403571124
LOC111131498,1.91543686039977
LOC111102459,-1.39065370610296
LOC111107287,0.544546802704274
LOC111111564,2.62315891559762
LOC111110323,0.497870589217095
LOC111116750,0.0664034239059799
LOC111129613,0.720283210455948
LOC111128979,1.3294833995762
LOC111127601,-0.401833314072427
LOC111113505,-0.0797955810863358
LOC111104713,-0.0837813539009285
LOC111127781,-0.0233481329285667
LOC111118876,0.0897535320755049
LOC111110116,0.201880044997978
LOC111127274,0.157307921589188
LOC111125952,0.669256802607074
LOC111123047,-0.56697129473321
LOC111135992,0.312416534088776
LOC111119180,-1.44215611447302
LOC111125671,2.81404018466555
LOC111134957,-0.246724927105801
LOC111125340,1.65936688984583
LOC111099628,0.482394456055552
LOC111121671,0.172532672847926
LOC111110187,0.899419643172374
LOC111126243,0.802950858280975
LOC111102995,0.28719227640184
LOC111127861,-9.00963346859201
LOC111134786,0.325400549751929
LOC111106934,1.41641809285077
LOC111118293,-0.472975197814574
LOC111126869,0.548719516613164
LOC111125179,-0.358402890860041
LOC111129522,0.491589954114253
LOC111138232,-0.0650358802381563
LOC111128572,0.49129058235975
LOC111126995,0.533881530031255
LOC111121905,0.0145167429876251
LOC111135420,-0.146821861162106
LOC111111446,0.685057265578883
LOC111136327,2.56071778142709
LOC111132314,-0.734407061667896
LOC111112558,-0.277018254615752
LOC111127744,1.76383722861215
LOC111135152,-0.308858479814164
LOC111126263,-0.0636605072159118
LOC111122121,-1.18200701625495
LOC111132872,-0.667339603915278
LOC111110122,-2.16269482264848
LOC111122130,-0.0466454139262663
LOC111125348,1.23464505578759
LOC111133995,0.631558345832078
LOC111130593,-0.0172577651818025
LOC111116616,-2.7184512573984
LOC111118209,0.0125397972567173
LOC111122015,0.401792235230819
LOC111101378,-1.19307729823547
LOC111123479,-1.90113917008551
LOC111122291,-0.522595361323122
LOC111119929,-0.515054168482779
LOC111114914,1.31231490526566
LOC111122817,0.615157980021664
LOC111115823,-0.0378419698784466
LOC111135862,0.688593762219079
LOC111104926,0.212786801003097
LOC111129747,0.309602161587039
LOC111116111,1.19912627937713
LOC111132136,-0.272103338961434
LOC111132672,0.227832818147962
LOC111100068,-0.717018034383314
LOC111116457,-0.77921692844553
LOC111122500,2.48957977744691
LOC111135056,-6.33717204636109
LOC111099176,-0.299571148672481
LOC111129879,1.0727541679114
LOC111138137,-0.568479725520298
LOC111135620,0.491133817989426
LOC111119857,0.383024125554703
LOC111104376,-0.687117978198579
LOC111121147,-0.901647564693404
LOC111130951,-0.0679991211958507
LOC111117425,0.111783940177024
LOC111136585,-0.768755018121296
LOC111120034,-0.860913574879946
LOC111118393,1.7364424809179
LOC111137550,-0.495056638675671
LOC111133398,-8.76389468571833
LOC111120251,-0.212611139542102
LOC111128921,0.772565368551903
LOC111137940,-0.132184911570713
LOC111104294,0.278395887916447
LOC111127106,-0.705843923487845
LOC111120234,1.42547606453364
LOC111124424,-0.732006719034058
LOC111108683,0.200109103385027
LOC111134553,0.408414146304423
LOC111119281,0.00170860137319286
LOC111124745,0.839565173892712
LOC111099054,-0.172938592327777
LOC111107463,2.08222772643369
LOC111135695,-0.100922882304406
LOC111105531,-1.20537178958178
LOC111121219,0.0916640762071179
LOC111113371,1.37046860571425
LOC111135779,1.18344885258294
LOC111121699,-0.425867861618705
LOC111123816,0.654106183010807
LOC111125622,0.127368723265174
LOC111121109,-1.43122333583653
LOC111121032,-0.456303974068204
LOC111136442,0.418473352382386
LOC111119114,-2.9030608438871
LOC111099450,14.9718193348765
LOC111118333,-0.139194868608228
LOC111120474,0.885578867803196
LOC111114579,0.0294576489136935
LOC111130676,1.05077237657953
LOC111103835,-8.81199674129969
LOC111111679,0.0905126627270035
LOC111117374,-0.326119366886673
LOC111110146,0.763808539002039
LOC111124622,1.05447252886265
LOC111103493,0.276048787545904
LOC111103492,1.33593369069966
LOC111106509,-0.0923977024064446
LOC111134781,2.97612687012385
LOC111117525,2.73743066275631
LOC111135887,-1.25644437416072
LOC111106298,-0.00633868943826114
LOC111132045,-0.362802278065941
LOC111134529,0.0504268203159665
LOC111137257,0.239433506642289
LOC111107425,-1.26059705988118
LOC111138405,0.771548857138285
LOC111112794,-0.135276458411127
LOC111120208,0.240593865848605
LOC111124682,-0.523573020304675
LOC111127820,2.01382569788122
LOC111106466,-0.124375905294229
LOC111115395,0.0478907538996245
LOC111105741,0.120894127001431
LOC111104799,0.0328657147012331
LOC111135719,-1.09775428234966
LOC111109835,-0.520703700964152
LOC111127219,-0.20280714332965
LOC111110371,-0.255751035273854
LOC111131243,0.45852088422359
LOC111101387,0.503548234899408
LOC111109778,-0.0601891563793159
LOC111121320,-0.310219664169785
LOC111108597,-1.28003803065927
LOC111115671,-8.46521425825859
LOC111137068,0.246003012593269
LOC111126521,0.889399657623654
LOC111133276,0.179339080144756
LOC111131034,-0.243461592510456
LOC111135929,0.244258535737867
LOC111136297,0.525383349102277
LOC111111615,0.35796151581205
LOC111117869,-3.15806243913014
LOC111104002,1.47950991933739
LOC111112359,-0.380300242407075
LOC111127759,3.36355326893009
LOC111111511,2.35231976061422
LOC111103018,0.774356975498572
LOC111100604,-0.0136517715798737
LOC111116486,0.140232024421059
LOC111138104,0.0139644453487727
LOC111111562,-0.0405286986858097
LOC111116950,0.0890281842332101
LOC111113274,-0.0344203276317928
LOC111112593,-2.61349845562022
LOC111114553,-0.192890778153933
LOC111121848,1.51282215153315
LOC111104419,0.14023375531722
LOC111125451,0.0920125575641041
LOC111121879,0.15850419790922
LOC111119875,-0.322525893767073
LOC111122643,2.84297986832874
LOC111116715,-0.0502253074711078
LOC111133983,-0.558015762952665
LOC111130350,1.26797172878751
LOC111127772,0.104142322909104
LOC111110292,0.140150564080973
LOC111126545,1.90590174426067
LOC111133349,2.30250588640508
LOC111126295,-0.457828553900222
LOC111125409,0.178048979401805
LOC111129903,1.09884651285496
LOC111138521,0.451985072805534
LOC111135993,0.591694952637074
LOC111111733,-0.162861636395543
LOC111136602,-0.705178094103373
LOC111106292,-1.20306096842465
LOC111109716,-1.70588154222832
LOC111125412,-1.46295478004991
LOC111136288,0.491120662789149
LOC111131170,-0.421937626197038
LOC111111233,-0.205524888995954
LOC111126109,-0.909110714129861
LOC111130129,-1.6884327184997
LOC111116382,3.26391069968448
LOC111133224,-0.13647451444421
LOC111137772,0.855626284409711
LOC111130282,-0.350017193043776
LOC111128280,0.0821856458475291
LOC111114642,0.535539790347446
LOC111114460,1.16526929934959
LOC111108679,-0.923147704775958
LOC111129838,0.140101889732846
LOC111109825,0.98054601221208
LOC111127816,-0.573841290157827
LOC111104655,1.98287260535396
LOC111107892,-0.164477748939631
LOC111127202,-0.234290752603802
LOC111121666,0.0766674433234122
LOC111122899,-2.07215563468459
LOC111128728,0.62214561686717
LOC111128727,-1.31729049185188
LOC111123035,0.42381237891126
LOC111099825,0.222883969738235
LOC111138224,-0.248005764366057
LOC111120998,-0.187186348037767
LOC111121244,-0.835218396281847
LOC111122639,0.505969533817025
LOC111100899,0.838202427367488
LOC111128893,-0.792570330028788
LOC111134394,0.00519267311334167
LOC111124941,-1.02100669989859
LOC111100509,0.221412528576013
LOC111124643,-1.05478100591824
LOC111106261,1.4606924926811
LOC111121538,-0.252764351216561
LOC111110070,1.04480310132796
LOC111121866,-0.110097715556165
LOC111138247,-0.468206158473158
LOC111103629,-0.184670737401538
LOC111128860,0.767632198883335
LOC111128026,0.566253005759555
LOC111109878,0.569170166240831
LOC111126507,-0.0645685043509459
LOC111136478,1.96554929205949
LOC111138081,-0.165544011323742
LOC111103048,1.2088747523513
LOC111131602,-1.10106866379317
LOC111134682,0.753462661257174
LOC111101410,0.280530273938344
LOC111122306,0.665882362550696
LOC111110486,0.0284612680973169
LOC111100904,0.0498975210794068
LOC111130697,0.713289367967564
LOC111107996,-0.225899169242161
LOC111104451,-0.820343262223104
LOC111118124,-0.280247414341365
LOC111134620,1.80616110961394
LOC111106523,1.67644197341502
LOC111134100,-1.26873637714877
LOC111104644,1.05877906788102
LOC111132623,-10.1451157202564
LOC111107106,-0.0181210650248619
LOC111127249,0.552831152699983
LOC111103561,0.0214910780421595
LOC111133718,-0.399147092036204
LOC111126760,-1.0738251858083
LOC111129317,0.908328460564286
LOC111131411,-0.57236245253432
LOC111114528,-0.179276266734499
LOC111129143,-0.589777455125034
LOC111125826,0.325264233662559
LOC111132032,0.535908227045269
LOC111135345,0.844498021106589
LOC111136106,0.753472975470985
LOC111127860,0.549389840411611
LOC111135888,0.0938890827062405
LOC111135886,1.38785468434848
LOC111131070,-0.224862384003783
LOC111117038,0.451911020537838
LOC111122995,-0.378399261375863
LOC111128398,3.9820714700317
LOC111109224,0.209159767395434
LOC111101773,-0.87108518903317
LOC111115745,0.717310393496132
LOC111103185,-0.397379522587468
LOC111111780,-0.989664687808438
LOC111130343,2.40383012894384
LOC111126463,-1.16256229710704
LOC111123208,-0.965536612279606
LOC111117340,-0.757584962996623
LOC111138327,-0.0498570006520832
LOC111126304,0.525833686820672
LOC111106092,-1.58447091814837
LOC111119080,0.412232675250027
LOC111132884,1.81834706913247
LOC111118786,-0.117213523660778
LOC111128472,-1.16652782804841
LOC111113358,-2.94382858438966
LOC111128246,0.662631262394644
LOC111119845,0.428702366285578
LOC111121161,-0.58475361097386
LOC111130622,0.258499477536093
LOC111119785,-2.44864588871537
LOC111125596,-2.05038300891615
LOC111129605,1.34269224789717
LOC111133363,-1.25355554798672
LOC111119251,-0.415285589945761
LOC111104122,0.37138147312012
LOC111110811,1.3004325004455
LOC111100339,1.79867137783385
LOC111110395,0.0955520941454763
LOC111136170,0.369140034763496
LOC111138121,-0.660427125766997
LOC111138219,-0.899178976946806
LOC111134199,-0.0347447035551613
LOC111103339,0.287124995054185
LOC111137277,-0.0558621145026696
LOC111131849,0.46915596809468
LOC111106432,-0.289392409397302
LOC111126865,0.560294905720479
LOC111101459,3.23538351183445
LOC111124768,-1.96814139140521
LOC111125741,2.71449763055985
LOC111104055,-0.918261737477817
LOC111124472,0.311679363232479
LOC111128805,0.706524371980282
LOC111106668,0.364065306462861
LOC111127143,0.795386855639622
LOC111113698,-0.577286576451958
LOC111136956,-0.89031506247878
LOC111114840,0.119280907317909
LOC111112362,0.618832091662672
LOC111136290,0.0940856957136543
LOC111134774,1.73556479521393
LOC111134522,-0.302673585517724
LOC111134521,-0.486086688393419
LOC111121480,-0.248399324080157
LOC111126294,-0.70857068019536
LOC111100944,-0.205891311239118
LOC111100673,0.884412184970498
LOC111137693,0.650597995976342
LOC111131229,-0.325499107512024
LOC111103434,-0.892590210446606
LOC111118904,-0.0712594123109572
LOC111100937,0.91435762726353
LOC111112496,0.838990777164755
LOC111136215,-1.63530524743351
LOC111135153,-1.46816638883714
LOC111124316,0.228201606440072
LOC111121281,0.160686612561188
LOC111128802,-0.0508068415593237
LOC111113293,-0.376044385375601
LOC111100518,0.140239676247638
LOC111113162,-0.243037754679234
LOC111131763,0.248540127111827
LOC111119010,0.258185041698695
LOC111126465,2.25057642977821
LOC111118388,-0.422117016555757
LOC111104172,-0.647256836012278
LOC111124265,0.00415753186020825
LOC111124679,0.20176427072859
LOC111127173,0.294603381515531
LOC111123032,-0.382456783769452
LOC111132991,-0.669452480374168
LOC111122366,-1.70028704497345
LOC111137218,-2.50300558902429
LOC111133779,2.69911856233832
LOC111099589,-0.0967383708522612
LOC111119240,-4.8587731756947
LOC111126737,-0.667131339994006
LOC111119325,0.0746378187115809
LOC111113435,-0.226601418509436
LOC111134127,0.249237135227757
LOC111104586,-0.176013594746887
LOC111134928,0.505478506691993
LOC111112599,0.693742818140948
LOC111136279,-1.31265507554112
LOC111115695,0.258339286789179
LOC111107088,-0.303073732944701
LOC111125576,2.61989122045455
LOC111127864,-0.101043823125002
LOC111126305,1.21939566172963
LOC111137238,0.10456240187555
LOC111111471,-2.77557093590108
LOC111111397,1.24626181940972
LOC111126136,-0.523094274062356
LOC111124649,0.581678575029164
LOC111120783,0.331675121813172
LOC111125779,1.07631243283212
LOC111136990,-0.209303444523837
LOC111122696,3.90886672270699
LOC111123378,-0.882302299443581
LOC111119368,0.10314006010217
LOC111104440,-1.28149023448363
LOC111108025,-1.38198799821674
LOC111133943,0.537960015756566
LOC111137702,0.882068243513154
LOC111132914,0.431520324020809
LOC111110135,-0.731942593366521
LOC111136144,0.300707609504702
LOC111130251,-0.163765897729186
LOC111134866,0.378605215421373
LOC111101289,0.393159524667063
LOC111108335,0.221284963885794
LOC111104075,0.280052473353035
LOC111102001,1.71096328399852
LOC111131342,0.104215257987531
LOC111107268,0.699142780443668
LOC111128350,0.204020611935384
LOC111112905,-0.431823745909811
LOC111120725,0.0221244664298238
LOC111126893,0.515988096172994
LOC111102518,0.100075265361967
LOC111118756,-1.95207636176302
LOC111115269,0.183269852772961
LOC111099754,-0.0343406513228492
LOC111119734,2.06563340812565
LOC111128057,0.749478547172806
LOC111126785,1.25735971230704
LOC111126186,-1.14117048574104
LOC111102393,-0.0775741450165189
LOC111122210,1.53988607997609
LOC111124227,-0.485018325210835
LOC111136143,2.04451372995506
LOC111105437,-1.76088025242375
LOC111131506,-0.65317974350856
LOC111112987,0.723624078583275
LOC111113067,-0.0348656984791606
LOC111129189,0.133871693087349
LOC111132944,0.459293684646245
LOC111118086,-0.247660705670094
LOC111129840,1.21118250981032
LOC111099097,-0.870639206597525
LOC111113134,-0.778840018027985
LOC111111969,-0.0984889858896441
LOC111120932,-0.0885670285796671
LOC111107300,-0.0344555641971935
LOC111123848,-1.27733170344389
LOC111117565,-0.0871043698975351
LOC111127008,0.0153844081736306
LOC111127570,-0.736481749733394
LOC111132432,3.26989905677814
LOC111135618,-1.06266226675098
LOC111118500,-0.248117578308486
LOC111129078,1.01367665554291
LOC111136381,-0.372599990240253
LOC111127662,0.00889365897174588
LOC111126548,-0.244726423421928
LOC111133878,1.08188439484192
LOC111119953,1.42737531488567
LOC111130005,1.08609271859902
LOC111115499,0.989855332874231
LOC111112602,-0.0563795121687694
LOC111130208,-0.209307693693719
LOC111119837,0.692644931380025
LOC111125713,-3.0044350674377
LOC111133733,-0.185076291987588
LOC111102756,-0.241035153160167
LOC111136624,-0.417877607602466
LOC111101802,-1.80238812031827
LOC111121884,2.18544238136075
LOC111101706,-9.23566394784638
LOC111111104,1.74504519125511
LOC111130604,0.0691475943899997
LOC111111337,0.35688321112492
LOC111137192,-0.31956481271712
LOC111133701,0.577816885591112
LOC111126607,-0.806517707008281
LOC111099995,0.0948456031876822
LOC111114090,-0.0994850269662308
LOC111120801,0.325898166008968
LOC111104671,0.510618539892451
LOC111118045,-0.255300308422338
LOC111136391,1.17670479643915
LOC111134286,-1.1632498831949
LOC111120118,-1.7150250822224
LOC111121732,-0.0367012538016959
LOC111126510,0.234676109435049
LOC111133429,-0.575595806836874
LOC111123303,1.20176204538251
LOC111124136,2.37932529090604
LOC111101673,0.318358880946722
LOC111120781,-0.598766102212601
LOC111113612,0.705496080778338
LOC111121828,0.165996465569765
LOC111102881,0.00143959903277507
LOC111102892,0.872743190874457
LOC111129104,-1.03258844865154
LOC111106252,-0.185911872462363
LOC111131221,-0.297937511634979
LOC111115771,1.88018092620415
LOC111104872,-0.00687184063355364
LOC111112095,0.336802092907323
LOC111129745,0.0074658585295939
LOC111119202,1.59535352587253
LOC111117733,0.787050141459118
LOC111131022,2.1033333511894
LOC111132626,1.60686660115697
LOC111107611,1.18385042585297
LOC111125315,0.710003631971409
LOC111119647,1.04638511367355
LOC111128672,-2.08015502210477
LOC111112873,0.545996599567525
LOC111102761,0.542106353947901
LOC111123758,-0.0245686268129356
LOC111137671,0.210737501835013
LOC111128011,-2.31986625114907
LOC111134737,-2.96388968441645
LOC111128650,0.389436465120739
LOC111119222,0.207747758392077
LOC111115692,0.318457053326189
LOC111106153,-0.555797753206048
LOC111099894,2.60342828593283
LOC111099937,-0.733446113235258
LOC111100364,0.115515006783828
LOC111122800,-0.0343199134025324
LOC111130498,1.45110776965973
LOC111101385,-0.260555180527735
LOC111124596,2.4083530186925
LOC111126406,-0.17719061751919
LOC111113272,-0.0308160560596812
LOC111135728,0.748879688709655
LOC111128988,-0.95963292492609
LOC111121562,0.179977853022556
LOC111135017,-1.15313463672439
LOC111126838,0.310903399858548
LOC111121626,0.085802509273532
LOC111114951,2.96827710927242
LOC111122895,0.79418350490168
LOC111126214,0.843467315506021
LOC111114644,-0.0286674232088802
LOC111135498,-2.4465880393504
LOC111122429,0.607695152968749
LOC111128531,0.984596060791668
LOC111115111,-0.888509571198191
LOC111116984,-1.73724016468596
LOC111130255,-2.86137674449146
LOC111118563,0.316640921819585
LOC111125236,0.654284994230845
LOC111106360,2.67452079650068
LOC111118375,-0.156323772044171
LOC111130084,0.73585460781223
LOC111102980,-0.0895724258182066
LOC111133590,0.1584603788716
LOC111107422,2.75319029304476
LOC111129829,0.124781169051082
LOC111111815,-1.00028418050063
LOC111129669,0.291095796859799
LOC111106512,-0.151923434215688
LOC111119540,-0.62682890079894
LOC111132366,-1.5112048759618
LOC111106451,0.485119921355735
LOC111119687,0.735610783789574
LOC111131244,0.83336040112218
LOC111135845,0.519275922850989
LOC111120939,1.57055735135682
LOC111106659,0.0726436252125786
LOC111112779,2.30651450129345
LOC111112541,0.269370653594304
LOC111108768,-0.369192674582975
LOC111138066,0.0161187951083917
LOC111106842,-0.0479628089445202
LOC111116634,-0.250867415719525
LOC111133482,0.263563408792617
LOC111125546,-0.269022096576355
LOC111131611,-1.16682507078668
LOC111135361,0.0424276093857386
LOC111126570,0.874991928515018
LOC111138031,-1.20601083154035
LOC111125063,-0.136418927606035
LOC111108341,0.340868387774263
LOC111127655,-0.0154242736630455
LOC111116162,0.555053129607569
LOC111134445,-0.368871515700967
LOC111128623,0.294295756356368
LOC111102958,-0.812489466174184
LOC111133086,-0.256754090295823
LOC111131488,-0.12737378858427
LOC111126261,-0.114063067123404
LOC111104246,0.61258644999304
LOC111118835,-0.675891746646017
LOC111112650,-0.0107149299507694
LOC111136397,0.999717166572561
LOC111134502,0.055304705694477
LOC111116929,-0.0895176415530185
LOC111138403,0.3906805340088
LOC111102711,-3.65556214327255
LOC111123690,-0.0880272460083325
LOC111138064,0.645035611294836
LOC111127398,-0.393716375204578
LOC111129352,-0.814759496781432
LOC111130920,-1.3704971145904
LOC111125138,-0.0303617361326848
LOC111108515,-0.486081304087724
LOC111123031,0.434820516438983
LOC111117417,-1.5206499392567
LOC111104097,-0.562841590797628
LOC111109471,1.09209633304426
LOC111126393,-0.369253208157906
LOC111121564,-0.623578824435202
LOC111118567,-0.39649992808012
LOC111104278,0.717513376766271
LOC111130954,0.188261877540333
LOC111138362,-0.629025158961125
LOC111115540,1.80540883985821
LOC111136459,1.0638779528435
LOC111135899,2.06469675087369
LOC111130148,0.00365086102313034
LOC111105503,-0.318328846816795
LOC111120689,0.155936564006973
LOC111131166,-0.56300010339509
LOC111135709,-0.245648009440612
LOC111126091,-0.403443154190975
LOC111099553,-0.795401808589034
LOC111103279,0.928507926833258
LOC111136757,2.13861050003953
LOC111121498,3.20617048241164
LOC111122980,-2.41006841055898
LOC111137756,0.221742153128391
LOC111101409,0.429421948299012
LOC111124644,0.771446905094155
LOC111129249,-0.0142174903784396
LOC111109436,1.05738185532877
LOC111129498,-0.0928105338730604
LOC111105892,-0.149564631942088
LOC111101855,-0.034416106669649
LOC111103653,-0.291595243670142
LOC111129239,0.526867191215307
LOC111118136,3.08095383457769
LOC111104110,-0.0334279897606953
LOC111118746,-0.85854382863311
LOC111136462,0.475594109269189
LOC111102890,3.5476354558852
LOC111137602,-0.614711282866171
LOC111125019,0.418754948607568
LOC111114592,0.708599526313748
LOC111103579,2.416482216331
LOC111105485,-0.245631545752226
LOC111104275,1.50322475544722
LOC111138307,1.27277318038281
LOC111109783,-0.98884090958458
LOC111112664,1.55689151689581
LOC111122380,-0.166102383430862
LOC111120800,-5.34251062645355
LOC111107307,-1.04129795873492
LOC111129593,-0.813516472624805
LOC111129512,-1.24557180001931
LOC111123821,-0.0593863669387534
LOC111133851,0.513737343569471
LOC111130126,-0.00823088364113563
LOC111111472,0.320964665988984
LOC111123773,-0.827661942169928
LOC111120530,1.64315366640711
LOC111134458,1.79168474783347
LOC111124296,0.308326047852153
LOC111127773,0.338269943650821
LOC111110601,0.115563757852165
LOC111112027,-0.910544547268683
LOC111121601,0.392466483230373
LOC111111058,-0.592972814060476
LOC111135976,1.18903894024376
LOC111116610,-2.00194258778673
LOC111129428,-0.0747521998322875
LOC111125385,-0.781880706077539
LOC111129632,1.02105206723767
LOC111116614,-0.861593703607225
LOC111131631,-0.237482552733085
LOC111133075,0.948428981904546
LOC111136005,0.886675477788483
LOC111109769,-0.141925355778593
LOC111121594,0.885535192811537
LOC111108493,1.51370191754739
LOC111127725,1.94569509265076
LOC111131056,-1.12746523292119
LOC111107927,-0.03524520057814
Trnad-guc,-4.15309792157969
LOC111123276,6.5536394229144
LOC111118734,0.0605695454113927
LOC111138051,0.277857983814334
LOC111135648,-0.577798221618746
LOC111102921,-0.199013062138758
LOC111134306,0.132125834862901
LOC111134074,-0.537685469591829
LOC111136949,-3.01961982825399
LOC111136941,0.046890137140215
LOC111123813,2.50251219999729
LOC111136251,-3.27068231239535
LOC111124558,0.395045429950733
LOC111111593,0.707124874488435
LOC111115444,1.73830556098219
LOC111136727,-0.172733421372294
LOC111136036,0.116655406281024
LOC111136313,-0.52433257308693
LOC111115213,-1.04821056044927
LOC111126207,-0.574707841490804
LOC111137963,0.300377089306872
LOC111121983,0.908377119072997
LOC111119089,-1.87345562499839
LOC111134809,-0.451260566109
LOC111109392,-0.156830485471918
LOC111129883,1.07011093185267
LOC111105754,-1.0712677638923
LOC111135095,1.35744874200354
LOC111130467,0.728591275678508
LOC111132855,0.534040440040471
LOC111109748,-1.36678398813488
LOC111137561,0.00295505424204893
LOC111101190,0.720024536386498
LOC111138024,0.683437801386339
LOC111100968,-0.0343741541065456
LOC111114722,0.657199287684433
LOC111112101,-0.657464512099046
LOC111118126,-2.30300302230069
LOC111118845,0.61101572494161
LOC111105578,0.106745484179053
LOC111107021,1.26595363289523
LOC111129469,0.354885743915223
LOC111130228,0.586674734903553
LOC111104108,-0.268765026134842
LOC111102070,0.703592453012557
LOC111099443,1.09274181724857
LOC111110856,-0.489226389288034
LOC111127899,-0.22772484342883
LOC111120603,-1.54307190212572
LOC111127138,-0.0672440329357894
LOC111106819,-0.856199980089293
LOC111128801,1.94834257818274
LOC111123579,-0.915604636384999
LOC111101867,-1.35157144176766
LOC111128800,-0.315945086770062
LOC111104356,-0.25466501766345
LOC111121319,-2.49018078235703
LOC111101002,0.23005334620717
LOC111114918,-0.913635137920302
LOC111136654,0.13799922080394
LOC111111907,0.0148109194779819
LOC111103598,-0.438585500476169
LOC111115539,0.714355055104506
LOC111125806,0.52369638384548
LOC111136733,-4.06590247461015
LOC111116617,-0.883560720019028
LOC111119209,0.126810156575074
LOC111104325,8.03214359296629
LOC111134005,0.112341613062787
LOC111130903,0.396939874574871
LOC111120785,-1.36029946224714
LOC111118304,-5.15118813787658
LOC111115894,0.555049150554042
LOC111109418,1.99717577249154
LOC111136595,-0.261218731941465
LOC111120949,0.425845868086115
LOC111113090,-1.01433577945312
LOC111112751,0.815859820837238
LOC111121878,0.380347327367057
LOC111108513,0.649394310784044
LOC111122830,-0.287779922708744
LOC111105525,4.56391216989005
LOC111104062,0.152466314105805
LOC111129733,0.140212515812517
LOC111099147,-0.547609275971428
LOC111125281,1.1699998422675
LOC111110793,0.031069715940777
LOC111113926,0.0811855029701199
LOC111131580,-1.01407872391903
LOC111136789,-0.463230797108031
LOC111106044,0.384863823365473
LOC111126265,-0.627060745882791
LOC111129346,0.0778386096632766
LOC111114230,0.308989784394963
LOC111099897,0.0122371124825083
LOC111100796,-0.29527723438624
LOC111135935,-4.83870846394975
LOC111136561,-0.402506756589461
LOC111124619,0.819421575192241
LOC111121182,-1.34764642448667
LOC111133413,-0.322385983440844
LOC111126244,1.38567351523932
LOC111116407,-0.252215492981054
LOC111136298,-0.715792711170789
LOC111127959,1.95325142048467
LOC111118776,-1.49581286699486
LOC111127263,-0.156595629386536
LOC111106522,5.65474791043168
LOC111114825,0.0440393611398384
LOC111126213,1.05302249174845
LOC111127458,0.452937498514458
LOC111117529,-0.283401739072189
LOC111122003,0.309555116688191
LOC111129969,-1.16671953513625
LOC111102243,1.73632421769486
LOC111128678,2.69175791494868
LOC111121899,-0.215681453972546
LOC111102167,1.20607565692007
LOC111104132,0.212057985732728
LOC111136481,-0.400862561487435
LOC111115113,-2.63789656102505
LOC111120015,-0.222336504955336
LOC111130981,1.11541369792264
LOC111124202,8.93719686954648
LOC111121134,-0.584501530779707
LOC111109743,0.874746131053994
LOC111122589,1.05764839312941
LOC111121111,0.553788845507752
LOC111112071,0.48674173821919
LOC111121000,-1.68522124152527
LOC111133063,0.333408329020834
LOC111125672,-0.496436190763872
LOC111126084,0.140174513247071
LOC111102871,-0.875250905462829
LOC111119103,0.882189192848362
LOC111128780,-0.119180908585152
LOC111112685,0.423198484103782
LOC111136013,-0.145966399329356
LOC111103074,-0.176755084534427
LOC111103076,0.109807816723137
LOC111129116,0.0845621704557887
LOC111106987,-0.176046344380308
LOC111101036,1.3465666794765
LOC111108723,2.04429098767854
LOC111107947,2.22880270291997
LOC111111522,-1.52405736909459
LOC111104085,1.15943488582391
LOC111130436,-0.680271353976736
LOC111104021,-10.4017853443621
LOC111118325,-1.94127402487481
LOC111138248,-0.354153865813838
LOC111134435,0.589794992629259
LOC111128471,-1.42217854877201
LOC111136762,0.976155718224417
LOC111124833,0.272568603054115
LOC111127232,-0.423907601858897
LOC111101420,0.649945563248975
LOC111138330,-0.992867739390522
LOC111122097,-0.892227772435986
LOC111129048,-0.231749246410939
LOC111114865,0.102300176181971
LOC111114655,-1.64999471656221
LOC111118157,-0.759347935093521
LOC111115424,-0.0408120155440483
LOC111129066,-0.098524347600458
LOC111129946,0.329749296521288
LOC111130553,-0.68494811788953
LOC111117044,0.0808960086004567
LOC111104390,-0.496534086871811
LOC111136775,-0.0319259484507012
LOC111124884,0.284102514996044
LOC111118070,-0.17029235193566
LOC111114966,-0.938871025991554
LOC111116015,0.357143503758893
LOC111106719,-1.45051500190674
LOC111126648,-2.58326267276192
LOC111121160,-0.0179718027548257
LOC111133641,0.542126705388156
LOC111105103,-0.533370999272342
LOC111130509,-1.79892546039392
LOC111127540,-1.00366945012162
LOC111111589,0.52157107702431
LOC111099604,0.470362309677544
LOC111132804,-0.27236421378654
LOC111133030,-0.0344554262985952
LOC111129610,-0.63130101277339
LOC111121388,1.34598071423496
LOC111125058,1.05840788311086
LOC111125389,0.272347192504498
LOC111109470,-0.677555112294845
LOC111129971,-0.103296922633251
LOC111115259,0.378623101455395
LOC111106016,0.403809958013551
LOC111136053,-0.358230423026836
LOC111136052,0.0113502737526669
LOC111127738,-0.305031086314602
LOC111106545,-0.0464286548918001
LOC111131759,1.59563488282011
LOC111130882,-0.388983787732534
LOC111107646,0.251389817912535
LOC111112742,-1.19298972255213
LOC111121920,2.33996724647934
LOC111124990,0.898914609276218
LOC111106770,-0.0172603389432171
LOC111137464,-0.608723882153903
LOC111136180,-1.04683412399596
LOC111131686,-3.31592382914341
LOC111136125,-0.00404788989460309
LOC111135492,-0.294537321222302
LOC111126699,0.616749894888176
LOC111124091,0.667956710988731
LOC111135751,-0.164841515744818
LOC111100634,0.545016457731557
LOC111106152,-0.163981817761037
LOC111131822,0.405892085463533
LOC111122166,0.619021738662242
LOC111137371,-0.128823701641214
LOC111117464,-3.96557568958178
LOC111119421,0.719622875635858
LOC111138199,2.07003146280177
LOC111134743,-2.11896247351903
LOC111135002,-2.73918785863707
LOC111100888,-1.90043331488417
LOC111120609,-0.688442336995792
LOC111125838,0.0836318046409465
LOC111106464,-0.351200189086437
LOC111136635,0.414749147851945
LOC111134370,-0.400603314300196
LOC111120593,0.186968868407253
LOC111124132,0.539084087066807
LOC111105153,-0.784233173452461
LOC111122957,-0.353455310123847
LOC111101795,-0.11644377001092
LOC111108696,0.408442303910196
LOC111100329,0.022197164698159
LOC111106254,-4.54790585132085
LOC111118392,0.806110004371067
LOC111106519,0.0364640603091018
LOC111123478,0.104838966460803
LOC111119702,0.481689716904312
LOC111133188,1.65157159572869
LOC111103693,1.30225863381805
LOC111099189,0.85639033553693
LOC111137048,-0.246742685646142
LOC111118797,-1.44221802410686
LOC111113924,2.22767697667147
LOC111135773,-0.821112648391306
LOC111135975,-0.972882506210779
LOC111101788,-0.463372811986216
LOC111107775,0.567435504796833
LOC111117753,-1.04734967121926
LOC111120020,-0.130930174624389
LOC111128976,0.413751291541084
LOC111107501,-0.809703071400303
LOC111125141,-0.956882717002323
LOC111127288,-2.05874270451937
LOC111100696,0.298980123205344
LOC111122499,0.0351679673990138
LOC111124266,0.244370024692469
LOC111124330,0.51000647200687
LOC111121567,1.38688062068624
LOC111133741,-9.16062810128825
LOC111113016,-0.00699128907119877
LOC111106072,0.643152725529702
LOC111119062,-0.434204049617522
LOC111103430,0.776377066512596
LOC111104383,-0.858247250246783
LOC111133144,-0.41369890290832
LOC111102942,-0.294909749871149
LOC111109462,-1.819579381242
LOC111135634,-1.08615626491998
LOC111128297,-0.0227927225261565
LOC111130826,0.672370176634732
LOC111127011,1.2377985949495
LOC111111510,0.419711993742587
LOC111119228,0.0556662507849077
LOC111135077,1.95411443579265
LOC111103514,-2.21917818994617
LOC111126060,0.327601374641167
LOC111122694,-1.51953701554525
LOC111128406,0.581554504894492
LOC111133382,1.36622847295663
LOC111100629,0.00478508597265904
LOC111120970,2.93087105266699
LOC111108204,-3.05099538283051
LOC111109684,-0.456129287501863
LOC111108847,-0.355410869978538
LOC111105129,1.26159383169274
LOC111134231,0.140463056016681
LOC111108574,0.910368774557704
LOC111115336,0.302112675469272
LOC111132467,-0.127147200865169
LOC111131383,0.342501518230867
LOC111131294,0.800578140525363
LOC111120833,-0.418344454625243
LOC111108835,-0.0355796706198877
LOC111119885,0.104029928664027
LOC111119538,-1.05278522886672
LOC111127868,6.28829761557167
LOC111100138,0.305151823693517
LOC111101860,-3.9363027110337
LOC111120981,-0.111835837296627
LOC111107254,0.813719681207073
LOC111123558,-0.0819991143689154
LOC111104020,-3.86452656502278
LOC111101840,-0.447025922714569
LOC111129076,2.11225274902891
LOC111099150,0.612983238053028
LOC111125898,-0.702312870184034
LOC111131049,-0.287728782823124
LOC111109696,0.360337124768581
LOC111135757,-1.90314818154955
LOC111115204,-0.831494903991649
LOC111119718,-0.689262475976536
LOC111107245,-1.01782162557776
LOC111135551,0.116245044617471
LOC111127078,2.74528213757948
LOC111123201,-0.272351200233409
LOC111132231,-0.274728198457983
LOC111117749,3.38357213121353
LOC111127553,0.712780256373626
LOC111119756,-0.585408315050725
LOC111135343,1.3359813500985
LOC111116369,1.54775507193136
LOC111123296,-0.0787758334403961
LOC111123565,1.17038736390236
LOC111124511,-1.91779061909133
LOC111117759,1.02881056784033
LOC111134354,4.26236627812612
LOC111135565,-0.75516499693098
LOC111109516,0.0512414877752741
LOC111105731,0.0498161119207984
LOC111104109,-0.0677730394681468
LOC111118006,0.438159695184248
LOC111109330,-1.55999946741635
LOC111124019,1.31765611078904
LOC111119424,0.271699529325734
LOC111106320,0.252541930223158
LOC111120535,-1.08341022987393
LOC111136906,-0.169254081138292
LOC111127561,-3.72565746821086
LOC111119620,0.02092996910234
LOC111100528,-0.383956584107162
LOC111112653,-0.307126971458108
LOC111120563,-3.68831495100198
LOC111125453,1.11786304761653
LOC111108185,0.387327617094471
LOC111103248,-0.205259826903078
LOC111121707,-0.745217545699181
LOC111105809,-0.014681339621285
LOC111130422,0.11387835027026
LOC111125905,-0.897313308898184
LOC111117430,-0.692555456669474
LOC111124887,1.80639350811612
LOC111112207,-0.0894857898901477
LOC111109639,0.3701129629886
LOC111100920,-0.36868136461242
LOC111106326,-0.646266829683448
LOC111104490,0.531157059773873
LOC111123877,-0.294280558325318
LOC111137626,0.0889460243078711
LOC111107768,-0.111537154284147
LOC111128725,0.310194900112537
LOC111099080,0.395801644014068
LOC111103519,0.61344495947815
LOC111133473,1.36698046597163
LOC111117764,0.759520752850507
LOC111134405,-0.0694447706468719
LOC111126239,-0.00589728426699384
LOC111106694,1.62801545765276
LOC111117704,0.757060346262447
LOC111130532,2.11681821970575
LOC111118350,-0.734605272156496
LOC111106324,0.373085558143862
LOC111101435,1.28026325928336
LOC111128060,-0.0677305726218646
LOC111113037,0.332666277063131
LOC111135193,0.253839415312692
LOC111113220,-0.528913812581573
LOC111135656,-0.459241040813248
LOC111129136,-1.28210323989469
LOC111124905,-1.76651333013912
LOC111124535,3.60154459707966
LOC111135122,-0.193332892588441
LOC111114030,-0.595831565781534
LOC111121351,1.51413855675809
LOC111134230,-8.31954908077598
LOC111103984,0.560122229471504
LOC111116594,-0.333735624756657
LOC111132699,0.0944895416984446
LOC111133194,-0.0261769967494187
LOC111124332,0.394156075132112
LOC111134974,-0.29007664231395
LOC111119429,0.174294260098209
LOC111100257,1.51431114371597
LOC111113616,-0.168597206213451
LOC111129083,1.54740330256039
LOC111133401,-0.158639547327249
LOC111121087,1.63646279376295
LOC111102889,0.33857719437715
LOC111102560,-0.827708958028491
LOC111125490,0.306501240864843
LOC111099841,0.112493446201831
LOC111099677,0.770451156179775
LOC111135857,-2.56217460522747
LOC111137896,-0.123955195598449
LOC111134120,-0.53051928285534
LOC111124890,-0.371112169560585
LOC111124891,-1.28332331421657
LOC111133336,-0.388636332170262
LOC111120523,0.101399563476099
LOC111118068,0.0327649905248628
LOC111116611,-0.305435679588929
LOC111104775,0.131770893250992
LOC111128085,-8.88102981633725
LOC111113165,-0.428242055670641
LOC111127485,0.322173321954172
LOC111112743,0.400576709649053
LOC111101764,-0.37881182166718
LOC111138293,5.70006363371869
LOC111114283,2.25661511567972
LOC111111072,0.496649655526355
LOC111111945,0.0663057570383726
LOC111131375,-0.700555839803248
LOC111107924,-3.6274879886934
LOC111112034,0.206632111109007
LOC111115085,0.368583619676878
LOC111127186,-0.508489103152166
LOC111114631,-0.000832105008458797
LOC111137682,0.0997549844924656
LOC111137681,-0.232654824893449
LOC111137680,-0.129625137866443
LOC111101432,-0.273522788513948
LOC111122577,0.00891764637755101
LOC111132643,0.0940306903972208
LOC111101787,-0.020939249574348
LOC111107274,0.833177037898334
LOC111103793,-0.66874268123415
LOC111132416,-0.349447807407809
LOC111133324,2.0705335894111
LOC111123875,0.296556617035867
LOC111101552,-0.222056372533761
LOC111115179,-0.00159100872676481
LOC111138113,-1.6207471049798
LOC111100835,-0.379836359552889
LOC111138514,0.183913984896355
LOC111132463,0.873956518841691
LOC111125605,-3.76147458277118
LOC111113535,-0.233739341362192
LOC111124721,-2.60329723411051
LOC111127509,1.49999340990696
LOC111129874,0.847852163392652
LOC111133045,0.241377926298262
LOC111136403,-0.248388801756104
LOC111130325,-6.40928646647341
LOC111131545,-0.170053988102204
LOC111137022,0.0283239216561633
LOC111125047,-0.84353480443942
LOC111108358,1.50697495271042
LOC111119868,0.000110995417746506
LOC111104078,0.381894081470096
ND6,-4.8626326042213
LOC111132604,-0.0344017351534772
LOC111100071,-0.841082247328729
LOC111099229,0.211515766837485
LOC111128968,0.180606095465286
LOC111128400,0.646812024204759
LOC111137229,0.324184962632168
LOC111135225,0.184778846980864
LOC111135252,0.393099462505161
LOC111120522,2.47148326491246
LOC111102289,0.036417165175862
LOC111123261,0.660654614333366
LOC111100755,-0.848810018584245
LOC111111136,-1.55306149101399
LOC111122634,-0.354870333200662
LOC111130378,-1.14984570219246
LOC111129697,-0.187274353674655
LOC111129731,-0.00573967465311639
LOC111109646,-1.1498568792156
LOC111115300,0.0340682759826877
LOC111107064,0.526529157919006
LOC111119457,-6.01087070233564
LOC111122739,-0.359669576764833
LOC111105791,-2.43271827339032
LOC111138386,0.957961057152436
LOC111110575,-0.0250985479505116
LOC111135137,-0.144289271643784
LOC111137503,1.87014603249812
LOC111134618,0.378257773227261
LOC111121782,-0.233771565184963
LOC111119126,0.540865859231769
LOC111121518,0.631798208514709
LOC111125095,-0.486881521869287
LOC111122017,-4.26142414699066
LOC111117958,0.491580138927287
LOC111117451,0.412622968763291
LOC111136768,-0.131722440825096
LOC111112615,0.472867754733911
LOC111124992,1.38474665928488
LOC111136652,-0.132569305591721
LOC111130820,-1.36118517428265
LOC111101147,3.40580169567069
LOC111135602,0.876929265167228
LOC111124525,1.3444194402985
LOC111112226,0.569726222798942
LOC111130179,1.38054303312222
LOC111120472,2.01284138069851
LOC111112253,0.920288012554501
LOC111135945,-0.0203459781229911
LOC111105312,2.69352299406511
LOC111133798,0.551065748494697
LOC111129520,1.17085836627675
LOC111106797,1.07299655353305
LOC111109396,0.140218411046399
LOC111112564,-0.148041595174991
LOC111116196,0.481246642041969
LOC111125433,1.61675059209465
LOC111101853,0.484865869181733
LOC111101852,-2.1321544361985
LOC111115921,-0.93096427916312
LOC111117816,0.210312130059552
LOC111130626,0.653892831050488
LOC111136636,0.443475906937472
LOC111116022,-0.494009305762728
LOC111109931,0.0802405990792825
LOC111135679,2.93858853315688
LOC111101223,-0.776845871612669
LOC111110066,-0.248305946623607
LOC111128402,-1.01630322916959
LOC111135606,0.203974393309836
LOC111115381,0.564890717854134
LOC111113424,-4.40297569111446
LOC111111342,-0.678753962015992
LOC111116060,-0.609102907911251
LOC111135476,-0.782689295875628
LOC111128912,-0.291757496545393
LOC111134460,3.71369653657491
LOC111133297,0.289550013454305
LOC111128683,0.794008716179815
LOC111136153,-0.140748845378753
LOC111105238,-0.034364817009605
LOC111117859,0.212326460736825
LOC111107050,0.218483626585547
LOC111138181,1.4391508695221
LOC111101979,-0.908289614408245
LOC111100713,0.0559608745301053
LOC111120763,-0.173017915057384
LOC111119689,1.16116609043109
LOC111126774,-0.820805834576925
LOC111110373,-0.154702579975736
LOC111120104,-0.144185340290502
LOC111133721,-1.66039221486651
LOC111100874,-0.0491049059337516
LOC111101595,0.352942665054812
LOC111107722,0.297916162220055
LOC111129367,-4.28600461107824
LOC111125965,0.175675084604525
LOC111110032,-0.308487567219547
LOC111107602,0.218116186181562
LOC111113315,-0.777563797860273
LOC111101946,0.225490813264422
LOC111117866,-0.20234472628101
LOC111118688,-1.01475976561509
LOC111100838,0.00551337010745968
LOC111110716,0.30644445943988
LOC111115001,-0.925239812433721
LOC111137422,-2.71871534691024
LOC111127922,0.19449488721771
LOC111124313,1.16475951629097
LOC111101228,2.35851772655079
LOC111121925,0.0863151493214677
LOC111116883,-1.20918973402527
LOC111109700,0.167818725822262
LOC111136546,-1.80211642497972
LOC111132469,0.18595568966869
LOC111127332,-0.337188995554102
LOC111105504,1.12973996898163
LOC111118878,0.400587106639853
LOC111112368,-0.694656471113362
LOC111103594,0.00956636850215981
LOC111132299,-0.984714499440064
LOC111125789,0.576452538707572
LOC111118341,0.773622871424584
LOC111103749,2.20639946002818
LOC111118504,-0.775681040673894
LOC111126495,0.359545722286108
LOC111126560,0.840153253170695
LOC111113309,-0.429650925671481
LOC111133465,2.17830363465196
LOC111131084,0.00855656950618048
LOC111112305,0.266598643740829
LOC111116315,0.0267962619913651
LOC111121164,0.303989615555086
LOC111108948,-0.563364772605842
LOC111107827,-1.92368267089723
LOC111118323,-1.48016875818414
LOC111123091,0.249818687189465
LOC111128089,0.77329334232605
LOC111100014,-0.208063140130541
LOC111130648,-0.721148038313334
LOC111117728,0.472202362953024
LOC111108743,0.53215327436835
LOC111112271,0.497940836005475
LOC111107407,-0.765808966951284
LOC111136078,-0.843068016476287
LOC111102805,-0.294689487876556
LOC111123963,1.98553304163257
LOC111134672,0.707735134622068
LOC111122420,0.809151410619957
LOC111136901,-0.408924696264918
LOC111134359,-0.425329763365193
LOC111112991,1.44968236749433
LOC111126935,0.0979855592318283
LOC111126164,-0.0448183037408392
LOC111129448,0.446450604788044
LOC111114524,-0.252207574263553
LOC111101205,-0.274763725141021
LOC111138287,0.0568695105794302
LOC111112185,1.17111558089329
LOC111121152,0.508935136658552
LOC111100103,0.499796444938103
LOC111119762,0.0824572496789297
LOC111134437,-0.651481964849462
LOC111100915,0.298417212765538
LOC111111663,-0.503184992876301
LOC111116825,-0.949115821924642
LOC111127857,0.553126283632936
LOC111133304,-0.0966432006574577
LOC111121202,-0.0743224878840577
LOC111126918,0.0637565740294911
LOC111108769,0.0714815916905887
LOC111134037,-0.511989860010943
LOC111107548,-1.38747897684838
LOC111104147,-0.289864457748606
LOC111131212,1.56715475779855
LOC111115873,0.254769102643677
LOC111103312,1.54712166920787
LOC111106150,0.264438850990574
LOC111130932,0.71875176211516
LOC111112498,-0.148460049743955
LOC111114831,-0.42802303033004
LOC111128654,-0.636512605826604
LOC111121850,-16.6663150658519
LOC111135986,2.54780827083836
LOC111118129,-1.98710663060973
LOC111113242,0.0184448795062009
LOC111133061,0.333484009061829
LOC111120756,0.306741489346734
LOC111135243,0.804083636797416
LOC111134069,-1.16963379891177
LOC111133168,-0.668940903327855
LOC111125926,0.0766335205926696
LOC111121034,-0.0281750693317266
LOC111132104,-1.01249159850843
LOC111099544,0.536111426240028
LOC111102755,-0.0164818289940805
LOC111127559,-0.991634378547351
LOC111111017,1.0755077010585
LOC111137018,0.297616838620334
LOC111123599,43.8959987871824
LOC111114131,-0.205026490536384
LOC111124653,-0.218536298938696
LOC111117099,-0.297970451171694
LOC111114576,-0.459248540462366
LOC111133543,0.421081215789682
LOC111115801,2.41765673915219
LOC111122412,-0.122287439702997
LOC111124850,-0.172048481706969
LOC111124059,-0.920612645461002
LOC111126791,-1.53235692437817
LOC111123145,3.78625471773684
LOC111104804,1.42955742232662
LOC111123474,-0.528706994877377
LOC111130043,0.75864500690231
LOC111133782,2.23010859345978
LOC111099107,0.340996270990463
LOC111128155,0.576536409160543
LOC111101293,-0.742181510937456
LOC111124747,2.60717386987639
LOC111121414,1.99996394272628
LOC111133526,-0.603481730648253
LOC111100144,0.119733843588214
LOC111135641,0.0598055805679537
LOC111134859,1.01857090570056
LOC111137803,-0.554637818298078
LOC111120182,0.206033442771432
LOC111120516,0.261207457197772
LOC111127647,-2.19148253353737
LOC111136948,0.501642826871225
LOC111121196,-0.329950462445958
LOC111123956,-0.866673746888069
LOC111127444,-0.114690706612073
LOC111137481,-0.28023877581296
LOC111126543,-1.23723291916388
LOC111134713,-0.5825844555082
LOC111126687,0.00215165238947937
LOC111131029,-0.0894304882104067
LOC111135274,0.364305345469365
LOC111131151,0.431012519000654
LOC111118970,-0.815731078444318
LOC111123964,0.0744053807584115
LOC111104023,1.09796312769498
LOC111114163,-0.32242797485728
LOC111105498,0.244862090430797
LOC111119088,-3.31139372383493
LOC111106766,0.793529671262381
LOC111116237,-0.284361371223516
LOC111128530,-0.773895491480294
LOC111115129,0.0137231987682334
LOC111107282,24.4578651037217
LOC111132637,0.953942754101563
LOC111127918,-1.71958762950425
LOC111135853,1.55213258298391
LOC111129964,-1.57094076816743
LOC111113020,1.46320313122902
LOC111122592,-0.0770163470931487
LOC111099886,-0.115232473251429
LOC111102511,-0.794667915784635
LOC111117583,0.872216751915434
LOC111121469,1.49917947438974
LOC111117370,-0.0344261105610819
LOC111114369,-0.100250196790183
LOC111121703,-0.101613070231281
LOC111124693,2.32837165784891
LOC111124756,7.44425987018045
LOC111132319,-0.281566107479589
LOC111125627,-1.99895231013957
LOC111103779,0.367659328012212
LOC111121635,0.853650723549141
LOC111123946,0.482787916666093
LOC111137296,-0.459861326926349
LOC111118317,0.536013701800178
LOC111103708,-0.81931541060075
LOC111122368,-0.207001954266646
LOC111104711,-0.0343526550361465
LOC111128461,1.75503127826019
LOC111118875,0.29095218807535
LOC111112511,-0.197266291514521
LOC111137542,-1.16104364434465
LOC111113216,0.634461809876694
LOC111130538,0.807527068698543
LOC111124530,-0.937983894125183
LOC111116940,-0.390029390114838
LOC111126010,-0.259464705314055
LOC111125083,0.160666424685381
LOC111127760,-0.105071292557602
LOC111109074,-3.16685576348089
LOC111123337,-0.852041489916986
LOC111125788,0.58847387609192
LOC111123093,0.948553111564482
LOC111128301,-0.00903476267566275
LOC111133279,-1.01918940002953
LOC111117921,-10.6128047874666
LOC111128352,-0.224967415759363
LOC111121409,-0.111823820870871
LOC111134293,0.667733777280009
LOC111104029,0.462979669951987
LOC111100819,0.0464564008151905
LOC111133313,-0.303080880862843
LOC111108138,-0.320190126635286
LOC111128949,1.20965746064123
LOC111118181,1.05062303219154
LOC111104536,-0.0679889095797741
LOC111117584,0.501977522164645
LOC111132167,0.0953746112477523
LOC111115186,-1.51122413308921
LOC111137299,-0.199060599645888
LOC111124897,2.75773606886591
LOC111129002,-0.649325995551438
LOC111136199,-0.0865798888138851
LOC111100546,-0.484091394589513
LOC111129622,0.297246193675723
LOC111101048,0.0542575256852517
LOC111108224,-0.213292875166583
LOC111127517,0.196301891809555
LOC111121745,0.264011419803659
LOC111113443,-0.445525332307616
LOC111115132,-7.741904387387
LOC111119855,-1.57025284571736
LOC111119818,-0.336805338045941
LOC111125275,-0.747886830293253
LOC111115046,-0.179695232253559
LOC111127327,-0.531283604966129
LOC111130871,-1.06405515587229
LOC111124428,-0.178338159791701
LOC111124948,0.422310366858594
LOC111122247,0.144409837469681
LOC111125258,0.36853984756564
LOC111109442,0.345436580066813
LOC111111811,-3.23727642453655
LOC111114203,0.669766756994231
LOC111122177,0.0269041005768449
LOC111100033,-0.269783457187434
LOC111103981,0.608177400934914
LOC111133400,-1.31771565053395
LOC111131868,0.466677648760226
LOC111121073,0.29605008865639
LOC111130075,-0.603431369995687
LOC111129901,0.803302388372598
LOC111118280,1.49392735894966
LOC111100849,0.145444246536757
LOC111101530,-0.186964058179539
LOC111113564,0.0498170194802807
LOC111138281,-0.434550703796808
LOC111136306,0.181241649102344
LOC111120072,0.0719663902180076
LOC111126977,-1.39760985962827
LOC111111742,-0.00799943160411511
LOC111106907,0.587637953310961
LOC111102733,0.0498109654945827
LOC111108475,0.299821202357765
LOC111122020,2.16416844519683
LOC111119750,-2.35434437188013
LOC111109131,1.64849817272108
LOC111124977,1.0049597321706
LOC111100615,0.496640776636821
LOC111103930,-0.581817552433947
LOC111112489,0.0233986959253245
LOC111132860,0.0383743121186313
LOC111116461,-0.405541085039828
LOC111111662,0.0780819261402123
LOC111102095,-0.12750557449925
LOC111132184,0.5854426680452
LOC111100499,1.97230203626548
LOC111121384,0.179568076926397
LOC111119910,0.0848172164149461
LOC111125443,0.49580519408707
LOC111127525,-0.356317645196331
LOC111121053,-0.212553996525182
LOC111132175,-1.03652116652482
LOC111102413,0.255253516969224
LOC111123989,-0.224529346912942
LOC111107786,0.29796208739595
LOC111118550,-0.373301923963293
LOC111121241,0.683453578218945
LOC111128857,-0.222794282825083
LOC111132417,-0.678242918444026
LOC111129816,0.277183172574216
LOC111135917,0.331683688975585
LOC111110645,-3.58606579600951
LOC111135500,-1.42064764830296
LOC111122887,1.03016093964017
LOC111114021,-0.0343578494868463
LOC111113042,1.11614897605305
LOC111129820,16.5291534460671
LOC111134890,0.144336818412511
LOC111134891,1.19074038671041
LOC111119487,1.75718136978605
LOC111132099,-0.042610927232327
LOC111103695,1.19170171680289
LOC111106208,-1.85307300460578
LOC111132535,-0.112862442762067
LOC111117995,-0.463396834287889
LOC111109817,1.25907255651078
LOC111121818,-0.301318910240541
LOC111101215,-0.766780385385181
LOC111108191,1.4336234522683
LOC111120566,-1.38727522155065
LOC111129334,-1.17138291963021
LOC111120131,-2.84715751632105
LOC111109548,0.66180102717297
LOC111118351,0.0191620884599441
LOC111136714,-4.46197491792298
LOC111104387,0.805240432771518
LOC111112043,-0.769454675962629
LOC111101832,4.2418864083667
LOC111134753,-0.125617644603464
LOC111138289,-0.380871832192416
LOC111103872,0.0339712100203613
LOC111107175,-0.554077229974272
LOC111128470,-1.18376986949771
LOC111106973,0.852639966765955
LOC111133585,0.127916653320074
LOC111136896,-0.307129764034458
LOC111117819,0.0498122164163833
LOC111117905,3.09847296175625
LOC111116202,0.294255083997311
LOC111137062,-0.443789540014022
LOC111110228,0.409475132723413
LOC111135950,0.359669694348793
LOC111114657,0.414450355810714
LOC111125119,-0.383603452620398
LOC111099898,0.0476680480370225
LOC111118758,-1.04043303750531
LOC111100504,1.39783389321255
LOC111116030,0.375945562918278
LOC111137091,4.09035361365799
LOC111100792,1.0021556410627
LOC111131525,0.0103215207211233
LOC111104617,0.387956820811277
LOC111114134,0.0367538150930891
LOC111106618,1.05797679526495
LOC111119896,-3.7541153463425
LOC111124350,-2.32000833542939
LOC111103347,-0.859008891855327
LOC111124322,-0.863684128438979
LOC111132883,-0.297077788961753
LOC111119207,3.14391579526176
LOC111127537,0.698226392913498
LOC111129719,0.0320094182461308
LOC111123038,-0.12477485558003
LOC111109793,-0.130563057347613
LOC111115566,0.081924429652205
LOC111134026,1.66087385636606
LOC111116001,-1.18700368849046
LOC111129212,1.16739538122951
LOC111134356,0.62663967836591
LOC111136763,-0.130995422998694
LOC111138022,0.718659851447582
LOC111123892,-2.48706685754215
LOC111130971,-0.543880462460417
LOC111115069,0.288887676960815
LOC111112109,0.0373225759688441
LOC111137601,-0.00804289656129454
LOC111116356,0.835567307601335
LOC111132777,-0.076684334390876
LOC111121156,1.38181896611972
LOC111112631,0.264464997482367
LOC111132174,0.101812485724845
LOC111112344,-0.278774432657919
LOC111121333,0.53196736258019
LOC111101148,-0.713102804105262
LOC111113364,-0.974088824812368
LOC111135085,-1.42258227835434
LOC111128075,0.441824228451563
LOC111130367,-0.25246360304138
LOC111138206,1.75554729204753
LOC111122106,-0.599339194529197
LOC111127194,0.734004893202746
LOC111115659,1.69753563999299
LOC111136782,-0.513212996186629
LOC111120965,-2.94009388613788
LOC111127951,0.248780287019689
LOC111128793,0.525351521248019
LOC111118660,4.3974716489502
LOC111133238,1.61337787659302
LOC111107112,-0.407287175076056
LOC111130160,-2.82257271285298
LOC111102274,-0.841182363511334
LOC111135472,-1.64196084789102
LOC111134953,0.477548455849823
LOC111134071,-0.348226970813234
LOC111115722,0.17959187960713
LOC111103905,5.26861808770801
LOC111125882,0.506789831761725
LOC111118514,0.00814622851186746
LOC111134694,0.956161039256464
LOC111100409,0.147337242346412
LOC111121673,-1.33563002488598
LOC111128584,-0.271030432106406
LOC111107342,-2.41213601942395
LOC111123772,0.261374155822509
LOC111121944,0.38486657012722
LOC111132811,-0.558497344527361
LOC111108957,0.159724087180946
LOC111132965,-3.40258522070175
LOC111117954,3.14832748988325
LOC111136672,-1.45671755527295
LOC111123025,0.686117639587125
LOC111120888,0.203939121597443
LOC111136575,0.015391700533288
LOC111133107,-2.22540161935649
LOC111112598,0.0330494010807825
LOC111099494,-2.44960355688008
LOC111117192,2.75410897974883
LOC111133683,-0.128129493361813
LOC111125540,-0.622004607161796
LOC111103487,0.462941394871298
LOC111132202,1.27187328413146
LOC111122881,0.673143985238551
LOC111119778,0.21394926878195
LOC111110871,-0.544961608703338
LOC111100706,-0.648168691076919
LOC111107962,-0.306558559368591
LOC111125631,0.128184036424623
LOC111128788,-1.51618603496098
LOC111115914,0.1795649043502
LOC111105223,0.0994614076304723
LOC111135821,1.98629645677346
LOC111129059,0.273235418647539
LOC111117459,0.527153080193714
LOC111117570,7.45532920137197
LOC111106049,-0.862618795225953
LOC111103707,-0.516260025910402
LOC111124684,-0.480875542164719
LOC111109205,1.50958746833457
LOC111112291,0.370140639799425
LOC111128399,0.410333431995367
LOC111114363,-0.134523577235169
LOC111135088,0.459658675700918
LOC111137100,-0.604134926294193
LOC111126242,0.685171812610543
LOC111117298,0.583691892787065
LOC111106257,-0.534683689211141
LOC111128120,-0.275117822343656
LOC111133253,-0.103257382532339
LOC111100608,-1.51725586211297
LOC111123339,2.03087767524832
LOC111127500,-0.0344276888478705
LOC111106501,0.548298100223856
LOC111117446,0.0498306307984989
LOC111127244,-1.00622632501182
LOC111103247,-0.0147122947397406
LOC111129995,-0.71913235034107
LOC111117925,0.226452753943794
LOC111104629,1.44088043665124
LOC111112965,-0.435712697515523
LOC111106914,-0.308423855261492
LOC111103482,-1.79893679558209
LOC111133067,-0.284192942680014
LOC111116328,-0.0503415264059001
LOC111102174,-0.104193274296094
LOC111113683,0.029663497587981
LOC111127427,-0.673924765925021
LOC111115372,-0.577258694273134
LOC111113836,-0.594548494210454
LOC111103380,0.229210085419223
LOC111109924,0.221920785857087
LOC111130975,0.22316104366733
LOC111118139,0.356880188023734
LOC111107876,0.408534307528394
LOC111132557,1.25943176815146
LOC111128140,0.108875176880525
LOC111100625,-0.988622681739061
LOC111108001,-0.43286122670672
LOC111137607,1.04696969284766
LOC111136419,0.0513017949974995
LOC111119218,0.0616824044842836
LOC111132519,3.49465428941624
LOC111110890,-0.57081661913157
LOC111116535,-0.165591379893956
LOC111101192,-0.401356539808976
LOC111117093,-0.180933600643947
LOC111131541,-0.517442098212817
LOC111101129,0.273851810658404
LOC111130359,-0.564933851711783
LOC111132496,-0.387023286342167
LOC111130505,1.03323593303339
LOC111128557,-2.32256937003618
LOC111119016,0.642308618379408
LOC111120496,0.0236575235143556
LOC111115363,-0.361102609721604
LOC111130170,0.480707189244876
LOC111133706,0.229243996424009
LOC111108216,0.754830684167305
LOC111115870,-6.68851223798344
LOC111117692,0.470520138076747
LOC111106014,-0.523493921491375
LOC111133181,1.39783855827259
LOC111126117,-1.62361468822426
LOC111101778,0.821892335100786
LOC111101375,-0.0165430414665068
LOC111115532,0.148406769852078
LOC111121616,0.0772556843021647
LOC111121237,2.07951489616062
LOC111135237,-0.445376344942585
LOC111129311,-1.64599624100116
LOC111125212,-1.27360676426331
LOC111117760,0.537127991480215
LOC111115112,-1.20806131852825
LOC111104762,-0.301112341127146
LOC111121964,0.908645166464499
LOC111118224,2.73064044711501
LOC111128850,0.381651202959745
LOC111130865,-0.798851635834935
LOC111134507,0.211132160334666
LOC111123236,-5.97702497001712
LOC111111157,1.0439094555879
LOC111122940,0.0088680605287299
LOC111100951,1.33697751222897
LOC111118040,0.186759537744231
LOC111105782,-0.42612326677663
LOC111104080,2.02392236745293
LOC111108274,-0.519453373939129
LOC111128055,0.75097977753701
LOC111133594,-0.723900882134446
LOC111137325,0.0121376081485552
LOC111129455,-7.3225220112625
LOC111119753,1.22691500698886
LOC111120941,-0.371549068726931
LOC111136188,-0.0862592364636739
LOC111118552,-0.190061138005355
LOC111102415,0.515941220452843
LOC111135807,-0.672875483026793
LOC111137929,-0.500216288904333
LOC111100427,-0.335314530173013
LOC111106222,0.490763067595785
LOC111118438,0.0670884965231523
LOC111123836,0.476231300409598
LOC111135954,-0.816781112666806
LOC111100935,13.3126801629786
LOC111112880,0.316165603839224
LOC111131168,-1.08515770362725
LOC111132969,-0.596023275491629
LOC111108251,-0.518519732340311
LOC111132336,-0.363719807092548
LOC111136867,0.272878757313027
LOC111108856,-0.255967627986723
LOC111109613,-6.23966454922356
LOC111130064,0.829397738478611
LOC111125581,-0.105857271033984
LOC111131771,2.68576269320806
LOC111130348,-0.373154978143109
LOC111125206,0.345258187454193
LOC111131308,-0.299074783742457
LOC111121071,-1.63639410362465
LOC111117649,-0.812980044334642
LOC111134161,0.422725178819862
LOC111110438,-0.038396689911534
LOC111133216,1.29798325816903
LOC111116403,0.551990061116478
LOC111121184,0.613153957738347
LOC111109348,0.451028935716166
LOC111117717,0.59371734553383
LOC111122847,0.607012416555958
LOC111118410,-0.553717074396848
LOC111101237,0.0937085246558535
LOC111130700,-0.426134654073309
LOC111101313,0.114998590331432
LOC111106795,0.529379929363007
LOC111110859,2.20824597778907
LOC111117756,0.297612475219024
LOC111112050,1.32908784823718
LOC111129672,0.667074663283542
LOC111128425,1.4556264207475
LOC111123791,0.472805967978302
LOC111118613,-0.27552942649934
LOC111135186,-0.654272004216082
LOC111103881,0.372888894810018
LOC111137611,-0.479194632507578
LOC111117803,0.297799327425144
LOC111133736,0.0938810789088885
LOC111123515,0.527410721301957
LOC111122946,-1.37550848510709
LOC111099812,0.00738671034661056
LOC111100408,-1.37386111138225
LOC111119968,0.252099478678566
LOC111126892,0.264473157020277
LOC111129635,0.136705306389694
LOC111126730,0.349738952537734
LOC111122057,-0.434016075191639
LOC111112732,0.253523319588864
LOC111104236,0.313302919650733
LOC111113177,0.171950333262842
LOC111106028,0.401897748233449
LOC111124701,2.42866700182317
LOC111138350,0.396229846098764
LOC111103592,-0.0738675415712849
LOC111125216,0.666276858172481
LOC111126722,0.148340736722732
LOC111120140,0.953996049091366
LOC111135583,0.0973488188117003
LOC111101117,0.144660116790209
LOC111100599,-1.23765434680455
LOC111110434,0.535281829299945
LOC111134418,-0.0356688768884293
LOC111125648,-0.322938618425781
LOC111131529,1.54030075067773
LOC111120085,-5.2608508295983
LOC111132080,1.00096009418368
LOC111107879,-0.404048331633794
LOC111103570,-0.515919163317957
LOC111137690,0.113165822094153
LOC111127943,-1.41932235819819
LOC111128974,-0.366904600846703
LOC111106224,-0.635375608048834
LOC111110780,-0.649969836057146
LOC111130248,-0.347990524300167
LOC111137669,-0.988662222824474
LOC111110174,-0.0343752863744487
LOC111126579,0.166888705300867
LOC111116287,2.51990083293465
LOC111107256,0.555979755413638
LOC111126209,-0.0440734309598798
LOC111117700,0.055471748146925
LOC111128457,0.266790409733979
LOC111102031,2.08524612935858
LOC111118907,-0.257016706245511
LOC111109186,-0.133034551098505
LOC111120868,-0.42984449815561
LOC111099194,2.33961464652981
LOC111112299,0.0445296256886222
LOC111125688,-0.585731021328911
LOC111101141,1.21364669896739
LOC111137566,1.07581679917683
LOC111103635,-2.74863112114225
LOC111129283,-0.550742836153153
LOC111137058,-1.78582619233061
LOC111119912,25.9217232498387
LOC111130263,-0.610845790756438
LOC111106904,0.905992912148469
LOC111137800,3.93444434567004
LOC111122541,0.0538094312699573
LOC111131682,1.29285250399433
LOC111127126,-7.13184470114298
LOC111121770,-0.000240309479087121
LOC111119404,-0.343911388737554
LOC111131103,-0.147336426896383
LOC111136490,-0.028049046403567
LOC111114842,-1.88108088592209
LOC111111332,0.316472104514402
LOC111120592,0.891517119438879
LOC111116104,-0.449532898662097
LOC111101699,-0.776864943942589
LOC111133665,0.538548163484722
LOC111129724,-0.571933367787152
LOC111135996,-0.473829683862426
LOC111130861,-0.255264302608328
LOC111113542,0.0813553938535264
LOC111101356,1.28441422958817
LOC111125022,0.0682804646202746
LOC111114463,-0.0631869084446283
LOC111134721,3.48078170276523
LOC111112899,0.821310862448297
LOC111127405,-0.208720003140472
LOC111126080,0.0518876634065273
LOC111136484,-1.8629465121796
LOC111120591,2.18680030421949
LOC111107104,-0.54135479123932
LOC111133441,1.37845987648724
LOC111111194,-0.443573151690291
LOC111128595,0.271607341847196
LOC111120391,1.28576356356942
LOC111108791,-0.221727433061442
LOC111131211,-0.198077732449351
LOC111123732,0.319252471891641
LOC111119619,-0.350855495556657
LOC111113311,0.45628740151794
LOC111136175,0.82890640667244
LOC111102925,0.379847449648113
LOC111134907,-0.613957273974429
LOC111116894,0.592188983188629
LOC111135007,-0.682461679418891
LOC111116109,-0.296240590013341
LOC111119867,0.930323908484034
LOC111137540,0.505482091465791
LOC111122837,1.61865810529722
LOC111103527,1.16950489669598
LOC111136454,0.992472404530716
LOC111101601,-0.489102529642719
LOC111104742,-0.305508314396591
LOC111136759,-0.435272599247489
LOC111112762,0.725204617975809
LOC111120017,-0.27756773759951
LOC111131329,0.549857336178284
LOC111135516,0.252297845692263
LOC111127440,-0.902574926609256
LOC111115769,0.776374805600365
LOC111121923,0.757579340058428
LOC111127041,18.4614290042276
LOC111122705,0.676035364292731
LOC111115995,0.28192636684542
LOC111134191,0.0688007958869309
LOC111135381,-0.569151302533269
LOC111115321,0.854113141645367
LOC111129058,1.1031191322632
LOC111107607,-1.06767798913103
LOC111124710,-0.70776554133903
LOC111131073,-0.469943272668872
LOC111128566,0.112000458013219
LOC111127585,-0.233396814423067
LOC111109134,-0.802088221691719
LOC111134994,1.76211647865348
LOC111102913,-9.10396855842395
LOC111128762,0.286288692553772
LOC111123184,0.060192884602629
LOC111121431,-0.105866226849199
LOC111126742,-2.07056582663163
LOC111129155,0.615664134849059
LOC111112301,0.0855986211992196
LOC111104450,0.462620806416727
LOC111129718,-0.401326273183706
LOC111135431,1.3721197028708
LOC111125865,-0.133224455773391
LOC111136741,0.228848407936175
LOC111109752,-0.0498331095276126
LOC111127024,-0.623988352533867
LOC111117862,-0.779284151099975
LOC111134566,-0.0834781157748729
LOC111122494,2.30553455785781
LOC111108232,0.906774490287376
LOC111132278,-0.25709582126152
LOC111124146,0.783070164508205
LOC111132824,-0.251015857259626
LOC111118114,-1.16087931434027
LOC111129781,-0.560807541641502
LOC111125752,-3.10783030535629
LOC111120572,-1.05177906514937
LOC111103021,-0.391059393650158
LOC111116803,-0.193212141631231
LOC111101720,0.422701393397531
LOC111101361,0.0393287117004086
LOC111105250,0.78706889917655
LOC111128770,-1.98466602703586
LOC111103387,1.01042845622739
LOC111102085,6.18251580357451
LOC111125049,-0.918220621884212
LOC111111584,0.0768753772588256
LOC111125755,0.049772893107742
LOC111117701,0.370515852112064
LOC111130755,0.143054994881343
LOC111126586,-5.19255274207466
LOC111136916,0.786963719775502
LOC111129394,-0.998700354007413
LOC111101525,-0.017723110149084
LOC111133339,-2.20606024942964
LOC111099035,-0.321380086654772
LOC111113256,-0.219871044814238
LOC111138270,-0.153837012720856
LOC111134998,0.972352984556454
LOC111106645,0.298295322567196
LOC111122122,0.421412479816637
LOC111103474,1.25105882222798
LOC111128966,0.752575204709873
LOC111133758,1.79847377196759
LOC111110204,0.152548294989792
LOC111118761,0.818830541435823
LOC111100242,0.614082493868911
LOC111125730,0.0335043828100368
LOC111104114,0.967099491132539
LOC111114705,-0.331567819435183
LOC111125431,-0.0767471840445696
LOC111138300,-0.834607337987149
LOC111130632,-0.192177384642468
LOC111104049,0.404812308478879
LOC111118558,0.69562793552052
LOC111114799,-0.732947244602606
LOC111120594,-0.652587832643991
LOC111103782,0.341699748203683
LOC111108491,1.81676996862488
LOC111100896,-1.98139595577311
LOC111126198,-0.210907273081808
LOC111118814,0.425878368655159
LOC111113366,0.446182440645284
LOC111115057,-0.292048586564164
LOC111123115,-0.706712247399871
LOC111119204,0.222988804948935
LOC111120600,0.166419886336589
LOC111116754,-0.534343897069407
LOC111136189,0.605568957630107
LOC111118898,4.49768088698076
LOC111104245,1.05402884376647
LOC111132126,0.0189314718453571
LOC111121876,1.41227400583701
LOC111117282,-0.161883729984465
LOC111129072,-0.349669855784635
LOC111125006,-0.109129904019333
LOC111121256,-0.263226975000339
LOC111132798,-0.495824234704981
LOC111120524,-2.16828824556933
LOC111133434,0.523598388246915
LOC111115329,-0.912689076190457
LOC111125030,0.260102971709671
LOC111132670,-0.555185013476874
LOC111112415,1.31749099369719
LOC111132842,-0.0380059714741495
LOC111109654,-0.441230169324849
LOC111106638,-0.381399176248759
LOC111107757,-3.0427580341026
LOC111125995,0.0442117864778948
LOC111133735,-0.540268260104783
LOC111129377,0.0997935040081176
LOC111132269,-0.12335370539554
LOC111119539,0.0636034023618709
LOC111123181,0.704363365416354
LOC111128349,-2.7088767140312
LOC111121089,1.08969181947816
LOC111101107,1.54910028917143
LOC111128313,0.0634054681010391
LOC111110623,-0.160898228100178
LOC111101457,0.161263084276687
LOC111103785,0.790795592885388
LOC111134043,2.84323252951811
LOC111136697,-0.624219945508524
LOC111114096,-0.180165628328822
LOC111135134,0.0421001236210152
LOC111102135,0.849844722408734
LOC111120466,1.97241420171339
LOC111108710,0.738052097872414
LOC111137305,-0.194338921192359
LOC111107747,0.688497104937364
LOC111103367,-0.139481946683031
LOC111116065,0.482352845518922
LOC111104225,0.377499479628366
LOC111100897,0.0484049804245136
LOC111101716,-0.0156732269307682
LOC111105311,0.478858389294946
LOC111099664,0.432666463923242
LOC111120683,-1.19371781408494
LOC111112151,-0.960993315807844
LOC111119158,3.33952825419646
LOC111134622,0.26921425593858
LOC111121209,-0.274286718891434
LOC111123705,-0.378166548520737
LOC111123146,0.063569520577134
LOC111123706,-0.0975300379093171
LOC111100039,-0.0343671955338782
LOC111123003,-0.686451007349691
LOC111128289,0.0608375335125933
LOC111111513,-1.21221915476919
LOC111122158,0.355718040838518
LOC111113277,-0.146216778349213
LOC111109809,0.304156026655181
LOC111129447,3.02776371277897
LOC111129825,2.35582786214765
LOC111133288,-0.116836809672348
LOC111122058,0.371420541756377
LOC111103459,0.455328241433565
LOC111100318,0.226543680760733
LOC111135467,-1.91676741502652
LOC111119190,0.583920413648086
LOC111100277,0.942977855145019
LOC111123477,-1.79921163926211
LOC111124654,0.267383238638524
LOC111118273,-0.0273801091520124
LOC111124358,-0.148439607066359
LOC111106579,0.565792817999913
LOC111107117,-2.34500290665814
LOC111099552,0.212941444330255
LOC111105234,0.170366798461704
LOC111121819,0.555545558251727
LOC111115690,-5.15903331206018
LOC111130080,-2.66483218979466
LOC111108640,0.356913653828676
LOC111105624,-0.335541136746136
LOC111110961,-0.305113045961202
LOC111122879,0.104144210089227
LOC111131268,-2.20199242239578
LOC111125064,-0.0683708088410378
LOC111127214,0.626467922370406
LOC111132853,0.00570689918776396
LOC111103170,-0.330540068427735
LOC111127928,0.21536331856814
LOC111104426,-0.206474784805724
LOC111108171,0.0465966039411588
LOC111118645,2.38340178380126
LOC111124165,-0.897091967989372
LOC111136735,0.709983977317147
LOC111135741,-2.10056900329631
LOC111113267,0.279948719550278
LOC111116122,-0.053274905454655
LOC111122932,0.112582318705194
LOC111119304,0.184813223772305
LOC111131404,-1.4288226360558
LOC111106273,0.398312449361536
LOC111113861,-0.331737752522655
LOC111134599,0.778545141421565
LOC111109948,-0.0292597668853144
LOC111099829,0.0648537034569767
LOC111127230,0.306068608311769
LOC111112220,0.201825065785112
LOC111104587,0.210174056387614
LOC111109914,-0.0909377434451884
LOC111127190,0.0274023181848455
LOC111132102,-0.618168042114838
LOC111132321,0.415620238797088
LOC111136483,0.103176291250451
LOC111124861,-4.78410438659968
LOC111113113,-0.177942502741312
LOC111106200,-0.0945951687574756
LOC111136576,0.081807733069122
LOC111130124,1.87105825178894
LOC111131210,1.299595611064
LOC111108151,-0.117817272553506
LOC111133366,0.903520790297126
LOC111125600,0.341605617810994
LOC111129238,3.28048239440347
LOC111111124,0.251745082965437
LOC111131014,-0.194075106312264
LOC111123795,-0.592063528517582
LOC111112517,0.0938047463050638
LOC111127974,0.228328462386224
LOC111124222,-1.17098561713036
LOC111128241,0.355532847098777
LOC111112129,2.34514000954474
LOC111115890,0.875037166360763
LOC111127626,-1.03153439847196
LOC111131704,-0.98233856440537
LOC111123876,0.338794632948378
LOC111138498,2.03862488757412
LOC111112389,-0.292627307609221
LOC111129730,0.96523100178394
LOC111104401,0.403928306278605
LOC111136269,0.767032321182349
LOC111136268,-0.0392387451700752
LOC111137708,0.165767625135126
LOC111133957,-1.22290010829078
LOC111133558,-0.0169772789383625
LOC111135385,-1.30524119217456
LOC111114331,0.849433309103564
LOC111125503,0.576982042378604
LOC111120515,0.636305958122122
LOC111136212,-2.28689035821742
LOC111126606,-0.190014945872513
LOC111111961,-0.781336955325452
LOC111135572,-0.808163343666864
LOC111108147,0.406463323809331
LOC111118577,-0.663746454388021
LOC111104050,-0.374436631474878
LOC111117640,-0.0344269914539818
LOC111119189,-0.111094431454641
LOC111106342,-0.336368637059228
LOC111107257,0.203395637018347
LOC111102574,-1.4961921171948
LOC111134288,1.64751654491953
LOC111106339,-0.118478672717863
LOC111128206,-1.386395884119
LOC111125480,2.71430779265725
LOC111126882,-0.0791131123298526
LOC111119936,1.15217536862219
LOC111137189,0.559577656516028
LOC111120584,1.45456814391609
LOC111129425,-1.39816469206709
LOC111106091,0.0635341550533364
LOC111125471,0.0388250581179278
LOC111106889,-0.292177653719098
LOC111124521,1.78066639923102
LOC111126590,-1.01260667252828
LOC111120048,1.31616678407645
LOC111134850,-0.134696040889497
LOC111138378,-0.997701581802828
LOC111104144,1.91530001065838
LOC111137593,0.0435913972470331
LOC111135474,0.0532337074903319
LOC111117466,-0.804383682140592
LOC111118778,-1.21790787988514
LOC111105096,-0.0343443941336728
LOC111102345,1.52004761638239
LOC111111893,0.0356691323477328
LOC111106610,-0.252667907153838
LOC111100303,-0.0972042749765125
LOC111099196,0.392252819886702
LOC111129523,0.15317681038008
LOC111110442,0.509890868777403
LOC111110913,-0.390501808071406
LOC111134911,1.13403129017479
LOC111111031,-1.11757581279668
LOC111130936,0.316158996060029
LOC111128807,-0.514585239814682
LOC111104546,-0.062473504322118
LOC111132785,-0.134423082469078
LOC111101447,1.70647366462664
LOC111125130,0.992445999028756
LOC111110962,-0.315897881377584
LOC111121531,0.829100544585982
LOC111114952,1.35357760484578
LOC111113329,-0.177458297976122
LOC111099928,-1.48364456981203
LOC111135804,-8.92355632964484
LOC111134869,1.05305262940742
LOC111138000,0.424281015014734
LOC111118468,-0.144335677330338
LOC111115419,-0.106167623525983
LOC111102866,0.289317818012758
LOC111124647,1.71538180924698
LOC111134464,-1.31627924143711
LOC111102834,-0.0474304010165821
LOC111112408,0.238979350113061
LOC111124836,-3.3339875734288
LOC111132142,-0.416907010136721
LOC111125015,-0.964537315605093
LOC111104165,0.582655781175316
LOC111115350,0.14021132897531
LOC111119789,0.5462875183734
LOC111109015,2.08481731853757
LOC111138451,-0.358459130129998
LOC111128017,-0.201691933308499
LOC111108666,0.225779775553557
LOC111126216,-1.44056849608613
LOC111105674,-0.0799233275095632
LOC111127528,0.0658105843627903
LOC111133520,-0.0714058051407144
LOC111121530,0.463969776999258
LOC111122935,-0.0232992525723971
LOC111106939,0.578003425740806
LOC111118296,0.313932358845875
LOC111108182,3.61732202496773
LOC111101220,-0.0617077844894435
LOC111124500,0.341518132832682
LOC111127293,-3.8067570385887
LOC111124503,0.0939312446433466
LOC111128772,-1.25893281193856
LOC111099101,1.896476701011
LOC111118047,-0.772828483751644
LOC111118855,0.202373547698549
LOC111130484,-2.36538971526223
LOC111102506,-1.12201266923681
LOC111119419,1.43193017765837
LOC111132523,0.368617651664059
LOC111131199,0.901241079142437
LOC111106419,0.323506250156157
LOC111135802,2.17934517893129
LOC111121894,-0.0917945927674453
LOC111101658,-0.900908156512278
LOC111120083,0.817422526837851
LOC111124662,0.450386987386457
LOC111130512,-0.19711856791889
LOC111109275,-2.01126081691451
LOC111128395,0.42315589545838
LOC111105586,0.9591975722591
LOC111135337,-0.136845647018653
LOC111128194,-0.819234316072273
LOC111099758,-0.034345349995744
LOC111101374,-1.23066460177926
LOC111124329,0.775524591268129
LOC111113135,-0.690004906128908
LOC111102787,0.439728325210299
LOC111125331,0.535279007491547
LOC111118735,-1.2797458614842
LOC111099458,-0.170672823833043
LOC111135047,-0.288392737160774
LOC111127827,-1.58782830032859
LOC111119612,0.775627453956802
LOC111130259,1.31828792214954
LOC111118140,-0.0648266940938723
LOC111127290,0.528350628468902
LOC111120717,-1.60017086289177
LOC111103224,0.0893423847032688
LOC111130388,1.21266150857967
LOC111130130,-7.12817529790959
LOC111130464,0.346911505313559
LOC111120685,-3.15998533632246
LOC111108120,-1.40743903132194
LOC111102762,0.354077241512801
LOC111115247,-0.0455442250959842
LOC111122775,-0.524359406906618
LOC111113372,0.203646741056
LOC111130044,0.168131073034076
LOC111114693,0.261203071814178
LOC111111548,0.26213192573556
LOC111100614,-2.00377013417101
LOC111100571,-0.210602830983096
LOC111123125,-0.00456971178926673
LOC111101604,-0.317890215675352
LOC111137225,1.01982380705617
LOC111113015,0.0248629164009684
LOC111135727,-0.453726488788003
LOC111118590,1.62263311655418
LOC111111941,0.488464572148215
LOC111117356,0.285612358004419
LOC111118362,1.01155629448979
LOC111133477,0.676429251515799
LOC111119428,-0.280209006480155
LOC111117601,0.555462225582304
LOC111130023,-0.73904705458711
LOC111121228,3.65069347937764
LOC111117774,0.997856369787814
LOC111105659,0.369944828000201
LOC111130360,0.968679333824891
LOC111134188,-0.172234055812671
LOC111119339,-1.76674770205684
LOC111103692,-0.175435851818551
LOC111115628,-0.540361617017324
LOC111137505,-0.347503744561613
LOC111122218,0.423846576327837
LOC111110905,-1.43457644535583
LOC111125638,1.10843948647453
LOC111137821,-0.96505270094196
LOC111114784,0.464959301925367
LOC111138472,1.41929372109201
LOC111110863,-0.503628976155909
LOC111124899,0.061945646143447
LOC111137447,0.174199593172163
LOC111135856,-0.138184611382748
LOC111115783,-1.10550464069261
LOC111118384,-0.475569552151064
LOC111138415,1.74991111990913
LOC111107601,0.516369365287801
LOC111132128,-2.63898223652083
LOC111126155,0.582412914180938
LOC111108041,1.17633271845256
LOC111127463,1.36376162370161
LOC111115227,-3.09813196426119
LOC111123116,-0.106464568795391
LOC111130797,-0.403665868963242
LOC111110682,0.346648279346913
LOC111118967,0.194769381611068
LOC111122441,1.3279844621944
LOC111137197,-0.270499836824709
LOC111116331,0.0224480369990608
LOC111112449,0.31767456113924
LOC111122959,0.863731572469914
LOC111128695,-1.28789429597941
LOC111122552,3.01683520511433
LOC111114924,-0.752584580656527
LOC111114925,0.757685851926671
LOC111114923,1.17126728318956
LOC111107608,0.393325979851091
LOC111132928,0.872523392389497
LOC111105262,1.35087939690744
LOC111115796,0.76626317647655
LOC111134190,0.398764271190557
LOC111105432,0.140188870644626
LOC111100135,1.69714510000988
LOC111099057,-0.0214584179528436
LOC111128448,1.63736441634444
LOC111109013,0.362381276068154
LOC111135335,-1.06097871816245
LOC111100437,0.717758333465045
LOC111115181,0.670409225695448
LOC111130292,0.736989010406807
LOC111119635,0.0293586881589621
LOC111099084,0.149344517617013
LOC111130789,0.15939688916693
LOC111124556,0.309154833704926
LOC111106181,5.01508229220639
LOC111134724,-0.13573350108824
LOC111126711,0.165613962391508
LOC111133268,0.911672076306001
LOC111102974,1.46339478045871
LOC111120161,0.0391948114803151
LOC111110183,-0.531661850871413
LOC111104032,1.45477221900243
LOC111114397,0.776820058613316
LOC111136887,0.666655997984087
LOC111125539,-0.198566196078053
LOC111121590,-4.03164032368336
LOC111134803,-0.34017013970754
LOC111108181,0.201515736728666
LOC111113270,-1.06836500065188
LOC111107037,0.524974477070281
LOC111125814,0.616613286250463
LOC111116077,0.601305897269339
LOC111117073,-2.38787066038245
LOC111128498,0.331714465787778
LOC111130394,-1.24770472149871
LOC111100522,-1.64658389923742
LOC111132976,1.51522604729379
LOC111130168,0.633507154841339
LOC111121361,-0.215911919545162
LOC111130377,-1.19069649252451
LOC111116093,-0.129420858733324
LOC111125533,0.717897244214951
LOC111112178,0.00737949840753098
LOC111130380,0.3794042485895
LOC111120792,0.298592174552742
LOC111126750,4.75581903013155
LOC111131214,0.0821074789769818
LOC111115938,0.573783071587069
LOC111117574,-0.582839183726749
LOC111114580,-0.235323171912889
LOC111131108,-2.89392753369503
LOC111130724,-0.0671472042844279
LOC111106799,-0.325278022807267
LOC111106201,0.229664133437751
LOC111115570,0.331019702604635
LOC111137179,-0.205005346623367
LOC111132028,-0.0661227205837089
LOC111107530,1.39766534166095
LOC111125375,-0.0529863879413961
LOC111103530,0.254754008982689
LOC111118208,-0.0305886616197325
LOC111123528,0.200230287457589
LOC111133889,-0.685918923274272
LOC111128575,-1.11237552629003
LOC111109677,-0.342110311963208
LOC111127808,0.38569811168014
LOC111136482,1.77735255379667
LOC111111022,-0.0344931977752698
LOC111100946,-1.63202302561831
LOC111137824,-1.54346007359044
LOC111118718,4.23087158916037
LOC111119892,-0.762254126080858
LOC111125872,-0.396040053581946
LOC111114408,-0.489123564702645
LOC111136798,2.54007825388276
LOC111109865,-0.397722378952685
LOC111134685,-0.0759182447950549
LOC111105858,-5.41413260342196
LOC111135455,-0.0898900683448495
LOC111101829,-0.072236850866338
LOC111121473,1.17000046749994
LOC111121405,0.0887064736379084
LOC111120006,0.285814255886192
LOC111120421,0.308620161669032
LOC111134057,2.62877743347842
LOC111115676,-0.0553660462407438
LOC111125197,0.105606733411538
LOC111104371,1.07261463416667
LOC111106026,-1.00715093444409
LOC111114972,0.533182830131044
LOC111124244,1.87744554656903
LOC111126916,1.67996719046698
LOC111117724,-0.294242210734716
LOC111100875,0.636715786282869
LOC111136152,-1.47881348963726
LOC111117069,-0.226977269992084
LOC111120291,1.04379779849582
LOC111114868,-0.354128352299053
LOC111109628,-0.581322415662824
LOC111124929,0.87883609323346
LOC111124868,3.04457943741619
LOC111122374,0.372449912609134
LOC111111761,-0.0320000465035484
LOC111131852,1.39991335773437
LOC111115898,-2.80183732962153
LOC111106142,0.443816278061628
LOC111125190,-1.15661410696818
LOC111119590,1.02550865765836
LOC111119295,-0.0369050865702507
LOC111136289,0.045242612854775
LOC111103238,-2.43569012511609
LOC111128647,-0.0189147850870765
LOC111105204,-0.0942911342289421
LOC111129928,-7.48845137578634
LOC111128534,-1.00750255012795
LOC111114849,-1.25938296934273
LOC111126875,-0.313231417603082
LOC111120036,-0.0145608606376487
LOC111134673,0.300370116911976
LOC111099803,0.588903269474661
LOC111102175,-0.170074086504705
LOC111138497,-0.661146301374841
LOC111102601,5.6998221093249
LOC111114289,-0.619493945873862
LOC111129505,0.406079635743708
LOC111118222,-0.63579087713374
LOC111125188,-2.13185673615584
LOC111101207,-0.252172771580043
LOC111104785,-0.193306659061976
LOC111118025,-0.913202643568227
LOC111133431,0.137383339204207
LOC111131193,-0.997356290141149
LOC111108238,-1.40501259169365
LOC111126777,0.203487268453749
LOC111102350,0.509522717016551
LOC111103574,-0.607172656491759
LOC111110128,0.654902784465256
LOC111111437,-0.47453779352335
LOC111105406,-2.05923744337427
LOC111131963,1.93831584299579
LOC111115159,-0.721113153832862
LOC111103191,0.163675416624933
LOC111125526,0.114870486202468
LOC111126955,1.00152210712862
LOC111121957,0.703808956286299
LOC111103558,0.531622130875186
LOC111125411,0.208827873805099
LOC111107905,0.487978203569395
LOC111107118,0.713879863206822
LOC111106385,-8.73857450992712
LOC111105249,0.135429023423071
LOC111106295,0.772698348266088
LOC111120081,-0.775637612881566
LOC111136426,-0.380606343101576
LOC111136715,0.873214588474883
LOC111129476,3.01739269038738
LOC111106576,-1.93914757759866
LOC111130994,-3.45275643607705
LOC111133684,-1.22794441660279
LOC111132383,-1.14207916304856
LOC111111762,-1.0755759638493
LOC111109886,-0.0304545645488035
LOC111112166,0.4086637514853
LOC111120950,-0.170254931024494
LOC111125447,-0.407640887964022
LOC111132918,-0.444670399438298
LOC111103571,-0.329716376918026
LOC111113405,-0.185760966587722
LOC111137782,1.28251118949018
LOC111109671,0.856253075183688
LOC111133910,-0.301072769829749
LOC111119031,-0.687294522075492
LOC111110160,0.495238913141419
LOC111136921,0.522854301140999
LOC111136963,-0.0755097905993859
LOC111112189,0.574952115187013
LOC111134880,0.608575315878518
LOC111115683,-0.0354228277447528
LOC111109856,0.919525842624364
LOC111119865,2.77073861050128
LOC111108024,-0.612010770977437
LOC111125833,-1.44253664595308
LOC111130816,-0.40427572839085
LOC111102022,-0.576027121981781
LOC111104610,-0.229413763336188
LOC111138259,0.0261417763827956
LOC111129256,0.856378513032694
LOC111112392,0.0110409549306824
LOC111100132,2.12865377663599
LOC111136349,-0.236812100340802
LOC111135629,-0.765499830096166
LOC111099210,-0.37969475052358
LOC111137467,-0.679386492490087
LOC111114826,0.217807220780294
LOC111121353,-1.15934157955198
LOC111136022,0.574958821938244
LOC111129001,1.57828077500722
LOC111107828,0.0516862809569801
LOC111122153,-0.484377656872658
LOC111129061,0.239519354055837
LOC111101177,-0.224206219534632
LOC111103709,1.25068404385555
LOC111132084,2.54689982167508
LOC111130916,-0.196772843131281
LOC111118387,-0.107287968161187
LOC111124270,1.13481875354945
LOC111112167,-0.772451188958241
LOC111134315,0.289911542036996
LOC111132909,-0.457581149389765
LOC111134863,0.306493985365432
LOC111103081,0.414848614146715
LOC111110249,0.800124901643168
LOC111105868,-0.163338993789212
LOC111108615,-0.994820814286771
LOC111134217,1.45743294162981
LOC111101145,-0.380353835581416
LOC111107419,0.813371968838442
LOC111129812,-0.579148551214981
LOC111108380,0.822555931506031
LOC111130673,-1.48095405825083
LOC111120138,0.137925969484606
LOC111100017,0.0939552697288569
LOC111121302,3.40988681645406
LOC111122156,1.25500279572228
LOC111137976,-1.00343682774975
LOC111112391,-1.50213411752033
LOC111117341,0.16785561619962
LOC111112741,-1.40392958793197
LOC111107922,0.934856512346328
LOC111128114,-0.235528043584683
LOC111106316,-0.0338541323228922
LOC111112992,-0.0435536855009124
LOC111135774,-0.0836167117139862
LOC111134997,0.972688975617892
LOC111130435,0.999414650269226
LOC111130338,-0.729448438441656
LOC111109784,-0.796615863492892
LOC111135428,0.748376946858271
LOC111134667,-0.480016583413913
LOC111101130,-1.79366941021348
LOC111134888,0.975262247951627
LOC111130161,-0.0599706880379107
LOC111120045,0.419469293910913
LOC111128682,-0.0328276152034063
LOC111135281,-0.318593594160838
LOC111128675,-0.454036930377067
LOC111105055,-0.161011055394404
LOC111126104,-0.0860938580988059
LOC111132821,-0.156966757519852
LOC111099060,0.768061137793467
LOC111133065,0.37347812012882
LOC111134028,-0.486816350046972
LOC111112556,-0.504749216169599
LOC111125796,0.567032989626441
LOC111133857,0.311257578619906
LOC111121661,1.59013112441836
LOC111133820,-0.312763896452959
LOC111128210,0.559425204324412
LOC111109539,0.219400131680715
LOC111104083,1.06825612613358
LOC111120534,-0.600811777019364
LOC111130549,0.473675150403402
LOC111104131,-4.1531108258109
LOC111133295,-0.0488245924477523
LOC111136817,-0.249317774367954
LOC111135069,-0.442415678489847
LOC111118215,-0.364448143408737
LOC111123256,-0.453423161820577
LOC111135942,-0.10896945281404
LOC111109626,0.133712117826351
LOC111111993,0.116866028438616
LOC111120498,1.18058882003075
LOC111129853,3.69687498553351
LOC111109100,2.05726264208002
LOC111127142,0.623081455718162
LOC111130681,0.0112851065933492
LOC111106508,2.00065799498135
LOC111118022,-0.536215866138813
LOC111136705,-0.144250671427292
LOC111121170,2.11638933183855
LOC111108685,-0.184285607905309
LOC111125474,0.106377462126762
LOC111103270,1.41290794128248
LOC111130132,-3.40978375335232
LOC111125182,0.265412115515191
LOC111135579,1.96021730008215
LOC111132320,-0.312661764073671
LOC111117543,0.539689327801686
LOC111099959,-0.758039043059862
LOC111130122,-0.184368179734354
LOC111114583,-0.616909541875623
LOC111109064,-0.281821395680171
LOC111126669,0.344756893364744
LOC111105980,0.531269502512124
LOC111107094,-0.2398699318052
LOC111131860,0.65695703074728
LOC111121831,-2.28391483835233
LOC111120630,0.343226724775403
LOC111137272,-0.47298876130386
LOC111135829,-0.16564785377687
LOC111111107,0.697502477912847
LOC111125734,-0.211103295915413
LOC111113895,-0.553812158543714
LOC111130555,-0.150750928298866
LOC111124501,1.45496590968792
LOC111136991,-0.643218793359433
LOC111127313,-0.0954318332954285
LOC111126798,-0.851293487904944
LOC111109812,16.2560558782254
LOC111126698,0.172594890118069
LOC111130909,0.148252625053108
LOC111118617,0.163518912700354
LOC111133241,0.573837304076041
LOC111104328,0.120062563643066
LOC111134830,0.208267162216017
LOC111138454,-0.0783041869943973
LOC111125864,0.327981872280087
LOC111119453,-0.173868350372515
LOC111126739,0.465270798762715
LOC111106391,-0.279540130375223
LOC111136563,-0.128750465711593
LOC111134646,-0.722160694589916
LOC111108981,2.42468106683882
LOC111134516,0.170466489567957
LOC111117723,-0.183701220978376
LOC111132172,-0.208705756961124
LOC111136242,0.105842143137245
LOC111100916,-0.786177834611246
LOC111128771,1.10833743176244
LOC111126262,-0.180353323479755
LOC111128420,-0.671785217726961
LOC111116888,-0.546492500630772
LOC111133548,-0.534304903443873
LOC111110271,-0.0194467423783281
LOC111129191,0.247575756941795
LOC111100406,2.9876945709767
LOC111124421,-0.479702744030417
LOC111124700,0.0705937925895693
LOC111120736,-0.617850303676871
LOC111128069,1.87280278299512
LOC111125564,0.0393724202768165
LOC111135396,1.13291027378041
LOC111100230,0.165119538800386
LOC111102665,-0.25221126856352
LOC111100581,-2.4402678675105
LOC111129062,-0.336577646877093
LOC111100788,-4.04882692900935
LOC111122519,0.342910756994305
LOC111106531,0.087647906691914
LOC111112023,-0.220735060724637
LOC111116924,-0.245139925814233
LOC111128032,-0.640401805516861
LOC111120962,0.471231997389632
LOC111120963,3.47371258062598
LOC111110171,0.238087482406156
LOC111121838,-1.0518035208225
LOC111104126,1.00457423921074
LOC111134668,1.02514566678639
LOC111138030,0.115448424439325
LOC111137176,1.57714147516145
LOC111115097,0.628049572845132
LOC111107833,1.93019989183177
LOC111120186,-1.68546710563218
LOC111106947,-0.593399913131265
LOC111127308,-1.88944063729743
LOC111107395,0.588766108043967
LOC111128061,-0.530586896587909
LOC111100449,0.707407728081386
LOC111136273,0.200223442288457
LOC111114468,0.818553999847249
LOC111120758,-0.121953011492448
LOC111121829,0.913896701924049
LOC111118328,-0.207116578040132
LOC111114156,-0.0908042849698798
LOC111101224,7.52594397632399
LOC111103117,0.350669359398466
LOC111119790,0.332987297096914
LOC111118846,0.530236594667104
LOC111119547,-0.494726224103062
LOC111115144,0.0987410005471415
LOC111136300,0.987493545732166
LOC111104540,0.578697373446375
LOC111120625,4.71950873197145
LOC111110124,0.283553145328491
LOC111100589,-0.101176627790443
LOC111105635,0.396537820155644
LOC111111758,-0.381078398491431
LOC111120418,1.11552275954166
LOC111117528,-0.592900893108445
LOC111137222,2.90220873206814
LOC111128193,-0.983386798970271
LOC111104514,-0.520470329322601
LOC111128863,-0.882885750123793
LOC111131413,1.97159664323748
LOC111106484,-1.20809425590115
LOC111125440,0.611475730057786
LOC111118960,-3.75772535542404
LOC111127306,-0.0131153321586787
LOC111130396,-0.11707875150882
LOC111103649,-0.0344104779884643
LOC111105857,-0.0429017820482008
LOC111119766,0.612541073594438
LOC111104695,-0.0163603656654214
LOC111116302,0.0497939067391947
LOC111107543,-0.0399944079638863
LOC111123123,0.195904312637253
LOC111106677,0.73200372836296
LOC111129611,1.80444056399241
LOC111116400,0.188192671401336
LOC111119176,-1.0724819821519
LOC111115922,-1.82812358987882
LOC111105063,3.72348909611688
LOC111105095,0.552015048356314
LOC111106041,0.486624531834018
LOC111119342,-2.06414052787306
LOC111121017,0.670638020396088
LOC111103965,-0.706535705906451
LOC111130141,-0.570102246020941
LOC111129084,-0.0664622083218106
LOC111133151,-0.0262049418085029
LOC111117587,0.188968189075677
LOC111122217,0.137977149805489
LOC111137232,-0.415648227184668
LOC111114993,0.662175653323838
LOC111120176,0.00361889132309117
LOC111102580,2.68798595812706
LOC111131440,-0.720296414796943
LOC111112582,-4.19650724920041
LOC111120441,0.181268542417033
LOC111103543,0.14024238499068
LOC111128792,0.497747264856948
LOC111133098,0.273241528454927
LOC111099519,0.253380222148064
LOC111123102,0.648315862954207
LOC111135775,1.29047092324188
LOC111135098,-0.536183735677702
LOC111135834,-0.297192400419901
LOC111138118,7.43094396078474
LOC111123148,-0.28474875035731
LOC111103411,0.436976163991082
LOC111109110,-0.0344043374980342
LOC111105091,0.357041900972478
LOC111119206,-1.99672614459663
LOC111114089,-0.209252787819021
LOC111130552,4.42453703948762
LOC111135330,-1.21033000878366
LOC111104395,0.720968887992905
LOC111107054,0.0599948035909872
LOC111135713,0.184950789035203
LOC111119602,2.8296815407589
LOC111122691,7.47771723504859
LOC111136186,-0.218131474885781
LOC111112099,1.92367146946633
LOC111119998,-0.10436623197584
LOC111101613,-0.361115773081251
LOC111112025,-0.018263371873625
LOC111125390,2.55581275992934
LOC111121428,-0.907798831098077
LOC111132934,0.927352217612509
LOC111116843,-0.51585066978771
LOC111115984,-0.21854516782605
LOC111115442,2.14869893765949
LOC111122155,1.10096627006985
LOC111129598,0.162751974269715
LOC111135285,0.796926475828191
LOC111130024,0.813931479542074
LOC111125945,-1.37558057146883
LOC111118883,-1.09390620880093
LOC111134572,1.49770001812252
LOC111128814,1.14307804861839
LOC111122969,0.206690056092129
LOC111134020,-0.681280629264746
LOC111117207,0.663401799712668
LOC111118572,-1.54021863736179
LOC111103311,-0.246505347257452
LOC111117647,-0.648642617400655
LOC111118527,0.145610988439466
LOC111129656,0.0498287466249692
LOC111122313,0.124499198898194
LOC111126530,-0.398019771594785
LOC111106732,0.51897618179906
LOC111117648,12.4620938372595
LOC111111303,0.0942206144024049
LOC111100093,-2.1182372721868
LOC111104712,0.831603169508191
LOC111103623,0.0346933906898699
LOC111109519,-0.745489649170566
LOC111128819,0.175747721639448
LOC111134851,0.678838522700516
LOC111101112,0.979357070349333
LOC111123824,0.532782540040576
LOC111103049,-0.00452161921967585
LOC111102133,-0.285730748115412
LOC111121339,-0.250822707407878
LOC111111399,1.07105350079912
LOC111121896,0.692184990000951
LOC111118394,-0.418350133446715
LOC111119027,1.38726281111817
LOC111120111,-0.56343924893186
LOC111107622,-0.0888069490275781
LOC111119582,0.864220960015547
LOC111106350,0.0343917646973823
LOC111133004,0.118541988921675
LOC111114346,0.24296921243611
LOC111121176,-0.125202651361967
LOC111110127,-1.22642960995115
LOC111102978,-0.681100382019408
LOC111138122,2.5265396236826
LOC111111534,-1.16678424822252
LOC111113914,-1.44898572637071
LOC111133922,0.0089368587303804
LOC111134795,-0.379630603884223
LOC111101864,0.920989799142871
LOC111137861,-0.335018306149765
LOC111137362,-2.90148629579555
LOC111129080,0.381485067742997
LOC111127422,-1.93995011383977
LOC111100221,0.247557960325414
LOC111099741,1.19092088467037
LOC111133108,0.57809107489211
LOC111102407,-0.446996023135058
LOC111134497,0.243187929302624
LOC111135739,0.0685166576483633
LOC111126976,0.356033640223001
LOC111128225,-0.0343951396316528
LOC111102291,-0.734821680709099
LOC111102294,0.798917549093359
LOC111121515,-0.00517739058996563
LOC111119320,-0.225237848258257
LOC111111395,0.110223520070764
LOC111102409,-2.03654587426896
LOC111112266,-0.708226760465499
LOC111119372,-0.386019077399826
LOC111126008,-0.143340058172494
LOC111137484,-0.120705279330263
LOC111105619,0.268036749131847
LOC111129530,0.619935177314522
LOC111099703,-0.27507856939331
LOC111137563,0.29816133854844
LOC111125344,0.591251673297125
LOC111106076,0.640044455658256
LOC111129950,-0.148649748823388
LOC111101273,5.60151041196863
LOC111107877,0.901304062865279
LOC111135619,0.221449754464573
LOC111138375,-0.630160125934587
LOC111133498,1.38352407752407
LOC111126794,-0.851063003840111
LOC111107553,-0.816912593961033
LOC111134371,2.3296052654473
LOC111116393,-0.0343668128630479
LOC111106457,0.643808431882337
LOC111123881,-0.280657718959645
LOC111103972,0.376764828012825
LOC111135871,-0.266654437734132
LOC111121919,0.127274318231184
LOC111119415,-0.368896946309423
LOC111103870,0.716676565251056
LOC111130943,-0.760167856634014
LOC111118339,-3.49488330227408
LOC111120826,0.105362974097529
LOC111099954,-0.36611437189472
LOC111101712,1.99305091314051
LOC111112763,3.12109347234963
LOC111116031,-1.05733989191421
LOC111137775,-0.498309796734079
LOC111135491,-1.63238556019955
LOC111137402,-0.252221846718175
LOC111121061,-0.427791664280248
LOC111118369,0.186289931375245
LOC111136540,0.5707588493441
LOC111103910,-0.369779734323008
LOC111118154,-2.6928481815065
LOC111130716,1.12296974002814
LOC111136926,0.953914116128528
LOC111099133,-0.169883027631451
LOC111119369,-0.657559807038545
LOC111125674,-0.116840723700165
LOC111137079,-0.252240420046385
LOC111109326,-0.1970643113452
LOC111115148,-1.02667246913783
LOC111108410,1.05171552848176
LOC111134330,-0.325907249124089
LOC111121054,1.05372281995198
LOC111110526,-0.770410548568713
LOC111120026,0.0428058582654481
LOC111102170,-0.0630950109001016
LOC111133233,0.620934967000868
LOC111119231,0.160672157469513
LOC111120567,-0.931601600696588
LOC111123765,0.133791598574721
LOC111101137,2.9570465822912
LOC111121399,0.379894633907679
LOC111116493,0.449118686577017
LOC111102475,0.296736707591208
LOC111129411,-1.2286304934872
LOC111119662,-0.947889529393654
LOC111119660,0.552511467196258
LOC111114403,0.370986355908324
LOC111122320,0.249256479808939
LOC111136801,-0.040311634143156
LOC111127520,1.26046249685677
LOC111112797,0.141492981287589
LOC111126405,-2.8867314937077
LOC111128868,1.62313988558906
LOC111115743,-0.395706805668583
LOC111131167,0.269998050048306
LOC111114529,-0.498313837877485
LOC111100013,-0.151213391257633
LOC111120708,20.3834357768475
LOC111135160,0.819292521183794
LOC111110858,0.797356336992394
LOC111122229,0.300859537053857
LOC111110907,1.13657020551511
LOC111137017,1.91570975861705
LOC111120290,0.0688302545907839
LOC111105205,-0.1594468164947
LOC111099045,0.846231003012137
LOC111133628,-0.100857164636299
LOC111128875,-0.0460892567257815
LOC111107212,-0.419968181215363
LOC111133947,0.0751283205448876
LOC111122801,0.63036128375845
LOC111111041,-2.12770442305409
LOC111099702,-0.415313703120298
LOC111119343,0.125568483821321
LOC111136655,1.13567982215872
LOC111108203,2.51157077174666
LOC111123172,0.382270263431958
LOC111120860,-0.0976040966594472
LOC111116928,0.40977256527309
LOC111121247,0.268949870708268
LOC111105721,1.28057729871694
LOC111115408,-0.00126472375188806
LOC111111416,-0.136194519306112
LOC111131642,-1.44802635754789
LOC111106141,0.582858912088115
LOC111105507,-0.826215006929914
LOC111099195,-4.08229466462332
LOC111138504,-0.700068280622755
LOC111122904,-0.300479825971862
LOC111116707,-0.715570830743144
LOC111123561,0.431242967133631
LOC111123906,0.55179980005844
LOC111103262,-1.82161044767215
LOC111099802,1.43773649483127
LOC111108483,-0.149204080634936
LOC111113919,0.00746720803173831
LOC111127146,-0.791882362979553
LOC111111246,0.579937270039734
LOC111120089,2.74832133221737
LOC111113641,-0.0158596569004796
LOC111124908,0.238674671003495
LOC111122171,-0.304451702667918
LOC111109391,0.211865464416746
LOC111129292,3.34192556715926
LOC111125353,0.662671141590376
LOC111135078,0.193005250434222
LOC111126464,-1.49029785783503
LOC111125663,-1.32194191261821
LOC111123052,0.907341943835208
LOC111119830,1.36493558696547
LOC111111801,0.431239266412808
LOC111099476,-0.230836152503594
LOC111107737,0.208390239821643
LOC111118371,2.19816639101698
LOC111125035,0.156533136206058
LOC111103885,-1.40043057188377
LOC111106957,0.0935949046385507
LOC111136808,1.13037650764665
LOC111133143,0.363349980770224
LOC111133199,-0.0902886672569816
LOC111122667,0.023076165705914
LOC111102826,-0.397868066252102
LOC111125554,0.691384355215408
LOC111127406,0.516492167316719
LOC111103795,0.375930666194179
LOC111107209,-0.282834902066349
LOC111124830,-0.0374552683326754
LOC111107356,-0.590077911323944
LOC111136631,0.469402041245469
LOC111113922,0.522265289172375
LOC111126328,0.693230097791266
LOC111136933,-0.238661311550149
LOC111129082,-0.152396206743455
LOC111110786,-0.850119709618017
LOC111123546,-2.03636573249129
LOC111117351,-0.299780768608939
LOC111101792,1.78408766219967
LOC111104343,0.0766454643411027
LOC111100993,-0.337886354715156
LOC111099118,-0.160842459017111
LOC111119738,-1.06450125241033
LOC111102530,-0.426558469722691
LOC111121809,0.63870892245022
LOC111119586,-5.90181834907052
LOC111115517,0.765432285635922
LOC111099484,0.780157295890377
LOC111130381,-0.25175868719265
LOC111123941,-0.28144594309129
LOC111105840,-0.0743924305976375
LOC111129939,1.1134057263786
LOC111121922,-1.27352290265002
LOC111122471,0.490142282869042
LOC111101726,-1.49676195699272
LOC111104601,-0.447107475906745
LOC111112860,0.14127388319875
LOC111123691,-3.63206138461192
LOC111126546,0.158273617706068
LOC111106634,2.92013640518047
LOC111132378,0.754378963781563
LOC111136839,-0.73794473382922
LOC111102731,-0.525589885150732
LOC111113022,0.583085796450274
LOC111099108,0.961988917747784
LOC111120955,0.773034678071184
LOC111129166,-1.0517218727144
LOC111137027,0.518740039873187
LOC111112437,-0.922333151795112
LOC111106164,-0.217064124483043
LOC111137297,1.70989679218004
LOC111122350,0.679272778700763
LOC111135423,0.0698524866470674
LOC111122905,0.836142744616746
LOC111137873,-0.0680753346495706
LOC111111322,0.574634844973627
LOC111125962,-1.48570018743806
LOC111113202,0.48309990268812
LOC111102241,-0.171878993390948
LOC111128642,0.624539200756545
LOC111100839,0.637069935399313
LOC111123976,-0.480353413742005
LOC111099878,0.930981041661836
LOC111112655,0.0266498063879558
LOC111135123,2.90828899281016
LOC111112656,-0.313564024214347
LOC111137996,-0.093639439619178
LOC111120701,-0.0320335836773904
LOC111138356,0.25214087883482
LOC111104276,-1.39566759514456
LOC111128426,0.0957970750009015
LOC111119239,2.28053962681065
LOC111137805,-0.244437852719932
LOC111135253,1.81802972165734
LOC111131032,0.255095420163613
LOC111108519,1.20772398699382
LOC111112955,0.4943751460886
LOC111122143,-0.034389051961241
LOC111135140,-2.17712455972334
LOC111120849,-0.935237136633414
LOC111102429,0.29104794789718
LOC111131790,0.704883044916876
LOC111122437,-0.533315216093127
LOC111107350,0.0599571049015758
LOC111128953,-0.034354476989633
LOC111121454,-0.785235652747129
LOC111127851,0.688610044412531
LOC111131560,1.20568142696383
LOC111137309,0.192257738232869
LOC111137856,-0.784927749513636
LOC111102611,0.265463492457134
LOC111134801,0.00502345092315484
LOC111116810,-0.441491025439935
LOC111114538,6.44097120217271
LOC111100375,0.802869418738101
LOC111121589,0.366661563446077
LOC111102765,0.140220143449642
LOC111107627,-0.386445595337074
LOC111123547,0.506409360677045
LOC111131119,-0.0358828159997821
LOC111105911,0.610573853424151
LOC111119694,0.431164961111081
LOC111133357,0.435994074969048
LOC111127121,0.267593658893882
LOC111122008,-0.327943310951998
LOC111101328,-0.465994351153127
LOC111119371,0.390081468118691
LOC111115939,0.00520789630141699
LOC111137007,0.244649409144748
LOC111101198,1.50008055481726
LOC111100884,2.00486462900742
LOC111119201,0.590806788563135
LOC111101460,-1.22709253865179
LOC111121366,0.0443984556358589
LOC111099048,-0.383476848493596
LOC111125231,-0.312812320030457
LOC111103626,0.572249594017901
LOC111111773,-0.248436293798525
LOC111126116,-1.43896499270923
LOC111111542,-1.01695553685254
LOC111115088,-0.731772417894701
LOC111133518,0.6912384608061
LOC111121935,-0.266942090143338
LOC111134873,-0.384025305557263
LOC111122675,0.0465618468409924
LOC111135296,0.187426674430257
LOC111119823,1.36602138629526
LOC111118239,1.2367338941184
LOC111122163,0.657168655274951
LOC111138360,-0.492647511315927
LOC111131533,-0.766821578898682
LOC111124470,0.14329902279479
LOC111120471,4.02532304937095
LOC111124134,-0.103023231027661
LOC111111978,0.359868362634861
LOC111108463,-0.409248768857349
LOC111104030,0.0281332339955901
LOC111137622,5.75913510780213
LOC111101948,0.642600681644457
LOC111128128,-0.196265808329809
LOC111117719,-0.501494264520593
LOC111123800,-0.498681031340926
LOC111115008,-0.037688007758276
LOC111126435,-0.0565348829009444
LOC111124593,0.227674529290544
LOC111125538,0.60544206026365
LOC111134426,-3.30129423164093
LOC111132941,1.29582818897423
LOC111138209,-1.93025621923702
LOC111136467,0.230050598771135
LOC111109107,0.0162500255927216
LOC111119403,0.314014527255142
LOC111102904,0.462944024671171
LOC111121074,0.257929870000064
LOC111121076,0.200409890108034
LOC111134645,-0.621420221931438
LOC111132071,0.158259435135458
LOC111116839,-1.45204620443961
LOC111138321,-1.23485085543014
LOC111108143,0.467994077545627
LOC111102251,-0.0764161632236078
LOC111135504,-0.0151297039916589
LOC111135213,-0.160849690773604
LOC111131430,0.328739309543314
LOC111135544,0.757227237395526
LOC111106244,0.241649506276456
LOC111103370,0.23962760861629
LOC111108764,3.61823521762865
LOC111116587,-0.31010460160337
LOC111133399,-2.85723565841669
LOC111133789,0.18762536571169
LOC111123700,0.0262662095470863
LOC111101027,-1.16910901581816
LOC111107841,0.625499208797669
LOC111128100,0.0607712347916257
LOC111106821,0.787140493348663
LOC111121098,-3.39724521733401
LOC111123286,-0.576332174513401
LOC111100574,0.0983549535636665
LOC111100287,-1.38606887798645
LOC111119693,-0.0933297200821514
LOC111114536,1.63600588723222
LOC111136634,-0.108798537828101
LOC111119710,-0.86768806635085
LOC111107625,4.48506013585713
LOC111116632,0.384517735288774
LOC111116040,0.362696480768263
LOC111108357,1.03283344565644
LOC111115118,0.356848233535207
LOC111121022,0.111339326651897
LOC111120585,0.336109058684089
LOC111135566,0.175075152158883
LOC111130066,-0.780006775275865
LOC111132688,0.304734689720278
LOC111118769,-0.698650261974599
LOC111124759,-0.653809794388904
LOC111124057,0.0911447580233409
LOC111135525,-0.0204239026729789
LOC111118152,-0.437645647625834
LOC111133134,-2.83928810317276
LOC111109816,7.67390042583765
LOC111100646,0.0639365438928497
LOC111133856,1.18384346126191
LOC111119514,0.429176656972024
LOC111115487,30.4453327368168
LOC111124176,-0.321197720517718
LOC111102604,1.26611655301002
LOC111121947,-0.740885219640996
LOC111121125,-0.106542588317033
LOC111110843,0.847842672412464
LOC111128922,0.389702721651206
LOC111100447,0.914946290558051
LOC111110744,-0.196322004621204
LOC111130929,-0.206378277945323
LOC111101828,0.0580222315615326
LOC111114053,4.07774378509711
LOC111128847,-0.826933235305352
LOC111100679,1.79117700635362
LOC111127844,-0.191453416137287
LOC111125052,-0.290449949207922
LOC111108496,-0.491041299990761
LOC111134960,0.219297884590846
LOC111105582,-1.63952404192786
LOC111113397,0.059681693562811
LOC111103547,-0.231862710214855
LOC111133330,0.193584989429233
LOC111122082,0.468344374395792
LOC111119607,0.537176829615215
LOC111134113,0.238098369343985
LOC111113248,-0.747758995620989
LOC111132273,-0.137535812782912
LOC111120878,-0.778844149446951
LOC111137052,0.154460512588216
LOC111105600,0.0243144516353974
LOC111122623,9.01391773295745
LOC111119646,0.166033890472363
LOC111128226,0.588765547843812
LOC111133404,0.510768377221669
LOC111120078,0.218489355162618
LOC111115439,-0.17574076232888
LOC111135852,-3.04968779731893
LOC111111998,1.80880123377086
LOC111101197,0.102060688514445
LOC111110518,0.257036378182432
LOC111128451,-0.304922381118186
LOC111126998,-0.139887470118546
LOC111101373,-0.166317713136849
LOC111122159,-0.211776914152151
LOC111131398,4.46169272794171
LOC111125647,1.56408236516332
LOC111126787,0.406693000020025
LOC111132438,0.330739413488415
LOC111106037,-0.134976570711173
LOC111102099,-0.839441993260439
LOC111137927,-0.401369714151614
LOC111102609,-0.981804823655526
LOC111110719,0.103058023840812
LOC111106916,0.339643224155453
LOC111118301,-1.06323103339779
LOC111108229,0.355510847056706
LOC111135733,-0.0241998677019991
LOC111108096,0.16464338104686
LOC111101265,0.224703194127139
LOC111122854,-0.49614028108012
LOC111129715,2.21440011294877
LOC111113360,4.16894222543031
LOC111105549,0.813680135032759
LOC111121476,-0.0540142764997588
LOC111134002,1.7967782207655
LOC111129091,-0.414838519841525
LOC111134389,0.204348730941142
LOC111101850,0.786661297509
LOC111106462,1.65843059331086
LOC111099082,-0.948736098974776
LOC111134904,0.455782235897783
LOC111110642,-0.791096742199217
LOC111107224,0.140198215004625
LOC111137152,0.0558400764985499
LOC111132219,0.20904368796962
LOC111126902,0.754735568135883
LOC111111228,-0.158182189037381
LOC111129886,-3.52430613223453
LOC111133794,0.417145637116989
LOC111106399,1.27157501111957
LOC111106628,-0.570780941945683
LOC111107359,0.812540507236535
LOC111134802,5.64805154739851
LOC111114728,0.323917435730935
LOC111108338,0.590034115379841
LOC111120713,-1.3866321177661
LOC111102582,0.0621827054375011
LOC111112663,0.324162663771854
LOC111137609,-0.971454408198876
LOC111125990,2.30130133644887
LOC111116592,0.0343115359128424
LOC111130953,0.0690164425518275
LOC111117680,-0.278698333427695
LOC111113584,0.157108929963723
LOC111116151,-1.57813976754915
LOC111127637,0.0533436285751083
LOC111133057,-1.83279960596308
LOC111104770,0.606478404413589
LOC111104326,-0.370199589069901
LOC111134137,0.668441084000895
LOC111117591,-0.177770406156258
LOC111134812,2.67654002266356
LOC111130272,-0.0245999286462447
LOC111127783,0.130157663382228
LOC111110677,4.35604181755434
LOC111123790,-2.41681718118275
LOC111121311,-0.221350421527529
LOC111120175,0.482046049998778
LOC111135055,-0.197684263097095
LOC111110875,0.24752591532173
LOC111123796,-0.0361600284808534
LOC111128722,-1.16637373310378
LOC111131242,0.719401916892016
LOC111136380,-0.123608920444882
LOC111126810,-0.255426374066387
LOC111129399,1.06356192941762
LOC111099123,0.147958799924995
LOC111104038,0.230576515930531
LOC111105521,-0.114268668766018
LOC111130624,-0.291863477188573
LOC111131766,1.94536427254196
LOC111099446,2.49693199118366
LOC111110940,0.0144128011876188
LOC111118569,0.98494512084022
LOC111133808,-0.064450321426128
LOC111113575,-0.700930975486864
LOC111136227,-1.18324476491467
LOC111133327,0.0596462346122215
LOC111133319,-1.42982483013496
LOC111116795,-0.794222828379099
LOC111135721,-0.610081599614864
LOC111123987,0.0135566528826098
LOC111106411,0.0498280151941793
LOC111136559,-1.24568057364994
LOC111130279,1.12946246139209
LOC111135506,0.786354476852776
LOC111104082,0.876350967937271
LOC111132595,0.286271325422753
LOC111128488,0.522540266681274
LOC111108947,0.690536584174585
LOC111099489,0.329279531947568
LOC111109904,0.142189054884172
LOC111130374,0.905930944506273
LOC111110356,0.332019379946043
LOC111136889,2.25511139752992
LOC111114609,0.130473251163259
LOC111124533,1.26529191719129
LOC111108451,0.519948133580761
LOC111136238,1.8426353435787
LOC111114532,-0.141478445677356
LOC111100350,0.080980586520286
LOC111119397,-0.789759163153789
LOC111130874,0.758971748317001
LOC111119682,1.09766799997003
LOC111125196,1.8532149790164
LOC111127060,0.627325726968127
LOC111129193,-0.0590779667179936
LOC111102211,-0.16131247711638
LOC111128962,-1.83601376904877
LOC111128109,0.459743401856081
LOC111102852,-1.2048840004186
LOC111102285,2.02980187938026
LOC111130629,-0.101169068741707
LOC111113401,-0.659094271561008
LOC111129275,0.0821576426632596
LOC111122375,-0.209658151022101
LOC111127550,-0.629929569369669
LOC111109128,0.482024692506542
LOC111109129,1.04491016841245
LOC111105601,-0.660318308568968
LOC111128589,0.449533016914715
LOC111127811,-0.432535090495788
LOC111129147,-0.554545431406365
LOC111132343,-2.85226043811069
LOC111101199,0.141800007175301
LOC111102234,0.31039304140972
LOC111125649,3.55476758590802
LOC111128840,-0.145444230276717
LOC111133948,-0.128784183123692
LOC111111572,0.70147158894409
LOC111136434,0.560061511881592
LOC111138461,-0.932616850911825
LOC111123197,1.41638463081575
LOC111109557,0.501265398797277
LOC111133858,0.239207184715507
LOC111134887,0.230100411882487
LOC111128179,-0.0545668251763841
LOC111126139,0.560714497751701
LOC111110039,0.437109872203547
LOC111108501,1.2765525623018
LOC111105579,-2.31873543107672
LOC111138306,0.903374570647337
LOC111121762,-1.19190654335506
LOC111111939,-1.29004234775365
LOC111104970,0.110159183600235
LOC111128851,0.15202329318628
LOC111119442,2.58123923517073
LOC111130621,0.117592856634002
LOC111126544,-0.107198851977477
LOC111109084,0.955380262004711
LOC111106703,0.29136612980019
LOC111114879,0.939375102915944
LOC111120554,1.16094678057462
LOC111130121,0.581372559556197
LOC111101639,-0.333093643564332
LOC111121105,-0.405083584143495
LOC111123251,-1.91133928644666
LOC111127739,-1.27938605000918
LOC111125005,1.63130052010007
LOC111107260,3.66597653760126
LOC111130595,-0.491314407205611
LOC111120777,0.358599957722641
LOC111130289,0.0947673295585993
LOC111114829,-0.526126357673776
LOC111108423,0.979349031282396
LOC111121581,-3.07448551203451
LOC111129789,0.203164670387568
LOC111101023,-0.916155116489482
LOC111123837,1.71844568796432
LOC111125566,0.39415015266996
LOC111106006,0.331151794021619
LOC111122653,0.898991972823269
LOC111131867,-0.204973532725368
LOC111134617,-0.147626207489855
LOC111101628,0.019097798690384
LOC111100845,0.0961079158625373
LOC111099949,-1.08767440261762
LOC111132134,0.00989110913354133
LOC111119585,0.454539083887331
LOC111118600,-0.20336779234153
LOC111119198,0.175098720177404
LOC111123753,-0.75755922011423
LOC111107289,0.00651409187421486
LOC111119345,-0.601171189444522
ND1,1.4360851621167
LOC111134206,0.58930807518299
LOC111112172,0.180032661854157
LOC111109757,-0.386561624357903
LOC111113126,0.378607233868343
LOC111103889,0.0302003937618058
LOC111104116,-0.462528669854927
LOC111132809,-0.456497366358285
LOC111126624,1.40211385180284
LOC111112747,0.0609180234372629
LOC111135539,0.893174014999645
LOC111104996,-0.0527201372962688
LOC111118463,4.47444603409499
LOC111128509,0.649004345250244
LOC111118464,-1.0050308599895
LOC111113717,0.187393966943834
LOC111120829,0.567390593275751
LOC111109590,-0.0566616944141169
LOC111111120,0.522932094681536
LOC111114107,0.153503037318789
LOC111119063,0.996188859699064
LOC111131437,-0.246513144604662
LOC111136393,1.44246125886291
LOC111131722,1.65312291365794
LOC111115993,1.53151474467903
LOC111100451,0.563664220654655
LOC111136779,0.93339791341181
LOC111110143,-1.07531734138453
LOC111100514,-0.56494085961705
LOC111107499,-0.439280414115493
LOC111136621,0.158496049365344
LOC111112169,-0.0208390833781311
LOC111133089,1.23284233559867
LOC111133565,0.276004990255221
LOC111122435,-0.127418808596879
LOC111102292,-0.225359258566641
LOC111102030,-0.882211724066202
LOC111129821,-0.360833044930391
LOC111134776,0.180675631857895
LOC111128165,1.79746894150768
LOC111104285,-0.507318128754955
LOC111120511,-1.41341210206576
LOC111137981,-1.33639910847274
LOC111130037,-0.196787607169289
LOC111130036,0.339411096095887
LOC111101115,-6.55780179518904
LOC111108177,-0.301089801034773
LOC111099887,0.794328703803833
LOC111118112,-0.221900185971689
LOC111138282,-0.0817019287631286
LOC111113398,-2.07268220615607
LOC111102188,-0.0292889094148002
LOC111131155,-0.777703682640058
LOC111137838,0.0498181066938864
LOC111126659,0.213971613326359
LOC111128038,-3.2217469815462
LOC111125767,0.244360441435364
LOC111114673,0.168191857549859
LOC111122846,-0.86790117329157
LOC111109657,0.417103365470883
LOC111111260,3.50249974701248
LOC111103781,1.9198121395034
LOC111110485,0.222299050632282
LOC111124855,-0.182924033884369
LOC111107584,-0.961396756634342
LOC111103915,0.592805617186521
LOC111132603,-0.180190406761052
LOC111130420,-0.263352063901963
LOC111134564,4.11763214463426
LOC111105286,2.00474335078054
LOC111102420,-0.355579598290725
LOC111099526,0.210400239516317
LOC111125610,0.140211323849246
LOC111136450,1.3498603632015
LOC111131263,-0.151769660042688
LOC111118485,0.614316901530296
LOC111099708,-1.23957318481672
LOC111114607,-0.0966730020445546
LOC111103485,0.348241803040981
LOC111117488,-0.334218882780021
LOC111112580,-1.47556813758535
LOC111123120,-0.436329514189021
LOC111137291,-0.731074753187811
LOC111104834,0.0761396679129038
LOC111135359,-1.12370876881781
LOC111102337,0.507826671860863
LOC111107575,0.562215482771122
LOC111120475,0.132264614572458
LOC111116791,0.951984846810173
LOC111133678,0.00722275321770881
LOC111117835,0.473123340760981
LOC111118606,-1.7557718004187
LOC111121749,-2.46760775005326
LOC111124612,0.3723169370714
LOC111126852,-0.934262587719209
LOC111104636,-0.438322541626435
LOC111106672,-0.7145461094143
LOC111118298,0.311575424226282
LOC111125249,0.563428512015507
LOC111128811,-0.0782710179203971
LOC111108629,1.34644183442096
LOC111117846,0.115228790623713
LOC111132384,0.284151694648355
LOC111135300,-0.571209876952657
LOC111119454,0.761657419257315
LOC111121614,-1.00634647392941
LOC111121252,0.636588471128753
LOC111137269,-0.668267319192916
LOC111120183,-0.76747292104433
LOC111132110,3.6310276196524
LOC111106867,0.540933080820215
LOC111124961,0.180554081213583
LOC111135687,0.324070230902499
LOC111137366,-2.72548848324171
LOC111106884,-0.449698863040625
LOC111132893,-0.122024666357571
LOC111102572,-0.0225264907705179
LOC111122896,-1.51489389270975
LOC111109940,-0.398409550331409
LOC111113180,-1.09252107604369
LOC111125592,0.204147907538074
LOC111103784,-0.0626118094556021
LOC111123804,3.21797163926994
LOC111133119,-1.4587313130383
LOC111112924,-0.0795492387634762
LOC111117310,0.166996291108504
LOC111131603,0.199749826998439
LOC111126660,0.391515453222267
LOC111103697,-0.100194923701605
LOC111135150,-0.334633709752525
LOC111102912,1.21244515325505
LOC111119672,-0.582200415037582
LOC111111357,-0.477854955957742
LOC111126856,0.328735139255722
LOC111101820,0.723766083667593
LOC111104081,1.86532734789651
LOC111103150,-0.315237979613077
LOC111115526,-0.8930155705439
LOC111127317,0.333942804298004
LOC111111203,-0.446926148129047
LOC111126966,-0.535237299277827
LOC111101479,-0.547083530140219
LOC111109038,0.621849814243359
LOC111110315,0.399662747575547
LOC111126642,-0.653593161877203
LOC111108930,-1.04369124280432
LOC111133605,-4.35782766158973
LOC111136276,0.0380205956707005
LOC111134800,0.523891870540532
LOC111130767,-0.796155677640583
LOC111115047,-0.0473401348197611
LOC111132831,3.09472569803616
LOC111118232,-0.0896575873526846
LOC111125056,-0.591438755849313
LOC111121586,1.16029376153001
LOC111108552,-0.529294875667342
LOC111104016,0.178043034217147
LOC111103216,0.880673140918886
LOC111130167,0.878092974977046
LOC111104657,0.0590764408520678
LOC111136644,0.530304211477601
LOC111129345,-0.249589255703036
LOC111138363,-0.00848247809161292
LOC111104571,-0.500313510341286
LOC111121639,0.157192612817516
LOC111137338,-1.77750271097795
LOC111099192,0.538791882684917
LOC111111386,0.331665426422584
LOC111129487,-0.58457776659162
LOC111105580,-1.29048817655412
LOC111136783,2.14661876768021
LOC111132073,3.94010150310268
LOC111138256,-0.850898068857108
LOC111108072,-1.39885139637838
LOC111130515,0.159788019801769
LOC111104513,-0.772837485637642
LOC111125980,0.579211678983999
LOC111116422,0.120832459137579
LOC111134879,0.315719602023197
LOC111127896,0.945283248326357
LOC111104927,-0.827370183758518
LOC111118494,-1.89907278191455
LOC111132983,-0.269992674237093
LOC111125406,-0.461090043781908
LOC111131527,-1.41038927125586
LOC111129209,1.12701964326036
LOC111116973,-0.61475497549532
LOC111107785,0.662973168379589
LOC111100219,-0.00737399698033619
LOC111124446,0.442881457188728
LOC111115278,-0.242131739768226
LOC111102699,0.593048094988339
LOC111132480,0.517129234732635
LOC111129390,-0.292160868768148
LOC111106734,-1.65919539723899
LOC111130519,-0.0652886797369649
LOC111114864,1.00697468062501
LOC111102221,0.434103315387496
LOC111104633,0.670720693182785
LOC111135944,-0.0344190134856925
LOC111100881,-0.618009753409266
LOC111122853,0.502348029728113
LOC111119918,0.255652522175937
LOC111101042,-0.584718520049103
LOC111137858,0.583743946573378
LOC111137519,-0.242688293157402
LOC111137450,-0.340484833266163
LOC111121483,0.0777470729798243
LOC111102455,0.119449984716562
LOC111108360,0.085969914337349
LOC111103512,-0.594966603012913
LOC111125136,1.56557806494862
LOC111107187,-0.808392277229099
LOC111114660,-0.121198114448217
LOC111129846,-0.620807578184789
LOC111131066,0.14799178754242
LOC111137917,1.11418738541067
LOC111132156,4.61520167710735
LOC111132545,-1.38905440015384
LOC111110179,0.161021303954372
LOC111131784,-3.6303565938355
LOC111109591,-0.110001165902241
LOC111116874,-0.937166013282205
LOC111132039,0.789727334529722
LOC111124156,2.261661083134
LOC111123196,-0.52917303282436
LOC111136913,-0.206585573497034
LOC111136315,1.24449461611144
LOC111132913,-0.787987425822114
LOC111100995,0.77893104869126
LOC111131668,-0.674723409590534
LOC111119145,-1.1586777713603
LOC111133970,0.204812281783237
LOC111131487,15.232128722287
LOC111109373,-0.134887767715028
LOC111120582,-0.277798605279156
LOC111101605,4.40149781267298
LOC111108065,0.155090927255218
LOC111101301,0.457748512809613
LOC111113968,-1.43867330395127
LOC111118320,-0.0312824676652672
LOC111123594,2.61588102817854
LOC111116827,0.0961014299934571
LOC111119444,0.691518000911678
LOC111137672,-3.31627163608898
LOC111138464,-0.353902719449543
LOC111124931,1.04483125473139
LOC111133131,-0.253296517993892
LOC111115194,-0.433967468841124
LOC111133831,-0.402617769049537
LOC111111030,0.536554021469516
LOC111107298,1.45419270947405
LOC111119780,-0.228810438069086
LOC111133837,0.0568049906655296
LOC111100385,0.0207110148020223
LOC111137172,-0.867514851239975
LOC111137712,-1.5897033730827
LOC111125738,0.238652226247998
LOC111137874,-0.978772493842601
LOC111113063,-0.398371117134345
LOC111132317,0.020194761606099
LOC111112909,-0.260986993430067
LOC111128607,0.254332689612824
LOC111128232,0.16589123976218
LOC111116419,-0.0343833326655747
LOC111132077,0.582330276934807
LOC111138170,1.411446455465
LOC111126683,5.48955143496036
LOC111105370,-0.554881951153598
LOC111119651,-0.399046313699386
LOC111136465,0.636420176466238
LOC111118115,-0.0892468929757283
LOC111108626,0.472019563832367
LOC111127431,-0.0336813451248343
LOC111112438,-0.338414308639471
LOC111136718,-1.37658645980126
LOC111111800,0.256763654732579
LOC111138146,0.216135056100168
LOC111118257,-3.50577701710771
LOC111099098,1.33183693362559
LOC111100461,1.24154479002912
LOC111108356,-1.83696545265089
LOC111137354,1.22008495183427
LOC111136584,-0.197570254397579
LOC111115810,0.658057600678855
LOC111103886,0.102283957572403
LOC111103803,0.702469305504417
LOC111111127,0.00745904879053416
LOC111118829,1.86996331711781
LOC111116772,0.614630055454778
LOC111101275,-0.827849121226929
LOC111112668,-0.107830551298126
LOC111128889,0.169944690593922
LOC111106715,-0.0343787930599238
LOC111123412,1.01677717087167
LOC111136305,-1.63950365442217
LOC111131272,2.29934539429366
LOC111100979,-0.972221534072212
LOC111131293,0.516306474311659
LOC111135999,0.00437958810944667
LOC111137228,-0.23951205221694
LOC111136749,-0.223566156054483
LOC111133790,-0.97061429792397
LOC111134793,1.27585357441643
LOC111132439,-0.551405997124979
LOC111126188,-0.610525826723702
LOC111115460,1.21989438544438
LOC111111479,-1.18559258583066
LOC111123620,0.138784453220438
LOC111110162,-4.01313713815765
LOC111109422,0.708278087673275
LOC111109144,0.16554847467142
LOC111108892,-0.662783408817803
LOC111113271,0.0111478802206157
LOC111114929,1.28865942911366
LOC111105676,-0.214123368569129
LOC111114811,-1.72543635422529
LOC111133214,-0.981741714429804
LOC111119781,-0.1233233518796
LOC111111223,4.39887122729153
LOC111121305,-1.06215841373861
LOC111108758,0.0103596507437717
LOC111133908,0.0817827221806166
LOC111137842,-0.194122170393959
LOC111103676,0.864234018366321
LOC111130451,0.883283223970799
LOC111115342,-1.81524259952709
LOC111129938,-0.586350239323642
LOC111100383,-0.340563080777087
LOC111100605,1.30946243616862
LOC111117821,1.2957351838615
LOC111105132,0.232539572614986
LOC111127133,0.736980574029613
LOC111111638,0.533904457610144
LOC111107020,0.597221870785105
LOC111114010,1.24185049452477
LOC111118591,-0.316666559295491
LOC111136070,-0.926485741916904
LOC111120899,0.0939095149103961
LOC111130725,0.0384518570796893
LOC111121914,-0.936763263250318
LOC111103104,-0.0344307141993358
LOC111128984,-0.377703948013893
LOC111113153,0.696425094558694
LOC111131555,0.263750355996581
LOC111117442,0.32872024670077
LOC111112768,-0.0344311439784215
LOC111127955,-0.16249247536111
LOC111133600,0.0521393235596107
LOC111117562,-0.0343500946066758
LOC111119248,-0.419618383155829
LOC111118654,2.54067416893068
LOC111117522,-0.492674819739791
LOC111110188,0.0498335409379174
LOC111133647,0.408836642324409
LOC111100360,-0.331486128489707
LOC111124618,-2.45634313865139
LOC111129149,-0.732060335966809
LOC111113580,-1.4228512232431
LOC111135754,-1.05202570470523
LOC111110860,0.365703179965044
LOC111120822,-3.14960907028795
LOC111107264,0.544365366258495
LOC111136728,-1.78283482717839
LOC111122294,-0.362811338312969
LOC111121536,0.0328154917856521
LOC111130709,-0.76861688584738
LOC111119203,1.04805908940642
LOC111112277,-0.347074175219284
LOC111106587,0.0703145978644695
LOC111105165,0.373645680612683
LOC111111297,3.61035587800475
LOC111126049,1.10564550548447
LOC111134600,1.02078562790639
LOC111128320,0.518140222399113
LOC111099570,0.657363109414068
LOC111130047,-0.870275585346613
LOC111102583,0.327942851144674
LOC111137042,-0.611115020189033
LOC111130280,3.56480690007647
LOC111112216,-0.0401662302158768
LOC111122654,0.28955953488916
LOC111118326,0.898105101747678
LOC111106759,-0.357890971442691
LOC111112148,0.712552779465601
LOC111110787,0.547706820551831
LOC111133195,-0.750663886960894
LOC111136035,-2.30130177925093
LOC111124898,0.177102260501831
LOC111133036,1.28624113649769
LOC111122356,-0.34942267972836
LOC111114585,1.41611925280155
LOC111122276,-0.207603574438564
LOC111113754,0.0684770456438816
LOC111104525,-0.382445961330075
LOC111114978,-0.0512167387031759
LOC111136433,0.24424109041582
LOC111112115,-0.252199898200793
LOC111121141,3.68832489968979
LOC111123568,0.200950839082161
LOC111103409,0.328585331534207
LOC111120063,0.483599161134295
LOC111113356,-0.46759327873
LOC111137108,-0.558464726367788
LOC111115973,0.236210775428331
LOC111117555,0.81679390612332
LOC111128660,-0.0179122136240651
LOC111121157,-1.28610565538387
LOC111101193,1.08683184951165
LOC111115946,11.3927697918308
LOC111104833,0.550197284668747
LOC111111673,-0.465172597199843
LOC111129006,2.71803425183744
LOC111100232,0.322115810215899
LOC111108905,-0.0701794761552014
LOC111132629,0.769298632047248
LOC111122421,-0.0101894896404304
LOC111109745,-0.423566762347177
LOC111103465,0.177487282724055
LOC111101772,0.271464437634618
LOC111125915,0.189619407430062
LOC111110132,-0.34789987546658
LOC111124531,-0.0975132292882341
LOC111111736,-0.593486266845042
LOC111115959,0.155881537288349
LOC111101929,0.505647337507723
LOC111123090,-1.33847258188931
LOC111107084,0.182748631850416
LOC111114696,1.14137546637113
LOC111125543,-0.684203355497044
LOC111125545,-1.69839504146078
LOC111134398,-0.685903467097726
LOC111107375,-0.27236527160722
LOC111134392,-0.760027600608649
LOC111104651,-0.4156356486408
LOC111133420,0.0691672186788363
LOC111125048,-0.454298032087205
LOC111128763,-7.3428534649214
LOC111124512,-0.0962735805296456
LOC111128580,-1.30073166943493
LOC111128177,-3.14163778632615
LOC111118419,-0.767195665480969
LOC111113004,0.105370538326249
LOC111138505,-0.576425863917064
LOC111130076,-0.409181169518197
LOC111131785,-0.718308562072999
LOC111130471,0.210950367079176
LOC111135442,0.765433946675144
LOC111118155,-0.241913429966893
LOC111105252,-0.682757314307938
LOC111138344,1.02582637325805
LOC111121359,0.364778508499062
LOC111113011,0.190764510946255
LOC111100927,-1.77721456107778
LOC111127220,0.22171825183496
LOC111133369,0.285610812955512
LOC111125150,-0.796158824600157
LOC111099490,-0.64993023143419
LOC111119297,-0.0651910517849461
LOC111123593,0.351620949842034
LOC111118771,-0.11556248807388
LOC111107577,3.19500521764763
LOC111134752,0.589746058129927
LOC111131685,0.388761649285013
LOC111127385,-0.316478676020167
LOC111134929,-0.0217931488575293
LOC111135352,-3.13302883094185
LOC111103843,0.409071889746561
LOC111117094,0.521325864178751
LOC111133080,-0.907086280864245
LOC111127404,-0.0563266945474996
LOC111117742,-0.170971142908231
LOC111100653,0.292117050983393
LOC111103994,0.304182670909512
LOC111132923,-0.0748144505101839
LOC111136720,-0.190162916105592
LOC111123491,-0.790520703583079
LOC111110728,0.886330357546662
LOC111103628,-1.4783421786598
LOC111119691,-0.248045700531866
LOC111128926,0.599407611379536
LOC111134119,1.34276832121162
LOC111137090,-0.289656405586943
LOC111114917,0.0432857089783909
LOC111117913,-0.182723621275614
LOC111110503,-2.49385240080163
LOC111134787,-0.764028733848128
LOC111116852,1.07676500125143
Trnaa-cgc,-0.616273902133236
LOC111137537,-1.73560184986129
LOC111134045,0.670179584659761
LOC111126177,-0.262340975518948
LOC111101467,0.685790379241394
LOC111106839,0.0246782108089015
LOC111119807,1.36275365862159
LOC111126736,0.237247295423473
LOC111134365,0.391806345858346
LOC111112613,-1.19616877163843
LOC111136097,1.59772486479224
LOC111129625,1.67454943606907
LOC111110172,-0.741186834386564
LOC111125194,-0.257173519858027
LOC111100470,15.9188305395974
LOC111138083,0.360898220111032
LOC111134885,1.89861106608447
LOC111114025,0.629531666972936
LOC111116529,-0.722651150300008
LOC111100980,1.19109940194182
LOC111112212,0.527413896391146
LOC111122961,0.39849724157083
LOC111125199,-0.42622100204802
LOC111132076,-0.271177000044419
LOC111135479,-0.267706112326433
LOC111135949,3.08875013363016
LOC111112331,-0.978686400648887
LOC111131026,-0.368095171654178
LOC111135118,-0.721843124966417
LOC111111772,0.815557591159468
LOC111111144,-1.55628842330756
LOC111133301,0.853366044252538
LOC111131019,1.13951879349636
LOC111101411,-0.533462876053122
LOC111131749,1.24933914482218
LOC111102074,-1.06191788307953
LOC111128934,0.21529346319973
LOC111120508,0.567980007588497
LOC111109689,-0.265310397752072
LOC111103908,-0.238356153904194
LOC111103662,-0.549393274935994
LOC111102262,0.371232090162476
LOC111121222,0.213185990976786
LOC111126423,-0.251487267890401
LOC111134260,-3.56217310088556
LOC111120306,-0.332994720471696
LOC111107956,-0.450493518225751
LOC111109003,-0.168802827359938
LOC111134762,-0.647819590285909
LOC111118405,-0.695041717894497
LOC111107784,0.010754135216225
LOC111122662,0.0997574418418471
LOC111105282,-0.018496690206638
LOC111128719,0.0244434812384995
LOC111112526,-0.738037830498006
LOC111129858,-0.178324629362375
LOC111101901,0.011529206249705
LOC111137595,-6.51621538443045
LOC111118279,1.19689267351942
LOC111110316,0.998509610543089
LOC111127297,-0.335169899596787
LOC111118416,0.225764070676226
LOC111106168,-1.61267655674554
LOC111110993,1.07211736049791
LOC111134501,-0.531909811775265
LOC111133998,0.5170211926567
LOC111127814,-0.393362815529819
LOC111099612,-0.079421894951645
LOC111129008,0.305355511562742
LOC111103158,-0.271015103456259
LOC111137036,0.867135615008434
LOC111120447,0.780583302520767
LOC111131726,0.157969231346603
LOC111123572,-0.199637127428662
LOC111130791,-0.772628504431223
LOC111111451,0.0748452560138578
LOC111133996,0.379101189840425
LOC111102944,0.0818971680070458
LOC111114158,0.189741296421297
LOC111100148,1.45344697047241
LOC111099410,-3.42218765521546
LOC111116864,-0.441445124832237
LOC111103778,0.326630917034716
LOC111116910,-0.0782998504012553
LOC111137943,1.14907489634963
LOC111126439,0.403181295594189
LOC111117177,1.99758635344306
LOC111132955,-2.91506032664207
LOC111109208,-0.239588381437419
LOC111116308,-0.345174842903731
LOC111107223,0.034097710928341
LOC111125810,1.4458580897387
LOC111135443,-0.084121673656172
LOC111138101,0.752930610372128
LOC111115632,-6.01738872782276
LOC111125044,0.0966795248566263
LOC111127855,1.06108326864287
LOC111137987,0.659921250458739
LOC111115433,-1.21936705685867
LOC111118009,-0.281702582998697
LOC111129022,0.117175744530785
LOC111114926,0.478900745318418
LOC111127180,1.11464153317269
LOC111130222,0.825422352586212
LOC111128895,-0.0531141669187835
LOC111100393,-3.26888953253939
LOC111119716,-0.179077477984428
LOC111114035,-0.632051360955801
LOC111133503,1.19098942881804
LOC111107483,-0.137693672649526
LOC111133877,1.6458363135568
LOC111117947,-1.41898992755224
LOC111112596,-3.07784341865887
LOC111114928,2.05405908803218
LOC111099029,-0.66571494806449
LOC111119632,-0.241670145908937
LOC111135603,1.01530512997775
LOC111108693,0.164989298242267
LOC111103646,-3.4480436227862
LOC111104399,-0.0646633256476693
LOC111120704,-0.0959869419492083
LOC111104305,0.702208289581523
LOC111118435,0.121874710311519
LOC111118949,-0.260868965411152
LOC111099143,1.02407921388653
LOC111123030,0.247936920516697
LOC111101509,-0.406452169003193
LOC111137703,0.553217653130152
LOC111122937,-0.994849718703238
LOC111132984,-0.309050100862473
LOC111118834,-0.852180255439392
LOC111125379,0.0822153906082421
LOC111107520,-1.35903096980831
LOC111136413,0.562243726462637
LOC111128578,-0.144283165824981
LOC111132147,5.36089283668247
LOC111117288,-0.0214886230180257
LOC111138131,-0.643328608700341
LOC111127733,-1.52611983263109
LOC111106959,1.30312073197601
LOC111137543,-0.256858623084046
LOC111122423,-1.23251879954268
LOC111120435,-1.3710833046695
LOC111101549,-1.08194164879154
LOC111106216,0.985704135339199
LOC111130077,0.643878928496328
LOC111128175,0.191484692260383
LOC111129916,-0.921875992498423
LOC111120514,0.376047759115857
LOC111103004,-0.910356735651269
LOC111108816,-0.0544097238696843
LOC111132197,-0.738020965143752
LOC111104119,0.984624114034858
LOC111118292,1.10671687953764
LOC111132803,-0.707622831466027
LOC111119510,-0.0443240701008223
LOC111136517,-0.325725355832196
LOC111120867,1.24917454517214
LOC111136032,-0.592450675085828
LOC111121833,1.36987991398243
LOC111105229,-0.240952202008359
LOC111116782,0.981230794663466
LOC111130912,-0.109596051385911
LOC111118418,0.732256155430062
LOC111122249,-0.185346436974862
LOC111109040,0.176130668356792
LOC111115607,-0.299073672832575
LOC111100355,-1.99829046325383
LOC111114847,0.58655870659473
LOC111103463,0.00855940396485402
LOC111119147,0.583051563310061
LOC111124025,0.0326107692810303
LOC111123988,0.117394149346426
LOC111109132,-0.823546088777843
LOC111137356,0.0091935385026601
LOC111099511,1.65786452173721
LOC111130707,0.397319878912387
LOC111111657,-0.197252798743343
LOC111109058,0.275935041353902
LOC111109056,0.753554624571243
LOC111132692,-0.0292064388211146
LOC111115832,1.33520693997879
LOC111101710,-0.347217906531242
LOC111107022,-1.09696057397059
LOC111099471,1.00046433982897
LOC111106408,-0.00470075952594077
LOC111137571,0.663636718339635
LOC111137653,0.122464474763979
LOC111135657,0.472694088724481
LOC111113265,-0.700131055322631
LOC111117509,-0.913754348252963
LOC111106012,-0.543041583898797
LOC111118423,0.0311734993417892
LOC111133494,-1.06788312583413
LOC111121690,5.62202534438467
LOC111130927,-0.0768930259946435
LOC111124493,-0.378958775664081
LOC111120767,-3.56526508540523
LOC111135454,-0.139979653361266
LOC111135761,0.575251755723068
LOC111099680,-0.497240394234625
LOC111123580,2.25778970692216
LOC111133560,1.8474868993107
LOC111104654,0.381079388728617
LOC111137603,-0.175751155193391
LOC111130955,-0.551315803362044
LOC111132704,-0.50724443296199
LOC111137560,-0.337952820891183
LOC111138329,2.2860428525593
LOC111106338,-0.860748032477387
LOC111104709,0.0539829372043561
LOC111118429,1.23820633926438
LOC111109838,-1.39198242135083
LOC111116792,-0.0318211771620396
LOC111100207,-0.877305852345517
LOC111120132,-0.957100233227393
LOC111102644,-9.4413183924082
LOC111120886,-0.377883441872982
LOC111103486,1.04544007855479
LOC111138099,2.53159466686015
LOC111126378,-2.35673275881389
LOC111128216,1.23856247382538
LOC111122951,0.983006273291153
LOC111129196,0.344327702968409
LOC111133575,-0.342509758014226
LOC111133507,2.52909048707851
LOC111136914,0.274527489771335
LOC111119908,-0.00805216431155269
LOC111132576,1.05164092673008
LOC111121341,0.116965041327835
LOC111129972,-0.52936246517745
LOC111118072,-0.138076829032227
LOC111130727,2.82430620174143
LOC111131338,1.29245104955024
LOC111108971,-0.100121036484352
LOC111118013,0.109905521590165
LOC111104092,1.94220922578828
LOC111105896,-1.18133848710934
LOC111101138,-1.28486021755451
LOC111121181,0.229242875170908
LOC111112949,0.608227001062077
LOC111132345,1.46972985374602
LOC111113826,-1.04685327613846
LOC111101201,6.43367995582501
LOC111117976,-0.154335320374411
LOC111110060,0.269391740652375
LOC111121592,-0.165404524059597
LOC111111234,0.874742946527414
LOC111126005,-0.0853693946815583
LOC111122250,0.456961514786049
LOC111108040,2.66468995802984
LOC111125971,-0.0525333950348435
LOC111124656,-0.696003411680078
LOC111123097,0.159338260292669
LOC111134401,0.0458505714714255
LOC111112110,0.637765056392487
LOC111123153,1.05034305363363
LOC111131044,0.635172844987876
LOC111125978,-1.51446937415074
LOC111115883,-1.77664351200366
LOC111127752,-0.448336815567899
LOC111100691,0.555613949131874
LOC111127803,0.485306976059368
LOC111130101,0.253577215693046
LOC111104162,0.377941948907622
LOC111135421,-1.43130218537084
LOC111108516,0.667690695116748
LOC111119256,-0.0868277812592654
LOC111111289,-0.0948274882843043
LOC111109955,1.09959693615994
LOC111109956,-27.5422360996448
LOC111135286,0.580052601950823
LOC111118427,0.843687922058621
LOC111127378,-0.560578718225384
LOC111113028,-0.105063995730617
LOC111116046,-0.224929709232479
LOC111117985,0.516311452747241
LOC111118367,-0.209128857305511
LOC111122496,1.60185248863842
LOC111112497,3.49182329842904
LOC111130150,1.39220418939305
LOC111128841,-0.0722860253843301
LOC111138095,-5.66474767603309
LOC111135645,-1.67960543213332
LOC111129167,-0.558433641413004
LOC111110453,0.844299072800779
LOC111106175,-2.79822853770153
LOC111110263,-0.456057829679802
LOC111122415,-0.528315976422347
LOC111122072,-0.386145773856468
LOC111119639,-0.0377163706918982
LOC111135858,0.273463927470407
LOC111119482,1.2109502903423
LOC111107945,-0.126847673987936
LOC111113559,-0.0509577685156003
LOC111132440,-0.00280821506202987
LOC111137186,-0.700514898484923
LOC111101925,-0.915118602804335
LOC111121255,0.143251497459833
LOC111135559,0.109620979048353
LOC111137486,-0.820274252571975
LOC111118910,0.216569732848729
LOC111115082,-0.0911811506445382
LOC111117731,1.03613477431003
LOC111130948,1.03991173883787
LOC111101468,0.358906668077898
LOC111110507,0.276814092840009
LOC111136598,0.381546558774076
LOC111133550,0.722800066217326
LOC111123588,-2.12314259326989
LOC111128077,1.23312742543228
LOC111116996,0.962999688653111
LOC111103978,0.610443097992181
LOC111131390,0.177356069526417
LOC111109515,-1.27643421571896
LOC111121382,0.194777313252781
LOC111114244,-0.391381662020759
LOC111104515,3.13002502057758
LOC111137009,-0.0319466037893191
LOC111109229,-0.500990434066057
LOC111129436,-0.0661703171943463
LOC111133156,-1.14266669164965
LOC111114063,-0.0754594285199094
LOC111099649,1.06337388867695
LOC111130605,0.140253634072366
LOC111104489,0.449696976730736
LOC111123229,-0.0309055754764053
LOC111116156,1.60450038901022
LOC111113607,0.166549540186963
LOC111132503,-0.780815561992377
LOC111132098,-0.550816588949997
LOC111123650,-0.081836203832987
LOC111114934,-0.688830566656347
LOC111127291,-1.35351591313088
LOC111132791,0.519042336553238
LOC111109803,0.163983361684054
LOC111134975,2.84812681375307
LOC111129470,-0.0946101181978303
LOC111131768,0.485198465376731
LOC111135378,-0.215363979279938
LOC111134925,3.12802885895152
LOC111122172,-1.28002816664373
LOC111129369,-0.682079754483526
LOC111112506,-0.605790943711579
LOC111117695,0.0939227380704833
LOC111104186,0.104945516069817
LOC111127372,-0.0343866336858628
LOC111119496,0.271217458468267
LOC111122975,-0.265338032378409
LOC111126389,0.0697851056368394
LOC111136062,-1.9804192430557
LOC111120160,0.142422447985668
LOC111125716,-2.86651807625627
LOC111126466,0.856612394269499
LOC111106775,-0.40336740558261
LOC111106776,-0.954470489749678
LOC111128295,-0.526619519166932
LOC111107637,-0.386137240144679
LOC111125357,0.327741032557354
LOC111126352,1.23354692223545
LOC111106486,0.696479536550932
LOC111130356,-0.0476538483566386
LOC111112698,0.0498142295108168
LOC111132116,-0.386012765538814
LOC111128439,-1.99558728024531
LOC111120115,0.535189133476687
LOC111107495,-1.28073415672197
LOC111120022,1.24899328087119
LOC111099638,-0.652565660481235
LOC111117491,0.11064655645542
LOC111135050,-0.0323230431534649
LOC111125616,-0.558918011472365
LOC111112280,-0.473583555326736
LOC111111296,1.45522932808355
LOC111137730,-0.0217253737354277
LOC111114471,-0.363753564316892
LOC111127001,-0.0128401064397925
LOC111137319,0.375739080887205
LOC111121846,-0.363652663609836
LOC111115415,-0.259758887131436
LOC111123284,0.26531512515418
LOC111137088,-0.0231775114092107
LOC111103837,2.85568163521921
LOC111129085,0.178962419854436
LOC111129086,-4.80139049386077
LOC111125936,0.677410838468948
LOC111113900,-0.214673925047657
LOC111119516,0.983672112402268
LOC111120125,-0.977146371498272
LOC111109766,-1.23888838343492
LOC111129323,-0.314185963456869
LOC111100977,1.7600095027302
LOC111111841,-0.137674060755127
LOC111106633,-1.10465212435823
LOC111135358,-1.08856812290497
LOC111133682,3.10204323544515
LOC111121197,-0.122718537747212
LOC111127641,-0.389988985658673
LOC111114680,0.320023715605796
LOC111137614,1.65730059555427
LOC111106925,1.0121495912576
LOC111106952,0.945281358683592
LOC111135925,1.85053668681778
LOC111135364,1.24783871381231
LOC111128319,0.458883728404247
LOC111120946,-0.245641893858471
LOC111131195,8.2009000456395
LOC111118088,-2.11160218455236
LOC111103934,-0.523328850406748
LOC111134143,0.743617157334928
LOC111122631,-0.369510117795503
LOC111125155,0.230060773933779
LOC111129459,-0.574684845995101
LOC111134594,0.179953609670323
LOC111134910,0.696959238296878
LOC111104382,0.284426038138445
LOC111131795,0.0789388044915356
LOC111133618,0.734538576553593
LOC111104752,-1.43218936696155
LOC111124634,-2.58547050260732
LOC111134877,-4.5628212272542
LOC111107262,-0.763459576366777
LOC111133738,-0.0103782471672938
LOC111102300,11.9051220082548
LOC111126023,1.45117427132556
LOC111118426,0.223144598825205
LOC111130091,-0.0402041731289885
LOC111131862,-2.40294605289445
LOC111136128,0.917198077649227
LOC111102335,0.0781293558331892
LOC111100330,1.75970902227961
LOC111106005,0.46740214248955
LOC111132123,0.232899689843488
LOC111128236,-0.491482586311542
LOC111104123,-0.250872728090001
LOC111136318,-0.694841074314715
LOC111123735,0.879194633841318
LOC111107348,0.772527349711103
LOC111120988,0.140254645345396
LOC111103531,0.0416679522405464
LOC111134742,0.632315859900252
LOC111114983,0.464954666865782
LOC111123202,0.842771894801566
LOC111136271,-0.094430782411681
LOC111122223,-0.814374449153778
LOC111122882,0.175269736313791
LOC111130221,0.815070557371403
LOC111100746,0.681950400540209
LOC111120643,0.197436734148744
LOC111117445,-0.543200191968744
LOC111127729,1.79647818460269
LOC111128753,2.98740435258878
LOC111115709,1.42875272017189
LOC111099110,-0.33974860307722
LOC111110720,0.3787933341121
LOC111125211,-1.38531654622683
LOC111104820,5.24994727063761
LOC111104615,-0.689338773537783
LOC111099749,-0.502988736580631
LOC111129590,-1.33538104916645
LOC111133475,0.434264466195173
LOC111105632,-0.187948192988626
LOC111128834,-0.362154923156418
LOC111110551,1.0409406872899
LOC111136814,-0.683928071125371
LOC111131657,2.21609596309442
LOC111104112,0.118323198351008
LOC111105720,-0.122779796543222
LOC111106313,0.248620759856582
LOC111100432,-1.03032797636341
LOC111138059,-0.490562589566321
LOC111125621,-0.168109219546359
LOC111123973,0.17326270734605
LOC111125378,-0.369949379909527
LOC111137548,0.300830081554427
LOC111121802,0.180739562959306
LOC111112557,-0.035249051419133
LOC111105303,0.279894184020797
LOC111128735,0.634231716331166
LOC111134102,-0.342173112750607
LOC111129866,0.220558193482146
LOC111136216,-0.843549919339597
LOC111131379,0.488845521791036
LOC111120407,-0.769122229139683
LOC111114716,1.14266252574001
LOC111103518,0.213878313640643
LOC111104402,-0.242679353166177
LOC111131810,-1.50520602337821
LOC111101619,-0.106422613302412
LOC111110318,-0.0344701957317464
LOC111108566,0.174591614305559
LOC111103189,0.890027566397358
LOC111116177,-0.506913774632341
LOC111100667,0.640070713369103
LOC111136703,-1.11262342657911
LOC111102727,-0.318473197724164
LOC111126457,0.543514154394322
LOC111111840,0.165728125587804
LOC111136953,0.902827059181247
LOC111137618,-0.172927534485941
LOC111111470,1.00292103212513
LOC111104669,-0.426853226880082
LOC111138103,0.236115743515851
LOC111112135,-0.0605119708535556
LOC111101179,-1.57083904926028
LOC111119422,0.727632290912521
LOC111121158,-0.253595905177823
LOC111103992,-0.064786820840826
LOC111102492,-0.180739665058288
LOC111138410,-0.45375321850524
LOC111116440,1.1519296362201
LOC111136679,-0.128299454019073
LOC111107341,-0.651426112317596
LOC111108340,-0.723059756355951
LOC111099475,-0.80159830183345
LOC111119991,0.304250160374263
LOC111131490,0.0358888478241531
LOC111115297,0.192563675809137
LOC111107363,0.154142984348678
LOC111133861,0.648705617514997
LOC111119946,0.747237774638214
LOC111105389,-0.145192925289847
LOC111134806,-0.904528545105871
LOC111122524,-0.608429073826322
LOC111128577,0.0464923710303609
LOC111129707,-0.573745529973308
LOC111104136,-0.54996254033699
LOC111134813,0.726001838301019
LOC111111975,-0.0314046648802594
LOC111123845,-0.0280617200205658
LOC111107886,-0.303849939108147
LOC111109912,0.922346873362013
LOC111118237,19.5545212522979
LOC111113257,0.646169702456031
LOC111131872,-8.59403813595944
LOC111106792,-0.0592560309966971
LOC111133712,-0.577212460812468
LOC111099631,-0.618299469986796
LOC111137041,1.04153478887958
LOC111100957,0.303838860571123
LOC111125904,0.968303705486859
LOC111128882,1.26778120994348
LOC111108510,1.02520401498737
LOC111117026,1.71787479804754
LOC111137767,1.68451446017307
LOC111099555,-0.834726881465493
LOC111125444,0.756851952538821
LOC111131564,2.62890822205202
LOC111103838,0.0865126903919288
LOC111121261,-0.226480803579208
LOC111105450,-0.0827922494668802
LOC111137857,-0.858788912387548
LOC111136220,-0.0608844768918246
LOC111128736,2.14782118274796
LOC111118796,0.212501559762716
LOC111126514,-0.0123137193097708
LOC111117682,1.21696071146538
LOC111105329,-0.428835062161651
LOC111122548,1.68726835668542
LOC111119091,0.222109891867526
LOC111120580,0.0172873977124782
LOC111131450,-1.20721509326825
LOC111137334,-0.920621970022692
LOC111100255,-0.547347952773439
LOC111113085,-0.962297181432886
LOC111110409,0.333012607043481
LOC111110346,1.49799470007116
LOC111125957,0.0892141564269551
LOC111120486,-0.760218062402834
LOC111112319,-0.194196587294412
LOC111127842,-0.773035227993236
LOC111122823,-0.322210642933403
LOC111132316,0.53024096507401
LOC111129327,0.118406462542117
LOC111124282,0.599664237715241
LOC111134962,1.8246892049713
LOC111131550,0.30519789448175
LOC111121733,0.429733544716495
LOC111117296,-1.09749988027256
LOC111111066,-1.68252549647598
LOC111128913,1.20233775308573
LOC111128685,-0.112153380756103
LOC111112583,0.156067158665319
LOC111135795,0.645911945015396
LOC111125368,-0.114812212399917
LOC111106133,0.841548013064009
LOC111109249,-1.33331340119151
LOC111115407,-1.55274394946065
LOC111114522,-0.136705858688541
LOC111107290,-2.05322465700925
LOC111109115,-0.364047947292295
LOC111129000,1.8251552836026
LOC111105717,0.338274556258616
LOC111113292,0.562969107139563
LOC111120615,-0.257291152479274
LOC111127630,0.0307951207910459
LOC111125043,-0.279222481032515
LOC111120506,0.439821968403059
LOC111107735,-0.538553706169002
LOC111130385,-1.273939148576
LOC111116153,-2.82415308083587
LOC111114293,2.23081590615382
LOC111103501,-0.416807894034115
LOC111138058,1.13967806226654
LOC111137273,1.06109800760063
LOC111103343,-0.74680875427622
LOC111121423,-0.293583351569504
LOC111102870,-8.51954387548911
LOC111100676,-0.612406221158493
LOC111111535,0.543422161189228
LOC111120989,0.347355366478256
LOC111132471,-0.301171947680131
LOC111105440,0.380149649476307
LOC111133418,-0.0935684645921377
LOC111117352,-1.31703070753626
LOC111117929,0.284380946659332
LOC111136895,-0.363614077186811
LOC111129053,1.13199536279876
LOC111137107,0.791742715152163
LOC111100100,-0.00818203738864062
LOC111112490,-0.209984586379483
LOC111135074,-1.12527630387119
LOC111131391,2.8118688159173
LOC111113039,1.20100158425091
LOC111125036,0.00195969135874509
LOC111134874,2.14039924433597
LOC111124178,0.00151308374646031
LOC111103330,0.360963230949907
LOC111104260,-0.0948383182611235
LOC111130399,-0.0881037112530688
LOC111118302,-0.700682268237735
LOC111127401,-1.81908498183413
LOC111108442,-1.97952322358236
LOC111108281,-0.335226615789475
LOC111107595,2.12948800079638
LOC111132840,-0.600074300116964
LOC111118457,-0.568234021206547
LOC111099487,0.328718581751024
LOC111113408,1.52264492889539
LOC111121317,-0.257368997014219
LOC111125820,2.65903936195909
LOC111122849,1.00981323922622
LOC111117437,2.04924317026676
LOC111101891,-0.252268773501517
LOC111113671,-0.0344166647795004
LOC111101300,0.091171594277105
LOC111128224,1.24590546954965
LOC111107081,0.793696430401073
LOC111131323,0.275917563028832
LOC111131104,-0.824482644305549
LOC111138060,-0.456895035403791
LOC111123005,-0.629808671205534
LOC111126355,0.578566032178656
LOC111128288,-0.591972540048987
LOC111130684,0.111104662873003
LOC111128975,4.09272678356019
LOC111113961,0.301866812450253
LOC111102570,1.20213879671192
LOC111117811,0.298546227434966
LOC111118315,-0.788735538764748
LOC111137951,0.80739221587736
LOC111111551,-2.89391467185104
LOC111116352,-2.44836317615929
LOC111121532,-1.61043077449163
LOC111105696,0.233038941348327
LOC111111744,0.901770354519573
LOC111110394,-0.13889606227494
LOC111134817,-1.31400742087058
LOC111105074,-1.32289528025194
LOC111103516,4.06463709862215
LOC111122525,-0.0116049423293215
LOC111120895,-0.46473660987191
LOC111111809,0.265412523361671
LOC111111077,0.154540944477754
LOC111104334,0.0809493394545489
LOC111112764,-1.2041106090697
LOC111122591,-0.45875574154137
LOC111135750,-2.37094157584214
LOC111104148,0.049833138514661
LOC111116253,1.24707806777295
LOC111132686,-0.19676680441901
LOC111099839,0.846036949179927
LOC111131653,6.34989118876234
LOC111126874,0.139564643524611
LOC111114969,0.0497888631209577
LOC111123291,-2.13334739725253
LOC111120536,0.0328069836004827
LOC111119692,-0.0956224524770743
LOC111132064,-0.821348142336116
LOC111128579,-0.371219840470699
LOC111121642,-1.14952008451009
LOC111131783,0.395199299743292
LOC111108563,-0.0344132688172923
LOC111120503,0.00585251935237777
LOC111106661,0.327990353053408
LOC111116349,-0.345754815350654
LOC111133035,9.31653001168644
LOC111116619,0.108397662792357
LOC111102569,0.226301045569234
LOC111101428,-0.0418087992277845
LOC111129898,-0.0568380500043412
LOC111137044,-0.774591444209584
LOC111117743,-0.0548484535478328
LOC111138389,0.285528591157874
LOC111127906,0.676569767313302
LOC111135689,-0.817165175888661
LOC111138512,2.65812879079111
LOC111113298,0.589704330348674
LOC111122326,0.191079100210976
LOC111135599,0.460337122802376
LOC111133367,-0.0223958076194354
LOC111118185,-0.157657406853905
LOC111107931,-1.87210223623003
LOC111108271,-1.73965223129558
LOC111119678,2.51652112858377
LOC111115559,-0.332551772411055
LOC111102052,-0.524356434746911
LOC111126158,-0.159632650876385
LOC111129168,0.879860801161016
LOC111119069,0.142230709564027
LOC111101690,2.07585386882892
LOC111127221,-1.4234976399471
LOC111115190,0.0921549463983432
LOC111133140,-0.70931935741569
LOC111109332,-0.734481903670827
LOC111125739,-0.14206188670462
LOC111129263,0.465256330384477
LOC111132297,-1.39064453135164
LOC111103394,-0.385840859938663
LOC111131433,0.0132114478451468
LOC111110857,-0.800640863356917
LOC111117324,0.913782239624158
LOC111136398,0.61000698937477
LOC111100154,-3.28059517981132
LOC111130025,1.1722896565617
LOC111104211,0.616277173695633
LOC111130369,-0.531013880608585
LOC111129591,0.456908299751086
LOC111100510,-0.176954096714925
LOC111135704,-0.438439025582945
LOC111099115,0.000244973561561841
LOC111118265,0.237784589413644
LOC111108114,-0.34396337203691
LOC111122836,-2.60137288822759
LOC111111407,0.284111477044026
LOC111128154,1.57303861421152
LOC111121921,8.63473778449358
LOC111108388,-0.538043222076026
LOC111112639,-0.710054022821932
LOC111129533,0.665224403493757
LOC111103810,-0.162268323192258
LOC111130778,1.31255133709973
LOC111123535,0.309055094949665
LOC111114011,2.06634418138743
LOC111133539,0.228696809668354
LOC111134895,-0.499713460676637
LOC111122824,-0.805348312683054
LOC111126537,-0.278427447458427
LOC111111068,0.201822252897127
LOC111135893,1.15231502532172
LOC111099867,0.317065717204234
LOC111131814,3.01479280149465
LOC111099763,0.599874801973543
LOC111121664,-1.14439560343651
LOC111104198,4.58264886072912
LOC111116304,-0.412650493259825
LOC111132041,-0.899478322113092
LOC111136799,0.208761699563866
LOC111099990,-0.447031666202311
LOC111104164,0.0255881830938166
LOC111120113,-0.659822319495982
LOC111122953,-1.88495208923441
LOC111115005,0.593722721331013
LOC111103264,-0.238273268707965
LOC111109977,-2.23246941871635
LOC111135545,1.92104337328359
LOC111122597,1.74936427317971
LOC111106115,0.0498321838623524
LOC111124658,-0.657175079687985
LOC111113701,0.461918482652711
LOC111129888,1.31982991606367
LOC111117010,0.12792887878725
LOC111122819,-0.34252971878277
LOC111122791,0.328754084808217
LOC111118849,-0.297772546775783
LOC111105513,1.36223377057028
LOC111126022,0.0903793916752465
LOC111108382,1.25881317281745
LOC111100120,0.522941329636826
LOC111107449,0.274229961629389
LOC111126536,-0.760278073604626
LOC111128942,1.04601455715555
LOC111110965,-1.52762738782928
LOC111116848,-0.273633673812102
LOC111113724,0.0609096385578406
LOC111130908,-0.135103015220105
LOC111136187,-0.0344418085703237
LOC111137051,0.00826062685579694
LOC111136079,-0.589380311218943
LOC111100513,-0.0193254018147032
LOC111117788,0.929716766763314
LOC111101122,0.401159702800024
LOC111121814,2.05245075421285
LOC111111102,-0.886339845707528
LOC111105510,0.846852980429351
LOC111118073,-0.0109284791498763
LOC111109693,0.30448328680945
LOC111126036,-0.496893732661101
LOC111117720,0.490183281986913
LOC111129799,-1.62501233822968
LOC111130085,2.44845824396009
LOC111131518,0.352071655784289
LOC111116029,-0.699884975770092
LOC111119064,0.176959971534882
LOC111101564,-1.96624898726817
LOC111133807,-0.00916030256775034
LOC111120459,-0.703220530916325
LOC111115983,-0.0343677509631668
LOC111102619,-0.299914350489841
LOC111101836,-0.606031870868641
LOC111117679,-0.397620649580274
LOC111115108,-0.269832635602331
LOC111134047,0.831598925185927
LOC111100258,0.343941030021206
LOC111125413,-3.15977174726829
LOC111126841,-0.00796465530054346
LOC111111860,2.90321416491244
LOC111136247,-0.0356614604956025
LOC111107196,-1.2291701614584
LOC111123828,0.0508714709841342
LOC111135471,3.42893952089167
LOC111131325,0.483305640535653
LOC111125441,0.441207569046467
LOC111137814,2.22003338284817
LOC111123693,-0.664054872016841
LOC111136548,-0.999524348521456
LOC111130855,-0.034491614974457
LOC111130335,-2.31530102480049
LOC111109079,-1.2368467403401
LOC111126383,0.856252908434591
LOC111127515,-0.223543648130383
LOC111130139,3.23447802614089
LOC111113331,0.038728338597155
LOC111131647,-0.327755432885537
LOC111123279,-0.124017634329587
LOC111131466,-2.15008468716353
LOC111119768,-5.5318029149528
LOC111130793,-1.65615342526927
LOC111137774,-0.388369921788222
LOC111114588,-0.729559019684071
LOC111120662,-1.60808685294165
LOC111108068,3.66364978235824
LOC111136208,1.26199248122251
LOC111120852,3.95470585304905
LOC111125780,0.937288073549128
LOC111128455,-3.58210489198894
LOC111121162,0.303176316134486
LOC111102949,0.308994056416783
LOC111122334,0.474800960386157
LOC111121287,4.45203268177242
LOC111102676,-0.562186431843815
LOC111135521,-0.103444242212678
LOC111137652,-4.22981906193346
LOC111135249,5.83522775494301
LOC111138371,0.883997712458263
LOC111123436,0.893399427483419
LOC111124507,-0.192548534453587
LOC111130362,0.214482932334711
LOC111119810,0.0960629767770901
LOC111137583,-2.09766596723615
LOC111120314,0.115549481755718
LOC111130913,-0.857914945469152
LOC111127384,-0.0120324986072797
LOC111101210,0.0857740867506555
LOC111108081,-1.18752355843649
LOC111126121,0.563597025060421
LOC111133634,0.341039972204312
LOC111135444,0.815500351575097
LOC111125477,1.99747851006606
LOC111103517,-0.892097351371741
LOC111115212,0.251326940345393
LOC111129329,0.750619226017124
LOC111103573,-0.0950096320306349
LOC111130328,-3.8738169184458
LOC111115915,-0.0576713421684272
LOC111123613,0.080659722540187
LOC111120504,-0.503962807042978
LOC111136042,0.830570097595315
LOC111131855,-0.527821297083846
LOC111099724,0.438111949170227
LOC111136767,0.287176585684378
LOC111136311,-0.980300891087946
LOC111110723,0.70390408893456
LOC111122493,-0.0671307775084348
LOC111117444,-0.199197053060064
LOC111106190,-0.621310454397745
LOC111128587,0.0497838866643797
LOC111125840,1.24023665743662
LOC111115702,0.491665786310406
LOC111137641,0.214923635047748
LOC111100747,-1.41020567839325
LOC111137121,0.24296246401175
LOC111107339,0.102473338188853
LOC111123013,-0.190111464771932
LOC111111897,0.156573841330754
LOC111102759,0.185722138508348
LOC111107955,14.0232110247229
LOC111105866,-0.44510481661183
LOC111118376,-0.0792820469796319
LOC111116436,0.680506644951075
LOC111109429,0.585122816509115
LOC111130275,0.622940989011965
LOC111107012,5.59755739973272
LOC111119728,-1.04201799600818
LOC111123819,1.02255610449164
LOC111111168,-0.134490831201174
LOC111128365,1.45601318266046
LOC111130181,-0.36097077443978
LOC111136246,0.045467475844084
LOC111123211,-2.62146582222922
LOC111115219,0.837565481231746
LOC111107230,0.559765542376711
LOC111108279,2.91093229510913
LOC111136987,2.17551050648146
LOC111117092,0.265211256918987
LOC111126768,0.690083036352392
LOC111124722,-0.419842786850376
LOC111105710,-0.0759492089815988
LOC111120861,0.137269077811027
LOC111136404,-0.42398144369974
LOC111123268,-0.510732390582416
LOC111136657,0.699013005042695
LOC111138377,0.200403051981604
LOC111123835,0.144096067962395
LOC111112276,-0.220318241640656
LOC111108359,6.12149847783556
LOC111120836,2.70661187983114
LOC111127316,-0.321046606627884
LOC111103024,1.60150745231137
LOC111126293,0.930867283436296
LOC111107470,0.252187174304099
LOC111133842,0.202089547247609
LOC111136296,-1.62521341874887
LOC111130096,-0.159022018654659
LOC111121271,0.202684600405234
LOC111112231,0.408696480377489
LOC111127055,-0.663328949124431
LOC111112516,-1.48808031961934
LOC111126557,-0.84685458356085
LOC111121036,0.215975929210798
LOC111108337,-0.687474701729626
LOC111103490,-0.182723434949997
LOC111103499,-0.868582115425737
LOC111136335,-0.350877959509342
LOC111102278,1.62010160665432
LOC111099066,0.0783971966818719
LOC111131499,2.03130785548196
LOC111130722,0.169293988940094
LOC111138250,0.011405970115191
LOC111104107,-0.893060826769283
LOC111106046,0.63404924766017
LOC111118671,-0.621749463812814
LOC111107928,-0.151463157476252
LOC111135840,0.335396224930392
LOC111137482,0.765529002248459
LOC111130950,0.233980624547188
LOC111100322,0.0498164210458347
LOC111106583,-3.63236200887027
LOC111104102,0.481837393948536
LOC111122078,-0.361779772456238
LOC111124760,-0.0343829624514634
LOC111130914,0.179939156973795
LOC111133166,0.708548086733632
LOC111115953,0.438459693178969
LOC111129919,-0.0192403523795104
LOC111108305,0.995109498260214
LOC111106236,0.357403119150382
LOC111111050,-2.84870731469963
LOC111138400,-2.06571924946521
LOC111106036,0.711703780085329
LOC111100512,-4.83006001021186
LOC111133337,-0.744105300801904
LOC111108349,0.42114518594359
LOC111137773,-1.26056812572372
LOC111137221,0.652001856336537
LOC111105228,-1.41694269946287
LOC111106183,-4.42421287313794
LOC111114543,0.116767798004042
LOC111136658,-1.9638591856905
LOC111136283,0.0498245532458346
LOC111102418,0.0965098315104105
LOC111099910,-0.727883713867294
LOC111125111,-0.0260440436891973
LOC111129956,-0.217462159466926
LOC111106722,-0.0344283349345134
LOC111133833,0.00569706488030254
LOC111118971,0.0250883802553764
LOC111119435,0.0688750025234839
LOC111115343,0.116762615158817
LOC111112670,0.307270952046255
LOC111137675,1.05242005534329
LOC111113185,0.193905738580244
LOC111107446,1.40162252870052
LOC111128212,1.20907753730507
LOC111120163,0.112611454178416
LOC111129849,0.00383747184246013
LOC111135324,-0.26635909962039
LOC111127071,-2.88937830998254
LOC111110360,-0.0229261703183746
LOC111123658,-6.04298766419436
LOC111121434,0.378326619876586
LOC111132178,-4.235998115201
LOC111107099,0.210318714153729
LOC111109466,-0.831126699010053
LOC111107727,-0.763533208019252
LOC111125051,-0.0612806532743256
LOC111127518,-0.398636680768061
LOC111120308,-0.628749719850547
LOC111116128,-0.0668288569041323
LOC111135290,-0.865114657333407
LOC111136562,1.07904320943945
LOC111112481,0.235154095070242
LOC111116217,0.924677207637773
LOC111138392,0.942672282264521
LOC111107714,0.679959700253393
LOC111101302,0.436762337545076
LOC111123357,0.979467328155776
LOC111112730,-1.94015665644664
LOC111137594,-0.0456357320093163
LOC111124704,0.731427614236795
LOC111122840,4.14992412874412
LOC111137588,-0.721138786955416
LOC111109949,1.91915539743809
LOC111127284,0.316158074231161
LOC111106718,-1.2813879040721
LOC111127341,-2.19499768226923
LOC111118242,0.260905650655037
LOC111138351,-0.770862324676969
LOC111134148,-1.49105808281699
LOC111125777,0.744487698152835
LOC111107514,-0.232449631899507
LOC111130597,0.595297384303091
LOC111122642,0.0969480696217915
LOC111119874,0.414313896645045
LOC111118927,-0.0600406801880773
LOC111120776,-0.848620305563283
LOC111122942,-0.554660714545342
LOC111108425,0.878630593436332
LOC111111213,1.31298944666345
LOC111129914,0.723956625638511
LOC111122680,-1.37798287501158
LOC111135182,-0.166816178677218
LOC111133699,-0.599026834051293
LOC111113278,-1.96788937015711
LOC111108064,3.96647873842315
LOC111118732,2.99493504093949
LOC111136105,-0.460796567646519
LOC111129274,2.33716150798336
LOC111126285,1.35124215268048
LOC111133985,-0.458755612602775
LOC111109589,-0.203531702120956
LOC111099548,-4.34693795551803
LOC111134419,-0.1674292216875
LOC111129293,-1.55961626294553
LOC111129025,2.91396002632582
LOC111135586,0.256083321302253
LOC111135419,-0.564582317364768
LOC111117681,-1.07176675378038
LOC111103204,1.20047163787422
LOC111106945,0.454654742884201
LOC111133698,-0.195924948549037
LOC111119887,-8.36725815267689
LOC111135084,-7.87001845607415
LOC111127987,2.60496275988533
LOC111124642,-0.117122420595906
LOC111123621,-0.246216275316624
LOC111136929,1.31097082102282
LOC111125358,0.663371571963801
LOC111115386,1.6847264047135
LOC111104084,0.157073058245868
LOC111100868,-0.63479717895993
LOC111134110,0.783008461806695
LOC111122652,-0.951916770843405
LOC111127164,-0.616762215719713
LOC111136063,-2.34359512604929
LOC111122699,0.0821239656462058
LOC111119153,2.81075674253507
LOC111126326,-0.526639725321139
LOC111110026,-0.157677870131214
LOC111126951,-1.21940001012261
LOC111110589,-2.22789207688878
LOC111100906,-1.66859179645434
LOC111125574,2.25713274174476
LOC111128307,-0.0344502158704289
LOC111126949,-0.456172963445779
LOC111106173,0.238931143623378
LOC111111219,0.373631966030907
LOC111121069,0.197894065372295
LOC111108044,-0.070291335913629
LOC111115707,0.806082211828011
LOC111130881,0.737435761823104
LOC111120339,0.14063229732533
LOC111137478,-0.0997152704532625
LOC111122822,-3.34681103668856
LOC111127299,0.328701375605795
LOC111107950,2.02795140089024
LOC111125757,-0.727362240480652
LOC111128030,0.780121208511132
LOC111118917,-1.05487168741307
LOC111118914,0.730702666264078
LOC111118120,-0.41212118855124
LOC111103229,0.41101164226408
LOC111123489,-0.0840181129689443
LOC111120992,0.0804889946754283
LOC111106300,-0.528251108725199
LOC111110406,-0.322108174181355
LOC111121273,1.78099601095102
LOC111120937,-0.0539287095299271
LOC111136819,1.30575084555917
LOC111116876,4.65347875608345
LOC111121124,1.06201672149829
LOC111135207,-0.702569458663584
LOC111120247,-0.0343586428712921
LOC111134973,0.0920502935060119
LOC111103495,0.796837854185033
LOC111124510,-0.0329968528031972
LOC111118576,-0.774092744223167
LOC111125330,-0.257393458138196
LOC111110381,-2.33530616234693
LOC111128714,-0.374094981650966
LOC111114523,-0.170103696471393
LOC111124193,2.01115004234985
LOC111122671,0.170394789251458
LOC111133002,-0.0334731402245037
LOC111130262,-0.0322041938544855
LOC111137275,0.217621900362711
LOC111135490,0.129266036302436
LOC111101510,-0.403853145747148
LOC111137697,-0.0343727006254984
LOC111125961,-0.998021481275681
LOC111132346,0.949380793223107
LOC111129242,0.935771215295255
LOC111132887,0.090127011928962
LOC111113997,-0.48044884818526
LOC111137363,0.485764323061393
LOC111107346,-0.468930900587711
LOC111111557,0.165530372268641
LOC111127393,-0.411327104940429
LOC111129243,-0.1589817406405
LOC111136060,-0.502310058545005
LOC111119711,-0.141891604086078
LOC111128928,-0.0795540382850976
LOC111126315,1.00033083121533
LOC111121997,-0.154959238934077
LOC111137129,0.609267346992848
LOC111125160,-0.555332850974478
LOC111119245,-0.215938850613439
LOC111099601,0.213695908286836
LOC111108521,-0.419724384334312
LOC111108914,0.229403229767603
LOC111136989,0.347851569924268
LOC111132095,-0.341545889625873
LOC111117793,-0.168679642786707
LOC111130687,0.48117388716701
LOC111135995,0.788575436044784
LOC111114509,0.149360790390379
LOC111136023,0.375246028673746
LOC111129270,0.701809063723269
LOC111132042,2.20255188813325
LOC111126547,0.0415433139517926
LOC111124139,-0.225676373031113
LOC111127841,-0.0960659991268277
LOC111122989,-2.25377798060809
LOC111128883,-2.65910105211027
LOC111137155,-1.48405158729202
LOC111120597,-0.834484783915016
LOC111134886,0.0182983555404353
LOC111135514,-1.684659776383
LOC111112803,1.92011379496006
LOC111114111,1.69190197431885
LOC111134649,-1.16790726574147
LOC111108202,0.0350787411649346
LOC111120122,0.160260591410869
LOC111134481,0.408353849297898
ND4L,0.913209342566582
LOC111130925,1.62667520375307
LOC111118471,1.92558747589369
LOC111100741,-0.0344603030683701
LOC111108276,-0.493289706093249
LOC111130518,-1.33528679185042
LOC111131299,-0.195948157836378
LOC111127514,0.183925209465877
LOC111135587,-0.869392474857675
LOC111108240,0.61669572021376
LOC111109947,0.208524187357675
LOC111135406,-2.25909325502709
LOC111131706,0.450363427800684
LOC111136831,0.0614233299757262
LOC111117299,0.204329404390957
LOC111112874,-0.537751042992153
LOC111115253,0.194623043277883
LOC111123554,0.593038372192815
LOC111107560,-0.0212122463503154
LOC111100058,-0.329476879720046
LOC111104142,-0.773152990761658
LOC111120454,1.82584324767175
LOC111120497,-0.30132374777555
LOC111118994,0.397511348192745
LOC111109869,-0.188354683389582
LOC111129746,-0.0710476511959127
LOC111100472,-1.07346039072364
LOC111125646,-1.06935773123165
LOC111128388,0.229159533853981
LOC111104017,0.0556729576612681
LOC111110384,0.650913784336019
LOC111132950,0.992549455016531
LOC111137054,1.17228568220614
LOC111099692,0.160414566810974
LOC111109992,0.533732107779193
LOC111104127,0.276892831062425
LOC111109576,0.384667702076235
LOC111108577,1.11912171914977
LOC111105122,-0.0107558413092496
LOC111106575,0.377009806813591
LOC111132903,-1.13273388416528
LOC111110278,-0.52662875065364
LOC111114204,-1.32769862232347
LOC111124351,-0.259667827948023
LOC111110049,4.06423566876821
LOC111125114,0.324097674411117
LOC111120346,-1.16024429113821
LOC111106110,-0.155513472603252
LOC111115230,-0.00468646318248996
LOC111131102,-0.691626041058205
LOC111100411,-9.84269122208094
LOC111099926,0.407425480970353
LOC111103666,-0.356188322963294
LOC111128317,-0.622496515463333
LOC111105190,-7.60303301929254
LOC111130239,-0.199834180306226
LOC111123922,0.489588629811354
LOC111132053,0.626696979873078
LOC111122929,3.78074296017069
LOC111138369,0.0649643566335474
LOC111122168,-0.218399847047486
LOC111128906,1.03419778318445
LOC111127667,0.101713288992348
LOC111119466,1.90406078516526
LOC111136994,-0.345421368593167
LOC111132726,-1.28997912082403
LOC111104359,-1.15799729859924
LOC111113287,1.55579368314387
LOC111120722,2.55749113196457
LOC111110979,-5.07110192424023
LOC111132613,-0.693133492092643
LOC111130568,0.665974432138674
LOC111128235,-1.41372116725775
LOC111110976,-0.390370510790407
LOC111118919,1.42008236383741
LOC111114779,-0.177506800603587
LOC111120236,-0.725222478197795
LOC111116530,0.0425816359588599
LOC111128977,0.714872349880998
LOC111130020,0.161040869267161
LOC111128260,-0.599409809057856
LOC111100452,0.0240700579774912
LOC111123657,0.1772319484539
LOC111119132,1.7470948724965
LOC111103720,-0.505679235626956
LOC111115423,-0.718631279011523
LOC111119191,-0.539993827796095
LOC111107606,1.1125207919787
LOC111110328,0.281330169728953
LOC111119359,-1.48959374017994
LOC111117045,0.269838468006978
LOC111121263,-4.98867861090594
LOC111104758,-2.79217156160153
LOC111135546,-0.917703384589766
LOC111131841,1.54487508007884
LOC111117755,0.570511850156632
LOC111114448,-0.126951012713592
LOC111127872,0.339454811507299
LOC111127153,-0.683475339635191
LOC111121973,-5.63433910846021
LOC111129569,-10.055041183196
LOC111136852,-0.750703243148839
LOC111114899,1.83187235118812
LOC111138139,0.313127766778
LOC111131765,0.665650811295924
LOC111131636,-4.54600000384046
LOC111116890,-0.216246714525751
LOC111116443,1.95812229484589
LOC111117081,-0.349448760291354
LOC111132795,0.425317650174412
LOC111137832,0.44710257217169
LOC111118459,-0.421168320479242
LOC111101837,0.269151363163204
LOC111130999,0.356531470597172
LOC111115402,-0.0257508609278126
LOC111133312,0.406292281241724
LOC111120993,-0.0885985659467346
LOC111107333,2.01118832234659
LOC111103022,0.110149708578556
LOC111119927,-0.350216041320083
LOC111129474,-2.32430866356701
LOC111107019,-8.59327772921403
LOC111122413,2.67826608042277
LOC111130964,0.395558316408189
LOC111133662,-0.761812045196194
LOC111130961,-0.561692101355567
LOC111122094,-0.295662844034409
LOC111122369,0.594062085230651
LOC111110250,2.04942541560911
LOC111102290,-1.97573944019259
LOC111119921,-0.87033632278534
LOC111133331,-0.853796600675955
LOC111121254,-3.53183215893552
LOC111113865,0.385679382010177
LOC111112008,0.470101311527141
LOC111107708,-1.7490970738815
LOC111126400,0.14779572033812
LOC111133282,-0.991198552488749
LOC111136965,-1.42697662115713
LOC111108467,0.569142381398368
LOC111103869,-0.217911492095347
LOC111119740,-0.468357896705781
LOC111110618,-0.354094601023552
LOC111138438,-2.09643370146778
LOC111102997,-0.627705177403182
LOC111112320,-1.37457985968322
LOC111133028,0.569830129290498
LOC111124692,1.64342033582296
LOC111136420,2.01835625386322
LOC111136123,-0.321232623417461
LOC111113324,3.45381654412374
LOC111100981,0.163858160132209
LOC111118908,0.451786783387138
LOC111137605,0.289953063899245
LOC111137604,0.617001557596272
LOC111114114,-0.226457532428975
LOC111125664,1.54953575007011
LOC111102697,0.349924172397717
LOC111132274,1.10780356128635
LOC111126568,2.44017430670153
LOC111108198,3.34355559821522
LOC111100553,0.470388984562631
LOC111122855,-0.237546672776726
LOC111125225,0.184682779845743
LOC111117761,-0.770129288382621
LOC111103556,0.006821137384088
LOC111127813,-0.765255135282162
LOC111107609,2.10613133494549
LOC111110417,-0.904289790964304
LOC111131035,-0.0576852216913136
LOC111103599,-0.613230831136024
LOC111116058,0.552887135882361
LOC111132500,-1.19784111928079
LOC111104553,-0.656443626368037
LOC111108706,0.331692237719771
LOC111119020,0.169499881679083
LOC111132129,0.378520271710978
LOC111114485,-0.155512455877939
LOC111114664,-0.812808380499025
LOC111136551,0.312374742646725
LOC111114072,0.353110217845876
LOC111135584,-0.12473286820538
LOC111100853,1.6931741945534
LOC111126108,0.366020622378142
LOC111130800,0.541858080908535
LOC111100479,0.699933991576198
LOC111125835,0.465592588999021
LOC111118699,0.428339140620695
LOC111127110,0.322973169690311
LOC111118562,0.692552870891891
LOC111101248,-0.577351766260232
LOC111125771,0.958396153869516
LOC111109741,-0.19743709853036
LOC111100568,1.75442467541365
LOC111125507,-1.55612142953079
LOC111133163,0.114339300722828
LOC111111171,1.1768419241555
LOC111137592,-0.0355883909732156
LOC111117605,-0.696527155173546
LOC111111387,-0.620467018786746
LOC111117941,1.7085708381179
LOC111117942,0.705596034752962
LOC111128996,-0.962597508504306
LOC111133639,0.178382996349796
LOC111132411,0.355910378823542
LOC111114420,0.313882592491314
LOC111102987,1.13109859539814
LOC111124909,0.333583944984489
LOC111114191,-0.869033324518208
LOC111118167,-0.312176592241327
LOC111137103,0.45245018469424
LOC111111377,-0.405535882042362
LOC111138382,0.241654971982026
LOC111128909,1.77425508384971
LOC111123500,2.48119647442561
LOC111107673,0.306383942065161
LOC111127973,1.77167817098016
LOC111135716,-0.135737795052916
LOC111110352,0.109620174892569
LOC111106675,0.0193991340771746
LOC111120716,1.77204766962804
LOC111135383,-1.36618902047615
LOC111136764,1.43761643993181
LOC111101698,-2.50295228988544
LOC111128476,0.173267587391282
LOC111102933,0.722679684931756
LOC111130620,-1.32024132464818
LOC111135523,0.3298835372581
LOC111124242,-1.0987151231154
LOC111119860,-0.739274635190384
LOC111113912,0.230055048881203
LOC111131344,0.16252118330117
LOC111137612,0.965756276918909
LOC111123255,1.87385102716252
LOC111123529,-0.324811066164703
LOC111103219,-0.756299387266257
LOC111110908,0.240055714592767
LOC111110616,-0.744303656402233
LOC111119604,0.183256921420978
LOC111128042,2.63105400979157
LOC111116972,0.570037188493828
LOC111111230,-0.214008843843921
LOC111124485,-1.00806361603123
LOC111128742,0.992092354097477
LOC111125536,0.637347811227596
LOC111111891,-0.219379106123611
LOC111126561,0.445194359195995
LOC111127998,-1.69529841416209
LOC111125870,0.364938640282114
LOC111113521,-0.155762705020176
LOC111135485,-2.73427928897652
LOC111121059,0.132676988924377
LOC111128758,-0.267800379528206
LOC111104048,-0.676181584014739
LOC111129280,1.9739391839771
LOC111123672,-0.634195347074558
LOC111122362,0.60293913326995
LOC111132514,-0.5453815637827
LOC111115428,-0.382060922385564
LOC111119053,-0.0634553272591379
LOC111126571,15.4749475720374
LOC111136688,-5.65958539793757
LOC111116577,0.175039118076763
LOC111125747,-0.725742973552622
LOC111129438,3.39175239475162
LOC111126322,-7.71202863757509
LOC111131824,-0.150795377619186
LOC111102662,0.456005788551117
LOC111118646,-0.34987483870738
LOC111105779,0.229603453610562
LOC111134416,0.324630869930688
LOC111123034,-0.176345537291298
LOC111114322,0.125061993197012
LOC111104575,0.00779369227839374
LOC111108725,-1.62731566610555
LOC111119935,-0.0863019295444227
LOC111134726,2.27126786616803
LOC111111128,0.341650476928572
LOC111127572,-0.284264033118123
LOC111104555,-1.14827644901114
LOC111120669,-0.0568726367983699
LOC111124325,-0.590139854645449
LOC111122529,0.512801585329355
LOC111119333,0.832798963520524
LOC111101534,0.190272994624033
LOC111119094,2.09881991026106
LOC111121827,0.709893876621372
LOC111132162,0.0368828807014438
LOC111110835,0.0924402236074138
LOC111110673,0.399367164457883
LOC111104239,0.0497748651330759
LOC111135810,0.00744472829205208
LOC111129997,0.201647948285349
LOC111122916,0.230038098936027
LOC111129144,-3.03732511244366
LOC111125941,-2.21856397875053
LOC111104620,0.120061480173902
LOC111129312,-1.09540174599132
LOC111127847,-1.29179520738993
LOC111100133,-0.0343563904524762
LOC111108844,0.869831873696077
LOC111106991,-0.132154893421541
LOC111138015,-0.480266090554625
LOC111104264,0.464513108363824
LOC111112963,-0.346557290380669
LOC111128774,0.64446738912491
LOC111117206,-1.57562155581578
LOC111120850,-0.73865702150053
LOC111132155,0.597851027540933
LOC111124917,-0.736393631824553
LOC111109758,-0.846051547805995
LOC111129893,-0.134894238099332
LOC111127354,0.909060338976913
LOC111119157,0.184950177705116
LOC111134088,1.45824282105306
LOC111136865,-0.11931933453582
LOC111134589,-2.00102035217039
LOC111119625,-3.28837588509215
LOC111134108,0.64459925325569
LOC111131101,3.79108584484667
LOC111119388,-0.265387762708022
LOC111136399,-0.184850813468389
LOC111126148,0.955604721436588
LOC111115390,0.160470626697015
LOC111138138,-0.488337849495945
LOC111128661,0.442650634145153
LOC111126504,1.28833124280304
LOC111120244,0.993606073237274
LOC111125513,0.747629320009792
LOC111131185,0.232832459691432
LOC111131039,-0.872863410562742
LOC111137262,0.353080511519503
LOC111100901,0.0952103620152064
LOC111109910,-0.446391806369698
LOC111127437,0.0400610865035243
LOC111128505,-0.134747644756898
LOC111133145,0.403778816284881
LOC111101052,-0.722822787020681
LOC111133452,2.89884582207037
LOC111135096,-0.225373770520156
LOC111111643,-0.251445372244453
LOC111137679,-1.0782051080889
LOC111100797,-0.0268855782549039
LOC111102795,-0.329398784204611
LOC111129959,0.0133213098366754
LOC111104125,-1.04563068404211
LOC111106711,-0.0344773568145815
LOC111120991,0.936319108095983
LOC111113110,-1.3058754298866
LOC111110313,0.225190748082914
LOC111109233,0.902784469872402
LOC111119015,-0.207191365859165
LOC111133435,0.497294153573782
LOC111105499,2.83131007397663
LOC111137349,0.90076480482632
LOC111127795,-0.14602787754251
LOC111118911,0.447501541723618
LOC111108457,-1.94289928025703
LOC111101611,0.918605421592363
LOC111132685,-1.24894893535263
LOC111125552,0.128834635249065
LOC111115068,0.430513529668805
LOC111110747,-0.605009582042625
LOC111126932,-0.44334328021248
LOC111114909,-0.323891446458323
LOC111107429,2.09045277069106
LOC111108233,-1.43011550107702
LOC111115292,1.11379342874918
LOC111137485,0.141555587193721
LOC111117997,-0.226354538923095
LOC111114893,-1.53667802043958
LOC111126331,-0.70128922076051
LOC111136522,3.18767208427728
LOC111112957,2.42950578215328
LOC111133318,0.651716960591744
LOC111136639,1.84421275986215
LOC111136725,0.308345760659994
LOC111105808,0.187351123611339
LOC111099154,0.378623029968745
LOC111132498,-0.135983466095532
LOC111128096,0.801568833725349
LOC111137304,5.91071040776014
LOC111103999,-0.69278247890325
LOC111118888,-0.448445267697986
LOC111116476,-0.585736572804376
LOC111127646,-0.409594178634618
LOC111135004,-1.15131294025009
LOC111115147,0.575861495904569
LOC111125096,0.295842231853123
LOC111100934,0.404947707215107
LOC111129291,0.119696890954614
LOC111130618,0.0889946666177577
LOC111137769,-2.63492863590016
LOC111137770,-3.99046054914299
LOC111126388,0.0608377804881144
LOC111114816,-2.7523304802719
LOC111130245,-0.27910985108372
LOC111111930,0.00783096684848884
LOC111102613,-0.593849269831326
LOC111103226,0.0889839556889014
LOC111124857,0.932896393941842
LOC111111076,-0.813466653290511
LOC111135697,0.50723760279949
LOC111103363,0.577033336074258
LOC111102861,-0.0343668977873454
LOC111122278,2.08579554748566
LOC111118614,-0.0267083828570914
LOC111110236,0.0257364195270269
LOC111125107,0.043558903310504
LOC111125666,0.469936136538661
LOC111135411,-0.905814672007156
LOC111115819,1.02718452985255
LOC111101377,-0.13079865879025
LOC111127513,-1.24649847049063
LOC111124498,-0.16972896274411
LOC111131340,0.771624576938379
LOC111107430,-0.238839642996958
LOC111106330,0.385991403051174
LOC111121860,0.410611293368674
LOC111112426,1.19745181887752
LOC111119757,-3.8135633291445
LOC111127936,-2.11528716636733
LOC111100692,0.433502101461567
LOC111115369,25.078742892895
LOC111105905,-0.00411094987145129
LOC111108676,0.281961971676825
LOC111127006,0.631604620676832
LOC111108801,0.280357419822349
LOC111132807,-2.67888043616024
LOC111123983,-0.0379895751516289
LOC111136113,-0.0848105605567289
LOC111133245,0.373580236556135
LOC111134404,-0.103514864676876
LOC111108150,17.930018346641
LOC111099166,1.88395591677431
LOC111124108,2.60957366621496
LOC111130463,0.314425935037141
LOC111120478,0.856361631118817
LOC111122683,0.528384401951191
LOC111137691,3.58402331380594
LOC111100197,0.301999814669193
LOC111127192,-0.869831280219677
LOC111126324,-1.70879943563253
LOC111105367,0.0147776245583714
LOC111102143,1.05210817684408
LOC111114677,0.310422652936944
LOC111104670,0.405926357289286
LOC111108011,-0.00126650721808677
LOC111132268,0.128304317760844
LOC111133160,0.667075524568748
LOC111114467,0.41854037137382
LOC111117507,-0.139035101298088
LOC111138518,-1.22963072585271
LOC111130556,-0.380483645204083
LOC111138388,-0.0421368215043022
LOC111112920,0.738092785393998
LOC111126292,-1.58105835004134
LOC111118486,0.317493717000086
LOC111125907,-1.46631500689747
LOC111116983,0.816723010115371
LOC111119458,-2.28113226680086
LOC111125913,0.42365277915353
LOC111102546,0.154373645621678
LOC111114604,0.125566454639477
LOC111136185,0.423505695671146
LOC111125837,1.69507326956487
LOC111102468,-0.0232441960670607
LOC111125242,0.490948060678618
LOC111135616,-0.341776025202948
LOC111118492,0.874708692652422
LOC111110582,2.04001715225556
LOC111129358,-0.0538035863735353
LOC111118709,0.0372709973799993
LOC111115244,0.308259699252292
LOC111111209,0.0538826314165242
LOC111122562,-0.427842846256281
LOC111116412,0.0300882223198319
LOC111108362,0.153276046365423
LOC111104864,4.38727990095196
LOC111113808,-0.120032238677038
LOC111120642,-1.27497610822376
LOC111136612,0.139960603154254
LOC111116258,0.32420106441993
LOC111104729,0.0852488702925833
LOC111117151,1.65062956986823
LOC111125803,0.167513708566469
LOC111137367,0.252010603067018
LOC111125359,0.738254792963822
LOC111133846,0.28768448140455
LOC111106038,-0.750413437879328
LOC111124056,-0.733677576802825
LOC111115653,0.201759347831353
LOC111137145,2.98007342099825
LOC111131717,-1.02055063362055
LOC111132962,-2.86324830461704
LOC111103195,1.07619367370584
LOC111136748,0.24900234732994
LOC111113637,0.341564947062885
LOC111136352,4.17807036060429
LOC111105744,0.113659638304524
LOC111119613,-0.533018790599378
LOC111126152,-3.3492612434935
LOC111125241,-2.46933246116721
LOC111108254,0.00236478474405131
LOC111108066,-0.922797538706101
LOC111102411,-0.942724217544641
LOC111131666,0.318512412401298
LOC111121288,0.332150584163502
LOC111131613,-1.39695662813327
LOC111118264,-2.05654656118623
LOC111125942,-0.957531974070322
LOC111136248,-0.478942699321242
LOC111121323,0.869688292542882
LOC111138298,-0.0398726244883087
LOC111121102,0.0684966114231742
LOC111115824,3.33069901306686
LOC111126658,-1.16526809304324
LOC111105243,-0.148655235944105
LOC111109885,-0.304878121849873
LOC111134946,0.00502527123716499
LOC111100661,-0.253612683515132
LOC111129484,0.178285276974025
LOC111108255,2.54871144549607
LOC111135969,2.00987152044676
LOC111134456,0.0353009572975935
LOC111112951,1.78173849768958
LOC111136230,-0.381615895521018
LOC111133546,-0.775321248030133
LOC111108455,0.346313815504473
LOC111116744,0.0498118790190076
LOC111133128,0.172944930916406
LOC111131423,-2.09752121016019
LOC111123443,0.286219946741627
LOC111133069,0.594083375344042
LOC111127650,-0.502643738069387
LOC111117868,0.0409431962657275
LOC111101947,0.331221892541395
LOC111121420,-0.665715758873027
LOC111100011,-0.168409015940919
LOC111133172,-0.406668192114594
LOC111126851,0.424055371813535
LOC111123183,0.119526795600524
LOC111113595,0.130135983769545
LOC111113168,-0.304279388209912
LOC111118711,-0.270011962581568
LOC111099721,0.322924789621596
LOC111107565,-1.32331742636477
LOC111124342,0.77044473791803
LOC111130416,-1.37772953541038
LOC111133694,-1.62091284999714
LOC111127452,0.0271610823529634
LOC111099882,0.393430865775515
LOC111114461,0.179342006119857
LOC111105394,0.422673098506322
LOC111121463,-0.137132637783809
LOC111132296,-1.01184005807601
LOC111136541,0.426016794573645
LOC111135302,0.347585548967897
LOC111099127,-1.3014291594143
LOC111133285,-0.526844352121804
LOC111135752,-0.447030238055216
LOC111110350,-2.99886634342671
LOC111121541,1.25206416226795
LOC111103962,1.56339991098843
LOC111136751,0.0966756849985369
LOC111129306,-3.92678444001858
LOC111133462,0.342020588591634
LOC111130828,1.12073446354148
LOC111137159,6.75384402474988
LOC111125057,-0.619391338585296
LOC111126409,0.56366668622388
LOC111109395,-0.613633328295382
LOC111110861,0.153024132210434
LOC111127862,-0.0580853180165843
LOC111125318,-0.698536818618912
LOC111121068,-1.55866417949167
LOC111127905,-0.127828645712303
LOC111131255,0.0160209394982115
LOC111128756,0.364855224394514
LOC111123659,0.40280534625296
LOC111135843,-0.549322165465945
LOC111116905,-0.940103068119065
LOC111136424,1.02132850582966
LOC111122314,-0.497303405465045
LOC111108432,-0.545377059291485
LOC111134517,0.0775220785572478
LOC111103275,1.0466439522989
LOC111100080,0.326578606046116
LOC111104734,-1.02378367511593
LOC111109954,0.140249300161335
LOC111108994,-0.451556214411458
LOC111130302,0.727097146660601
LOC111106023,0.855914035139971
LOC111130832,0.10621523115004
LOC111111238,0.645603222543929
LOC111101492,-0.123572091460527
LOC111104484,1.68243649564237
LOC111131441,-0.495165884040341
LOC111104481,0.62991865752514
LOC111116273,-1.52076964353023
LOC111099556,0.405403338970244
LOC111134378,-0.980524336830268
LOC111116777,-0.265602147736963
LOC111108973,-1.60895394087371
LOC111133015,-0.443933349270406
LOC111107228,1.04551252914036
LOC111099635,-0.0646392765801935
LOC111118282,4.89319565940717
LOC111127357,0.00741819610059231
LOC111112590,-0.252258735652772
LOC111126046,-2.34624095338942
LOC111137149,-0.629168707874097
LOC111126045,-2.77156771743545
LOC111120654,0.571123962592573
LOC111120655,-0.460820314035536
LOC111111519,-2.60733726322477
LOC111105742,-0.0625221297599572
LOC111124683,1.07755207196616
LOC111108549,1.02816719881846
LOC111132897,-2.63395336292903
LOC111108938,-0.40808462894622
LOC111111739,0.587472484187521
LOC111111913,-0.0343016608476787
LOC111119213,-0.424151595961035
LOC111122986,-0.24552099271273
LOC111126830,0.210756925876893
LOC111103422,-0.0920160971468789
LOC111114039,-0.712817975089288
LOC111130660,-0.0268349385457259
LOC111109481,0.146359729681192
LOC111102162,0.494101083863892
LOC111106035,-2.4405767843702
LOC111103005,0.0121676932683077
LOC111119418,-0.819718950741501
LOC111130970,-0.865069739652257
LOC111110708,0.161878877759009
LOC111121191,0.484287152301392
LOC111103058,0.163486125927413
LOC111110087,-1.07334575692116
LOC111128518,-0.320980251784897
LOC111135168,-0.771791675856614
LOC111100855,-1.69515739622854
LOC111127651,-0.529660818363544
LOC111106085,0.053532404910408
LOC111123878,1.66423389873413
LOC111110012,-0.458510305815469
LOC111129176,1.02141901559865
LOC111101136,-0.678637319864418
LOC111104825,-0.257902360317665
LOC111106139,0.264774399797353
LOC111122530,0.223507846332691
LOC111120705,-1.19352721899147
LOC111133767,-0.518041802047576
LOC111132570,0.860632355664497
LOC111107932,-0.77548003604415
LOC111131432,-1.33301331689397
LOC111134336,0.0505131954884342
LOC111124255,0.273944043514343
LOC111113890,-0.444351185305322
LOC111134611,1.94984970580425
LOC111099656,-0.516027333406067
LOC111129777,0.610394590907868
LOC111126973,-0.234850695823205
LOC111106803,-1.45468906111746
LOC111104400,-0.369855409059489
LOC111112427,0.195555256428526
LOC111132362,0.877545114369075
LOC111101434,-0.360556081490126
LOC111128600,-0.278623235782641
LOC111105429,0.884534160919875
LOC111100018,0.992814827985142
LOC111126298,2.28348447099258
LOC111129146,-1.42041726954215
LOC111132682,-0.498591431017736
LOC111099924,-1.77760213028246
LOC111118015,0.0650673362536828
LOC111119057,0.451232020234516
LOC111136414,-0.496489592988894
LOC111113599,-0.308358027070367
LOC111105298,0.406362336209998
LOC111133824,7.01430336568891
LOC111114466,0.257682119202841
LOC111099547,3.08934015123338
LOC111127972,12.5021957810896
LOC111120046,1.39388792705299
LOC111132904,-0.00774311675211201
LOC111102600,2.56735478728761
LOC111132878,-1.58009929015912
LOC111130432,-0.544569501060401
LOC111120128,2.33244257991198
LOC111119501,-1.00490136455867
LOC111124306,-1.6681151025647
LOC111103093,-0.412510465742961
LOC111118615,-1.95559580330635
LOC111112942,-0.00778978070673735
LOC111111220,0.355807411832877
LOC111137081,2.02597915766279
LOC111106938,0.0205661448300034
LOC111120794,0.50176767378165
LOC111124120,1.07972545497012
LOC111134396,0.0653425760195311
LOC111136463,-0.300532391721131
LOC111133039,-0.0368224522450114
LOC111138028,0.836345313439986
LOC111134733,-0.440860494461597
LOC111107322,-0.177215931438852
LOC111123295,1.19914869335863
LOC111121444,0.158271856863743
LOC111118496,1.22020178256854
LOC111114469,0.130824136114134
LOC111133235,-0.442433103286808
LOC111103169,0.802338645120489
LOC111104446,0.140249473731828
LOC111110095,-0.857394662105925
LOC111099558,0.159333403780818
LOC111110568,-0.0323078207149081
LOC111113891,-1.64280450375036
LOC111136256,2.08559089186895
LOC111128044,0.224216366947794
LOC111114450,-0.147767893556486
LOC111134106,0.50124918122855
LOC111134789,2.16061850663947
LOC111126728,-0.0308167871882669
LOC111118437,-1.30968696809932
LOC111138013,1.06105897706046
LOC111125783,-0.946843399089163
LOC111129014,1.73328909958742
LOC111133419,-0.706017916757117
LOC111099099,-1.29452835136757
LOC111100034,0.419732546983277
LOC111131020,-2.99759690299566
LOC111121621,-0.263814449568516
LOC111128845,-0.894794998420172
LOC111105845,-0.296372618163942
LOC111102451,-0.336171459868804
LOC111124951,0.406171463483384
LOC111111167,-0.185630544366136
LOC111125512,0.141812959477966
LOC111119468,-0.684967767155917
LOC111128610,0.24926002525677
LOC111132668,-0.564111053467231
LOC111107284,0.150896493411647
LOC111134003,1.22934761368153
LOC111128034,1.56638407359149
LOC111119748,-0.0985999766445498
LOC111127461,-0.349149529575357
LOC111112370,-0.0708237690665143
LOC111115203,0.12602198455011
LOC111130323,0.224583840007655
LOC111107309,-0.087118475679118
LOC111103855,-1.33834614314424
LOC111132711,-0.123138341461044
LOC111134632,-0.341668158193061
LOC111118712,-0.0571097434617352
LOC111105799,-0.139004040324231
LOC111123354,-9.43778831046439
LOC111113958,1.61142492521936
LOC111137039,0.0227687721749446
LOC111126300,-0.657111788442185
LOC111100104,0.18382364016224
LOC111129315,-0.29771211482685
LOC111119560,0.211455966622566
LOC111133611,-0.262286698063173
LOC111128364,3.13271346728142
LOC111121519,-0.845537983799977
LOC111137452,0.337333867725008
LOC111100101,0.244105622676971
LOC111115410,-0.428611590854447
LOC111126589,0.910806957109862
LOC111136586,2.00318502900261
LOC111113264,-11.1274357757901
LOC111105802,0.505590254333141
LOC111110684,-1.85949939968601
LOC111104978,-0.994821295705894
LOC111104013,-1.07375174516114
LOC111106468,-2.64900642875629
LOC111119485,0.5139237745832
LOC111103230,-0.305307217883173
LOC111110821,0.0153378722324026
LOC111130889,-0.0281414494023891
LOC111107711,-0.363616227212917
LOC111136968,1.76829711968561
LOC111136675,-0.0241651785267575
LOC111120120,0.656329617664042
LOC111121360,-0.589453472750225
LOC111118297,0.0708647757678418
LOC111103740,0.261553030298075
LOC111108396,-0.187207890896289
LOC111137549,-0.311414841599686
LOC111133966,0.62795068365751
LOC111129589,-0.751282321689703
LOC111106936,1.63178183694903
LOC111117744,-5.48177613607776
LOC111104474,0.112328179978385
LOC111107296,1.47978783526152
LOC111125198,0.0319442232090286
LOC111117881,-0.56328881226802
LOC111119848,-0.229962474698537
LOC111103071,0.463564981694952
LOC111134748,-0.785151640405119
LOC111131568,0.198418470725079
LOC111112624,2.33494315170542
LOC111128754,-0.0472377395174452
LOC111111161,-0.364969413471324
LOC111134441,0.0687850841956634
LOC111125912,0.555351071360017
LOC111101744,-0.396279167233653
LOC111123692,0.0498111725807447
LOC111106269,0.0603888070263978
LOC111134619,0.0315937368504889
LOC111107881,-1.61423021211556
LOC111124118,0.248465329047642
LOC111106100,1.72928485830608
LOC111109321,0.952031394263827
LOC111124807,-0.170766183316935
LOC111131588,-1.11388042072618
LOC111102781,-0.1183115450276
LOC111105879,-1.87589360275607
LOC111118386,3.36579455701107
LOC111120526,-1.10931091820513
LOC111136626,1.43251773972706
LOC111127940,-0.653102206137671
LOC111118752,-0.288419379266824
LOC111118207,0.680832793096879
LOC111123485,-0.169960879946918
LOC111102595,0.0125024283520033
LOC111138040,-0.946956075262814
LOC111103963,0.88573264425404
LOC111118864,-0.243531805150385
LOC111105398,0.019459677286884
LOC111132169,3.00626400724095
LOC111119332,1.39400369211987
LOC111108576,-0.189082932732273
LOC111128933,0.166419437952949
LOC111126118,-0.203377063708131
LOC111137181,1.41323124489174
LOC111127468,0.367402235584693
LOC111122527,-3.26961370451136
LOC111121246,-0.215095210587173
LOC111115839,-7.29035141919079
LOC111110823,-7.87648382986404
LOC111130805,0.732154813771158
LOC111137169,-0.612038715492725
LOC111118982,0.189115618264539
LOC111125214,0.574765878527551
LOC111108326,-0.201774739608213
LOC111115782,-0.735367377710911
LOC111099896,0.613489105581312
LOC111127425,-0.713346706902077
LOC111123839,-0.879051926230487
LOC111131616,-2.56956985066882
LOC111102388,1.14914677191474
LOC111104790,-0.228370430374137
LOC111126308,0.267841491444594
LOC111138178,-0.463791138883706
LOC111118305,-1.69658569489728
LOC111137916,0.0720804207620346
LOC111131594,-0.276996330504249
LOC111121628,-1.1807079411309
LOC111119336,-1.33420416771141
LOC111137506,-0.309100917088248
LOC111113537,0.133598607654679
LOC111135626,-0.0758909460189822
LOC111111401,-0.448632496683221
LOC111135210,0.18872442402842
LOC111110844,-0.105383023729264
LOC111106753,0.477684062455361
LOC111138213,-0.0720009982343408
LOC111113104,-0.0931692177372487
LOC111106774,0.225312812369675
LOC111105835,0.262990658630976
LOC111131017,-2.26351488399738
LOC111107479,0.00744754790974061
LOC111105617,0.324801126112978
LOC111112533,-0.0344049927495626
LOC111099585,-2.0726889674565
LOC111123733,-1.84857877086329
LOC111130046,0.0839558302679676
LOC111121365,-0.13140994092456
LOC111106424,0.00748610634273815
LOC111119263,0.252582176761922
LOC111125131,-0.097947646289759
LOC111135791,1.78178188074399
LOC111111156,-0.00157009943775563
LOC111129300,-0.843762007529945
LOC111126110,0.170274372205852
LOC111102374,-0.156148474337067
LOC111102819,-0.179591415483984
LOC111104793,-0.0137357224282769
LOC111128311,-0.563336730061937
LOC111125203,-0.342903715268332
LOC111124627,-0.409421151621327
LOC111131596,-5.71599311481327
LOC111126093,-0.555875237580384
LOC111118810,-1.67539251526908
LOC111118947,0.926532407818661
LOC111103080,0.554082974488169
LOC111132780,0.0782772718629548
LOC111105859,1.6612237971287
LOC111118089,-0.162892501418015
LOC111112022,-0.443484897574927
LOC111101182,-0.897044252798847
LOC111115726,-0.779651433384879
LOC111117613,-0.44843300851538
LOC111108183,1.82600781082441
LOC111114174,0.56380359242221
LOC111101308,0.377137002482514
LOC111106885,0.0650826193060765
LOC111128732,-0.129504478736507
LOC111125494,0.190385935718886
LOC111130329,0.700714413550354
LOC111112070,-0.774231855141607
LOC111131504,0.701914327180586
LOC111122636,-1.19002093183553
LOC111136828,1.05039075028889
LOC111136325,1.64301702184637
LOC111134099,0.786838164518274
LOC111128302,2.18580381961515
LOC111103555,-0.415369515787017
LOC111126197,-2.5409171926373
LOC111124744,0.055605812559266
LOC111113136,-0.544946177730095
LOC111136567,9.82352527358547
LOC111100616,0.756661528733169
LOC111102988,0.184267183096358
LOC111113206,-0.389982969824455
LOC111135664,-0.0583071561007452
LOC111117786,0.140230091322018
LOC111118439,0.117015570372778
LOC111121655,3.76872929034147
LOC111105767,1.16061959546578
LOC111124392,0.521774334309177
LOC111124711,1.29528409409297
LOC111121056,1.08879624034129
LOC111128862,-0.259343451216625
LOC111137655,0.408460035086068
LOC111122852,0.249905623824575
LOC111119227,1.86374508638372
LOC111126119,-0.145551960396687
LOC111128310,1.2333362025923
LOC111135446,1.08355896650802
LOC111104168,0.0370328433714951
LOC111134592,-0.838371692569132
LOC111128993,0.224773991644601
LOC111138264,-0.59793496458796
LOC111106779,1.61004470907188
LOC111109581,0.513499763705595
LOC111130358,0.667600764409927
LOC111110593,1.41083532064716
LOC111123249,-0.11026904928737
LOC111107432,3.55466258015732
LOC111134784,-0.424293460806824
LOC111119473,0.0498134876349468
LOC111137342,-0.198612584132797
LOC111106664,0.138657454346799
LOC111123398,0.178441432183205
LOC111113212,0.333078892418463
LOC111137984,-1.22037697276028
LOC111126670,-0.0752788412593119
LOC111131674,0.29699201697824
LOC111126527,0.935162508561246
LOC111135785,-0.847653764317059
LOC111103866,-0.143513914950179
LOC111122650,0.200030319851829
LOC111136402,-0.126668880019223
LOC111131802,-0.919794034736748
LOC111126623,-0.158387236201192
LOC111125645,-0.142739516352784
LOC111118535,-0.348137536191503
LOC111126382,1.94400182693646
LOC111120168,0.640767694479163
LOC111133748,1.00601030073796
LOC111125951,-1.00353431799931
LOC111119851,-0.73547045672908
LOC111123179,1.01532208937553
LOC111135226,-0.492674952037226
LOC111099193,0.574607697279716
LOC111133171,0.742101318482231
LOC111129475,1.57296869731662
LOC111120771,-0.194383644359899
LOC111123232,0.684051963883627
LOC111127828,0.0841009334312765
LOC111102426,-0.186964742395097
LOC111110564,-0.498256329876858
LOC111110333,0.42028848597341
LOC111134048,-0.479429001705422
LOC111102173,-0.364190801721706
LOC111132507,0.262738793242513
LOC111138420,-0.473674700825313
LOC111104018,1.02147795684301
LOC111122851,2.47362482474069
LOC111105175,0.153240912487453
LOC111120700,-0.0216032029953557
LOC111104642,0.755377179969376
LOC111135162,0.477937967532502
LOC111125491,0.911463093646022
LOC111107816,1.2811822728002
LOC111113980,-0.47970270892439
LOC111111580,0.288464343147539
LOC111126782,0.0296656340651087
LOC111116595,0.629149610220206
LOC111103378,0.403441170256528
LOC111108379,-0.16741475311498
LOC111108692,2.73487806025662
LOC111109756,0.21152316331663
LOC111099470,0.707200716635889
LOC111107191,-1.16986648964574
LOC111119162,0.117286908617635
LOC111111950,0.469038272784663
LOC111103225,-4.72596221204623
LOC111108813,-0.613098491193777
LOC111135643,-3.0831547214556
LOC111133414,0.0149776386730902
LOC111121283,0.018338210986812
LOC111123635,4.81773748670847
LOC111106681,-0.428404248985287
LOC111133125,1.64794260566535
LOC111113338,3.80274591181794
LOC111129029,-0.62529563802464
LOC111114087,0.148331620200492
LOC111122649,-0.286379863023154
LOC111129817,0.936989573523629
LOC111102710,0.82361377382492
LOC111119351,-0.617934609690925
LOC111134346,0.358271906469544
LOC111128544,0.570744675322989
LOC111116875,5.7174886473413
LOC111120055,0.14616704725513
LOC111136407,0.103861541809008
LOC111112016,0.00328104973114257
LOC111110067,-0.457853781620232
LOC111134248,-0.855019095528237
LOC111101057,0.146053354631305
LOC111116285,-0.665112743867798
LOC111126904,0.474169001257888
LOC111135835,0.88901396122894
LOC111114686,-0.0343954687173198
LOC111122727,-1.30157356986902
LOC111128692,0.135555852756942
LOC111112616,-1.03501301242606
LOC111104688,1.12692924774463
LOC111126212,0.0850297248240494
LOC111101551,6.00547107863704
LOC111117741,-0.00891061718796156
LOC111111321,-0.121050143626329
LOC111109512,-1.07998161550341
LOC111109511,0.533819559382331
LOC111133774,-0.25676026567648
LOC111123262,0.827438063054245
LOC111104860,-1.07869564921069
LOC111117836,0.0857546872212882
LOC111130992,0.684220950912669
LOC111120638,-3.27492414797461
LOC111111109,-0.58827058857773
LOC111108058,-0.857640153681034
LOC111121155,0.13272496260468
LOC111110851,0.452276986226799
LOC111117391,0.0215745293802359
LOC111101466,0.246161443327114
LOC111120698,-0.00525265122538107
LOC111138304,-0.0734116751067162
LOC111114955,0.167287676363461
LOC111128125,-0.378403876109574
LOC111138055,-0.502873120719096
LOC111125011,-0.280717508547338
LOC111120167,0.0739014654752315
LOC111100444,-1.6974613340097
LOC111123645,0.61710866756134
LOC111114919,-0.444810598898347
LOC111102815,-2.5618620479623
LOC111125976,0.225836530917754
LOC111113092,2.12011686385779
LOC111104149,-0.078520737611694
LOC111116845,0.596113049921168
LOC111119698,0.327452778693864
LOC111132948,3.42242627074054
LOC111129503,1.80092097562539
LOC111134531,-1.0192737583691
LOC111104386,-1.09556395973295
LOC111100307,-1.37122792019906
LOC111118221,1.88594613570139
LOC111121299,-0.280638235416894
LOC111111917,-0.414960744199476
LOC111131188,0.324905989598654
LOC111133938,-0.135288080959637
LOC111117809,-0.0163071190386085
LOC111128855,-2.76675337820345
LOC111135617,-0.0390112917851736
LOC111117746,-0.0230838538111546
LOC111125367,-11.5956236146489
LOC111125832,-1.53857005082131
LOC111102344,-0.0912681835673692
LOC111132693,-0.315222078309501
LOC111132035,-0.095020405990115
LOC111135509,0.908924493276452
LOC111135820,-0.601555372852012
LOC111117104,-0.563438298589476
LOC111105739,0.00705547867027174
LOC111111318,-0.597099714731349
LOC111129565,-2.54362449486995
LOC111134265,2.19953990807776
LOC111135233,-0.0687413296441096
LOC111106274,2.61864182255172
LOC111127091,1.49609886175264
LOC111125502,0.272615191630903
LOC111112691,0.18065985099236
LOC111118377,0.0698287321200442
LOC111132201,-0.368481136547883
LOC111135604,0.125389109116719
LOC111103444,1.17223209283541
LOC111119469,1.09587044871176
LOC111117278,0.875819322320462
LOC111123273,2.05573111842733
LOC111135120,0.246781589958715
LOC111108722,-0.0667194783969302
LOC111130162,0.911791608246027
LOC111122521,0.241703081335931
LOC111105900,7.46088158272256
LOC111120179,0.01096193370346
LOC111119916,-0.542047504386535
LOC111117971,-0.149852801063575
LOC111110420,0.0810259510646892
LOC111109218,0.334617318000165
LOC111110885,-0.638961609526203
LOC111137660,0.167639260387197
LOC111103046,0.12101607823837
LOC111100638,-3.74427896601862
LOC111128939,0.219096218199408
LOC111137860,0.61128007193481
LOC111104254,0.166918280564171
LOC111101789,0.14477591011237
LOC111101249,0.616694171783982
LOC111123770,0.459698142210504
LOC111101707,-0.19851784502181
LOC111106780,-0.396488964167665
LOC111134103,-0.0291331026463647
LOC111108748,-0.99996096928989
LOC111108428,-0.939357097994206
LOC111120637,-0.0715660926001065
LOC111101153,0.575953096446039
LOC111135400,-1.15166345519405
LOC111126878,-0.28253920688727
LOC111120960,0.334118237650493
LOC111119205,-1.01920894498005
LOC111132070,-0.133628615854621
LOC111103593,-0.380430224064191
LOC111121608,-0.682880835791872
LOC111109258,0.67990218718531
LOC111112204,-0.00140839672816131
LOC111125723,-1.5456458575802
LOC111105225,0.423936136136191
LOC111128116,-3.29578640613986
LOC111107326,0.319327701235414
LOC111114608,-0.821760750297585
LOC111136167,-0.42202019771905
LOC111100429,-0.032828331096533
LOC111125850,-0.0344640801210049
LOC111100346,0.304787053338902
LOC111132977,0.243153465110311
LOC111115003,1.77847864676635
LOC111128163,-0.964579343767377
LOC111100860,-1.03739444794445
LOC111122576,-0.0815688055296185
LOC111108309,0.688495767609989
LOC111117924,-0.521318198036587
LOC111122917,-1.46371427560678
LOC111130483,1.59366830304932
LOC111114452,0.807146473199942
LOC111126752,0.108457400572997
LOC111122302,0.608760679945309
LOC111114012,-0.205218138707136
LOC111121587,0.529282676060498
LOC111124528,-2.52282246033165
LOC111100274,1.52134870198516
LOC111132157,-0.713683903362982
LOC111126317,0.0497817218172624
LOC111119881,-0.275254092184774
LOC111128861,-0.482703994060247
LOC111134174,0.487211104717888
LOC111109121,0.663901117172285
LOC111137859,1.55041596208842
LOC111119373,-0.621189619666808
LOC111125329,1.13534354085794
LOC111109620,-1.11188287520566
LOC111115062,-0.10446603767016
LOC111124093,0.0939311250010686
LOC111107787,-2.73219951940345
LOC111121566,1.06167502507103
LOC111123119,-0.597745867741049
LOC111110657,0.204350895034732
LOC111138109,0.292142998118154
LOC111130850,0.324035835476213
LOC111106064,0.140146349145808
LOC111111197,-0.600707645340031
LOC111130956,-1.71285978994809
LOC111131414,-0.180686660573203
LOC111118425,0.658749657289882
LOC111100431,0.126422861976984
LOC111138492,0.0155734081914494
LOC111138490,-0.58034260577506
LOC111104306,0.0133404655224885
LOC111102296,-1.29088780994574
LOC111120999,0.635570503030761
LOC111106822,-0.135128379132237
LOC111116447,-0.256314106227962
LOC111118229,0.730128824437891
LOC111130866,0.217424964929484
LOC111130196,-0.464363752392085
LOC111114591,-0.168238146353079
LOC111116358,0.359972829128649
LOC111117252,0.00740216903904697
LOC111137869,-0.324243999134564
LOC111126146,-0.620288764652185
LOC111136811,-0.819428903266986
LOC111137191,-0.0343716862753076
LOC111115665,2.68079414001681
LOC111119809,0.0159383694820895
LOC111129087,-1.02476356200738
LOC111106689,-0.354889399234359
LOC111121825,-0.116792973008609
LOC111102044,-0.164925685335142
LOC111128496,-2.44560159078784
LOC111109860,2.05337251046884
LOC111121207,0.00346451839345082
LOC111114201,0.520421304721684
LOC111114501,0.715934192233957
LOC111126799,-0.774283568102114
LOC111132817,0.990712900414581
LOC111134967,0.0810161851313668
LOC111136285,0.0737014722990963
LOC111105728,-0.283394657692556
LOC111135177,2.4348546021478
LOC111130642,-2.42541443121767
LOC111113326,0.252910516074381
LOC111101120,-0.230530695785269
LOC111108505,-0.360739562465323
LOC111129994,1.19519583448432
LOC111128527,0.105597495336451
LOC111118948,-1.14378293096707
LOC111123868,-0.814436258598208
LOC111105453,1.09960966168636
LOC111130184,0.367208300509754
LOC111100457,0.485802469219798
LOC111101039,-0.219273069969196
LOC111103789,-0.448066073535382
LOC111106943,-0.472569426914831
LOC111101541,-0.641139951897738
LOC111118854,-0.885223728489282
LOC111110433,-1.18646689756744
LOC111111501,-2.43939157863128
LOC111115136,-0.757317601131473
LOC111137432,-0.0651430529302515
LOC111122689,-0.528492900816242
LOC111131275,1.54635340586593
LOC111136064,-0.331184136862481
LOC111128910,-0.196447185846145
LOC111128693,-0.474267350484353
LOC111101175,0.0820234305773147
LOC111102146,0.477679618768177
LOC111124300,0.642007810234446
LOC111126885,0.329907575374097
LOC111115500,0.126207018608712
LOC111113178,-19.3463264651821
LOC111107030,0.112747378723677
LOC111100651,-0.271402774445274
LOC111125273,0.861932322258976
LOC111136378,-0.410817914465264
LOC111101353,-0.174863625878422
LOC111112272,0.0074528538558757
LOC111128890,0.0748035040382479
LOC111138393,1.79501229851044
LOC111118723,0.146456717659378
LOC111103936,0.583690152075955
LOC111102539,-0.091464325754331
LOC111136487,-0.664083236571037
LOC111101701,0.00760755413684699
LOC111116628,-0.382714462666575
LOC111123794,-0.236749879206207
LOC111112360,-0.847630271028254
LOC111133471,0.245333305361171
LOC111125572,0.241719052949206
LOC111127394,0.138345915531781
LOC111113904,0.504271766727768
LOC111100647,1.94587730259076
LOC111134374,1.12369680805695
LOC111104129,-10.3549809886415
LOC111103799,-0.673287451542392
LOC111104281,19.7920471317848
LOC111133207,-0.0462003476028674
LOC111128549,-1.572627150808
LOC111132109,-0.619897173498934
LOC111104156,-0.477655019580519
LOC111114462,0.0890566320603824
LOC111130431,0.655784855029608
LOC111129129,0.0732141214124594
LOC111121752,-0.847245371873283
LOC111130423,-0.610523441430793
LOC111135416,-0.304579748318205
LOC111127856,1.15838040325373
LOC111135313,-1.05685598809743
LOC111112636,-0.259215281539132
LOC111133210,-0.326681975336337
LOC111116926,-0.38527886110418
LOC111118753,2.5914369740029
LOC111132141,-0.456003118366755
LOC111102833,0.287000715645763
LOC111119562,0.19151980892096
LOC111117028,0.284549502408007
LOC111104590,-0.107815402152641
LOC111112057,-1.26365572374895
LOC111120862,0.126756689942302
LOC111123492,-2.30002903067881
LOC111128101,0.538477830588033
LOC111114654,-0.495480591901145
LOC111124536,-0.239546449105905
LOC111122918,-0.0777171859248518
LOC111120897,0.00414413545892756
LOC111106917,-1.01172786035487
LOC111126926,-0.403685104165992
LOC111136642,-2.00416653560805
LOC111107659,0.25365288881706
LOC111125884,-0.172626513829061
LOC111119341,0.820594702063596
LOC111135624,-0.0343392753243563
LOC111132905,0.928177253341043
LOC111101725,-0.090193792040322
LOC111115456,0.229249475542134
LOC111137721,-3.13872088497126
LOC111121548,1.12608687650383
LOC111134424,1.95233165317102
LOC111100010,1.75607992051387
LOC111119640,-2.82048403904346
LOC111128234,-0.0343927283166303
LOC111107093,-0.601452315256309
LOC111112888,-0.855712546760035
LOC111136777,0.170686788421468
LOC111100041,4.03866187940572
LOC111100926,0.316709255805965
LOC111122857,-2.27995218290807
LOC111120855,-3.38211479633295
LOC111119006,0.0178664926845083
LOC111107058,-0.721527388301638
LOC111134503,1.12827786772318
LOC111124813,1.52531316378449
LOC111108212,-0.336450662688445
LOC111106639,2.23669406533192
LOC111127021,0.11833311171955
LOC111102385,2.26406818794874
LOC111125458,0.124426149143043
LOC111105158,0.169794462243222
LOC111103338,1.67797346112857
LOC111136935,0.472230862128945
LOC111134605,-0.211652357661065
LOC111137586,0.774415146236257
LOC111132925,0.0353956738700104
LOC111137494,-0.520796263608129
LOC111106171,-3.51447283592894
LOC111123151,-0.215499662845186
LOC111128306,-0.604211592637834
LOC111131292,0.377565311702121
LOC111132195,-0.0790769528074492
LOC111127436,-1.18232293201889
LOC111121220,2.45988702800603
LOC111138318,-0.102796219714034
LOC111129976,-1.19377388360727
LOC111112112,1.37277732817423
LOC111129310,0.786967076219515
LOC111100410,0.235757227234831
LOC111120627,0.327801966783913
LOC111138210,0.812018415463726
LOC111128484,-0.158533477971248
LOC111125489,-0.513063811917007
LOC111101365,-1.6225987433779
LOC111100559,1.32011839226168
LOC111125202,-0.487892524938664
LOC111130580,-0.525606715257897
LOC111130461,0.29219803682264
LOC111123144,0.829902673013877
LOC111135332,0.98536152405996
LOC111131853,-0.451295182394515
LOC111113970,1.01963898862191
LOC111124234,-0.427447591017014
LOC111123831,1.04697230495231
LOC111114212,0.105625292290982
LOC111117735,-0.0170584612414274
LOC111120025,1.8443623605145
LOC111110451,0.0937933760017428
LOC111128058,-0.454789945325475
LOC111112448,0.706920393848163
LOC111100671,0.445972885821167
LOC111125851,-1.68338163666943
LOC111124867,-3.94792512280401
LOC111136387,2.89808307263503
LOC111102873,-0.377295421627685
LOC111124395,-0.0343515809400976
LOC111132751,0.261207361653921
LOC111124324,0.138085416455924
LOC111126230,1.0568317235302
LOC111117678,-0.606955958763265
LOC111101754,0.550199650373976
LOC111133553,-1.52740913451609
LOC111099881,1.06553920521302
LOC111112773,-0.104828605248388
LOC111109171,-0.690768203258556
LOC111127374,-0.928768265425319
LOC111122584,-1.22940259278718
LOC111108551,1.77401790786743
LOC111131687,-0.125006110202314
LOC111100753,0.385695000548491
LOC111119486,1.0516322248495
LOC111138155,-0.39520828242368
LOC111125405,-0.547880728903906
LOC111113391,-0.478206461425773
LOC111133091,-0.198825650064851
LOC111134319,0.254300325306677
LOC111109997,0.314731921444626
LOC111099139,-0.180217852329503
LOC111137696,3.52589029454371
LOC111123452,0.262710754905597
LOC111099821,-0.227878696493197
LOC111104232,0.117922624946664
LOC111099038,-0.366334466312721
LOC111137677,-2.27893379757752
LOC111131240,2.4487592533359
LOC111109944,0.144182937253315
LOC111102092,0.0236250864131252
LOC111133049,0.93030863048884
LOC111123552,-0.0924175481359507
LOC111107214,0.0383890575206249
LOC111125268,0.887899379130101
LOC111130696,0.568745518255297
LOC111117771,2.06863474469964
LOC111125165,-0.150295689203932
LOC111133911,0.425606981224916
LOC111132050,-0.0459938474463364
LOC111133333,0.206585650397687
LOC111100534,-0.0343424761851218
LOC111112782,0.360306788554164
LOC111122807,-0.118738062948924
LOC111125313,-1.38827029377083
LOC111133267,0.0900055090481702
LOC111108029,-0.040258816291579
LOC111134476,0.6960667983502
LOC111131793,0.442646349637491
LOC111123738,-0.32338987514627
LOC111135653,-3.75020763038077
LOC111104838,-2.66283665908594
LOC111124328,1.255759038576
LOC111120809,-0.687989356226187
LOC111134993,4.49152490909386
LOC111118327,0.347054532659573
LOC111121303,-0.239362948172757
LOC111124715,0.999490351818588
LOC111124631,3.1652032884822
LOC111104749,1.76020535131065
LOC111126954,-0.1713086918963
LOC111105354,1.95583881105329
LOC111108264,0.606930252231606
LOC111119431,0.751011311163988
LOC111099722,0.379501798288047
LOC111132590,0.0949883321154497
LOC111102306,0.287200514346522
LOC111131297,-3.29078962583106
LOC111119515,-2.71926156899383
LOC111109989,-0.18132644587106
LOC111138173,0.453976451326501
LOC111130625,-1.4481319783059
LOC111120604,8.19437449972639
LOC111129077,0.378006228403127
LOC111117161,0.0938706978034087
LOC111120661,0.25752398394474
LOC111135850,-0.221909068392018
LOC111129600,-0.18637828089054
LOC111125869,-0.128378964310567
LOC111131844,0.522937650751907
LOC111131732,0.492365074241988
LOC111119775,0.121654566298694
LOC111128826,-0.700151400678682
LOC111127148,0.680102572697287
LOC111125105,0.0724170607259576
LOC111137777,-0.941530081704941
LOC111100929,0.504056492963341
LOC111122777,0.696059794387346
LOC111116819,0.313313073483612
LOC111108088,-0.304124992320631
LOC111129700,0.0131762308454446
LOC111107138,-0.210034541646667
LOC111126979,-1.35775484558083
LOC111128739,-0.0735971814914183
LOC111115715,-0.880038124052739
LOC111099569,5.11787953573665
LOC111135937,-0.0344124478532176
LOC111125000,0.636640560704761
LOC111136995,-0.316961446398784
LOC111131828,-1.04394783396541
LOC111131455,0.834213592862316
LOC111100239,5.12395339959523
LOC111106013,-0.393462514168496
LOC111114744,-0.0344330534280202
LOC111117931,-1.52995808434424
LOC111133437,0.0702198548197075
LOC111100167,-0.231520403106902
LOC111102989,0.314372598859787
LOC111107338,-0.371249309911886
LOC111122534,-2.62442561451862
LOC111128854,0.309238278008939
LOC111132108,-0.544467593716277
LOC111127325,-0.861927712644151
LOC111114629,-0.547740854827655
LOC111120863,-1.01226012227394
LOC111106923,-0.771027210520786
LOC111119305,-0.920289582638097
LOC111137648,-0.664844214826262
LOC111103529,-1.20455543039648
LOC111137619,-0.896309267300619
LOC111125115,-0.661354559894295
LOC111133073,0.0755444842259785
LOC111130835,-1.77398647441183
LOC111109833,0.638746675226006
LOC111112683,0.0336739665889592
LOC111112817,5.71456364027209
LOC111112674,2.41032940042245
LOC111134561,-0.196630640370051
LOC111129126,3.18189498068115
LOC111108606,0.408059955853708
LOC111108027,-0.648468912786641
LOC111119246,-1.01816324628544
LOC111105505,1.05262396365279
LOC111129516,0.606175495784788
LOC111128430,0.172958082894584
LOC111113003,-0.584555964696975
LOC111126256,0.683645605378544
LOC111128360,3.79182103382816
LOC111122665,-0.0950199058080503
LOC111106001,-0.777136776321838
LOC111114246,-1.62568056407288
LOC111119200,0.273245629830832
LOC111114663,-2.59777417165171
LOC111118133,-0.786756404820256
LOC111137473,0.128360809697272
LOC111136444,0.521083535516501
LOC111125943,0.30279416046016
LOC111101545,0.284062254284283
LOC111112595,-0.241887902753824
LOC111134111,0.766559541860417
LOC111102917,0.46882241362018
LOC111116091,0.453731581355624
LOC111105362,0.339843496532889
LOC111124561,-0.131648033747407
LOC111137265,-0.727134716390315
LOC111121229,-1.31419283119634
LOC111133458,0.436045258544089
LOC111120225,1.68867832314092
LOC111108332,0.130997625438449
LOC111099359,0.325592420209729
LOC111129868,-0.698670159055295
LOC111135770,0.841104826137452
LOC111126518,-0.528621345658883
LOC111116952,0.443736668150679
LOC111113582,0.698980368313648
LOC111102435,-0.823177540243594
LOC111135574,-0.123928167884474
LOC111099111,-0.551270700462552
LOC111117871,0.224242287869172
LOC111122587,0.545502413405171
LOC111124726,-0.0132810122481454
LOC111121630,8.10374925827707
LOC111119127,3.15659029151977
LOC111120353,-3.00709075585089
LOC111110536,-1.64474268865712
LOC111101191,1.63015184950929
LOC111134429,-0.134738513491961
LOC111126795,2.05489955122542
LOC111135505,0.273314530890288
LOC111118169,-1.82797377386346
LOC111134291,-3.90568425335977
LOC111136531,-2.81703966775435
LOC111107402,0.235042558385705
LOC111118592,3.8036859838779
LOC111131486,1.96473539931821
LOC111106976,-0.539358697779934
LOC111102179,0.194578392614762
LOC111099514,-0.617150816437821
LOC111134763,0.334784933177695
LOC111132611,-0.391635495064101
LOC111110627,-0.667335166155766
LOC111131621,0.662474179652085
LOC111120381,-0.188691546201984
LOC111123807,-0.265383607500387
LOC111110275,-0.165867293711066
LOC111105379,2.17439666283564
LOC111107351,1.33507742119276
LOC111129694,-0.075127934731808
LOC111119758,-0.370776562650824
LOC111124540,-1.74091792785571
LOC111129841,2.03734290383776
LOC111119683,-0.560399109032787
LOC111100992,0.614823482433275
LOC111131623,1.2909689128479
LOC111133660,0.498177224172333
LOC111101884,-0.716849659839486
LOC111105039,1.25640260432746
LOC111134463,-5.87464189265849
gene38282,0.273661361972973
LOC111100539,-0.517203036481717
LOC111126829,-0.223013620841607
LOC111106265,-0.034363601710815
LOC111118630,-1.2192709656669
LOC111118241,0.746452512279618
LOC111127870,0.586997026386204
LOC111108115,1.45451493372505
LOC111102623,0.090618138340116
LOC111137237,-0.358293078028605
LOC111117531,-0.730651298842683
LOC111102677,0.00735964428785315
LOC111125856,0.0494039169438682
LOC111104138,0.491223591918197
LOC111122517,0.587271813994997
LOC111104982,0.584940989447463
LOC111118702,-0.185934095545225
LOC111127119,-0.203614828238148
LOC111103214,-0.371056393244288
LOC111106448,-1.83951120846376
LOC111117820,0.326442809197482
LOC111130145,0.248782034385152
LOC111104096,0.0402857517881102
LOC111120920,0.713100613757821
LOC111103767,-0.344429015922829
LOC111101794,-0.185943056290519
LOC111112086,0.00209188174443047
LOC111103901,-0.283218080726292
LOC111110572,0.832767906132474
LOC111123366,0.668791040182022
LOC111136263,-0.891490234385839
LOC111136266,0.432281119218343
LOC111133305,-0.170067708629242
LOC111132047,0.345553007786254
LOC111108492,-1.04044198019876
LOC111117984,0.799293824514713
LOC111136127,-0.0639874621221607
LOC111119144,-0.963368190519126
LOC111134769,2.24816246878443
LOC111112412,0.406386330019769
LOC111135647,0.405533395327121
LOC111130783,-0.207123554386686
LOC111114881,-0.0434413128415693
LOC111130984,-1.42615050412484
LOC111100369,0.673792069237321
LOC111111214,0.269822795354744
LOC111126839,0.192866679072558
LOC111125205,-0.0816565574635052
LOC111110030,-1.36938440609234
LOC111128700,1.47606162356012
LOC111109260,-0.631015852424748
LOC111120810,-0.604319447292543
LOC111134406,0.715343394625104
LOC111108310,-0.270615074747082
LOC111114922,-0.0409874189483912
LOC111107324,0.412738556910043
LOC111108649,-0.239688481303837
LOC111124873,0.150579608795909
LOC111138510,0.527648071232836
LOC111117361,-0.920738102034896
LOC111105566,-0.0611725377344871
LOC111117650,-1.57903143389032
LOC111116134,0.108199656758291
LOC111125677,-0.158326162807878
LOC111138519,1.05834827522207
LOC111134027,-0.334051564798256
LOC111137343,-2.01643497421517
LOC111125911,0.0960087441139836
LOC111122897,0.310997811057401
LOC111125145,2.67728667895652
LOC111124423,-0.125356296447065
LOC111121064,1.8587362621283
LOC111129688,2.22063852379399
LOC111117669,-0.0967718448661029
LOC111131503,0.0670005696529672
LOC111119346,-0.486757880302877
LOC111104551,-1.23197812149441
LOC111134933,-0.907587401643076
LOC111117748,0.230063067626909
LOC111118748,2.22793327379385
LOC111133954,-0.0958879822251999
LOC111126641,0.0960088583048575
LOC111125263,-0.0778970298601321
LOC111116895,-0.0695092595715599
LOC111124310,0.551514429345575
LOC111119704,-0.0506025971804126
LOC111130072,5.83903874825083
LOC111106992,-4.56160639668569
LOC111099723,-0.472263795420472
LOC111136713,0.456917910111527
LOC111137086,-0.593249856868028
LOC111119532,-1.14029285296419
LOC111134055,1.93591322077486
LOC111103590,0.701535872263171
LOC111118701,-0.70003767080475
LOC111117747,2.25718281917438
LOC111133695,0.189473738751585
LOC111114800,0.473734529255467
LOC111137426,1.65115131704072
LOC111113323,-0.825577789595339
LOC111108243,-2.26933569043312
LOC111109631,0.554831463155883
LOC111118195,-0.762870674788387
LOC111123360,-0.417104258702883
LOC111100082,0.176471719899898
LOC111102794,0.682658644234232
LOC111120482,0.710872224185523
LOC111115893,-0.540008765134073
LOC111118480,-1.41477905682675
LOC111100587,-2.17843953861177
LOC111129482,-0.569299780068585
LOC111117188,-2.64368683397642
LOC111107930,0.125116621987128
LOC111126479,-0.553198415325472
LOC111131435,0.697803576747128
LOC111119292,-2.00040127445831
LOC111119296,0.248533087455114
LOC111103393,-1.23595159906923
LOC111129019,0.778042193149203
LOC111138495,-0.366497398512211
LOC111109806,-1.30499263420951
LOC111121600,0.519548431798406
LOC111132868,-0.73070255931682
LOC111133854,0.263019808092781
LOC111100621,-12.5294166671058
LOC111116023,-0.706763101214981
LOC111107462,-0.0105532281177391
LOC111133261,1.39111839666414
LOC111109329,0.458756096347918
LOC111136936,-5.21548351892149
LOC111106625,0.222022731908703
LOC111120552,-0.127236534784161
LOC111120834,1.38890285492965
LOC111115346,-0.667291021065877
LOC111135023,-0.582826755267419
LOC111137806,-0.702630253079123
LOC111112515,-0.0344241134131589
LOC111123482,0.855081147708128
LOC111099559,-0.794768981934345
LOC111125544,-0.840670146283999
LOC111115522,0.585735539655201
LOC111126845,-2.49244367285994
LOC111124089,-1.37658034160774
LOC111130102,-0.202701047894565
LOC111104179,-0.544481449618113
LOC111119066,1.03323830220236
LOC111100562,1.14745052117107
LOC111136231,-0.0778149551455137
LOC111106856,-0.675888461784437
LOC111121334,-0.294310161901159
LOC111109479,1.03248644724516
LOC111124006,-0.905056917204262
LOC111108006,0.345167852839869
LOC111124013,-1.81141253859527
LOC111114786,0.514154722342689
LOC111121697,-0.956867189719634
LOC111125102,0.304788418098598
LOC111120780,-3.64122592153654
LOC111130993,-5.57918512979133
LOC111138462,0.534197662480405
LOC111133334,-0.17485980996694
LOC111126379,-4.0301168726597
LOC111111793,-0.0755932965946597
LOC111133264,0.310603243066577
LOC111121322,0.901440445003829
LOC111116961,2.11656444761592
LOC111135156,0.599981689398522
LOC111106908,0.0695294452471259
LOC111120982,-0.759456230695165
LOC111118431,0.829372338085955
LOC111127494,0.481240952822792
LOC111128747,0.140853855922345
LOC111129340,-0.343866535294605
LOC111114165,-1.67793073596399
LOC111120392,-0.729642050111655
LOC111108776,-0.30943404285068
LOC111122309,-0.587281838423935
LOC111125020,-0.627173806010335
LOC111135722,0.0939327701197423
LOC111123110,0.636413707492401
LOC111126032,1.19252815765248
LOC111114721,0.495816530220035
LOC111132960,-0.190525454446152
LOC111117141,0.839587122560765
LOC111128374,-2.18763157736658
LOC111126191,-0.713540665710094
LOC111100584,-1.18039506718341
LOC111121719,0.324022558798765
LOC111136851,0.895061075814949
LOC111136277,-1.90933205610926
LOC111107159,-0.225225470539625
LOC111110007,-0.143338131632995
LOC111114590,-0.699621275084594
LOC111133527,1.49755977992995
LOC111103342,-0.892438006373656
LOC111136934,0.383430342448576
LOC111106221,-0.271258197962417
LOC111130544,1.72219434734772
LOC111121425,-0.127725491107161
LOC111103077,0.0522579710762314
LOC111105775,1.53451117442261
LOC111120628,0.284661765212371
LOC111123257,2.04530356858765
LOC111114807,0.367042669652201
LOC111132858,1.10781098995451
LOC111119011,0.107304368054686
LOC111135179,-0.851460351802539
LOC111111820,4.353335487311
LOC111125079,-0.179742074811352
LOC111132989,-1.07857313400322
LOC111130790,-0.154840545541778
LOC111125482,1.51487301299996
LOC111123709,0.469661057566261
LOC111134595,1.42343409650197
LOC111109982,0.968436847512136
LOC111114905,-0.213661612232455
LOC111137922,-0.57929572809506
LOC111129479,0.049886248667229
LOC111106866,-0.387036112608503
LOC111136320,1.15265825361462
LOC111118869,0.299225053189443
LOC111118704,0.439724451215489
LOC111109360,-0.0246572584917158
LOC111117244,0.196292019798149
LOC111111467,0.866106684310756
LOC111100613,-2.59620152020327
LOC111126734,1.07995976486042
LOC111125887,1.4296008509369
LOC111134771,-0.0104671814329211
LOC111134770,-0.00264639286590409
LOC111132464,-0.433919900355201
LOC111128238,-1.80528425098894
LOC111120961,-0.115408849779571
LOC111138201,-0.59493680622646
LOC111137745,-1.50129074014365
LOC111136874,-0.373726448435109
LOC111115645,-0.92700104770902
LOC111109514,-0.0972675232811975
LOC111121301,0.0349632885538152
LOC111117589,-0.0883630154083673
LOC111127298,0.00869836635813248
LOC111136618,-0.209732969346375
LOC111130303,-0.604958890191718
LOC111116460,0.235872846722732
LOC111109762,1.02996736901931
LOC111103115,0.581922755144927
LOC111118856,0.123288647807537
LOC111105322,0.238006872915393
LOC111104701,-0.783225078149478
LOC111115597,-0.936527697314189
LOC111106463,-0.530421277027067
LOC111101950,0.249181270859569
LOC111121736,-0.146556180936088
LOC111104634,-0.491374794361048
LOC111107308,-0.0999634144223341
LOC111119151,2.44516515498684
LOC111119786,0.399591124752625
LOC111109443,0.263775007753697
LOC111111588,-1.47222874922468
LOC111128143,0.206727590839286
LOC111120499,0.685096787781492
LOC111115889,0.434193606352251
LOC111131586,-1.24118066634198
LOC111116727,-3.00062247155453
LOC111127376,-8.64245377071962
LOC111100882,2.3461349170654
LOC111112818,-0.434467480090748
LOC111099590,-1.3243460256323
LOC111132284,-0.50187254524431
LOC111103721,0.871633716264081
LOC111133460,-0.839979539984291
LOC111099069,0.857465807007408
LOC111104415,0.342547031064339
LOC111135461,0.191166424993292
LOC111120323,-0.0672473504516732
LOC111119729,-1.53602635536572
LOC111105727,0.138807985545132
LOC111131133,0.438461701802663
LOC111134814,2.32736472585281
LOC111105880,1.30200076069409
LOC111133196,1.69241729585776
LOC111111116,-0.0162455952062446
LOC111130485,0.119668244466542
LOC111099161,0.806128707225969
LOC111123111,-1.05137840378593
LOC111134580,1.40311732022082
LOC111108459,-2.3454912332809
LOC111104063,-1.96264812291326
LOC111135531,-0.351960681994072
LOC111136691,-0.0820760194995202
LOC111120008,1.20666112856571
LOC111122892,0.405458005111741
LOC111121267,0.156433673160543
LOC111119299,-0.187005470826133
LOC111112482,-0.963730461471896
LOC111126538,-0.00784289726918604
LOC111130575,-0.517304059762146
LOC111118467,-0.0338024112850864
LOC111135851,1.33388773161871
LOC111131649,-0.811255646399875
LOC111124637,4.5112497255429
LOC111130682,1.26678213596876
LOC111121777,0.509677325971845
LOC111116765,0.616137926004906
LOC111130417,0.0746410860471837
LOC111137383,-0.574199811166957
LOC111123808,0.535672215351401
LOC111138280,-0.0819921488392119
LOC111117469,1.1036834060021
LOC111100858,-0.737622897460907
LOC111127721,0.592087011230031
LOC111121315,-0.740473093540073
LOC111104519,0.674992320803814
LOC111107250,3.26006825934063
LOC111109851,-0.790178256441363
LOC111119000,0.0957071021843809
LOC111105585,0.388598164274892
LOC111134858,-6.3852123078204
LOC111102238,0.258102766107194
LOC111114067,1.48533413701078
LOC111132758,0.401197994641407
LOC111114987,-0.36336203416725
LOC111114037,0.431347778143468
LOC111135189,-1.83916506951063
LOC111132753,-2.13970153184788
LOC111112667,1.25573197431356
LOC111126456,-0.0094754236254407
LOC111126617,-0.19623861422036
LOC111117283,-0.0567132895393306
LOC111133281,-0.00995547373443236
LOC111131782,-0.337224401436489
LOC111100220,1.02927764149813
LOC111113390,0.485907276861337
LOC111099182,1.83781239934347
LOC111108524,-0.549641487225635
LOC111100227,0.445971337075189
LOC111135649,1.32096955513647
LOC111136350,0.310564075456804
LOC111109196,-0.232005974393507
LOC111118726,-0.0340130417489338
LOC111118809,-1.28745624751706
LOC111118873,0.216711940540857
LOC111099844,-0.128255329462663
LOC111129031,0.0878682595774289
LOC111129561,-0.375921754883955
LOC111131288,0.387695744728106
LOC111129398,-0.021127611423261
LOC111109964,-1.09062430056557
LOC111124438,0.329254703811208
LOC111112603,0.287173880947592
LOC111110377,-0.327565791903149
LOC111117872,0.548119143553184
LOC111121735,-0.153375406829934
LOC111136148,0.569001846208607
LOC111132689,0.049815770168575
LOC111109304,-0.65326754579683
LOC111122956,-0.471926996910837
LOC111124885,-0.0159895517791511
LOC111103193,-0.624212905987606
LOC111123909,-0.317183530678163
LOC111101735,0.0939134299929754
LOC111106052,-0.23374245190172
LOC111126288,1.06991205768732
LOC111119637,-0.133199303789572
LOC111109726,0.331616441891156
LOC111102020,-5.05658487646758
LOC111119870,-1.94056123726576
LOC111127536,0.685200362998856
LOC111126038,-0.348164248158286
LOC111121310,0.338603961218338
LOC111116025,6.4670698706529
LOC111137516,-0.836003151133327
LOC111127459,0.219786267846836
LOC111134571,-3.40953724387285
LOC111123891,-0.475453532561195
LOC111104304,0.368960441433887
LOC111117745,0.493753084181846
LOC111117016,-0.724912343942127
LOC111106869,0.737834180543597
LOC111126584,-0.444407667432482
LOC111129381,-0.0365230229792429
LOC111132256,-1.16635933554841
LOC111105003,-1.22862386703759
LOC111102829,1.14255164475544
LOC111115100,0.729558191869304
LOC111104026,0.603940119734017
LOC111119492,3.34096526027262
LOC111119749,3.45206557252461
LOC111106588,0.442650051003666
LOC111118113,0.674658451103769
LOC111117050,-0.499363430974775
LOC111101743,0.269483200322956
LOC111131501,-1.03286798702699
LOC111124308,-1.06266570824237
LOC111132593,-0.548053093745583
LOC111115273,-0.165753437813909
LOC111134096,0.440341664686948
LOC111134462,-0.365317184899149
LOC111134439,-0.307188595566638
LOC111132037,-1.3304404014606
LOC111125920,-0.282201063516597
LOC111105713,0.0683007532469217
LOC111120095,0.118591109161648
LOC111136776,0.533189069179687
LOC111121537,-0.0980054757924142
LOC111099880,-0.65320486439915
LOC111133265,0.712553303083367
LOC111124672,-0.273192410174356
LOC111106189,-0.0343951373466655
LOC111120073,0.545591125996264
LOC111119391,2.33921645812223
LOC111138265,-2.11269200448472
LOC111107510,0.55018608884674
LOC111099591,-0.225178626231116
LOC111123774,-0.400284898861099
LOC111122518,-0.433529744864924
LOC111125899,-0.658380398863958
LOC111135570,-1.32018124371414
LOC111114853,0.429700954544628
LOC111101119,0.320925948650027
LOC111130406,0.0417313569148002
LOC111135009,-1.23036298906406
LOC111136699,-2.58896702052594
LOC111117095,-0.694718079732956
LOC111122205,0.193917683662062
LOC111105342,-3.00141569135467
LOC111108445,0.434181689409735
LOC111135265,-1.87902967495978
LOC111107948,3.74036257380815
LOC111132882,-0.986136637050785
LOC111137247,1.10234090124039
LOC111129042,0.367999626719076
LOC111136846,-0.143863585933159
LOC111133914,-0.115975082753914
LOC111130249,0.677134922979828
LOC111103139,0.0465394454163437
LOC111126254,-0.255154134800984
LOC111135299,-1.08382269429564
LOC111120542,1.77704237858397
LOC111112862,-0.0211734012443153
LOC111118596,0.226366637256955
LOC111129957,0.271618563834707
LOC111110509,0.0536029196034221
LOC111105527,-0.0749030745976256
LOC111119812,0.570972862606641
LOC111121028,4.82153660759582
LOC111106364,-0.908276139078534
LOC111134078,2.39655175472088
LOC111116784,-0.190215268497815
LOC111112973,-19.2202809300036
LOC111126184,-0.57868189130567
LOC111110058,0.536116920028116
LOC111106852,69.5767225282151
LOC111133663,0.431583325517588
LOC111131312,-2.33030547678948
LOC111122214,-0.0731335282784401
LOC111108433,-0.27831951789248
LOC111111065,4.54209705259113
LOC111111466,-1.92312134687813
LOC111135221,0.647256996436844
LOC111106307,0.010947071530958
LOC111128605,0.321140863528523
LOC111116788,0.402795203268936
LOC111113070,8.73989768604907
LOC111109760,0.104331064197807
LOC111119906,0.431545419475499
LOC111121597,0.0543780223307712
LOC111136950,-0.0257903717244974
LOC111115885,-0.26046864149464
LOC111135702,-0.231688251480472
LOC111119821,-2.01883006236894
LOC111130120,0.337358083696299
LOC111123715,11.5772545162506
LOC111114582,-0.463540595706976
LOC111125934,1.24514841040257
LOC111138477,-0.172676381150286
LOC111111656,-0.329746928513593
LOC111125230,-0.106953252894267
LOC111104307,-5.82900636215963
LOC111105366,1.05605267998916
LOC111109526,-0.0755583394567588
LOC111128755,0.58927253639512
LOC111100644,-0.0700022199840728
LOC111112425,0.151546953187307
LOC111126470,0.390876611524373
LOC111122264,-4.60918939273795
LOC111114648,0.093910774526541
LOC111120820,-0.363782381072648
LOC111134438,1.87902919094918
LOC111120561,0.225117026331214
LOC111138154,-0.783679975223427
LOC111126468,-0.127137488923315
LOC111132990,0.344115818391007
LOC111114727,0.331760141272733
LOC111130530,0.374652286707411
LOC111113056,0.219607924522305
LOC111124294,-0.625842106967933
LOC111117266,-0.25227309684151
LOC111136353,1.5944024370177
LOC111126603,4.24206507584567
LOC111109510,0.285446622983679
LOC111135374,3.40419789810184
LOC111137901,-0.830935518999763
LOC111104470,0.176706253439801
LOC111114554,-0.468066260696151
LOC111136090,-0.430983401618473
LOC111101476,-0.511845749417228
LOC111125728,1.62350728531269
LOC111128315,-4.40812857003894
LOC111135784,0.960210034934933
LOC111118755,0.436204913423743
LOC111101354,0.283993494511498
LOC111101270,0.279447786654625
LOC111110334,-1.03770805874301
LOC111138046,-0.574917822351732
LOC111129370,0.35812520567537
LOC111101763,0.832191614168484
LOC111124032,-1.11773454450728
LOC111114518,-0.749727484609288
LOC111122574,0.073590130606689
LOC111130192,0.085445954054014
LOC111134321,0.200629877224821
LOC111107109,-0.454905129796966
LOC111133094,0.107607860575794
LOC111137570,1.33418111458296
LOC111102414,1.10046859162606
LOC111137932,-0.580987944884912
LOC111117147,-0.217733893808629
LOC111127866,-0.361981804072115
LOC111132966,1.6194502853945
LOC111125142,0.171313901335643
LOC111111371,0.389713503674023
LOC111099158,-1.26947345504043
LOC111106182,1.06983578893631
LOC111118533,0.261207330988911
LOC111136326,0.605113950272629
LOC111122549,-0.470942341287079
LOC111130873,0.378290095067557
LOC111137133,1.51527148538053
LOC111132648,-1.63091330752418
LOC111130962,0.0431117868712089
LOC111125356,0.439281182761449
LOC111101405,-0.150868434490356
LOC111136510,1.26430565093458
LOC111124630,0.36101119832306
LOC111121276,-2.71890035721886
LOC111125191,-0.0504233501684864
LOC111102200,0.640719460694944
LOC111113708,0.0427396293953377
LOC111134740,0.0320913654315396
LOC111105131,-0.122454500715812
LOC111113467,-0.0897068935259702
LOC111122418,0.848009713017185
LOC111108489,-4.36321604844474
LOC111099178,0.264484919239417
LOC111136162,0.0501710927511996
LOC111102474,0.0614803518532213
LOC111114493,-0.351038596189421
LOC111136338,-1.00205846043705
LOC111111549,-0.148153446504034
LOC111123746,-0.708893766434101
LOC111117105,0.385672693511669
LOC111114122,0.0451301728589711
LOC111119950,0.245404818008085
LOC111120901,-0.407162191204631
LOC111110738,-0.0587843818996252
LOC111110947,0.0125280117100641
LOC111125092,0.87532724187012
LOC111137076,0.304740910489573
LOC111127277,0.652843987309155
LOC111107165,0.682642841629683
LOC111127193,2.58139652812757
LOC111127598,0.327611822404943
LOC111136240,-0.0169365894052325
LOC111109958,0.540086217071379
LOC111138053,-0.0914317841275738
LOC111134675,1.42087790268012
LOC111121223,-0.140418276622943
LOC111135275,1.09361310679346
LOC111134680,8.67335041593125
LOC111131522,0.166760266619136
LOC111103003,-0.835818460384634
LOC111131147,-0.355986114880217
LOC111112355,0.102948943535825
LOC111138041,1.26775494559722
LOC111120221,0.358666541165419
LOC111102571,0.188878488186151
LOC111102252,-0.0255945557627624
LOC111131201,-0.329396257935309
LOC111124633,1.62420542831791
LOC111128186,0.799171518728694
LOC111131259,4.09887783320155
LOC111131349,-0.049361100309884
LOC111134465,-0.380589034574253
LOC111126520,0.159641456938776
LOC111103652,-0.396855986658914
LOC111101093,-0.510910933770004
LOC111121464,0.251435672736067
LOC111129524,0.109294088190904
LOC111137718,0.360816229586019
LOC111129922,-0.146371890455369
LOC111119123,0.579711938504471
LOC111125841,-0.141109428360923
LOC111125286,0.0452184007714157
LOC111103663,0.620439210050734
LOC111104009,-0.170152822224806
LOC111106021,0.154026362755898
LOC111103638,0.438015946434012
LOC111113499,-0.0730996284738043
LOC111135493,-1.31063565994898
LOC111121717,1.61471633305171
LOC111125924,-0.228624150085308
LOC111107832,0.502551460086344
LOC111120583,-2.47912051978764
LOC111121954,1.27571014269359
LOC111135896,0.903241548875209
LOC111101719,0.030995586587814
LOC111128329,-0.112573179061961
LOC111119262,-0.21422105369746
LOC111138068,-0.882497894198757
LOC111136898,0.475943475922974
LOC111110424,-0.433951843998695
LOC111120774,-0.575381446338697
LOC111101471,-3.14597700408296
LOC111103087,1.65367784620868
LOC111101349,0.011316169060465
LOC111122704,0.385666626931387
LOC111108343,-0.2256732726096
LOC111130762,0.0655214505941945
LOC111113203,-0.155275979635516
LOC111102678,1.41476893779929
LOC111133500,-0.353195025644983
LOC111103641,-0.034415027661024
LOC111103269,0.00805245609713041
LOC111108373,-0.568140906178276
LOC111137061,0.673592851365598
LOC111136015,1.84553907147715
LOC111132779,1.15952302027456
LOC111111188,0.684933352842008
LOC111135900,-0.0901777382820958
LOC111106030,0.279326633611126
LOC111137308,1.29615237018159
LOC111102986,-0.254495503899199
LOC111117765,-0.0720364699269749
LOC111100040,-1.3176051555229
LOC111131445,1.85666613287912
LOC111104213,12.1582046024348
LOC111115472,0.509623670420048
LOC111126384,0.524381773708892
LOC111118069,-0.812890385899247
LOC111115673,-0.477783463354075
LOC111126905,-0.135272631714602
LOC111129030,-0.00491211122109923
LOC111130430,-5.94382747669343
LOC111103614,-0.352252237461399
LOC111113291,-0.546996759386082
LOC111122231,-0.65514547622271
LOC111105622,-0.0344014235788958
LOC111114937,-1.19659162413485
LOC111114564,-0.227785290707953
LOC111131181,-1.07748328430488
LOC111126821,1.91197396855751
LOC111121929,-1.07015545550025
LOC111104955,0.471652145333891
LOC111113348,-1.14782991436855
LOC111126057,0.109323657905679
LOC111136930,-2.77584340347026
LOC111121051,0.314210822784825
LOC111129127,0.541065585320202
LOC111130059,0.542632834098793
LOC111127904,-3.35075388038304
LOC111128812,-0.422665867634543
LOC111128733,0.151402631029393
LOC111112032,0.48873405688514
LOC111109640,0.271758363362987
LOC111105679,0.981888401216368
LOC111110180,-0.485275048689594
LOC111137975,-0.485594711317794
LOC111108814,-0.172219684135148
LOC111133372,-0.557630009045727
LOC111122099,-0.0536982417227738
LOC111124854,0.0622862118065617
LOC111128795,-1.21376641455863
LOC111103926,-0.332361401329574
LOC111118920,0.847414594919379
LOC111118921,0.772035750767775
LOC111118923,-0.414072250778812
LOC111101941,1.68768353974901
LOC111126802,0.165949211069029
LOC111105183,0.996489109387832
LOC111104234,-0.293903300685747
LOC111136394,-0.217512952875878
LOC111109879,-0.489134506052809
LOC111137258,0.528195927954892
LOC111109666,1.46618685838805
LOC111108589,-1.32851956462875
LOC111119086,-0.0715890883226731
LOC111136429,0.368653698986451
LOC111135610,-0.389889388110062
LOC111133669,-0.0171973247741385
LOC111137282,-0.284318323489734
LOC111113342,1.78168810252553
LOC111102891,-0.0876707511400962
LOC111138142,0.799660113296659
LOC111107170,-0.364313425442949
LOC111107171,0.346525564128332
LOC111126733,-0.210103249946069
LOC111112675,1.65099784966155
LOC111109963,0.129987879538025
LOC111122272,0.085872450116628
LOC111120747,0.412700594746097
LOC111129185,0.632051621177875
LOC111122222,1.05924234206687
LOC111112585,0.120459888303372
LOC111111745,0.81731552200742
LOC111123006,-0.495864847350414
LOC111120976,7.2591489600992
LOC111125573,1.84176889458254
LOC111123642,-0.0299747699466044
LOC111138125,-0.402141104695692
LOC111127225,-1.66188692346086
LOC111127481,-0.0922466094073774
LOC111122443,3.01927280205699
LOC111120815,0.698305537954294
LOC111106151,-0.443270948684909
LOC111136785,1.44515021442745
LOC111135655,-0.185023189271531
LOC111106994,0.0627805768565593
LOC111111325,-0.266091807520489
LOC111108339,0.703924433557204
LOC111109713,-0.0550887916048028
LOC111130481,-0.405838405506718
LOC111120807,1.11166520645129
LOC111122677,-0.904925442118153
LOC111127645,0.175225979327735
LOC111111329,-0.731946084416696
LOC111126203,-0.162063367269204
LOC111118582,1.44883174512361
LOC111131563,2.97828986949215
LOC111108771,0.152555699943046
LOC111121148,-0.290111660686286
LOC111134177,-0.766663389905969
LOC111133542,0.112711863480361
LOC111136364,0.429347300446477
LOC111116641,0.358404949036871
LOC111123822,0.46024204619554
LOC111105592,-0.814149257450435
LOC111119143,0.473224783816482
LOC111114812,-0.195875663288765
LOC111117537,0.310495628318747
LOC111111117,0.107421979145256
LOC111125655,0.997470118030851
LOC111106596,0.27608495050397
LOC111114901,1.14306121940958
LOC111137905,0.042715908121834
LOC111125916,-0.35409773918421
LOC111109621,-0.956603293172497
LOC111127971,1.13651032245192
LOC111112414,3.02741165199135
LOC111123426,0.252177642425661
LOC111122318,-0.0678321871407565
LOC111125979,-0.181682587374503
LOC111125076,2.12155055851577
LOC111125062,-1.97272745569236
LOC111102688,0.627531778273447
LOC111136302,-0.712611206583677
LOC111118479,1.35947035106331
LOC111133113,-0.563318874596349
LOC111125333,-0.943170364838819
LOC111132089,0.226417753441705
LOC111127465,-1.52064700164721
LOC111111680,0.172473332619241
LOC111132956,-0.493772245765975
LOC111129466,-1.20712761735759
LOC111121640,0.505981762131489
LOC111137201,0.450593616690088
LOC111129440,-0.504046094924922
LOC111126483,0.376408070216453
LOC111109688,0.523013602959514
LOC111114835,-1.0115944764413
LOC111136609,1.53667498031349
LOC111108646,-0.039729254070684
LOC111117404,0.170900691789461
LOC111135998,0.0363367026635285
LOC111109103,-1.23914881992784
LOC111136813,0.319210601360091
LOC111134270,-0.814865872813389
LOC111138249,1.18144307042409
LOC111129468,-0.654720964928473
LOC111101443,0.230010927700531
LOC111134978,0.406927505233067
LOC111122726,-0.0111923756588112
LOC111135111,-1.15011938246108
LOC111123907,-0.0669731712426143
LOC111133390,0.344940443369686
LOC111101017,-0.205553455192754
LOC111115670,-0.0543231969093873
LOC111112867,0.0939449364229849
LOC111101268,0.628127164733942
LOC111132189,0.244610272838529
LOC111123636,0.159426545503938
LOC111127516,-0.879236280426833
LOC111135916,0.0208657747285616
LOC111121004,-1.50639093590732
LOC111122327,-0.107091730549047
LOC111127042,0.674616059967029
LOC111129413,-1.2987440331981
LOC111124581,0.296104715435304
LOC111128160,-1.10289573915655
LOC111137629,0.533882926328674
LOC111110256,0.250944132330184
LOC111104268,0.0771141904389998
LOC111120596,-0.161813145515853
LOC111110448,-0.838968003012895
LOC111135564,0.289807017255233
LOC111129899,0.0819206543975714
LOC111126302,-0.00907270576743591
LOC111130592,0.0515184373095299
LOC111124799,0.349822562285667
LOC111100825,-0.290623142162689
LOC111099483,5.20915115896382
LOC111121370,1.10580321465634
LOC111130894,-2.71789521865753
LOC111122305,-0.717993570356188
LOC111119513,-0.185627831518113
LOC111113262,-0.303444724177255
LOC111123985,0.51335217276754
LOC111135282,-0.109130051985933
LOC111105687,0.258305290556448
LOC111100382,1.50571647775465
LOC111128598,0.973975054530289
LOC111113100,0.777474658233545
LOC111124036,0.830579571401283
LOC111113388,0.0116842258661957
LOC111113093,0.578112522683272
LOC111133742,0.578617738856279
LOC111125295,-0.105358482372138
LOC111136304,-2.30874796990447
LOC111121080,0.346061691772953
LOC111124632,-0.594918055995189
LOC111112119,3.86607087289255
LOC111118357,-0.389546061815572
LOC111104128,-0.952054816955824
LOC111131691,0.144321967738078
LOC111136545,0.49802423564788
LOC111116268,0.750987953858963
LOC111115368,-0.374825737280386
LOC111114494,-0.034449909555287
LOC111104006,0.60531927647821
LOC111115738,-0.245274650433847
LOC111110984,1.15797873496161
LOC111132349,0.18103022780474
LOC111122889,0.065986452387019
LOC111106617,-0.26823494388645
LOC111120927,0.377620410341812
LOC111113260,0.0286482722237899
LOC111110678,-0.325381416109969
LOC111114713,0.600964138996967
LOC111136615,-0.104114088421118
LOC111135867,0.336740031042595
LOC111123744,1.50459512825014
LOC111115133,0.901016712550533
LOC111122627,-1.18033582204739
LOC111121991,-0.365470008187674
LOC111102114,0.102140552739482
LOC111131442,1.94099421891509
LOC111116043,-0.450781927078406
LOC111124549,2.57530952053699
LOC111128376,-0.695999901805135
LOC111109178,-0.00443196632732102
LOC111108080,-6.25053625138134
LOC111116360,0.100544121883509
LOC111119633,0.0388198192660305
LOC111111824,0.0043735891474356
LOC111131866,-0.629638036514875
LOC111130870,1.71577628672021
LOC111134223,-0.25808738773681
LOC111136408,-0.430089161748923
LOC111111839,0.518521760793504
LOC111124279,0.275355587310851
LOC111121854,-1.912501588858
LOC111128952,-0.861120458646003
LOC111122036,-1.77177941360291
LOC111115452,2.19828836637889
LOC111105945,-0.430702027146098
LOC111114023,0.777186600818059
LOC111134185,0.432702242157562
LOC111119990,-0.482401621938689
LOC111119535,0.00575695066921487
LOC111135149,-1.22028654021176
LOC111133378,-2.90092861231789
LOC111111249,0.354003112046342
LOC111107345,-0.251109406280814
LOC111133637,-0.554567029039798
LOC111123936,-3.99156204270636
LOC111099496,0.204338457241627
LOC111101841,-0.214660274209697
LOC111101388,-0.136810922401443
LOC111100784,0.111303742607044
LOC111100042,0.27317007495694
LOC111107686,-0.324623296162207
LOC111133393,0.43617670786357
LOC111118553,-0.18496783829303
LOC111127364,2.46372183329819
LOC111103364,-0.0761730008240026
LOC111109893,-2.44730940750043
LOC111116216,-0.112222282426471
LOC111121239,0.183679086689868
LOC111127028,0.133203330510245
LOC111125643,-0.225037183569909
LOC111110076,-0.575880850340911
LOC111106695,0.575599999189839
LOC111112068,0.785650814088627
LOC111100857,0.705327626473622
LOC111137802,6.07386579824018
LOC111137300,0.597650789651017
LOC111133853,0.528086013632252
LOC111137585,-1.06265099567206
LOC111131714,0.046550047913358
LOC111131715,-0.319040883202525
LOC111130900,-0.0344795033751592
LOC111130901,0.221509050271937
LOC111119321,-2.33527997021143
LOC111110886,0.258807182439878
LOC111126020,-0.371272490544994
LOC111112440,-0.591952227742389
LOC111129515,0.798166920729768
LOC111136816,0.332654139963919
LOC111138106,-0.17262026909262
LOC111121096,-0.0321290766033604
LOC111130918,0.460926430681508
LOC111116449,4.93035723500685
LOC111122828,0.474530847421758
LOC111133731,-0.256888186853725
LOC111105390,-0.362180508961181
LOC111103436,1.71907533525482
LOC111133969,-1.07598535519571
LOC111112161,0.28341187018284
LOC111103802,-0.0455203554026406
LOC111133554,0.140189378010971
LOC111122049,-0.539198895869718
LOC111123190,1.46875183922106
LOC111100031,-0.687277861387074
LOC111127652,0.938543760999715
LOC111102373,0.678236058888547
LOC111126758,-0.500236131325921
LOC111102248,0.346914742463929
LOC111118262,-0.319987969181334
LOC111117426,0.427018056942299
LOC111135748,0.0263289361641509
LOC111131741,-3.73933223622606
LOC111117304,-0.190199931508981
LOC111123469,-0.380040284288396
LOC111136832,-0.106949016822161
LOC111134613,-0.0046511568330261
LOC111113172,-0.449216387975762
LOC111107675,0.284285007696379
LOC111099136,0.350051448949506
LOC111122042,-0.757945744894831
LOC111124882,0.297317193170493
LOC111102816,0.554377838894824
LOC111101493,-0.331411087283876
LOC111108560,-0.886645863203449
LOC111127590,-0.464211692468999
LOC111115153,0.359048380947732
LOC111116698,-0.838513073808794
LOC111114601,-0.693232683056294
LOC111129169,1.14490255728373
LOC111138511,0.238219612044416
LOC111138499,0.589073138714517
LOC111099112,-1.47467944632561
LOC111134324,1.88545095211589
LOC111134560,-0.451795503212043
LOC111124375,0.0183505846629657
LOC111118717,0.561171451401813
LOC111099904,1.79773976725756
LOC111111514,-0.476701981751402
LOC111106782,1.97031790011269
LOC111120423,0.120780119792847
LOC111108124,-1.4138740186322
LOC111137589,-0.242760688619285
LOC111124052,0.130560223464106
LOC111123306,0.34791262808577
LOC111123536,-0.265248487262599
LOC111105462,-0.638869442517436
LOC111119460,2.40611421054283
LOC111110261,-0.233765328255584
LOC111127564,1.89581181255494
LOC111133988,-0.00592971138592937
LOC111122745,1.88563399946687
LOC111127791,0.222813019920726
LOC111135380,-0.165055124840199
LOC111120624,0.172760310527971
LOC111137903,1.37298527544475
LOC111117065,0.1007846000873
LOC111136674,0.145339956070805
LOC111126473,-1.04699769515554
LOC111111248,-0.876050022389524
LOC111126194,0.746438651554941
LOC111111852,0.232787667990303
LOC111133967,-0.323617562026889
LOC111125940,0.866171576303345
LOC111105773,-0.620846319598994
LOC111118271,0.439453697648857
LOC111106969,2.07707280484968
LOC111106890,-0.428570087035763
LOC111118368,1.08166430081454
LOC111103602,-0.561533375311828
LOC111118583,-0.119440202208897
LOC111103028,-0.0135440054482654
LOC111099835,0.985878363918711
LOC111120606,0.578564971772595
LOC111099713,-0.207974476321254
LOC111106790,0.0767697104533929
LOC111106791,-0.585278927657233
LOC111110750,-0.208235467746243
LOC111120808,-4.04155233188817
LOC111113223,0.382975307413388
LOC111124919,-0.0254680059186133
LOC111110508,-0.922283246433192
LOC111136919,-0.0344180044491461
LOC111119684,0.193944855684399
LOC111112765,0.0205353882427639
LOC111112270,1.10106263599583
LOC111121404,0.0355504662177115
LOC111119884,0.292695086727347
LOC111102824,-0.127693470913612
LOC111113381,-0.922432852949518
LOC111133829,-0.122851463352177
LOC111128092,-0.149284408207398
LOC111122731,-1.29958667998185
LOC111114442,0.106130848273134
LOC111119226,-0.507244428466965
LOC111101751,0.430392854421395
LOC111120491,0.143397407266967
LOC111126391,0.0399434727453833
LOC111130923,-0.0477902056658688
LOC111135782,0.0422894176013264
LOC111111884,-0.170024092380278
LOC111124957,0.265525952457517
LOC111121236,-1.13261679845408
LOC111106376,0.45632107733866
LOC111133154,2.35884732148746
LOC111136085,-0.423800909772826
LOC111134730,0.290233012734912
LOC111125255,4.51903371708179
LOC111130298,1.69706862167842
LOC111127365,-0.401582353971772
LOC111125186,0.0213803922415995
LOC111115917,-0.640508846543146
LOC111129624,-1.42594340822827
LOC111113574,0.433465156680771
LOC111133449,-0.275627574065285
LOC111121262,1.66228071496962
LOC111121644,5.95030844473459
LOC111124762,-0.133106118024168
LOC111101286,-0.182852725701613
LOC111110605,0.0548456427589386
LOC111105643,1.9676766446871
LOC111125717,0.685976529622827
LOC111135931,0.166504285718572
LOC111137106,1.05498081744922
LOC111128106,0.209796707440658
LOC111109440,1.20113536776911
LOC111128723,0.0463116694349172
LOC111137477,-1.09184285756364
LOC111123106,-0.398171095969551
LOC111109546,-1.04909300783466
LOC111125398,-0.998501685202961
LOC111117498,4.38389366240019
LOC111121119,0.401520196082782
LOC111107656,-0.486672803869719
LOC111136610,0.24405698113505
LOC111120049,-1.52697211968351
LOC111099179,2.07375401189813
LOC111133430,-0.661227789737871
LOC111123012,0.670907436844191
LOC111125527,-0.134291358714601
LOC111106050,-0.123106654346482
LOC111105794,4.43541808702341
LOC111128258,0.853809464847615
LOC111135436,-0.412493045142741
LOC111114488,-0.682243923637673
LOC111136412,-0.906702028966954
LOC111109431,0.138066838149366
LOC111134999,-0.0808279743257664
LOC111121020,0.986404845696435
LOC111126428,1.00901015577045
LOC111124538,-0.419771379258893
LOC111127749,-1.12524166024295
LOC111106205,0.395827400512404
LOC111137287,0.276506088249453
LOC111121659,-0.19089554282264
LOC111120891,-2.784983913048
LOC111108015,-0.363646715585276
LOC111120129,-0.986716117590384
LOC111108695,0.378615259676328
LOC111126558,-0.150301838739558
LOC111125485,-1.13626561030113
LOC111118442,0.13201413077324
LOC111133286,0.16222332334297
LOC111117802,0.417330183900423
LOC111129033,1.17588890025576
LOC111129501,2.46121129977533
LOC111134754,-0.090725127414295
LOC111125415,-0.230239812902398
LOC111109389,0.0823049144157757
LOC111109553,1.63057849441226
LOC111109973,0.926748804343639
LOC111118335,-0.0172497587882696
LOC111118128,0.440062621174904
LOC111127151,0.0913632601664918
LOC111132820,-0.403959142120122
LOC111125847,0.746360390988408
LOC111122274,1.60616543285161
LOC111127439,-1.21998811092813
LOC111127262,-0.021725513049976
LOC111110661,0.302934075084764
LOC111111344,-0.0163942308837789
LOC111135747,0.584732207861534
LOC111114623,-1.70372855809119
LOC111135178,0.327400087398664
LOC111106372,0.56818282308416
LOC111101013,-0.338337367814798
LOC111123128,1.06087019803815
LOC111106527,0.225682391091567
LOC111100061,-0.0211933050941928
LOC111123481,0.627176856204839
LOC111111596,-1.39042211289548
LOC111114895,2.59605565354365
LOC111101091,-0.0884245248208061
LOC111102465,0.184649087739484
LOC111119374,-0.464315391494279
LOC111125858,-0.507500360002459
LOC111126694,0.107372218183803
LOC111115943,-0.724925022957481
LOC111122611,-2.47202661954615
LOC111121758,-0.125390385704722
LOC111133722,0.63822731926281
LOC111132875,-2.76196269690243
LOC111130777,-0.128778035006117
LOC111100263,0.324461496692339
LOC111107132,0.0925984036592172
LOC111125727,1.12822955677601
LOC111126411,0.43103889088711
LOC111125588,-0.0376167855912725
LOC111134722,5.60989407729169
LOC111111517,-0.599333798323393
LOC111136945,-0.580750548420694
LOC111128121,0.082874740595499
LOC111135097,1.09184832656798
LOC111112657,-1.3727731026703
LOC111117305,13.6325023607834
LOC111118031,-0.183497796596168
LOC111126511,-0.0502982661113776
LOC111125930,0.134075440108195
LOC111102276,-1.75330572654716
LOC111123283,-0.610202335234651
LOC111128037,0.669599639880738
LOC111134428,0.442590052726786
LOC111132877,-0.149563290571874
LOC111103438,0.140192869728297
LOC111101817,0.908082486980877
LOC111121807,0.30471201419744
LOC111118417,1.5090788208785
LOC111108395,-1.29764333438849
LOC111126034,0.985852815660419
LOC111126443,-0.189172025323261
LOC111137203,0.407989668670732
LOC111121306,0.292807753348714
LOC111129222,0.764511807838831
LOC111130985,-0.242719512009073
LOC111099690,0.437892492395413
LOC111118891,0.671991558557331
LOC111118452,0.300862209187672
LOC111128355,0.200254839843911
LOC111138324,0.141286827972258
LOC111105988,-1.00213706572252
LOC111124467,4.45440300330617
LOC111115042,0.753768247598554
LOC111134971,2.40406855135471
LOC111137175,1.8112251558398
LOC111108600,0.210401652958317
LOC111120906,-1.30443635330219
LOC111111543,-1.77197414066762
LOC111122045,0.0272909318387376
LOC111102277,-0.400888583710685
LOC111107795,3.88759510709325
LOC111133885,2.32316418487128
LOC111121755,1.60978763935026
LOC111117766,-2.70872564471903
LOC111114675,0.358321234511671
LOC111135049,-1.70973085130221
LOC111121775,-0.493608234228463
LOC111101603,-1.92109539368701
LOC111117652,1.48740919477954
LOC111107373,-0.661934199599522
LOC111122979,-0.14829088342137
LOC111113572,0.35218356959641
LOC111128971,11.9915937990882
LOC111108477,0.326968038102307
LOC111104756,-3.60303675037398
LOC111115619,0.0482336060916385
LOC111126968,-0.179621161256442
LOC111125314,-1.12620191887553
LOC111133740,0.140145933290125
LOC111122972,-0.250907597249252
LOC111129405,-3.07958812383797
LOC111132079,-3.1301887975279
LOC111099502,-0.499277325060692
LOC111123305,0.298927172103873
LOC111111059,0.0155353300389389
LOC111135340,0.278447855316968
LOC111130884,1.84921151494677
LOC111136310,-0.0880008105994451
LOC111120241,-0.747442693329151
LOC111137977,-0.0440899555770231
LOC111114747,2.37699958605427
LOC111114534,0.630162871645168
LOC111102509,1.08356281808769
LOC111133993,-0.20059577827465
LOC111116971,3.96573737869682
LOC111106209,0.755352653709493
LOC111108304,-0.294876221502128
LOC111125264,-0.470513679817728
LOC111122216,-0.975659158379081
LOC111100790,2.25538031170486
LOC111136723,-0.355649300609048
LOC111104028,0.410320725350152
LOC111137276,0.288223275161597
LOC111134012,0.170334017322621
LOC111114531,1.0267870734613
LOC111133929,-0.426195273293779
LOC111122616,0.826352934837357
LOC111113057,0.35871781372648
LOC111137104,-0.283652025523309
LOC111131262,-0.407871586340382
LOC111107032,-0.0140812585483243
LOC111124666,3.95936274610953
LOC111135961,-0.913095954127283
LOC111110909,0.681262748870362
LOC111113576,0.20300187020052
LOC111116867,-2.15213741376767
LOC111127953,-0.224862519774277
LOC111114900,0.604345122026538
LOC111119284,-0.132758018517748
LOC111102830,5.892678518082
LOC111101440,-1.21219707626205
LOC111115079,0.05950898128653
LOC111132850,0.888129387832735
LOC111102353,0.145685126460015
LOC111124697,1.81840714845956
LOC111100244,2.43534704918526
LOC111135462,0.820393300642477
LOC111125311,-0.716795368204064
LOC111133781,0.563987782364144
LOC111112358,0.534755187838257
LOC111117328,0.384798042607226
LOC111129118,0.351228744412937
LOC111132220,0.194589122122359
LOC111099262,-1.76856790885706
LOC111137045,2.30619611196108
LOC111104324,0.709452650667517
LOC111132308,0.7048240919576
LOC111103815,-0.0286514728550329
LOC111126467,-0.676078313685934
LOC111126340,-0.32451096059231
LOC111136197,0.377649451717114
LOC111120670,0.747224055648676
LOC111129648,1.96168521815887
LOC111130486,-0.032884125104145
LOC111124708,1.62389980581203
LOC111120285,1.28795500019757
LOC111111465,1.1719794690128
LOC111118338,0.221070362111107
LOC111134142,-0.727141538992265
LOC111118939,2.61284961479162
LOC111102525,0.268625542957169
LOC111112711,0.3879118327412
LOC111126365,-0.183444166523985
LOC111107883,-0.0794099515111085
LOC111106356,0.892439466573243
LOC111121005,0.0295914226396986
LOC111127109,0.53274484546802
LOC111119545,-0.495889793713952
LOC111129467,1.05331307441261
LOC111129157,0.871537329864494
LOC111102717,-0.680030501614401
LOC111126225,-0.445783374587174
LOC111118542,0.345908611897249
LOC111134717,0.681573670678705
LOC111129814,-2.68935751385849
LOC111118231,1.44110200769341
LOC111119709,-0.207767909903008
LOC111134320,0.733732284899456
LOC111126914,-0.124993257915755
LOC111101110,1.07432281886803
LOC111110103,-0.47213202928875
LOC111099953,-0.779092834985029
LOC111103331,1.20026954320221
LOC111136159,-0.215887182141641
LOC111100407,1.3674367125575
LOC111123017,0.370211166327609
LOC111124486,-2.56564173744894
LOC111130349,0.624813801550972
LOC111122645,-0.482876721175353
LOC111100186,0.400955026680492
LOC111134766,-0.442370287850227
LOC111122676,0.549762087064406
LOC111122273,3.40101637313943
LOC111112100,2.80340177038404
LOC111109071,0.772240531032037
LOC111109403,-0.020757140608342
LOC111126757,-0.0542446581782154
LOC111136107,-1.74727503823234
LOC111129978,-0.13881155632302
LOC111132921,-0.575545321126124
LOC111106899,0.696305481374135
LOC111118324,1.5634095655699
LOC111132786,0.131493236988567
LOC111120312,0.716663104378855
LOC111111053,0.215029375190927
LOC111101194,-0.0572030926802447
LOC111133839,0.3110726176391
LOC111126663,-1.02052518837452
LOC111113592,-0.833808313131899
LOC111137930,-0.1199389619459
LOC111122043,-1.13626293113989
LOC111105890,0.763601288761706
LOC111111122,-0.0479496072948621
LOC111099464,-1.97013732244595
LOC111137870,-0.955145819933774
LOC111099739,0.214374007316151
LOC111122068,1.78756944992616
LOC111120818,-0.199172095458938
LOC111103832,1.15624956352237
LOC111116201,-0.638441316980392
LOC111134759,-0.570704316858964
LOC111106631,0.0706231510820256
LOC111136091,-0.258168003690677
LOC111130278,0.570466469887279
LOC111112799,-0.00817607948670113
LOC111125932,0.90988601503067
LOC111136573,-0.122101841320472
LOC111137047,2.21725362594928
LOC111124122,-3.372304397592
LOC111119156,-2.15248274345977
LOC111120090,-0.11129830772945
LOC111130545,-0.697600665307493
LOC111116992,0.424631490375914
LOC111129704,0.274951791707879
LOC111124783,0.330311432783937
LOC111133231,0.149806871801307
LOC111122674,0.234778240178754
LOC111107049,-0.514350203912752
LOC111132470,0.00145671655054118
LOC111121144,0.18809548764907
LOC111124401,-0.084719300437857
LOC111130187,-1.48052249876179
LOC111110804,0.0939534816260179
LOC111118408,0.156431472375536
LOC111118858,-0.389520117522591
LOC111137060,2.39952330286341
LOC111100212,0.18613391603119
LOC111136651,-3.35017005072526
LOC111115051,0.187014171969505
LOC111115637,0.722490046062532
LOC111101526,0.847264176361149
LOC111119338,1.84965183066704
LOC111136683,-0.093039638697956
LOC111099090,-0.720136158841161
LOC111137558,3.2511592012713
LOC111135578,0.272589974280702
LOC111101678,0.963730627457356
LOC111131012,0.13322155368548
LOC111103156,-0.406928680791299
LOC111108754,-0.254694893342833
LOC111125733,-0.237689419557005
LOC111136943,0.438031765071804
LOC111120510,1.99452411981141
LOC111126335,1.86047030621131
LOC111118071,-0.225971468952342
LOC111112269,0.305522705312976
LOC111107909,-0.0344004810679603
LOC111129419,-0.780024343189332
LOC111108074,-0.438146477238972
LOC111135897,0.100436152104748
LOC111123775,-1.12896682967973
LOC111111276,-0.909912896323691
LOC111129386,-0.81215292991744
LOC111100332,1.41118295410686
LOC111125014,2.20821995390454
LOC111100619,-0.144717066077559
LOC111106011,2.37989458409652
LOC111125577,-0.669844937074044
LOC111132040,-0.461144651760545
LOC111130867,-0.988170694251641
LOC111133422,0.935720828406474
LOC111135001,-0.267314488393736
LOC111100991,0.808019339945227
LOC111130185,-2.17591121010526
LOC111104545,0.306700579850013
LOC111124502,0.654864108365485
LOC111113334,0.587468012103259
LOC111123972,0.960614484837176
LOC111100467,0.341617480563053
LOC111138458,-2.24408330769115
LOC111134225,-0.452820419208872
LOC111104056,0.149457978913653
LOC111135316,0.636838199747657
LOC111131235,2.07795090743415
LOC111128142,-1.12551763968515
LOC111109447,-0.20455887625542
LOC111118205,0.10599165252151
LOC111107831,0.332877093939702
LOC111106982,-0.936763948622692
LOC111122107,0.0486885449877893
LOC111107934,0.153406980348057
LOC111116716,0.684678048528645
LOC111114521,-0.023887475912591
LOC111124727,-0.467823667518434
LOC111100179,0.199029729147264
LOC111117071,0.0960750069397179
LOC111126871,0.0517882070593877
LOC111106898,0.267749275588495
LOC111108726,2.84849520083705
LOC111129813,-0.829433214329114
LOC111137627,-0.0107116204238506
LOC111127871,-0.0492490750238753
LOC111102802,0.157940542185292
LOC111123885,0.155531321094482
LOC111137625,-13.8627231196665
LOC111130029,0.466572107371954
LOC111118053,-0.0916072773292639
LOC111107085,-0.707165936330624
LOC111134979,0.709519071894669
LOC111115576,0.0650546311230883
LOC111126563,-0.142645824606856
LOC111125765,0.666244857358672
LOC111100036,-2.21610256442441
LOC111125844,1.25054061160245
LOC111135478,-0.0559652173980059
LOC111099582,-0.125674982103374
LOC111110538,0.0558011861527349
LOC111136469,0.230293361169007
LOC111115405,0.613870735637432
LOC111106539,0.403478326749381
LOC111118581,-0.301001210387404
LOC111117550,0.299273025618554
LOC111103356,-0.0880673663277971
LOC111123028,0.524223109799837
LOC111135032,0.270854773629527
LOC111101769,-0.32946766267834
LOC111134736,-0.110525434897584
LOC111103515,2.22626605244892
LOC111117303,0.916700456434963
LOC111137314,0.763713789913374
LOC111119102,-0.148582586725513
LOC111109558,-0.876713753304516
LOC111118806,0.194052302401735
LOC111102671,-1.19003878401521
LOC111135611,0.258670546198105
LOC111137734,0.382532140280586
LOC111126622,0.499637545815821
LOC111118255,-0.767933973677862
LOC111131060,-0.827555515975644
LOC111123918,0.200699905169677
LOC111128203,1.63884202390102
LOC111122061,0.018417113652869
LOC111115458,0.137846921414568
LOC111117454,-0.543934382919788
LOC111100430,1.32037689673591
LOC111118227,0.642806252863301
LOC111118446,1.94204450097807
LOC111104252,0.981620999618136
LOC111104786,-0.0742669258912324
LOC111128228,-0.381315831010606
LOC111129507,0.470339419869276
LOC111135712,-0.0198076193915519
LOC111107552,-0.851574978399885
LOC111126368,0.421492262531171
LOC111136156,0.284387481460137
LOC111099073,0.322605305351735
LOC111101632,0.098963049952253
LOC111113783,0.637001282480246
LOC111106786,-0.010273567315258
LOC111127131,-0.168216952781935
LOC111121284,-0.256271837588964
LOC111136985,0.0718716971110052
LOC111136986,-1.15682342434876
LOC111105831,-0.529633751011308
LOC111109675,0.0227091944579223
LOC111133616,-0.643644945204946
LOC111125227,-1.744264816433
LOC111115296,0.0686611700833348
LOC111133509,-0.248428929976209
LOC111129131,-2.48420284732256
LOC111104059,-1.15868930455123
LOC111099796,0.266902271206643
LOC111124016,4.97935744174552
LOC111128168,4.53109748224138
LOC111134247,-0.644588532175367
LOC111120660,-2.20999661083484
LOC111115061,-1.09981910491165
LOC111129194,0.526642499919382
LOC111111919,0.070183164437273
LOC111120866,2.90614259153495
LOC111121875,0.170765617768419
LOC111130079,-0.238777156852032
LOC111137921,-1.12698683633531
LOC111129285,-0.165570442067914
LOC111131538,-8.6906087464144
LOC111121344,-0.415556774692101
LOC111101630,-3.67564466233029
LOC111125787,-0.372669736340262
LOC111115733,0.42107909242932
LOC111126834,-0.575993352232541
LOC111113403,0.322570401195637
LOC111129666,0.165811212750616
LOC111113524,3.25946153712033
LOC111117953,-0.367967996547208
LOC111123368,-0.935464506717127
LOC111131107,-0.465606047487044
LOC111129882,1.02031187891853
LOC111099053,1.08070534112217
LOC111135230,-0.332848256849947
LOC111108295,0.334034166473505
LOC111111192,-0.113594374981556
LOC111138326,0.404906979828816
LOC111099135,0.190082186874927
LOC111104279,0.0457850292683862
LOC111116731,-0.187137844089011
LOC111110081,-1.1293159995331
LOC111112106,2.24356099786261
LOC111112604,1.28632156850547
LOC111119669,-0.0935762783762766
LOC111122724,-0.689494471291175
LOC111103177,-0.391809508992161
LOC111111854,0.370376456254619
LOC111133289,0.418912046239264
LOC111121380,-2.73402139979176
LOC111133652,0.840972219165021
LOC111132873,0.44213159725668
LOC111117505,-2.85328231959319
LOC111115750,-0.42450103998815
LOC111134872,-0.0475555878207722
LOC111120378,-0.0344242015226416
LOC111111799,-2.64470817219908
LOC111120069,0.771194845965131
LOC111107508,0.901370818484989
LOC111128859,-3.72615707631146
LOC111118101,-0.711330595783896
LOC111119118,-1.06159718511298
LOC111113301,0.521231174720695
LOC111112588,0.664207428310256
LOC111138063,-0.482890357621147
LOC111129973,-0.12936736595539
LOC111126369,0.325924914533094
LOC111111037,-0.518918691743797
LOC111136057,-0.451981647248913
LOC111133428,0.193884289953285
LOC111126143,0.157776474719322
LOC111103200,-0.268303824808163
LOC111127731,0.673103271937897
LOC111124728,0.714410246459205
LOC111123933,0.859555983472014
LOC111120575,-3.85564197188227
LOC111117432,1.62911968533111
LOC111138489,-1.22331915368264
LOC111107997,-1.26401517693717
LOC111105512,0.470953062478552
LOC111136886,-0.650342584292334
LOC111112885,0.0486519308319543
LOC111134340,1.40599310600611
LOC111127025,-3.15535048438038
LOC111116637,0.375996339775352
LOC111135180,0.539927388941395
LOC111125517,-1.06315029898607
LOC111137683,-1.0759091336294
LOC111112476,1.52463005964871
LOC111126478,1.30005648878332
LOC111106288,0.0545777192702755
LOC111136360,0.746286527989935
LOC111138274,0.31061364681079
LOC111119600,-0.445754690276802
LOC111115616,-0.309143102690052
Trnaa-ugc,-2.23717469614281
LOC111111314,-1.05529081338989
LOC111132216,-0.000946709342987476
LOC111128338,1.95247722847665
LOC111131497,0.178974622159041
LOC111134836,0.0699013111253991
LOC111109740,0.62230099451616
LOC111103659,0.184342942400309
LOC111099061,0.162545695955915
LOC111127541,0.710156356378203
LOC111118511,-1.2791637387092
LOC111108997,0.448240168139508
LOC111130470,0.820481509283382
LOC111124427,0.00739713575114433
LOC111131854,-0.515282358444441
LOC111115327,1.20236578692585
LOC111120139,0.00976253482688624
LOC111111284,0.868625965594841
LOC111138238,-0.713158848397146
LOC111122539,-0.934889853632893
LOC111107893,-0.820606718135644
LOC111104798,1.06500611457318
LOC111117664,1.0663243444077
LOC111101473,-0.0343928741298613
LOC111108133,-0.208917457308974
LOC111125123,-2.33665331112494
LOC111119842,0.109494343979445
LOC111113027,1.1449738573873
LOC111106299,2.86864818376976
LOC111133364,0.234466165909625
LOC111114897,0.784860534292515
LOC111133179,0.0279146914327944
LOC111105760,0.41274260765465
LOC111136815,0.395039067480953
LOC111127800,-0.0503950622700115
LOC111134707,-0.0148395452565936
LOC111130699,0.744239837549405
LOC111135828,0.458176897354517
LOC111126512,-0.702917223933854
LOC111103190,-0.290093579662745
LOC111136695,-0.949498361811653
LOC111134587,-0.010959339279169
LOC111130817,0.0828029993240344
LOC111114921,0.762011873859474
LOC111106800,-0.568442440311592
LOC111112748,0.0697616566391848
LOC111107709,0.198498865420048
LOC111133408,-1.09935730152258
LOC111114243,0.0297952595754345
LOC111122604,-0.0958404274999197
LOC111112972,0.313460470416589
LOC111136842,0.593037195701509
LOC111126068,0.922155943397497
LOC111114850,-0.481028982869352
LOC111138328,0.742472696567329
LOC111101870,0.0954300213532593
LOC111117833,-0.0158879792869308
LOC111134139,-2.4038679378685
LOC111131360,-0.376679044868507
LOC111109932,-0.334266396639626
LOC111115985,-1.63903081648221
LOC111113579,-0.74087178190967
LOC111127005,-1.36630609382051
LOC111104989,0.0425822559307029
LOC111100327,-0.0103036464731822
LOC111120525,0.0852942529270643
LOC111136291,-0.0583215871947235
LOC111122601,-0.37937829939796
LOC111119695,1.37495412912114
LOC111115725,0.231820379498254
LOC111138455,-0.0598339091207548
LOC111099642,0.0238783784074109
LOC111101924,0.241271735977733
LOC111137174,-2.73634408131197
LOC111120974,0.351237655936895
LOC111125991,-1.21286973132068
LOC111137520,0.131407606012454
LOC111100743,0.844534285434286
LOC111128149,0.666068339492038
LOC111110341,1.17180251567317
LOC111108766,0.527659210893463
LOC111111183,-2.94325765106151
LOC111120738,1.0258133131036
LOC111119617,-0.508232551123606
LOC111133492,29.4856468113471
LOC111103287,2.0694330686217
LOC111134699,0.230094127721902
LOC111124588,0.26256976169853
LOC111134198,-0.678685783743294
LOC111119805,0.308575922444721
LOC111106801,-0.0447242342173452
LOC111112774,-0.0344036958968585
LOC111102818,-0.11742557852167
LOC111116725,0.419124094210345
LOC111107815,-0.493489413684256
LOC111126729,0.00401341525413078
LOC111121025,-0.0739274401367027
LOC111126605,0.308539404811955
LOC111116381,0.371115294907498
LOC111128540,-0.170040990549502
LOC111124506,0.985426934227473
LOC111105758,-2.24707517552123
LOC111131678,0.203826759028813
LOC111100254,-0.324432578553455
LOC111122805,-0.0785806283044404
LOC111125707,0.367007991611309
LOC111138426,2.42859399560677
LOC111119592,-1.02226070480575
LOC111102634,0.506356645863515
LOC111136628,-2.64111658242628
LOC111104224,-0.435546135708763
LOC111111592,-0.0433188225804075
LOC111122919,-1.06768971856952
LOC111128982,-0.874168076330432
LOC111123910,-0.548634038789834
LOC111126376,-1.67129561871134
LOC111126620,-0.381620766789311
LOC111100143,-0.568994856684674
LOC111106235,-0.344458456031762
LOC111129216,0.893640842262646
LOC111135158,0.275904669390883
LOC111125010,-0.265272170930601
LOC111124927,1.08196913502352
LOC111105161,0.737728488784881
LOC111118790,-0.0863348598224949
LOC111106469,-0.175660898437322
LOC111117064,-0.981769341778814
LOC111108946,-0.576391182900166
LOC111123971,-5.27916857870068
LOC111119434,-1.81424067351921
LOC111100354,35.3085256182492
LOC111104516,-0.881040600797752
LOC111124695,-0.0281244214284988
LOC111134473,-0.563644456859646
LOC111129568,-0.491125965364645
LOC111102960,-0.382239077673589
LOC111103528,0.677755047050458
LOC111106459,0.26781632927089
LOC111106696,0.76692168037624
LOC111112622,-0.624250743591253
LOC111101724,0.891817075518592
LOC111128369,-1.8798645919942
LOC111133274,-0.277444121761956
LOC111133443,0.470995763967635
LOC111135036,-0.539166385704189
LOC111133886,1.42570169151051
LOC111108070,0.140216261694424
LOC111122148,-0.322636014942915
LOC111133104,-0.0625036882017765
LOC111117297,0.480473073939189
LOC111117138,-1.02305062988023
LOC111104792,-0.470460532500496
LOC111120502,-0.0562863870830878
LOC111119794,0.395623671113864
LOC111102798,-1.1306748713294
LOC111122109,-0.108531487759822
LOC111134097,-0.413295301612606
LOC111133046,0.171066381160232
LOC111121376,0.245253932812139
LOC111117904,-5.40334947462874
LOC111115563,-0.846237220921064
LOC111110586,0.510586317181814
LOC111103163,0.430871738072411
LOC111127475,-1.30466368888486
LOC111101800,-0.0352883541757533
LOC111108559,-2.86209941436205
LOC111105680,0.684944115880508
LOC111113121,-0.0588255758828621
LOC111108664,-1.8270298822541
LOC111111368,0.244609702994251
LOC111100742,-0.100611776286254
LOC111123380,0.00383776294849783
LOC111103376,0.412722323280879
LOC111117959,-1.58747048202461
LOC111124450,0.659458403976331
LOC111117963,1.1666048449984
LOC111124021,-0.841006844694703
LOC111133389,0.308318237480623
LOC111107070,-1.26034820108303
LOC111130794,-0.523915685467076
LOC111132691,-0.130935323026543
LOC111137198,-0.0928161576313068
LOC111129776,-1.04068893322531
LOC111120854,-0.0344279303541735
LOC111126863,0.701042382333427
LOC111113546,-0.0759098331892556
LOC111112990,0.132463114045206
LOC111125302,1.26395129425079
LOC111134706,-0.478632418809787
LOC111130658,-0.486892344065708
LOC111104045,-0.123565513332384
LOC111117696,0.109541315308645
LOC111111269,0.426027299466698
LOC111116459,-1.14124939924271
LOC111101818,1.90428483004617
LOC111126141,2.41427563185941
LOC111135826,-0.415125953882945
LOC111129453,0.277719085357853
LOC111114882,-1.70316788693853
LOC111118398,-0.227342443369989
LOC111116813,0.0498069044264132
LOC111132859,0.0594789596671979
LOC111112943,0.808400754455581
LOC111134076,-0.794790268498525
LOC111110751,-0.577801087031598
LOC111138048,-0.406610393047656
LOC111115758,0.591531917386753
LOC111100515,-0.0975447976678486
LOC111109438,0.382416819880492
LOC111127147,-0.178257297300529
LOC111110214,-0.40273734975483
LOC111135736,4.13924367760627
LOC111125228,-0.384851996736481
LOC111130000,0.879641685324828
LOC111111812,-0.906960692125243
LOC111112791,-0.282149836451364
LOC111128195,0.0851764533540518
LOC111135401,0.690686975367683
LOC111127429,0.00157390862041399
LOC111100579,0.905197433353094
LOC111123095,1.24035639800661
LOC111106422,0.613597729111695
LOC111133900,-0.226238104138919
LOC111108745,0.0069475500198103
LOC111099916,1.44905376889269
LOC111117421,-2.02547988289121
LOC111129294,1.28690209523964
LOC111116677,1.00699995824676
LOC111120091,0.519539669986643
LOC111134058,0.626762662127338
LOC111128994,-0.0037145815071285
LOC111103268,-0.896036634490672
LOC111125007,0.211484288713309
LOC111106559,-0.243948028029944
LOC111128593,-0.179928526115449
LOC111112637,-0.306857361194041
LOC111104696,-3.25035965188286
LOC111100208,-0.310746549887152
LOC111112733,0.603522762930471
LOC111106207,-0.184628551870991
LOC111124314,-0.034737219963443
LOC111137925,-2.68952468148674
LOC111100424,0.0353711085481534
LOC111134660,0.649495652669957
LOC111134941,0.278312762075611
LOC111121540,0.627940920425678
LOC111136217,0.04477415357841
LOC111102584,0.483085208099343
LOC111105240,-0.290686576215923
LOC111129490,1.56782806585362
LOC111123514,-0.00312934830060702
LOC111134518,0.195167257097648
LOC111103884,0.46158772201459
LOC111107938,-0.0228165997898272
LOC111122011,1.42181473063862
LOC111129200,0.52511309383154
LOC111111019,-0.101006593648703
LOC111135753,-0.308579669836983
LOC111138043,-0.716308230475477
LOC111127779,-0.0747805857460885
LOC111110445,0.501160486629393
LOC111117740,0.275210406471093
LOC111110355,0.412880121525459
LOC111127065,-0.514438525513967
LOC111111553,-0.814035487897863
LOC111103305,-0.247263416359966
LOC111130352,-2.5626536778466
LOC111101188,0.910898774088375
LOC111128267,-2.29657723677708
LOC111104677,-0.989802855577301
LOC111128222,0.0387537340579317
LOC111124519,-0.199312027646196
LOC111136073,0.668159713287291
LOC111129947,1.62291352025745
LOC111110199,1.62105425483388
LOC111131597,-0.346683345608517
LOC111123329,0.879891903443892
LOC111121168,-3.23649591090446
LOC111135161,-1.70856114858215
LOC111102258,0.130365103875623
LOC111112548,1.12462084373082
LOC111102493,-0.0237021010668624
LOC111113768,0.524260828826782
LOC111134257,-0.0534922701337182
LOC111119287,-0.287785086856363
LOC111130476,1.20404686594663
LOC111100798,-1.23427998651286
LOC111136019,0.622847335568254
LOC111128535,-1.04558817383222
LOC111124804,1.10612663917281
LOC111122928,0.451260952605657
LOC111121332,-1.29638884023079
LOC111114415,-0.503417602066858
LOC111101000,1.98494998885112
LOC111131207,0.812278049946876
LOC111123348,0.896614060835619
LOC111122018,-0.0250438935950022
LOC111121013,0.121427024534612
LOC111120401,-0.432649791554894
LOC111104495,4.06400972420995
LOC111118892,-0.100652690951894
LOC111110541,-1.44196965944594
LOC111114060,-1.52430865927723
LOC111114933,0.137308995228895
LOC111110421,-0.291363118100917
LOC111122768,0.342640026500833
LOC111124058,-2.00540122357638
LOC111135967,3.92217426111704
LOC111137008,-1.17686386444843
LOC111138227,0.826785877937177
LOC111131152,0.286446491012272
LOC111129359,-0.884843789455058
LOC111115520,0.0161415057145563
LOC111118936,-0.396241571527615
LOC111110687,2.64076915386484
LOC111110980,0.541434968317486
LOC111100885,-0.163934819653843
LOC111102147,-0.551986918981807
LOC111134232,-0.52674724129813
LOC111101553,0.140216123429691
LOC111107134,-1.2271925130736
LOC111113321,-0.155659635361704
LOC111136449,-0.493899209789974
LOC111133219,0.845149476598734
LOC111124996,-0.073375505135886
LOC111117024,2.22484354633646
LOC111119408,-0.043902812819225
LOC111100883,1.55198768631134
LOC111118186,0.32862489351404
LOC111134314,-0.0766224049550449
LOC111136026,1.48473362592556
LOC111126454,0.249209395941372
LOC111130074,0.644834170116502
LOC111130164,-0.0486866354069006
LOC111126416,-0.40195234217821
LOC111128056,-0.858623456512017
LOC111105018,-0.194308976008212
LOC111105743,-0.336466871740078
LOC111115303,-0.151335674180333
LOC111105293,1.06847057599608
LOC111112792,-0.804045722106806
LOC111126714,-1.48048628733084
LOC111105860,0.566314469095751
LOC111103990,0.0401887436221952
LOC111134189,0.465335569075943
LOC111105832,-4.35878866181533
LOC111133506,-0.326855197794197
LOC111106561,-0.374784216313548
LOC111136793,0.811837104448675
LOC111138163,-0.336409331270079
LOC111100043,0.333465498477886
LOC111114540,1.10849561151274
LOC111121165,-0.155217043024784
LOC111132571,0.663125922843478
LOC111133850,0.272897567929457
LOC111125879,1.2364379192285
LOC111102608,-0.347813245444719
LOC111120573,-1.9345408006834
LOC111123152,0.0497982939290543
LOC111123767,-1.03357417986786
LOC111119690,-0.497818128289968
LOC111132600,0.216035073200209
LOC111102734,-0.178023741830203
LOC111132029,0.260156971979267
LOC111133711,-0.641957853246869
LOC111134640,-1.37068747304482
LOC111107756,-0.360821017051055
LOC111114994,-0.252298428944235
LOC111133555,0.370715405252292
LOC111121058,0.289210774614191
LOC111127658,-0.626590100376209
LOC111109781,-0.545130569675664
LOC111099911,0.649965594993817
LOC111111380,0.387366709042651
LOC111129331,0.300552728231409
LOC111112645,1.97022716564
LOC111110487,1.47091183256901
LOC111110676,0.0780579391174288
LOC111117917,-0.467827947327055
LOC111106226,0.000914361618190819
LOC111102363,0.735049141417253
LOC111126814,-0.772411758434294
LOC111104272,0.0949334404921972
LOC111124878,-0.326087475679922
LOC111106863,0.406011681271422
LOC111134431,0.362495945109698
LOC111130504,-1.85305978636132
LOC111112108,0.26982288842299
LOC111105458,-0.796834116159174
LOC111100780,-0.0344198951869949
LOC111127723,-2.57419210795788
LOC111138357,-0.436107363673728
LOC111115753,1.42306425700347
LOC111115569,0.274056146618305
LOC111109437,-0.275549954729785
LOC111128734,-0.280345820471399
LOC111099756,0.165896060284852
LOC111124544,-3.57189271401474
LOC111128721,-0.514763474126096
LOC111119733,-0.52671741494529
LOC111109668,0.272125047409471
LOC111126614,-0.43197604992421
LOC111117237,0.239800694162001
LOC111109841,0.399459464293259
LOC111130675,-0.301131939743849
LOC111131799,0.0492382877846072
LOC111124605,0.129225104511754
LOC111114225,3.45746126360424
LOC111122502,0.445493911267188
LOC111099795,0.978489133484869
LOC111109690,2.16984648206677
LOC111135024,-0.718994253637689
LOC111113887,1.09181125321739
LOC111136466,0.622401289859306
LOC111113195,0.560334215352666
LOC111130021,1.09303186669071
LOC111135556,0.738583458503771
LOC111122390,0.0573388638530138
LOC111123957,-0.853739609183142
LOC111134965,-0.442541709229649
LOC111128815,-0.128108224925561
LOC111118537,-0.332457455113189
LOC111109705,1.02538147628736
LOC111101160,0.64775898491008
LOC111121385,0.823546352677969
LOC111124111,0.035646654229915
LOC111121546,0.987901028630417
LOC111112809,0.130819260418928
LOC111111857,0.242963694359251
LOC111125773,3.42632255640728
LOC111134794,3.81314154060426
LOC111133078,-0.332312480787139
LOC111108128,2.3535364503976
LOC111122988,-2.52013267026881
LOC111102965,-0.342391727028167
LOC111102061,-0.00119044659801483
LOC111133242,0.0602372656265272
LOC111136055,0.479041028674003
LOC111112064,-7.17976913499013
LOC111137640,0.90493325438449
LOC111110846,-0.170048772329867
LOC111109950,0.530509250863548
LOC111123407,-0.879019427318291
LOC111116713,-0.350425634792787
LOC111138290,0.269015702263018
LOC111137761,-0.649957242216807
LOC111122661,-0.616628146816105
LOC111133127,-0.433726232132402
LOC111110554,0.136109765280722
LOC111132395,-0.766614052655491
LOC111122023,-0.072765299166799
LOC111099059,1.7563330556909
LOC111121381,0.131955762642042
LOC111134305,-1.82540066813366
LOC111130731,0.136745099854781
LOC111120158,0.682244600138947
LOC111131321,-1.60940750126136
LOC111100275,-0.104411412364041
LOC111127211,-0.0344161186549636
LOC111131651,-4.38129568451623
LOC111130333,-0.481229070802381
LOC111126678,1.14298089948967
LOC111125681,0.319646992544023
LOC111121106,1.19661337764158
LOC111100309,0.0605902435304662
LOC111118356,0.588364572193428
LOC111123289,-0.129078392298115
LOC111135683,0.105031159146919
LOC111130598,1.51295225621128
LOC111110339,0.135954386787031
LOC111127370,0.951879991691675
LOC111136629,0.278089130818774
LOC111125823,-0.0504808330901161
LOC111138272,1.42105069627481
LOC111109623,3.38349544663511
LOC111103013,1.56345101771417
LOC111100030,1.28700602119552
LOC111127350,0.548548177541537
LOC111103912,-1.18423346948595
LOC111127170,2.14488768347506
LOC111118935,2.02560042061379
LOC111100859,0.605334766370915
LOC111108218,-0.535638758015422
LOC111127080,-0.996856141756311
LOC111134750,0.78366672133202
LOC111127565,-1.24551466857345
LOC111101555,-0.0343420549809889
LOC111127670,-1.22944285479234
LOC111138500,1.83218971884498
LOC111134275,2.31754995929531
LOC111121764,-0.410044100231068
LOC111124354,-0.529148525963708
LOC111137714,-0.251066428660081
LOC111122678,-0.243926757678693
LOC111134196,-0.453866550540962
LOC111120667,0.25332641351827
LOC111130415,0.22495367703921
LOC111134608,0.15095065646805
LOC111130138,0.054037459067338
LOC111101502,0.0670571221128371
LOC111132609,-1.86289147614121
LOC111107113,1.36469512053063
LOC111118104,-1.0840925551866
LOC111135021,-0.153148873640203
LOC111131705,-0.252218505849143
LOC111109945,0.466158448631574
LOC111106762,0.639877070917318
LOC111137846,0.341061795485081
LOC111109808,1.61797737954444
LOC111126350,-2.68744140884901
LOC111102785,-0.126007004509691
LOC111104581,1.52104727446705
LOC111129374,1.57224799803053
LOC111122108,0.0346600909437966
LOC111130542,-1.16420344841205
LOC111109918,17.2253978619643
LOC111126003,-0.0457643086088708
LOC111100657,0.151242473853562
LOC111123748,-0.90002151123449
LOC111112012,-0.133218783959094
LOC111111497,-0.0147938641208131
LOC111113276,-2.00017463060137
LOC111112058,2.38495818766815
LOC111123652,-2.34801910181904
LOC111115356,0.00745085023025282
LOC111104271,0.0332923168922888
LOC111131112,0.299200977044478
LOC111127462,1.06649078715971
LOC111133158,-0.69704016288981
LOC111131624,-0.0361562180139642
LOC111101111,0.958450978995397
LOC111135006,3.32645316346361
LOC111102651,0.230051181101701
LOC111112703,1.37197414548176
LOC111105278,-0.823245381416475
LOC111123696,0.147901209755107
LOC111103610,-0.760483092009739
LOC111108090,-0.40104715359588
LOC111132549,0.565000418523432
LOC111122640,-0.294403304891483
LOC111109545,0.82937512134944
LOC111129295,-0.772230460884361
LOC111129356,0.537490667284842
LOC111126888,0.0187412010316586
LOC111107136,0.800998525507579
LOC111122285,0.14019367054623
LOC111119131,-0.0792391466601172
LOC111108618,-0.446895059604688
LOC111131831,0.421658369919981
LOC111115146,-1.60973904869539
LOC111127947,0.288990652599649
LOC111121435,0.970964027069285
LOC111136750,0.256852435451894
LOC111127582,-0.332591319770795
LOC111137815,-0.847845386189326
LOC111108682,1.20496609735329
LOC111125883,-0.409199813457915
LOC111115875,0.0309375260706375
LOC111132784,0.339944760212105
LOC111130810,0.00135459247762483
LOC111131405,0.198431627132231
LOC111121485,-0.887680931294395
LOC111101540,0.91188019752027
LOC111131361,0.0615347526260618
LOC111114750,7.40216955757177
LOC111128776,0.626907518325251
LOC111125101,1.43752658473391
LOC111128332,-0.905545313652123
LOC111100983,-0.655904531628763
LOC111117381,0.0390031535527576
LOC111110235,2.28109783154045
LOC111112846,3.38585429732276
LOC111115792,-0.834745240832245
LOC111120432,-0.182819638919708
LOC111133310,-0.0477664955975101
LOC111125382,-1.12029060687425
LOC111110223,0.664205266631029
LOC111120479,-0.622918621825406
LOC111102964,-0.398430339421781
LOC111102505,-0.821727934034172
LOC111103090,-0.248809646076788
LOC111137670,0.345458579809465
LOC111109676,-0.724423925542565
LOC111100570,-2.29540493512753
LOC111128401,0.482678673908695
LOC111102585,1.82294064207191
LOC111127342,-0.0344168503075965
LOC111135548,0.701608064553415
LOC111130004,-2.25946010011912
LOC111104448,-0.0677445755975848
LOC111113430,2.52777592907465
LOC111114426,0.909754998517114
LOC111126394,-2.10853393133604
LOC111119413,-0.278022941463302
LOC111126559,-0.275376158841592
LOC111130027,0.361907401350839
LOC111119014,-0.811682098079417
LOC111112503,-1.14705078047319
LOC111106607,0.321718244002562
LOC111102747,0.13029968457637
LOC111118490,0.952530188229576
LOC111115403,-1.37258901845914
LOC111117982,0.544491413828103
LOC111102386,0.4643498191885
LOC111135890,2.52976146849499
LOC111110800,3.15629834474741
LOC111111802,-0.221006568631585
LOC111119893,0.146550595170265
LOC111134579,1.18236960412892
LOC111130083,-1.27715743947552
LOC111135127,0.144386976395929
LOC111124239,1.20066072178233
LOC111105231,-4.26030864276821
LOC111111185,-0.189217590092005
LOC111117463,1.86830252079035
LOC111129165,2.04327783935658
LOC111124838,-2.38705285183341
LOC111102924,0.188245636827332
LOC111102607,0.338541408708016
LOC111099595,0.985318176411711
LOC111127581,-0.387280666432703
LOC111134032,0.33002534403239
LOC111134664,-1.42938501741977
LOC111102464,1.25401845978058
LOC111137250,-0.210860733319108
LOC111119405,-0.146164627842423
LOC111113263,1.33576880139377
LOC111135130,0.17839761743162
LOC111137259,-0.121719884919847
LOC111130373,-0.0178743452383176
LOC111118023,-0.274691789879863
LOC111106669,-0.174467152641342
LOC111131384,0.452287032679242
LOC111131373,-0.272447609172377
LOC111104155,2.40446111927887
LOC111115157,-0.256977235945195
LOC111119917,-0.274234157330911
LOC111137835,-1.76939256240566
LOC111107940,-0.856888597016813
LOC111124694,-2.95709465747363
LOC111100032,0.474594247306048
LOC111125449,0.0292029281060487
LOC111134927,0.904694524525005
LOC111108760,0.236792203655828
LOC111117477,0.737429634336063
LOC111119004,-0.840689934793194
LOC111137125,-12.3747804457285
LOC111109407,0.193439609276797
LOC111121118,-0.0461391564272457
LOC111107773,0.174141081186809
LOC111129889,-0.853941370638971
LOC111126651,3.63954776226218
LOC111112076,-1.0606681065735
LOC111115093,1.02731843556775
LOC111107353,-0.0806732179559615
LOC111121329,1.08440802771462
LOC111126790,4.16324255933648
LOC111106641,-0.216689845897346
LOC111128810,-0.931222142442075
LOC111130591,-0.0919097333838537
LOC111129156,-0.0493860650219854
LOC111103997,-0.359129732563059
LOC111131839,1.48626641576635
LOC111133486,-0.516826037916302
LOC111110403,-0.286690154689131
LOC111114769,-1.04035482376886
LOC111119498,-1.44668021886768
LOC111107163,-0.0459578152107637
LOC111107347,0.51130243295726
LOC111137029,-1.78254386793705
LOC111136292,0.737378853374503
LOC111132203,0.302583631010246
LOC111110152,-0.466130822462637
LOC111110941,3.65490184982708
LOC111114500,0.458397898926236
LOC111130118,0.858024061547994
LOC111135304,0.768855901767498
LOC111105575,-0.0138081886389746
LOC111126092,-0.175460664331438
LOC111120228,-0.194550663382121
LOC111103329,-3.03633988454185
LOC111134086,0.945353400559685
LOC111128781,0.0444583122906293
LOC111101621,2.24840003751155
LOC111127885,0.429581144663465
LOC111119941,-0.326861780398134
LOC111101307,-0.336107488988871
LOC111126460,1.00459505298864
LOC111115556,1.5967799998064
LOC111135011,-0.979949031663541
LOC111118450,-2.64803815809042
LOC111130562,0.667982220119002
LOC111123240,-0.318209516391095
LOC111116531,-0.298051190237513
LOC111128123,0.617592301577773
LOC111105220,0.233345992334478
LOC111110884,0.0498240902404419
LOC111112836,0.687377269830467
LOC111101173,-1.51765351151903
LOC111133395,-0.0981226701088136
LOC111118714,-0.129058395781129
LOC111108677,0.449363986754137
LOC111127889,0.199223556006562
LOC111116512,0.385385324837758
LOC111118730,0.797329636136349
LOC111108370,-0.697390792967017
LOC111136707,0.946467676042691
LOC111124404,-1.36347261550807
LOC111126676,0.0864355734879998
LOC111134524,-0.0931819321128892
LOC111113622,0.739026803496857
LOC111106571,0.186461812554663
LOC111099584,-0.945080837941151
LOC111102973,-0.105368392985667
LOC111123676,1.39693898384258
LOC111122605,-0.230083033576743
LOC111118882,0.51494712631686
LOC111102929,-1.51669347257682
LOC111131280,0.42555190318089
LOC111120697,0.131974200397404
LOC111136698,0.783413242573225
LOC111112126,-0.4661988821317
LOC111138039,1.70720483886257
LOC111105716,-0.172529754222272
LOC111136666,-0.0520706542098134
LOC111135987,-0.0153310143178907
LOC111113194,-2.97198291105208
LOC111109530,0.502280468647255
LOC111118937,-1.65814963345627
LOC111130438,-1.17634200935165
LOC111117020,-4.25397422299931
LOC111124669,0.142088281773124
LOC111120545,-1.63283330764043
LOC111135218,-0.917979817769416
LOC111100185,-0.0248837687331398
LOC111111204,-0.159022250254013
LOC111103546,-0.746399365589727
LOC111134350,-1.07763600515296
LOC111128992,-0.819114505254999
LOC111124720,0.623364792840365
LOC111128219,-0.544046692059258
LOC111123512,25.8262594011579
LOC111128410,0.694956103571333
LOC111137704,-0.471528238819198
LOC111104526,0.0406750864184808
LOC111114019,0.720520383667161
LOC111122843,-0.236078440442794
LOC111109680,1.93109864857847
LOC111106061,0.454282438017871
LOC111127902,1.6513020307043
LOC111118817,-1.5991354337489
LOC111103763,0.0706292749838955
LOC111136829,0.184909486651595
LOC111100445,0.319463561361885
LOC111114006,0.137762040230133
LOC111106871,-0.500992362238495
LOC111127728,3.03182341873446
LOC111108738,-0.0618633375750996
LOC111106650,0.718555486396242
LOC111129296,-1.82959479216346
LOC111132866,-0.239233670331297
LOC111134894,0.592385989405762
LOC111125437,0.169738584232555
LOC111110311,3.51707021727662
LOC111135403,-10.2862592998275
LOC111132431,0.176086810359342
LOC111125726,-0.488490137998851
LOC111103941,-0.955377012006939
LOC111103931,0.339106947742078
LOC111101748,0.577764845833934
LOC111121937,-0.00577781938749985
LOC111134081,-1.33957210541413
LOC111131676,-1.04427976259769
LOC111112758,-2.66124608304682
LOC111108989,-1.22727354054681
LOC111138502,-0.0343494965460993
LOC111100637,0.195977652375101
LOC111121104,-0.808313324848878
LOC111108277,0.13368720068155
LOC111111923,-0.109899313112795
LOC111134905,0.0690504256332892
LOC111136638,0.404020565612343
LOC111109592,4.84212647932486
LOC111133811,0.192360653063705
LOC111138333,1.74677232212977
LOC111123827,0.564992615582526
LOC111133029,0.963614637583949
LOC111100918,-1.23817445690612
LOC111127874,-0.483686046463135
LOC111110097,0.40859869614936
LOC111136323,-0.278222694609782
LOC111102729,0.189617433107726
LOC111135870,-0.335870388417186
LOC111109271,1.18563632495074
LOC111106765,-0.00317504383052194
LOC111106905,-0.707638963124919
LOC111118225,0.0201077410679054
LOC111133944,-0.219078571382173
LOC111135079,-1.08027213569191
LOC111121232,-0.798007324274988
LOC111122968,0.273477884005778
LOC111113511,0.469111589680388
LOC111116914,0.474820045603309
LOC111119982,1.44608813013229
LOC111132747,0.230367854108863
LOC111131286,1.40412412252899
LOC111119843,-0.0718332754176385
LOC111114193,0.699918843366904
LOC111132033,0.00642308664276869
LOC111118142,-1.34081741110957
LOC111121817,0.568111850258598
LOC111125074,-0.25109867290273
LOC111136322,0.372612260334065
LOC111111563,-0.434995852862746
LOC111111432,-0.546100395588536
LOC111112649,0.828834574066513
LOC111121533,-0.191631747270906
LOC111120613,-0.31492062429504
LOC111125117,3.80210075300861
LOC111136319,0.402781174526927
LOC111115301,-1.10389847948984
LOC111123756,-0.144895033865413
LOC111106094,-0.0802367706370458
LOC111104303,-0.915714989157828
LOC111118772,-0.938514486553413
LOC111118832,-0.12172575993906
LOC111100321,1.10796314124302
LOC111136791,2.18704633008914
LOC111114913,-0.286726850317505
LOC111106510,-0.479351251759715
LOC111129495,0.469407498334274
LOC111121324,-5.86701018597483
LOC111110964,-0.154675303114318
LOC111122319,-0.119891682627609
LOC111118713,-0.676961881130418
LOC111111545,0.620796583866952
LOC111113880,2.43541100250059
LOC111102992,-1.18204523554553
LOC111108408,0.196746022879209
LOC111125287,-0.0825842619596459
LOC111134382,-0.455476429652349
LOC111116434,-0.034423769894081
LOC111127183,0.425981340547795
LOC111114482,0.690471052425516
LOC111109105,0.661210924604791
LOC111129999,-0.989017831283498
LOC111114593,-0.387281768994945
LOC111126162,0.391443160054921
LOC111113198,0.825044341190776
LOC111110038,-0.248425710584139
LOC111104494,-3.43294578181842
LOC111133384,0.0422580769095158
LOC111138345,-0.767786233565204
LOC111116484,0.586323965024912
LOC111135473,0.959427762660406
LOC111106219,-0.13695943482189
LOC111119841,0.747289861497083
LOC111115830,1.2806349348644
LOC111131641,0.703259484837153
LOC111101414,-2.06634639445052
LOC111137348,-0.228848911992111
LOC111127012,0.632989097094279
LOC111117552,-0.031797093747209
LOC111099138,-1.37710983809629
LOC111119181,-0.809880740719056
LOC111114624,-0.700633292044142
LOC111120123,-0.255523058065489
LOC111111461,-3.42920901253443
LOC111124809,0.585722282488617
LOC111107154,0.0177424305679082
LOC111135091,0.427356559746698
LOC111112620,0.725324793786162
LOC111128384,-0.473113604577491
LOC111128383,-0.426178707662105
LOC111121072,0.867975406148501
LOC111102384,0.438055387004679
LOC111110755,-0.298758070575057
LOC111120577,0.702135641434217
LOC111114290,-0.282841181356135
LOC111122888,3.71821597957972
LOC111135487,-1.48144200686279
LOC111131707,-2.00633531808231
LOC111104640,-0.250916433923122
LOC111099459,-0.305100416266386
LOC111124928,0.23035168328497
LOC111123131,0.509812838890574
LOC111124504,0.642090175924224
LOC111127007,-0.0998816374910645
LOC111108645,0.381508185467346
LOC111106378,-0.842961106353141
LOC111124563,-0.432966010345312
LOC111106903,-0.405262144319309
LOC111129862,0.565406935008303
LOC111113600,1.39878738708292
LOC111131013,0.252581731477406
LOC111129930,0.0588610128317152
LOC111136581,-1.22624937456837
LOC111112947,0.63258376654047
LOC111124547,-0.254090833610367
LOC111125328,-0.641124075655058
LOC111134195,-0.337655597339403
LOC111130397,1.60887503740092
LOC111129372,3.44760677953022
LOC111108377,1.35820180927331
LOC111121052,0.256007586834061
LOC111101105,0.441595718998125
LOC111113409,-4.83029942189785
LOC111118491,0.194621309322181
LOC111125262,2.68278219055391
LOC111138431,-0.0912100171368799
LOC111112863,0.0703231611561394
LOC111104995,-0.0557449667491515
LOC111114625,0.345414059419841
LOC111134083,1.23504441343704
LOC111110255,0.512654721713643
LOC111105059,0.130846614211202
LOC111137735,-0.806192286606071
LOC111111844,-0.316277771194262
LOC111113279,0.00455030686494474
LOC111128293,2.90072474921739
LOC111121205,0.862402635768135
LOC111099964,0.484211297765871
LOC111118913,0.214977291458574
LOC111102014,-0.320168160682053
LOC111101474,0.137957242227201
LOC111106304,0.151936188680336
LOC111127117,0.121668062186336
LOC111107813,0.571000101903144
LOC111125947,-0.32441259680333
LOC111117998,1.00461835577408
LOC111124626,0.417920528563818
LOC111108144,0.173885836857884
LOC111120387,-1.32801052181309
LOC111136879,3.82938388754591
LOC111137699,0.452916560964026
LOC111108043,0.394107699707539
LOC111117013,-0.17003886792362
LOC111101080,1.30009424118844
LOC111121137,0.901370992512094
LOC111118458,-0.121975660420151
LOC111135588,-0.602490425056831
LOC111123100,-0.133433211861378
LOC111108397,0.594006352552117
LOC111115505,0.546432341257338
LOC111133687,-1.60473656316975
LOC111136301,0.36292208181756
LOC111110569,-0.0119367041480384
LOC111100284,-0.131713906278965
LOC111138310,-1.82845573903894
LOC111133750,0.741027415852342
LOC111121367,-0.727835878282898
LOC111126347,0.281838481690292
LOC111136431,-2.33386406020004
LOC111121330,0.61899953032595
LOC111121575,0.217091458189001
LOC111134436,0.446429792665248
LOC111105399,0.352973402938573
LOC111115087,1.31583520489612
LOC111113506,-0.699623018527349
LOC111134818,-1.19413198276055
LOC111109698,-0.00100412128789992
LOC111104803,2.52935197134393
LOC111125774,-0.510736994853945
LOC111105216,-1.83400768813146
LOC111119099,-0.437922667527077
LOC111103307,0.244905734599151
LOC111110125,-2.22366205708294
LOC111132158,-2.147195346474
LOC111134739,1.47141528095184
LOC111129712,-1.25694092159985
LOC111125122,-0.277051629952948
LOC111099058,-0.0747243452960252
LOC111123103,-0.265487831196309
LOC111131309,-0.0472102817578283
LOC111126682,-0.27127911105061
LOC111121224,0.151242536293134
LOC111124017,-2.84752564144126
LOC111105338,-0.838010593441901
LOC111132052,0.340245329577424
LOC111114614,1.56013893640853
LOC111117758,-0.143746277787023
LOC111137522,-6.59674542801318
LOC111126686,0.226994523243017
LOC111135654,-0.302796056685911
LOC111122208,-0.0343716068132638
LOC111120645,-2.2736612638648
LOC111134862,-1.09098583405361
LOC111111162,-0.380297979820106
LOC111125243,-0.812798842467303
LOC111112628,0.424308341426109
LOC111122885,0.877246639936374
LOC111124900,-0.0852989015771879
LOC111125350,1.26125145889726
LOC111127150,0.192857969388647
LOC111110923,-1.70925540453248
LOC111124560,-1.00888629268786
LOC111105211,-1.20298433531748
LOC111132625,-1.29927314298701
LOC111119326,-2.43526525242027
LOC111136405,1.58299863885139
LOC111131303,2.6797804641744
LOC111132114,-0.599522701715657
LOC111109350,-0.34943553436351
LOC111133582,-0.31104557388584
LOC111111674,2.21767066845904
LOC111120675,0.222035455837414
LOC111120184,-0.0890000309223898
LOC111132318,2.74305851399216
LOC111117806,-1.14451042634124
LOC111136111,0.797561174864535
LOC111137037,0.149066930438993
LOC111124252,-0.170329411978664
LOC111107069,-0.050187591748289
LOC111123734,0.169837010749055
LOC111117159,0.985436882643118
LOC111102529,0.540727471343192
LOC111136988,1.02608566137551
LOC111105589,-0.577241067954035
LOC111138188,-1.03576175761691
LOC111104140,-1.01531227011259
LOC111137274,-0.27532013620615
LOC111101997,-2.41546993068585
LOC111126597,-0.00789609815210333
LOC111111606,-1.22312336705605
LOC111129313,-0.558555695101631
LOC111100633,0.06848895237513
LOC111109863,0.329554765493686
LOC111133189,0.015367133362734
LOC111132060,0.541799602357137
LOC111119822,-5.76394724964844
LOC111128159,-0.523408870721652
LOC111136160,1.03576865891592
LOC111130657,-1.13504207060685
LOC111129514,0.458984227641532
LOC111131775,0.559698291963312
LOC111100049,0.226034896403212
LOC111130097,1.90570948547891
LOC111133050,1.85535805489072
LOC111122798,0.360413157731277
LOC111117367,1.11266637630743
LOC111123456,-1.82963175996514
LOC111125224,-0.0657723862705585
LOC111103445,-0.141541481574284
LOC111131745,0.0159054223039782
LOC111119576,-0.48595990586586
LOC111103560,1.91147742869042
LOC111137654,2.09166632066844
LOC111131579,0.311374793702224
LOC111100129,-0.098657924553074
LOC111116576,-0.0391128993625725
LOC111105899,0.0433140777014142
LOC111136611,0.488581892482978
LOC111136456,0.886523711831172
LOC111099190,-0.813520362139525
LOC111124196,0.171113752935565
LOC111116758,0.541869097481802
LOC111124600,0.460093805131785
LOC111113197,0.704413581233506
LOC111119591,-1.5186060467683
LOC111104521,0.731976082185859
LOC111113347,0.211430852525592
LOC111129418,-0.124568752672702
LOC111111632,-0.895472636009128
LOC111138215,0.139338395280139
LOC111106502,0.559650727690375
LOC111107360,-0.0343450172950519
LOC111134146,0.708511228551186
LOC111126043,-0.511822539882286
LOC111101587,-0.685771840815701
LOC111112227,-0.502200200962136
LOC111134841,-0.571329497442201
LOC111121456,0.737451207736603
LOC111120540,0.140207291232381
LOC111134864,-7.69985473025925
LOC111131011,0.567031153584667
LOC111108698,0.301650931951372
LOC111115754,-0.436581914163866
LOC111134865,-0.226249213274338
LOC111118767,-0.340365936628664
LOC111111829,-1.04601985290146
LOC111137194,-0.661228345051165
LOC111101966,-0.674835434242964
LOC111134162,-0.169332211572412
LOC111120874,-2.26405967195326
LOC111121972,0.685211130847745
LOC111105637,-0.273225473251341
LOC111106700,0.750855511413716
LOC111108061,0.21403213665353
LOC111114112,-0.274741327680549
LOC111126907,0.0124759593422376
LOC111138335,0.254146553377538
LOC111107283,0.231410474594142
LOC111125319,-0.141170128818776
LOC111136239,-0.813238506216045
LOC111131136,-0.539568537418835
LOC111122446,-0.635160375055038
LOC111121535,-0.371564045865915
LOC111124650,-2.245016186639
LOC111120252,-0.714901530186
LOC111117306,-0.665844591412764
LOC111104463,4.45612956695807
LOC111126380,0.395634890778558
LOC111111400,0.231186563675076
LOC111124863,-2.04440585924108
LOC111114866,-2.35851903524654
LOC111114760,-0.188559450954701
LOC111128691,0.442182123758902
LOC111101400,-1.75540016498694
LOC111101230,1.44645190528325
LOC111111123,0.449526766026871
LOC111110326,-0.310275474258272
LOC111101448,5.22370031376628
LOC111113303,-0.0343561870957754
LOC111121406,-0.570786133494971
LOC111135309,0.543136426442672
LOC111123272,0.322882411637528
LOC111111070,0.302158935838305
LOC111138338,1.17315154804903
LOC111114561,-1.75372593409087
LOC111120623,-0.0945685245060868
LOC111112993,-1.77475141173516
LOC111124295,0.811613504211037
LOC111131140,1.95287872774527
LOC111114394,0.472753329216373
LOC111115498,0.917336510596804
LOC111119495,1.09816388305824
LOC111137063,-0.545522145927802
LOC111115086,-0.257012227861648
LOC111116966,0.627920393889035
LOC111119125,0.0647009049254664
LOC111116071,0.848593062061823
LOC111126842,1.4994938218201
LOC111137123,-0.29688772063306
LOC111118132,-1.85795865274343
LOC111120875,2.24915838863206
LOC111137765,0.0939135969702644
LOC111131539,1.03665862824605
LOC111113288,0.316667259614806
LOC111130623,1.36227760618978
LOC111120273,0.639284724659024
LOC111099737,5.91903906891578
LOC111107699,0.178110430598486
LOC111130146,2.83775372551273
LOC111135672,0.00745085343544753
LOC111118051,-0.0783561682599497
LOC111111375,0.792485301981051
LOC111132105,-0.224271616705816
LOC111124411,0.705493163226533
LOC111110232,-0.486868095478564
LOC111116661,-2.10616483036221
LOC111129960,0.0394889406660329
LOC111129407,-0.264629839033272
LOC111128680,0.127979734124683
LOC111103966,0.555752762596497
LOC111107844,-0.312625597315079
LOC111121573,-0.233999751080265
LOC111119593,1.74116418712436
LOC111115896,0.334007517645932
LOC111112153,0.0637039129859892
LOC111107536,0.557399158124735
LOC111133549,0.367256040378608
LOC111134819,-0.22236348470163
LOC111135605,1.27899956712545
LOC111123960,-0.735188815540764
LOC111106210,0.133625854302633
LOC111116197,0.425793319615265
LOC111128305,-0.238008441096224
LOC111119567,0.12359436577247
LOC111103589,-2.78565348444664
LOC111130031,-0.795988613893861
LOC111116041,-0.610534364385462
LOC111112211,-0.109866079492374
LOC111125402,3.03572573828106
LOC111123267,-0.651390073362574
LOC111122779,-0.765575670333782
LOC111118721,0.0644153172136836
LOC111105017,1.14641490846077
LOC111121421,-1.51054931638575
LOC111121070,1.8722703827993
LOC111120898,-0.13225043093249
LOC111126433,-0.45980128842141
LOC111114573,-0.84811018024734
LOC111123965,0.255677952832689
LOC111119348,5.47178181488801
LOC111118049,-0.0617185991909833
LOC111134980,0.0091550978358155
LOC111127898,0.664101820517401
LOC111137483,-0.696794210479889
LOC111117611,0.140186179186888
LOC111130061,0.679145304698612
LOC111118570,-0.0933929426325548
LOC111100594,-0.233599747187005
LOC111135030,0.0289069815918873
LOC111115524,0.4380391093537
LOC111137187,-0.799659001482833
LOC111126482,-0.113701910375347
LOC111110101,-0.458539710407344
LOC111107238,0.31259781497663
LOC111111915,0.140188677750996
LOC111105333,0.327250896269223
LOC111122732,0.291733825137659
LOC111133499,0.0575930046870985
LOC111135333,-0.0816581954786694
LOC111112745,-0.253568730726045
LOC111106570,3.33792083629302
LOC111099946,-0.457958174210683
LOC111101113,-0.0258326841504589
LOC111134112,-0.279493822442053
LOC111106548,-0.789422867329129
LOC111106830,-1.51580021222768
LOC111131409,-0.0896367245451722
LOC111108663,-0.751217120087718
LOC111099068,-0.783918040499653
LOC111118406,-0.369938321909269
LOC111127343,-0.371911962786239
LOC111106387,0.0850037938919989
LOC111131519,-0.681029971069445
LOC111118137,0.332559740058248
LOC111133228,0.200054383838358
LOC111135263,1.13969076641785
LOC111101589,0.232505500789493
LOC111101588,-0.901142157800428
LOC111100817,-0.0548694428852045
LOC111131756,-0.667148399698191
LOC111119360,0.211689331182704
LOC111104747,-0.197438857245747
LOC111112729,6.45608567281191
LOC111132304,-0.448784159613365
LOC111123214,1.05660205307818
LOC111130443,0.19040640049758
LOC111135417,1.0796711475543
LOC111122588,-0.557897983182163
LOC111111254,-0.876062978814838
LOC111125871,0.29504787393233
LOC111137128,0.155474041864349
LOC111136600,1.34902591304447
LOC111137529,2.5503806167155
LOC111118364,-0.471592998413759
LOC111110153,0.695227711981864
LOC111113109,-0.223646366133652
LOC111114571,0.408837176015703
LOC111133719,1.98367421208778
LOC111133901,-0.0605803586963311
LOC111105826,0.473632364883009
LOC111119177,0.0457003941028173
LOC111124794,1.6431867291208
LOC111132912,-1.28075384715528
LOC111126211,-0.454743589122452
LOC111100344,0.735118969144523
LOC111100396,0.523203739118226
LOC111107271,-0.613918338037342
LOC111120505,-4.47923934918403
LOC111128440,0.14109816948685
LOC111105990,0.627421027621743
LOC111099849,0.143168331804106
LOC111113261,-0.340024582454793
LOC111137733,0.14556639489185
LOC111121336,-0.353305893733301
LOC111113389,0.127817832985698
LOC111105083,-0.503091413977643
LOC111108901,-1.89189593137102
LOC111119629,-1.51491583288448
LOC111122044,-0.351393284634834
LOC111132978,-0.852060290146608
LOC111125831,0.217123057959449
LOC111114288,0.394410697463372
LOC111118787,-0.778443257429992
LOC111109061,-0.148153250551313
LOC111133071,0.103595283425517
LOC111138261,-0.773476091433529
LOC111111165,-0.728553668106156
LOC111110006,1.22567794899123
LOC111127524,-0.263380643855931
LOC111136706,3.36489080055344
LOC111121133,0.993820964063513
LOC111138009,0.222883116905871
LOC111110527,0.0497274436772896
LOC111115633,0.0868710704785857
COX2,-3.21445493126704
COX3,1.35460096982176
LOC111117840,-0.548006393861046
LOC111116776,0.430683731692657
LOC111128740,-1.08672371416797
LOC111102235,-2.53879978434075
LOC111137845,0.176126133603455
LOC111121171,-0.517942596713392
LOC111137993,-0.147899693403892
LOC111131285,0.698608535855896
LOC111130158,-0.1007552874501
LOC111134966,-0.0646375485944412
LOC111106538,0.0328377192258607
LOC111135883,0.293732042777998
LOC111108469,-0.0382487218681266
LOC111133666,-0.733788205685274
LOC111124963,-0.169222234697151
LOC111102687,0.314011078573465
LOC111137920,0.0498323829231078
LOC111138478,0.507932786108043
LOC111135865,-4.044963435182
LOC111132819,-1.91327039630636
LOC111109787,-0.312780518045381
LOC111107672,1.0244374913933
LOC111103952,0.144591963597408
LOC111106365,-0.73219163965978
LOC111126156,-0.13665058404984
LOC111125027,-0.20954182361255
LOC111100305,1.30403152111907
LOC111112435,-0.333997403621718
LOC111102531,-0.289740096937203
LOC111118340,-0.149666531342276
LOC111125763,0.313147272238907
LOC111099789,0.17749266488851
LOC111110243,0.012854607580596
LOC111112137,0.365442162085243
LOC111123538,0.064125648221987
LOC111124989,-0.250086324320029
LOC111128279,0.783592725331529
LOC111104012,-0.10399102049866
LOC111133734,-1.03836007931145
LOC111101062,-1.97290480766919
LOC111136479,-0.802554129558604
LOC111123786,0.583531951019771
LOC111135600,-0.356832723642389
LOC111137281,0.680699378317415
LOC111109965,2.443771074935
LOC111130062,0.179123977736504
LOC111137816,-0.859984769632732
LOC111101902,0.426995639421464
LOC111121185,-0.703983526140964
LOC111120305,1.1677644532795
LOC111137118,1.75427381989679
LOC111116965,-2.41462769741838
LOC111134573,-0.481806998509089
LOC111126088,1.05520639872079
LOC111101527,-0.10080631299478
LOC111100763,0.102381563324611
LOC111127043,-0.754039701117477
LOC111129335,4.30045335084577
LOC111100846,-0.628011033967433
LOC111103612,-1.25015048812107
LOC111135592,1.10196669520675
LOC111127227,0.932463503830314
LOC111138244,1.59682215228689
LOC111117428,0.242874734471587
LOC111107901,0.34744793526547
LOC111126313,0.213518066407561
LOC111117318,-2.03270779623954
LOC111111624,1.15828895593378
LOC111136261,1.35868657263305
LOC111127633,-0.0827088373316152
LOC111135301,-1.0928315399222
LOC111109813,13.1770957755933
LOC111124445,1.56202756422963
LOC111104781,0.575901565620622
LOC111107255,0.120635890101171
LOC111107486,-1.53187175443442
LOC111117716,0.103003272874321
LOC111125896,-0.373997333623405
LOC111114974,0.606261561126007
LOC111108399,0.22589950789125
LOC111120229,-0.411792663382358
LOC111137667,-0.718890568647094
LOC111112499,0.349669630661345
LOC111117323,-0.0343840624141276
LOC111111153,-0.750353367048041
LOC111136871,0.632118584117011
LOC111128290,-0.156271887429712
LOC111116761,0.961633540587145
LOC111103624,0.269952147868474
LOC111103625,0.267149240217637
LOC111124755,1.02134341025779
LOC111134693,0.254560238793539
LOC111127802,0.890857221559508
LOC111109126,-0.696504143049016
LOC111110880,0.403898474596634
LOC111101424,2.73622981083463
LOC111131447,0.172838974920851
LOC111112338,2.1164490566546
LOC111121491,0.00561395367522883
LOC111108050,-0.879487987520057
LOC111128606,-0.330435772995589
LOC111135238,-0.293712215567969
LOC111106893,-0.577289117321299
LOC111136681,0.147569878638204
LOC111129878,0.865843502708403
LOC111114430,0.758940436327675
LOC111126684,-0.398332796385074
LOC111126112,-0.536290038160701
LOC111118275,0.489587929652454
LOC111123757,0.0068934725905583
LOC111119236,-0.647353586967029
LOC111136807,-1.43497384104455
LOC111126753,-0.0747328631139326
LOC111125892,1.06743723838713
LOC111106902,0.0786547940991063
LOC111120031,0.264615718673034
LOC111131801,-2.25332178295886
LOC111138151,0.231387013119186
LOC111137713,-4.20367240478986
LOC111134642,-0.694535203883575
LOC111106332,-1.28844980031606
LOC111105629,-0.17855854459989
LOC111107237,0.429424432964705
LOC111128444,0.551189943167904
LOC111122000,0.611871835855637
LOC111129620,0.595602707875082
LOC111103700,3.88775104317527
LOC111122809,-1.27792206747982
LOC111099729,0.624856175102063
LOC111118308,0.327684571056996
LOC111128808,-0.605972668962558
LOC111135699,0.0961982202312373
LOC111100786,5.7314854423497
LOC111131316,0.214343049279616
LOC111130662,0.235710951658836
LOC111115027,-2.48815747065044
LOC111101041,0.010346037274395
LOC111110620,0.469377939410976
LOC111105693,0.170061824553465
LOC111108667,-0.368939382433604
LOC111120562,-0.604768940566711
LOC111116220,-0.890803458197964
LOC111122550,0.169330234513328
LOC111117511,0.807187819054723
LOC111118604,0.386855666202523
LOC111128418,0.665442103111593
LOC111136515,-0.345871460060453
LOC111126707,0.278662713064955
LOC111099500,0.140165622108817
LOC111121510,0.807602367980546
LOC111127257,-0.795186776262805
LOC111114313,-0.451242739688282
LOC111115908,0.0383294374501335
LOC111099565,0.0665531627402162
LOC111131120,4.60424333801889
LOC111122901,-0.46252375840235
LOC111137333,0.676669045897457
LOC111121412,-1.22758966815695
LOC111103534,0.0832709699656909
LOC111115400,-0.37470180063903
LOC111120013,2.26032352800261
LOC111131174,1.59877577614093
LOC111130001,0.658608405811351
LOC111105305,0.066289659175355
LOC111131389,0.830703521145343
LOC111100412,0.742573460653348
LOC111120363,0.209348281018874
LOC111130940,-1.71794927828527
LOC111117987,2.81180803295351
LOC111112607,-0.314622199250756
LOC111134878,-2.23696204197359
LOC111132745,-0.022919874848742
LOC111101520,-0.0205734573503456
LOC111133918,0.831806740125889
LOC111124657,0.203409185396942
LOC111130183,-0.551848602421277
LOC111114766,0.543747160595656
LOC111107408,0.841071524485049
LOC111101295,-0.641165138119454
LOC111130475,-0.797536884581821
LOC111136343,0.429984664677267
LOC111109265,-0.0343946438842561
LOC111112895,0.109899384718111
LOC111108991,-0.975197670752979
LOC111122778,1.97029678159897
LOC111116418,1.43041048256889
LOC111101340,-0.0373089093815549
LOC111122301,1.79025002597718
LOC111138242,0.339957791827035
LOC111134709,1.41507917534291
LOC111100391,0.158207757451978
LOC111117970,-3.96995481257378
LOC111124518,0.300986825281717
LOC111100045,-0.250591753637957
LOC111114611,-0.0451592243118112
LOC111134264,-0.605908430811578
LOC111137034,-2.334832531126
LOC111136017,15.7878124908437
LOC111107135,0.271056801659362
LOC111110297,-1.09095213292395
LOC111102494,-0.566726438578788
LOC111138267,0.000469329719544912
LOC111138141,-2.60851266783717
LOC111132954,1.48891162869782
LOC111123409,0.0490071427439835
LOC111125303,0.751090639245763
LOC111099225,-0.511728349218678
LOC111104121,0.067011740187972
LOC111129534,0.140173114721039
LOC111134604,1.13578215188832
LOC111108825,0.0579407275900948
LOC111121172,0.0200890548476683
LOC111126472,0.151183324246437
LOC111101232,0.122320794115068
LOC111106070,0.62667471681156
LOC111135550,0.271770794149797
LOC111129748,-0.765158552767942
LOC111113406,0.0324414187631997
LOC111127496,-0.458501930566876
LOC111107023,0.0229964904894452
LOC111125234,-0.154397912729533
LOC111132907,0.24410182391871
LOC111130599,-1.95822011822828
LOC111128182,-0.234211171589851
LOC111102878,-0.99930331265019
LOC111104702,0.444371475254834
LOC111124224,0.714451797209221
LOC111105722,4.00038125440607
LOC111100695,-2.85239788378599
LOC111119727,2.40657306464811
LOC111107809,2.59162347438261
LOC111113179,-0.233851691878091
LOC111115961,-0.0187768171688021
LOC111135061,0.141618969372655
LOC111102240,0.65749318537373
LOC111120724,-0.901074354428011
LOC111106754,-3.07640518156242
LOC111123490,1.55409521282439
LOC111128073,0.683281185025017
LOC111118705,-0.804440996197673
LOC111105102,-1.33455663624145
LOC111103888,1.73384403035621
LOC111138230,0.362041788967586
LOC111135569,-0.437750115258815
LOC111110072,1.14829799832849
LOC111132520,1.49754166966343
LOC111113161,1.55628940629535
LOC111129483,0.453347777460035
LOC111127846,-4.57510491060447
LOC111103955,-0.0677946861991155
LOC111138486,-1.83867359816569
LOC111118995,-0.128616139807881
LOC111099648,0.891841571757781
LOC111124399,-0.732675402506905
LOC111123274,-0.146931750889163
LOC111136781,1.16128062738496
LOC111123254,0.65317460130047
LOC111109525,-0.16289281418099
LOC111135594,-2.97665801414993
LOC111129839,0.404363042432034
LOC111123797,26.9609999658834
LOC111100398,0.155488151613891
LOC111116911,0.313850669061431
LOC111122668,0.407862244484976
LOC111133797,0.402855408772914
LOC111124119,2.77409778658495
LOC111111552,0.246212120012472
LOC111105316,0.397923509192974
LOC111112168,0.0278667219147076
LOC111109974,0.352406988064328
LOC111112019,0.0523511463131822
LOC111134440,-1.5413592531949
LOC111125112,0.0729603098092219
LOC111137784,-0.732452032779789
LOC111128757,-0.0347617848287336
LOC111126349,1.44003904507104
LOC111132250,0.0498257288574362
LOC111108572,-0.779955204300197
LOC111132338,0.543878482456151
LOC111135083,0.0573080462835049
LOC111113929,0.0151625194638718
LOC111114771,0.337496044452287
LOC111137347,-1.61123299914883
LOC111105567,-0.62513047959044
LOC111128323,0.256504335171969
LOC111105882,5.85592034754104
LOC111126442,-1.092306597497
LOC111101851,0.140213902964155
LOC111104333,-1.88759968051247
LOC111124469,0.00297193677871571
LOC111128070,-1.07433181520509
LOC111124098,-0.817657515697733
LOC111111575,0.0625005923206688
LOC111122135,0.924291261030732
LOC111101974,0.193932283531574
LOC111105694,-0.22909981653619
LOC111125782,0.132642355300657
LOC111132113,-0.752711703835302
LOC111113953,0.573592781171347
LOC111100372,-1.37906113449248
LOC111132796,-0.387032407080572
LOC111121225,-0.791672001244943
LOC111125418,0.413080703848305
LOC111119659,8.26168143078373
LOC111138355,-0.435987314514541
LOC111101371,0.496960787352535
LOC111124652,-0.0344025021209107
LOC111100256,1.04511756464013
LOC111106359,0.506039034863686
LOC111103129,0.981521812151699
LOC111126555,0.00500897385133762
LOC111101495,0.279960681116084
LOC111117471,0.168172195444787
LOC111136384,-0.21787344450113
LOC111104130,4.51372548192497
LOC111109536,-0.211950221222804
LOC111135706,1.32982640733196
LOC111111453,-0.526608416951109
LOC111111458,0.32237969693879
LOC111125692,-0.0650333596014698
LOC111113173,-0.0224506717252561
LOC111138246,1.18932497792245
LOC111134532,-0.784700036341386
LOC111126133,1.89122828961327
LOC111112618,-0.682316074333651
LOC111125691,0.159899172041489
LOC111123270,-1.65627625179893
LOC111112500,0.0383706853757296
LOC111109123,1.42322285895163
LOC111111622,-0.154900232661429
LOC111107859,0.0306494865131756
LOC111102751,-1.0551695679871
LOC111135019,-0.220088659186668
LOC111134834,-0.100178920370532
LOC111106108,0.401068085723997
LOC111137867,0.265454796983592
LOC111105591,0.948964987072884
LOC111106704,1.6194794471113
LOC111123188,-1.48786349143029
LOC111108256,0.545389087518612
LOC111136668,0.11478901840362
LOC111127101,0.414694348840459
LOC111121440,-0.335533618496577
LOC111118720,0.227627831259645
LOC111124573,-0.647386225012668
LOC111107620,1.4745977537395
LOC111128103,-1.87776684027066
LOC111102532,0.856231972753527
LOC111111424,-0.3390773008675
LOC111134017,7.39203254680003
LOC111128918,-0.0477306355988728
LOC111113124,0.489732693090175
LOC111135977,0.990917015943549
LOC111112260,-0.797637360505171
LOC111129395,1.10361110309834
LOC111119286,-0.210901748719587
LOC111131274,0.725745385109946
LOC111107689,0.686910666228632
LOC111129298,0.00886684913631188
LOC111135155,1.75410061494899
LOC111125801,-0.868913975407736
LOC111114855,-0.0440095330839087
LOC111100265,0.329671032859088
LOC111130030,0.315336521934782
LOC111133237,-0.164470857574571
LOC111133803,2.1948817614255
LOC111120853,0.189919417999421
LOC111125984,0.292691772506215
LOC111131015,-0.872978429464826
LOC111133081,-0.362235175558251
LOC111128341,0.436123203179965
LOC111133691,1.709821768192
LOC111100419,6.0066233627108
LOC111113130,-0.788415111861551
LOC111106193,1.00704875920469
LOC111106319,0.93156285476645
LOC111105471,0.566050139943453
LOC111129094,0.207981456568051
LOC111112970,-0.426126283977297
LOC111110652,0.839080830155798
LOC111119657,-3.46798936312814
LOC111107837,-0.101606260045645
LOC111129693,1.47749534399242
LOC111125602,0.511138620673196
LOC111125386,0.841188771079339
LOC111121563,-1.55647161891526
LOC111108701,0.506218876538543
LOC111107280,-0.306679451106908
LOC111134466,0.270909846885571
LOC111119400,1.22075063560884
LOC111123990,-0.596464288485045
LOC111135427,-0.729838360889443
LOC111135426,-7.83162759943598
LOC111132223,-1.04281812960944
LOC111137136,1.10093792600418
LOC111113363,0.175366463500809
LOC111101532,-0.790288253107701
LOC111128458,-0.277505055848593
LOC111110545,0.150184556254793
LOC111130688,-0.402507824512217
LOC111111515,0.887177081737844
LOC111124400,5.77342728082486
LOC111122139,3.17144809594569
LOC111132056,-1.39601169539416
LOC111109815,0.208965598542779
LOC111125100,-1.75001112014857
LOC111121387,-0.218036011841827
LOC111109504,6.5909196496606
LOC111109527,-0.503738981287076
LOC111121815,0.283512307693123
LOC111124371,-0.239283721554208
LOC111108636,-0.737575572131649
LOC111125338,-0.0606731134276671
LOC111133752,-0.398185362644975
LOC111112420,-0.126166337245715
LOC111120442,0.731688219870591
LOC111117220,-0.0890100050581156
LOC111126675,0.0872751501249348
LOC111127799,-2.68575285851158
LOC111108173,1.9362301982705
LOC111137552,3.8569802424754
LOC111117217,-0.301136230945575
LOC111108540,-0.0344130261434742
LOC111131864,-0.0628927121935862
LOC111133511,2.92447671713113
LOC111106666,0.848716848521619
LOC111128473,0.217889588414291
LOC111103418,5.72439322077496
LOC111133092,0.183076731640451
LOC111137678,-0.605056066604416
LOC111124144,-0.0754386111431258
LOC111133835,1.03915248125402
LOC111137000,0.00789513961024787
LOC111108511,0.584742181565241
LOC111099621,0.211831084226404
LOC111106051,-1.41618986067654
LOC111101170,-1.50370828564142
LOC111132398,-0.613048198498627
LOC111116456,0.281369705400874
LOC111137255,0.470075070864544
LOC111101524,1.11862603111725
LOC111130257,0.654593377521798
LOC111111189,-0.460710069244176
LOC111137475,-0.0343920724460468
LOC111099806,0.0700109675380801
LOC111101806,-0.00837043094437362
LOC111132227,0.570099207532143
LOC111117429,1.35060900264606
LOC111111696,0.377915435577119
LOC111134728,4.42844989054522
LOC111123450,-0.912171501255686
LOC111124967,-0.0233748691693832
LOC111134500,0.53234429035794
LOC111137510,-0.0992576304925347
LOC111133968,-0.813426451157944
LOC111113918,-0.431524052250725
LOC111099657,0.426278068489107
LOC111100389,-0.750836912545652
LOC111137410,-2.27779286038515
LOC111099922,0.102193074229071
LOC111133822,-1.09426821060948
LOC111120394,-0.466425512128198
LOC111132325,0.150312564298234
LOC111129760,-0.0424788557519118
LOC111136336,-0.0821728586108371
LOC111137323,0.200157340582904
LOC111125017,0.990178521562224
LOC111123365,0.774093806036554
LOC111137031,1.5175159204159
LOC111118851,-0.182810976165932
LOC111121198,0.327474393444251
LOC111131216,3.0227219817394
LOC111102336,0.20014253093739
LOC111110988,0.0610848347114871
LOC111124223,-2.58405167608227
LOC111136274,-1.19427801479956
LOC111102457,0.14346948300016
LOC111121468,-1.06303458054629
LOC111123915,0.528430851064041
LOC111113066,0.102200912422197
LOC111119208,-0.332791004251733
LOC111129130,0.0946592361114334
LOC111109742,-1.0509479803169
LOC111136163,0.203604434687796
LOC111133409,-0.508968392557486
LOC111120997,-0.540073261867301
LOC111104064,-0.792230313397913
LOC111105529,0.304424064640852
LOC111112886,1.04789582029415
LOC111120766,-0.15561781291043
LOC111115177,0.293739317968056
LOC111114202,2.77362975374012
LOC111107200,-0.0284686183825467
LOC111106767,-1.01527355125073
LOC111137986,1.75430807502302
LOC111116703,0.520814510048823
LOC111138093,0.0285012119474894
LOC111129918,-0.178219157322976
LOC111136502,-2.13226412145535
LOC111134842,0.713416376171801
LOC111104424,0.678379554520983
LOC111101421,0.50560430171517
LOC111117316,0.810437474481219
LOC111129187,2.1291544287231
LOC111107491,1.08864324843274
LOC111135662,-0.439546613406086
LOC111115587,-0.388386685271745
LOC111107003,1.22639726506117
LOC111129985,-0.530619124678497
LOC111131315,1.85465501599195
LOC111133939,0.260501665735984
LOC111108920,-0.38452759089172
LOC111137532,-0.45854756988948
LOC111131067,0.0443969576184576
LOC111112767,0.281616033969047
LOC111104287,-2.54320627961512
LOC111128269,-0.0781517834586396
LOC111108023,1.73588202055926
LOC111115580,-0.424030508383327
LOC111099517,-0.0458593721837924
LOC111131659,0.321241216822786
LOC111134278,-0.220336979671091
LOC111132420,0.211216263758365
LOC111101068,-1.31421654403491
LOC111108631,2.19186980419199
LOC111123694,0.69739114451606
LOC111137374,0.259473626782712
LOC111124844,-0.227498388573132
LOC111107332,0.222835651196658
LOC111100912,-0.568544858877891
LOC111104014,0.479555092137727
LOC111111315,-0.292148885203889
LOC111116230,0.0207877349257182
LOC111104166,0.567602934425299
LOC111123550,-0.156412382205458
LOC111126613,0.0740804283150275
LOC111102060,-0.626479937494987
LOC111126450,-0.424591683724481
LOC111119307,-0.33538558756317
LOC111101350,0.11199218403973
LOC111108762,0.151460886011294
LOC111100204,-8.34098669928351
LOC111125665,-0.65389130540676
LOC111122497,0.346137697011412
LOC111107739,1.6377852691693
LOC111112477,-2.3460543788811
LOC111118918,0.923137068817146
LOC111130099,0.861723423496962
LOC111113350,-0.328017260283901
LOC111103029,-0.0315232062177469
LOC111138111,1.47039152728237
LOC111101752,0.209869279543015
LOC111104310,2.05755079351167
LOC111116085,1.16014850696999
LOC111099531,3.96825522679623
LOC111119124,-0.139374101774698
LOC111116087,-0.397504589103356
LOC111100852,2.32563273418852
LOC111105852,0.318207478181352
LOC111138422,-0.401607678460773
LOC111133814,-0.0547136937289964
LOC111132177,-1.10979345969832
LOC111130081,0.615235090965716
LOC111126767,-1.59145676734218
LOC111134425,0.243583685125993
LOC111127415,0.377363753258255
LOC111117154,0.0353451308709874
LOC111120200,-0.159575414514621
LOC111130792,-0.241898610143076
LOC111115838,0.4871128468609
LOC111124055,1.15794286280168
LOC111132222,0.16435379447048
LOC111122522,0.299101326741448
LOC111134510,-1.06056851554753
LOC111120719,-1.54127828874904
LOC111119746,0.578080295725583
LOC111135915,0.115132128574134
LOC111127967,-0.395122530302302
LOC111138235,-1.57262534920179
LOC111138056,0.386737072994152
LOC111131719,0.303963574976623
LOC111128389,0.809646624027039
LOC111135833,0.63528436517446
LOC111106586,1.08470307233275
LOC111113333,0.353638231185764
LOC111122235,0.140215929814492
LOC111137244,0.633667039456384
LOC111133407,-0.192547511304173
LOC111135482,-0.773164700116375
LOC111130973,0.234264184701049
LOC111134253,0.131356487000452
LOC111123071,0.775188125267392
LOC111134591,-0.786483987942107
LOC111109928,8.13266681908893
LOC111106496,-7.36868194829903
LOC111121910,-1.61165720943623
LOC111106441,0.420827954760275
LOC111100911,-0.615158200864557
LOC111128539,0.258878939425174
LOC111130194,0.500674719908104
LOC111120994,-3.54214119009879
LOC111101749,-0.428416443559583
LOC111115357,-1.02526506449971
LOC111107222,-0.323087884309717
LOC111113829,-0.671216122242779
LOC111129705,0.0548216601256662
LOC111123191,0.219360236966244
LOC111103374,0.128322076748594
LOC111123192,0.251403975449689
LOC111107328,0.0116836825674654
LOC111138390,-0.604072160080115
LOC111119675,-0.97676502550483
LOC111131382,-0.696282540169018
LOC111119214,-0.275007640565632
LOC111101380,1.51313532696928
LOC111101266,0.0870302278242555
LOC111124258,0.492797249485554
LOC111100465,0.976220669698311
LOC111115777,-0.0404768241466647
LOC111132176,0.764270736345464
LOC111135796,-3.20468020045547
LOC111119767,0.53300929440198
LOC111102405,-0.582835906333398
LOC111129337,-0.414863289396689
LOC111119814,0.720337502614735
LOC111119024,-0.03109979284681
LOC111110912,1.21279903812181
LOC111130840,0.551595111133916
LOC111117149,0.374401109502384
LOC111130664,-0.146008652660774
LOC111126585,0.28230130326561
LOC111134180,1.09280415630749
LOC111137248,0.249058520877546
LOC111119517,0.0869691946349866
LOC111115920,0.370696394885084
LOC111109364,8.81472933837629
LOC111129729,0.693539298990019
LOC111104269,2.04529569397145
LOC111119541,-0.18148984125705
LOC111104745,0.310662657564006
LOC111112843,-0.345100935946975
LOC111109473,-1.692576110417
LOC111133365,0.44567703205632
LOC111103879,-0.502447980186586
LOC111131074,0.505246200330041
LOC111121542,0.501373919075583
LOC111125374,-0.0861971202313421
LOC111107482,0.0900845476859611
LOC111127642,0.233609521679778
LOC111135880,-1.63081831999273
LOC111101253,0.108918155654436
LOC111124552,0.108526797788602
LOC111131397,-0.47689801613171
LOC111135075,0.692651649010726
LOC111138463,1.33663737225422
LOC111112796,-0.130216961470743
LOC111106568,0.672217557736897
LOC111109087,-3.66816766387739
LOC111105474,-0.867314044670909
LOC111125388,-0.138954581690842
LOC111138205,-0.508916446286173
LOC111126161,0.256799406274765
LOC111105133,-1.39349727620433
LOC111107246,-0.47928192021754
LOC111130888,-0.694927621185251
LOC111125575,-0.547315309477676
LOC111136838,-0.292283365775216
LOC111128784,1.00131867119317
LOC111116164,1.55218182751469
LOC111100847,-0.0119822433070955
LOC111125561,-4.58223484131257
LOC111122944,-0.0606307617176715
LOC111133309,-0.35414235725743
LOC111131781,0.762569474376775
LOC111108342,1.51272295047218
LOC111099830,0.716805615305345
LOC111132658,0.405875906231087
LOC111135743,0.390648461481567
LOC111134154,-0.128514733634252
LOC111120023,-1.4286009398067
LOC111110929,-0.626177445875478
LOC111127155,-1.04950730737082
LOC111105266,0.0855083272368956
LOC111125193,0.190841884945383
LOC111125192,0.336326149426455
LOC111130125,-0.305349554125095
LOC111114565,0.109283096877807
LOC111136599,-1.14910457097196
LOC111111252,-0.206319085068892
LOC111121326,-0.273781107994896
LOC111111121,-0.0814957485024871
LOC111125245,1.73881123908652
LOC111129859,0.0204116034888697
LOC111120690,0.0231696353714269
LOC111108195,-1.54388798855896
LOC111117567,0.140191507650952
LOC111119101,-0.176312481706903
LOC111131493,0.488020463642823
LOC111117934,1.59900837879688
LOC111129856,1.46593536000115
LOC111108558,0.652028629331503
LOC111122167,0.0867895700004043
LOC111118774,-0.244001749572344
LOC111111926,0.187221349308432
LOC111128718,-0.655655171222112
LOC111120019,-0.4004342515058
LOC111137312,0.140132448983869
LOC111133950,0.11532834227915
LOC111123104,-0.021426143450925
LOC111121504,-0.705695595118155
LOC111111586,-0.102116291089838
LOC111110212,0.435870155504843
LOC111099561,1.60435498144857
LOC111125476,1.22764350710884
LOC111129618,-0.137346489122076
LOC111127949,-0.462847086745972
LOC111124431,0.0132101547456522
LOC111112003,-0.0344297573810979
LOC111132137,-2.12428441146847
LOC111129213,-0.245536052951256
LOC111127224,-1.61639874054876e-05
LOC111102340,1.0295912130405
LOC111134430,-0.101622571239939
LOC111137971,-0.134976858160769
LOC111133813,-0.748252530672448
LOC111101044,-3.08428633007098
LOC111133271,-1.50589485534579
LOC111135930,-2.76173716871462e-05
LOC111117019,0.243863204827791
LOC111125077,-0.0516769064712297
LOC111104730,-0.0823542245830758
LOC111128816,-1.60800012596941
LOC111127254,-2.01264841798307
LOC111128088,1.12510414109709
LOC111129695,0.862511571835052
LOC111136891,0.34679614169198
LOC111136875,0.659869518614243
LOC111104217,-0.427498439493601
LOC111107043,-0.194441001326281
LOC111121419,-0.558252589968353
LOC111115793,0.691695650250822
LOC111100744,0.0328997566484336
LOC111132651,0.0939125556329912
LOC111135173,0.326729515098534
LOC111132772,0.346555423753587
LOC111103991,0.314812820111688
LOC111122389,-0.97573549769577
LOC111114854,-0.59768937919062
LOC111138275,1.83130445817331
LOC111137716,-1.56058550038292
LOC111120467,0.800280475129468
LOC111133800,-4.1370783361819
LOC111110185,1.3834720842313
LOC111106521,0.127821437492604
LOC111120984,1.3264355253655
LOC111131248,0.120212676656281
LOC111136505,-0.161322841398503
LOC111105828,1.24524507955545
LOC111123939,-0.119078209827553
LOC111103890,0.445025068959409
LOC111104284,0.826235352671741
LOC111113102,0.0560115189020085
LOC111131059,-1.31358223193932
LOC111128021,0.503353186227923
LOC111111119,0.140171334401525
LOC111132899,0.403168936793628
LOC111117604,0.00979495604839792
LOC111102679,-0.209617079732619
LOC111137204,0.111221088666187
LOC111118008,-0.00210956742504982
LOC111123507,-0.050151817353272
LOC111120338,0.313348457657134
LOC111119042,1.16238871374895
LOC111111765,0.467324503458717
LOC111110062,0.595784088727678
LOC111129517,0.711408305800586
LOC111125427,0.94397393580753
LOC111138089,-0.25115342738636
LOC111136470,0.516411449631268
LOC111100804,0.02039294467098
LOC111119241,-0.327007187754152
LOC111134091,-0.230016890413293
LOC111124505,0.44562286184887
LOC111133686,0.0938982159385843
LOC111126224,-8.36920347099162
LOC111138315,2.20315313882445
LOC111115624,-2.49056413361961
LOC111126937,-0.692684293436218
LOC111104311,-0.100202839683122
LOC111125104,-1.14864025477456
LOC111118653,-0.0178309629442862
LOC111113756,-0.566769034997686
LOC111137580,-0.442406149388423
LOC111119173,-2.11345644971482
LOC111116746,1.55866816387022
LOC111136272,0.329440525110351
LOC111137411,0.140183722002862
LOC111126047,0.350092877196121
LOC111125352,0.227902182168973
LOC111127198,-1.80452013663567
LOC111130173,-0.976401861635881
LOC111121645,0.0713810794983459
LOC111131050,2.12842282062447
LOC111122686,0.0610356387195612
LOC111106452,-0.166186937445089
LOC111118515,2.08914724035128
LOC111134563,-0.175189113107059
LOC111112201,0.193901319485155
LOC111125134,0.613613366802467
LOC111126358,-0.625766008808146
LOC111125753,0.875440709500506
LOC111129408,-2.21758937474466
LOC111105162,-0.359766170042269
LOC111100898,1.22908232812904
LOC111134520,2.15178802181029
LOC111127775,0.00635152845566793
LOC111136258,0.593027025710838
LOC111118744,-0.226444213839083
LOC111119220,1.32247444862956
LOC111131106,1.07432391891639
LOC111126461,1.83612737635954
LOC111105336,-0.153573372885116
LOC111117850,-0.224927100933585
LOC111123534,0.227062770196468
LOC111108148,0.206654292085867
LOC111101781,0.826827134747622
LOC111131834,1.5341433981735
LOC111105714,0.0497890321539389
LOC111101776,2.50748132695789
LOC111119571,0.19820306668761
LOC111099772,-2.8801888474235
LOC111115732,0.0813148270787461
LOC111101025,1.30607864818234
LOC111121430,0.525495491526993
LOC111117300,-2.18929321800197
LOC111110619,-0.0770437681048579
LOC111106752,1.84052299479078
LOC111108458,0.261201663323964
LOC111100209,0.700140077827894
LOC111103443,-0.097560915908723
LOC111123890,1.65242353198609
LOC111105353,-0.969844686275926
LOC111103660,1.85731435327618
LOC111102303,7.19812826512637
LOC111099872,0.236904062254606
LOC111128099,-1.20669721028655
LOC111135696,-0.367634250213114
LOC111112549,-0.25030297913836
LOC111099184,-0.308319058231095
LOC111103000,-0.213165995468209
LOC111121153,-0.608112276128146
LOC111137546,0.267151667173022
LOC111111531,0.200884835777951
LOC111118886,-0.505969783883481
LOC111108111,3.594107053532
LOC111122212,1.44144086229004
LOC111133469,-2.99109669332232
LOC111131696,0.415195268291903
LOC111134126,0.114708726379882
LOC111109461,0.184498049205994
COX1,3.30297044850035
LOC111136492,-0.281558077288133
LOC111112839,0.0849225755391107
LOC111120589,0.00864383302064207
LOC111134051,0.283306861195772
LOC111110724,-0.0505778308744992
LOC111103348,4.87890350946664
LOC111137994,-0.890644401457471
LOC111137935,3.08223020419417
LOC111102737,-0.443937128284042
LOC111122870,0.146881241915661
LOC111134258,-0.279278024380859
LOC111136351,0.448431438544961
LOC111134926,3.46001224770643
LOC111108126,-0.810874084052937
LOC111115950,-0.406703827211044
LOC111110615,2.23115554502599
LOC111105207,-0.222640845456033
LOC111135107,-0.228782563153985
LOC111102638,0.282980752995876
LOC111114577,-0.170099638968289
LOC111102351,0.318948863162092
LOC111109290,0.553302325439324
LOC111100004,-0.344204868797467
LOC111109404,-0.499487361400189
LOC111106231,-0.126036519633632
LOC111130780,-0.540033790026341
LOC111133762,1.1869444857492
LOC111116824,15.2453946580165
LOC111119631,-0.561881011421696
LOC111105419,-0.200817494022782
LOC111136809,-0.624374139478727
LOC111137526,0.0304168503021629
LOC111106119,-1.45511247638628
LOC111104266,-0.182410597920502
LOC111111508,-1.40518329327661
LOC111099504,-0.174341870491466
LOC111111539,-1.81452805603031
LOC111100240,1.32486952307688
LOC111121672,-0.33587674140108
LOC111120057,0.0264964727649681
LOC111118470,0.55556144512812
LOC111120942,-1.2030537499791
LOC111126083,1.15410586860075
LOC111131301,0.36396064562519
LOC111108231,0.295277742292289
LOC111125337,0.732824438163801
LOC111134475,1.49135507816545
LOC111129412,2.35415967001965
LOC111117054,0.0416744005150152
LOC111123601,2.61220964423405
LOC111103647,-0.49830720186799
LOC111115065,2.15380537622822
LOC111105961,0.0976160411410254
LOC111112752,0.427580847552402
LOC111114808,0.473162060884582
LOC111103323,0.252667178789
LOC111101152,0.316243697392711
LOC111112469,1.19904375972266
LOC111125003,1.25944543782481
LOC111099122,2.52813009787181
LOC111137395,-0.0851616377797768
LOC111131754,-0.949784574833996
LOC111134768,0.880337525627091
LOC111106620,0.775884231446717
LOC111135541,1.6684982342463
LOC111102430,1.84321933917161
LOC111128459,-0.0751263368084305
LOC111102272,0.260266188401211
LOC111114947,0.265419586728349
LOC111124346,-0.0353415842750871
LOC111120507,0.338106330048662
LOC111137599,12.5549294702813
LOC111100729,0.697913849284924
LOC111137982,-0.596788258817397
LOC111104449,3.10411994070015
LOC111131838,-0.0416239584928615
LOC111126987,2.89275334372941
LOC111137418,1.07224951827833
LOC111123167,-1.94960520462494
LOC111133671,-0.090475604126079
LOC111109968,-0.351748703439621
LOC111104700,0.0187564132447528
LOC111135958,1.09669343063441
LOC111108307,1.7571775056065
LOC111128041,0.546962147430348
LOC111111754,1.16606031199081
LOC111132361,0.454976919099292
LOC111129223,0.239799116864923
LOC111108101,-1.02549049972523
LOC111128196,-0.616336498435133
LOC111102565,1.50087675187098
LOC111111263,0.974148178974231
LOC111134525,2.3093100163714
LOC111118977,-0.980436681658821
LOC111117708,0.308538476185724
LOC111104157,0.00340254156624905
LOC111122808,-0.352367594562642
LOC111122184,0.119577313895003
LOC111117363,-0.254432010414942
LOC111105304,-1.24151947033128
LOC111102229,0.140150798190145
LOC111112744,0.227908845553357
LOC111134969,-1.75609983371269
LOC111136204,-0.0438568437864412
LOC111128831,7.3671620275769
LOC111133142,-0.114927068185684
LOC111099909,0.0405896057196837
LOC111114886,1.14561578316259
LOC111130939,0.394294690826798
LOC111110772,2.30095089385323
LOC111137555,0.241103125460888
LOC111125506,1.77174438830604
LOC111106215,1.68478252799948
LOC111138035,1.19012670157767
LOC111112367,-0.48912494096841
LOC111114880,-1.26465280495419
LOC111122858,0.667117681884157
LOC111127432,0.140217283689747
LOC111138078,-0.0344094566952359
LOC111130189,-0.340412267815829
LOC111127217,0.153058762606356
LOC111134485,-0.0727929965788313
LOC111130499,1.70570944211564
LOC111130387,-7.12842590324834
LOC111121568,-0.622217801347894
LOC111124922,3.25688267835208
LOC111126227,-1.26150666953505
LOC111101298,0.497916007629809
LOC111125403,1.2144461095461
LOC111137226,-0.768977075984976
LOC111102396,0.018476283969567
LOC111124047,0.354840189636125
LOC111118696,-0.360707177431609
LOC111104744,-0.901673159801908
LOC111124923,0.421122339483179
LOC111118593,0.310192355821219
LOC111121859,-0.400162526705796
LOC111135389,-7.51244450086611
LOC111114465,-2.94257908953494
LOC111101363,-0.00770571296981764
LOC111124339,0.554533543073744
LOC111106242,0.274101979235401
LOC111138187,0.126997713632338
LOC111113158,0.978083674106564
LOC111119249,0.0312814367109904
LOC111111741,-0.0344080621755941
LOC111137528,0.627576930624848
LOC111137889,-0.380039602928345
LOC111133287,0.685326697679284
LOC111135558,0.412284173456127
LOC111129026,-0.542318655366459
LOC111120656,-0.453809037300056
LOC111132497,-1.07282714884474
LOC111113488,0.230206759196337
LOC111112770,0.861532300148373
LOC111120769,-0.0233064909367063
LOC111116643,0.23587529860258
LOC111116708,-1.97979703788609
LOC111114062,-8.53455660871728
LOC111115317,-0.100228315015189
LOC111128677,0.151682534969073
LOC111132461,-0.118399521604684
LOC111100110,1.83632447841268
LOC111112812,-0.626853306882065
LOC111123879,-1.08121294317054
LOC111114308,-0.748540457249141
LOC111116780,-0.126721944502984
LOC111136140,-9.4683083897399
LOC111133926,-0.292013040872658
LOC111127456,-0.136787222900317
LOC111123203,-1.19874980644325
LOC111102758,-3.60142226520284
LOC111100294,0.0486298157368611
LOC111135344,3.44355035232751
LOC111132940,0.568974291514722
LOC111118513,1.22303958801159
LOC111130548,0.896551541600303
LOC111135260,1.63554782682816
LOC111117441,0.943350732188279
LOC111128198,-1.30425892650769
LOC111133763,-0.252279048720612
LOC111106308,-0.238165344543384
LOC111099043,3.87442267823333
LOC111133696,-1.53993940567624
LOC111121357,0.46288532220719
LOC111124661,0.258594597230906
LOC111120892,-1.96127344664399
LOC111103791,-0.165802845772847
LOC111124978,0.380676847339433
LOC111110221,0.385861903645474
LOC111116962,-0.114584288663996
LOC111125309,-0.261873812310383
LOC111124326,-0.172190049560169
LOC111124409,-0.0551653517732393
LOC111102480,-0.115598837766765
LOC111123677,-2.35781509421601
LOC111099079,-0.616369211812411
LOC111099956,-0.431908329566004
LOC111119569,0.250233963376817
LOC111100867,-0.0344143541126769
LOC111129790,0.271405909395758
LOC111100459,0.929425176734322
LOC111118874,-1.05530186709592
LOC111117948,-0.13527554494154
LOC111138286,-1.4842686052329
LOC111121683,0.272113024288158
LOC111126572,-0.487871129493378
LOC111121975,-0.315158467797858
LOC111117248,0.176184693151171
LOC111137040,0.711279582234326
LOC111100588,0.666112202363035
LOC111120936,-0.888239943158932
LOC111133544,-0.47929404601873
LOC111110259,0.477306328966394
LOC111127097,0.179418785628683
LOC111136640,0.465140859960546
LOC111122007,0.684048736517955
LOC111107573,-1.00404453199134
LOC111120188,-0.14450694653105
LOC111125016,1.56852817682814
LOC111125845,-0.978462490483462
LOC111125668,0.141810419560597
LOC111112921,0.636027864002875
LOC111107215,0.242968120496649
LOC111122124,-3.29261859999892
LOC111103067,-0.44242268482351
LOC111119904,-1.07053766096072
LOC111100075,0.134684126073877
LOC111136475,-1.6014057385875
LOC111138440,-0.246306923587383
LOC111114977,3.64487039377381
LOC111125294,-0.0472435282905619
LOC111102911,-0.152522713716882
LOC111131007,-2.72409522253336
LOC111114612,-0.0343457126503962
LOC111113013,6.50361063733038
LOC111133164,-0.0344195165008845
LOC111111062,-1.3227342816687
LOC111124083,-0.252276566645142
LOC111122984,0.246582840289564
LOC111113545,-0.257818174608304
LOC111127160,0.16258288327676
LOC111113827,1.27871711521777
LOC111134585,0.737461485662084
LOC111120709,0.8239232883855
LOC111108142,0.102708988043855
LOC111115705,-1.54607350155876
LOC111123543,-0.229967717005891
LOC111112529,-0.205887365954552
LOC111104592,-2.70839976414716
LOC111136908,-1.27061770023034
LOC111135270,-0.0343790150126713
LOC111121021,0.221592761124513
LOC111128998,2.83359592747376
LOC111115954,-0.656000788321819
LOC111106698,0.385307953854042
LOC111119905,2.58097315538653
LOC111128930,0.935011838754209
LOC111109560,-0.0343662376502207
LOC111108712,-0.335911238956173
LOC111124594,-0.200832800288332
LOC111111373,1.5535810936665
LOC111127079,0.0938652233034748
LOC111112592,-0.564647812622643
LOC111129073,0.598279141697505
LOC111112969,-2.50599111643356
LOC111119493,0.94936639521983
LOC111119407,0.613165735614266
LOC111106444,0.719878354834449
LOC111117388,0.552241616987626
LOC111129057,-5.04332534112048
LOC111116059,0.476859219681403
LOC111114292,0.699813559431644
LOC111136432,-0.546964096300755
LOC111100524,1.38664998680765
LOC111113404,-0.00543268175744164
LOC111129273,2.03952666426666
LOC111132563,1.44415336834938
LOC111133444,-0.300214724321693
LOC111125046,-0.17404021893563
LOC111128185,0.644101054239896
LOC111105027,-0.746683148593356
LOC111119438,-0.198344098026531
LOC111137059,-0.0262523317895999
LOC111115050,-0.158483378844566
LOC111107185,0.522754974951066
LOC111105786,-0.0656940888190742
LOC111101422,-0.277911897249621
LOC111120032,-2.39635263668114
LOC111111413,1.9570100592266
LOC111119483,-2.45903448648731
LOC111099733,0.682620129077241
LOC111109685,6.03061415292315
LOC111099468,-0.975000104900692
LOC111135141,-0.631527006724411
LOC111119903,-0.06985413781454
LOC111127004,0.400407374882841
LOC111104000,0.474051251417918
LOC111121201,0.30507996640416
LOC111111747,0.270569414480018
LOC111099917,0.397941813765076
LOC111128247,-1.94667007740622
LOC111121352,0.169035129658353
LOC111116789,1.19193648189045
LOC111116492,-0.25222525040382
LOC111119739,-0.334233909808665
LOC111123575,-0.736266999851798
LOC111137360,0.139621533318212
LOC111100516,-0.23867352434547
LOC111124645,0.745056981795515
LOC111106525,-1.57038182723206
LOC111107834,-0.325414147035538
LOC111132698,0.140150960156054
LOC111123239,0.0952772193711623
LOC111135255,1.78290615407581
LOC111109901,0.193883856437292
LOC111099427,-0.562311624013437
LOC111128822,-0.395965233075786
LOC111121747,-0.575845414894757
LOC111101071,0.287124743734567
LOC111101568,-0.238090310364623
LOC111104705,-1.43252804408687
LOC111117973,-0.777957289232291
LOC111134615,0.582511686735988
LOC111124302,-0.999058892697977
LOC111129117,-0.665534646102931
LOC111119654,0.0508178988854789
LOC111137747,1.09751221252352
LOC111109155,2.03149738398094
LOC111106788,0.0854787272961494
LOC111120814,-0.0569628990703497
LOC111134030,0.285973790514173
LOC111120752,-2.34436791279061
LOC111126042,1.5982327398185
LOC111133847,0.14015099783952
LOC111130412,-0.0450767690518406
LOC111113068,-0.0344381591344633
LOC111127201,1.10338481629159
LOC111130656,-0.0058499648031658
LOC111122509,-1.59534903813156
LOC111131177,0.366422263722047
LOC111099936,-0.33842244445232
LOC111133243,-0.694524127427101
LOC111133883,-0.246304268510596
LOC111129564,-0.0462013212505089
LOC111132782,1.663035232914
LOC111137098,0.206674616586655
LOC111124527,0.0812482143564548
LOC111134829,0.163328300549902
LOC111127933,-0.309490086594036
LOC111126492,1.43600842669802
LOC111120797,-3.98317583576709
LOC111100347,0.531801514354591
LOC111136833,0.946217796608415
LOC111136571,1.2896643822962
LOC111128361,-1.03633936214315
LOC111105612,1.48562361514452
LOC111125740,1.01701215278957
LOC111135966,3.15504675730191
LOC111122660,0.658229385264557
LOC111127602,-0.857027996136784
LOC111130672,0.1285497562996
LOC111123493,-2.20117013633775
LOC111105753,-0.398650942049221
LOC111112736,1.88768882466406
LOC111119309,-0.47544530834416
LOC111119306,-0.331256054839387
LOC111130628,-1.08605017804019
LOC111122876,-0.757024591236492
LOC111101184,-2.16249300106029
LOC111134468,0.631741930615425
LOC111136202,-0.481324728018081
LOC111121097,1.98605317860031
LOC111137562,0.652620447453145
LOC111129047,0.456143910465993
LOC111137875,2.53429753393657
LOC111101238,-0.280328106713208
LOC111100714,-0.440500571544858
LOC111101100,0.897457508624096
LOC111122371,1.05330173028662
LOC111116026,-0.137294185741059
LOC111129587,0.227465869235848
LOC111121988,0.535040232669576
LOC111104703,0.634648493413755
LOC111134855,-1.78305552683861
LOC111117968,0.429195754799639
LOC111133992,0.929656478720499
LOC111115720,-0.714723336132463
LOC111107393,2.15043054358601
LOC111125656,0.521048902989821
LOC111138026,-0.0458386713980544
LOC111137270,1.05788152952748
LOC111102614,0.226796318081822
LOC111108460,-1.65530136980637
LOC111101086,1.73744173556594
LOC111116857,-0.495849971928732
LOC111123856,-3.07561022398742
LOC111121304,0.54434310621416
LOC111102645,-0.73625363505583
LOC111117284,0.685092115982391
LOC111114368,0.700396683981547
LOC111114597,1.89746030563745
LOC111128170,-0.148835668849301
LOC111112925,-0.762795820093816
LOC111113357,-0.123463188698143
LOC111129935,-0.232570091596828
LOC111119322,-0.25132430774406
LOC111120322,2.66044093834362
LOC111115257,-0.825617156017321
LOC111126007,1.12212210100559
LOC111135575,0.672935932635351
LOC111101808,1.8475573194867
LOC111133322,-1.6637071872549
LOC111114428,-0.649601020411611
LOC111135261,-0.588854010335082
LOC111114455,0.171168849353245
LOC111121583,0.989533325151807
LOC111135694,0.54764541769151
LOC111125519,-0.213033304815754
LOC111117490,-0.933523575131989
LOC111110733,-0.563506029596061
LOC111123321,0.360724163387404
LOC111122417,-1.03472093092307
LOC111114986,1.11928827152885
LOC111105130,-0.339006481414936
LOC111112037,3.25543937136422
LOC111122173,0.18088186074066
LOC111123243,0.819436146710957
LOC111129464,1.85910399230356
LOC111114743,-1.78441089211327
LOC111130346,-0.782958796527149
LOC111100286,-0.0795137347519898
LOC111111974,-0.349454549695404
LOC111130967,0.110248149276964
LOC111135029,-1.1378101874107
LOC111129685,0.834313423577343
LOC111116396,1.16349958170788
LOC111110163,-1.13809329649452
LOC111110477,-0.632514524513963
LOC111129065,-1.78583619760958
LOC111101485,-0.0576841031548569
LOC111136205,0.340352939216448
LOC111120791,-0.598664006898312
LOC111123623,0.510435878353712
LOC111135363,0.235669990852917
LOC111118461,-0.519354624953002
LOC111118258,0.253897702316857
LOC111108487,0.480615657290849
LOC111109277,-0.0336243957228275
LOC111118246,0.374469428756391
LOC111128127,0.0171788376911067
LOC111121478,-0.538863361617166
LOC111130744,0.57271124108015
LOC111117241,1.29809819739921
LOC111100381,0.50268009340933
LOC111109425,0.489864616194164
LOC111137178,0.274411083408028
LOC111107130,0.257345762657273
LOC111123792,0.393839267165237
LOC111133751,2.48663585022432
LOC111127421,-0.0244325358710917
LOC111108239,-0.0759171423259227
LOC111131134,0.611304404929326
LOC111104355,-0.237655390496056
LOC111132026,3.46678215103315
LOC111108623,0.0010147829309667
LOC111131656,-1.02131837048404
LOC111113419,0.478472432312517
LOC111106396,1.331155104535
LOC111103595,-0.81892578127953
LOC111128006,-0.689490352853398
LOC111129060,-0.56488510912153
LOC111110051,-0.330336427172948
LOC111105189,-0.0109191250416499
LOC111124168,-3.96336549093559
LOC111123587,-0.144526482448999
LOC111100642,0.095121029502045
LOC111135235,-0.378920655142685
LOC111106019,-0.345444828646149
LOC111131038,-0.0882847621583512
LOC111130571,-0.392756747493006
LOC111130344,1.61879664890786
LOC111131343,0.703416360878623
LOC111135994,-0.46240756348299
LOC111121040,0.617240010015642
LOC111116946,-0.484991063554364
LOC111130747,-0.0280211989011475
LOC111109311,1.1542932531927
LOC111116747,0.839404820818103
LOC111118727,-0.41815120334644
LOC111114667,0.276094820053061
LOC111104292,-0.047249039357227
LOC111117130,-0.0344032016505061
LOC111103427,0.128363388964989
LOC111116088,-0.0905013953777144
LOC111108787,-0.229304820336271
LOC111123641,2.60319554448667
LOC111123447,-2.4353444910531
LOC111111063,-0.0907737652541808
LOC111136061,2.7172134308137
LOC111132939,0.372042676313608
LOC111114491,-2.00032772866566
LOC111113987,0.271167590058099
LOC111126925,2.23648401444626
LOC111134121,-0.0297000106289234
LOC111111272,0.161848106841644
LOC111099790,0.138303862257446
LOC111119420,-0.0535971229017428
LOC111124298,-0.630474272238027
LOC111128067,-0.615115713381362
LOC111116497,0.0559412453421402
LOC111115154,0.513413703167984
LOC111104317,-1.36276758956722
LOC111126247,-0.338012467934041
LOC111115740,0.0325903606721307
LOC111134077,-0.678197473433698
LOC111131583,-0.394275820902412
LOC111114643,0.395957755132599
LOC111113297,-0.0424944741328673
LOC111101623,-0.675556692836919
LOC111110475,-1.37582979347391
LOC111129668,0.311826584749854
LOC111137596,0.330642049083445
LOC111104124,-0.498318697448601
LOC111108272,0.353864241266187
LOC111133501,-0.200332961125952
LOC111128428,-0.00530522369113387
LOC111112923,0.0384743337546538
LOC111119866,-0.660350502715436
LOC111121897,0.116635095774412
LOC111126238,-0.263568324144617
LOC111135086,-1.97708887498451
LOC111120386,0.129299584776819
LOC111111566,-0.0414800155141951
LOC111129975,0.400423265945931
LOC111102053,1.34210614692391
LOC111113176,0.275026734875721
LOC111114559,-0.0729197624762823
LOC111119833,-0.515188299068379
LOC111134666,-0.998878486291076
LOC111124237,0.336771759695498
LOC111122590,-0.229072125675227
LOC111125091,-1.45059686111568
LOC111135959,-0.369021429421659
LOC111105199,0.948259090932942
LOC111120255,-0.780393044268948
LOC111106647,1.08732131742584
LOC111129560,-4.72677013230551
LOC111137843,-0.360573690599418
LOC111136925,-3.79131663350655
LOC111126284,-1.06684234845117
LOC111104998,-3.24292300455684
LOC111125223,0.322045644590493
LOC111116650,0.757098344016329
LOC111111633,-1.26467693918299
LOC111134629,2.35792678077746
LOC111114231,0.956041570532104
LOC111115220,0.956949116154704
LOC111119947,0.52655577218929
LOC111131837,-0.299098466067225
LOC111120745,0.332075619228592
LOC111119472,-0.170103833749103
LOC111101883,-2.83436950717217
LOC111120320,-0.228654464823452
LOC111128464,1.84959079217227
LOC111126132,-1.21135496225485
LOC111135983,-1.36876195762939
LOC111115964,0.201172585009629
LOC111118499,0.0489467117336281
LOC111099183,-0.697994445314758
LOC111111431,0.406375051119536
LOC111126052,-0.153006780928212
LOC111108639,0.546051176628295
LOC111123422,-0.984150261132709
LOC111108955,-5.1021472468913
LOC111112931,0.353686623638161
LOC111113416,-0.746370286634116
LOC111136341,1.1077088449682
LOC111120422,-0.0217347395857393
LOC111129480,-1.16988015973283
LOC111099736,0.0945671322195849
LOC111125247,0.782673715226378
LOC111137849,13.0893659181504
LOC111099516,-0.44078948425399
LOC111128202,0.0570042265180649
LOC111114737,0.29015686313014
LOC111107578,-0.480973874440376
LOC111101575,1.01846367796553
LOC111099171,0.15757384653533
LOC111128454,-0.336109830353704
LOC111132283,0.357943112563289
LOC111121103,-0.976643276478029
LOC111127162,0.776555930524743
LOC111121335,0.0394414030423038
LOC111103202,0.0555625042831715
LOC111130537,0.266090851556887
LOC111127882,0.122761731578085
LOC111131458,-0.724675597947699
LOC111118054,-0.896641771904878
LOC111132979,1.8648826414932
LOC111127503,0.0445348584652087
LOC111134549,0.0976558586897137
LOC111111195,-0.763689890495946
LOC111101359,-0.550381982519207
LOC111129013,-0.393126547383497
LOC111126185,-0.257259328422074
LOC111101256,1.90465331117308
LOC111110057,0.122478600273724
LOC111133773,-0.0516058820436365
LOC111119502,14.2077105599486
LOC111136845,-0.437141140761652
LOC111119166,0.356634988804079
LOC111105539,-0.0696006787754842
LOC111120537,-0.17346541475174
LOC111105213,-1.79796287887675
LOC111138513,1.8841546068094
LOC111120805,-0.0161790486896042
LOC111135879,0.140173431173914
LOC111137834,0.0763275368573779
LOC111125653,-4.70062610883637
LOC111115537,0.872982490442033
LOC111129989,-1.62225079381575
LOC111122289,0.821196609603501
LOC111120297,0.399411506316653
LOC111112038,-0.693837879101675
LOC111100793,0.773874328546511
LOC111116947,-0.120114713663287
LOC111127243,29.6495964711089
LOC111122035,0.164399557710284
LOC111130529,-0.972328248057936
LOC111115544,-0.210378719395497
LOC111130933,0.751546686443449
LOC111135973,2.79359369911777
LOC111128588,-0.644070226429172
LOC111116236,0.87109055265553
LOC111118026,-3.828359963654
LOC111111083,-1.57128501331116
LOC111099503,2.01366819099057
LOC111130368,0.108354099824662
LOC111131236,-0.315776455493265
LOC111117874,-0.836841226479462
LOC111120803,0.166374857892813
LOC111137016,-0.111927270800403
LOC111125334,-2.31562287862863
LOC111109647,-0.464804480453326
LOC111124010,0.0367307393822022
LOC111134342,-0.230309119255094
LOC111128684,0.867670748735084
LOC111099687,0.137443478811151
LOC111106660,0.587387611605877
LOC111119412,0.641765494849812
LOC111132894,-0.119039300978183
LOC111121122,1.13888430388226
LOC111126732,0.110397997026234
LOC111128309,-0.51870758578419
LOC111106253,-0.277121896307631
LOC111108724,-1.10579575990898
LOC111137301,0.591517305230735
LOC111109288,-0.0343573771528048
LOC111129738,-1.87484128135982
LOC111116097,-0.239551556786197
LOC111138348,-0.149569944242247
LOC111131330,-0.933091334777949
LOC111101918,-0.0406207878174273
LOC111130165,-0.596349092312455
LOC111130015,-0.289365396127084
LOC111130703,-4.24311464089041
LOC111123459,0.372914785824357
LOC111099571,0.442563431114859
LOC111099169,0.25827893674153
LOC111109896,0.144995838912205
LOC111121377,-0.365626402008013
LOC111137606,0.405746650182155
LOC111107041,0.386759900415816
LOC111106289,-1.75596596276033
LOC111110224,-9.82001410544762
LOC111103359,-0.0343784759449846
LOC111099093,-0.179110008826181
LOC111109697,0.44990812223092
LOC111106954,0.0197595791025471
LOC111109653,-8.07233806812018
LOC111120739,-0.90781302700942
LOC111111338,-0.336389923515012
LOC111124862,-0.978596757473966
LOC111114024,-2.95223244094339
LOC111113024,0.484329095202715
LOC111113031,0.137999472881815
LOC111129977,-0.168607980914365
LOC111129420,0.888497420730841
LOC111133034,-1.56741151759691
LOC111103357,4.02971546648731
LOC111120620,0.158248050292219
LOC111120621,-0.378743757968902
LOC111114248,0.838993325252159
LOC111100583,0.710765105026305
LOC111102745,-0.222146852001135
LOC111107431,0.125864114278877
LOC111128324,0.111137710823292
LOC111131637,0.0730232592548523
LOC111129872,-0.445481181726503
LOC111123467,1.99435997015363
LOC111137331,0.365817714703992
LOC111126217,2.51152071071986
LOC111121610,-0.189516604429972
LOC111125891,0.4265261289615
LOC111122790,-0.778201134049944
LOC111121702,0.641339908910629
LOC111104362,-1.21917422823802
LOC111125425,0.0474725352334316
LOC111104760,0.369172932927426
LOC111112833,-0.349438063528596
LOC111110090,-0.21411095386978
LOC111123974,0.0154794890900722
LOC111122103,-0.228446478079314
LOC111132933,0.845949698105399
LOC111129328,-0.701932705002042
LOC111102109,-0.974030764541273
LOC111112206,0.417217148121955
LOC111107639,0.331300727768968
LOC111119171,0.655224767575975
LOC111130307,0.10074055271973
LOC111123101,-0.127807854803739
LOC111125168,0.305128918272506
LOC111137094,-1.22250734271928
LOC111125149,-1.60254253519637
LOC111100724,1.45870628533409
LOC111107808,-0.123878684541596
LOC111108781,-0.325340717611435
LOC111101477,-0.713128753072362
LOC111113369,4.05631709234923
LOC111136039,-1.37321308535672
LOC111128751,-1.80555497381113
LOC111136543,0.210053617384047
LOC111121086,-2.02908208318021
LOC111115712,0.456576179872724
LOC111121465,-1.14089923948712
LOC111135350,-0.386795997296346
LOC111132985,0.363764980660814
LOC111100259,0.557146894774901
LOC111101216,0.716137061982187
LOC111122449,1.72655366855355
LOC111099460,0.578705342716743
LOC111136952,-0.0494458234381332
LOC111114843,-0.420307622460171
LOC111138488,-1.24112817837295
LOC111111607,-2.41470693645675
LOC111108381,0.353166552467075
LOC111126953,-2.21858778565018
LOC111130526,-0.263531319485722
LOC111107320,0.0409554767634039
LOC111103567,0.384094214712464
LOC111130428,0.00390794894505715
LOC111123435,-0.28925538809235
LOC111111418,-0.680460094577861
LOC111135071,0.562996952710091
LOC111120907,-0.17825977544556
LOC111122785,-0.410385291105119
LOC111120249,-1.01762046016824
LOC111129210,1.14699888040872
LOC111121834,-0.174285049411374
LOC111131422,-0.602207364700765
LOC111135837,0.280850514908725
LOC111112209,-0.862314500592541
LOC111114506,0.0346193424017658
LOC111138221,0.517174020978017
LOC111120035,0.359739347159479
LOC111136342,-0.679488539303939
LOC111122037,-1.08451748895711
LOC111108020,-0.275858560443743
LOC111108336,0.0425176782031752
LOC111106955,-0.878264175394403
LOC111130643,0.432591176579013
LOC111127643,2.24029889907311
LOC111136687,0.256813526913111
LOC111100450,0.499405621822535
LOC111133343,-0.445082768275409
LOC111135459,0.186844894475099
LOC111100299,-0.130569060320084
LOC111109264,0.117941343750636
LOC111108184,-0.544331604702858
LOC111127034,-2.15274863077624
LOC111115306,-0.349006017663977
LOC111100341,0.568528948742581
LOC111120169,2.06970190169671
LOC111135968,-0.0841742127262598
LOC111112559,-0.89366178235335
LOC111130872,-0.547310635356025
LOC111131052,-0.623755447339685
LOC111126100,0.0522855539662815
LOC111133495,-0.0367913011691907
LOC111099694,-0.506356930113582
LOC111135412,-0.0064307927054112
LOC111115506,-1.55016499646386
LOC111127964,-0.492130003283482
LOC111115149,0.569277532316184
LOC111106895,0.529234677448984
LOC111109846,0.20182125577705
LOC111106277,0.553239241592623
LOC111104666,0.782339966624972
LOC111101634,-0.617276846499382
LOC111130583,1.54737788286437
LOC111121173,0.0528736998008172
LOC111117586,0.583553904338057
LOC111113001,-3.96501706843417
LOC111113317,-1.17877357411675
LOC111135622,0.923695153049265
LOC111111509,-1.65831382086398
LOC111099216,-1.25347532321477
LOC111104074,0.552324473492956
LOC111115992,-0.886328442674626
LOC111103057,-0.0699814275524751
LOC111134046,-0.465040630351491
LOC111133872,2.71227049140468
LOC111123088,1.48677669042638
LOC111106598,-0.00961478231658358
LOC111103502,-4.28178958290994
LOC111137844,1.51931613532558
LOC111135749,-1.45590532100743
LOC111126399,-0.131553990051858
LOC111137853,0.113316160718111
LOC111118955,-0.494329299689321
LOC111114687,-0.112846190306783
LOC111117475,2.62156391279099
LOC111134568,-0.0640973375176758
LOC111117180,0.386101038251542
LOC111123667,-0.0370573797569297
LOC111113084,-0.0995339135325749
LOC111130365,-0.908432064590657
LOC111130478,-0.015174886888954
LOC111124936,1.71881988049696
LOC111101094,0.137258864569892
LOC111106260,-0.238255924346636
LOC111108665,0.708607205090921
LOC111119529,1.07749220399211
LOC111124777,0.999961049130928
LOC111118190,-0.704876901060998
LOC111106383,-0.356747965941924
LOC111122579,1.21986139630083
LOC111136265,1.89978594211723
LOC111116627,0.0939427480549564
LOC111106434,-0.210951548148421
LOC111113786,0.0939015076085291
LOC111123333,-0.655650115166203
LOC111105339,-0.0767527283661041
LOC111132124,0.135210904983817
LOC111111504,0.581427736619762
LOC111131182,0.466203114351019
LOC111118110,-0.555569201538261
LOC111134700,-0.0239451022416473
LOC111100965,-0.0959033167381259
LOC111129865,-0.00666321800862244
LOC111099745,0.254557335946725
LOC111100871,5.18033449282326
LOC111134414,0.169532090749945
LOC111114610,-0.884798906743832
LOC111127999,1.27838695291679
LOC111109823,-0.00305581725737628
LOC111103246,-0.0413069535845078
LOC111117922,0.0775582267422372
LOC111138245,-1.58559177394901
LOC111136112,0.254061677591435
LOC111108658,-1.12815225203965
LOC111133953,-0.0343616096136645
LOC111106022,1.22647452732403
LOC111106824,0.859646575894043
LOC111138412,-0.53098899459615
LOC111112352,-0.447054398249381
LOC111110606,-0.636881449040602
LOC111122204,1.4664139260646
LOC111100693,0.895044024956316
LOC111114896,0.628487313966101
LOC111135208,2.16117473141269
LOC111130175,-0.999532180133467
LOC111133766,-1.48245282132001
LOC111133942,-0.920285098877684
LOC111115261,-0.585845917732743
LOC111123776,-0.0810664139943537
LOC111130661,0.625948961847075
LOC111099766,1.05159920039712
LOC111118585,-0.808258450351819
LOC111117041,0.22886719506771
LOC111103121,0.525784954888155
LOC111110608,-0.250263854279389
LOC111109441,1.12689795704563
LOC111103144,-1.10723486589486
LOC111103143,-0.797314084419408
LOC111130690,-1.04925853687162
LOC111129290,-0.56231082462348
LOC111137387,-3.89563769908215
LOC111129556,-1.35202351814008
LOC111135671,-0.428987846555483
LOC111132861,-0.540104198541197
LOC111126876,-0.0537076732728531
LOC111099047,0.970747470848751
LOC111136643,0.268920504622922
LOC111113269,0.154302308946152
LOC111118766,-5.11753885736318
LOC111114606,0.373828839709735
LOC111129910,-1.136106904473
LOC111136043,0.305314247507573
LOC111132975,0.14654215927499
LOC111127836,-52.1457716863978
LOC111115385,1.62962834332219
LOC111117500,-0.506795554766579
LOC111103542,-4.01312208556101
LOC111104407,-2.52813821962105
LOC111101943,-0.506244181258575
LOC111109463,5.92031419418095
LOC111110798,0.315210589514884
LOC111101617,-1.1312168506679
LOC111108180,-0.717497078672657
LOC111133667,0.93386712114632
LOC111110974,0.244036621342927
LOC111109309,0.433624726828573
LOC111136731,2.84175775315774
LOC111114560,0.579040419024915
LOC111099679,-2.85245361778472
LOC111100598,0.844733741858611
LOC111109862,0.496174754644908
LOC111131599,0.0687024509407915
LOC111104244,-2.09510794151505
LOC111101511,0.155518575435559
LOC111115255,-0.468053486148142
LOC111135239,-0.171949460312188
LOC111131718,-0.315986218537675
LOC111109201,-2.63190417083738
LOC111110989,-0.264985632280943
LOC111119673,-1.00241260999369
LOC111123001,-3.7722368484043
LOC111127837,0.374286380383821
LOC111102860,0.444585799399385
LOC111137947,-1.82553413332112
LOC111109388,0.706337337590616
LOC111120650,1.66101915836975
LOC111108963,-0.41416395260788
LOC111123884,-5.49095427197646
LOC111114790,0.111451923521205
LOC111117510,0.0654521430307391
LOC111102661,1.16898059861045
LOC111129788,1.20858273354847
LOC111117877,2.92491146536952
LOC111123751,0.269988241307192
LOC111124559,-0.870951894308678
LOC111100861,-0.0595991556288551
LOC111126915,0.0679780041660934
LOC111130858,-0.247792309924858
LOC111130510,0.726569283458106
LOC111136836,0.041179258218338
LOC111135661,0.529641473957397
LOC111135590,-0.315749401262876
LOC111134816,-0.887261795991973
LOC111119012,-0.661031557899582
LOC111119216,-1.0946199967764
LOC111121578,0.331304319417877
LOC111131630,0.163122466928563
LOC111110729,2.48171756085189
LOC111136287,0.0497971131717253
LOC111109768,3.17696913800256
LOC111133442,-0.606850400587747
LOC111124436,0.518494507427301
LOC111130825,-0.767336370486282
LOC111101529,-0.183507111906453
LOC111111951,0.35315921235313
LOC111132186,-0.0934070715396525
LOC111118161,-0.701420231692321
LOC111136083,0.26989003120923
LOC111135326,-1.10432762073104
LOC111120911,0.155999392816213
LOC111111555,0.363089952288583
LOC111137126,-0.348717955949329
LOC111128523,-0.539554703195721
LOC111122382,-1.81407317203583
LOC111109195,-1.36897625596229
LOC111106362,0.771150259997185
LOC111120028,1.0150417163157
LOC111129088,-3.59607270323181
LOC111135903,0.0654373378515901
LOC111134949,-0.311747098866571
LOC111120397,0.531810815199424
LOC111128839,-0.332028369601943
LOC111110016,-0.0459915588237759
LOC111127758,0.319384985797387
LOC111130546,-2.76946811885834
LOC111116160,-0.332586827479707
LOC111123210,-0.676709221411129
LOC111116326,0.263534952260425
LOC111135148,-0.586564087978707
LOC111111776,-0.599341589976282
LOC111119508,0.413729375678766
LOC111118894,-0.692754351477042
LOC111137900,2.86206025699566
LOC111106095,0.321046855557208
LOC111129393,-0.0196284255116172
LOC111107123,-0.0343917727689547
LOC111117317,2.07162242813255
LOC111122379,0.561467601169568
LOC111116168,-0.11336937635972
LOC111119416,-1.5662473783233
LOC111133176,0.127416558883362
LOC111109648,-0.0925172895187775
LOC111108652,-6.89768957636692
LOC111120395,-0.0901879076087308
LOC111121321,0.317965906937902
LOC111110666,0.453525946869645
LOC111111483,-1.95743647164022
LOC111108303,0.624794164341966
LOC111108378,1.86927935860177
LOC111100476,0.233018700529237
LOC111117800,-1.83796592958087
LOC111103220,-2.80144705830901
LOC111136209,-1.04120874752576
LOC111126061,-0.393740546170303
LOC111113421,1.70237067492422
LOC111128094,-2.30087977867836
LOC111134364,-0.202939563250144
LOC111135518,-0.649770374647795
LOC111129897,-1.20279396666275
LOC111137536,0.388936454684452
LOC111135382,1.75016476803253
LOC111107144,0.0709075830320754
LOC111135703,0.0565793494467097
LOC111101099,1.39676412169965
LOC111126828,-2.83811726019808
LOC111131367,0.506245904712865
LOC111111866,-0.0156100380355321
LOC111100928,1.05636472550232
LOC111125560,-0.779925054737269
LOC111104367,-1.4678095876323
LOC111105035,1.93017016569228
LOC111101873,-0.502312132989539
LOC111134157,-1.15457430554744
LOC111107115,-0.369853974050823
LOC111127351,-0.76344121761476
LOC111127843,-1.01669070869121
LOC111136961,0.1647689082127
LOC111132171,0.177357071857076
LOC111134366,-1.25454828906877
LOC111121014,0.587360107334212
LOC111112121,-0.978799366213094
LOC111119072,0.103930903195442
LOC111134757,0.201661082161437
LOC111108770,-0.161596309088383
LOC111104676,1.41171832758404
LOC111130853,-1.28370475358407
LOC111132715,1.50907076683096
LOC111122224,-0.316082419193632
LOC111114393,-0.130999357613551
LOC111123008,-0.355845636123833
LOC111100352,-0.166550665328022
LOC111123958,0.779712772068419
LOC111126627,-0.626197809257775
LOC111101799,-0.253622219302306
LOC111128134,0.543043471840446
LOC111118042,-0.258548420377638
LOC111125323,-0.579472255257733
LOC111122157,0.176274798354936
LOC111135070,0.843181142047172
LOC111104349,-0.765721052782409
LOC111118505,-0.557036477863769
LOC111127175,-1.80270552824441
LOC111131267,-0.938583270633497
LOC111111660,-0.987502838968632
LOC111102902,0.308572545224872
LOC111108062,0.851341082453682
LOC111125966,-0.236398587439031
LOC111128646,0.00975607728477371
LOC111120576,-0.95045912916877
LOC111121986,-3.24216377782146
LOC111119402,-1.5527995318597
LOC111101550,-0.8071929062733
LOC111106611,0.671547449909908
LOC111110775,0.0442883191819777
LOC111113167,-2.85575422462832
LOC111104221,3.84397725532178
LOC111128164,-0.554032399987647
LOC111118482,-0.137415996490637
LOC111119932,-1.07752187987872
LOC111099077,-0.7649907225051
LOC111114632,0.50478876603663
LOC111134031,2.1992024945515
LOC111102434,1.12722258533901
LOC111106355,-0.244683387380047
LOC111100403,0.522066203755917
LOC111133403,2.62530673689711
LOC111136471,-0.0652021107183684
LOC111128830,1.85973444309276
LOC111128005,0.812993836678007
LOC111102207,1.14525534060323
LOC111119229,0.714995410536641
LOC111123367,-0.09088354387296
LOC111114715,0.747038251766701
LOC111105198,1.58518783580016
LOC111113239,-0.421228937906224
LOC111106157,-1.24237884808389
LOC111113825,-0.499382615958288
LOC111119448,-0.0558874212972718
LOC111136172,0.272739597688992
LOC111107172,-1.39280344624317
LOC111137509,2.3079440820823
LOC111105030,1.12842795853673
LOC111132543,-0.442841926044329
LOC111127017,0.997314787351508
LOC111127016,1.63751858421537
LOC111100503,-1.7849680631154
LOC111101031,1.81556577403743
LOC111111003,0.332318119223035
LOC111110981,-1.86885407019167
LOC111123379,-2.63313496011226
LOC111111231,2.1661919471007
LOC111126386,1.61456539017334
LOC111132340,-0.0145796513690744
LOC111100191,-0.474819367334829
LOC111116906,0.118570599190457
LOC111123086,-0.444306770332305
LOC111110628,0.500409821905724
LOC111127419,0.108239680327075
LOC111104428,0.940237778362208
LOC111126494,0.491308682598411
LOC111133010,-0.964034919406695
LOC111120975,-0.434204265930559
LOC111115124,-0.115713678523365
LOC111136747,-0.813984016762651
LOC111133658,-0.762859193867114
LOC111126444,0.316703723356901
LOC111110150,0.910514030073251
LOC111124765,0.325482570413665
LOC111111024,0.519012319876504
LOC111120433,0.713867773619992
LOC111135018,-0.0732330674225072
LOC111126280,-1.82484966143858
LOC111132418,-0.0763206162437566
LOC111109352,0.299668432486067
LOC111100789,0.0498512097745831
LOC111118587,0.0928944116592811
LOC111133651,1.29960447527281
LOC111116710,0.939177672461255
LOC111136951,-0.376719420269566
LOC111112810,-0.114207994321319
LOC111120799,1.12434398269489
LOC111128095,0.478319529164626
LOC111117033,0.546614377323711
LOC111134316,-0.557014167474373
LOC111115927,0.739357396664168
LOC111118841,1.91855744731133
LOC111120106,-0.213142586068942
LOC111099863,-0.666698586080808
LOC111109737,0.325373302869246
LOC111121264,-0.894376867337024
LOC111115822,-0.341690290863227
LOC111118597,-0.389894282751042
LOC111128697,0.00738371174529095
LOC111127471,1.74213534826454
LOC111136613,0.303619849487759
LOC111135093,-0.415845538707189
LOC111112141,-0.252188651003961
LOC111100088,-0.882172658009446
LOC111100809,-1.16619741818871
LOC111100003,0.110332722708826
LOC111136696,-0.626050527495179
LOC111129962,-0.331220571199999
LOC111100171,-1.67217507183266
LOC111117930,0.132336240556674
LOC111117059,4.98151558288292
LOC111124789,-0.10958655799649
LOC111122431,-0.570875068428586
LOC111135780,1.44706155687787
LOC111110398,-0.642025031267403
LOC111108786,0.377813557524586
LOC111134013,-0.695780571854502
LOC111129570,2.76929551427317
LOC111115731,0.459306195367428
LOC111107599,3.37162856163275
LOC111137416,-0.0814780426561501
LOC111131400,0.0413089715959493
LOC111113554,-1.98939022372268
LOC111099168,0.153984317992439
LOC111123644,0.0431855121242495
LOC111138088,-0.152126897758854
LOC111126967,-0.0391226945922922
LOC111132738,-0.53940407387866
LOC111123061,-0.00765856699708655
LOC111117344,-0.423458992750972
LOC111130293,-1.28967438943785
LOC111137373,-0.180767496115104
LOC111133229,-2.40000409701483
LOC111128708,-2.63698468096879
LOC111112629,-2.99379645854407
LOC111106980,-0.509805014297568
LOC111137969,-0.949576714537521
LOC111136993,-1.98710358211163
LOC111126320,-0.0322021418720374
LOC111126886,0.438069947593725
LOC111101285,-0.0995207007545763
LOC111121257,-1.01520513282318
LOC111110978,-3.2045281521893
LOC111107958,-0.203718970581488
LOC111104523,-0.742794654769294
LOC111126220,-1.19633753318773
LOC111119826,0.837918231392742
LOC111129348,1.13883925485493
LOC111127912,0.0629606409627734
LOC111116881,0.378128586981197
LOC111118050,-0.452618388238211
LOC111122141,-0.0777903533050591
LOC111136236,1.61621814133408
LOC111126333,-0.0791594214711627
LOC111100836,0.0774263134723494
LOC111134140,-0.122304173752147
LOC111101507,-0.329389816035177
LOC111120819,-1.60604475980652
LOC111101497,0.229202042687824
LOC111120816,0.618889281784249
LOC111113892,-1.16656081643479
LOC111124713,-0.736306532997472
LOC111132723,0.364812708178446
LOC111100585,-0.456935168061889
LOC111111995,-0.651785737574768
LOC111128601,-0.0222794202978772
LOC111133545,1.81256023687008
LOC111103776,-0.667353289353392
LOC111099775,-1.56356162530531
LOC111118976,0.64878452027397
LOC111138179,-0.795527471787749
LOC111129100,1.36701914744437
LOC111133153,1.6783991249696
LOC111109291,0.0720548924731508
LOC111124805,0.0596598284220104
LOC111112985,0.549227756601584
LOC111117732,0.301609600817487
LOC111124321,0.731009003481172
LOC111107796,-0.540481819311659
LOC111128477,-3.43672907902571
LOC111120298,-0.0343866192619208
LOC111122934,0.275335828805058
LOC111124219,1.37403223662728
LOC111135681,-0.610872801337845
LOC111112446,-0.0282753049989689
LOC111131865,-0.128494586138619
LOC111099603,-1.48608667019014
LOC111124773,0.862602439474493
LOC111130318,1.16381482823075
LOC111103180,-1.15596905331932
LOC111111936,0.582579559894987
LOC111110414,1.54479793709195
LOC111132232,0.0168954450231716
LOC111124188,-0.309044661688013
LOC111131009,0.535159159835013
LOC111118683,0.0460014413591781
LOC111101881,-0.203828508544304
LOC111121063,0.616324099763935
LOC111130711,0.217290141423588
LOC111118397,-0.720627041007242
LOC111119605,0.988985533018355
LOC111112866,1.76857563051331
LOC111138237,-0.419613549301391
LOC111124487,0.112463452670731
LOC111136970,0.441038621277216
LOC111112210,1.12203111008741
LOC111100363,0.219704421662128
LOC111108067,-1.65791937794192
LOC111124335,1.49611951851941
LOC111100446,-1.93686947174944
LOC111123002,-0.07411264878308
LOC111130768,-1.11392312194206
LOC111123731,0.323937120943581
LOC111101396,-0.526638700275343
LOC111127392,0.44357511015928
LOC111109149,-0.719321004280323
LOC111120400,1.84959028377886
LOC111112150,1.36765828453723
LOC111136126,0.0713449213061721
LOC111116649,0.20237741447871
LOC111120077,-0.877713739872899
LOC111131751,0.0273862732414697
LOC111117017,-0.402521300246176
LOC111136955,0.514972783222876
LOC111126137,0.015361228110781
LOC111134805,0.42377916258189
LOC111134804,0.203427853908327
LOC111107387,0.166824183918275
LOC111130713,-0.782262129885084
LOC111119606,-0.361379558696289
LOC111101449,-6.29552646397588
LOC111111718,0.696020808284192
LOC111120359,0.476280706999006
LOC111116804,-0.163925489617472
LOC111126972,0.0956665630157434
LOC111122434,-0.0724847127427155
LOC111137657,1.29452733681739
LOC111131031,0.39139377526545
LOC111112133,0.156845161000448
LOC111099580,-4.44435836251065
LOC111099650,-0.528670156434183
LOC111114341,-0.00481458293881392
LOC111111096,-1.19842136983533
LOC111123562,-0.465767299878738
LOC111134807,0.509902033004975
LOC111110252,2.74010898569834
LOC111110376,0.137640338729688
LOC111121647,-2.96836052317249
LOC111114180,-0.187749414247518
LOC111125993,0.916017060755457
LOC111109397,0.0939890994660024
LOC111109797,0.303834950636495
LOC111136004,-1.98613666151598
LOC111107588,0.0442142353439623
LOC111135331,0.382686183042493
LOC111117072,-0.229980871076877
LOC111129942,2.44923317652779
LOC111114985,1.80530999999498
LOC111137005,-0.402804463142328
LOC111130340,3.80417678122054
LOC111128904,0.831078655023491
LOC111115640,0.0330686932136853
LOC111138317,3.61404865502347
LOC111123516,0.984594604551281
LOC111129488,-0.167079867397034
LOC111133572,0.0812458335760107
LOC111108121,-0.561126185739443
LOC111107210,-0.101863789774952
LOC111136146,-0.368467422566598
LOC111119096,-0.896320057907885
LOC111134952,0.934102296780074
LOC111134839,-0.0150419483262291
LOC111115217,-0.143752640748803
LOC111102936,-0.137483901795645
LOC111127610,0.921308508428956
LOC111120851,-1.93605124342974
LOC111127179,-0.340431135016955
LOC111138020,-1.21821455337566
LOC111100611,0.241294001450896
LOC111109161,-0.723576179330544
LOC111128568,0.144508784395436
LOC111112877,-1.11284006018759
LOC111130741,0.944315779237978
LOC111128076,-1.86958826134933
LOC111131098,-0.0597499877976924
LOC111114411,-0.341516731876085
LOC111129451,0.0879081961213852
LOC111106697,0.293957103275465
LOC111137948,-0.423017707176075
LOC111132911,0.61866719673985
LOC111133284,-4.35222315344523
LOC111135911,0.271693826520259
LOC111123862,0.56980957156551
LOC111112875,0.421076872290241
LOC111136604,0.0132642273788604
LOC111111043,-0.123870933411768
LOC111135257,-0.659368622352229
LOC111128560,2.76370030028302
LOC111131808,-0.842079810286908
LOC111137665,-0.0144556199537612
LOC111128130,-0.258203924100927
LOC111106465,-1.11541078154375
LOC111126002,1.25620894499275
LOC111136927,-0.26348066093837
LOC111130086,-0.365596653022242
LOC111136882,1.76417400621352
LOC111126037,-0.0096715022401715
LOC111136794,-0.788216205186114
LOC111114549,0.469745990581723
LOC111111354,1.29314023926252
LOC111100765,-0.0977315979251605
LOC111129357,-0.15142912839841
LOC111123633,1.30888715888372
LOC111136880,1.06294469990821
LOC111110674,0.665726773084311
LOC111120215,-0.0343795183342502
LOC111125026,1.28743163303054
LOC111112669,-0.317554116812295
LOC111129365,1.00651791093839
LOC111112666,1.70412644509929
LOC111104550,-0.103016937307851
LOC111124189,0.648702989906339
LOC111121248,0.824463887039968
LOC111099845,-0.761804650343821
LOC111104347,0.434111114494801
LOC111109540,-0.444438127156013
LOC111120137,-3.00502030164005
LOC111123242,-0.50870502393194
LOC111136910,-0.710287446759897
LOC111121346,0.192656457539135
LOC111110314,-1.05539286955068
LOC111105029,0.622194509242584
LOC111134940,-0.291959025617367
LOC111125817,-0.97429891602918
LOC111110630,0.195573102369449
LOC111135022,1.09492782393799
LOC111121081,-1.51028473991561
LOC111114033,-0.083596516723017
LOC111107840,0.283918560188209
LOC111125812,0.174612802015389
LOC111108653,-0.876649113493809
LOC111118002,-0.645692565013283
LOC111123029,0.937627702835612
LOC111120345,0.0327662289226314
LOC111118372,0.298215251432901
LOC111137069,0.00201704437223573
LOC111112434,0.313878997206254
LOC111108247,1.05761968276839
LOC111125499,0.209520955750536
LOC111130274,0.133153447735767
LOC111103914,0.862973115460828
LOC111125618,0.41942974977354
LOC111112627,0.12599476280184
LOC111118957,0.597547814943336
LOC111121266,1.26423744752086
LOC111110393,-0.880618171465071
LOC111128435,0.889647129799656
LOC111107814,0.783357934026749
LOC111116726,-1.2531728035046
LOC111138257,-0.859244892113533
LOC111103848,11.1245457576506
LOC111108372,0.17200424928751
LOC111109569,0.104886585310576
LOC111125148,0.00822962500878963
LOC111126562,0.107557574758754
LOC111100065,0.0730635902477451
LOC111126883,-3.38615865407124
LOC111124613,-0.361110059765311
LOC111118352,-0.377241153326972
LOC111112808,-1.90581587065233
LOC111119907,-0.421728923108976
LOC111129961,-0.222339221862055
LOC111134704,0.624453551331198
LOC111100628,0.0638803145238499
LOC111114741,6.22187045494326
LOC111126226,1.61863356064369
LOC111119116,-0.115421515288923
LOC111121657,0.12633519485753
LOC111126706,0.0997336327552931
LOC111112180,-0.445799783593264
LOC111124534,0.409617424116712
LOC111128029,0.61556064458826
LOC111130671,0.0647399369428068
LOC111136200,-0.381077181157602
LOC111102064,0.254223782674495
LOC111105291,0.52829835791984
LOC111131758,-0.058753969005954
LOC111105810,0.253258177565354
LOC111130742,0.975225909920819
LOC111105144,-0.260230731571959
LOC111128872,0.826491741673417
LOC111137740,-0.582063584438792
LOC111119119,0.183287987801362
LOC111128436,-0.151374838009138
LOC111138185,-1.57527228426312
LOC111136072,0.547270870181963
LOC111124938,0.0289859532085716
LOC111107537,0.0522916864713887
LOC111122308,-0.240097055727655
LOC111110028,0.262932547154116
LOC111121093,0.548932409265571
LOC111127804,0.503287251419732
LOC111137862,0.558916948289257
LOC111135755,0.149724064468342
LOC111136121,0.63472155132411
LOC111117384,1.47351492956993
LOC111129145,1.39782900094504
LOC111127863,0.800089733154781
LOC111136028,1.63769543729164
LOC111128278,1.31874143666393
LOC111124348,-0.282349194376436
LOC111117179,-1.12742908856921
LOC111125992,-0.0342441139597058
LOC111136917,-0.202596077909546
LOC111133257,0.258488855933928
LOC111132787,-2.34234812759757
LOC111125769,2.13005398184101
LOC111114102,2.99537295867528
LOC111134025,-0.628512618130053
LOC111113160,0.290178878080627
LOC111105590,-1.82123772269234
LOC111109876,2.11528534214286
LOC111105378,0.0701231335409099
LOC111112405,-0.135197703501612
LOC111119175,0.346709271045038
LOC111112409,0.679627324907951
LOC111126395,0.246785804681226
LOC111127753,-0.390028115942251
LOC111128393,0.531440801710913
LOC111129400,-0.137024300250739
LOC111137530,0.645096893236684
LOC111119122,-0.569502487336314
LOC111106516,-0.30170322951306
LOC111099794,0.100075114142657
LOC111114851,-0.278671820566098
LOC111105708,-0.713356382584806
LOC111133006,0.195824521547582
LOC111123563,-3.28906544192616
LOC111121082,-0.284433040113509
LOC111119536,5.27042846507674
LOC111136692,-0.721072726797772
LOC111135357,0.0124999575690243
LOC111129429,-0.839881563803068
LOC111136877,5.52610892715923
LOC111135386,0.791807431610663
LOC111114162,-0.11835236991992
LOC111127888,-1.45288068707792
LOC111126357,0.0939108432892405
LOC111100418,-0.764600974877813
LOC111128375,-0.112626685800861
LOC111136826,3.49252837348642
LOC111115201,0.21346974836887
LOC111136827,0.552897126478464
LOC111117672,4.07809421554183
LOC111137633,-0.276856381732825
LOC111126636,1.1534238092447
LOC111113023,-1.82497042628698
LOC111118413,-5.76888117597675
LOC111111831,1.16825687217257
LOC111115224,0.829099424682805
LOC111133184,1.16481589349454
LOC111113008,0.822948367311088
LOC111110353,0.67683024251081
LOC111134696,0.0507933700922444
LOC111134304,-0.158817648348521
LOC111135112,14.0074501835378
LOC111102616,-0.118796889010857
LOC111130353,4.79095971171944
LOC111126076,0.0551386426429448
LOC111117194,-0.491699079374658
LOC111102695,0.0367894342097468
LOC111138194,1.08532078672266
LOC111118090,0.0064888607363055
LOC111138032,0.180154700712019
LOC111125238,1.55606470334067
LOC111133496,-0.206402836569844
LOC111131173,-1.56329399918048
LOC111105480,0.545676840675978
LOC111112436,-1.62513292751291
LOC111106544,0.139800919753231
LOC111101936,0.496551257904937
LOC111138223,-0.256417335365433
LOC111100677,-0.118879739014569
LOC111134772,2.20981296493382
LOC111123708,0.627957227341866
LOC111099577,0.664074533777657
LOC111123701,-0.79904430886118
LOC111131769,-4.07050803889414
LOC111128978,0.434699234495529
LOC111130779,-0.313098141598652
LOC111108470,0.0546813268960554
LOC111102051,2.38336489934389
LOC111118536,0.130528637387912
LOC111135094,-0.706363540506198
LOC111133981,0.126517868023618
LOC111128925,-0.6348158002426
LOC111118857,1.42225243765466
LOC111113018,0.32934400350557
LOC111116981,0.91576682609092
LOC111102837,0.57587262864262
LOC111126233,-1.89473642840077
LOC111109308,-0.143441020090432
LOC111123483,-10.3980360810932
LOC111120051,-0.216627640082183
LOC111125629,-4.48230057150914
LOC111119417,1.40557011874692
LOC111132867,0.391297352983849
LOC111136850,-1.32238436693903
LOC111119770,-1.54425945676224
LOC111130996,2.66106932970812
LOC111118445,1.01925903770736
LOC111133150,-0.168799567052664
LOC111106495,-0.308390399439249
LOC111119478,-0.21559183099669
LOC111128818,0.274567553253765
LOC111131730,-1.41063654964934
LOC111121716,30.1167105378093
LOC111114996,-1.93471927133375
LOC111135881,1.75877770372448
LOC111134085,0.260492069837576
LOC111130082,-0.954076619201807
LOC111132339,0.893995182363405
LOC111138342,-1.88526477075998
LOC111134311,0.492584026639001
LOC111132556,-0.124329671560543
LOC111114797,-1.88300601713264
LOC111129264,1.17909179101746
LOC111113319,-0.53277829994294
LOC111119146,-0.578441846067761
LOC111134535,-0.273940764160445
LOC111111818,-0.208372995817846
LOC111128799,0.155841308141761
LOC111123720,-0.218236402089356
LOC111122503,0.439720024056992
LOC111129198,5.53801126051098
LOC111111262,-0.193123973827687
LOC111124788,-0.818927842600928
LOC111101251,-1.14246052811209
LOC111118433,0.0184486166390371
LOC111129226,-0.820770861326003
LOC111133646,0.313778561751792
LOC111117144,3.02691923543332
LOC111119432,-0.73853901289501
LOC111108820,-0.500970517747709
LOC111101097,-0.186284103219955
LOC111126103,2.17647379131431
LOC111099846,-0.630986974466556
LOC111118543,-0.865697707352812
LOC111125604,-0.132150502540152
LOC111129936,-2.56401699133807
LOC111134958,1.4125300641549
LOC111137577,0.201618801555055
LOC111126860,1.48405062531111
LOC111104001,0.406843247816502
LOC111115575,-0.45854459064566
LOC111136417,-1.82137113358925
LOC111135941,-0.798146687402849
LOC111113423,0.110613701609009
LOC111128791,0.00466421519194303
LOC111117844,0.634513927569881
LOC111108861,-0.0221409112306636
LOC111104101,-1.14070584579957
LOC111125900,0.135284061437151
LOC111136435,-3.21158588159173
LOC111111782,0.275235384028822
LOC111135278,0.219997338749
LOC111136568,0.0745010062777993
LOC111108376,1.10657337849324
LOC111099103,-1.74365733243269
LOC111126702,0.0188317922598753
LOC111123044,0.86907454353698
LOC111116790,0.163049519371029
LOC111129675,0.749320561475695
LOC111135524,0.212750945557566
LOC111123356,0.0778665872530299
LOC111107554,-0.363814307183747
LOC111107555,0.758691845257734
LOC111132932,1.82441867873824
LOC111114976,-0.159224807821939
LOC111103388,0.0305218517489865
LOC111118564,-0.250868817494168
LOC111118005,-1.97683036474002
LOC111135614,0.496705909936306
LOC111117124,-0.446570598550291
LOC111132086,0.0338217721260173
LOC111107241,-0.222471052066623
LOC111114484,0.118941959282256
LOC111121328,0.173057648453184
LOC111127822,0.261395499471209
LOC111107952,-0.470667937526618
LOC111123352,-0.209464735829214
LOC111102183,0.328394544383484
LOC111138067,-0.145950326085101
LOC111122921,1.72238796443924
LOC111137219,0.668838280184434
LOC111132221,0.344420274570157
LOC111132802,-0.976902424108429
LOC111135115,-1.89105554268993
LOC111111018,-0.0843266756497915
LOC111136971,1.49677675421757
LOC111105459,1.03162873087395
LOC111138325,-0.427877405524686
LOC111123293,0.236198277965465
LOC111131424,-0.252220271670901
LOC111102496,-0.0492318052214604
LOC111105246,1.11009234033988
LOC111102250,-0.376790236436936
LOC111114602,9.22959724073591
LOC111133632,0.0939095987869754
LOC111135477,-0.951412678694843
LOC111124859,-1.22799053401881
LOC111135402,1.96877882007527
LOC111115682,0.17443228305695
LOC111117549,-0.674341853332072
LOC111107767,-0.153977237541975
LOC111116737,-0.271868505176005
LOC111106310,-0.193870153303943
LOC111111685,0.0928239342624863
LOC111124880,-0.017410417126915
LOC111125636,0.161659287444325
LOC111108536,-0.857809831158416
LOC111126371,0.000758154697387337
LOC111113538,1.25597243635161
LOC111102931,0.470721403181183
LOC111135666,0.49621098225846
LOC111105297,-0.119213851212599
LOC111106977,-0.762763388482477
LOC111131353,-0.410912875696647
LOC111113352,0.137973533020036
LOC111125139,1.83379577034407
LOC111109717,-0.851473763585099
LOC111137456,-0.819484987276721
LOC111102932,-0.0344058982798125
LOC111130003,-0.962964881465473
LOC111113190,-0.272287844867492
LOC111133796,-1.20577344635831
LOC111100869,1.82765370464433
LOC111110141,0.169406882707672
LOC111100709,0.0106097890347822
LOC111138049,0.842578043310391
LOC111136270,-4.10167221232054
LOC111111544,0.334056173329095
LOC111110140,-2.36353414270797
LOC111127260,0.275715035215608
LOC111137666,4.05788050323489
LOC111108119,0.267780993601771
LOC111123852,-1.68459430238259
LOC111103786,-0.581812368542633
LOC111128231,0.216200887306316
LOC111125472,-1.34850437378096
LOC111122252,0.0942441630088345
LOC111100349,-0.56818325838154
LOC111103996,-0.225474480738554
LOC111129140,-0.51921868082984
LOC111135988,-0.952908629454198
LOC111117623,0.549229031336216
LOC111137241,-0.817892224726211
LOC111106361,-0.15122448035685
LOC111137487,-2.11134999215265
LOC111126715,-1.78844666226811
LOC111109534,0.148223455812486
LOC111119555,-0.0229215750012397
LOC111106835,-0.28451360577013
LOC111135884,1.23101321711719
LOC111134001,0.69308319160754
LOC111103928,0.664520289670183
LOC111103012,-0.0514816891668484
LOC111105435,0.16860944068231
LOC111103906,0.366008877872909
LOC111127659,-0.358439459196452
LOC111129876,-0.547102256191235
LOC111120967,1.80138109418807
LOC111106381,0.349673884701162
LOC111101222,-0.0737397826241497
LOC111127052,-2.15163295956887
LOC111134697,-0.880074744634127
LOC111133023,2.75506205993475
LOC111110055,-0.547794622846786
LOC111109608,-2.26004897873209
LOC111137833,0.282159509649288
LOC111099564,0.477919716191145
LOC111118850,1.99422416766656
LOC111103155,-0.0838986772054792
LOC111130291,-0.123816155732319
LOC111122893,0.95119309603663
LOC111129937,2.08379479512433
LOC111136732,-0.939499988461977
LOC111123697,0.45875631553534
LOC111122077,-1.06438105978
LOC111109002,0.532115103169413
LOC111134073,3.25001633858016
LOC111117279,0.429202786159658
LOC111123966,0.592950256277345
LOC111117684,-2.89222822638239
LOC111118038,0.289551757717382
LOC111136178,2.04427961070046
LOC111127587,-1.3973410213941
LOC111136958,0.44098512026465
LOC111123198,0.499898102046502
LOC111123233,1.1660869610671
LOC111129250,-0.128135663832263
LOC111123864,1.00360624762425
LOC111113797,0.116754246069662
LOC111099985,0.141394519624065
LOC111133254,-0.0625026672969758
LOC111126232,0.175286626838683
LOC111099528,0.140229813421938
LOC111121436,0.483720730905201
LOC111132916,-0.0446000194538803
LOC111109941,1.05799651703511
LOC111130070,1.03291449412599
LOC111134133,-0.347791344263204
LOC111130569,-1.26775952616172
LOC111112553,-0.107548904374267
LOC111137023,-2.95101280998139
LOC111136864,0.774531508333357
LOC111133700,-0.388788096372147
LOC111101515,-0.659858150881445
LOC111122016,-0.401984202836456
LOC111108007,1.27407556865982
LOC111107048,-0.115094121540447
LOC111138450,-0.0471990953520062
LOC111134274,-0.00803632322318829
LOC111128638,-0.0121647052749612
LOC111123140,0.134086111701667
LOC111116665,2.17584563765787
LOC111129537,-0.130544011697429
LOC111136281,-0.0761505817274162
LOC111107039,-0.373069244569762
LOC111104823,0.589820753178144
LOC111112865,1.12364760382363
LOC111137271,-0.930700651150749
LOC111135323,0.475514062696787
LOC111105765,0.552813881308072
LOC111133592,0.571441169745583
LOC111129240,0.279226210127305
LOC111116640,-0.478431788255045
LOC111138183,0.723667138260773
LOC111102770,-12.1281743457599
LOC111126332,0.0738222867158313
LOC111127756,0.862654058786142
LOC111135460,1.56606434851755
LOC111108571,2.00753681384863
LOC111107420,-0.00754090505642408
LOC111122528,2.02106393334572
ND5,2.47869951656544
LOC111106103,0.139016820679693
LOC111110632,0.236779939553554
LOC111125342,0.239018092385441
LOC111121622,-0.0772116585703158
LOC111131446,-0.0575294331048428
LOC111109097,0.610189855553435
LOC111115584,0.575805678544829
LOC111131701,0.88542817820002
LOC111135219,-1.43652418551584
LOC111108225,30.2987023598183
LOC111102366,0.149706255519993
LOC111099218,0.303199497806845
LOC111116431,0.0939191493138579
LOC111116749,1.66660982535349
LOC111124870,-0.489106468272606
LOC111137429,0.130799443563134
LOC111119032,-0.324318420087405
LOC111132794,0.387001949279438
LOC111111795,0.0116499141035816
LOC111104643,0.330872029871293
LOC111100924,-0.387321735198441
LOC111126157,-0.294530205660721
LOC111133058,0.764777512871797
LOC111135336,1.16718083401116
LOC111106223,-1.83807258285258
LOC111120517,0.0264562384776145
LOC111118545,0.0981927563957171
LOC111122394,0.972401127809388
LOC111130065,0.355311671919997
LOC111108237,-1.71963971083523
LOC111136946,0.00256351547857889
LOC111101123,-0.154480222427838
LOC111132924,0.649369615772796
LOC111119846,0.917179566800988
LOC111135819,1.22102895027239
LOC111101212,0.987316719599312
LOC111138077,-1.64926029751097
LOC111136866,1.1326246909194
LOC111103149,-0.372118504415874
LOC111118802,0.0349217927148476
LOC111118844,-0.497528152514634
LOC111099186,-0.365367063558995
LOC111121077,-0.106734112192412
LOC111131406,1.3018358775445
LOC111099457,-0.223407866761543
LOC111115955,-0.370044680859641
LOC111121368,-2.08173994260738
LOC111108164,-0.0344128319254578
LOC111116438,0.30476035574927
LOC111131551,-0.407659020740176
LOC111115171,0.445987315245251
LOC111116931,0.461368771409514
LOC111137150,2.27668562201633
LOC111137725,-0.0524943719294009
LOC111119242,0.672636581387873
LOC111120170,0.474324346101192
LOC111136869,0.104307486585438
LOC111126221,-0.370153284081627
LOC111105139,0.169191060583238
LOC111108199,0.0412562513421569
LOC111122487,0.215078186820098
LOC111127542,-2.85520812111219
LOC111134683,-0.338124347022171
LOC111115208,0.232605741214586
LOC111119022,-0.304642769796488
LOC111106373,0.370166009819105
LOC111114765,0.780954672872193
LOC111122663,4.19638034711524
LOC111108139,0.665105038337112
LOC111128396,-2.01868663492633
LOC111122996,0.143046729479629
LOC111114998,0.355947149690964
LOC111132917,0.52799928430727
LOC111134610,0.139026142232512
LOC111123688,-0.374324313833738
LOC111116586,-0.447012447242848
LOC111127746,-0.105232850198563
LOC111110099,-0.137989851317942
LOC111112308,0.0938696668941653
LOC111138002,0.970208775815926
LOC111108575,1.56114506837625
LOC111126125,-0.276491616463188
LOC111114456,0.759154756365159
LOC111121992,0.184887730618723
LOC111101629,-0.123887189519511
LOC111136080,-1.15993263959469
LOC111126372,-0.143664813890264
LOC111129253,0.148483741950829
LOC111114371,-0.100214000106901
LOC111104507,-6.50258085793287
LOC111137624,2.71858527029539
LOC111126906,-1.2596990757642
LOC111135746,-1.33281550996561
LOC111122941,0.0683598780728931
LOC111138408,0.123889269459144
LOC111113174,1.61233555286682
LOC111126240,0.911339309259087
LOC111111341,0.161666534887935
LOC111128597,0.789073713598258
LOC111136458,0.356801522922142
LOC111137139,4.7242621542209
LOC111117031,0.125105141634639
LOC111136724,0.0991057396959758
LOC111130426,-0.194687749359426
LOC111134954,-0.360756240102167
LOC111128950,-3.49281200930562
LOC111119644,-1.5662617316773
LOC111103655,-1.70457549845273
LOC111113281,1.47466735158148
LOC111103954,0.606012869575427
LOC111129900,-0.271067553129285
LOC111132869,-0.712161419404988
LOC111130320,0.344419220387504
LOC111132194,-0.0816522190175014
LOC111131764,-2.27418427418225
LOC111133022,-0.218990501177166
LOC111134765,-0.488742573413567
LOC111121917,1.52930511178922
LOC111137251,0.943150189088689
LOC111137254,-0.931353499431274
LOC111129885,1.29942415058082
LOC111101211,0.0537234510175761
LOC111105150,0.17469098589799
LOC111126616,-5.78814312971893
LOC111127345,0.334309795806922
LOC111113417,-1.45962498957003
LOC111131500,1.90035164904488
LOC111105603,0.150055759480763
LOC111106453,-0.034361166107299
LOC111129845,0.0727601339563125
LOC111137910,-0.458497870920857
LOC111137264,0.220847926472946
LOC111119254,-3.71722541172275
LOC111115678,-0.866874243179115
LOC111123263,-0.240479184320033
LOC111111118,0.515294844897208
LOC111122076,-0.546334780722356
LOC111109301,0.38754926909324
LOC111116363,0.902712283800251
LOC111130147,0.82918923139004
LOC111119700,1.51872444105499
LOC111132540,0.164702693791463
LOC111108448,-0.145528338109444
LOC111128016,-1.99583174104428
LOC111134153,-0.638632504377433
LOC111129142,-1.40657417018595
LOC111118733,-1.42513096381026
LOC111136902,0.308554535300437
LOC111135191,-0.147063783286482
LOC111103095,-0.072133146538035
LOC111119919,1.22686756009704
LOC111103249,-0.489098818139354
LOC111104381,0.604729483286989
LOC111130738,0.135336225619767
LOC111117851,-0.0597101933622579
LOC111127664,-0.586207349245097
LOC111127166,-0.386529038294602
LOC111133340,1.37003906124726
LOC111101127,0.194237429587539
LOC111111367,0.157493806432243
LOC111106088,0.471125207454948
LOC111102926,-4.75015567958324
LOC111105326,14.3021888998715
LOC111103772,0.303141719115464
LOC111122626,0.286601211393955
LOC111102454,0.383852272338341
LOC111110321,-0.00981550495439203
LOC111119668,1.95197035128738
LOC111120224,-0.0367003315370161
LOC111107770,-0.332945131270272
LOC111117132,0.249258539967376
LOC111138395,0.195202895762199
LOC111137368,3.76177172123473
LOC111131132,0.428357211050657
LOC111127418,0.856827672282537
LOC111118764,0.321011953042603
LOC111118765,-0.774751053065673
LOC111118763,-0.859498205898634
LOC111115122,9.47850732611168
LOC111107980,0.148391783688812
LOC111114566,0.657389191882572
LOC111125511,-1.3789738525554
LOC111113108,0.149004726969928
LOC111137332,-0.524321925716627
LOC111136800,0.0196389801126927
LOC111127592,-1.27729255415422
LOC111132292,1.33288117415685
LOC111119112,-1.48021572346698
LOC111136837,0.342234148879161
LOC111128344,-0.765261337976677
LOC111123099,-0.110211649951447
LOC111128652,-0.977588048149488
LOC111126334,0.146298068142795
LOC111129392,-0.0334121639546448
LOC111106783,2.12678696170361
LOC111102596,0.0498318220480436
LOC111132034,-0.237479943437771
LOC111115635,-1.09368679456332
LOC111111155,2.36186261557164
LOC111102962,0.222553073790598
LOC111130693,-0.931950680191155
LOC111100253,1.51013527824337
LOC111129709,0.230187335936563
LOC111114516,1.1940874032126
LOC111109328,0.196438287704088
LOC111125948,0.0214697420338894
LOC111125805,0.134677179013063
LOC111131024,0.271102427936207
LOC111128870,1.52220802494436
LOC111129342,-0.380029971664645
LOC111127883,-0.0956348601309535
LOC111114780,0.786908655472153
LOC111132031,-0.172644104821072
LOC111110748,-0.956275316566193
LOC111134732,0.842917863361087
LOC111120917,-1.19606264304696
LOC111133394,0.0895367864425359
LOC111131291,0.0756699569777304
LOC111119524,-1.90564900048618
LOC111127724,-1.40689122525892
LOC111125312,0.093967091950078
LOC111138084,0.724950909366802
LOC111107225,-0.203664494087266
LOC111136981,-0.118139246056899
LOC111111716,6.4134253781831
LOC111126297,-1.8008547333134
LOC111123137,-0.714400324500989
LOC111116203,-1.35702785172849
LOC111118532,0.858451294549631
LOC111110324,-0.871625272016261
LOC111135710,0.0570504385019268
LOC111114645,-0.177921280507256
LOC111119595,-2.14282945404099
LOC111113432,1.09483774133329
LOC111112407,-1.03281066053865
LOC111120622,-1.17938652667126
LOC111099715,1.10266834533185
LOC111111922,-0.559245287222739
LOC111114787,0.0369700460353898
LOC111101316,-0.0765467190843397
LOC111104845,1.36092741850796
LOC111129502,0.772174372034192
LOC111109670,0.306483500190715
LOC111125597,0.108654272326805
LOC111135680,0.65852898326558
LOC111109333,0.363655535681481
LOC111108486,-1.00583030569706
LOC111106988,2.15860257055851
LOC111099067,-0.217422015485308
LOC111118363,1.5168415222733
LOC111124939,1.4195291728125
LOC111108265,0.536901573017434
LOC111130765,-0.275578405593306
LOC111113610,0.161398037955032
LOC111132094,0.748533473310262
LOC111126502,-2.96999083649965
LOC111130209,2.21547537605663
LOC111116172,-0.0241639146637473
LOC111111617,-0.679348439510761
LOC111127289,-0.95471694163552
LOC111132473,0.371193721927968
LOC111135982,0.103180730531025
LOC111123844,1.13624603818033
LOC111130159,-0.0783850015762095
LOC111107913,0.392896027727099
LOC111138359,-0.532317991560618
LOC111120879,-1.08212426934647
LOC111109549,2.16912050112207
LOC111125821,-1.55887701394569
LOC111125362,-0.212014521603083
LOC111118083,-0.11168619184233
LOC111105449,1.10667501338998
LOC111129491,-0.591907053561229
LOC111110756,2.07461759913708
LOC111129260,0.162805238989983
LOC111135534,1.28059117078808
CYTB,-0.294977506336453
LOC111135537,0.762986125721163
LOC111136774,-0.130524637654756
LOC111135496,0.558190354265998
LOC111124866,0.111671990060518
LOC111120746,0.57928775057699
LOC111105172,-0.0343908889570135
LOC111123059,-0.292137806775805
LOC111103873,0.158288616972592
LOC111136656,0.468461814768706
LOC111138052,0.0706311607708398
LOC111113446,-0.257930428514343
LOC111120281,-1.4162512827871
LOC111122030,-0.252310012600331
LOC111106757,-0.0389831506627354
LOC111120617,-1.40045516256398
LOC111099610,-1.96353999902719
LOC111104753,-2.18182365692196
LOC111134156,-0.147235129886857
LOC111114575,0.29740089638766
LOC111132680,0.711879052415368
LOC111106154,-3.37754358922355
LOC111110785,0.287179067275321
LOC111119561,1.70691920413955
LOC111120831,-0.170043106809669
LOC111116598,-0.0355893863763257
LOC111133997,3.53132683393815
LOC111117754,0.811619998793683
LOC111129717,-0.500230686238723
LOC111120649,-0.369991851818578
LOC111111287,-0.0557716263513633
LOC111120216,-0.0351530014942926
LOC111138092,-2.28208108185363
LOC111103373,1.9028740893968
LOC111136472,1.69919672147955
LOC111113727,-0.082045572238738
LOC111135625,-2.42393681742897
LOC111126631,0.35212302742847
LOC111122189,0.494095139133126
LOC111129277,-1.19025822261077
LOC111115168,-0.0343673845976481
LOC111133440,-1.69786197322185
LOC111133785,-0.416312281484417
LOC111136676,1.01049927230663
LOC111105755,-0.69532804154542
LOC111104133,-2.45939782118377
LOC111130300,0.423313357772782
LOC111099145,-1.92564392997866
LOC111113182,0.633207562754991
LOC111099942,-0.786636798568572
LOC111136014,0.427219788904371
LOC111127597,-0.0298981614396076
LOC111132856,0.0939122480669276
LOC111118193,-1.85780300249037
LOC111137311,-2.83464279623454
LOC111123583,-0.710921869950529
LOC111099100,1.14289389444036
LOC111129982,-0.00220603966294184
LOC111105748,-1.41259652448075
LOC111115406,0.537086520145383
LOC111127203,-0.00523533809568002
LOC111121163,0.0108781814927565
LOC111106714,-0.261063267344402
LOC111099095,-0.333417636352173
LOC111129644,-0.0308670427875302
LOC111104835,0.682220838297368
LOC111122325,0.357707158484886
LOC111134968,-2.06619701359039
LOC111133084,-1.61260965861188
LOC111103856,1.97608724054768
LOC111119285,-0.10947019775704
LOC111124864,0.223221601788709
LOC111129220,-0.750111168990512
LOC111122821,0.230713634980262
LOC111104462,-0.648743371531576
LOC111110089,-0.0590254099729334
LOC111115904,-0.629881368138809
LOC111127788,-0.611077390091614
LOC111111579,-4.97244384061768
LOC111126210,-1.07380718283931
LOC111132825,-0.450302654756046
LOC111121624,-1.93013640408802
LOC111123994,0.645807648003984
LOC111101458,0.82143960283049
LOC111118556,-0.38920823539805
LOC111110854,0.660380363132256
LOC111100481,1.04486687004823
LOC111101297,0.309743078369338
LOC111104990,0.465232609359737
LOC111107490,0.30091792997445
LOC111137755,0.944290678888541
LOC111108384,0.173081227778706
LOC111133217,0.40310964002179
LOC111123328,-0.230417021628575
LOC111126301,-2.1023241287224
LOC111137444,-1.27355410779554
LOC111101830,0.398312366651268
LOC111100620,-2.42857837542978
LOC111128244,0.947201475415979
LOC111110734,-0.639564281423478
LOC111110208,2.42212373058225
LOC111135356,-0.0899688053560325
LOC111104396,-0.663529799140721
LOC111116794,-1.16881980802352
LOC111136219,-1.17947453850015
LOC111119445,-0.494725131311083
LOC111100985,-2.0062726572623
LOC111120996,5.33203363072952
LOC111117152,-0.102696287289045
LOC111121343,-2.2033671375878
LOC111111133,-2.66372156409368
LOC111131819,-1.50863780337643
LOC111101195,0.561323092956543
LOC111117657,-0.589753644511856
LOC111125921,-0.0345035954029173
LOC111121210,0.63944143142739
LOC111108878,-0.508626409014837
LOC111134970,0.0931634443130394
LOC111126835,-0.0837111523533602
LOC111126554,-0.0713499189481052
LOC111138019,-0.0134819071723536
LOC111100498,-0.158484995189602
LOC111137252,-0.0343569467948376
LOC111133488,1.6040719926219
LOC111126077,-0.727385094481647
LOC111105796,-10.160329770345
LOC111128115,-0.263674162113114
LOC111130492,0.0831327331168742
LOC111129190,0.869227951204791
LOC111124474,0.0509164508046348
LOC111102513,0.232931790554589
LOC111104698,-0.269173924634864
LOC111109435,-0.914857738703764
LOC111113183,2.18225620645922
LOC111111334,0.189103643706283
LOC111136760,-0.0574715018098422
LOC111108579,-0.161032445782642
LOC111103521,-0.325192071928736
LOC111101140,-0.30892024367578
LOC111116233,0.243193221705703
LOC111130619,0.316787456582662
LOC111135691,0.567915306250094
LOC111125556,0.146500256486475
LOC111126900,0.163874256047236
LOC111118595,-0.871903911789715
LOC111119579,-0.306256034878465
LOC111131650,0.422417443506212
LOC111120068,-0.904608804670421
LOC111104409,0.0381627619387394
LOC111104589,-0.805976063783694
LOC111129103,0.948923361901904
LOC111103020,0.555056711932071
LOC111129958,0.575675698241957
LOC111136907,0.325310403524194
LOC111112868,1.53925400949662
LOC111114817,-1.29502262555979
LOC111137213,0.550197294087511
LOC111116942,0.318281416904504
LOC111129314,1.51326866420626
LOC111129952,-0.0628861081634893
LOC111102820,-0.266349988192384
LOC111125667,1.30997527490178
LOC111108537,-1.85833550337821
LOC111128242,0.75641249726429
LOC111106102,-0.159418774779412
LOC111110791,-0.849054495395579
LOC111130054,-0.559481163799428
LOC111107263,-0.219307696281914
LOC111108394,-0.840241759625156
LOC111124975,-2.05690188454848
LOC111112471,0.0513674476376306
LOC111108355,0.418063343991742
LOC111106649,-0.106525434269535
LOC111099522,0.21543554387957
LOC111135501,1.96899059129736
LOC111121514,1.2183983912347
LOC111125479,0.596173623305284
LOC111129477,0.541325064160248
LOC111103916,0.0114233418019429
LOC111135860,-5.97128407426988
LOC111100426,0.390457373302212
LOC111119920,0.843945787150502
LOC111124154,1.26752523434414
LOC111118267,0.971362498383372
LOC111102882,0.354760643682143
LOC111110272,0.638739521190504
LOC111122695,-0.538367796514386
LOC111124985,0.867048293610581
LOC111119676,-1.12757789045565
LOC111120551,-0.401541707823838
LOC111133352,-0.111753144082737
LOC111107423,-0.359774267902462
LOC111105807,-0.105149698270063
LOC111124702,2.4477810708212
LOC111132957,-1.10102716922468
LOC111138023,0.0901234303149526
LOC111120086,-1.02433590575859
LOC111134459,0.013655841502423
LOC111113186,1.7724707712686
LOC111135503,0.0938763055317357
LOC111108773,-0.301099185659786
LOC111106915,-0.556782989016556
LOC111114858,-0.064757864123897
LOC111131153,1.29900759812969
LOC111119533,-4.61522799479137
LOC111120664,0.262857674150779
LOC111100548,-0.193558604688996
LOC111124376,-0.0344136506403927
LOC111130995,0.134679020084249
LOC111113845,1.2302102841649
LOC111126817,-0.0142850601077404
LOC111123358,0.488783619944723
LOC111103360,0.545648268221559
LOC111100975,-0.415733382048626
LOC111112296,-5.09214612033201
LOC111114616,-0.829029621201972
LOC111118268,0.140308698099517
LOC111121235,0.827975617831362
LOC111118884,0.0013498010204294
LOC111126101,-2.42068713999574
LOC111109552,-0.553647058229025
LOC111118270,0.185916776278632
LOC111105784,-1.76228567685475
LOC111113581,0.0498306877032797
LOC111114282,1.01758084748275
LOC111133613,-0.783313288797919
LOC111106777,-0.913040775493234
LOC111117879,0.195780308644336
LOC111100864,1.64393667512008
LOC111118602,-0.998139452903101
LOC111126127,0.0870346450907249
LOC111133693,-1.36029307919237
LOC111124198,-3.19800405574551
LOC111136553,0.327684646478984
LOC111103995,1.17688999767299
LOC111130363,2.5461887647325
LOC111107540,-5.49682292595105
LOC111133810,-2.0102931429244
LOC111108504,0.968402406156931
LOC111123141,1.38453211600113
LOC111133578,-3.90668066109444
LOC111117470,-0.12199009188277
LOC111107247,0.134123285492277
LOC111134357,1.98623884326144
LOC111120064,0.835296955559529
LOC111100590,0.901774400043065
LOC111132428,0.917095562036759
LOC111107704,-0.565622557292116
LOC111122630,-0.172046553855723
LOC111106709,-0.215114013883293
LOC111130425,0.649481760538269
LOC111131850,-0.234359563500949
LOC111102275,0.731115190103029
LOC111128285,0.049818794927654
LOC111138425,2.27650194397235
LOC111130730,-0.490812739871209
LOC111137631,-1.71621595060928
LOC111119459,-1.19832756075412
LOC111120082,-3.33364965283597
LOC111135718,-4.14090471868731
LOC111131826,-3.9222161225425
LOC111131638,-0.870372697235646
LOC111134875,-0.739558860314074
LOC111120678,-0.43903389871859
LOC111118250,-0.236999072274779
LOC111137818,-0.592920805538446
LOC111128907,0.239696373455259
LOC111138322,1.40985832286312
LOC111128596,1.0422717328572
LOC111115900,-1.55983029793131
LOC111133980,-0.703010609479141
LOC111128663,0.286499252571059
LOC111117772,0.0349837830098014
LOC111128080,-2.27815184588903
LOC111109905,-1.51355644659826
LOC111102422,-0.448757205953108
LOC111136176,6.13077602742521
LOC111118295,-0.363415371691192
LOC111115294,-2.25670736274494
LOC111130784,-0.40735546124191
LOC111131643,0.392726102673567
LOC111121259,-0.403044315289264
LOC111110343,0.886357156993861
LOC111100142,-0.179130073611947
LOC111136663,-0.826022404607132
LOC111134614,-0.735060238111707
LOC111111609,0.318124741139697
LOC111133941,-0.496590703441668
LOC111135844,0.201056783346291
LOC111130450,-0.138555392705866
LOC111127223,1.77528417649859
LOC111138027,-1.39696267846602
LOC111133043,-0.468179737079553
LOC111100436,-0.546247241524496
LOC111130974,0.251452043117637
LOC111100390,0.605052843957243
LOC111120954,1.04294173196053
LOC111134267,-0.255787667846586
LOC111115698,0.979407572192155
LOC111126884,0.269861972515836
LOC111129621,0.0306415488756556
LOC111111984,-0.432380162935047
LOC111128382,0.804874037038161
LOC111104100,-0.250670306659256
LOC111130100,0.218404790082685
LOC111103265,22.0820044590159
LOC111134492,0.0472111047448338
LOC111111025,-0.632727242029089
LOC111122733,-0.185275909333378
LOC111119531,7.83397593144405
LOC111135135,0.522441249295374
LOC111131077,0.982800486727095
LOC111103865,3.75374399108291
LOC111104539,0.838462317283026
LOC111100815,0.300480771525497
LOC111103002,1.023639414746
LOC111115772,1.62084199553974
LOC111122833,-0.0784263856752128
LOC111127081,-1.78284425142363
LOC111114859,0.169638648348663
LOC111100137,-0.488333024126437
LOC111101132,-0.215525002505465
LOC111101260,-0.315033742567763
LOC111129272,1.16749939466962
LOC111137093,-0.20485240331448
LOC111118619,0.281824690294037
LOC111102920,-0.167525452261515
LOC111130788,-0.31930649520658
LOC111099919,-0.489187313628413
LOC111136155,-0.0985393130944756
LOC111109594,-0.265266258343456
LOC111118165,0.413384817654677
LOC111131803,1.68979111724535
LOC111137242,-0.830208347971267
LOC111108110,0.886189434962673
LOC111103325,0.232184924081142
LOC111126575,-0.49480378147085
LOC111103050,-0.0617735690898315
LOC111109197,1.25068471376779
LOC111136840,0.0904128762001847
LOC111113720,-0.366962935678578
LOC111108689,0.0269954856718116
LOC111115495,0.193993341060599
LOC111123683,-0.0660489797343226
LOC111119479,0.501577897901305
LOC111112952,0.305945972972675
LOC111136116,0.164070573868884
LOC111114627,-0.378278523613452
LOC111126426,-0.385108279635393
LOC111117358,-0.0428381377723342
LOC111132892,-0.511955693609455
LOC111135848,0.281871760263195
LOC111131137,-1.86308739197677
LOC111128465,0.165681367357002
LOC111107942,-0.988308093800517
LOC111101722,-0.914970379224087
LOC111137965,2.40454284740947
LOC111114302,-1.71473762053678
LOC111118404,-1.74842036191486
LOC111115492,0.290519227992527
LOC111123079,-0.170092790712801
LOC111100718,-0.330109568532211
LOC111130517,-0.650321174879496
LOC111099734,0.609633405399449
LOC111118219,-0.391064545161703
LOC111136778,0.0596975033088756
LOC111101018,0.277352043437231
LOC111107758,-0.302196598446706
LOC111127241,1.34038204852504
LOC111121686,-0.109940275120044
LOC111122199,1.57074617234861
LOC111106122,0.395254498676343
LOC111123666,1.57171687828045
LOC111114547,0.435717072470169
LOC111104316,-0.795770944304044
LOC111129217,1.35536982980451
LOC111136684,-1.30379293045374
LOC111111492,4.50263308468376
LOC111136617,-0.965142335346749
LOC111132115,-0.855994976999751
LOC111103826,-0.928282082287835
LOC111125509,0.0925891537692057
LOC111125421,0.241554139227078
LOC111104565,-0.920650449106844
LOC111121095,-0.0269415140689988
LOC111134647,1.53600150469333
LOC111115680,-1.19874650724751
LOC111114527,1.0304925161665
LOC111126963,-0.0344079814332522
LOC111103167,2.99549442299398
LOC111109702,-0.089669624056062
LOC111135948,-0.565377549169521
LOC111136884,0.193462817587829
LOC111116582,-0.499225644885762
LOC111115757,1.115789614111
LOC111124942,2.46595684233246
LOC111107427,-2.3676397919557
LOC111127944,-0.376113482739412
LOC111101728,0.285645434473408
LOC111106263,-0.00984879092702846
LOC111123292,-0.443657238809483
LOC111110788,0.363079129097376
LOC111118443,-0.34824753035893
LOC111138416,-0.0102240645874287
LOC111114902,0.104723869863723
LOC111135711,0.0213651472911166
LOC111102981,-1.77151467595444
LOC111133161,-0.283442509310674
LOC111117757,-0.264150500995438
LOC111117621,-0.0523655847749933
LOC111115600,0.269772709210174
LOC111135918,0.430472700622032
LOC111120267,0.993737056572922
LOC111118906,0.236863742239643
LOC111136661,-0.747447648749773
LOC111112738,0.0975186112191219
LOC111125836,0.0334263859693888
LOC111110042,-0.0246938762245451
LOC111112261,0.521755302613644
LOC111102504,-0.0795233496057901
LOC111137620,-0.0344288727883461
LOC111107057,2.4687163495689
LOC111121670,-0.687830262732507
LOC111117043,-0.0865751380760818
LOC111118012,-0.525872934576999
LOC111121024,-1.46115349621355
LOC111128586,-0.752843865548392
LOC111133244,0.114215220706235
LOC111115724,-0.766517736204837
LOC111127215,-0.444785968575106
LOC111134022,0.541322791512456
LOC111112381,-0.338329493429587
LOC111133016,1.79053669895455
LOC111114968,2.17213806529628
LOC111119888,0.460345827027269
LOC111113429,1.55782894127456
LOC111105215,0.540712639595649
LOC111113658,0.37291412960867
LOC111132246,0.230059372510644
LOC111114832,0.284534988872718
LOC111110033,2.06739156617161
LOC111128417,-0.0873684001483824
LOC111121221,0.0274543433281757
LOC111120812,-0.25502293160504
LOC111135241,-0.821993765433835
LOC111114173,-1.22032648702717
LOC111132379,0.35321984381739
LOC111133260,-8.56912641181582
LOC111122340,0.483102599179063
LOC111109795,0.761879842096821
LOC111131585,-1.16197104234956
LOC111135445,7.00492830499638
LOC111126107,0.978022179581303
LOC111128345,-0.725177333956046
LOC111117880,0.000523209294780932
LOC111123689,0.40711693909083
LOC111129629,0.321243589607065
LOC111119862,-2.77773751645957
LOC111117698,-0.119915737251596
LOC111116131,-0.094724861452951
LOC111134093,5.27210238248158
LOC111138076,3.50298746717423
LOC111124394,-1.43743891744296
LOC111113318,-0.284621862613983
LOC111115106,-2.10578527712171
LOC111132959,-0.388146864607785
LOC111115226,0.329317457630496
LOC111101863,0.0540012581369926
LOC111118648,0.555367483696379
LOC111129478,-1.47366731447987
LOC111108207,0.718529675504418
LOC111119193,0.689596296832961
LOC111106534,0.303711955043882
LOC111101464,-0.736653892671564
LOC111100592,-0.373192687699182
LOC111100051,-2.27496535603452
LOC111130294,-0.789966053273323
LOC111130050,0.302446698701696
LOC111133784,-1.29520274779501
LOC111136275,0.831860669265002
LOC111125917,0.0858030863599325
LOC111111521,-0.0210324362631381
LOC111119484,0.325716336400739
LOC111126956,0.0283911742992684
LOC111133690,-3.67294760538331
LOC111116954,1.62442796312384
LOC111101076,-10.4894137198557
LOC111108346,-3.75241145661732
LOC111127997,0.425507132822464
LOC111123962,0.278005774120461
LOC111122832,-0.495855616741499
LOC111118959,-19.0237091078203
LOC111122606,-0.418262330545815
LOC111113547,0.118170054918728
LOC111125548,-6.79610270730501
LOC111137786,0.208923911838377
LOC111133769,0.395953306672369
LOC111110182,0.641675529555702
LOC111112605,1.67269773745139
LOC111126053,0.0366432648622523
LOC111133483,-3.70911172535646
LOC111100376,-0.0283611024508134
LOC111119401,0.656221636880803
LOC111101078,0.149783504058537
LOC111110025,1.08429705193714
LOC111122902,-0.740802915112261
LOC111106665,0.12707401893991
LOC111111308,0.18976818354977
LOC111103038,-0.243819964639329
LOC111115504,0.70751067266574
LOC111135943,0.659759602586488
LOC111113715,0.521625924829523
LOC111126529,-2.31881528277337
LOC111135484,-0.230176780131856
LOC111104604,0.593486503079876
LOC111111208,0.278461479885425
LOC111104875,-0.817600268362187
LOC111114242,-0.412527758596563
LOC111135732,-0.577826670754849
LOC111131245,-0.0759225389397507
LOC111113780,0.326270309812561
LOC111126398,-0.703318725688428
LOC111103159,0.205492792930918
LOC111122620,-1.34797214529416
LOC111109603,-2.61820855513293
LOC111136795,-0.627430304138568
LOC111107987,-0.679403346417497
LOC111124734,0.118085368947874
LOC111103668,0.718650266384409
LOC111101521,0.58269361121977
LOC111120665,4.29911974521344
LOC111134808,0.270667349586952
LOC111099199,-0.43535526365353
LOC111133704,-0.931431797776342
LOC111133759,-0.614038902873248
LOC111117646,-0.351357079508441
LOC111132044,0.234779346828967
LOC111132815,4.1209533986074
LOC111109599,1.00878191957792
LOC111128424,-0.46281757522982
LOC111108580,-3.37751978263007
LOC111101082,0.525174880859262
LOC111105235,0.049319529653359
LOC111137742,3.46373968126099
LOC111128937,0.0493178859145155
LOC111120107,-0.725686706944853
LOC111108775,0.180259191997042
LOC111130892,-0.723718644969276
LOC111115094,-2.25284342873564
LOC111136923,0.93344840296162
LOC111106506,-0.605834956139639
LOC111102610,0.696377700844454
LOC111123545,-0.0449417905373611
LOC111135294,0.10382093093119
LOC111123778,0.281597270368346
LOC111137942,-0.509863369647133
LOC111126200,0.501453720431631
LOC111123894,-0.721241754950209
LOC111102894,-2.71158102523523
LOC111099997,-0.374000697894143
LOC111111786,1.2809601283577
LOC111114910,0.204033883747676
LOC111107691,0.70038465609564
LOC111130246,0.325094529765002
LOC111119385,0.661255812809521
LOC111137211,0.09783768991947
LOC111126797,0.885021662656943
LOC111113382,0.423132967095022
LOC111114619,0.196816962181587
LOC111131806,1.15596872383989
LOC111136909,0.183415670464992
LOC111136295,1.49918608290102
LOC111114347,0.266665676527364
LOC111122998,0.0466246209645054
LOC111129215,0.00515101307752019
LOC111104650,-0.919344317157207
LOC111135437,2.8782428687882
LOC111125492,0.955131011647277
LOC111104040,-0.394309218887607
LOC111123419,0.8985279033815
LOC111136493,0.200040664302335
LOC111127980,0.87232483522987
LOC111117394,-0.570779649155946
LOC111119480,1.34077722079839
LOC111108498,-0.169889040289573
LOC111106573,0.0606032850363127
LOC111137223,0.797187405552029
LOC111126151,-0.410042734571382
LOC111131131,0.124892308474841
LOC111130157,-2.39889406356006
LOC111099429,-0.916605224145573
LOC111113917,-0.024221107477174
LOC111120171,-1.07504051051536
LOC111120555,0.0813944251424605
LOC111130452,0.700858165094634
LOC111124778,-1.73026291935155
LOC111110574,-10.6862626480642
LOC111121443,-0.220721767569833
LOC111137001,-0.58424406485044
LOC111110225,-0.0691291477540416
LOC111112819,6.53461954131726
LOC111103550,-0.252169783643384
LOC111099870,-0.996223618709533
LOC111137480,-0.272349780354807
LOC111119142,0.461990494466872
LOC111111600,0.0983775995008168
LOC111126338,2.74883539360866
LOC111130225,4.01965348785332
LOC111125289,0.130032115739213
LOC111102673,-1.2488558209492
LOC111120757,-0.237431405879302
LOC111113512,-0.730287930738903
LOC111108797,-0.701049702389933
LOC111128901,-0.305845840629258
LOC111113103,-0.127298384631434
LOC111122329,-0.345305333082348
LOC111125288,1.96173087051327
LOC111104482,0.304762940222008
LOC111117238,0.263895530754238
LOC111138384,-1.15870505813112
LOC111119707,-0.980968243266374
LOC111110264,0.278051630684449
LOC111125689,0.0473475003146513
LOC111101614,0.502992412489191
LOC111101242,1.80690570604428
LOC111132135,-1.06542222362379
LOC111117334,-0.634995229371977
LOC111112939,0.0605386342908443
LOC111138115,-0.0344041669583832
LOC111099438,-0.929032309674575
LOC111108004,1.35321650888371
LOC111106010,-0.184214096174763
LOC111119323,0.0591546457095949
LOC111101548,-0.401275944463168
LOC111121008,0.0834088358196872
LOC111130051,1.85273337805135
LOC111130143,0.754107441767716
LOC111127909,0.234388987668712
LOC111109744,0.239057254687823
LOC111119772,-0.0343799148054297
LOC111109849,-0.819591219262794
LOC111106421,0.441412950255949
LOC111102489,0.521567045659819
LOC111125118,-0.300020720118263
LOC111108697,-0.349915304505122
