GeneID,neglogpvalue
LOC111123850,0.308133391896397
LOC111119799,0.0773338750462016
LOC111125093,0.0658856173996323
LOC111126079,-0.992922424947505
LOC111116974,0.237662104739963
LOC111135972,-0.100572512990138
LOC111110274,0.946322223005734
LOC111106249,-1.45688817577775
LOC111136067,0.58171830976527
LOC111125720,-0.270226560292238
LOC111120529,0.0988793810461567
LOC111123598,-0.0763538411067225
LOC111133529,0.902402634440759
LOC111104259,-0.619267520812588
LOC111100821,0.862223098741204
LOC111106363,0.00429032648624735
LOC111128777,5.4083960701935
LOC111128796,1.26250772349658
LOC111117055,0.0209708262296248
LOC111120558,-0.0357722460669987
LOC111117203,-0.143260205175377
LOC111121607,0.0304758912851721
LOC111138336,0.820739234157558
LOC111107783,0.135666567894047
LOC111115979,-0.473339982865472
LOC111135126,1.37377202168592
LOC111119224,-0.900764539719045
LOC111122561,-0.948762903816775
LOC111112131,3.4416646532351
LOC111131186,-0.962762929356913
LOC111104535,1.51474300921012
LOC111112953,0.88188720859754
LOC111129235,1.05033633449092
LOC111130759,0.311210399049074
LOC111108434,-0.731433375262761
LOC111113850,0.088981502488257
LOC111104582,0.647995909947643
LOC111119115,-0.573764834442674
LOC111130938,0.603366606672746
LOC111120010,-1.77078996824892
LOC111111661,-0.132082132832136
LOC111111115,0.912079095220716
LOC111131224,0.432740072731579
LOC111130414,-0.467217620801016
LOC111135595,0.790029716929667
LOC111102922,1.95147652008131
LOC111128433,-1.15499443672905
LOC111128592,-1.86964019115396
LOC111129036,-0.332770598314959
LOC111111450,-0.604942006777048
LOC111118402,-0.0560225393194331
LOC111100766,-0.81287652803208
LOC111101895,3.20392426432555
LOC111099426,-0.690258408277141
LOC111119134,0.0557225947539963
LOC111127026,-0.277498588536741
LOC111134641,0.0346547548261719
LOC111132999,-0.877463834415868
LOC111108717,0.964173856522147
LOC111131124,-1.01774786638537
LOC111131412,-0.363398079520264
LOC111135297,1.64102835057965
LOC111108249,-0.098775304610528
LOC111111438,0.331138960100437
LOC111117415,2.13700564406561
LOC111110281,-0.863855771960672
LOC111134913,0.26764264645748
LOC111107547,-0.19867855459279
LOC111137346,-0.187220602537904
LOC111099289,0.236544273705379
LOC111121375,2.32479449905887
LOC111137215,-0.0303689659670524
LOC111121772,0.932976414662588
LOC111131183,0.607798130811596
LOC111114870,-3.24613117054957
LOC111124551,-0.381194467635527
LOC111099925,-0.362145213516209
LOC111108136,-0.870733067685862
LOC111124393,-0.552121358666891
LOC111105705,-0.40195580015262
LOC111120352,1.68996598839229
LOC111106351,0.0210046715829617
LOC111102879,0.00755950150183182
LOC111133755,0.364722562522452
LOC111135067,0.282084418610883
LOC111119092,-0.092869502996797
LOC111113322,1.04281522534968
LOC111116479,-2.09998988214337
LOC111118127,0.157075296218781
LOC111130009,0.174335455783352
LOC111124724,-0.747315514737426
LOC111136447,1.47434800771718
LOC111129784,-0.181783454709213
LOC111131461,1.81636581447136
LOC111121187,1.21377090373394
LOC111114920,-0.69587260147334
LOC111131429,0.792841299161406
LOC111112587,5.8038656714059
LOC111099439,-2.09502753579616
LOC111137757,0.889046563236533
LOC111129254,-3.77951486395122
LOC111136488,-2.86711624319565
LOC111115807,0.280362998332891
LOC111114635,-0.607615323622602
LOC111133827,1.10948464771381
LOC111131058,2.33550024438242
LOC111137991,0.110440133663092
LOC111132146,0.200117756345753
LOC111136680,-0.103045010824153
LOC111118202,0.202506856276365
LOC111125181,0.133879560815727
LOC111133867,-0.00099869403216082
LOC111128813,-0.0600964137289117
LOC111119587,-0.232982425042211
LOC111110924,-0.00147032643807967
LOC111104241,-1.22593180139612
LOC111115644,0.553633875685558
LOC111131728,0.985319908415757
LOC111112959,0.34381285499863
LOC111103859,-0.701552571200397
LOC111132946,0.509017029852551
LOC111105683,-0.243091299941958
LOC111100540,0.325087211489395
LOC111129355,0.218942977290948
LOC111131531,1.26057765986908
LOC111138182,-1.51873239391014
LOC111103903,-1.68191185503538
LOC111123098,-4.64396051062793
LOC111128348,-0.575300653975555
LOC111122151,-0.40287231457448
LOC111133008,0.394979985081269
LOC111122296,-0.182934134078602
LOC111119034,3.04435093010503
LOC111122422,-1.49534886055609
LOC111113249,-0.459765036511553
LOC111102515,-0.474860036523794
LOC111102134,3.19325354981607
LOC111122567,-0.0539700552627417
LOC111100840,-0.0441705227948863
LOC111135229,6.099725506501
LOC111117202,-0.46238198960996
LOC111133577,-0.269289994589973
LOC111112783,-0.103562920612423
LOC111112922,0.00756006428040464
LOC111118087,-0.254860381851822
LOC111126486,1.19018789893707
LOC111129284,-4.13952748865597
LOC111112900,-1.79217686434621
LOC111127619,0.354348462904631
LOC111115429,0.247324778026986
LOC111134328,0.231623292481412
LOC111117560,-0.657538357792477
LOC111100029,-1.09731973241859
LOC111103564,-0.265703457769157
LOC111124413,-1.06460198990577
LOC111115142,-0.078863263280034
LOC111134710,-0.447695678066698
LOC111126556,0.289018099013062
LOC111110624,-0.666102919865209
LOC111126600,-0.0812321560631455
LOC111129881,-0.736455029443896
LOC111114224,5.03010941831195
LOC111099230,-0.906079677443152
LOC111138220,0.26707837755624
LOC111106458,0.264783011919071
LOC111132100,1.82946313644303
LOC111106813,-1.30184660744779
LOC111125955,5.40015472141365
LOC111114738,-2.37763962644455
LOC111127323,2.00623520979806
LOC111122146,0.662339701165988
LOC111120720,1.93971824098527
LOC111134325,-2.72983161180648
LOC111115748,0.548182132197515
LOC111106574,-0.861289701627594
LOC111105518,-0.060071990696359
LOC111110276,1.47197018522045
LOC111117281,0.495821421346097
LOC111130841,-0.829478384805449
LOC111100231,-0.388660188515504
LOC111130460,1.74033593606863
LOC111132525,-1.5201619693136
LOC111110359,1.11399314742071
LOC111103377,-1.73754340016539
LOC111106317,1.54644153401971
LOC111134422,0.460762219881352
LOC111133047,-0.904463601005177
LOC111123147,0.383351896776
LOC111119055,5.47920481177285
LOC111110309,0.134714581121606
LOC111136591,-0.574685165726944
LOC111121565,1.69178117937326
LOC111130576,0.496631224460905
LOC111131348,-0.802034000342306
LOC111119655,0.447311028215853
LOC111115461,0.496270747499409
LOC111128724,-0.398430732058918
LOC111112145,0.778014461154996
LOC111137433,-0.0276993841312843
LOC111109563,-0.388788215162774
LOC111135963,0.223384298624607
LOC111125132,0.363599332845636
LOC111125811,-0.615752845730135
LOC111117932,0.123220119723404
LOC111100866,-0.656320600079634
LOC111104422,-0.890892797769421
LOC111131472,2.84745945978223
LOC111132511,-0.730105214831332
LOC111113444,0.642884127363306
LOC111134095,0.00756115891579716
LOC111117608,0.538088708420911
LOC111137738,-0.0649533384265745
LOC111133627,-0.0294812534873626
LOC111107865,0.721466570479157
LOC111118421,0.222688876235172
LOC111135196,1.57255217373497
LOC111100423,-0.0389183965089504
LOC111133893,-1.19762689804732
LOC111099116,0.67032283070899
LOC111126818,0.633538938581165
LOC111107061,-0.744333814257362
LOC111127247,0.186197782491801
LOC111117889,-0.5876479963612
LOC111111054,0.0326960925445342
LOC111118946,0.00755967323029466
LOC111099050,-1.59649760909589
LOC111136234,-0.370990229371745
LOC111126367,0.601740996424169
LOC111128486,-0.195318415273129
LOC111114940,-1.82501577807271
LOC111118312,0.467348453086456
LOC111111569,-0.810165201639592
LOC111130093,0.78825661655414
LOC111135076,0.258899315486568
LOC111137056,0.452207649502163
LOC111099851,0.184480552425651
LOC111134454,-0.635484079606423
LOC111111887,0.133872825149488
LOC111104699,0.287498285502972
LOC111136856,3.42769122375388
LOC111110270,-1.24496130393142
LOC111100089,-4.06642070532279
LOC111106530,-0.80969577980125
LOC111133296,-0.826108246903902
LOC111136673,0.535814289732916
LOC111117449,-3.61622174202862
LOC111123810,-0.862494395742927
LOC111110273,0.00755958487367869
LOC111130140,-2.90371285299249
LOC111116119,0.00756006428040464
LOC111121714,-0.37746005949335
LOC111104022,-1.37602291050587
LOC111135895,2.33070747078488
LOC111132025,-2.00221728449748
LOC111134084,0.858364577357187
LOC111110622,-0.964643744851884
LOC111129834,-0.458012792679144
LOC111124426,-1.60410142374109
LOC111125113,1.49040299808103
LOC111113871,0.692610141444753
LOC111117882,-0.189649422443605
LOC111125827,-0.155029969670127
LOC111109234,-0.357254583175084
LOC111100994,-0.626420346785089
LOC111116209,0.10564330154459
LOC111124723,1.02244224860984
LOC111123454,-0.897652433950454
LOC111101089,0.402706838502123
LOC111115396,-0.57246780215834
LOC111115333,-1.20735369336236
LOC111103181,0.108578700738463
LOC111107160,1.48149330335881
LOC111120164,-0.379305561222235
LOC111113009,0.0461475067404578
LOC111112807,0.631008868497963
LOC111124362,-0.737408539748106
LOC111135642,18.8031689570539
LOC111104598,-0.490618720748076
LOC111101077,-0.366327767078675
LOC111137615,0.417893092573836
LOC111122448,1.38374449079015
LOC111108149,0.0399631389404856
LOC111128025,2.04150081840874
LOC111130677,-0.156765862189007
LOC111137974,-0.844148453811257
LOC111122966,-1.73110598076782
ATP6,0.345777392329036
LOC111127482,-0.21665997316707
LOC111117978,0.00545346063574282
LOC111131327,1.24248618696943
LOC111118838,0.628135621920432
LOC111125594,-0.762985941469168
LOC111131748,-0.221947802027268
LOC111111256,-0.363092105032262
LOC111105112,-2.79923328124541
LOC111101142,0.950698596838256
LOC111099913,-1.00209831652202
LOC111133225,-0.679190585316852
LOC111124583,0.373826591158314
LOC111105134,-0.48850810239586
LOC111115165,-0.587929437488938
LOC111128809,0.320850869474487
LOC111111618,2.49656339554633
LOC111115747,0.642305941811722
LOC111132217,2.02271551793515
LOC111110828,0.373080859237434
LOC111135171,3.41743916427871
LOC111133635,-0.550149965541311
LOC111117726,0.0169209992458611
LOC111104710,-0.467804229219214
LOC111110379,0.519827078310058
LOC111120744,0.474816715174917
LOC111115626,0.928519421026966
LOC111112217,-1.55967798765026
LOC111108671,0.00755935797894921
LOC111115840,-0.299430576457426
LOC111127924,0.516661650255669
LOC111115392,-0.17670535538766
LOC111132213,0.838116467685876
LOC111117369,0.70272907007539
LOC111129571,1.47656019919996
LOC111126069,-0.378998033861128
LOC111112406,-0.158676633618437
LOC111107413,1.05984392565029
LOC111130270,-2.03627618307509
LOC111100105,-0.34279306685632
LOC111106965,0.318541179926527
LOC111123238,1.33592157520995
LOC111100368,0.685507988138147
LOC111135801,0.469866484558354
LOC111108479,2.48382081658158
LOC111132306,0.125178241841219
LOC111102716,1.01307887241132
LOC111104418,-0.187210645447403
LOC111127985,-1.04010508974975
LOC111118220,-0.767949684251982
LOC111101486,1.03209973370919
LOC111132573,0.170790991088424
LOC111111938,0.632889196978225
LOC111100319,-0.0906119012947896
LOC111129818,0.109296397635088
LOC111101053,0.533429801295051
LOC111116555,0.626536001791181
LOC111131875,0.553954323931569
LOC111123040,0.691477995709184
LOC111111449,0.472014156121806
LOC111118650,-0.016439608324311
LOC111101236,-0.958582262395579
LOC111107208,0.609937687295499
LOC111129811,2.26695496382147
LOC111102132,-1.02127370479453
LOC111126726,-0.0012738395726652
LOC111118041,-0.0963668492079633
LOC111111374,0.368411142622489
LOC111112031,0.0978725604104522
LOC111134930,-1.41151002000787
LOC111132968,1.56446157094253
LOC111122825,-0.634488060312399
LOC111121713,0.00756054265419258
LOC111129558,1.33440517099656
LOC111103375,0.0907505439518337
LOC111108010,-1.39697047160989
LOC111110186,0.875481476176049
LOC111102121,-0.531690770227751
LOC111124746,-1.69074604216009
LOC111136284,-0.268920271624868
LOC111133570,-0.212736659637308
LOC111135868,1.55791438329006
LOC111134729,0.542642297617496
LOC111109575,-0.415234206930148
LOC111132038,-0.0894589024899392
LOC111135422,-0.373226918756131
LOC111107343,-1.01368902824207
LOC111129828,-0.884658212341471
LOC111137087,-0.895297712765278
LOC111129970,1.18800335907895
LOC111133971,0.619831534098936
LOC111136396,0.013798694931879
LOC111122281,-0.127422254827394
LOC111128411,4.38091229479842
LOC111133515,-0.207396298750477
LOC111121893,-0.169297962603763
LOC111101240,0.276305808919719
LOC111112980,-0.655326706408946
LOC111112417,-0.572291705725876
LOC111131462,2.32372255619074
LOC111122232,0.132251651567752
LOC111126166,0.621064913390584
LOC111133834,0.489023230665849
LOC111131592,-0.232146997995955
LOC111133747,1.06471896051061
LOC111099131,0.32741888813457
LOC111100052,-0.472776828726508
LOC111136792,1.24263650919606
LOC111128515,-0.0655906196483382
LOC111126074,-0.556218170444646
LOC111126062,18.1033445903135
LOC111109712,0.344123825211362
LOC111099300,1.14294081251039
LOC111125505,-0.179877075931162
LOC111122211,0.422341129778541
LOC111121806,0.350161433273349
LOC111103256,0.232452803270124
LOC111132583,-0.415819570663287
LOC111104616,-0.41740617145367
LOC111134041,1.22680037536741
LOC111100365,-1.65266022563453
LOC111099481,-0.505551243557244
LOC111135192,-1.26058215524051
LOC111122913,-0.317757499438261
LOC111125557,-1.1749263469479
LOC111137911,0.55868179425952
LOC111106712,-0.31794507115451
LOC111123525,-0.634143313194511
LOC111127968,0.0292317195328563
LOC111103642,0.0075619544010202
LOC111121138,2.40650539105949
LOC111127757,0.113478315510211
LOC111101723,0.196104954113205
LOC111118028,0.194222236398876
LOC111114684,-0.160484300560422
LOC111119449,0.0968607876424141
LOC111100801,-0.88076132484343
LOC111123809,-3.26113529439621
LOC111120531,-0.675122275119964
LOC111117416,-2.91209567553526
LOC111136790,-0.852786005489696
LOC111138038,-0.709353548362706
LOC111118783,-0.51678819950742
LOC111133350,-1.44662862142933
LOC111115172,-0.890900066121211
LOC111107835,1.480506149414
LOC111104789,0.163217413633921
LOC111109605,-0.53213302599528
LOC111108054,-0.0122564087363189
LOC111116490,6.89791989918566
LOC111129049,1.28232299109022
LOC111109801,-0.18397818879831
LOC111100666,0.299298352429313
LOC111135142,-0.180172182176101
LOC111138144,-0.0357131759611419
LOC111122787,-0.352304570198128
LOC111121989,-0.830394715552281
LOC111124843,1.27878053469248
LOC111135528,-0.143951097784376
LOC111137294,-1.64605539176261
LOC111104697,0.377787074638131
LOC111124320,0.666606106787985
LOC111130541,1.9587656648707
LOC111124305,0.146947495149264
LOC111133283,-1.17131643694949
LOC111121270,-0.37960575396987
LOC111122265,-0.530572829082752
LOC111125013,-0.447325793707234
LOC111123161,-0.796955574778472
LOC111123955,-0.872162755990256
LOC111130887,-1.04938022457564
LOC111102847,0.0493650157887929
LOC111105588,0.546113608689362
LOC111135849,-0.0184142034528564
LOC111127935,0.248131588058511
LOC111130708,-0.347079519638776
LOC111121006,-1.50572002817844
LOC111118355,-0.349436536683564
LOC111112793,-1.09515103122797
LOC111108542,0.243776832157985
LOC111136597,-0.0820615750329081
LOC111137019,0.683534276088807
LOC111107857,0.0473207115515691
Trnas-gcu,0.311358028940687
LOC111135214,7.09631295098144
LOC111137417,-0.419921780735443
LOC111112842,0.839629008268957
LOC111112400,0.0565744652011932
LOC111108778,0.492714488510213
LOC111135560,0.548281787970389
LOC111133631,0.747185211409176
LOC111101014,-0.967644471337159
LOC111122793,-0.512416267025674
LOC111119645,3.04330883113572
LOC111137021,0.739119867282995
LOC111108278,-1.01858659718995
LOC111133890,-0.672854009212138
LOC111126970,0.820827243956881
LOC111126059,0.928593111420781
LOC111130554,-0.116138851466709
LOC111125949,-2.02952977432089
LOC111120883,-1.31805410566418
LOC111106592,-0.256089867073888
LOC111103989,-0.670660388125656
LOC111124586,0.118792862061778
LOC111122859,0.779603337687405
LOC111129616,-0.693994417793036
LOC111119503,-0.0708382155418026
LOC111113909,-0.800225039430075
LOC111124590,0.187774464513524
LOC111130852,-0.205872115067532
LOC111129437,1.99525815475748
LOC111113819,-0.44584626025317
LOC111125084,4.20475973251341
LOC111122059,1.62583701114228
LOC111126111,0.134988916351617
LOC111112139,0.250869075137183
LOC111128699,1.0051980699466
LOC111109045,0.554657242350238
LOC111107428,0.0296117076888831
LOC111118226,-0.326604494309221
LOC111124958,0.022500813089185
LOC111130565,-0.202876650269197
LOC111113864,0.202503171489756
LOC111111585,-1.21100353947268
LOC111130446,-0.0962569033406151
LOC111113170,-0.172999582096396
LOC111112403,0.558831251826239
LOC111119940,0.218197167357713
LOC111125097,1.26718483156126
LOC111124640,0.526283841509547
LOC111113664,-0.516176708936218
LOC111105025,0.702288791486395
LOC111120825,-0.65197713085138
LOC111120062,-0.99992235461331
LOC111131917,16.0192935825598
LOC111129174,-0.694147678958376
LOC111130384,2.93259877139573
LOC111103520,-0.0945200287974571
LOC111120075,-0.0956806760115696
LOC111108441,1.38543364411361
LOC111130268,-0.868300864441433
LOC111122698,-0.514772309190932
LOC111111285,2.57191784694501
LOC111134409,-1.42501354355837
LOC111107027,0.496270747499409
LOC111113899,-0.64881668752666
LOC111105470,0.694314774388579
LOC111131427,0.929864196450801
LOC111111871,-0.451902534527225
LOC111102111,-1.4559922598912
LOC111126741,-1.23324178397286
LOC111103381,0.132828828792688
LOC111120066,1.01187641679551
LOC111133354,6.46521804081407
LOC111099091,-0.19493262783866
LOC111129843,1.26103700540686
LOC111122333,0.609708553623404
LOC111105214,0.452198764949779
LOC111101689,-0.780231342316213
LOC111104524,-0.781847943550721
LOC111101642,0.495679235370488
LOC111135264,-0.183950593529385
LOC111107936,-5.04458955235968
LOC111123684,0.895737494265707
LOC111128157,-1.11536585210605
LOC111117379,0.368400797974768
LOC111131690,0.319700248368777
LOC111102490,0.0318789081685311
LOC111133898,0.471090776707827
LOC111132106,0.842677414519237
LOC111123434,0.158774714476052
LOC111130650,0.0420118498094713
LOC111134590,0.231961131437607
LOC111106250,-0.369079907833302
LOC111128478,-0.844148453811257
LOC111126377,0.355413776276341
LOC111120773,1.25266781388443
LOC111136331,0.00593530917556124
LOC111133423,0.630774622514085
LOC111104580,0.253747987554919
LOC111100541,0.714727894674009
LOC111123471,1.46920681167935
LOC111135194,-1.66025517198092
LOC111105308,0.728379560670989
LOC111125589,0.0245240200634098
LOC111115545,0.332843139473454
LOC111109101,1.05390428641927
LOC111124516,1.2813736288921
LOC111104649,-0.819193105989348
LOC111101116,-0.17009050440543
LOC111115210,-0.0277776696537146
LOC111111044,1.59702741353158
LOC111109494,-1.24839950258724
LOC111131546,-0.7773450910635
LOC111129566,0.901339941324623
LOC111132151,0.0130734983059002
LOC111111947,-1.14324142125685
LOC111110831,1.06486967180058
LOC111127264,0.496630102802209
LOC111136139,-0.398702777152333
LOC111136662,-0.337246044448578
LOC111123539,-0.397551005911508
LOC111114708,-1.15964561354227
LOC111120052,0.862137933902531
LOC111126535,1.31096578022282
LOC111119931,0.133907565523631
LOC111131731,-0.142302093894365
LOC111115980,-0.0373142476078827
LOC111133504,0.352764361866742
LOC111121003,-0.705094507271716
LOC111137729,-0.709129469176593
LOC111106868,0.997698990686749
LOC111124639,0.26668412811268
LOC111130305,-0.881211041331851
LOC111135700,-2.58569648786431
LOC111122144,-0.060593584542805
LOC111112881,-0.737682457988555
LOC111106699,-0.665600815800026
LOC111114845,-0.0872626595221999
LOC111105457,-0.35710807041676
LOC111103581,0.402484608010949
LOC111133580,0.140755084016882
LOC111133949,-2.66380613096727
LOC111125154,0.338815627539892
LOC111135463,0.312705114229099
LOC111121426,-0.589635475259134
LOC111138191,-0.0431877535375019
LOC111116855,0.640995634419744
LOC111114946,-0.785792528025688
LOC111102112,1.00622799333834
LOC111117174,-0.219498757951724
LOC111135904,0.250418577311642
LOC111109987,-0.667180628358676
LOC111138175,-1.52639020703767
LOC111121342,0.585793601960433
LOC111112113,2.39253382930369
LOC111121489,-0.306636249043123
LOC111121345,-0.0686843970599969
LOC111132902,1.1454398488401
LOC111135393,-0.200983225872815
LOC111110075,0.428472102964583
LOC111103075,0.52276677013291
LOC111114894,0.0113493756111385
LOC111137350,0.404387853277448
LOC111109445,-0.596738874240514
LOC111110080,-0.103354529461375
LOC111129720,-0.191064954101679
LOC111107244,-1.49026858571439
LOC111117597,-0.0763500983842066
LOC111131230,-0.0417139413601142
LOC111133468,-0.125206888808088
LOC111124264,3.31639414221929
LOC111118554,-1.04485649828539
LOC111118149,0.140274695769713
LOC111102946,-0.617046853954696
LOC111113556,-0.108720311370674
LOC111099831,1.97969765517638
LOC111109804,0.619555894688011
LOC111120893,-1.37782601358753
LOC111119135,-0.570839102658312
LOC111121932,-1.70634364962986
LOC111114773,0.405978677042152
LOC111136267,0.483601922437497
LOC111120612,1.3348107742231
LOC111116817,0.883690321653706
LOC111125563,-2.2864536689375
LOC111135327,1.65397537237697
LOC111121638,-0.445425026706188
LOC111099801,-0.43319213386774
LOC111123541,0.173577335231833
LOC111138509,0.0526039414451467
LOC111101339,-0.828352204762336
LOC111109458,-0.587938750828608
LOC111126881,-1.85067366277355
LOC111124412,-0.25017376223705
LOC111138487,0.190646733981455
LOC111130582,1.05206288606691
LOC111108670,-0.454871288373459
LOC111136982,-1.82312144269998
LOC111108533,0.114832494273194
LOC111106600,-0.806560615160476
LOC111129271,0.666941857217911
LOC111135803,-0.379574004749363
LOC111099693,1.52239955932395
LOC111129303,-0.0689071036544001
LOC111130134,1.64059907914891
LOC111111713,1.80450221723788
LOC111107207,-0.0750223291629551
LOC111119817,-2.07871315105497
LOC111116859,0.35913790899056
LOC111121591,0.316353481318636
LOC111121890,-1.30888829300641
LOC111135015,0.395108071935723
LOC111109864,-2.23792838024261
LOC111117946,-0.962014883215502
LOC111119163,-0.385600254921381
LOC111104167,-0.268555060303194
LOC111105031,-0.653324572342311
LOC111100756,1.36452803193202
LOC111137499,0.141284684566793
LOC111126516,-0.386951129779607
LOC111114281,0.061270236700729
LOC111126716,0.958003777917819
LOC111135628,-0.0593087400299719
LOC111104267,-1.13218607704148
LOC111104370,0.0175345328807171
LOC111125815,0.532090082622808
LOC111115391,0.185904586462308
LOC111100177,0.23792722518335
LOC111134650,-0.14593128506999
LOC111107935,-0.280360863652161
LOC111108543,0.248882918811384
LOC111124580,-0.284501972413798
LOC111133368,0.960912374838842
LOC111130535,0.447105991222885
LOC111127499,0.118810586786641
LOC111126345,0.853306654763866
LOC111121933,-0.468927532232161
LOC111115741,-0.947246646545492
LOC111099327,2.42819419909837
LOC111124473,0.986715879837631
LOC111118643,0.741155991672516
LOC111133213,0.765284819264724
LOC111100047,-0.582482254842223
LOC111126012,-1.64249633085372
LOC111126168,0.335452186831281
LOC111101711,2.77158255283572
LOC111117438,1.0820047508586
LOC111114967,0.368403077717622
LOC111131351,0.0428832350398834
LOC111131787,0.0479323600994255
LOC111135175,-1.52332079048354
LOC111116683,0.354830330470471
LOC111138424,-0.270468193332174
LOC111102466,0.247561654399039
LOC111128503,-1.67595248938637
LOC111115739,-0.11354597690438
LOC111119409,0.193233996818321
LOC111100668,1.50552862008352
LOC111134122,0.0644059867790063
LOC111125445,-0.303910244139305
LOC111126985,0.718915678090237
LOC111123745,0.365749914237836
LOC111130234,-1.14295325230417
LOC111118484,-0.367152174249929
LOC111122794,-0.77930730968154
LOC111130818,0.366877091726003
LOC111113014,1.18506930470018
LOC111103508,0.177421762521016
LOC111118584,0.0154813532817714
LOC111100812,-2.42076082451953
LOC111117040,-3.50370551902473
LOC111114306,1.1935898007154
LOC111102827,-6.95463776363231
LOC111122270,0.694348318433187
LOC111118493,-1.42513150584483
LOC111135632,1.40610115116892
LOC111131283,0.619911558832069
LOC111126505,1.21586271816753
LOC111125299,0.153434674865275
LOC111124731,0.467024537967908
LOC111124550,2.94655901679026
LOC111124068,-0.758156868155106
LOC111138196,3.46084337463753
LOC111125881,0.726254489807925
LOC111118460,-0.101568033723969
LOC111130848,-0.232696908368749
LOC111121776,-2.1450643176621
LOC111111245,0.0796344908507202
LOC111136038,-0.629963943595537
LOC111114416,-1.48295658160921
LOC111101969,0.599745265180491
LOC111107772,-1.32306077020723
LOC111135914,2.29676503600222
LOC111123764,0.695588979802439
LOC111109617,-0.522027161075097
LOC111115730,-0.0294774544265401
LOC111126437,2.20565366751187
LOC111134936,1.24787604621962
LOC111119872,0.621402184291959
LOC111134939,0.0639282414712532
LOC111111561,0.893687468884527
LOC111130042,-0.157545131969081
LOC111130827,0.29347907539296
LOC111115013,-0.122572608259119
LOC111122578,0.20441924580647
LOC111137886,-0.505759884840625
LOC111130067,-2.68606160560092
LOC111102967,1.41803687875305
LOC111101367,0.86697366190033
LOC111106975,-0.113235529128041
LOC111129326,-0.898648934116373
LOC111121613,-0.123177695615898
LOC111121521,0.222936535593265
LOC111119234,0.871591780575818
LOC111136700,0.617091605848185
LOC111125745,-1.38092195484394
LOC111105568,-6.62655841642239
LOC111120646,-0.273564379793422
LOC111111141,0.667089429054567
LOC111137284,0.393146817933755
LOC111105851,-0.347816050058527
LOC111136805,-0.241489387825339
LOC111137327,-0.275904018046869
LOC111119661,-0.103112602012743
LOC111110216,-0.778782823065831
LOC111132592,0.402702030234376
LOC111133183,-1.00842123517373
LOC111116011,0.177753191261085
LOC111118934,-0.709129469176593
LOC111105768,-0.0807064908782941
LOC111129276,0.855085306680122
LOC111136506,0.987508208000101
LOC111128671,2.17904586221238
LOC111108082,0.746969338054341
LOC111114544,0.479750917819172
LOC111123628,0.406447773894998
LOC111120569,0.0389216276561088
LOC111099428,-0.205818634598671
LOC111113949,-0.142014893971652
LOC111108086,-0.65425132214725
LOC111128833,-1.03633688802384
LOC111134397,4.29932269456582
LOC111135889,-1.67624575281644
LOC111128051,1.46893414259389
LOC111133523,2.83090309722248
LOC111118667,1.16752285605264
LOC111134348,0.715853678989485
LOC111134224,-2.29229027660022
LOC111133121,1.54781207077194
LOC111110671,-2.02566570715718
LOC111110091,-0.591100422784642
LOC111115756,2.64739548455698
LOC111125129,0.41530215096258
LOC111104754,-1.1180619754902
LOC111106854,0.828421078627971
LOC111125906,0.280309050101031
LOC111106524,-0.592334518410048
LOC111122952,0.359993339995525
LOC111129554,-0.34844518366794
LOC111122025,-0.915318443951386
LOC111129024,7.37416556041236
LOC111104491,0.170566399843012
LOC111130902,-0.0196738189126909
LOC111133534,1.16690360929618
LOC111100578,1.9040754309855
LOC111115104,-0.411234914301401
LOC111099170,0.00755967323029466
LOC111122710,0.561156938988821
LOC111129050,2.04525777132478
LOC111117403,-0.00226591591383184
LOC111123749,-0.0444821841033362
LOC111137933,1.3930928319975
LOC111102389,1.33548959839248
LOC111113959,-0.347386250197455
LOC111118095,-0.952077643323162
LOC111109043,-0.0967776545424803
LOC111108389,0.991812585782672
LOC111122939,0.739502624217868
LOC111120673,1.23262321500008
LOC111110287,2.10142814502974
LOC111109130,-1.71453317391112
LOC111103231,0.633099962890587
LOC111119686,0.59495939480071
LOC111120682,-0.575712335597628
LOC111129354,1.29850700020861
LOC111123326,0.747462730405203
LOC111107103,-0.157250887900107
LOC111133538,-1.84899277036707
LOC111136979,-1.4328651696074
LOC111108573,-3.45323882686986
LOC111102883,2.63577419163814
LOC111130322,0.152158450250832
LOC111119225,1.73636136898157
LOC111100170,0.00756082877064291
LOC111105984,1.18024670104783
LOC111103549,-0.00458513198504434
LOC111120762,-0.712434028834004
LOC111123453,0.396251031202186
LOC111135557,-2.67615731663793
LOC111104286,0.143482282513575
LOC111127197,0.00755848513960522
LOC111115508,1.59897340799512
LOC111133625,0.533926487972415
LOC111131281,-0.18492713713383
LOC111119467,0.0301152946527622
LOC111109520,-0.26802424671693
LOC111118508,1.41743900224168
LOC111133656,1.04088358692275
LOC111124280,-0.585974574423033
LOC111128659,-0.510682752408178
LOC111127013,-0.592334518410048
LOC111119230,0.0104439891230242
LOC111118063,1.27105862792987
LOC111110437,-0.395657739621408
LOC111129017,0.151619354702069
LOC111126179,-0.617577785661806
LOC111134128,1.05612329298342
LOC111134472,-0.423059087408732
LOC111133059,0.137693354592287
LOC111138082,-0.701885832913313
LOC111130715,0.0594812809820797
LOC111131196,-1.02759895707563
LOC111103969,-0.195264407119336
LOC111120905,-0.0307082296473021
LOC111114548,-0.63987566366731
LOC111133795,-1.08577334130283
LOC111137162,1.37245813930314
LOC111133732,1.71050963601004
LOC111114678,-1.14214684396879
LOC111119500,-0.156099614036463
LOC111106742,-0.0637934827411832
LOC111123923,-0.468381284086731
LOC111121204,-0.322588823261009
LOC111127877,2.1153601185032
LOC111137448,0.00755969603377575
LOC111126700,-0.074954470445794
LOC111116150,-2.59685148966505
LOC111138372,0.222198895933265
LOC111135946,-1.7094136923454
LOC111117933,0.470882942762141
LOC111136428,-0.214703971790366
LOC111112225,1.31058050916625
LOC111124675,-0.170579468819811
LOC111100837,-0.844148453811257
LOC111118640,0.697739903418785
LOC111110595,-0.0647454118881669
LOC111108690,-0.42414940423647
LOC111122568,2.20247917096895
LOC111135714,-0.451829427850069
LOC111105275,-0.363630644954101
LOC111125933,-0.211874951762871
LOC111132244,0.822128126475987
LOC111105412,0.549814963271883
LOC111136737,-4.28794236452172
LOC111119911,-0.881211041331851
LOC111106325,0.302643451282299
LOC111133920,-1.27310982325792
LOC111137662,0.295456614319387
LOC111133385,0.566285710844616
LOC111118661,0.416617090885534
LOC111101029,2.30788361872382
LOC111119327,-4.10211791678786
LOC111135346,-0.289137382850524
LOC111124167,-2.31234573793762
LOC111118451,0.370510602406725
LOC111124299,0.199583701824971
LOC111103466,0.126093378613704
LOC111124304,-0.98300532335754
LOC111138340,-2.15175869362353
LOC111114668,-0.693287437735217
LOC111125410,0.0803357326686623
LOC111132252,2.32181369547013
LOC111135811,-0.641410113942551
LOC111104721,0.535992016572416
LOC111104740,-0.0756190371986338
LOC111125277,0.888375721630676
LOC111114502,0.236974789136832
LOC111112625,-2.87510433710364
LOC111130087,0.238572098777703
LOC111116840,-0.825722784618008
LOC111135298,-0.131963396661159
LOC111123873,0.270090861703951
LOC111127493,0.0368416087583097
LOC111135413,-1.52127463799775
LOC111101809,0.460554560533519
LOC111103836,-1.58352088275956
LOC111137381,0.34348894249892
LOC111104549,-0.606480230633826
LOC111138373,0.702067371475791
LOC111127794,0.251329649378625
LOC111133074,3.67144303347863
LOC111133895,-0.520404331905758
LOC111121987,1.35314028606321
LOC111109452,-0.987595611852867
LOC111138367,-0.795030846639043
LOC111125534,-0.576533904948675
LOC111128938,-1.02937822911232
LOC111136745,-0.284265914835531
LOC111135354,-1.19943162299248
LOC111136863,-0.170814338289668
LOC111119450,-2.44893361488371
LOC111125209,-0.677551401335926
LOC111100228,5.09553547723673
LOC111121629,0.643753242020894
LOC111124907,-2.31506652510586
LOC111115718,-1.48555649627694
LOC111126422,0.133875429537707
LOC111124858,0.277382228221467
LOC111117325,0.298752258003548
LOC111115546,-0.457505819737924
LOC111106529,-1.15970090396279
LOC111110789,0.934363556114058
LOC111108365,0.13179007084799
LOC111132125,-0.161690021269317
LOC111101430,-0.829369662114035
LOC111109673,0.659887753314812
LOC111106294,-0.0110436814240978
LOC111129499,3.07216663700913
LOC111126477,2.52314605104836
LOC111129041,-1.12544028345189
LOC111104434,0.424569195640908
LOC111099063,0.170817738780602
LOC111106750,-1.26967819661158
LOC111117622,0.12969105501853
LOC111136010,-0.596480571614384
LOC111111251,-2.10032635206793
LOC111111170,-0.0341260361177177
LOC111119384,0.602534299005962
LOC111104588,-1.05166931602238
LOC111112750,-1.09134544950987
LOC111115790,0.504929853423776
LOC111101579,0.502744198814208
LOC111122789,-5.2977646627032
LOC111118997,-0.569290984945412
LOC111125937,-0.395703706494202
LOC111104467,-1.10354696753733
LOC111120351,1.20614508619881
LOC111120782,0.170556154894905
LOC111122861,-0.0349355904188834
LOC111110826,0.75471178568445
LOC111111182,-1.6442959135668
LOC111129680,0.539595154156866
LOC111115339,-0.351485837191622
LOC111135497,0.104546876720746
LOC111126635,-0.687100012384897
LOC111121822,1.15969223711919
LOC111100028,1.09625054753567
LOC111111433,0.910718770110014
LOC111135232,-1.25443337303367
LOC111110396,1.10559190307938
LOC111134621,1.05763308326769
LOC111138427,-0.859461356814312
LOC111124517,-0.455062966814664
LOC111118881,0.165241714385599
LOC111119800,-0.623263427526249
LOC111122647,7.85941643400261
LOC111135640,-0.0178703742281585
LOC111115978,-0.205411963330426
LOC111113745,-0.187688327877279
LOC111125042,0.161619449070522
LOC111107592,-1.46228733138319
LOC111135366,0.659867625718525
LOC111100547,2.04187397657054
LOC111119914,-1.05232101930305
LOC111121327,-0.16070535789831
LOC111110463,0.23028449025194
LOC111125041,-0.179907441201409
LOC111104848,-0.285267779258833
LOC111130502,-1.64456887996359
LOC111124301,-0.635095553520074
LOC111116945,-0.592334518410048
LOC111136766,0.630219586211892
LOC111135964,1.43226675748743
LOC111110178,-0.543643472864106
LOC111124624,-0.475299593445775
LOC111115857,-0.794743974142006
LOC111134423,0.6608588149973
LOC111125246,-1.28082851214043
LOC111108415,-0.0735859300855723
LOC111125018,0.0376702159183999
LOC111129403,-0.253268605686844
LOC111116361,-2.65564186683698
LOC111135266,0.0075604075818945
LOC111118194,-1.3450953446382
LOC111136650,0.0846687857377529
LOC111130949,-1.060251967952
LOC111125450,0.601166796950005
LOC111129177,3.20263740034054
LOC111131335,0.839361071430372
LOC111113058,-0.00477031989722071
LOC111118147,-0.0507722258971546
LOC111104061,-0.248887107165395
LOC111102387,-0.333924051387865
LOC111118725,-1.81955063077637
LOC111109537,0.0464784118143026
LOC111138197,0.705051474755461
LOC111104871,-0.128096218198645
LOC111102456,-0.925505024576074
LOC111134828,-2.5486695534847
LOC111102681,0.00756029019068452
LOC111135317,4.46841016377491
LOC111112694,-0.693764214431807
LOC111131126,0.435617087539083
LOC111120071,2.04254450754149
LOC111135277,0.124625942536146
LOC111101183,-0.223382980693702
LOC111123455,0.386478857166743
LOC111126073,1.19357631912729
LOC111111698,0.225032029934128
LOC111130521,5.22611231084118
LOC111132009,1.46879716819343
LOC111122087,-0.888032647127086
LOC111103379,-1.91508772416349
LOC111111353,-0.329317372409213
LOC111131434,0.0747260672068545
LOC111122707,0.947596114724446
LOC111117670,0.538097661625398
LOC111100842,0.551508044194749
LOC111113354,-0.996475323122596
LOC111128529,2.33251286048593
LOC111138429,-2.14038825212099
LOC111129219,-0.670197541122285
LOC111137692,3.62683313125688
LOC111111179,-0.192674207651573
LOC111100683,0.971301146301202
LOC111104572,-0.335986180903969
LOC111132179,4.63906726444689
LOC111134747,-1.10085357763346
LOC111103245,0.554657242350238
LOC111135789,-0.998864226285991
LOC111117557,-0.645836587848533
LOC111125103,-0.592334518410048
LOC111121441,2.98527131780821
LOC111133891,-0.172212408789674
LOC111118900,0.593890965221786
LOC111123026,-0.442648257332961
LOC111112679,-0.262203242348451
LOC111123870,-0.314958166808031
LOC111111541,2.35319492714045
LOC111120559,0.554657242350238
LOC111123596,-0.0457094395191429
LOC111126120,0.707800285520839
LOC111121685,-0.922430154213998
LOC111135495,-0.394565554583136
LOC111124341,0.787705384027638
LOC111125748,-0.0338476601888822
LOC111130924,-1.40762055950214
LOC111125607,0.791180878457657
LOC111134749,-1.33530412150162
LOC111113400,2.8808485080097
LOC111101276,0.149582261348757
LOC111130500,0.641641779086663
LOC111121888,3.61216220714421
LOC111133147,0.895867089140365
LOC111108252,2.17387213681886
LOC111136377,-0.303926005997538
LOC111135693,10.5842905035191
LOC111106156,-0.0167733374166382
LOC111110156,-0.321418674613966
LOC111126115,-0.0662826991615808
LOC111106566,-0.436988201097703
LOC111102476,0.571056012595508
LOC111103439,0.0834692036199053
LOC111108749,0.0336428316455148
LOC111135965,-1.22646715158401
LOC111101560,0.202512875066731
LOC111123045,0.0319078398153503
LOC111102797,-2.3854293507336
LOC111124748,-1.5759670723542
LOC111120157,-0.697565562302978
LOC111110553,1.17330761613664
LOC111109469,-0.281823174914291
LOC111106098,0.677629656146106
LOC111112283,-0.903033622363698
LOC111111524,-0.0152412608867246
LOC111100184,-0.649130421087347
LOC111121450,-0.926219803432443
LOC111133323,1.2198678601173
LOC111131805,1.93812935700215
LOC111106374,-0.614476333011995
LOC111119425,0.213430324858126
LOC111107369,1.2515372890399
LOC111100213,-1.22134235647968
LOC111131154,-0.120541251345526
LOC111102630,-0.400023551172038
LOC111103244,-0.00552667929788807
LOC111129304,1.91792967505398
LOC111101241,0.630107737212101
LOC111134471,-0.122370478334655
LOC111106933,-0.335343761758366
LOC111134870,-0.101272394177356
LOC111134871,0.0366175047923024
LOC111124585,-1.10969620534607
LOC111104423,-4.15287506497856
LOC111116692,1.20897752189923
LOC111102268,-0.404031705453575
LOC111100079,-4.16572984893284
LOC111135809,-0.189278764901121
LOC111119570,0.592839473778805
LOC111126277,-1.13423035595988
LOC111126279,0.929447081653449
LOC111120761,-0.291699067602641
LOC111123898,-0.368797022619406
LOC111110975,2.22360525034213
LOC111106271,-0.928498940736237
LOC111109848,-1.10924374847407
LOC111100025,-1.01355868831868
LOC111119873,0.395120269037417
LOC111132832,0.345567992084049
LOC111106450,-0.291913197755255
LOC111130177,-0.496807267395589
LOC111100894,0.647377222743284
LOC111120470,-0.0360406657000963
LOC111120938,-0.0097895170408711
LOC111128838,-1.65462852708774
LOC111134780,0.436597033382423
LOC111123785,-0.258341413946944
LOC111138025,1.04846215619791
LOC111099527,1.1442464928221
LOC111100152,-0.453840439943261
LOC111113335,0.929227473764473
LOC111110059,1.81088884926852
LOC111131142,0.0207348394353895
LOC111106825,-0.467804229219214
LOC111117465,-0.359049783734829
LOC111105124,-1.22733765538147
LOC111115446,-1.76122421353322
LOC111108287,-0.722538978288191
LOC111130685,-1.82187076293863
LOC111122071,0.54490210036535
LOC111136962,-0.492218645251894
LOC111116089,-1.31083840105307
LOC111125746,-0.135274771944265
LOC111135825,3.29094696919776
LOC111134208,0.656430337882396
LOC111112114,0.662746615089411
LOC111115744,0.475665738710626
LOC111122583,-0.256089867073888
LOC111130635,-0.240970431793295
LOC111110298,0.676073229628856
LOC111136821,0.131249225958476
LOC111128298,0.888790298443788
LOC111121934,0.549562246414091
LOC111105929,-0.300397157961718
LOC111116622,0.241842587757435
LOC111137146,-0.334136626217972
LOC111119367,-3.2616275256968
LOC111102627,0.277379878873501
LOC111138119,-1.61535996312477
LOC111128794,0.846976168150859
LOC111115416,0.622068796896023
LOC111108656,0.204237687654592
LOC111138044,-0.490828411065408
LOC111113939,-2.52345576620614
LOC111130896,0.0223519055052899
LOC111108659,0.202505103650514
LOC111133031,4.1109012962924
LOC111126927,0.193885554051673
LOC111109946,0.408259857570261
LOC111109600,-1.03133712369133
LOC111137850,0.889963687709519
LOC111121700,-0.507823990974438
LOC111137724,1.37946371625177
LOC111135830,-0.0638322641469132
LOC111133713,0.068919124822801
LOC111099865,-0.171937438146047
LOC111126013,-0.546309058306699
LOC111125603,-0.690114018184778
LOC111116995,2.05421266429671
LOC111108593,-0.226120639814631
LOC111122802,-0.719178834240246
LOC111113633,-0.693914768957794
LOC111130729,-1.34572601275909
LOC111117966,-1.61375045567887
LOC111117433,-0.0457738693270093
LOC111131524,-0.304857309897903
LOC111118794,-0.87243298233421
LOC111125446,0.346295676372728
LOC111104979,-1.59886083101355
LOC111127867,-6.76064206689523
LOC111136382,2.92102643943252
LOC111131861,-0.855990363763535
LOC111137839,-0.4856229935728
LOC111112522,0.407945268970231
LOC111101059,0.120725911075773
LOC111118690,-1.60759149922667
LOC111110117,0.994008410504405
LOC111135670,-4.32919844544654
LOC111132766,0.300470922056454
LOC111133865,-0.325863912303112
LOC111130008,-0.566436226681931
LOC111112614,0.449417255610379
LOC111120135,0.334124298804295
LOC111130969,-4.96365655225809
LOC111126491,-0.70995067145694
LOC111130108,-0.135965635186081
LOC111132736,-0.174516983963977
LOC111122102,2.36547790518664
LOC111126836,0.000859313352517955
LOC111130761,1.59617934597869
LOC111120293,-0.274354825342759
LOC111099506,1.21271926193512
LOC111132294,0.243201732907658
LOC111109270,1.20648471266735
LOC111138482,0.184245383803278
LOC111100908,-0.570839102658312
LOC111102713,-0.698498245524632
LOC111115117,0.00983173989569948
LOC111127103,-0.153813742777451
LOC111136653,1.38646880757453
LOC111107792,-0.565936376146204
LOC111113921,0.393720091579524
LOC111132112,-0.00706473039983869
LOC111109502,-0.28066216771887
LOC111109509,-0.197606594216695
LOC111106251,-0.385482125480078
LOC111108348,-3.43796272968361
LOC111134527,0.124930824239601
LOC111124659,-0.100005662224449
LOC111134509,0.192922601300197
LOC111124877,0.0130786657335416
LOC111132183,-1.08819621979347
LOC111115225,0.250723342304206
LOC111105279,-1.65723210074879
LOC111122551,1.67633169930798
LOC111101451,-0.874808168995578
LOC111099479,-0.955443503042925
LOC111104369,-0.937821183153793
LOC111106891,0.201199975009401
LOC111125488,0.45756771602123
LOC111121349,-0.246146161130072
LOC111114690,-0.635550528907185
LOC111115434,-0.394607909561666
LOC111121289,0.658626604132742
LOC111135110,-0.141521264816687
LOC111132218,0.293652278190365
LOC111128924,-1.2025873258892
LOC111107760,0.500768614019858
LOC111130040,0.140121427734878
LOC111117472,1.03070204213005
LOC111136174,-0.533279147157121
LOC111119901,-0.695792339588783
LOC111122323,0.78108362502264
LOC111127884,-0.346622400421249
LOC111110681,-0.520216073894024
LOC111121656,-4.27300311799193
LOC111120889,0.184247449154253
LOC111124703,0.333917721401363
LOC111120924,-0.932867367902843
LOC111131200,0.778382030556835
LOC111105850,1.26808939994841
LOC111118700,-0.326500995442938
LOC111119294,-0.065115101663186
LOC111129241,-4.77362739608062
LOC111130749,0.0182844994257692
LOC111118539,-0.0930096121297656
LOC111100520,0.714267493495794
LOC111134658,-1.02215214646424
LOC111103146,-0.33693171763214
LOC111105597,0.269469516768838
LOC111133453,-0.230141823886658
LOC111100563,-0.704702757633668
LOC111105408,0.292260879395446
LOC111120056,0.607822893236443
LOC111118641,0.121747161356255
LOC111134279,0.55868179425952
LOC111120513,0.53267314558405
LOC111125466,0.0413046458188646
LOC111116532,-1.72732186777314
LOC111118162,0.365291493618353
LOC111118631,0.955452578120439
LOC111128370,0.980208556149933
LOC111118950,0.18709057851001
LOC111114457,1.15997183642733
LOC111106670,-1.85427484590723
LOC111104438,-0.468927532232161
LOC111124602,-0.364906632064968
LOC111132096,0.315289201311109
LOC111126289,0.269173349011584
LOC111107506,-0.449942088914317
LOC111108246,1.00844772165015
LOC111105834,1.47571276939385
LOC111126004,-0.166916900801524
LOC111115548,-1.07755832486897
LOC111110866,0.343837500466256
LOC111107995,-0.56613078649725
LOC111102823,-3.12502334139457
LOC111132871,0.331502293965509
LOC111136358,-0.287612819576277
LOC111115441,-0.0446156951295711
LOC111131589,-0.0293517104846625
LOC111103178,0.394254179217328
LOC111119685,1.47731609229053
LOC111111833,-1.02397393305042
LOC111114724,-0.307335059587032
LOC111129175,-0.615874463569651
LOC111103974,-1.00589679020925
LOC111132371,-0.21556764135376
LOC111123815,-0.765221720351016
LOC111127833,0.246410417699555
LOC111125465,1.13751577837547
LOC111100096,-0.662862404265766
LOC111132528,-0.456799764957759
LOC111130612,-1.21317102174191
LOC111116239,-0.587929437488938
LOC111134844,-1.18699809464559
LOC111100278,0.620391949829946
LOC111121175,0.339988470609427
LOC111136307,-0.829261556628839
LOC111109490,1.73261077747333
LOC111128729,0.00755943575357189
LOC111106096,-0.849189418761546
LOC111127785,-1.06317078104034
LOC111130613,-0.0798517275327069
LOC111125448,-0.518757091610649
LOC111122738,-0.843717156365972
LOC111115338,-0.246806223670196
LOC111109468,-0.0184595442030506
LOC111126990,0.163736111261456
LOC111132961,-0.266459738966912
LOC111109067,-0.608180935439485
LOC111132800,-0.65763341981814
LOC111114630,0.315401709657426
LOC111105561,-0.139878859500182
LOC111135947,-1.5440723332796
LOC111112642,0.0828220875848094
LOC111108454,0.683750480193517
LOC111131392,-2.18819739397028
LOC111103630,0.351441682968995
LOC111133439,0.333656355490456
LOC111133923,0.993768860887655
LOC111115256,-0.247034709853676
LOC111108668,-0.159402124693743
LOC111108607,1.00392102973217
LOC111133906,3.4721134112238
LOC111108554,1.82095102621214
LOC111101258,-1.07098533609129
LOC111131324,-0.0914015107562621
LOC111126429,4.31549676488277
LOC111126321,-0.569095321992686
LOC111113426,0.0790907371688842
LOC111116718,-2.42871150932146
LOC111133912,-1.98793368529954
LOC111126039,-2.190442408999
LOC111123721,-1.06133042850104
LOC111124578,-2.05374108555507
LOC111128035,-1.04495782640446
LOC111129650,-0.732457302593815
LOC111131604,-0.335986180903969
LOC111130501,-0.0380355890321331
LOC111117357,0.353250732593436
LOC111126171,1.75844441026764
LOC111112968,1.40175233796657
LOC111112699,4.58838309899382
LOC111106552,-1.50812920557447
LOC111125867,-1.24866416982181
LOC111134684,-0.36729749612995
LOC111136389,-0.0580324857204185
LOC111131449,1.04402231910734
LOC111133764,0.000580453308714544
LOC111121804,0.621074366848441
LOC111101168,-0.638098965865179
LOC111117431,0.184023869513941
LOC111113838,-0.152992913342647
LOC111127248,1.10436733020927
LOC111133072,-0.0182247299519204
LOC111101894,0.382254495901163
LOC111113418,0.068919124822801
LOC111124750,0.921547966874799
LOC111119650,0.727897163537366
LOC111120904,-0.0662605900822791
LOC111123997,0.176419128357022
LOC111107306,-0.747026631120841
LOC111126993,-1.79593833484021
LOC111101257,0.147438317125947
LOC111102120,1.25077850384099
LOC111132127,0.956308057695954
LOC111113208,-0.600390523263459
LOC111101904,0.929439751579044
LOC111137559,0.794933733648654
LOC111131669,-0.856469595758075
LOC111105769,0.384874405924952
LOC111127777,-1.12854045223842
LOC111129988,0.676782398626994
LOC111137415,1.05120391150195
LOC111121240,-0.228330270636098
LOC111123838,0.319434291799028
LOC111135254,-3.09858391944115
LOC111122190,0.0720227063680112
LOC111131176,-1.0704434477267
LOC111136550,0.69816780898133
LOC111103960,-0.0986813069657073
LOC111104987,-0.789364035624809
LOC111132066,-0.0327113297099469
LOC111124152,-0.348394705478934
LOC111117516,-1.09747702666862
LOC111107105,-1.18406481657627
LOC111133124,-0.299591799490668
LOC111137649,0.0278192693653335
LOC111135788,-0.812105943084156
LOC111101951,-0.637611711504462
LOC111137280,0.855872999950278
LOC111116290,0.133873859542167
LOC111116639,-0.290283357716877
LOC111115135,0.0312260254736815
LOC111122920,-0.105775966627477
LOC111108711,3.53697479218389
LOC111134538,-1.11399152998903
LOC111135303,-0.714414280791308
LOC111128091,-0.127466995055565
LOC111104689,5.2610018599126
LOC111104238,-0.711151458617117
LOC111135744,0.0277526868042174
LOC111119120,0.372185340786247
LOC111116720,-0.71793918893719
LOC111138116,-0.464145579693749
LOC111130127,-1.15052854521752
LOC111115804,0.93888842438642
LOC111105951,-0.0176558851365124
LOC111099539,0.692862461295444
LOC111113893,-1.40405600601943
LOC111126991,-0.256089867073888
LOC111137298,-1.1547259297859
LOC111123064,-0.12036865966909
LOC111107570,-0.33272302908336
LOC111111108,-0.60883277423023
LOC111132212,-1.06030825940848
LOC111112024,0.083474352284679
LOC111121527,-2.89503054857466
LOC111137097,-0.18573581880179
LOC111119615,0.0264853186957811
LOC111115355,0.944830070825282
LOC111136476,0.00755983856945768
LOC111126424,-1.14784962277596
LOC111127901,0.843238101616827
LOC111133356,0.146555617296901
LOC111123114,1.20275477681774
LOC111117070,1.29864469539919
LOC111122134,1.31451625201541
LOC111112465,0.774682812364755
LOC111116264,-0.044390518985332
LOC111127157,-0.762213653763277
LOC111099615,0.0755809766289376
LOC111113025,0.806758504029649
LOC111123221,0.231184035786001
LOC111099209,-1.10599722079832
LOC111136580,0.0781211922175733
LOC111114669,1.34428049480033
LOC111103358,0.331271615141744
LOC111134908,0.933626535296841
LOC111120804,-0.19679332617045
LOC111133940,-0.563646164517412
LOC111123406,-1.53783105643059
LOC111126779,0.246508510622103
LOC111103397,-0.65059336794968
LOC111101103,-0.205120848593638
LOC111122164,0.219585512840992
LOC111136430,-1.03786643127349
LOC111101976,3.57059737046442
LOC111110911,0.185049427181519
LOC111105348,1.54038239594844
LOC111119293,-0.282515924499903
LOC111120105,-0.0950677274905351
LOC111106199,-0.163471002881357
LOC111102668,1.3315163965969
LOC111126848,-0.7928186767328
LOC111104817,-0.966593213875966
LOC111136507,-0.0816007696848816
LOC111113840,0.0132862462223379
LOC111130702,-1.94431923202557
LOC111129492,-0.166905267354683
LOC111120956,1.89342962293231
LOC111127914,-0.0900550870319103
LOC111124441,-0.591262919298872
LOC111124360,-1.79869515556972
LOC111132501,-1.01771611310165
LOC111116228,-0.829545571932538
LOC111124137,-0.360031775127052
LOC111100199,0.492482514749216
LOC111130507,0.0846042819652432
LOC111131198,-0.765439983858063
LOC111102553,0.134985634183633
LOC111136445,-0.444864095299722
LOC111116137,0.106325704612073
LOC111134838,-0.928785146864515
LOC111114777,0.522888391408211
LOC111119350,-1.49455970468978
LOC111104293,-0.311215229943202
LOC111120469,-4.38681001873592
LOC111134351,0.00756012046118915
LOC111110683,0.767421482678507
LOC111106910,0.738224037037368
LOC111106948,-0.00736125514482567
LOC111120564,0.270175381930167
LOC111099524,0.935783910289419
LOC111104430,-0.647119190571636
LOC111111443,-0.146448495451209
LOC111121907,-0.554306430810258
LOC111112028,-0.104804537400052
LOC111111372,-0.753902710786403
LOC111105217,0.381887468639329
LOC111101896,0.745078910865111
LOC111125094,-0.146460872792049
LOC111126354,-0.425833152181284
LOC111125750,-0.930324329230112
LOC111104051,-0.85043760476346
LOC111136574,0.0717496723033523
LOC111122891,-3.84402059385535
LOC111129192,0.321893006215105
LOC111135256,1.86935013006818
LOC111100939,0.412467151865815
LOC111132653,0.551514931450875
LOC111113163,1.19143950126621
LOC111127801,4.66420978968047
LOC111137999,-0.786534435203028
LOC111136904,0.313624618438527
LOC111133659,-0.798962479248403
LOC111125964,0.510738363548314
LOC111124757,0.0315395785653307
LOC111133278,-0.834538100208552
LOC111131843,-0.537861405487572
LOC111135106,-4.58649334967321
LOC111104457,0.234457066069437
LOC111136667,0.243467469511174
LOC111109439,0.111649927985744
LOC111134023,3.58177213621217
LOC111114878,0.489186545947722
LOC111100557,0.670220711426833
LOC111129309,0.138290942181884
LOC111104530,1.25558835224449
LOC111101038,-0.433569098634496
LOC111137646,0.00756073904779393
LOC111107845,0.70710790009832
LOC111133076,0.26770858461141
LOC111136031,1.48779487760091
LOC111118272,-0.25924497071126
LOC111100701,0.403369276084023
LOC111127396,-1.54060022843327
LOC111100545,0.322668282456744
LOC111129500,0.482287421818072
LOC111108757,-0.131224641225356
LOC111100422,-0.184788330126477
LOC111101544,0.802364079114633
LOC111099746,1.11619650428373
LOC111109842,0.692862461295444
LOC111136243,2.18013142359809
LOC111123798,-0.6314682806454
LOC111123473,-0.0517624061651651
LOC111113157,3.90092328819582
LOC111102741,0.0855011330634017
LOC111133370,-0.157032148234234
LOC111119081,-0.809701584412029
LOC111105335,0.583237992651163
LOC111129027,0.000100285180185564
LOC111117829,1.30998469041861
LOC111121114,0.171508077656907
LOC111130330,1.90443745514698
LOC111115912,-1.14725543752752
LOC111137013,0.424441907022022
LOC111132407,0.188794618477275
LOC111104443,-0.17839108462514
LOC111133432,-0.478875222697528
LOC111138358,-0.896141317501349
LOC111123612,-1.12393155145481
LOC111137888,2.25599268269282
LOC111120835,1.14045315292707
LOC111114603,-0.697565562302978
LOC111100053,0.007558925781715
LOC111107754,0.427791407780359
LOC111131047,0.769413685507611
LOC111125549,-2.12613452306954
LOC111113143,0.00756115891579716
LOC111104113,-0.951087668388137
LOC111137141,-0.715251262572361
LOC111137330,0.286559979584083
LOC111123156,-0.741092622668479
LOC111119934,-0.64881668752666
LOC111106186,-1.09446281022792
LOC111125267,-0.111993140956985
LOC111111608,-1.1466398968402
LOC111121411,-0.650679154788622
LOC111135651,0.824169528896081
LOC111123872,-1.71911503918437
LOC111103608,0.702067371475791
LOC111135707,4.73492018990019
LOC111118346,-0.315221928095543
LOC111107381,0.55868179425952
LOC111110052,-0.577783701076867
LOC111117153,-0.0550342349515637
LOC111132900,0.989353306173311
LOC111118973,-6.40388707782593
LOC111109983,0.59275129830251
LOC111121150,-0.211596790755135
LOC111123926,-0.180254775338169
LOC111106886,-0.789356644385091
LOC111115480,1.10403307507382
LOC111118465,-2.22989099960387
LOC111111814,0.216197277255548
LOC111115886,0.394263116749345
LOC111104262,-0.063222393181921
LOC111125635,-0.19867883580481
LOC111118032,-0.889523853802233
LOC111120848,0.65123232292401
LOC111132030,0.621003826389484
LOC111136857,0.937657554096574
LOC111118669,0.724535118759494
LOC111133017,0.769099587987039
LOC111130935,-1.18895752425142
LOC111135777,3.2465467636207
LOC111124646,-1.25210286526558
LOC111127165,-0.391970792900632
LOC111123158,0.0381355144049396
LOC111123248,-5.76589194235405
LOC111109533,-0.132158511690881
LOC111128941,-0.141953647060819
LOC111117231,0.458438143526424
LOC111122349,-1.62450046771621
LOC111118233,2.13515505100248
LOC111106526,-1.50330703264281
LOC111138012,0.114307788899152
LOC111121824,-0.736944236461559
LOC111136303,0.344703215604453
LOC111100280,0.843358703370678
LOC111104693,-0.503751436149557
LOC111103429,0.541699605338661
LOC111132027,-1.92829625746544
LOC111104877,-0.191962763496304
LOC111137460,1.80791114293851
LOC111127635,-0.265173858348894
LOC111120201,0.477832008750375
LOC111106382,0.428212401344339
LOC111114796,0.00756006428040464
LOC111100420,-1.01924952327131
LOC111124480,0.165200274067113
LOC111130345,0.312087565660887
LOC111137092,0.296649749712
LOC111138475,-0.570840970235179
LOC111110284,-0.305895713848511
LOC111135513,-0.923969075554041
LOC111114718,0.323188735147883
LOC111133547,0.0704946613507699
LOC111103540,-0.232101196593274
LOC111125960,-3.5555130746399
LOC111105260,-2.07318945628098
LOC111132465,-0.404298806558587
LOC111114613,-0.708478962060817
LOC111135347,-0.461936419907297
LOC111105526,-1.74069860091203
LOC111134307,2.94856629328096
LOC111130413,-1.16917473426639
LOC111107872,-0.766091101286366
LOC111135292,-0.599813564440762
LOC111131313,-0.0843218816074257
LOC111124105,0.0736603839531394
LOC111127154,0.00756073904779393
LOC111138075,-0.235596971528739
LOC111133135,0.791534879460286
LOC111101691,-0.282446769783852
LOC111122028,1.07838450474536
LOC111108767,-1.25340697648461
LOC111117955,1.02504415512991
LOC111128172,-0.151723126537373
LOC111126705,-2.46691943372812
LOC111133680,-1.87492162026988
LOC111118313,0.275548846256983
LOC111106740,1.04525233060293
LOC111122498,0.712734986896292
LOC111135008,-1.23731787924224
LOC111112660,0.0550381417985628
LOC111131118,-0.408104017981468
LOC111107235,-2.5598398071929
LOC111128582,-0.291396022589225
LOC111103834,0.00755986721210135
LOC111106648,-0.0728569871486913
LOC111105236,0.856084894730913
LOC111134375,0.431424963241987
LOC111136753,-0.296984699842229
LOC111137158,0.107858201857131
LOC111118534,-0.155686559633937
LOC111130879,0.981683485270466
LOC111108018,0.173902756419123
LOC111122848,1.26432273801975
LOC111126307,0.219081445685452
LOC111103318,0.0426770898028651
LOC111138439,0.512370778436753
LOC111118395,0.0277916748958134
LOC111131694,3.06878701191677
LOC111116734,-0.39673299163823
LOC111121832,0.229004832946889
LOC111109819,-0.622405593191099
LOC111128330,-1.20368948198176
LOC111136632,-0.204021745039276
LOC111112093,-2.18269080137916
LOC111102573,0.553981284898252
LOC111121549,-0.00489427612724261
LOC111102970,0.242930133895328
LOC111137352,-0.391904712197631
LOC111103310,1.49353694928602
LOC111120964,-0.276777748709364
LOC111103535,-1.56291422566382
LOC111099597,-0.0178866085758178
LOC111132713,-0.765302719870388
LOC111105047,0.375923886644282
LOC111099773,0.337002456555492
LOC111131633,-0.568749457098451
LOC111103552,0.433048397752078
LOC111118916,0.799176493819805
LOC111109650,1.97014267286578
LOC111137157,-0.734049440679481
LOC111129010,0.109185830506639
LOC111107545,-1.26119640616308
LOC111109652,1.30399528114217
LOC111138214,0.159977967322765
LOC111122978,1.92849061508396
LOC111112844,-2.47010570927935
LOC111138417,1.06437736759906
LOC111105812,0.543044141081408
LOC111109643,0.0767103636847785
LOC111121900,1.5902104046464
LOC111119273,-1.34658246723479
LOC111131061,0.325092665080395
LOC111109706,-0.276145772200012
LOC111122227,0.074234321028526
LOC111125430,-0.595377668532403
LOC111113862,-0.154670974149388
LOC111130269,2.0225647480652
LOC111108016,-0.114362894628872
LOC111125452,1.72771063230392
LOC111110535,1.35694649763789
LOC111122117,-0.22789628846319
LOC111117027,-0.913540458208651
LOC111107111,0.039325506599137
LOC111123320,-0.464548330012062
LOC111137166,0.833908618384282
LOC111100060,-0.146445438030178
LOC111120050,-0.894394751570538
LOC111127085,0.632699786004228
LOC111108798,0.702067371475791
LOC111106540,0.91144322535718
LOC111123669,0.397387087530448
LOC111130421,0.922935698886967
LOC111129124,0.963217379097025
LOC111121116,1.63784888036294
LOC111130550,1.7107196698835
LOC111124790,0.171501789724994
LOC111125215,-1.02977605621556
LOC111105926,-0.838952864157313
LOC111117988,-0.250434062622342
LOC111125439,2.31528701656546
LOC111110142,5.5922368356978
LOC111135439,-0.105554279628175
LOC111133994,0.76549549045548
LOC111107421,0.900204846689816
LOC111101547,-0.27410225536676
LOC111130574,-0.377016971083348
LOC111118624,0.0184320674147017
LOC111130354,-2.22775199068362
LOC111137049,-0.813392437710285
LOC111101846,0.277389108833403
LOC111123495,0.364722562522452
LOC111120952,-0.209123263094653
LOC111099223,-0.100500989448073
LOC111119808,-2.73874933419068
LOC111129350,-3.7248657333784
LOC111100117,0.32629782955076
LOC111111323,1.70584344142948
LOC111113166,-0.581955720788623
LOC111099617,-1.05642960926132
LOC111101133,-0.811279932737324
LOC111133472,2.48583819719391
LOC111135738,-0.960564663999522
LOC111103250,-1.74972450051405
LOC111101768,-0.129951285933597
LOC111120248,0.784399534504732
LOC111117641,-0.0122555359856057
LOC111136647,-1.78492401901523
LOC111133664,1.55200278265577
LOC111110164,-0.208179518674486
LOC111117553,-3.40390100055491
LOC111121780,-2.01362039615029
LOC111103845,0.0100527764992849
LOC111130006,0.0304089757973729
LOC111121529,1.66359705338392
LOC111133379,3.33669314531156
LOC111130606,1.51425201815086
LOC111133768,-0.352247073122827
LOC111137812,1.94000360315023
LOC111129188,-1.26171954277068
LOC111102840,-0.702572379087008
LOC111124566,0.646433159700873
LOC111127498,-1.40422136958434
LOC111130163,0.421166721728207
LOC111137438,-0.622213816108632
LOC111104007,-1.98617620859817
LOC111130216,-0.709519653202155
LOC111122100,-0.304909307047248
LOC111103710,-0.276104246549464
LOC111118611,2.63855222951557
LOC111105869,2.96321132748934
LOC111135644,0.140577572730664
LOC111137876,-2.93052191336583
LOC111133563,4.70961067584024
LOC111135682,-0.384660661861052
LOC111132188,-0.215025173484893
LOC111102406,1.16095691721059
LOC111118839,0.751175271918973
LOC111125207,0.00755919442611839
LOC111119382,-5.07870428289208
LOC111124257,0.861912387431084
LOC111116815,-0.284182204036772
LOC111125562,-0.188391502265595
LOC111106818,-0.5918822054127
LOC111112876,0.527156217117157
LOC111118134,-0.243445330243088
LOC111115496,0.545072568536897
LOC111115926,0.167743781840294
LOC111109633,-13.4923216435195
LOC111126630,-1.10210432984688
LOC111106493,0.150796415681106
LOC111101810,0.259161324309854
LOC111105245,-0.699023052774934
LOC111099982,0.108036490138937
LOC111107967,-0.265323731142539
LOC111112337,-0.744390750674871
LOC111102779,-0.841657163830478
LOC111137050,-0.796313132809977
LOC111108660,-0.134566075430449
LOC111108280,1.17960479780949
LOC111126776,0.554989237409911
LOC111115586,-0.897325929811055
LOC111100421,-0.398008143538799
LOC111130045,-0.185834839741857
LOC111130366,0.707925933697701
LOC111131593,1.66484481159111
LOC111113119,-0.131715456220954
LOC111114723,0.328723437131139
LOC111138319,0.217869102413142
LOC111112096,0.396267079653286
LOC111122215,-1.58788722436915
LOC111134755,-0.416537264368004
LOC111137533,0.718713465551821
LOC111121060,0.0661142741703989
LOC111122512,0.0075587931371714
LOC111118300,-0.369428706128995
LOC111101654,-0.40490032932868
LOC111134477,-0.807884094574657
LOC111138381,-0.547678563151757
LOC111119303,1.50489380845223
LOC111106306,1.26046025024978
LOC111134639,1.04250548443561
LOC111110881,1.9131040533177
LOC111105345,0.296860750770398
LOC111137970,-1.81023650949957
LOC111131393,3.30049380225046
LOC111107944,-0.298493934447065
LOC111137726,-0.0932795081080097
LOC111112507,0.428133505990196
LOC111121396,-0.160713825713338
LOC111128999,-0.398104877124798
LOC111125349,-0.483317585247429
LOC111103801,2.04452803755659
LOC111099738,-1.68654153885187
LOC111111382,0.566285710844616
LOC111105197,3.4139079606422
LOC111127380,-0.537808170573226
LOC111127210,0.449444509666572
LOC111115131,0.0799924352350984
LOC111137288,0.328800241374168
LOC111134024,-0.756671967770939
LOC111123327,3.77004007253436
LOC111099071,-0.526354547448997
LOC111135144,3.27190793465114
LOC111133765,0.675415950134347
LOC111128318,0.446027693143851
LOC111134038,-0.123242224581588
LOC111111362,0.276586765440906
LOC111103314,1.18765115922118
LOC111116869,1.1792076125879
LOC111119882,-1.17649111521047
LOC111106284,-1.02044774275251
LOC111100348,-0.277324199590539
LOC111107660,-0.431044917854106
LOC111122191,-0.18991781198849
LOC111137313,-0.937194512974918
LOC111138240,-0.0284260461163637
LOC111105448,0.0806571980661053
LOC111123527,0.1698169895458
LOC111136570,0.39314369750945
LOC111132139,-0.414391309428078
LOC111128419,0.0710935271148821
LOC111103272,-0.323371037495701
LOC111118568,-0.33375127012048
LOC111103849,0.181789675253484
LOC111107035,0.142335463526175
LOC111123567,-2.15528212621948
LOC111113474,-0.699014395704029
LOC111129670,-0.179546150858894
LOC111119188,-0.707459759880552
LOC111103513,0.508170832986263
LOC111119530,0.792505041748214
LOC111119616,0.994463562714235
LOC111136245,0.0132837200928831
LOC111134144,-1.15164541637569
LOC111118385,-0.244347109334249
LOC111120292,-0.472061646005956
LOC111119100,1.23551087161916
LOC111105806,-0.201484289516841
LOC111128416,-1.6491191698676
LOC111136168,0.168790246359714
LOC111110517,-0.0426148483109176
LOC111115197,0.112310126389716
LOC111110454,-0.104726246913755
LOC111128961,-2.3188893766699
LOC111125650,-0.106361067875974
LOC111101280,0.00755958487367869
LOC111102230,-0.270645739934249
LOC111117321,-1.22081016493226
LOC111115162,-0.655221355491358
LOC111120246,-0.217751378201323
LOC111125099,3.40642631490149
LOC111106074,0.00756029019068452
LOC111124568,2.28921086776716
LOC111103880,-1.04838826541049
LOC111129426,1.90032358026102
LOC111134453,2.33117790013395
LOC111114284,1.97002308922867
LOC111124529,1.12019075816901
LOC111114515,-0.337580045345847
LOC111106474,-5.08228260328836
LOC111101602,0.0898276423583285
LOC111103944,0.231350869384874
LOC111108270,-0.532953885344653
LOC111127107,-1.44106668481842
LOC111130947,0.94761809767539
LOC111124415,-0.0294251157900059
LOC111120971,1.09967719736629
LOC111100362,0.560203794688111
LOC111123143,-1.09867371039994
LOC111119518,0.712949494913139
LOC111127048,0.258658689051149
LOC111122128,-0.316995218831315
LOC111132482,0.135562758209917
LOC111123938,-0.527303854226651
LOC111127495,1.49997122954171
LOC111129823,3.01963825645947
LOC111126981,-0.826111014027875
LOC111104295,0.975265068905217
LOC111128644,-0.498152074594857
LOC111121115,-0.185439471387646
LOC111103559,0.419697481119161
LOC111106930,0.17891130536984
LOC111101967,0.0562630790183793
LOC111129998,1.25335116429968
LOC111130600,0.896579569907455
LOC111099592,0.450528254820516
LOC111136509,-0.283795979189511
LOC111101803,0.210047272073523
LOC111134889,-0.0132502649908165
LOC111120390,-2.0028810051357
LOC111111426,0.0271758707040352
LOC111122558,0.249008969685015
LOC111122782,-1.20480021313546
LOC111127956,-0.587929437488938
LOC111117354,0.335651144054994
LOC111127059,-3.48021214764407
LOC111114778,-1.55690277426654
LOC111117211,2.04315407921895
LOC111112001,0.0075604075818945
LOC111127939,0.105029202431757
LOC111135384,-0.0127517832738089
LOC111136959,-0.924602450284424
LOC111102979,-0.918199076473873
LOC111126134,-0.105207652616864
LOC111110435,-3.39057747554377
LOC111118956,-12.102430456271
LOC111123142,0.735449736894671
LOC111133292,-0.092954934204038
LOC111123117,-1.21504718287219
LOC111118679,0.360917993005574
LOC111130035,-0.614236878778426
LOC111126960,-0.00832086189955926
LOC111115075,-0.780039092449779
LOC111117895,0.283364475747012
LOC111135499,-0.246440318274999
LOC111101051,-0.239098374001903
LOC111120480,-0.165038794509726
LOC111104826,-0.650426859912065
LOC111124879,2.50472263843496
LOC111114388,-1.93938510467184
LOC111117287,0.060966703988798
LOC111136293,-0.327293129233894
LOC111113447,-0.0926158713323684
LOC111122874,-0.968523918803558
LOC111135955,0.157835572625189
LOC111111307,0.273583528905855
LOC111101095,2.42788937083127
LOC111136770,0.392723585039643
LOC111136074,0.693372292056091
LOC111126665,0.346011658270863
LOC111104814,3.19878652912755
LOC111130055,0.0850520514574473
LOC111137908,-0.706351343168561
LOC111136237,1.61010539421682
LOC111103644,-0.951723173030145
LOC111109730,0.25281098554011
LOC111127356,-0.357090675034223
LOC111119754,0.0255005734191812
LOC111125137,0.287616220646004
LOC111134656,-0.16938225308805
LOC111118430,0.570314398891495
LOC111112578,0.266455706461906
LOC111126582,-0.122140299535313
LOC111101290,2.27474252940748
LOC111133899,0.838785671780541
LOC111129330,-1.31321090356921
LOC111136257,0.151243174628939
LOC111122685,0.56257578977545
LOC111132618,-0.716536772982551
LOC111137471,1.74752268778114
LOC111128502,0.067991218832733
LOC111099213,0.496270747499409
LOC111136089,-0.760588886083126
LOC111099202,0.175953327779773
LOC111129351,-0.530505346678232
LOC111138432,0.89979984293499
LOC111130829,-0.570847715032075
LOC111132225,0.36100757266151
LOC111110019,-2.68741521357486
LOC111128192,2.6759173649031
LOC111110511,-0.0479299371946174
LOC111121740,-1.7248259726529
LOC111116017,-2.16345795970314
LOC111111403,0.823050002835582
LOC111129052,0.00756073904779393
LOC111120495,-0.829628660477838
LOC111124816,0.682310638132263
LOC111108059,0.724792104637184
LOC111105707,-0.591100422784642
LOC111118933,-0.294127633462981
LOC111128869,0.0977386455163847
LOC111103257,-0.119363454439835
LOC111104594,0.383541671229064
LOC111103816,-0.352034157482359
LOC111119261,-0.395942757336077
LOC111125442,-0.186561211394062
LOC111101069,-0.969049062931981
LOC111127977,-0.0742840238600181
LOC111132173,0.79328709371262
LOC111136184,-0.347414398013031
LOC111112777,-0.300306983818196
LOC111102736,-0.943304139283475
LOC111137521,0.871992300483214
LOC111113098,-1.0162256364553
LOC111115770,2.35516536540371
LOC111107487,-0.120355759562635
LOC111119610,-0.62531733778227
LOC111111428,1.22048746280796
LOC111119701,8.52514124116073
LOC111137469,-1.22652152185313
LOC111124380,-1.48000021440311
LOC111107107,-0.767384943703416
LOC111119172,-2.13576501569108
LOC111133821,-0.150184887052063
LOC111136765,-1.32411357650827
LOC111123126,0.357094577652858
LOC111137306,0.942442590804222
LOC111106086,0.00329637969676399
LOC111104714,-1.88811827728341
LOC111135891,-0.684223178224742
LOC111116391,-0.689774945297424
LOC111125280,-0.00143271027917436
LOC111121794,0.610205921340127
LOC111117506,-0.936630267893042
LOC111112771,3.91632574193646
LOC111100314,-0.413104896033849
LOC111109678,0.277380745695694
LOC111116548,-0.324639254309036
LOC111117969,-0.390263108915267
LOC111106179,0.40717454751503
LOC111108048,0.928843652280392
LOC111135928,-0.388291700158256
LOC111112914,2.36344711206509
LOC111134442,-2.17869698919842
LOC111117262,0.199234877207435
LOC111112464,-0.254578275279031
LOC111117861,0.625207788779378
LOC111135502,0.223296523091372
LOC111128948,-0.594078917403429
LOC111129676,0.479857418007599
LOC111138207,1.48682316553769
LOC111100292,0.167213700247773
LOC111108113,-1.54078749476876
LOC111115621,1.79978097493411
LOC111100323,0.199815937401699
LOC111117935,-1.52628505025806
LOC111108471,2.51539829808609
LOC111118146,0.898855223299691
LOC111101821,-0.794751258828724
LOC111134735,1.15889159932677
LOC111110267,0.981064241960341
LOC111103361,1.49853665087501
LOC111130668,0.996984315342774
LOC111103605,0.0922243806574801
LOC111117047,0.66661599790149
LOC111122393,-2.42137398740784
LOC111115092,-1.22614145683904
LOC111135515,0.867403575982284
LOC111130253,-3.45326264393594
LOC111131241,0.731102825693071
LOC111123421,0.297736456739461
LOC111101355,1.26904592826853
LOC111128643,0.549808603313231
LOC111131747,0.660376375388428
LOC111112513,1.22152878798054
LOC111106671,0.214195626889251
LOC111133932,-0.655997602023377
LOC111107806,-1.35991456461482
LOC111110304,-0.0981317371724433
LOC111118235,-0.230192417071935
LOC111124875,-1.94329488244725
LOC111123766,-0.650595099996425
LOC111106843,0.00755848513960522
LOC111129321,-0.324634539568719
LOC111125395,0.00755819260733205
LOC111132846,-0.468927532232161
LOC111106409,0.479127632237935
LOC111120141,0.801710458946901
LOC111107596,0.496261778780572
LOC111136511,0.490599134084275
LOC111126930,0.757087638121754
LOC111099081,-1.53254963237862
LOC111100708,-1.67601070867881
LOC111129214,-1.89872484917166
LOC111130109,-2.08181595114534
LOC111113461,0.0745050253516755
LOC111135319,4.15240505612743
LOC111126740,0.706509287174162
LOC111123916,-0.789936755063631
LOC111136844,-0.0357179360207806
LOC111114911,2.13339869823905
LOC111100471,0.262370988719359
LOC111126054,0.385836213014453
LOC111101444,-0.907194790946896
LOC111119987,0.729046321811643
LOC111133974,0.315350512005124
LOC111103277,-0.664006888968767
LOC111127762,-0.16457439736824
LOC111124192,-0.309212525609047
LOC111136890,0.624645964751517
LOC111120723,-0.274926447217495
LOC111116738,4.58862080028969
LOC111132120,0.618836321134226
LOC111121135,0.599831810823896
LOC111123166,0.28733443185504
LOC111119255,0.298793362095226
LOC111117773,1.45314504847176
LOC111120197,-0.400756603286982
LOC111099219,-0.0810748227277037
LOC111138190,0.127123774184453
LOC111120839,1.17010571454534
LOC111109372,0.942159559322436
LOC111111090,-1.26547052485815
LOC111118620,-2.52877639865999
LOC111138466,-0.679596059626884
LOC111113222,0.0882147720956258
LOC111130838,0.0220838730410332
LOC111130837,0.153407061716328
LOC111130142,1.88949866595133
LOC111121958,0.563549359703117
LOC111129473,0.727621274112947
LOC111126205,-0.462184235693026
LOC111129332,2.17931260625806
LOC111114915,-0.143214186774841
LOC111121579,1.00257428195384
LOC111116002,0.0246524420027124
LOC111136704,0.662715708767138
LOC111138127,0.184553305913699
LOC111120680,-0.219580713449967
LOC111121830,-0.401008233797806
LOC111109005,0.604387649033738
LOC111106840,-1.40205434829144
LOC111120233,0.0691290534074432
LOC111122867,-0.440862431643088
LOC111138042,2.6069790566637
LOC111133380,0.997704711368813
LOC111135926,-0.724232418574596
LOC111118811,-1.96578445128301
LOC111134723,-1.88488527857221
LOC111107167,0.0845609711823959
LOC111136029,1.41241090355336
LOC111103252,-0.439159322857801
LOC111112232,-0.49488501450466
LOC111106763,0.793578554407444
LOC111134181,-0.846271434245374
LOC111120557,-1.13973065011154
LOC111123624,-0.122706250809997
LOC111120827,-0.686060362072455
LOC111131145,1.07949745962836
LOC111117108,-0.303207115350085
LOC111135174,6.50190442181634
LOC111132057,-3.75212058304117
LOC111102694,0.43945048412772
LOC111123608,-0.374708532230953
LOC111125339,1.81770452172797
LOC111112640,-0.0433377502224722
LOC111133896,1.62261786336323
LOC111130830,1.92375687285157
LOC111110571,0.456478251959368
LOC111116936,1.66684934889669
LOC111133308,0.504685826352581
LOC111102769,0.791948226426587
LOC111122612,1.05340545580213
LOC111130188,-3.49465435122333
LOC111138222,0.463473943258074
LOC111102517,-0.291926651063101
LOC111133202,-0.279954825770087
LOC111119477,0.459278633957187
LOC111133205,0.992908300410091
LOC111101382,0.163799848155994
LOC111128885,-0.204394492174364
LOC111115711,0.633967521571899
LOC111133255,1.11840324586658
LOC111101337,-0.973928548728197
LOC111132192,0.388799407488518
LOC111126366,0.563426222435151
LOC111119849,-0.553870518358129
LOC111128497,-1.34038260871488
LOC111133033,0.182593293416165
LOC111122690,0.0145169489406449
LOC111134353,0.177427086793143
LOC111118310,-2.40175786079165
LOC111132247,-0.236289437324118
LOC111105886,-0.170233214490362
LOC111128817,-1.86503990297086
LOC111118682,0.16127021428246
LOC111107941,1.01721883349383
LOC111106225,1.04919131277986
LOC111111339,1.25151969764985
LOC111130886,0.854607495747022
LOC111115878,-3.83336964613032
LOC111106149,-0.254908343821465
LOC111111181,0.786769214101966
LOC111130844,0.153149484263628
LOC111108928,-0.0862483089605473
LOC111111288,0.187439258707429
LOC111134719,-1.15315643172006
LOC111131729,-0.611445934362047
LOC111100844,0.429630224586678
LOC111126336,-0.154540903357064
LOC111131046,2.7018189610159
LOC111117739,-0.935223100126861
LOC111133775,-0.272881239351566
LOC111123219,-0.752378614547756
LOC111133859,0.131761937724837
LOC111124014,-0.536323956255131
LOC111126306,0.666682627749248
LOC111114333,0.202512875066731
LOC111102237,-0.16745487615723
LOC111123259,-0.262595359229931
LOC111122398,1.23185502853748
LOC111130022,-0.0615709985884953
LOC111103719,-2.83658116874814
LOC111137582,-1.05332368126639
LOC111129725,-0.587747188472439
LOC111129691,-0.462900332581029
LOC111103937,-0.104502297577897
LOC111124903,-1.10681461162357
LOC111134018,-1.13792202189098
LOC111122154,2.13892648805541
LOC111137451,-0.70569741253412
LOC111126499,0.451178701125303
LOC111122397,-0.711151458617117
LOC111133436,1.38756834833439
LOC111135573,0.136466745392093
LOC111118348,0.416349083609392
LOC111117205,-1.80477000599965
LOC111099753,0.133873859542167
LOC111110596,-0.230196820957527
LOC111108250,1.39257581492063
LOC111136201,0.0248300741024087
LOC111117311,0.041395812130156
LOC111113952,-1.08053116010528
LOC111124468,-1.63963423508109
LOC111130740,-0.278337217652288
LOC111131428,-2.12713838229781
LOC111107443,0.218489143964399
LOC111099728,-0.794792830685425
LOC111135409,-0.0616726701686574
LOC111130468,-1.68796586495141
LOC111101665,1.623074750992
LOC111134810,-0.533776508837381
LOC111135839,-0.395655565318857
LOC111126844,0.980668342477465
LOC111119111,-0.735584574699758
LOC111133425,-0.89239596017912
LOC111133793,0.274558154612104
LOC111129434,-0.636929748601043
LOC111120959,0.617972720046801
LOC111108538,-0.189427599336873
LOC111121574,0.0305895092648332
LOC111127347,-0.97045852777443
LOC111118928,1.08490492023975
LOC111135598,1.59672363950582
LOC111123204,-0.948582757570631
LOC111122774,-0.591100422784642
LOC111119160,-1.00428422890288
LOC111101321,-0.637039401373068
LOC111110610,1.10949786861286
LOC111109503,-0.780182397355944
LOC111110873,0.00756045849308174
LOC111124904,0.991753019324656
LOC111111237,-0.570839102658312
LOC111101775,-0.792941288153382
LOC111126447,-0.117948622823285
LOC111112802,0.380626920265799
LOC111106025,0.27923206102721
LOC111108134,-0.109927516757023
LOC111106919,1.9690143087687
LOC111127443,2.82451158341662
LOC111123417,0.133821238391959
LOC111118698,-1.09359228431726
LOC111120307,-0.17269673464592
LOC111110050,-0.796259496300322
LOC111121312,-0.0213011998794792
LOC111116696,-0.366187165089989
LOC111113266,-0.243396613057047
LOC111126988,0.314408001431854
LOC111134021,0.13370772805981
LOC111110288,-2.27164820500767
LOC111136016,2.16596693181057
LOC111131607,0.545371370749644
LOC111107600,0.510863515440883
LOC111102069,0.00755860503541784
LOC111135273,-0.794784968932444
LOC111131530,0.0314460947086392
LOC111132381,-0.191881032357641
LOC111105064,-0.766347670662943
LOC111108673,0.00972454748716649
LOC111110064,0.132616986787229
LOC111119390,0.194806433755234
LOC111122520,4.01042187968652
LOC111137574,-1.18594336982527
LOC111111879,1.05130856046437
LOC111133136,2.6948438601864
LOC111110713,-0.00952412914186851
LOC111119618,1.54772436600195
LOC111137810,0.215670609684231
LOC111120303,-0.238055094323549
LOC111126204,1.46262625919963
LOC111126854,-0.552708620853432
LOC111130495,0.833530336566642
LOC111122316,-2.70648155838935
LOC111120737,0.753664301981846
LOC111118999,0.759380069940531
LOC111099921,0.236408392971449
LOC111103218,0.576394297753056
LOC111115326,0.821228418983668
LOC111136752,1.09563463265813
LOC111122202,-0.445920842334778
LOC111107253,0.752877717125024
LOC111128513,-0.819402741590488
LOC111137196,1.1941035675104
LOC111133913,0.101028184144025
LOC111100919,0.0981288485678816
LOC111128141,0.712627626877882
LOC111112841,-0.598448690795197
LOC111135320,0.761399121081538
LOC111113320,0.00755964067612615
LOC111102950,-0.461944811001589
LOC111134068,-0.116312991215975
LOC111117385,-0.0115404423788335
LOC111134220,0.229748735257027
LOC111136504,-0.0773401206546549
LOC111105689,-0.920822207325501
LOC111108545,0.484255476549631
LOC111125662,-0.136286618567301
LOC111129040,-0.454896252569556
LOC111135981,0.268062317859371
LOC111119149,-0.306307929200227
LOC111123297,0.803149540846581
LOC111104965,-1.25734697220958
LOC111127311,1.19321408989669
LOC111109822,0.263930867985983
LOC111129018,-3.24946280421932
LOC111136120,-1.033765713819
LOC111115184,3.91085281742981
LOC111106112,0.94244714851218
LOC111129258,0.119830950264112
LOC111134972,1.01502250697008
LOC111110552,-0.056661465091375
LOC111112658,-0.362591538854393
LOC111114792,1.09953078987781
LOC111121688,1.77011552096849
LOC111125475,-0.162117912625937
LOC111138124,1.48927335845974
LOC111105193,0.598590491922086
LOC111123952,-0.679948711739333
LOC111126807,0.00756054265419258
LOC111136376,-0.196132370771477
LOC111132750,0.791534879460286
LOC111119796,-0.417271120580794
LOC111136006,-0.72304373276003
LOC111134211,-0.395951547139733
LOC111134746,-1.188630896847
LOC111105497,-1.91334250653742
LOC111132970,0.186751946964649
LOC111124379,0.84356432443573
LOC111118007,0.00701678033598732
LOC111137698,0.134807750777461
LOC111103525,1.62590858836606
LOC111109039,-0.706380842713817
LOC111129111,1.29180633758444
LOC111119037,0.954138019381563
LOC111101092,-1.3493285346276
LOC111118004,-2.15593580086915
LOC111136708,1.51328482292459
LOC111106605,0.0392140934566394
LOC111118067,0.444248392786093
LOC111113711,0.74410668344946
LOC111107891,-1.17470377023965
LOC111118915,-0.0880300595571326
LOC111120601,-4.01756080037301
LOC111130491,-0.023185709475264
LOC111112410,-0.135414623261647
LOC111129967,-0.227285002958857
LOC111106433,0.150464555431887
LOC111105700,-0.61902000799404
LOC111119871,-1.55061365120045
LOC111101047,0.436597033382423
LOC111110808,0.522751992743875
LOC111112918,5.85574884931979
LOC111132242,0.723929473665122
LOC111127501,-0.0342528085871064
LOC111123919,-0.747081747899705
LOC111137891,-0.97247175271336
LOC111110506,-1.23008137419288
LOC111112562,0.145002975135784
LOC111129003,-1.61643447186172
LOC111121149,-1.15480401080167
LOC111104609,-0.0285826343882674
LOC111100098,-1.44730347499952
LOC111101599,0.439128042358727
LOC111133250,0.72890837843432
LOC111102564,-0.308751364875583
LOC111107878,-0.64881668752666
LOC111129871,-0.254709875665088
LOC111129521,-1.20657737911171
LOC111137130,0.288148600060864
LOC111129261,-0.0626907607414608
LOC111119258,-0.163269149129697
LOC111138164,0.172710755284348
LOC111125598,0.439225222399013
LOC111129307,-4.23741155331215
LOC111112938,0.262128340985529
LOC111133642,-1.9132653732115
LOC111102594,0.861727439727798
LOC111125918,3.87238726938828
LOC111124706,3.57098105317191
LOC111130034,0.134124008029653
LOC111129948,-2.22887885226354
LOC111120547,0.763160961562397
LOC111106461,-1.09628835832126
LOC111111768,0.710751326931134
LOC111134000,7.35770168184123
LOC111101050,3.22889755547615
LOC111135530,1.64314006492079
LOC111133302,0.506725843637228
LOC111118092,0.697469929748226
LOC111111819,0.271980604040036
LOC111138226,0.184635074785916
LOC111120136,1.44835542886574
LOC111106031,-1.64202275132617
LOC111124625,0.540034454363896
LOC111119557,-0.0738887405484041
LOC111136940,2.34994855712036
LOC111122013,0.564112830561241
LOC111130586,-0.700630240479155
LOC111120493,0.505122111121167
LOC111101656,1.12633881617157
LOC111119955,-0.157457582957825
LOC111128093,-3.20949232427784
LOC111127806,1.93162086496206
LOC111134896,0.19967334632502
LOC111117456,-0.796929884982421
LOC111100654,-0.904344167562817
LOC111119923,0.617437054804726
LOC111137659,0.443788284674428
LOC111114711,-0.256089867073888
LOC111122669,0.237006334856165
LOC111120648,1.47750533314137
LOC111099730,-0.256098282797529
LOC111124545,-1.2144368157969
LOC111103326,2.72028041438146
LOC111120002,0.3184315226836
LOC111133802,-0.393336970942287
LOC111109665,-0.0610527810565245
LOC111130466,-0.0192509174155745
LOC111125781,0.00990759204470996
LOC111119017,0.00959682497761124
LOC111136084,-2.51810695777067
LOC111128612,0.834257534851972
LOC111129870,0.206391663553639
LOC111134393,-0.645398070869707
LOC111127575,0.99037009664061
LOC111112910,0.320240751288554
LOC111110830,0.372676091367791
LOC111132667,0.00335825375697224
LOC111136177,5.71742692747352
LOC111131750,-0.805306082612519
LOC111113344,0.371403877763061
LOC111137026,-2.39980004384335
LOC111115735,1.20963500226777
LOC111115734,0.177570544267139
LOC111118048,-0.109506146907949
LOC111119044,-4.50159765943641
LOC111133909,-0.107762709383968
LOC111135885,0.432962585499651
LOC111138165,-0.735604744416669
LOC111103620,-2.28479225108417
LOC111121090,-0.164163246624272
LOC111131037,-0.262375302534111
LOC111129798,-0.888446652785443
LOC111113175,-2.97830417638669
LOC111105430,0.223096747237783
LOC111121083,1.87809252282166
LOC111114235,0.469900676884357
LOC111131575,0.823987354900752
LOC111130371,0.726439558296522
LOC111135258,0.808688272901375
LOC111106438,-1.52448148161587
LOC111100760,-0.636192230476677
LOC111113055,-0.894178194563722
LOC111113923,0.218782854488374
LOC111126339,1.00200995938327
LOC111137101,2.16482533104906
LOC111119677,1.10872385651106
LOC111134552,-0.896070955639191
LOC111122954,1.18406559886207
LOC111126713,0.804474966297394
LOC111114759,2.0004969137485
LOC111108601,0.206639464361046
LOC111132121,8.9608840782496
LOC111117002,1.19544401673698
LOC111117658,-0.0661433513506808
LOC111107576,-0.48183579756445
LOC111114707,-0.171402930006373
LOC111135591,-0.271512512300395
LOC111129819,-4.30001608997631
LOC111128265,-1.53674319165621
LOC111112715,0.816576516512372
LOC111130456,0.853693243774117
LOC111127145,0.361813920351263
LOC111136803,1.16726980472953
LOC111125407,-3.52675779875501
LOC111127344,0.0642042315266551
LOC111101329,0.164959464413837
LOC111118411,0.549223055064383
LOC111112453,-0.0315287268080124
LOC111133291,0.186366114754732
LOC111128136,0.637998807229626
LOC111117436,-2.8276372526304
LOC111121512,-0.532593985087646
LOC111109839,-0.500785762692365
LOC111101889,0.892317820424486
LOC111107657,-0.222984712209937
LOC111099109,0.363571593047098
LOC111137895,1.42658845086442
LOC111121123,-1.25331282075458
LOC111104972,-0.787922841642981
LOC111113053,0.440592523660088
LOC111107281,0.239735763977735
LOC111137650,0.725589813296621
LOC111136847,-2.74532128244294
LOC111136848,0.402261518793387
LOC111137632,0.8453569320807
LOC111134678,-0.0320514534941433
LOC111126809,-0.733996756568835
LOC111128146,0.583544111011335
LOC111117468,-0.358899579115528
LOC111108553,0.778040122748463
LOC111106080,-0.604221408244023
LOC111134216,1.10529280979773
LOC111112801,0.819190157826832
LOC111126646,0.557710147367605
LOC111130174,-0.96091678243738
LOC111101463,-0.868364200854494
LOC111113368,0.374839143480586
LOC111106467,-0.82994213527292
LOC111130390,-0.374466132618547
LOC111132058,0.360137652972287
LOC111100448,2.21880962766329
LOC111122632,-0.335986180903969
LOC111125343,1.11476697969548
LOC111107667,0.967001046095068
LOC111111797,-0.137959053665383
LOC111120226,6.30877587387986
LOC111107890,-0.577629388796505
LOC111118106,-1.00808786392889
LOC111137728,0.0449756040933432
LOC111119182,-2.22111481083005
LOC111103116,-0.464436634008343
LOC111137785,-0.0552675790791901
LOC111134266,2.2059252855732
LOC111099545,-0.639981705410456
LOC111104632,-2.55329925148947
LOC111099104,-0.805036648017214
LOC111121839,0.25342411038469
LOC111132981,2.18049151492528
LOC111114965,-0.539142292669778
LOC111117191,0.0762167869760785
LOC111130418,0.584785890589429
LOC111125846,2.57205237410559
LOC111101877,-0.581591243445213
LOC111110447,4.01861495236999
LOC111107294,0.0689199209522572
LOC111115965,-1.53982094858141
LOC111105051,-0.736801009534403
LOC111104812,1.54632952320269
LOC111113243,0.00756115891579716
LOC111126401,0.962621162215244
LOC111127051,-1.14644721850439
LOC111123253,0.151931392557084
LOC111125514,0.953986399314207
LOC111107242,0.886976389363002
LOC111106794,-0.697567480566859
LOC111135283,2.20768649152331
LOC111100795,-1.16701243349878
LOC111137936,-2.38664837990641
LOC111120302,-0.191592931994016
LOC111117489,0.0144895997585211
LOC111131712,-0.143226121049309
LOC111136071,0.768814156162583
LOC111107174,0.758608425599359
LOC111127408,0.0116489168908698
LOC111118629,-3.1025395733212
LOC111134368,0.213265034384152
LOC111106243,-0.598509228787047
LOC111101668,-2.52533770766731
LOC111103166,-0.148916927314009
LOC111132111,1.19625573707606
LOC111129069,0.551819757660253
LOC111135390,-0.072789091235928
LOC111122288,-0.428066951552749
LOC111108282,1.11941985603042
LOC111137831,-0.430486180038437
LOC111136669,-0.968848214752079
LOC111115060,0.613107908451401
LOC111101124,0.196981003275686
LOC111138260,-2.59925793490154
LOC111115827,1.599997174533
LOC111131290,0.0858903839397593
LOC111133964,0.294370291167652
LOC111129732,0.976132518806588
LOC111116891,-0.647421867278904
LOC111134455,0.52639569896341
LOC111126237,0.36254965386845
LOC111112421,-2.15099988529424
LOC111119589,1.32690412575039
LOC111128020,-0.094211265758268
LOC111106674,0.00192930393872381
LOC111109750,1.83638084472135
LOC111129873,0.113023063516801
LOC111137435,0.0030939211504692
LOC111131407,0.357290855589947
LOC111115095,-1.46158769145209
LOC111115399,-0.479358202116327
LOC111135783,-0.125511845661896
LOC111128252,1.35471175155128
LOC111108952,0.0113216034776891
LOC111100887,-0.00972320012984381
LOC111134758,-0.694766588547231
LOC111120187,0.66634720795723
LOC111129602,-0.359135920314167
LOC111130311,-0.0663723575107544
LOC111121372,-0.482116031879762
LOC111131673,-1.65230461179589
LOC111112766,0.00755924867615127
LOC111123041,0.886422814785807
LOC111136122,-0.634711610360585
LOC111133654,0.0240476530296223
LOC111108729,0.307048771233057
LOC111110758,0.273004493203751
LOC111113346,0.307783858186029
LOC111105032,-1.54873095733127
LOC111137074,-1.00650204391461
LOC111105570,0.58746722708099
LOC111122123,-0.0214122055186475
LOC111138251,-1.15442850529834
LOC111114748,-0.805854539448582
LOC111126085,-0.415095569397456
LOC111133123,-0.285092192041875
LOC111113114,-0.423871084708795
LOC111120759,-0.122050918975315
LOC111131601,0.676661114336208
LOC111137165,-0.0038563117365736
LOC111132090,0.00277649936580474
LOC111111496,-0.622323273211801
LOC111123069,-0.0556698321015797
LOC111121805,-0.214692559859909
LOC111102379,1.55045026626393
LOC111131027,0.741517000652164
LOC111100092,0.46735582379709
LOC111104416,-1.23301640175941
LOC111105553,0.507289088172782
LOC111112171,-1.47803527175511
LOC111123646,-0.410173508899904
LOC111135089,0.367774582446608
LOC111138476,-1.15267177559713
LOC111100645,-1.33738532121313
LOC111136552,2.26922927701065
LOC111103333,-1.0129927635697
LOC111136648,0.0657267291157018
LOC111118441,-0.798553082881968
LOC111129601,-0.435704391042831
LOC111135209,0.144498346343567
LOC111125732,0.883049199946186
LOC111122160,-1.76558286588021
LOC111137035,0.0924276078534035
LOC111103979,-0.905998104775735
LOC111134235,-1.54486895779249
LOC111125416,-0.661186076085215
LOC111126341,0.551486294212494
LOC111113571,0.412257254361226
LOC111128602,1.17357432546185
LOC111109967,0.191182218344929
LOC111115975,-0.400953442062315
LOC111128936,0.539487490004112
LOC111109892,0.183895894995922
LOC111109343,-0.880226137155281
LOC111125931,0.059459212160065
LOC111135259,1.34767018221701
LOC111131582,-0.368310302365235
LOC111132354,0.496270747499409
LOC111128144,-3.90098718585109
LOC111130186,-0.34977996200796
LOC111111911,-0.446978988669642
LOC111122933,-0.796313132809977
LOC111111835,0.254961092882262
LOC111123781,0.120547542142251
LOC111105248,0.79363672096901
LOC111136119,-0.698454138698699
LOC111122195,-2.23479637077852
LOC111106053,-0.840509939525594
LOC111105024,0.567592416227032
LOC111123784,0.325472037377726
LOC111104777,0.321151222625566
LOC111125210,-0.0490181285564385
LOC111127116,-0.721477270117348
LOC111111683,0.712734986896292
LOC111132906,-0.256968605062235
LOC111130979,-2.48177896487349
LOC111124688,-0.350806727209559
LOC111117736,-0.600927510871599
LOC111127423,1.04491920950404
LOC111106394,-0.16169633525972
LOC111128351,1.40969766366521
LOC111103742,-0.67068505756635
LOC111101323,0.182258446671183
LOC111106311,-0.601916110635141
LOC111135792,-0.976880611748317
LOC111126929,1.25632288724991
LOC111127522,-0.109636471328134
LOC111122055,-0.316873241521913
LOC111112366,0.233698811957893
LOC111100168,-2.85532663253706
LOC111119410,0.150547812666373
LOC111100165,-2.20122104222982
LOC111137214,-1.01120419404047
LOC111112048,0.355406980641196
LOC111134612,-0.620798466718201
LOC111131113,0.51346971578857
LOC111120699,-0.50211447785592
LOC111113296,0.180244808555508
LOC111113295,-0.940623715435283
LOC111115221,0.25814537133459
LOC111119742,0.439454761243907
LOC111126223,1.01327227744072
LOC111120703,-1.402842017138
LOC111115451,0.00756202628171228
LOC111132799,2.28060055636951
LOC111114900,0.773067645258182
LOC111133044,-0.213461752311355
LOC111122428,0.66376330256908
LOC111099632,-0.344041316012383
LOC111112138,3.5513478253172
LOC111099126,-0.842169700773307
LOC111133358,2.56625922803124
LOC111128946,-0.363285787414517
LOC111136572,0.752206066007221
LOC111125372,-0.344868705961037
LOC111116877,0.274560047255244
LOC111124677,0.280195439316282
LOC111136689,0.532877245374439
LOC111125320,1.30741231648454
LOC111123510,-1.04146933610489
LOC111131337,0.655123353783177
LOC111113273,0.245563747502208
LOC111110347,-0.175278446483027
LOC111107976,-0.00904029317466162
LOC111106431,-1.11355550348861
LOC111116879,0.130709402231089
LOC111110680,0.00756045849308174
LOC111122744,0.499698017070315
LOC111107266,-0.130253802140533
LOC111111473,0.191783057969343
LOC111114661,-0.88181356573212
LOC111108241,-2.8029488645226
LOC111106511,-0.749294650811824
LOC111104557,-1.11982808583042
LOC111136579,-0.0222265419109802
LOC111131273,1.23142866541598
LOC111119170,-2.25046764532932
LOC111129005,0.463583325294849
LOC111099718,0.0075584621908143
LOC111110291,-0.868364200854494
LOC111136314,2.12481591532629
LOC111129441,0.689902207150656
LOC111115335,0.28635451653237
LOC111123024,-6.41785191746867
LOC111128316,1.01507664617907
LOC111108192,-0.78756262809201
LOC111131094,2.47842657890273
LOC111129796,-0.279617576673449
LOC111126580,0.169478108981139
LOC111137664,1.17690445916094
LOC111116889,0.105559987937608
LOC111120626,-1.21776570607134
LOC111138166,-1.12095697523914
LOC111128063,-0.261380146241165
LOC111123282,-1.92885203353838
LOC111101090,0.179339955895132
LOC111108902,0.721453947353679
LOC111113411,0.0441394819485719
LOC111136809,0.630151097051147
LOC111110365,0.337024493024208
LOC111129158,-0.197142769034701
LOC111134301,-0.900796748526707
LOC111130437,0.124925792302353
LOC111103014,0.322183026123904
LOC111116327,0.133870774362982
LOC111100982,-0.324634539568719
LOC111129071,-2.76501691665459
LOC111137147,-0.13643361457148
LOC111134922,-0.780253940899507
LOC111137950,-0.970185778969906
LOC111118199,-2.9556524320464
LOC111134648,-0.109942457252159
LOC111105418,0.44254491321964
LOC111132492,-0.440664371536983
LOC111108512,-0.584663313784664
LOC111110609,0.534652779955353
LOC111129320,-3.24178680990348
LOC111126163,-0.497853933252566
LOC111114672,0.972316588427965
LOC111106077,-0.416873532289523
LOC111118251,-3.39506583682732
LOC111123747,0.470173546064667
LOC111131226,-0.378431542546655
LOC111135637,0.282707852917551
LOC111119965,-0.99439736819002
LOC111125459,3.27698466490413
LOC111137217,-0.710044745250311
LOC111106736,-0.460860921473528
LOC111126374,-0.751231708830846
LOC111123081,-0.186947687616584
LOC111115907,2.3494015915042
LOC111136736,-0.250084020681483
LOC111102431,-0.321749448850898
LOC111128665,-1.42312305642115
LOC111118117,-0.108538509115622
LOC111102433,-0.511942373977215
LOC111116130,0.647433009464189
LOC111138398,2.06777434002895
LOC111108253,0.436210462000484
LOC111100176,0.511275738263692
LOC111106040,-0.320486506540262
LOC111122617,2.35255147056958
LOC111101319,-1.26308803631815
LOC111126102,0.315664125256226
LOC111121126,-0.4229771349962
LOC111123787,0.00280275873474579
LOC111135787,-0.260958779581652
LOC111112700,0.0218950652045944
LOC111105824,0.188462861617789
LOC111135081,-0.35644100763784
LOC111123556,-1.94558466676031
LOC111131489,0.890572159404236
LOC111136169,0.129888181662859
LOC111138413,-0.585989332614547
LOC111115486,1.28602868975927
LOC111129121,-3.2163123096989
LOC111101203,0.00756115891579716
LOC111102117,0.282439353140516
LOC111136395,0.0666676197638053
LOC111123590,4.265695324746
LOC111125613,-0.569959961579617
LOC111122047,-0.656228951721061
LOC111103780,2.08044156390864
LOC111103453,0.504257191765095
LOC111136786,-0.0621512234830853
LOC111122063,0.0722502329888342
LOC111130424,-1.21992148911742
LOC111109250,-0.0760596205653228
LOC111132926,-0.555179081276533
LOC111128891,0.631358753406494
LOC111105725,0.167759607680893
LOC111100012,0.324616080571782
LOC111109570,-0.14469122704091
LOC111136386,0.23050141598034
LOC111135805,3.1947354179307
LOC111104554,-0.476462606015606
LOC111114822,-0.578146189082045
LOC111134633,-6.14843559308663
LOC111129519,0.00135336407793986
LOC111100650,1.36150138989653
LOC111137111,0.260963846996844
LOC111137112,0.263143346131547
LOC111133374,-0.623488352716725
LOC111122971,0.0124096092192823
LOC111125975,0.947474037496052
LOC111122347,-1.04526930961726
LOC111102846,1.23026972150768
LOC111101624,1.47377716369179
LOC111112726,0.303589726087897
LOC111101514,-0.23941760374913
LOC111133277,0.890186950972889
LOC111110604,-1.99910147187071
LOC111132150,-0.324634539568719
LOC111107728,0.202505116204543
LOC111127807,-0.749604141866849
LOC111123280,-0.211093295565491
LOC111137038,0.609346798330993
LOC111100268,-0.246148702906816
LOC111118098,-0.0490518240535636
LOC111123648,1.01772372603082
LOC111104475,1.33893918462148
LOC111111610,0.284669205412067
LOC111113325,0.454997261406312
LOC111137423,-0.0565613514280008
LOC111116070,0.391911714253442
LOC111099462,-0.520404331905758
LOC111129824,-1.24860114456499
LOC111112510,-0.257585027939062
LOC111102446,3.4185416085915
LOC111127238,0.290097467645835
LOC111100085,-1.60674469976032
LOC111117659,0.554657242350238
LOC111105803,0.566285710844616
LOC111111250,2.46913193576857
LOC111105861,1.12476728356905
LOC111138278,2.15572746014711
LOC111129230,-0.796313132809977
LOC111111678,-1.71301622890822
LOC111114423,0.817784664799458
LOC111138468,-0.749047084890475
LOC111131871,-1.37011312852472
LOC111104674,-0.0947898211628894
LOC111117315,-0.0163841651139085
LOC111135466,-0.817442690097391
LOC111119777,0.462633742132875
LOC111120616,-1.98206739680089
LOC111110992,-0.630998049383995
LOC111108112,-4.126365678593
LOC111108633,0.181416356210392
LOC111114734,0.076587902045811
LOC111114599,-0.591185051715696
LOC111117074,0.09240633543369
LOC111126282,0.048567245566632
LOC111109805,-1.2134449070795
LOC111125239,-0.605066231850077
LOC111112790,0.820964812473462
LOC111118655,0.282073460020607
LOC111124277,0.270914951590199
LOC111135638,-0.784105114945652
LOC111121967,-2.11050063896411
LOC111114770,-0.165913739796128
LOC111116194,-0.250268616078885
LOC111137431,0.147328111039447
LOC111136446,-1.35474294512706
LOC111119280,-0.875924640685709
LOC111126173,0.0962929047090763
LOC111099222,-0.829420222784211
LOC111129246,0.55868179425952
LOC111117209,1.40244371565744
LOC111114885,-1.42983407478949
LOC111115373,0.62429826464209
LOC111119105,-3.70892237688646
LOC111135677,0.318265933621243
LOC111119331,0.172302926703098
LOC111103847,1.66436552550605
LOC111132332,-0.750129870015181
LOC111107299,0.698230962225216
LOC111106043,-1.8942101190041
LOC111117346,0.436597033382423
LOC111120453,-0.0915638618191195
LOC111132951,-0.533776508837381
LOC111113238,-1.91638743580686
LOC111118150,-3.57783411321038
LOC111110093,-0.967282906458325
LOC111125033,1.05627958105098
LOC111109883,0.162303263288499
LOC111127741,0.657719401800301
LOC111100752,0.687366151501085
LOC111104308,0.115835321533362
LOC111107321,2.63284321342774
LOC111132446,0.857249345718554
LOC111129106,-0.378424950797809
LOC111123410,2.98580864928539
LOC111112130,-0.00500670203183204
LOC111101006,0.184565978930853
LOC111137880,-0.578670639859726
LOC111127617,0.215706934583241
LOC111109347,-0.584461559905491
LOC111123631,1.25160095273997
LOC111099859,0.154483316542305
LOC111107370,-0.161697176985718
LOC111135547,-0.379650523254792
LOC111119853,0.659867625718525
LOC111116689,1.20200895369293
LOC111114932,0.213004279747986
LOC111125793,0.14243541971646
LOC111111006,0.0950416989052251
LOC111125059,-0.71007487248377
LOC111099088,-0.050184877865122
LOC111136544,1.83028083203595
LOC111105692,1.9459588739566
LOC111107629,-0.60073187653582
LOC111136147,1.01633983167044
LOC111130217,0.562529270562877
LOC111111627,-0.970853882405584
LOC111129115,0.23903070403552
LOC111128394,0.05288690133514
LOC111100808,-0.0116956067444653
LOC111136633,-1.09110618338692
LOC111102796,0.438552806351753
LOC111100549,-0.399351703050951
LOC111101060,-0.447675709719696
LOC111131791,0.472390702370298
LOC111103025,0.75578277153861
LOC111129255,1.04387990549419
LOC111114935,0.835198758008445
LOC111135035,0.246734275932589
LOC111132180,0.120020529990789
LOC111136582,0.200264032594979
LOC111099466,0.867403575982284
LOC111109460,-0.171786832575656
LOC111114492,-0.74780437674515
LOC111127266,-0.130106580715693
LOC111121784,0.0156694771426463
LOC111100056,-0.698297855174707
LOC111134937,-0.044788319169542
LOC111102721,-0.0521468533413807
LOC111127595,1.57934329472595
LOC111108662,0.00755809279665843
LOC111116309,-0.353527248688287
LOC111129761,0.277381129255427
LOC111122641,3.27118980257044
LOC111114620,0.858029151980326
LOC111117855,0.00756133306995675
LOC111129465,-1.5951160843042
LOC111137463,-10.6319215828023
LOC111112917,1.60243217355793
LOC111112916,-0.378190548046511
LOC111113086,-0.218533821417167
LOC111124991,1.19553412810016
LOC111102832,-0.0233701587221496
LOC111101481,-0.271156106445164
LOC111134718,-0.580657420413274
LOC111111225,-0.976462981161809
LOC111116651,-0.570839102658312
LOC111136726,0.159949540599673
LOC111129762,2.27246077728383
LOC111138239,-0.967656645766035
LOC111104807,-0.179153911590968
LOC111120945,-0.363631135899128
LOC111116408,0.060831279409921
LOC111125699,-0.322102781502047
LOC111128347,0.43591053139176
LOC111120696,-0.489111923146141
LOC111111862,0.00756448300688829
LOC111104024,0.234095926810407
LOC111102077,-0.819586555748802
LOC111122424,-0.21759455515814
LOC111120093,0.798195288694055
LOC111102701,0.732796609714859
LOC111121212,-2.19343405090959
LOC111122403,1.07545057436431
LOC111135758,-0.398108737555411
LOC111136206,2.61454053031836
LOC111122701,-0.685269555446817
LOC111111843,0.700815560075901
LOC111122621,0.100459231982527
LOC111131220,0.555076681095096
LOC111100501,0.177550257326015
LOC111137554,0.399978026460311
LOC111113386,-1.10020836948807
LOC111100932,-0.307524997679528
LOC111112579,-0.846881444996802
LOC111100180,-0.363039064676302
LOC111136218,-0.284022437545254
LOC111129333,-1.04288924890982
LOC111104759,-0.629722123529231
LOC111100462,-0.00230776640954582
LOC111108162,1.44859951801223
LOC111109565,-1.05883086358688
LOC111121885,0.0425880496271293
LOC111110820,-0.736005068112779
LOC111131815,0.510477650370366
LOC111126065,1.25494130787521
LOC111125987,-0.070124388253876
LOC111109032,0.652467709750978
LOC111117420,0.38224037006529
LOC111111825,-0.119910242717751
LOC111123420,1.49679149802388
LOC111138284,-3.8366151763379
LOC111136179,0.850314062828377
LOC111101939,-0.0867295904019411
LOC111130983,0.0118642672081133
LOC111118922,0.0160971943299445
LOC111134183,-0.344026361939922
LOC111107272,-0.156804429096438
LOC111136947,-5.05127413574576
LOC111122759,0.354228574396913
LOC111101264,0.00755983856945768
LOC111133771,-1.19774172453404
LOC111129432,0.115420192440752
LOC111111629,0.0508424116915931
LOC111115697,0.781030575996132
LOC111135408,-10.8402238322814
LOC111127994,-0.732464072693557
LOC111125853,0.285933016400461
LOC111107969,0.00054490488638067
LOC111107755,0.264218442893723
LOC111123895,0.277379917066383
LOC111126231,-0.29548504413415
LOC111108672,1.47156880264572
LOC111120544,-0.125510093559035
LOC111125055,-0.260233537480345
LOC111122066,-2.2083917562708
LOC111100311,-0.181777276301657
LOC111127793,0.0316488674145896
LOC111124546,1.19465970321141
LOC111121044,-1.19618322003222
LOC111135166,-1.91086068762569
LOC111117521,1.50969096598878
LOC111125982,0.187774878881704
LOC111099966,1.74072056211556
LOC111123742,0.0973234529893567
LOC111100739,-0.234836269422732
LOC111105971,-0.122381097389288
LOC111100281,0.422718832101267
LOC111110247,-0.13896048780468
LOC111101101,-0.17065256184395
LOC111130095,0.884438683175833
LOC111133561,-2.65885307468911
LOC111119624,-0.229198197327079
LOC111137707,0.319692143061114
LOC111109985,1.33164394387953
LOC111131279,0.396264892894615
LOC111119574,4.17194934270319
LOC111110900,0.0354961170337794
LOC111101865,1.8982123187928
LOC111101578,-0.486782148296301
LOC111122614,-0.750072720915858
LOC111114626,-1.09632152628807
LOC111117828,-0.0297820204442312
LOC111120900,0.236950069739401
LOC111111628,-1.62463803354866
LOC111137939,0.497943773768298
LOC111128415,-0.345636278654011
LOC111135831,1.92424451639506
LOC111111038,1.79040448251633
LOC111123605,-0.178538990867014
LOC111120602,-0.185757449576344
LOC111115945,1.53513069309548
LOC111113038,-0.595254922378124
LOC111118905,-0.553446144751316
LOC111131786,-0.7438635516705
LOC111115918,0.0660260764006025
LOC111130033,0.13356863422049
LOC111128432,0.00304310884683815
LOC111137493,2.52948860284518
LOC111101721,0.133879560815727
LOC111108539,-0.145354788669796
LOC111111313,-0.933943683205335
LOC111134089,0.590690955564325
LOC111104184,-1.32903074525092
LOC111130982,-0.425568770413
LOC111117810,0.0713995617128101
LOC111129160,-0.0335177378522168
LOC111122376,0.388594077681567
LOC111101975,-0.92254006778771
LOC111136226,0.435504044148212
LOC111120856,4.6800238587618
LOC111137687,0.060092908252104
LOC111127135,-0.461644188281456
LOC111108132,-0.656318482174949
LOC111104778,0.557602856452293
LOC111107655,-1.05430822059243
LOC111108669,0.478444574209812
LOC111106386,0.615726770400884
LOC111129637,-1.08166645337648
LOC111110069,1.36985268647818
LOC111118586,-2.35883874401665
LOC111106844,-0.256089867073888
LOC111111616,-1.63146311013711
LOC111126964,0.00755997504237912
LOC111133170,0.298471242565036
LOC111138200,-0.630998049383995
LOC111117983,-0.477180600907879
LOC111113434,-1.14997619820796
LOC111106255,-0.219120384345015
LOC111106488,0.717336733958984
LOC111124667,-0.610118287000951
LOC111132854,-0.143608864644145
LOC111127890,3.27152489893738
LOC111138334,-0.0883022637892932
LOC111119649,3.37242305385993
LOC111120894,-0.935682041503434
LOC111132942,-0.191739168117683
LOC111108506,-0.238197331841662
LOC111130019,-2.09509683034805
LOC111134912,-0.528808471648514
LOC111136590,0.380551368553671
LOC111099200,1.12939693724831
LOC111115558,1.4466642622115
LOC111121472,0.695118355811916
LOC111100986,-1.83890161920364
LOC111115842,0.00756029019068452
LOC111129494,0.310882403008796
LOC111107688,0.406456130664542
LOC111134530,-0.447158561020932
LOC111128256,-0.318546164823322
LOC111113735,-1.15663983386729
LOC111110476,-0.318358639884092
LOC111122358,0.245953133870876
LOC111113171,1.16300678369997
LOC111117338,1.370553954507
LOC111116143,0.439061103214315
LOC111112116,-0.25432269587734
LOC111100865,0.686444530861715
LOC111138452,0.259074241794248
LOC111121791,-0.725963766777929
LOC111128585,-0.0641265338530699
LOC111132160,0.455149071861283
LOC111113700,-3.9590727316714
LOC111129857,-0.704108378121503
LOC111126780,0.823925240921476
LOC111103684,-0.0734508714119107
LOC111105958,-0.363023734908781
LOC111136094,-0.404547600286686
LOC111132741,1.40286889910411
LOC111102720,-1.21847617869491
LOC111135919,-0.0616066500588855
LOC111108949,-0.711151458617117
LOC111133206,-2.37878256383062
LOC111134087,-1.744782009366
LOC111118852,1.0144889749563
LOC111115367,0.627454924507594
LOC111109943,-1.1934963810631
LOC111134565,0.70074944295899
LOC111119243,0.737385821828473
LOC111125384,0.450037807469226
LOC111107907,0.3684119117746
LOC111138228,0.94244714851218
LOC111116925,-2.29405387454624
LOC111115059,-2.1046368109033
LOC111125189,1.49477608786139
LOC111131574,1.03075155605764
LOC111135985,-1.31843479631652
LOC111109086,0.235475076068812
LOC111138353,1.40870740311025
LOC111108042,0.309510575828529
LOC111128668,0.00756082877064291
LOC111130739,-0.255312406949475
LOC111127532,-0.167299861031219
LOC111120189,0.376843392448339
LOC111107155,0.0503785680949056
LOC111135508,-0.656371967073222
LOC111128167,-0.107734693156055
LOC111122582,2.31923513058757
LOC111104406,-1.34561225749958
LOC111127472,0.620965953875044
LOC111104374,0.403372954636146
LOC111118836,0.680646788608648
LOC111128997,-0.582920846406193
LOC111137766,2.00869075654116
LOC111112290,-0.868636202630186
LOC111124477,-3.45365823948327
LOC111127776,1.76112209641742
LOC111116034,-0.08761325359964
LOC111130851,7.44854067427772
LOC111136756,-0.24191483942541
LOC111114884,3.26468110251672
LOC111124940,-0.452419910747157
LOC111104015,-0.571590947297147
LOC111109242,0.706048244425509
LOC111129195,-0.899496730586226
LOC111112035,-0.131975911249138
LOC111117894,0.985055774011579
LOC111137893,0.682866188092226
LOC111116444,-0.732457302593815
LOC111136001,0.98639753629048
LOC111123998,0.0887976195021948
LOC111114459,0.754987553184375
LOC111135510,-0.326314498093758
LOC111115150,1.27214577983759
LOC111130691,0.126077628682083
LOC111119863,0.514498838586578
LOC111132357,3.14750731494235
LOC111106073,-0.589232599031371
LOC111107961,-6.09957848862186
LOC111118575,1.8364444326949
LOC111129098,0.479317373488967
LOC111135353,-0.317475538530615
LOC111119121,-0.912183072863643
LOC111134056,4.56408397964124
LOC111129016,-0.427317470670025
LOC111102005,-0.640847460490081
LOC111099155,0.660958344027191
LOC111132209,-0.37721497890046
LOC111102427,1.35120297539027
LOC111123277,-1.02731527071494
LOC111132922,1.54303793629779
LOC111137340,0.95943637216029
LOC111101360,2.4923777971889
LOC111104768,0.740147925346479
LOC111101499,0.00755983856945768
LOC111114526,2.31868095505436
LOC111137341,-1.63082805509074
LOC111106924,0.334477946727939
LOC111131010,0.483027680643126
LOC111133870,0.405487427801444
LOC111138123,1.17902207663128
LOC111110597,0.197834411053745
LOC111130410,-1.56397813404929
LOC111130952,-2.18307411117492
LOC111108200,-2.41344921512153
LOC111123805,-0.107752416870268
LOC111125240,-0.221443557967752
LOC111122659,-0.265299989246777
LOC111115371,1.01196666038449
LOC111122065,0.0716626264893952
LOC111110550,-0.0233737653735568
LOC111126889,-4.66967384486784
LOC111134686,2.462236218056
LOC111117662,-0.298173944766189
LOC111127400,-0.899266173195165
LOC111122728,0.496043336615505
LOC111100453,-1.1590281904702
LOC111115891,0.493429204929549
LOC111106487,2.37508134064213
LOC111102479,-1.84127064753578
LOC111137915,1.11874211602634
LOC111134909,-0.557256150365306
LOC111112300,1.02539963109518
LOC111100699,1.22224699050622
LOC111120832,-3.36159063867073
LOC111123940,0.261383661271065
LOC111124439,-1.87207239930924
LOC111131702,1.93939995585018
LOC111124911,-0.0240808647448913
LOC111125438,-0.356949281729659
LOC111130114,-0.797381203519513
LOC111125078,-3.32648299517739
LOC111120972,10.0752544936107
LOC111125834,0.0044310154640207
LOC111104298,1.01727946570829
LOC111100057,-0.226797451366357
LOC111104159,-0.765294247534896
LOC111127022,-0.081688739880996
LOC111111464,-0.266667341839634
LOC111135132,0.113174786429405
LOC111111550,-0.161690021269317
LOC111121810,0.226935154222537
LOC111130180,-2.28751052132238
LOC111112441,-0.607621114650901
LOC111103306,-0.386652931481125
LOC111138508,0.496637530584692
LOC111137715,2.22068301086601
LOC111129536,0.64939583989791
LOC111110816,2.33643014630275
LOC111137635,1.8332308562164
LOC111135188,0.461981758261674
LOC111102439,-0.383835818966371
LOC111131526,-0.711161968553494
LOC111120755,-2.44081437135332
LOC111107368,-1.15769580344082
LOC111130297,7.33900688152925
LOC111132214,0.246084936679739
LOC111104737,2.05257042088938
LOC111114621,2.63516357041317
LOC111116560,0.748090880939336
LOC111123710,-1.78003297498457
LOC111108146,0.199599523609191
LOC111118507,-3.11921343152145
LOC111112986,1.04425111876684
LOC111132910,-0.23003180790787
LOC111128669,-0.453134298161197
LOC111102091,-0.918199076473873
LOC111110367,0.761452903041317
LOC111130946,-0.194654102942691
LOC111099497,-0.342984691252109
LOC111125146,1.58241424740699
LOC111106656,-0.579358488753047
LOC111137781,0.591562213152165
LOC111119282,-8.47487981648368
LOC111110540,-0.614736747134495
LOC111107277,-0.648470102734235
LOC111130776,0.796545487067475
LOC111125365,0.662417603234368
LOC111104079,-1.52807387463956
LOC111110660,-0.759114273426349
LOC111131205,-1.04146933610489
LOC111103824,0.303518719645768
LOC111101028,0.0689165983068601
LOC111099578,-0.0352081137215986
LOC111135305,0.14792571798535
LOC111133536,2.9188574046825
LOC111115817,-0.380035617190484
LOC111106416,0.577065064582565
LOC111133655,0.349252030765307
LOC111121654,-0.465017587067546
LOC111111838,-0.639539339842882
LOC111111267,0.458712348261871
LOC111121373,-3.0408057596668
LOC111120286,-0.0637092420803601
LOC111126281,-0.140672399706259
LOC111135553,-0.595507562162919
LOC111110546,-0.498765547668176
LOC111106855,-2.31959851991354
LOC111113230,0.858682971305523
LOC111124955,-1.06901548399299
LOC111101040,0.258822915697864
LOC111135974,-0.114022196707284
LOC111113813,0.0702998180421906
LOC111103497,-3.83762691186355
LOC111134042,-3.2017037622869
LOC111108839,-0.115135963660518
LOC111102033,1.02527293963436
LOC111109116,1.96381452482633
LOC111126804,-2.12086724687566
LOC111100345,3.32632936643758
LOC111101229,1.63723406302052
LOC111129741,-0.461441093121291
LOC111134923,-1.53458188271901
LOC111136854,-0.772514748200104
LOC111131470,0.170478236744517
LOC111126999,-0.463140678357589
LOC111136164,2.08463331391146
LOC111137134,1.64718424371484
LOC111114912,-2.37840305128984
LOC111123571,0.13929234630462
LOC111136645,0.710895250297768
LOC111107720,0.448925754641459
LOC111129301,1.05269229245953
LOC111125914,3.5564711890296
LOC111103428,-0.701013455415259
LOC111137396,0.247274042213131
LOC111115058,-1.07650467394576
LOC111108361,-0.310337931217534
LOC111137736,0.0926766694029106
LOC111099042,1.30766218884707
LOC111121617,-4.76326766945486
LOC111122827,7.51681824711367
LOC111104361,0.238357930801256
LOC111114370,-0.655657988175982
LOC111118896,-2.05445843172679
LOC111127917,-1.43850718348865
LOC111121751,0.648868029854601
LOC111129055,0.662350576828964
LOC111136514,0.266365053181324
LOC111137752,0.577610796088655
LOC111118506,-0.370372506695682
LOC111099963,-0.271714780951609
LOC111136299,-0.744390750674871
LOC111132215,0.237301622773407
LOC111109028,0.00231953348304664
LOC111100582,-3.42914577679563
LOC111130267,0.0910106297083474
LOC111131753,-0.0683177153433415
LOC111108765,-0.49553094329328
LOC111111721,-0.246903618221734
LOC111127876,-1.3843022008275
LOC111123468,6.25967672572169
LOC111123896,-0.0261298585068909
LOC111136443,-0.592474811631674
LOC111108235,0.532415764019124
LOC111107279,0.145253648030527
LOC111122207,-0.566656255838886
LOC111116024,0.592559729464364
LOC111135339,-0.824703384271085
LOC111137234,0.448925754641459
LOC111129723,-0.749294650811824
LOC111120821,-0.0462061545078028
LOC111125565,0.741580082233662
LOC111133221,0.114355775849173
LOC111106075,0.712485503804556
LOC111137140,0.719351012762298
LOC111133715,0.930117026982965
LOC111138480,1.19685260494195
LOC111127920,0.651887943273706
LOC111114702,-0.585208231578535
LOC111104858,-2.22563198047009
LOC111137113,-0.0283176738833997
LOC111127367,1.07482923119003
LOC111117991,-0.25439562498671
LOC111132665,-4.44970512831886
LOC111099888,0.992172373984259
LOC111119537,-0.0381225219023035
LOC111130937,0.653012711030219
LOC111134856,1.94302182843878
LOC111125852,-0.566795942271372
LOC111107403,1.13670819387109
LOC111134331,5.5390822462191
LOC111119283,0.0815910348047102
LOC111115006,1.33748369889717
LOC111111850,0.0423289854457484
LOC111106858,1.06268141100574
LOC111134452,0.374006113538039
LOC111125478,-0.0403507232722006
LOC111109482,0.311554453348452
LOC111125327,1.49962213076767
LOC111134788,-1.23197883302832
LOC111129011,-0.820792650036137
LOC111133467,-0.997666518656082
LOC111134915,-1.89363850168427
LOC111130223,-2.28599594119737
LOC111127124,1.22722438953943
LOC111115923,-0.116056246129786
LOC111100778,-0.399630306318397
LOC111127989,1.45110384459111
LOC111101155,1.146547747184
LOC111106357,3.10286149235842
LOC111100196,-0.553395350085406
LOC111138312,0.995916433031737
LOC111131534,-0.254064303316105
LOC111133963,-0.470978330707577
LOC111112181,0.734427334345421
LOC111110639,0.493429204929549
LOC111132293,0.287076965725711
LOC111137884,0.8742043722387
LOC111136606,1.46774210136519
LOC111104214,-0.901872037093167
LOC111104795,-1.30659209791809
LOC111103263,0.117292086796965
LOC111120943,-0.168309332404803
LOC111099992,-0.0814581766941944
LOC111099757,-0.84962315738211
LOC111127969,-0.663580669806236
LOC111101823,0.00756161098377021
LOC111118697,-0.10104525874885
LOC111105169,1.32020892701808
LOC111126193,0.392312693745398
LOC111136049,-1.27678636926668
LOC111138483,0.386955842710732
LOC111118525,0.914409632207882
LOC111102934,0.499286159668436
LOC111132808,0.558233580859396
LOC111130018,-0.94237792837134
LOC111104031,0.714609874081708
LOC111104614,-0.172895959463437
LOC111108387,-0.372110045909511
LOC111133809,-0.477855561876115
LOC111129890,-1.37539658962964
LOC111114520,-0.166040215060778
LOC111115911,-0.272656701153389
LOC111121009,0.200127742492685
LOC111106683,-0.260034942315708
LOC111138061,0.00755915276103315
LOC111100269,-2.42408993778115
LOC111137972,-1.14312556921933
LOC111119328,2.92398675365216
LOC111131057,0.774067516307251
LOC111136418,-0.190199407466832
LOC111104442,-4.50032214621302
LOC111130355,-1.15093254480251
LOC111119512,0.0264388881561336
LOC111124038,0.176248644698432
LOC111126610,0.397306558622376
LOC111122105,0.659527294596074
LOC111129855,-0.598331907844693
LOC111136659,-0.534188841265846
LOC111112375,-0.539134048101327
LOC111101965,-0.066887499357878
LOC111135633,-1.20805940528317
LOC111106439,1.33254524490925
LOC111119628,-0.40990860556324
LOC111122378,-0.688870483082208
LOC111118347,-0.944307463731599
LOC111102239,-0.0655039655725051
LOC111128944,-0.52321200779329
LOC111120574,-1.06630140435975
LOC111128385,-0.366614817770095
LOC111100425,-2.14942252897042
LOC111131150,-0.228606475939835
LOC111121448,-1.13647697084245
LOC111113339,0.303235060001261
LOC111130331,0.509385386767819
LOC111104104,0.400036373003432
LOC111118466,-1.32500224967434
LOC111111264,0.168542731220087
LOC111134751,0.155054511537575
LOC111106606,1.1117840921647
LOC111115397,-0.455166221155317
LOC111125213,0.590804904855361
LOC111101392,0.00439248918505277
LOC111134577,0.481204454507486
LOC111136746,-0.0172048651274512
LOC111104249,-1.80069321485185
LOC111118566,0.862137933902531
LOC111130213,-1.8638048831741
LOC111101944,-0.262665661776837
LOC111137579,-0.321752844201451
LOC111136587,0.167793797194095
LOC111111365,1.02727328924987
LOC111133815,-0.404058366707578
LOC111134317,-1.0875627680775
LOC111119964,-4.54514333317716
LOC111128015,1.18853738110174
LOC111113328,-0.418697698715153
LOC111109572,-0.378424950797809
LOC111101020,6.34014873089696
gene20306,-0.468931562455898
LOC111137955,2.70183122354065
LOC111129706,-0.647978822542023
LOC111103084,0.264316669072306
LOC111129497,0.896747696649592
LOC111108783,5.67184453659733
LOC111101598,0.0729342408670644
LOC111133904,-2.38677278535923
LOC111116380,0.0075604075818945
LOC111126330,-1.64830157307827
LOC111137637,-0.020266714060445
LOC111104547,-1.67950612983694
LOC111122903,2.18407233749877
LOC111118605,-2.0795829444686
LOC111099623,-2.3452861265138
LOC111131713,0.598411325356043
LOC111127095,2.63878140640184
LOC111121648,0.910117214824171
LOC111134934,-0.300622196203398
LOC111131614,-0.133027523079827
LOC111103328,-2.22678609775447
LOC111108221,0.503726242518458
LOC111103788,-0.115392937256055
LOC111106367,0.712729565894311
LOC111130056,-0.372659626789085
LOC111121067,1.40485361391723
LOC111136134,2.26273074821554
LOC111102728,6.79692930229917
LOC111136755,0.0582724287262359
Trnak-uuu,0.910721350103581
LOC111116629,0.85557739303773
LOC111101217,0.779823613657669
LOC111103867,-0.591100422784642
LOC111125081,-0.957722208841385
LOC111113294,0.0498477711737931
LOC111105454,-0.387823250654013
LOC111102828,-0.787268654662163
LOC111127780,-0.770204246600927
LOC111128599,-0.802447828201962
LOC111134947,-0.344883409718571
LOC111111324,0.202505384646773
LOC111121901,-2.26983382309658
LOC111110542,0.690016038107775
LOC111118111,-0.696523404305952
LOC111118862,0.406456130664542
LOC111126128,0.0212614391810653
LOC111135808,-0.259252257508354
LOC111104878,-0.739402106982459
LOC111120884,0.650711697372223
LOC111106067,0.431218973935459
LOC111124184,-0.629638673129254
LOC111136020,-0.748958976233719
LOC111102545,0.62311774628628
LOC111113986,-0.00766452057081255
LOC111119461,0.864314561390834
LOC111125956,1.59514676977393
LOC111105302,-0.692343851684978
LOC111112551,-1.73825676085516
LOC111136486,-0.202188235232025
LOC111100402,0.411946163320862
LOC111122307,-0.607218906601802
LOC111117139,0.692604778013716
LOC111107933,-1.8599453703372
LOC111121395,-1.22933536723649
LOC111117515,-1.68709340555161
LOC111118773,-0.779172471809656
LOC111116092,-1.06046483736875
LOC111128947,0.58900867038318
LOC111108026,1.04349931771474
LOC111136141,1.32983686612265
LOC111107586,1.55115694091738
LOC111131720,0.402632015858734
LOC111125184,0.263784502672129
LOC111099668,1.00805878105815
LOC111106194,-0.522036857094166
LOC111122684,-0.943041091846479
LOC111100118,0.245659745925887
LOC111126766,-0.738575250176213
LOC111136415,-0.506466375047402
LOC111100175,-0.0475407772043424
LOC111134479,1.26305325561554
LOC111100201,-0.134438037209547
LOC111135190,-0.142925421347611
LOC111132945,-0.109273539451758
LOC111125383,-1.19138706384935
LOC111119470,2.49553502970879
LOC111127722,-0.614476333011995
LOC111099651,-0.476043480863114
LOC111105365,0.693577940446995
LOC111122363,-0.0679229118100595
LOC111102361,-2.99240029015733
LOC111124247,-1.08819467238808
LOC111112542,1.24187491955307
LOC111137303,-1.026846984448
LOC111132078,-0.772098164470895
LOC111118473,0.594085868660897
LOC111135377,-0.13429708139104
LOC111137164,0.216911117852717
LOC111125396,0.77558103308103
LOC111128438,0.0247512118426162
LOC111111125,-1.72639019031264
LOC111120873,-0.877837084846764
LOC111132409,0.57551196139222
LOC111132880,-0.475726155643656
LOC111121413,-2.63303281179857
LOC111106873,0.0949453363824994
LOC111123359,0.577713442543108
LOC111133982,0.293335148247633
LOC111130847,-1.06233052513726
LOC111127839,-0.587929437488938
LOC111129443,1.82399832807975
LOC111109513,1.02952745728278
LOC111133530,0.211135480144299
LOC111127926,-1.29835088078744
LOC111136627,0.334943202362263
LOC111131558,0.757978494488695
LOC111118000,0.960746816516304
LOC111108478,-0.137414592717556
LOC111129113,0.364716150949034
LOC111106473,2.6360025908427
LOC111126971,-0.705989784934636
LOC111116090,0.588798180499401
LOC111120610,-0.41928718402314
LOC111134008,-0.210208513143538
LOC111122119,-0.239105463292006
LOC111127171,0.621813359190754
LOC111130824,-0.245594066950176
LOC111127381,0.298135244596977
LOC111116769,-2.06678264809753
LOC111114108,1.34405433585788
LOC111123762,0.854810325243279
LOC111138065,2.41672425653082
LOC111110862,-0.0270963453329735
LOC111114689,-1.09183569174749
LOC111122875,-0.23326812699233
LOC111126271,-0.312588665809185
LOC111130494,0.833008325105683
LOC111134537,-1.56385387231453
LOC111121439,0.164292950624541
LOC111133525,1.09881595960931
LOC111126081,2.35640739139387
LOC111112395,-1.34123889051954
LOC111108860,0.421217671952186
LOC111109984,-0.448981495315114
LOC111112632,-0.607621114650901
LOC111128803,-0.375268107407043
LOC111100273,-0.224288750290218
LOC111112065,0.00755967323029466
LOC111103123,-1.14348440453162
LOC111136660,-0.737797484756065
LOC111108116,-1.09463110639102
LOC111125070,1.09170473293554
LOC111118622,5.91721425834417
LOC111125910,0.503302278942711
LOC111124129,0.534314207642432
LOC111103157,-0.536521725161115
LOC111130308,0.344778641322859
LOC111107297,2.71265529184992
LOC111116214,-2.16288687714521
LOC111108476,1.08303836373754
LOC111115746,0.5416273865711
LOC111119528,0.641710524614847
LOC111112643,0.378521536951177
LOC111126745,3.06609966876827
LOC111102293,0.728764877106821
LOC111104070,0.502063198499326
LOC111126165,2.07678558061088
LOC111122064,0.615918767322881
LOC111128391,1.05627958105098
LOC111118588,0.812842759253425
LOC111103349,0.209740550821758
LOC111107526,0.496043336615505
LOC111122804,0.439128042358727
LOC111119559,-1.66079749718906
LOC111127402,1.07943282355881
LOC111125967,0.998302716227646
LOC111101033,0.422097714868117
LOC111138080,-0.13163067730012
LOC111114706,2.96815932002818
LOC111120268,-0.24087531182954
LOC111111935,-1.29500347121299
LOC111124011,-0.34958729217724
LOC111130990,-0.476923854057767
LOC111115501,0.440845168230633
LOC111100279,0.298043473895052
LOC111103805,3.14667230876822
LOC111134884,0.0371034074640202
LOC111130547,1.38135285282399
LOC111130135,5.76984997356652
LOC111134797,3.15318466742566
LOC111133990,1.08478584423238
LOC111105634,-0.177828753827278
LOC111123244,-1.15430194075048
LOC111126523,0.323810768344488
LOC111120067,-0.242581128724117
LOC111109300,-0.545833817534119
LOC111116778,-0.522027161075097
LOC111133062,0.285846743475422
LOC111122052,-0.052690324273831
LOC111129884,-0.164857232280192
LOC111105087,0.496637530584692
LOC111131339,0.0925076699850612
LOC111111630,-0.515520432446877
LOC111117512,0.730031205994611
LOC111119267,0.298146522503279
LOC111134329,1.93023392863516
LOC111110040,0.608643255021275
LOC111121698,-0.2629714913825
LOC111129592,-2.8497244192586
LOC111111697,1.90014485015139
LOC111103658,-1.81160247652841
LOC111103615,0.659861425773869
LOC111124318,1.11931642627596
LOC111101854,0.821227621631399
LOC111128102,1.43823027056986
LOC111121924,1.30142223390579
LOC111108941,0.762666531633439
LOC111128271,1.43460165814704
LOC111120142,1.17650203211244
LOC111106630,0.296473249414521
LOC111102869,-1.65658384484795
LOC111113860,0.765396454007256
LOC111104042,-0.311218085095481
LOC111107734,-0.256098189064253
LOC111110317,-0.637840803473313
LOC111107251,0.973177651525368
LOC111130242,-0.0764252622675144
LOC111113133,-0.493810765464966
LOC111129251,-0.224253511062302
LOC111123888,0.715221253579476
LOC111137266,0.393799961191794
LOC111135475,1.76025289105702
LOC111131371,-0.235851866902602
LOC111128259,-0.213912543818137
LOC111122089,-0.607615323622602
LOC111136437,-0.497883564711547
LOC111106352,0.68272953049248
LOC111114995,-1.03155904268663
LOC111106371,2.06611327177409
LOC111115417,0.71713630533377
LOC111113310,0.0950843446090276
LOC111101875,-1.33135321041758
LOC111108556,0.534237211556393
LOC111138126,0.97690292443435
LOC111122176,-0.334882710194146
LOC111103829,0.374350930462934
LOC111117535,1.1976135499758
LOC111108774,-0.637723004343689
LOC111104529,0.520819876993504
LOC111099814,-0.650595099996425
LOC111116037,-0.99832222603666
LOC111111708,-0.10183219834195
LOC111121712,-0.272166209895876
LOC111134186,0.404557167540976
LOC111128525,-0.910352887515121
LOC111130579,0.980280297611078
LOC111099420,0.120823180951041
LOC111106328,-0.154568143127437
LOC111134931,0.867390018355563
LOC111123739,0.708857223899543
LOC111131448,2.7954425590496
LOC111115389,1.20881804787021
LOC111101015,-1.10683701564744
LOC111131483,-0.399629351226033
LOC111131744,1.25356916760972
LOC111126847,1.22828601923537
LOC111130111,1.02890207770076
LOC111136702,-1.00039651573026
LOC111103744,0.637680829210909
LOC111127067,-1.6611934962841
LOC111116898,1.04940973643567
LOC111132502,0.547373104885542
LOC111111645,0.754293150919891
LOC111112041,-0.188182782439989
LOC111121477,-0.329456141551087
LOC111116094,1.0249181234245
LOC111126396,0.238283519983189
LOC111126123,-0.0941875475594336
LOC111133780,0.299420946642007
LOC111100482,-0.353183169634855
LOC111100886,-0.68374500462477
LOC111112878,-1.17345323138728
LOC111109165,0.321817182273142
LOC111133182,-0.78433454926965
LOC111131677,1.54640490558811
LOC111109858,0.260862966311555
LOC111102041,-0.123766797464054
LOC111101204,-0.036283130487221
LOC111115411,0.00755983856945768
LOC111125570,-0.364915021803544
LOC111115465,-1.15003190147705
LOC111114813,-0.102946933166385
LOC111109567,-0.122564961421762
LOC111104874,-0.174034468984092
LOC111114159,-1.57160475848213
LOC111128107,1.69213379802371
LOC111120033,1.97701549575163
LOC111120611,-0.00263361010249703
LOC111134715,2.88249771947496
LOC111120953,-3.98812220689824
LOC111109080,0.198875105183854
LOC111108141,0.843524086566132
LOC111112647,1.14123831797975
LOC111128296,-1.33508648299319
LOC111136448,-0.910008537809855
LOC111133826,-0.482174824906267
LOC111123761,-0.678789026987858
LOC111119009,0.340413754024217
LOC111108853,-0.22045458445002
LOC111110686,0.762730773341239
LOC111121407,0.821726553242344
LOC111107261,0.163459103474133
LOC111113205,-0.256097657370551
LOC111118141,-1.56244873391181
LOC111129288,-0.0871671475554839
LOC111104323,0.700450798013099
LOC111136294,-0.520404331905758
LOC111129626,0.007560126265765
LOC111123418,0.605288526280317
LOC111101890,-0.210231721573484
LOC111137710,-1.34351974471861
LOC111106500,0.58928299277928
LOC111125454,-0.413064839082369
LOC111129228,4.0362766603537
LOC111109163,1.25382608902236
LOC111122985,-1.82298753378455
LOC111135231,-0.339090171776056
LOC111125673,-0.150652435860334
LOC111119083,0.145643526931622
LOC111111865,-0.970223898706324
LOC111108443,0.201531094232575
LOC111107703,-0.0052375246314331
LOC111137154,0.408098973366494
LOC111133020,0.748090880939336
LOC111127009,0.259898920311635
LOC111100674,0.548308801231119
LOC111133801,-2.42731013134522
LOC111128145,0.479603239859135
LOC111137167,-0.672985203375405
LOC111110378,-0.103043573949869
LOC111103563,-0.772829541817352
LOC111111587,1.34521804069072
LOC111112040,0.0935925447592182
LOC111132550,1.22605349367081
LOC111101267,0.329763551192956
LOC111137110,0.707410727974891
LOC111100805,-0.288298223843667
LOC111117713,-0.260168292295143
LOC111118510,-2.29620538635633
LOC111125025,-1.48685679272835
LOC111137365,-0.168221918428218
LOC111134499,0.142175028710271
LOC111132627,0.506041833869907
LOC111137119,-2.0519991440187
LOC111128263,-1.72603491967279
LOC111133884,0.209369511076188
LOC111115167,0.30583841891425
LOC111125317,0.365334446282808
LOC111113901,0.402770546171798
LOC111123130,0.220762201171421
LOC111136682,0.111963925811393
LOC111137071,-0.398570072015561
LOC111101607,0.816576516512372
LOC111137722,1.22135469712219
LOC111104041,0.489576501346964
LOC111121258,0.00755876891985406
LOC111100794,-0.00208365826749574
LOC111105082,0.0459370911971027
LOC111116042,0.487012568937975
LOC111110818,-1.01145761481615
LOC111118663,-0.117295086516538
LOC111113956,1.12389538208263
LOC111133564,-0.0512004913339303
LOC111123118,0.42528760191447
LOC111109843,-0.282542270268522
LOC111101413,1.11092450419606
LOC111137507,0.113359318951836
LOC111100078,0.331972642881931
LOC111129056,0.133708360435843
LOC111137043,0.17754804236695
LOC111115462,-0.0155098548039746
LOC111136520,-0.117005829947013
LOC111105737,-0.570839102658312
LOC111133744,1.00198020521036
LOC111117067,1.11819938563154
LOC111132767,-0.557781467997753
LOC111124207,0.739319893207905
LOC111118521,-0.220802676862005
LOC111118102,0.267854799642946
LOC111127993,4.61052344625195
LOC111108170,-1.19199489331276
LOC111135901,-4.6274808716673
LOC111137826,-1.10028162031238
LOC111126051,4.14546473065335
LOC111136577,1.83600793615134
LOC111119247,1.27609623408178
LOC111119598,-0.533776508837381
LOC111128712,0.667143847461639
LOC111113127,-0.497022313935885
LOC111131664,-1.18685896383815
LOC111125661,-0.704341589065366
LOC111135224,-0.0899297302004092
LOC111125408,2.27274564871484
LOC111113818,0.665264767557647
LOC111100782,1.36298197631115
LOC111119161,-0.13482248569245
LOC111129257,3.15880312854045
LOC111135242,-0.00920769909697412
LOC111135448,-0.886987277113594
LOC111099627,-4.71212088423313
LOC111121623,0.824577554548166
LOC111134244,-0.650515667052064
LOC111128024,1.52003779295993
LOC111136018,0.597406255131373
LOC111114795,0.417134488508998
LOC111115365,0.221950574824737
LOC111121837,0.0749953935170132
LOC111120914,0.00756045849308174
LOC111126632,-2.49540234768516
LOC111131251,0.44842629096174
LOC111120674,6.00449298464921
LOC111108581,0.303570969881452
LOC111111355,-1.47050017539407
LOC111107270,-1.23582430025574
LOC111120380,-2.75644639074584
LOC111135894,-0.332909991059976
LOC111105376,-0.624927884870802
LOC111130133,0.658070088111957
LOC111126375,-0.0448718813875025
LOC111118750,0.131193913841849
LOC111128483,-0.17191495594789
LOC111121913,0.270287515089477
LOC111136605,-0.134936586862478
LOC111101088,1.09393708442669
LOC111117776,-3.68813703364552
LOC111129114,-0.937677813143576
LOC111121397,-0.0761218696586459
LOC111126135,0.404036100665994
LOC111120734,1.34161108383587
LOC111125873,-0.894278249324285
LOC111134679,2.34884205178416
LOC111136411,-1.40482160245
LOC111131380,0.970426780198638
LOC111122198,-3.02871456591937
LOC111135147,0.0884756951511202
LOC111133141,-1.47082176781456
LOC111110370,-0.145238084014557
LOC111135869,0.783740713683478
LOC111130383,0.526296336623384
LOC111105682,-0.050012115201746
LOC111112416,2.615593271981
LOC111104492,-0.734833323317144
LOC111134833,0.092119449775359
LOC111124051,-0.145746560628254
LOC111125278,2.62204806291037
LOC111107318,0.0165960804135683
LOC111127708,0.270152726064467
LOC111120058,-0.262134062569689
LOC111120916,1.3909055425041
LOC111116296,0.111822266383889
LOC111112014,-2.89111138838847
LOC111100016,0.411299523606659
LOC111133685,-0.284502280349112
LOC111117293,0.465612245039751
LOC111104704,-0.444340151554474
LOC111112704,-1.12153216044597
LOC111113340,-1.02500957514188
LOC111107856,-1.28901276166215
LOC111120492,1.18083309220943
LOC111099125,0.933760788679366
LOC111112746,2.88883133451394
LOC111100304,0.554657242350238
LOC111125060,-0.476283278162275
LOC111133791,-0.369598249469812
LOC111102428,-0.0171026523800452
LOC111111306,1.73455986143142
LOC111136784,0.105476912680511
LOC111125455,0.918338680134351
LOC111110849,0.0921020789374722
LOC111133806,0.592586075890083
LOC111111567,0.104377776698487
LOC111129431,-0.184293204675727
LOC111135369,3.85962870763522
LOC111136050,-0.0383763305817228
LOC111101417,0.282923611443492
LOC111110741,0.54944131496617
LOC111110474,-0.589635475259134
LOC111099732,7.38619587068186
LOC111104218,-0.238654658285718
LOC111110459,-1.65419764578657
LOC111108313,-1.79981928700383
LOC111132479,-0.177880923721964
LOC111129489,-0.0999508699406833
LOC111125391,-0.163846617809212
LOC111127234,-1.5674845792102
LOC111130404,1.04129988902165
LOC111134050,0.540955824912994
LOC111135568,1.24164104588979
LOC111126094,0.227425958091795
LOC111123055,2.06113253679485
LOC111132082,0.340974239404537
LOC111135898,2.57553168175594
LOC111134567,-5.0701744106604
LOC111115288,-1.10103307245374
LOC111126595,-2.76660277213446
LOC111122328,1.72830965243735
LOC111114183,0.0367648979026429
LOC111112646,2.19007457710016
LOC111109794,-0.0849231789505654
LOC111137375,0.377603917722471
LOC111136480,-0.67068505756635
LOC111120426,0.927210754842273
LOC111138399,0.00818363822069967
LOC111113060,0.480937811329724
LOC111109060,-0.197645182367722
LOC111119787,-0.743744008226227
LOC111124543,0.226377549624657
LOC111115795,2.18617906604708
LOC111119302,-1.59352539301325
LOC111121543,1.23162670482184
LOC111101391,1.04478065775609
LOC111118191,-0.0406128536389642
LOC111124916,0.147156347700036
LOC111122147,0.320595855352799
LOC111129966,-0.534594915410179
LOC111125578,0.109623850605146
LOC111137638,2.29062363538436
LOC111100818,-0.166782212103563
LOC111110289,-0.143632879234234
LOC111104044,-0.520411044443511
LOC111126278,-1.67434092960753
LOC111126950,-0.149048405009184
LOC111137906,-1.46031960144807
LOC111138192,1.39702438181133
LOC111135933,-0.693062494629086
LOC111124935,-0.739306562195812
LOC111108755,-0.662798005461979
LOC111107488,0.440914379198636
LOC111106505,0.310005099027869
LOC111130536,-0.286013065888691
LOC111114883,-0.167821588153622
LOC111109837,0.307140539381118
LOC111135676,-3.72707155716419
LOC111130028,-0.215373879695168
LOC111137572,0.878095925223225
LOC111137199,1.09076256323792
LOC111121363,1.05633279827766
LOC111115971,0.142315618311478
LOC111137885,-1.46106710996612
LOC111119852,-1.75588835125213
LOC111137962,-0.282717423267269
LOC111127881,0.521729599110185
LOC111133424,2.16263871647346
LOC111102738,0.0608730487705692
LOC111121275,0.51326107864889
LOC111122720,-1.32374705555915
LOC111122581,-0.307295773710208
LOC111115141,-0.725635616145124
LOC111112089,0.00756054265419258
LOC111116850,1.02104778694479
LOC111123250,-0.158621404582058
LOC111133353,0.736732122736065
LOC111101662,-0.948910630302857
LOC111100044,0.343015856780875
LOC111108678,-1.49304640792577
LOC111107736,0.62429826464209
LOC111129797,-2.29133882855971
LOC111121773,0.639258352339504
LOC111129401,-0.778224968092506
LOC111115443,0.880310225100126
LOC111111720,0.00755823828865892
LOC111120969,-2.08837293252141
LOC111130734,-0.312676172460243
LOC111137380,-0.568328802396424
LOC111125363,0.293179034762938
LOC111114755,0.0821119484052738
LOC111123199,-1.11549033890713
LOC111110607,-0.557164404218978
LOC111103450,0.110434230880974
LOC111131225,-0.0116152021791456
LOC111132406,1.05321619474607
LOC111112673,-0.053836385720824
LOC111122806,0.250500221123071
LOC111123294,-0.127025474934485
LOC111136262,-0.483818644322741
LOC111100556,-0.336669043656944
LOC111138007,-0.658598481568016
LOC111120145,1.02031212746619
LOC111136646,2.29626214906628
LOC111114334,-0.0719535056807914
LOC111111505,-1.93640106629046
LOC111132810,-1.29537799730138
LOC111125420,-0.729625996208644
LOC111104025,0.431855602781301
LOC111110202,-0.32347574945019
LOC111100149,0.00855219403118145
LOC111112219,1.26386896589522
LOC111134339,0.469039629950456
LOC111115752,0.0075604075818945
LOC111104661,0.333657323475745
LOC111117140,-0.619342830769439
LOC111100656,-0.587246070213035
LOC111130342,0.545787298121023
LOC111108588,0.0926849693629222
LOC111136198,3.97645094010361
LOC111126259,1.51719885052173
LOC111103001,-1.41023947609524
LOC111105421,-3.69094824562722
LOC111138288,-0.344340541466094
LOC111129526,-0.370954562583842
LOC111131779,-1.04507722524478
LOC111112630,-0.222887303739328
LOC111102390,-1.32603084244398
LOC111124944,0.529473832720779
LOC111114904,-1.23721192448184
LOC111135582,-1.81109158967137
LOC111122196,4.75813211972554
LOC111129125,3.6722200831233
LOC111099557,0.284049420044112
LOC111126316,-0.20030680811452
LOC111122095,0.790470238313444
LOC111134876,-1.5870252909152
LOC111136920,-0.640714663948062
LOC111116722,0.558725134072515
LOC111138011,-0.24112331198086
LOC111123451,2.91939412873531
LOC111130815,0.262066288160655
LOC111114170,-0.657964807338185
LOC111119039,-1.32455892938929
LOC111111376,0.9619836181019
LOC111103792,0.123445075114629
LOC111126532,1.1744872594123
LOC111119109,-1.01783415377321
LOC111100282,4.28221069641688
LOC111112560,-1.68795507948784
LOC111127810,-0.545542844907607
LOC111127096,1.51274605106126
LOC111121398,0.671477434344063
LOC111110238,-0.20365239997057
LOC111124673,0.366470159394725
LOC111112046,-0.193000989608742
LOC111104301,-0.340448063279059
LOC111116167,0.0653203356315255
LOC111134593,-5.95443198590028
LOC111127104,2.72881050391996
LOC111134386,0.0740531530873908
LOC111129594,-0.357249578478319
LOC111123281,4.00496809153628
LOC111099681,0.578106641336815
LOC111135519,0.372795572019435
LOC111125501,-0.466421751402169
LOC111122593,1.60177419933155
LOC111099523,-1.21321297497733
LOC111127593,-2.58904614179145
LOC111100190,-0.428856568733841
LOC111120134,0.662729745256038
LOC111133463,0.239631418766655
LOC111126430,3.90790612273519
LOC111123569,-0.285087886212488
LOC111115337,0.198738106246
LOC111104966,-0.306829489301571
LOC111135145,0.569570393418926
LOC111130723,-1.16664385424314
LOC111129229,-0.141862991751765
LOC111119630,-0.365541856740984
LOC111136593,0.182073262889547
LOC111114234,1.02759353727412
LOC111099217,-1.05473990260831
LOC111122027,-0.400717764075354
LOC111126050,-0.167868197147233
LOC111101857,-0.0697361312488079
LOC111135139,-1.89223884699044
LOC111111546,0.345954241821247
LOC111112858,1.4869067300302
LOC111107414,-0.214087077093695
LOC111104664,0.299579158518762
LOC111102685,0.670513999184461
LOC111119298,1.52688885085387
LOC111112159,-0.471403962220144
LOC111102674,0.439336333810047
LOC111125291,-0.912485562730705
LOC111109714,0.394991210366953
LOC111112401,0.166143045344025
LOC111115218,-0.324638871941415
LOC111130921,-0.748075545883788
LOC111133386,-1.48583644193935
LOC111129138,-1.45504589098947
LOC111118975,-0.360593409705948
LOC111137527,-2.94041539812241
LOC111126187,-2.16994399961209
LOC111111186,-2.16026411403169
LOC111103976,-3.05742531881462
LOC111108344,-2.77099596733769
LOC111108848,-0.703794252405813
LOC111123780,-0.398386708858744
LOC111130375,-0.0097976436396006
LOC111121393,-0.21210393069954
LOC111131081,-0.118694879056886
LOC111113954,-0.093739734966795
LOC111134009,0.948045577847052
LOC111108522,0.097998571451537
LOC111100936,0.167812882444814
LOC111138094,1.52217286281297
LOC111108102,0.0276208243008346
LOC111125038,-1.70737098714373
LOC111121571,-0.0648159123037169
LOC111107748,-0.327961631906811
LOC111137105,-1.28817716946727
LOC111116238,-0.445856566544699
LOC111125644,-0.629172634621056
LOC111108137,1.83568019825743
LOC111104628,1.14800719228899
LOC111109761,-0.111653699767787
LOC111126577,0.635930154691712
LOC111136383,-1.19021269414499
LOC111134976,0.534167178403381
LOC111114906,-1.1028731961817
LOC111124158,-1.11132992678659
LOC111138145,-0.0613419870901797
LOC111135841,-0.31310538241272
LOC111127970,0.517057152978195
LOC111100655,2.2223968603902
LOC111103902,-0.273301573574743
LOC111119804,3.30133674829388
LOC111114617,-0.0583549006918917
LOC111104639,-0.362854154346221
LOC111102801,0.164718914977768
LOC111125301,-0.697565562302978
LOC111129067,-0.455150573354126
LOC111099191,-1.5995034902
LOC111131654,2.48809904835786
LOC111103500,-0.919210822673015
LOC111126055,-0.743995168081444
LOC111131399,0.390556460951046
LOC111134294,-2.51853458828622
LOC111119989,0.406456130664542
LOC111118665,-0.274017975195622
LOC111124495,-1.03278447336403
LOC111113214,0.0982788866841654
LOC111126731,-0.385492338121683
LOC111134849,-0.596975541023639
LOC111121687,-0.128686615492106
LOC111130131,-1.60605639397951
LOC111113029,-3.05496428184387
LOC111118359,-0.507446625157029
LOC111130926,1.82422593220692
LOC111099461,-0.147087881952826
LOC111101791,-0.0657305238289437
LOC111108438,2.37122786146472
LOC111101330,0.341936297263131
LOC111128118,1.63717642614568
LOC111111816,0.631901472321162
LOC111137538,-0.438537462416542
LOC111128945,-1.28742976273043
LOC111119577,0.654663581204607
LOC111119159,0.798001753621022
LOC111100810,-0.280352668286049
LOC111101816,-0.0438987715428649
LOC111130585,1.6145942114108
LOC111104782,-0.625961639403971
LOC111123023,1.19801269225693
LOC111106811,-0.0231413059992528
LOC111106781,-1.17737863280002
LOC111118469,-1.19567145681926
LOC111131180,1.27239236563946
LOC111120065,-0.801488058145007
LOC111123127,0.0632990236156467
LOC111106234,-1.43353036796907
LOC111130178,1.16716608386244
LOC111118361,0.57199634802423
LOC111122697,0.532189857111996
LOC111115816,0.570642421427919
LOC111136516,2.69942884236961
LOC111130401,-0.107427943481179
LOC111129391,-0.504324045244146
LOC111137078,3.78455164645783
LOC111127512,-0.230576232794434
LOC111128022,3.72124373358753
LOC111125958,0.578383395249751
LOC111129508,4.90713432822776
LOC111133551,-2.73306887299891
LOC111131645,-0.854603338668183
LOC111106760,-0.262754463258412
LOC111106460,-0.262749555913368
LOC111125859,1.18827788158515
LOC111117607,0.453079564137751
LOC111133787,-0.657278613083002
LOC111118649,-0.634289209607991
LOC111132712,-0.689600139299703
LOC111114474,-0.520404331905758
LOC111120553,0.712734986896292
LOC111105847,-0.516528675662445
LOC111137459,1.63314653363298
LOC111104368,-0.0773959913922748
LOC111102171,-0.323511049498968
LOC111106293,-0.512082096029305
LOC111134716,0.710700233910074
LOC111124388,0.384032006746579
LOC111109775,-0.912139423886189
LOC111120549,4.7922651558484
LOC111132130,0.0650680967963154
LOC111124284,2.30453316678523
LOC111128027,0.59910462744853
LOC111124881,-0.793623261174437
LOC111133383,-0.161690021269317
LOC111136964,0.695993318832466
LOC111135593,-0.94293950061757
LOC111115063,-0.435074066944758
LOC111130965,-0.30685011440804
LOC111099206,0.172017781108739
LOC111124378,-0.663329397918268
LOC111109070,-0.335501962051915
LOC111135430,3.82537118754032
LOC111130244,0.67966631027739
LOC111132075,-0.102560228635114
LOC111128346,-2.14830732864369
LOC111116139,1.76447950166418
LOC111100607,-0.483944192429913
LOC111105396,0.791534879460286
LOC111136594,-0.248196588858088
LOC111118895,-0.114212367744035
LOC111112474,0.669189874478411
LOC111128485,-0.295595108503371
LOC111136453,0.658171357873942
LOC111134540,-2.42013478634634
LOC111109899,-0.462662029354586
LOC111129979,-0.152859616654807
LOC111124015,0.0852625806501
LOC111117393,2.16338498053828
LOC111122554,2.52423927823514
LOC111112859,2.12854248642125
LOC111136721,-7.0898490120853
LOC111136900,-0.0731241555242197
LOC111100974,2.53540956960318
LOC111128251,-0.135454028661721
LOC111128698,1.86878712302999
LOC111133703,2.12944740957777
LOC111128694,-13.7836496624104
LOC111134053,-0.718692622268536
LOC111113107,-0.195538165813882
LOC111134432,-1.81190780012066
LOC111122914,0.786651841041547
LOC111115541,-2.41466660424784
LOC111125004,0.597063869191909
LOC111109616,-0.0385724726216259
LOC111137033,1.53918338952206
LOC111120417,0.289652681966651
LOC111130007,0.559580780590474
LOC111133986,0.295472982444538
LOC111128874,-1.06675900755258
LOC111111813,0.160721194202418
LOC111132144,-0.928242489180153
LOC111127815,-1.36054115795974
LOC111103184,0.721480260479015
LOC111128437,1.06865459649933
LOC111111537,-0.259048562051893
LOC111107068,-0.970284102473793
LOC111102771,0.441077667824696
LOC111107098,1.22975494621048
LOC111121455,-0.0597784527942632
LOC111110879,-0.893681643094451
LOC111102125,-1.34788884295518
LOC111100187,0.595781099710479
LOC111127363,0.834811805649239
LOC111116935,-0.762664553751148
LOC111105170,0.0832377415102202
LOC111125484,-0.995603811171331
LOC111117865,0.568040663178917
LOC111120527,1.16370493649209
LOC111122906,0.925758739460494
LOC111109066,-3.68567938799393
LOC111132265,-0.631750923071675
LOC111119674,-2.99168435893423
LOC111123444,-1.07675770124216
LOC111119565,1.14706997973904
LOC111126490,-0.520413869968851
LOC111130572,5.22330107409635
LOC111137260,0.164023361757959
LOC111120344,0.884589295835562
LOC111101032,0.277389108833403
LOC111119406,-1.17220248694236
LOC111099424,0.0687284734345301
LOC111111258,1.90149999860739
LOC111117979,0.452644811367122
LOC111110519,-0.321037291820198
LOC111104135,-0.266944446248936
LOC111101376,0.604347900082373
LOC111110408,0.385355989027064
LOC111120973,0.0762178426372426
LOC111137200,-0.699078327390574
LOC111110065,0.451183836175603
LOC111117423,0.525119114640799
LOC111107894,-0.407606932507671
LOC111126455,0.384641751999203
LOC111107697,-1.40168290643173
LOC111125778,-2.46880517587251
LOC111100938,0.301780143117263
LOC111120760,0.215707534382886
LOC111106093,1.0780571971617
LOC111122353,0.179270027988753
LOC111101878,-0.179350812466494
LOC111120011,-0.23913258558521
LOC111105763,0.31955954529037
LOC111125380,-0.173254024430342
LOC111120102,-0.592340207974374
LOC111103736,-0.0699916241294871
LOC111106015,-0.135601841833594
LOC111133521,-1.27015412322715
LOC111137388,0.504291063805374
LOC111106632,-0.578301863871845
LOC111129924,1.04974344393539
LOC111108534,-1.745212246744
LOC111113132,-0.652931294320976
LOC111100665,0.633553404419679
LOC111132097,-0.918199076473873
LOC111131129,-3.61996222648568
LOC111126090,-1.15769580344082
LOC111122871,0.774891764407895
LOC111131874,-0.294054321735441
LOC111122967,-0.762056716077141
LOC111129463,-0.989294012877213
LOC111121298,-0.00295460590533141
LOC111116732,-0.48268440243049
LOC111107518,0.0865606350752538
LOC111101118,0.11302911495809
LOC111101208,0.00171892916029699
LOC111135723,-2.54651188699856
LOC111118760,0.581461413180578
LOC111108364,0.233737359126385
LOC111099659,-0.155490142018156
LOC111129141,1.24842325495133
LOC111112111,0.51816226532601
LOC111104541,1.82076837555193
LOC111101980,0.502396888746716
LOC111110770,0.240257213043759
LOC111121132,-4.07573949337113
LOC111099211,-0.77502297326725
LOC111137575,1.47120910035519
LOC111137794,3.91757814677283
LOC111137321,0.368411142622489
LOC111137326,-0.39872233515556
LOC111123823,-1.05873395546596
LOC111136528,1.00021293311842
LOC111120677,0.277389108833403
LOC111122722,-1.32044178716527
LOC111106964,-0.652943355527295
LOC111115497,1.84369136071114
LOC111111932,0.342631434465529
LOC111115887,-0.256388044494561
LOC111124373,0.211785907475366
LOC111133280,-0.108776932745569
LOC111137454,0.99367858698709
LOC111137630,0.274147452523695
LOC111135000,0.331444807488525
LOC111136092,-0.717487467407606
LOC111114640,-0.116980534620171
LOC111108912,0.439454761243907
LOC111136533,-0.131524313048119
LOC111113639,-1.17923731083388
LOC111124104,1.23012043712906
LOC111123779,0.617672466963325
LOC111134588,0.392473401287378
LOC111129951,0.466949652204991
LOC111106427,0.0118245101751555
LOC111136087,-0.981454242794964
LOC111136030,0.957666350472297
LOC111115662,-0.372468349164479
LOC111102463,5.93773246395036
LOC111123743,-0.572231618094444
LOC111122730,1.52660385697643
LOC111126351,-0.337047320277042
LOC111125308,-0.449531339865744
LOC111138129,0.467454513921595
LOC111104060,0.331240401910922
LOC111102639,0.0945748602101901
LOC111114659,-1.75664539185521
LOC111126574,-0.217097768123273
LOC111100158,0.10029350877203
LOC111105325,0.00756012046118915
LOC111135790,-0.0302563250415712
LOC111117750,-1.19247502388419
LOC111127438,1.65464980512442
LOC111123901,0.00037878657115715
LOC111124901,-0.52852479286233
LOC111104280,-1.03766812523345
LOC111137455,34.6080604950313
LOC111104631,0.233244419566432
LOC111127983,2.07249666597452
LOC111126862,-0.272255472113393
LOC111100379,0.870783143246451
LOC111129660,-1.97900899956348
LOC111113120,0.249326692932806
LOC111132908,1.01921557926655
LOC111118601,0.480184580607746
LOC111136983,-3.86344060406511
LOC111131552,0.463355865440092
LOC111099573,0.621982701562552
LOC111132656,0.537477697102725
LOC111122251,0.287801775526497
LOC111110123,0.496260288938807
LOC111120695,0.354460435429017
LOC111108105,-0.347776123994088
LOC111122391,0.116257198816485
LOC111122682,-0.32978817772831
LOC111099203,-1.66450985100612
LOC111137890,0.0104728764485106
LOC111119527,-0.0328911243084957
LOC111114681,-0.897921643004985
LOC111123155,0.165972821285882
LOC111131818,-1.90873267896077
LOC111135836,-0.166160124407089
LOC111121738,-0.827691916816103
LOC111135414,0.960469026576374
LOC111136918,0.202512875066731
LOC111131608,-2.11217371059115
LOC111129282,0.0964694349135944
LOC111117538,-0.00386492646647827
LOC111107788,-0.661852367437545
LOC111127212,0.177740816653431
LOC111121868,-1.08239697388469
LOC111116437,0.777582670423286
LOC111130756,1.6573613745377
LOC111134843,-0.990200905130764
LOC111137496,-2.49497031679895
LOC111116709,0.162131414384962
LOC111100468,0.402958058819163
LOC111124102,-0.0227011158240693
LOC111127420,-0.178690294369438
LOC111111934,0.00755924867615127
LOC111128086,1.80650183516547
LOC111101035,-0.507630474161859
LOC111137706,0.278552713908429
LOC111121999,-1.30453732093741
LOC111120753,-4.20689159860484
LOC111123269,-0.280723292339796
LOC111131306,0.586224446243005
LOC111117292,-0.0486872411758243
LOC111131374,0.0233112252669931
LOC111125009,-0.0517769524522053
LOC111135223,0.659551786461398
LOC111133903,1.6577513542331
LOC111120890,1.02919147782186
LOC111108587,0.332382943086932
LOC111103939,0.355410072643454
LOC111124829,-0.588350188698933
LOC111114938,2.79007777060833
LOC111104137,0.641906528387815
LOC111105274,-0.0592496576337353
LOC111123486,-0.205560372906372
LOC111129667,-0.913993530697084
LOC111111304,-0.16515598433782
LOC111111498,-2.83627952506693
LOC111115074,3.51524512147493
LOC111120199,-0.0833764960762294
LOC111118151,0.362452966312033
LOC111100600,0.420119452981763
LOC111116844,-0.828582990316926
LOC111132419,1.34079935869193
LOC111110565,-1.96916523824067
LOC111137685,0.138733036768188
LOC111138195,-0.723345244862291
LOC111134504,-0.0822058367954284
LOC111123911,-0.953699234577306
LOC111115195,-0.211546731517337
LOC111123867,-2.01083013589217
LOC111117769,0.551317527933216
LOC111128062,-0.325187083061384
LOC111116062,-0.0382714743878055
LOC111108895,1.07860910156229
LOC111135701,0.728817991672139
LOC111125397,0.745632460035889
LOC111108052,0.315535946788084
LOC111134300,-0.883875384285615
LOC111101056,1.05259245539627
LOC111106329,0.257910730856081
LOC111106702,-0.0363234355839594
LOC111124915,-0.0335596260784236
LOC111119277,0.70658642328268
LOC111130389,-0.388188536183671
LOC111106878,-0.648506381378746
LOC111119117,1.49635213944767
LOC111102556,-0.582800572486572
LOC111138001,-1.67502677587148
LOC111123953,1.34350663030051
LOC111111499,-0.0463321117628963
LOC111125369,-0.258724831396015
LOC111136806,0.538097661625398
LOC111102993,0.0654476984573221
LOC111129252,-1.24263067552169
LOC111103844,-0.358153916678935
LOC111133844,-0.948169600862813
LOC111132208,0.133873057288882
LOC111111130,2.21540443913226
LOC111134546,-1.68951003116465
LOC111109412,-0.0102680338559284
LOC111122303,-0.587929437488938
LOC111136942,0.436597033382423
LOC111106214,-0.570029069209711
LOC111133190,2.3222977253994
LOC111106927,-0.738050577242772
LOC111134403,-0.629222181279143
LOC111101543,0.541879356018192
LOC111119427,0.0905520253341783
LOC111125584,1.16495395831715
LOC111133863,0.705462238706379
LOC111104573,-0.840509939525594
LOC111133622,3.08662096082819
LOC111103128,0.926848812777568
LOC111099613,0.683085679673632
LOC111117909,-0.24496900528348
LOC111109902,-0.644372286681241
LOC111120235,-0.650945001074924
LOC111106116,0.731077244679703
LOC111134826,0.287594599070319
LOC111137868,-0.0225770159579293
LOC111119074,0.333083281572539
LOC111111832,-0.673992441303789
LOC111109993,-0.873000050022249
LOC111132982,0.466832398751468
LOC111129297,0.692324691148366
LOC111100237,0.284486006115216
LOC111119719,0.0448260552388685
LOC111112176,0.712734986896292
LOC111124754,1.16543108544874
LOC111135847,-0.466170111281084
LOC111135262,0.706633739276312
LOC111137020,-0.150027046462872
LOC111099207,1.03254565037369
LOC111132107,0.617958921465913
LOC111118097,-0.0948283043227574
LOC111130053,0.0978805836674586
LOC111118187,0.824485749476237
LOC111116625,-0.49870775496725
LOC111132036,-1.17805667830379
LOC111108266,-0.11417359272664
LOC111112749,-0.579751528392537
LOC111134105,0.195430723069566
LOC111130560,0.216153353157783
LOC111124263,-0.298930459624175
LOC111102774,-0.940899921509219
LOC111101008,-0.178617809403769
LOC111104057,-0.662084461810701
LOC111118033,-3.9362949858917
LOC111101554,-1.03855383245654
LOC111134007,-0.532772254647441
LOC111116805,-1.52897887803975
LOC111133838,1.54572612138888
LOC111100182,-0.143949117169993
LOC111136729,-0.926085517260247
LOC111119741,-0.398265333823709
LOC111129245,-1.63075294979233
LOC111119383,0.192309007232348
LOC111117452,0.16269490795097
LOC111119003,0.00755642437918086
LOC111136911,1.75406177578863
LOC111133707,-1.04125831713901
LOC111130839,1.08226487954189
LOC111116039,0.267085267767865
LOC111116562,0.306001253961277
LOC111109475,1.48690048633898
LOC111138057,-1.16489552028342
LOC111122820,-0.283247855131429
LOC111113199,1.18634989845933
LOC111124117,-0.467804229219214
LOC111108657,0.00390048945446002
LOC111102478,0.721761072345931
LOC111125970,-0.336738821912329
LOC111119803,1.20888244036523
LOC111123942,0.277380263583065
LOC111130686,-0.643123635616485
LOC111107009,0.306166485578553
LOC111119642,0.384151772472208
LOC111119643,-1.64595838908875
LOC111134815,0.158966386331694
LOC111127492,0.753393552559842
LOC111101303,-0.380314811825831
LOC111102858,-0.833274460801671
LOC111116426,-0.587929437488938
LOC111117812,-0.915733772641605
LOC111135818,0.366740996920703
LOC111135892,-0.704236918095039
LOC111136922,-0.088135190083874
LOC111133197,-0.678905547176802
LOC111136312,0.744967546461741
LOC111119556,-2.03789098822124
LOC111125922,0.175783935748711
LOC111118210,0.539449338644808
LOC111121033,-1.12612462189314
LOC111115531,0.131126484503627
LOC111116915,-0.220540738512184
LOC111137302,0.441293667333684
LOC111106616,0.324163437289051
LOC111118953,-0.194692124550835
LOC111113355,-0.0332796093780487
LOC111101121,0.343615384800258
LOC111123629,0.900441034109132
LOC111134417,-1.03888082148091
LOC111109641,-0.222605879483128
LOC111127925,-0.697565562302978
LOC111107014,0.933060575583001
LOC111106471,-1.15052163499033
LOC111100506,0.0815307162002005
LOC111136252,0.678786689466847
LOC111122773,1.6675824133379
LOC111099793,1.06787771810334
LOC111131740,1.35524026171772
LOC111108403,-0.217857313141058
LOC111119894,0.247155483572976
LOC111122838,-0.508352662556988
LOC111136321,-0.548359219211127
LOC111131266,-3.28470455458333
LOC111132490,0.892258053763178
LOC111137983,0.772818115357428
LOC111099676,0.403045109760755
LOC111099149,1.18935712002859
LOC111130419,-0.511781775865289
LOC111137120,1.43500359421408
LOC111126566,-0.538545015303156
LOC111100063,-1.81452262526914
LOC111130795,0.268637005864254
LOC111135404,3.06841960326516
LOC111122031,0.0111746173077482
LOC111134363,-0.330926966391474
LOC111127649,8.93774075312506
LOC111128943,-0.503024274740409
LOC111134109,-1.40288936098548
LOC111122298,0.368402102677701
LOC111135978,1.34722408597201
LOC111123084,0.431564800591988
LOC111108325,-0.00379208643162753
LOC111101239,0.00756202628171228
LOC111137545,-0.128096218198645
LOC111129983,-1.54144190247344
LOC111122335,0.255537860162756
LOC111138387,1.49214167834296
LOC111136045,0.181006971499323
LOC111134064,0.56553755593197
LOC111130347,0.898653662787531
LOC111115123,-2.73758494551694
LOC111130295,0.603041628865314
LOC111121307,0.230696397703764
LOC111134847,0.435654295057162
LOC111114960,1.08885195454239
LOC111119047,-0.385580500163056
LOC111100670,-0.109033794854203
LOC111133299,0.632600293247793
LOC111105871,0.217712895433323
LOC111101126,0.554890474562086
LOC111124190,0.300228476244328
LOC111108127,0.999368420972843
LOC111118303,1.90648769367525
LOC111125109,1.19309016673737
LOC111104088,-1.5886475195992
LOC111136002,-0.107652521362927
LOC111117845,-0.67595177775701
LOC111120750,1.23552867045984
LOC111102659,-0.681619581723147
LOC111112011,-1.01351832176054
LOC111101731,-0.152339299396686
LOC111131418,0.634311489299591
LOC111102448,0.233028239928742
LOC111122193,0.661629632694322
LOC111118743,-0.591100422784642
LOC111103603,-1.29933740834017
LOC111129996,-1.1591971203756
LOC111126911,-0.146192491731624
LOC111105280,-1.18191427770941
LOC111130190,0.369627803593834
LOC111101489,1.13828895693868
LOC111134060,-0.615434610025166
LOC111117928,0.726405913884246
LOC111105041,1.77824708443846
LOC111128327,1.14688411981485
LOC111099646,-1.73044901581315
LOC111115800,1.50451832887765
LOC111130667,0.246279515841738
LOC111130240,1.07458346453759
LOC111136171,2.68201803863508
LOC111135394,0.258106121496048
LOC111117616,8.08374751238563
LOC111134006,-0.489503017939438
LOC111123640,-0.718666486563704
LOC111137661,-0.946104338875476
LOC111119681,0.0508219891124775
LOC111130807,0.257245498290029
LOC111131773,0.505686304339911
LOC111111556,-1.67551139453054
LOC111136059,0.236982938134047
LOC111135507,-1.56478024041218
LOC111130497,0.7420208203888
LOC111132816,0.316039358330803
LOC111109303,0.00755983856945768
LOC111129908,2.99409294104355
LOC111106621,-0.0868830701549601
LOC111099929,0.286069794280742
LOC111128730,-0.845784307024478
LOC111137931,0.541920918341565
LOC111101465,1.40121566676546
LOC111137541,-0.00778743949975262
LOC111100417,2.15182324226163
LOC111131117,-0.767383820388602
LOC111128281,0.62429826464209
LOC111108437,0.282097013981128
LOC111106170,-0.159432545716246
LOC111118768,1.15619006003882
LOC111103796,0.104993497412501
LOC111121348,0.122107905867676
LOC111130726,0.838962234794977
LOC111100094,0.448925754641459
LOC111116416,0.202512875066731
LOC111135108,-1.85510638989693
LOC111131761,0.00271765612960159
LOC111135742,-0.220459192277584
LOC111135726,-5.61990318695941
LOC111112611,-0.699014395704029
LOC111117815,-0.0681683466880645
LOC111130644,0.23587926759292
LOC111130714,3.29571938064134
LOC111126041,-1.62947752048504
LOC111124910,-0.069631704828005
LOC111126825,0.565183183214997
LOC111123519,-0.414907068357201
LOC111133232,0.176647882894178
LOC111113374,-0.290292060053192
LOC111132865,-0.248967065754149
LOC111121857,-0.543098899263187
LOC111120876,-0.00711530339823607
LOC111114352,0.452207649502163
LOC111138520,0.444784294456088
LOC111129123,-1.11403381352982
LOC111135063,-1.22316087482483
LOC111118985,0.368294800256625
LOC111119783,-0.46202349007389
LOC111137783,0.735635818799517
LOC111137749,0.00756054265419258
LOC111128676,1.43905956924397
LOC111120817,-3.3547467515864
LOC111108468,0.452506565108179
LOC111132230,0.262121764956067
LOC111102089,-0.413501972544838
LOC111127057,0.263245509213827
LOC111107574,-0.350493264056226
LOC111120165,-0.532637119473879
LOC111129847,-0.159856792785818
LOC111126142,0.525111570068337
LOC111119568,0.763028469069776
LOC111107982,-0.11816544424001
LOC111138225,-0.522027161075097
LOC111123247,-1.76889716147151
LOC111106090,1.25958165836175
LOC111101648,0.202506357976421
LOC111124372,-0.251585634479251
LOC111136893,-1.83778575013725
LOC111127253,-2.61982894104377
LOC111099174,0.699511129190136
LOC111110903,-0.588813445296053
LOC111127976,0.516693268070023
LOC111133376,2.12617496896786
LOC111108296,-0.613471383987997
LOC111104796,-1.00698259657672
LOC111135311,-0.354606357960385
LOC111138050,-0.278984136745296
LOC111104981,0.656143665175721
LOC111128339,0.383524433789057
LOC111100554,-0.679080152311562
LOC111103868,-1.09394408245351
LOC111118625,-2.62912826130525
LOC111126075,-0.205910000023328
LOC111118029,1.08881666757262
LOC111111612,-0.699014395704029
LOC111103632,-0.00541380536967144
LOC111131626,-1.13760116568781
LOC111120987,-0.757226836728605
LOC111101252,2.46110659241027
LOC111131053,0.498434703676559
LOC111117189,-1.51793338570254
LOC111104414,-0.0261099816745609
LOC111126599,0.251314469606468
LOC111136077,-0.635984417790587
LOC111116584,0.514432934963292
LOC111108480,-0.072869441234623
LOC111134935,0.535172182752934
LOC111103548,0.11409485883346
LOC111103618,-2.80248761107575
LOC111118383,-0.508550692882315
LOC111105745,0.376831459005827
LOC111128377,1.3198038742003
LOC111121030,-1.41733867044891
LOC111103967,2.68107035931181
LOC111118011,0.338337103856388
LOC111135020,-5.33233985702928
ND2,0.124825381806811
LOC111107542,0.985238094053793
LOC111111701,-1.70985638955121
LOC111111222,-0.966205168065555
LOC111132562,3.49988710092544
LOC111126961,-0.62813331887576
LOC111118503,-0.610297678419229
LOC111118254,-2.79818958290813
LOC111127178,-0.125995155286337
LOC111130578,0.310995628839771
LOC111125229,0.0458935980593121
LOC111104153,-0.222801409581271
LOC111117972,1.64987415950608
LOC111133290,-0.325355944657577
LOC111114451,-0.406929608953126
LOC111134536,0.960872088076802
LOC111100878,-1.06902011076624
LOC111122010,0.214654346028163
LOC111121200,1.22903022655825
LOC111133973,-3.28262981153036
LOC111099072,-0.385666324508098
LOC111101833,-0.22727645131607
LOC111119564,0.0745308735174434
LOC111124107,-0.256096998356604
LOC111099994,-0.435862836283074
LOC111123604,-1.36840964532839
LOC111121808,0.0954118789491857
LOC111121949,0.447987508908313
LOC111110106,0.583051651121195
LOC111133937,-0.304645581975782
LOC111114898,0.767385771705065
LOC111118710,0.0708077727364342
LOC111123331,0.773121421238955
LOC111110931,0.317584372882323
LOC111125483,-3.2601144758589
LOC111112491,-0.627956158333152
LOC111123325,0.604454204732908
LOC111112098,-0.137638573164012
LOC111100641,0.922145745033309
LOC111132896,1.55456298312372
LOC111111571,-0.199717666346035
LOC111100416,-0.52421558970168
LOC111124508,0.167089930394091
LOC111126611,-1.64562145262936
LOC111136221,-0.878904089023667
LOC111126021,0.0934603218005207
LOC111133778,0.760676946325054
LOC111107765,0.495699175133395
LOC111136250,0.32414170939501
LOC111104818,-0.272518206327307
LOC111103722,0.144007306017227
LOC111111366,0.183725484342608
LOC111124090,0.701947943469905
LOC111106440,0.573968371330639
LOC111121826,-0.397666050190877
LOC111132575,-0.0308141088997115
LOC111104154,-0.539950315614773
LOC111108481,-0.148179720650473
LOC111108474,-0.791378826413827
LOC111104595,-1.62593497186072
LOC111121877,1.27615460942755
LOC111125504,-1.86235406372704
LOC111137617,0.81779282206026
LOC111134638,-0.561269716277749
LOC111103175,-0.389253630803649
LOC111117145,0.790039839208722
LOC111128325,0.77514854506779
LOC111128153,-1.15116329279511
LOC111112948,0.569284866225947
LOC111135522,0.233458553846639
LOC111120310,0.592656031610049
LOC111129481,-0.604096430753271
LOC111111946,0.222939009314747
LOC111133739,-0.369265595820766
LOC111124808,0.995940545679173
LOC111113225,-0.630998049383995
LOC111132054,0.178538925640679
LOC111138263,-0.581844984104046
LOC111100803,-0.656039612771659
LOC111122706,-0.0738303267628037
LOC111128761,0.00756045849308174
LOC111129742,0.226634127122956
LOC111100183,-1.04912147667802
LOC111120930,-0.337596413727957
LOC111133355,-0.0827006981662393
LOC111121094,0.287443007945487
LOC111125468,0.553351025475194
LOC111108354,-0.280169667982282
LOC111106279,-0.789356644385091
LOC111106331,1.04422682019584
LOC111114887,0.867403575982284
LOC111138493,-0.0353409667641056
LOC111116818,0.271838054428592
LOC111108022,2.69692379817571
LOC111111173,0.0484219081991238
LOC111099776,0.130835706130527
LOC111105846,0.587345102849656
LOC111125256,-0.279389710263652
LOC111100639,-0.302898210655997
LOC111123433,-0.341709170433729
LOC111123986,0.805362656642495
LOC111126403,-2.7775744972583
LOC111119763,-1.10969620534607
LOC111133848,0.187912563688642
LOC111122737,1.54270177421829
LOC111135630,-0.406196383583098
LOC111113336,-0.587935431712604
LOC111137067,-0.758156324636356
LOC111119387,6.68643149439326
LOC111124591,-1.024159578389
LOC111124848,-3.38769372575027
LOC111107018,-0.299548307428147
LOC111135113,0.534318142939361
LOC111104480,-3.90640695307079
LOC111138479,0.15186087150804
LOC111136686,-0.830094716816563
LOC111105762,-0.293824383239541
LOC111131813,-0.161065482685219
LOC111125244,0.211314030273613
LOC111129397,-2.29490600544942
LOC111122886,-1.33916370395127
LOC111100921,-0.532112415611816
LOC111102339,-0.644556802892279
LOC111126412,-1.60149597122433
LOC111135756,0.496270747499409
LOC111108331,-0.424705030482004
LOC111106479,-0.91669268279044
LOC111125908,-3.80039941240492
LOC111112894,-1.8507721513448
LOC111122046,-0.643430954672125
LOC111132602,-0.689092235939462
LOC111136931,-0.0864678193577586
LOC111122073,-0.228585688638184
LOC111110231,0.169262075631085
LOC111137085,-0.583301084385027
LOC111135517,-0.159230018091447
LOC111116829,0.185327156660647
LOC111113402,3.79478863070983
LOC111126717,1.06747478502877
LOC111110584,-0.0230831422188398
ND3,-1.88085709772509
LOC111120092,-1.40891002190412
LOC111110010,0.722024137039771
LOC111133705,-1.21722302953152
LOC111109232,-0.881613176354877
LOC111111845,0.874119274276234
LOC111128129,-1.36705178652853
LOC111137207,0.905016540893758
LOC111133064,1.67476317779314
LOC111101446,1.42534370291413
LOC111125498,0.529340245416549
LOC111105460,-0.00379813504851479
LOC111118349,0.678021429015192
LOC111104805,-0.350341206823312
LOC111128888,0.496627993751927
LOC111125719,-0.711151458617117
LOC111126724,0.300688998517384
LOC111127613,-1.9034642568855
LOC111106859,1.46330312608476
LOC111122287,-0.703985539583319
LOC111127334,-0.00109205528667046
LOC111117536,-0.0718587086940132
LOC111127644,2.03749281125
LOC111104596,0.00755907658310342
LOC111108548,0.306922645244345
LOC111123265,1.70117987423031
LOC111123400,0.243377948828599
LOC111126364,0.240110397349965
LOC111136150,1.54268550296674
LOC111104330,1.64400124865203
LOC111114417,1.7718752835854
LOC111104421,-6.50638100369151
LOC111121062,0.00756073904779393
LOC111116218,0.835847597370805
LOC111104277,0.457794254019253
LOC111130719,2.80480880575021
LOC111137952,-1.93907377136201
LOC111137378,0.316953014318077
LOC111127768,1.52510233366186
LOC111119050,2.30587763971134
LOC111135859,2.41738029003827
LOC111129657,-1.78969824194539
LOC111134551,-1.23329731804576
LOC111112671,-0.00313841480754524
LOC111102392,-1.42814639768982
LOC111132495,0.772239793702864
LOC111100923,0.91036940925411
LOC111132280,0.343576782900618
LOC111131157,0.272424461125825
LOC111124749,2.17317261571746
LOC111125001,0.48196512449688
LOC111125901,0.0319834862621659
LOC111103141,-0.0730646173063875
LOC111111106,0.00756085161586969
LOC111106314,-2.75859624141396
LOC111111646,0.750924783113003
LOC111123108,-0.197446286359821
LOC111130584,0.483540889106299
LOC111137587,-0.434145498265518
LOC111104444,-1.22703261083063
LOC111126703,1.65465218939086
LOC111135216,0.634937609494406
LOC111101324,-0.347484665792285
LOC111101079,-0.129131695189498
LOC111117458,-0.122881179712381
LOC111126269,0.580345635034403
LOC111135405,-0.201416905704272
LOC111134663,-0.589635475259134
LOC111113030,0.467405681978207
LOC111122132,0.283370010430492
LOC111119869,0.640344280711618
LOC111120096,-0.789356644385091
LOC111105380,-1.18307584534306
LOC111099049,0.05560753305272
LOC111110726,-0.196938540444098
LOC111137132,0.659867625718525
LOC111115742,-0.0033045491898981
LOC111100099,0.00756115891579716
LOC111137267,1.12526322041005
LOC111122178,0.387557838273873
LOC111102835,-3.48251727456371
LOC111138218,-0.6221008769877
LOC111135247,-0.0122555359856057
LOC111123258,0.520506172540539
LOC111121756,-0.240823697116429
LOC111134323,-0.630998049383995
LOC111136225,-0.411163858093938
LOC111125593,-2.31087986089936
LOC111105551,0.100210705331637
LOC111111027,-0.709129469176593
LOC111134857,0.25138743101536
LOC111135176,-2.57860866891652
LOC111104784,1.20081733277943
LOC111101940,1.12783698043479
LOC111111706,-2.03225289784342
LOC111127450,-0.604857664016811
LOC111122657,0.324741957800339
LOC111130341,-1.32675285808832
LOC111122181,-0.78958041231054
LOC111125876,0.480937811329724
LOC111131025,0.862137933902531
LOC111105363,-0.403310611214294
LOC111108951,0.0311886546184775
LOC111129880,-1.64295884124188
LOC111127798,-0.804657074526414
LOC111103015,0.79569993361315
LOC111133338,-0.828102628461192
LOC111131213,4.61204810330477
LOC111135735,-0.639441959858621
LOC111132228,0.47816976977341
LOC111133819,0.318363432331273
LOC111117350,1.58498387667314
LOC111136881,-0.313911037626083
LOC111112218,0.298005919034132
LOC111136535,0.968761867390829
LOC111103304,1.19902429847154
LOC111125166,0.950927732849168
LOC111101703,4.33946414959913
LOC111134528,1.34546775825984
LOC111111093,0.856149157335702
LOC111111143,-0.0132203047989296
LOC111119195,0.234892048920757
LOC111108810,-1.07385327505621
LOC111117990,0.914844528245998
LOC111109934,0.821148136420039
LOC111127320,3.06993308696281
LOC111123414,0.9061500368863
LOC111118823,-0.595643618439735
LOC111114537,0.094716084986085
LOC111110053,0.477726026469757
LOC111133630,-0.39040988973745
LOC111125217,-0.0495965934802222
LOC111116745,2.28323536269521
LOC111111290,2.18344050621514
LOC111118218,-0.0950357473317451
LOC111109624,-0.00934162577110752
LOC111099712,-0.0423502059955556
LOC111110266,0.588785972479727
LOC111122022,-0.890810680691437
LOC111118354,0.355703855508341
LOC111110524,-1.02918962684083
LOC111104637,0.00755950150183182
LOC111110194,0.503916406144768
LOC111128152,-0.539412213707232
LOC111121458,0.286303399239938
LOC111118240,-0.995472704878346
LOC111125807,2.17681746503548
LOC111135342,1.17537495303759
LOC111106623,-0.53092042117623
LOC111114029,0.0689175546755809
LOC111129636,-0.0271048696118873
LOC111101009,0.659729855203277
LOC111103775,-0.697565562302978
LOC111129912,-0.579285220852646
LOC111100502,-1.05013922006241
LOC111105633,-0.881211041331851
LOC111134341,1.00376336108278
LOC111135772,1.35220024870597
LOC111110374,-0.144926664510494
LOC111113422,0.738190800962804
LOC111105816,2.95356114975349
LOC111125285,-0.919995540552147
LOC111110777,0.416010916553853
LOC111134511,0.440839068502755
LOC111109289,0.434107201287318
LOC111133306,0.70572875937122
LOC111131175,-0.159823766541458
LOC111131537,-2.3250242557449
LOC111106985,-1.41286321551976
LOC111109446,0.483540889106299
LOC111135872,-1.77855648489278
LOC111099156,-0.474566564502071
LOC111113240,-0.880349811144121
LOC111136048,-1.07130113336623
LOC111101292,0.053311740398181
LOC111115215,0.8673968770138
LOC111111837,-1.07126849969526
LOC111119376,-0.385812200285837
LOC111104200,1.08391352039152
LOC111126250,-1.15920913217446
LOC111133535,-2.19809780960277
LOC111137466,-0.554569350703817
LOC111135921,1.21700363585282
LOC111108634,-1.62686073442067
LOC111101262,-0.34404902743566
LOC111102477,-0.125966474159571
LOC111117309,-0.0204627578766812
LOC111136379,0.0346936315604969
LOC111117113,1.53415811358803
LOC111125429,1.45724514427669
LOC111099173,-0.0666450727105627
LOC111104902,0.0305662535924882
LOC111110824,-0.080936612541027
LOC111134659,1.8507696994404
LOC111107556,-1.4344877307417
LOC111112039,-1.37276652116579
LOC111112036,-0.813864106125863
LOC111135087,-0.313801240434316
LOC111112015,0.525422380847517
LOC111133256,-0.426192792056147
LOC111120076,-0.842171872707575
LOC111114084,-0.55916881270764
LOC111133717,-0.711397559421379
LOC111110514,0.00756115891579716
LOC111117975,0.194804431643381
LOC111136773,1.54102749278505
LOC111123630,-0.480708866212006
LOC111119375,-2.75362954918424
LOC111103017,-1.53508539242162
LOC111118401,-1.26625783244382
LOC111129860,0.421871855800215
LOC111123227,-0.232035077210362
LOC111101831,-0.145313301679542
LOC111124319,-0.527071801873852
LOC111105350,-0.496815477997215
LOC111118943,5.95471352977727
LOC111126524,0.546828388977627
LOC111126644,-0.287439036029608
LOC111099087,0.973924605481258
LOC111106798,0.483540889106299
LOC111102113,-0.498117387363066
LOC111137567,0.40768943833859
LOC111132206,-0.0641368457181933
LOC111113586,2.78914374695159
LOC111127397,3.27147063714709
LOC111111112,-3.85245180928504
LOC111109832,-0.153287594166964
LOC111102923,-0.0739442357113556
LOC111102864,0.886667269054826
LOC111127037,0.0915834127762612
LOC111099119,0.437587765542284
LOC111133177,0.50020883361023
LOC111099611,0.232613522543597
LOC111127339,0.468463549449818
LOC111115007,1.00493608551089
LOC111137114,-0.236614692538234
LOC111108857,0.140818297612954
LOC111136081,-0.433274015767148
LOC111112879,0.800816970494747
LOC111132864,0.284856682476048
LOC111119174,-1.83799514994941
LOC111136051,0.276753388372846
LOC111103511,0.686109331125877
LOC111108220,-0.254328735967058
LOC111122213,-0.35811529448552
LOC111116050,0.23054415484203
LOC111100517,0.00652543792362256
LOC111138337,-0.589190706771152
LOC111104471,-0.28044279259243
LOC111116607,-0.126244071586393
LOC111132088,1.27027814944159
LOC111129268,0.66715895401685
LOC111129643,1.37909681287059
LOC111101717,-0.602592536225602
LOC111138085,1.02796040693242
LOC111132641,0.439128042358727
LOC111126827,0.445706636452432
LOC111123448,-0.0296307810173723
LOC111133840,-1.28348100115259
LOC111110946,0.507909421876154
LOC111130611,-1.22188251717435
LOC111121709,1.17194293316329
LOC111137339,0.113058508555854
LOC111100511,1.01958227511354
LOC111131570,-0.363297710546534
LOC111108968,-0.55781058781385
LOC111116219,-0.592184225344831
LOC111137980,1.11502193626725
LOC111132241,0.444854142901727
LOC111133025,-0.652475617343164
LOC111134444,-0.0537825863591044
LOC111134193,-0.238760432419513
LOC111129287,0.0186122016029006
LOC111121646,0.629642921524906
LOC111126859,-0.810716955674058
LOC111129595,-0.932015339688008
LOC111102683,1.00528282142709
LOC111119652,0.418467448521626
LOC111132434,0.00755950150183182
LOC111108840,-0.583544516599606
LOC111099799,0.273312471772226
LOC111099643,-0.886758159240592
LOC111136938,1.05210714840187
LOC111108187,0.328995839032822
LOC111124121,0.0210046715829617
LOC111137600,0.676653659944438
LOC111123440,4.12257299919153
LOC111110659,0.190649492422835
LOC111132857,-2.11551664545259
LOC111136976,-3.47588439988715
LOC111127903,-0.0855090044629174
LOC111127086,-0.689849450744264
LOC111137634,0.10539761407565
LOC111121316,0.0482878706306697
LOC111101326,0.0903729594391871
LOC111125518,-0.397802977264001
LOC111130728,-1.1045172162348
LOC111126440,0.687525328178718
LOC111119622,-1.43071606809851
LOC111102791,-2.3745003295825
LOC111126343,-10.3656718868545
LOC111130883,-0.858102834934933
LOC111099188,0.585302713555776
LOC111120877,0.476371366804182
LOC111121297,-0.530805421717414
LOC111117807,0.482297309744124
LOC111102399,0.782120503990067
LOC111108785,1.00826606050785
LOC111110005,0.228666527684676
LOC111127897,-1.12170906182725
LOC111107868,-0.139204219570234
LOC111126894,0.197326025680304
LOC111101087,2.08371079626358
LOC111105392,-0.504151207746295
LOC111124574,0.902186060053596
LOC111138073,0.0865496064183003
LOC111118078,-2.09121160892455
LOC111138134,0.865143484980996
LOC111137010,-2.00874374592735
LOC111122987,-0.532657581723014
LOC111115611,-0.278271729986452
LOC111135117,1.80899637080504
LOC111122145,-0.801838972491474
LOC111114240,0.538109028944412
LOC111119608,0.368402741061691
LOC111134252,-0.29449879143827
LOC111129943,0.139777400762886
LOC111100366,0.0481133711484976
LOC111135527,0.617818856633961
LOC111108095,-0.0953983536738498
LOC111109782,-0.648455502197108
LOC111118938,-0.0662989560067512
LOC111123220,1.22302267022066
LOC111108413,0.557434322487459
LOC111108614,0.192144393030644
LOC111132072,0.0338368256775406
LOC111114542,0.133870940948921
LOC111135338,-1.5345329252296
LOC111135589,-0.800582551394629
LOC111108691,-2.75989904739171
LOC111116834,-0.0549404151396329
LOC111134903,-1.82454800752802
LOC111118962,-0.727218051701899
LOC111135675,-0.507110465661576
LOC111128133,0.866790490954569
LOC111115398,0.184219829426832
LOC111101254,-0.0035218255361811
LOC111118501,0.00658030619930094
LOC111104342,-0.724708882268815
LOC111136849,0.991054396434841
LOC111125436,0.284100563695125
LOC111103480,0.0145114237056233
LOC111137160,0.548772516274706
LOC111115874,0.494431239296806
LOC111135585,0.914131368535709
LOC111101007,0.00314248230640055
LOC111124407,-0.326299288300759
LOC111102690,-0.138899571926276
LOC111100632,-1.97146751301431
LOC111124457,0.0794573770406562
LOC111137797,-2.12988418179506
LOC111100260,-0.575974478821352
LOC111103667,-0.0354515484865218
LOC111125208,0.0572872128024685
LOC111137557,1.23119879443338
LOC111102760,-0.498087120169937
LOC111106032,-0.690058314167402
LOC111115831,-0.64881668752666
LOC111136340,-11.7811415264192
LOC111116578,0.067546813496568
LOC111133871,-0.163411714387394
LOC111118940,-0.257587433702462
LOC111101231,-0.332218721393479
LOC111132452,-0.744399313757364
LOC111128087,-0.066605808968758
LOC111114836,-0.624023010437951
LOC111135652,-0.0106027269682574
LOC111107854,0.512337881008789
LOC111106498,0.0392429861428135
LOC111122254,0.170145455064728
LOC111101454,-0.268997059773925
LOC111099473,-0.0162957246614671
LOC111119104,-0.535494460947513
LOC111100198,-0.355531888353046
LOC111127580,0.165277785456445
LOC111110043,-1.17049067242527
LOC111126154,2.55818022574464
LOC111131028,0.257763882049578
LOC111121730,-4.43685729429487
LOC111131870,-0.711151458617117
LOC111101801,0.243643024138019
LOC111111822,-0.110587475549221
LOC111115384,0.706551603848526
LOC111104053,-0.310099425875226
LOC111103032,-3.86700733200035
LOC111110672,0.929350475307153
LOC111138305,-0.168434939698853
LOC111135511,-0.0667208987072747
LOC111124327,-0.37633133133715
LOC111123687,-1.03831299199944
LOC111109467,0.195836050030767
LOC111128213,-1.04609958575316
LOC111135048,0.891790358882099
LOC111099120,0.0313600453386437
LOC111125718,0.374383961810319
LOC111118546,0.0567759888917106
LOC111135217,0.12170572376321
LOC111105842,-1.0190578989876
LOC111134616,-0.444547321226104
LOC111130469,2.57515020416581
LOC111132935,1.26290958844581
LOC111135580,0.2212906463726
LOC111110446,-0.759520107780163
LOC111129417,0.123601239076583
LOC111132666,-1.89738204226246
LOC111111726,0.0116775207503759
LOC111135329,-0.392949446670521
LOC111114688,-1.86161541583016
LOC111100913,0.908539171879832
LOC111118488,0.0759132582718824
LOC111137425,-0.726519945045722
LOC111099416,0.490270544713857
LOC111100768,1.73835182163588
LOC111103948,-1.11154241095287
LOC111132394,1.69222340307547
LOC111136975,-1.0682039524652
LOC111137292,0.353607402903037
LOC111101233,-0.378840835503751
LOC111121043,1.76818272010254
LOC111130176,-0.143900031261047
LOC111136400,-0.801134371755464
LOC111126496,0.0724286287837482
LOC111120635,0.729215532649024
LOC111110712,-1.44247681102922
LOC111103271,-0.433872615878476
LOC111122786,-0.435597664596244
LOC111128749,-0.778243480000737
LOC111101189,-0.638588826070974
LOC111128450,-0.660954252785644
LOC111108978,-0.256098992470225
LOC111108179,0.707498155442076
LOC111101063,-0.46039308144473
LOC111138370,-2.11554583482704
LOC111119658,0.112705853294003
LOC111119717,-1.12274614677306
LOC111112682,0.00755985987431593
LOC111136461,-0.29499407523352
LOC111133459,2.44342214863371
LOC111136264,-0.196620831076365
LOC111120278,-0.467188156026872
LOC111122203,0.00756082877064291
LOC111104694,-1.37261773452066
LOC111103953,0.346004065640817
LOC111129137,-0.73265864694007
LOC111100316,-0.527612904745887
LOC111111681,-1.06869812501753
LOC111101250,-0.138111909563619
LOC111129907,1.79720485788877
LOC111135737,0.439454761243907
LOC111128511,-0.179936518214493
LOC111122780,0.438552806351753
LOC111138117,-1.21201057168698
LOC111106627,0.288144097884721
LOC111131115,0.261004349067394
LOC111138496,0.213033394047014
LOC111130266,-2.63105237328874
LOC111137960,-0.10501568905218
LOC111137173,-0.104288534326394
LOC111118678,1.00054563231703
LOC111127607,2.15611967943833
LOC111117293,0.181853638938458
LOC111137813,-0.331500064804056
LOC111103907,0.770076141311064
LOC111108779,-1.3442774707874
LOC111116764,0.821915494061183
LOC111123416,0.485904553134301
LOC111129809,0.240259648703975
LOC111101403,-0.0803309446030582
LOC111125360,-0.166831911394812
LOC111099902,-0.501930721355093
LOC111114476,1.87568686854976
LOC111134695,2.43893687318753
LOC111112214,-2.10149065435258
LOC111112452,0.996285469077091
LOC111115947,-0.335734010569464
LOC111135138,-0.556064150808362
LOC111115366,0.202512875066731
LOC111121836,-1.5121061389423
LOC111101281,3.8985346815869
LOC111108855,-0.226796450449307
LOC111107641,0.00756082877064291
LOC111137711,0.553197297961612
LOC111125983,-0.417240450828866
LOC111115523,3.24099654129845
LOC111118256,0.116942089232568
LOC111137701,-1.50740776142899
LOC111134187,0.0723110534473736
LOC111123185,0.646599995195565
LOC111137792,1.69894066265536
LOC111130265,0.674055900139979
LOC111134767,1.08261676541899
LOC111115930,0.0984166742334224
LOC111113587,-0.504151207746295
LOC111120707,0.440305738478381
LOC111107682,1.32928877359224
LOC111119745,1.5172410996454
LOC111110397,-0.120810587212325
LOC111134846,0.129645836054034
LOC111128690,-1.12128475688792
LOC111111261,-0.64881668752666
LOC111116948,-3.50317269663534
LOC111120957,0.328345754999911
LOC111125226,0.802999481159447
LOC111103858,-0.660039472559303
LOC111123070,0.261137683608168
LOC111101488,0.817964432301189
LOC111118291,0.130184448494167
LOC111126727,0.714294793916996
LOC111125304,0.00490860373721996
LOC111100091,0.307058747701055
LOC111134692,2.14706157332222
LOC111112612,1.6986219624715
LOC111103401,-0.951384560875529
LOC111115364,1.53232988361521
LOC111112488,-0.0734723343688
LOC111135882,-0.471876392828885
LOC111118216,0.515434716027135
LOC111117330,0.114448211275018
LOC111109434,-0.313947810318324
LOC111119386,-0.258330439855043
LOC111118259,-0.0267251322294259
LOC111136440,3.2379101580913
LOC111138003,-0.428265580788131
LOC111112563,-1.17061424887087
LOC111132118,0.114255263489193
LOC111121449,1.64880434745346
LOC111136110,0.493331402241028
LOC111132145,-3.54991855637405
LOC111104065,0.335387172447079
LOC111133892,-4.28996187642645
LOC111099748,-0.0681329288669633
LOC111128460,0.621980501579221
LOC111128489,0.897209760084721
LOC111124896,0.377503702465651
LOC111111699,-0.850952761426721
LOC111114550,0.772330933124565
LOC111128871,0.202512875066731
LOC111120764,-3.82800819684456
LOC111106425,0.116646919070164
LOC111099540,-0.113097266640481
LOC111127285,1.01672507019283
LOC111136690,-0.784868653241
LOC111133489,-0.119690901779889
LOC111122965,0.491175602961861
LOC111137598,0.251804439723641
LOC111101885,-2.5474150524232
LOC111121619,0.623991581043151
LOC111118370,-0.061194549269732
LOC111136620,-2.57757075786904
LOC111100038,1.65973675943934
LOC111116908,0.107876542469389
LOC111104487,2.016168446118
LOC111121379,0.884732395862259
LOC111128567,0.6691793171871
LOC111113304,0.12842278612658
LOC111120779,0.466050133075365
LOC111115468,-0.554610815619776
LOC111124359,0.236898904600104
LOC111134360,-1.40655999313432
LOC111136136,-1.98644600426068
LOC111129844,-2.17774565434924
LOC111104504,0.15260360189032
LOC111126549,-0.60405550656548
LOC111113994,-0.298408832617773
LOC111137253,0.0450657682351922
LOC111138162,1.46147986026458
LOC111110329,-0.454878581038338
LOC111135663,-1.85448287238756
LOC111117101,-0.293652864856543
LOC111131521,1.38009987380116
LOC111106490,0.618714148292203
LOC111114753,-0.591496808292701
LOC111109847,-1.19273037261248
LOC111127577,1.50120370157655
LOC111133601,0.715805595661949
LOC111099663,0.394263116749345
LOC111135099,-0.912147535251515
LOC111104375,-0.324634539568719
LOC111137202,1.28124049409978
LOC111124597,1.26950442932545
LOC111103027,-0.50560983092811
LOC111137825,0.797343110622677
LOC111120676,-1.29444700737148
LOC111103390,-0.502932157783778
LOC111129992,-1.19683309115724
LOC111127869,-0.121140342060804
LOC111105969,0.953711575349192
LOC111131693,1.2989995912627
LOC111129944,2.07743763353498
LOC111099666,-0.939382851819017
LOC111125218,0.677112227853389
LOC111118519,-1.25324284183143
LOC111133556,4.55364940283052
LOC111125880,0.972668657838473
LOC111128986,-2.18054802092505
LOC111111326,-0.0049868864068604
LOC111135861,0.0226024831969829
LOC111109495,0.732165318273736
LOC111125274,0.796239473218874
LOC111099893,0.394263116749345
LOC111110088,0.456396312197689
LOC111118498,-1.72153050687829
LOC111101279,-1.25595969812567
LOC111134914,-0.718058613392441
LOC111110735,-0.982737702674394
LOC111118091,0.380719752327828
LOC111121479,-0.615254218423286
LOC111118968,-0.30657766896755
LOC111124769,-1.69978203283398
LOC111122062,0.59430900427075
LOC111105230,-0.547617719659815
LOC111116871,0.200524049932308
LOC111131276,3.11198645041453
LOC111135351,-1.2347129821976
LOC111127020,0.385598095306188
LOC111114989,0.643182015176753
LOC111135909,0.853478122902229
LOC111101954,-0.23015403201845
LOC111102632,-0.161690021269317
LOC111111516,0.378603384857849
LOC111117487,-0.333097827060742
LOC111113073,-2.16640425771568
LOC111107910,-0.590602186762589
LOC111120983,5.40122510871982
LOC111130610,-0.874350701499477
LOC111109551,-2.76828145846684
LOC111110372,0.487606934073055
LOC111135435,0.319751815115936
LOC111100413,-1.3376312755594
LOC111118964,-1.1017098941028
LOC111102391,-2.91246051452858
LOC111111455,-0.0840777234353825
LOC111126786,-1.48017258117251
LOC111099892,0.190286435937367
LOC111133426,-0.371473524376365
LOC111134273,0.407817267374504
LOC111120885,-0.105442829916076
LOC111115572,0.0293350121817817
LOC111135128,-0.0530618041171853
LOC111101054,-1.69647490125964
LOC111133082,-0.153269998217834
LOC111107594,-0.998844352602698
LOC111110715,-0.890892797769421
LOC111124874,0.949782734974012
LOC111116176,-0.312758296324427
LOC111121218,0.553633875685558
LOC111130016,1.42914797046979
LOC111122233,0.148720208641179
LOC111125791,-1.69547831665021
LOC111119067,0.60635008017393
LOC111103234,-0.689774945297424
LOC111101805,-0.406189609235604
LOC111130540,0.202512875066731
LOC111127280,0.193421794396323
LOC111103174,-1.18780765126763
LOC111128342,0.201345637486016
LOC111129906,-0.936792858339969
LOC111107724,0.722515715153126
LOC111123992,0.329093173274965
LOC111129923,0.290592958069946
LOC111125316,-0.0321315777629916
LOC111114698,-0.163278525518167
LOC111129904,2.38520664254796
LOC111118211,1.70116243075196
LOC111126484,0.920610875849479
LOC111110966,0.00755744960807656
LOC111105701,0.459463756638116
LOC111112561,-0.328334902366026
LOC111135794,-0.256089867073888
LOC111117368,0.201688014085388
LOC111100823,-1.24802991073449
LOC111137470,1.2842341334884
LOC111099172,0.350336683391517
LOC111113169,1.3156756643352
LOC111121722,0.799358916726864
LOC111132388,-0.413143888004214
LOC111132874,-1.2901731181319
LOC111136114,-1.03086209428948
LOC111099670,0.497459198546354
LOC111137534,1.18830331244162
LOC111127446,0.302161668687863
LOC111104593,-0.238827384683648
LOC111108172,-1.05903657752534
LOC111134241,-0.918199076473873
LOC111135433,4.50163634746655
LOC111119001,1.27656835659789
LOC111132081,-1.41734396216211
LOC111135185,0.811532756078632
LOC111113327,0.00755874021645101
LOC111134104,-0.423957733051949
LOC111131043,0.322613250182073
LOC111107335,0.552785962033483
LOC111106358,0.0488485268134108
LOC111104497,-3.29712112163442
LOC111113536,-0.64233271107261
LOC111138171,1.85642446302397
LOC111119436,-0.186685183005756
LOC111136499,-0.886987277113594
LOC111125839,0.0556202665167409
LOC111129009,1.55925248048728
LOC111137168,-1.00730844358185
LOC111103072,-1.98432745385531
LOC111133868,0.709630000902343
LOC111138311,0.0422321505386959
LOC111104841,-0.192213430437242
LOC111132937,-0.542653493469884
LOC111125973,0.907296371555523
LOC111107406,0.702749054401486
LOC111120311,-0.2313644750604
LOC111103232,-0.533776508837381
LOC111099669,-0.501332256675666
LOC111133212,-0.543458715675817
LOC111126006,0.662640707680183
LOC111130846,-0.546554603208913
LOC111121011,0.343208358707282
LOC111112761,-0.319509875138533
LOC111113568,-1.7646113841794
LOC111133300,-1.00744551154788
LOC111136878,-1.24727261197369
LOC111127204,-0.949300192591871
LOC111116902,0.0477978420686867
LOC111121950,-1.38179572149108
LOC111131065,-0.213723127712977
LOC111104171,-0.481045049240574
LOC111103572,0.00756045849308174
LOC111112501,0.950050482026625
LOC111110736,0.277389108833403
LOC111111316,0.229372855032354
LOC111126808,0.288075936956657
LOC111135424,1.18990472892424
LOC111112303,-1.9732728413428
LOC111099934,0.546428688421638
LOC111124730,0.0633289376278075
LOC111102050,0.512525413734066
LOC111107848,-1.07797731070717
LOC111128039,2.53539345904425
LOC111102338,0.554657242350238
LOC111099782,-0.354033168790491
LOC111104518,-2.57322453935152
LOC111108790,-1.00731912618615
LOC111123925,-0.280989621773296
LOC111136868,-0.0767916297823864
LOC111119471,0.724731613876988
LOC111126517,0.096985393470733
LOC111122295,-0.522027161075097
LOC111133329,0.507482207772278
LOC111123702,-0.0925928061966254
LOC111123246,0.0796691341803671
LOC111126202,0.309410613395927
LOC111123355,1.36978953038986
LOC111107821,0.221664256469472
LOC111133608,-0.623165522419688
LOC111123999,0.095395759255685
LOC111128104,0.0838302598358182
LOC111132365,-1.16429403814661
LOC111109939,0.66661599790149
LOC111125276,0.559560349275522
LOC111130534,0.206755556352818
LOC111110617,1.21206751999639
LOC111114783,-0.970161272610079
LOC111133335,-0.0836617006735539
LOC111116033,0.741624437704368
LOC111100595,-1.45985895054083
LOC111099747,-1.22414456089393
LOC111132762,0.0302895050908434
LOC111110814,1.48358272220057
LOC111126172,0.777225087719824
LOC111132534,0.538097661625398
LOC111100893,0.224923934467231
LOC111126174,-0.186412532494513
LOC111111129,0.220875177232192
LOC111118833,1.9746127218896
LOC111108490,-0.33476218023888
LOC111122299,-0.0203256765825368
LOC111132272,0.452205531053359
LOC111121467,-0.674947127116741
LOC111120641,-1.35397256248193
LOC111120909,-0.00314548965262519
LOC111137525,-1.63364534014905
LOC111117711,1.15450582952407
LOC111106155,-0.0720939507441256
LOC111131591,-2.97837402809338
LOC111107780,-0.709129469176593
LOC111118909,-0.676654965402626
LOC111100442,1.42524523266046
LOC111109598,-0.0516681121941892
LOC111119506,0.316709403632986
LOC111123319,-3.84379051079493
LOC111131033,0.0693237842680459
LOC111109655,0.0367507916608586
LOC111136224,-0.657850478728167
LOC111103942,0.330077669821556
LOC111122220,2.84149940871037
LOC111119041,-0.0365472538257795
LOC111104348,-0.967858817508152
LOC111123056,-1.43714372744834
LOC111109659,0.201124230372666
LOC111100456,-1.25465764411718
LOC111099626,-0.534870922159269
LOC111136124,1.37467669034798
LOC111131091,-0.772129174663945
LOC111116215,-0.0153408287827588
LOC111115598,1.21635480219732
LOC111123814,0.286402069217439
LOC111105233,0.591029368501443
LOC111111652,0.6371488382675
LOC111105212,0.928526292405488
LOC111128657,-0.212613406559216
LOC111114247,-1.05903332563298
LOC111103441,-1.41173831284396
LOC111109602,2.13655292084149
LOC111119861,0.0614337657827413
LOC111102806,-0.392384979328875
LOC111119546,0.638836780978652
LOC111119623,-2.55140861931234
LOC111134514,1.7274148339982
LOC111138100,-1.08953512231049
LOC111126275,0.492572628319195
LOC111134676,-0.588628983181482
LOC111111590,0.368403900348899
LOC111115110,-2.16866116086628
LOC111130339,-0.479236986228497
LOC111099850,0.251265800692724
LOC111120532,0.901339469528827
LOC111125580,-0.530079257218655
LOC111100475,-3.7264530679015
LOC111126735,0.301600617362341
LOC111125994,0.29813472215624
LOC111121691,0.913684010054676
LOC111127027,0.0425729221504408
LOC111110470,0.693922533959288
LOC111137995,0.310005099027869
LOC111107233,1.03101748324512
LOC111135157,-0.381887438308634
LOC111110244,-3.64794957992621
LOC111116311,-0.349912731619717
LOC111123954,1.07448585665072
LOC111107273,1.73304236625795
LOC111121689,-0.0147227345899048
LOC111137315,1.33103403414491
LOC111118932,-0.49132281273195
LOC111116078,0.387422017827662
LOC111128967,-0.494302804250647
LOC111138243,-0.758600493779289
LOC111110943,-1.73147307002082
LOC111108412,0.28295300562926
LOC111120802,2.35942508730846
LOC111123439,-0.296035850545844
LOC111133510,-0.447863021637175
LOC111131517,0.240526602241909
LOC111121400,-0.235560737560757
LOC111127488,0.891756419836821
LOC111119366,1.6605398753675
LOC111118560,0.0655581549609925
LOC111124286,-0.157556967840428
LOC111121812,0.406456130664542
LOC111127548,-0.555939502087042
LOC111121816,-0.299853176725682
LOC111130934,-1.55621840718988
LOC111105883,0.448925754641459
LOC111111642,-0.248653918607777
LOC111107173,0.194156591288474
LOC111122120,-1.08474220710992
LOC111136082,-0.736172445422137
LOC111124577,0.28536974704566
LOC111135312,-0.819396096647788
LOC111111487,-1.24551051951711
LOC111135172,1.01215592146619
LOC111135187,0.473636744574432
LOC111130063,-0.409893962790531
LOC111110794,-0.812577771946825
LOC111119864,4.93186952815562
LOC111135375,-0.13159198909625
LOC111121290,-1.99706502937216
LOC111110307,0.617976758423345
LOC111127122,0.616707117703702
LOC111128923,-1.23001193726887
LOC111134596,1.48372164653309
LOC111124112,-0.647008401796074
LOC111132806,0.561321358113238
LOC111106270,-2.06869340859668
LOC111124095,0.503300804012738
LOC111137295,-0.420266054488035
LOC111110098,0.0814739655409508
LOC111123649,-0.817523689010724
LOC111111707,0.654879404023637
LOC111131571,0.277389108833403
LOC111125370,-0.802481557649757
LOC111108628,0.312336884549783
LOC111125377,0.546335465819915
LOC111112787,-0.683407971568891
LOC111128591,0.0151919037307313
LOC111135310,-0.924436620877695
LOC111132138,2.1742445716618
LOC111123847,0.67032283070899
LOC111102954,0.0606915983734065
LOC111133137,2.06202044337967
LOC111109478,-0.199737284788863
LOC111130441,-0.244289484869846
LOC111135846,0.890951196305204
LOC111124437,0.440938142474784
LOC111108345,-0.639180354506139
LOC111132730,-0.0604873415749527
LOC111099889,0.393922784520991
LOC111104847,-0.440640943342035
LOC111124709,0.197058936199534
LOC111137095,-0.327980161666753
LOC111138233,-1.76317936086054
LOC111135365,-1.39776611418442
LOC111123675,0.110192300627528
LOC111136999,0.412375283843189
LOC111118274,-1.88195880695802
LOC111119743,-0.344969279324473
LOC111130235,-2.12175808269712
LOC111124707,-0.0249871894326495
LOC111119752,-1.28961830683031
LOC111136823,1.94532245943578
LOC111118954,0.308170627678532
LOC111103541,0.591497361510113
LOC111111536,-1.11106272702455
LOC111131520,0.007560126265765
LOC111111704,3.8389279915081
LOC111137684,1.97481134386172
LOC111103891,2.46011646134898
LOC111123011,-0.689774945297424
LOC111114483,0.24721415039235
LOC111120473,0.906334998612201
LOC111112934,0.706180090263351
LOC111106716,-1.75868509428768
LOC111120712,-0.631138948577436
LOC111129299,-3.45544229235488
LOC111115054,0.439454761243907
LOC111107110,-0.74780437674515
LOC111125152,0.357257969217744
LOC111100195,0.55174646013277
LOC111131141,0.0340799439746565
LOC111113387,0.636557975349273
LOC111137871,0.277383731356946
LOC111119076,-0.0780912742762301
LOC111134059,-1.44766672440545
LOC111137686,0.473846094581072
LOC111126822,-0.122418492031473
LOC111106343,0.029667968521544
LOC111100351,1.51928831869703
LOC111132644,-0.442974769747231
LOC111118798,-0.173849629577917
LOC111129711,0.731474340642954
LOC111125481,2.00421450678356
LOC111118978,0.0923432373629098
LOC111136232,-0.442176921203757
LOC111115601,0.355413776276341
LOC111136098,0.443284414813265
LOC111132541,0.120978735951935
LOC111132196,-0.291396889592525
LOC111106730,0.804520867742627
LOC111118472,-1.76870267880332
LOC111134145,-1.35124154878665
LOC111134259,-4.29968562102542
LOC111107973,0.542642297617496
LOC111124976,-1.02596771829313
LOC111102510,-0.399355041576015
LOC111127391,0.631700083588913
LOC111129380,1.04173394994151
LOC111124145,0.711716364567961
LOC111137827,1.78193736548009
LOC111121981,-0.0349007765848509
LOC111124584,-2.04785556632559
LOC111119499,-1.28928152821598
LOC111102916,0.864505676118131
LOC111101517,-1.57439998789214
LOC111109611,0.293646415127424
LOC111137887,1.02443697913552
LOC111108911,-0.0929144753918969
LOC111134741,0.0749829129903748
LOC111132634,0.793578554407444
LOC111121682,0.790370052076832
LOC111126436,-0.445398825158518
LOC111110431,-1.08002860516987
LOC111130453,0.00755985987431593
LOC111109251,-1.43429040556079
LOC111129627,0.0347323391682118
LOC111134318,0.508708222571686
LOC111121110,0.204067303023415
LOC111109966,0.311889747350074
LOC111110320,0.552353158199779
LOC111128927,-0.0540662124665747
LOC111120548,0.0156656828669731
LOC111108257,0.178011409235632
LOC111134125,-0.587929437488938
LOC111102079,0.878052799851179
LOC111131178,0.525023208283047
LOC111123228,-0.670196258250512
LOC111124595,-2.55643536818815
LOC111130710,-0.0139727580546023
LOC111133508,-0.0712663785064935
LOC111137811,-0.302114419468408
LOC111103457,-0.0520243115900595
LOC111106055,1.63025808227486
LOC111131187,-0.000263690926808728
LOC111103402,0.322235532243175
LOC111138507,-0.523564332160735
LOC111105382,0.160495479720092
LOC111113076,0.273576527778338
LOC111104054,0.265559093110479
LOC111133371,0.339879339204768
LOC111138517,-0.551565142017601
LOC111121501,-0.00547927332090104
LOC111121605,-2.29475473094927
LOC111111500,-0.221653618154491
LOC111128709,-0.544578900915542
LOC111130089,1.05893983335221
LOC111126788,-0.176329690544838
LOC111117162,-0.518582766565975
LOC111136024,-0.454983114371209
LOC111126513,-1.4293186513065
LOC111136142,-0.745367895241206
LOC111102469,0.443390527823723
LOC111119311,0.326041174727935
LOC111136873,3.96399846233342
LOC111118158,0.0585571702768899
LOC111118497,0.255260184485724
LOC111118647,0.591476547163745
LOC111129161,0.5285308269415
LOC111109994,1.33064025025301
LOC111134065,1.30484686502042
LOC111117485,0.435942637530181
LOC111126775,0.265221198639232
LOC111120977,-1.06866995341107
LOC111110296,-0.674640171503498
LOC111121845,0.35389817781935
LOC111100652,-0.152817757772636
LOC111134114,-0.773857504116647
LOC111111527,0.60635008017393
LOC111124475,-1.8898413896627
LOC111114589,-1.09022182885935
LOC111110790,0.133873859542167
LOC111104802,0.0647722305236359
LOC111130977,-0.332404354550659
LOC111100166,-0.504151207746295
LOC111104857,-0.0667294599508307
LOC111107067,1.72590872227333
LOC111103484,1.49426316129588
LOC111108488,-1.98224190919306
LOC111122381,2.23898134077753
LOC111135040,0.623726000318103
LOC111107921,1.66438984524419
LOC111130039,-0.113764740628442
LOC111137511,0.42505974596242
LOC111123707,0.807853450900202
LOC111135090,-2.05043154747112
LOC111137420,-0.180116119247255
LOC111106057,0.910117214824171
LOC111131099,4.18730665605449
LOC111105157,0.00755986721210135
LOC111136885,2.59706859388171
LOC111134519,0.172370248190416
LOC111117514,0.384106233668923
LOC111106442,-0.410198208250508
LOC111101849,-1.08007342583154
LOC111117660,0.13744159708799
LOC111104158,0.242136938884611
LOC111101835,0.394257777868118
LOC111136858,-0.663834458443057
LOC111137474,-0.108289951467938
LOC111129375,0.716478920949401
LOC111110757,0.656643454615126
LOC111108005,-2.92659629864298
LOC111127735,-0.263774778416061
LOC111127302,0.393673766890952
LOC111118996,-0.650595099996425
LOC111114939,1.20555156899408
LOC111112829,6.28123558844188
LOC111102935,0.231186183394166
LOC111101737,2.01918102442487
LOC111111152,0.593494035685273
LOC111103551,0.0746557101037635
LOC111119106,-1.53284964634873
LOC111108060,0.322192734955539
LOC111123124,1.12085784795105
LOC111133540,-0.342858749987133
LOC111134376,-0.033210706506457
LOC111103940,0.723086426900387
LOC111101505,-1.207318639795
LOC111107133,-0.00509042827826575
LOC111104253,0.944153568277877
LOC111128270,0.506165170015537
LOC111100940,0.365445577547601
LOC111127050,-0.587929437488938
LOC111134703,0.743362732939884
LOC111119217,0.214126280747305
LOC111129965,0.35099429556149
LOC111136641,-0.232599787879732
LOC111100400,-0.0242821245635347
LOC111122242,-1.38090523578796
LOC111129562,0.111633371551142
LOC111100438,1.1697569622676
LOC111119090,-0.629028245127549
LOC111116922,-0.0440915297217627
LOC111133021,0.355413776276341
LOC111118487,-0.178122390143144
LOC111101871,0.072694842978351
LOC111121960,0.492759665776296
LOC111115374,-3.19802915596485
LOC111127139,-0.0790392622267014
LOC111099521,-1.60575176135744
LOC111135660,-0.744405209427927
LOC111102400,-1.3570041211375
LOC111107213,-0.526633751077129
LOC111107327,-0.102485360910891
LOC111124391,1.13977160756982
LOC111124390,-0.0836899268744369
LOC111130324,0.0423122318041524
LOC111107946,-0.175883970445278
LOC111109854,0.393622623168139
LOC111130875,-0.166222743051526
LOC111124479,1.15014975035422
LOC111127552,0.00599286408368479
LOC111101512,-0.956370355434701
LOC111124837,-0.173575855456952
LOC111137240,0.906074386244402
LOC111101064,-1.60759933230572
LOC111116873,0.1766829579609
LOC111126325,-0.14462039948866
LOC111133361,-1.47734223826221
LOC111114814,1.34529862030189
LOC111108453,0.694026287229305
LOC111100602,-2.50471281769995
LOC111132235,-0.601916110635141
LOC111127134,0.0311318245948804
LOC111120121,-0.803225224816518
LOC111132621,1.13117669400952
LOC111135349,0.217973271066087
LOC111106836,0.143987688697966
LOC111102855,0.538854869702144
LOC111136616,-0.224310064145122
LOC111117620,-0.380007061347022
LOC111123861,0.631902894957174
LOC111128276,-0.0512858472597615
LOC111128715,0.74306229657705
LOC111125935,-1.18570274580596
LOC111124539,-0.218970223171541
LOC111120733,-0.309489326355801
LOC111116688,0.971138222932435
LOC111127434,1.63291029262926
LOC111104204,0.355405369067098
LOC111133614,-1.10998171775412
LOC111127255,0.00756115891579716
LOC111112387,0.0620914107718409
LOC111135206,-1.1323358618297
LOC111135121,-4.62616098365193
LOC111133674,0.601967676180861
LOC111101790,-0.29086384374295
LOC111112228,-1.53301039931497
LOC111135563,3.29344429974127
LOC111116807,0.865686146713707
LOC111113290,0.00361554172045434
LOC111115963,0.556354214561333
LOC111130427,-0.18483713144069
LOC111118432,-0.0291340836637024
LOC111123833,0.0391614577928539
LOC111113330,0.643755523181604
LOC111107087,-0.445863563215763
LOC111124276,0.411820156330786
LOC111137576,-0.735401534205015
LOC111120775,-0.323577577137082
LOC111121980,1.93458996575298
LOC111114495,0.394263116749345
LOC111129909,-0.947807734377971
LOC111122040,-1.06870667108507
LOC111133924,-1.26329220099877
LOC111101291,1.00862309335719
LOC111112006,0.154725962058329
LOC111133487,0.553341359097192
LOC111130617,-0.599958485176326
LOC111122244,-0.357024571112722
LOC111136861,-0.220864038366598
LOC111132988,0.552498593142026
LOC111136812,0.463096783845467
LOC111128522,10.299554914883
LOC111129572,-0.665163888862965
LOC111112845,-2.10251985555104
LOC111128105,-2.57372406634616
LOC111099567,-0.252149236410362
LOC111127941,4.62132434703377
LOC111099804,-0.377640664259206
LOC111109720,0.472376568301787
LOC111117261,-0.420419945144911
LOC111099622,-0.489453558981694
LOC111110175,-0.254271638411703
LOC111110868,0.789801256961357
LOC111113651,-1.68332680450001
LOC111134207,-0.597121374195154
LOC111119257,-0.377419854352963
LOC111104765,-0.980072416677241
LOC111125938,-0.85353566810678
LOC111106864,-0.156794980712372
LOC111127771,-4.00823024310877
LOC111124357,0.926591606900439
LOC111116469,-1.52246000788995
LOC111125426,0.150316298422052
LOC111111073,-0.292497112531553
LOC111108089,0.106649579038208
LOC111118056,0.253008298995859
LOC111126056,-0.92055605822913
LOC111125282,-0.196881100557601
LOC111119712,-1.55868487899787
LOC111102780,0.0541408041227526
LOC111127789,0.409984427665335
LOC111118248,-0.22275677656205
LOC111102887,0.554657242350238
LOC111109868,0.12652110933544
LOC111132561,0.0853548276873881
LOC111124220,-0.547262013357666
LOC111136390,-1.76521206639288
LOC111138014,2.0841857258792
LOC111134249,-1.60178132666233
LOC111109612,0.0479821909446488
LOC111113054,0.068919124822801
LOC111106613,0.889054997223363
LOC111131835,0.329269165112987
LOC111126945,-1.38274265366553
LOC111103794,2.72628876927655
LOC111119138,0.0458785412395739
LOC111126890,-2.82418515198561
LOC111118745,-0.562176896234911
LOC111110063,-0.493819408379993
LOC111129163,-0.884688988420604
LOC111110479,-0.522027161075097
LOC111131096,-0.0338147946370882
LOC111130314,0.582449139954215
LOC111106541,1.55209901367636
LOC111105999,-0.178755963983031
LOC111118740,-0.467808275355889
LOC111121277,-0.856389109376324
LOC111128481,-1.38182082652666
LOC111112007,0.607096218816656
LOC111100984,-2.23073452597105
LOC111119696,1.32488724752521
LOC111134379,-0.189647496962999
LOC111128363,0.474835401966935
LOC111108608,2.17010688928137
LOC111100612,0.607315072638379
LOC111128608,-0.990720710999143
LOC111121091,0.49161894904479
LOC111116551,-0.749294650811824
LOC111133388,0.123358173201347
LOC111123264,1.45808471136431
LOC111104160,0.773311797832988
LOC111127473,0.672424463538325
LOC111130771,-0.779483010090973
LOC111101070,-0.74842209531847
LOC111135314,0.0213717448122428
LOC111106237,-0.273894468702737
LOC111101287,0.209760686486815
LOC111103026,-4.88023685273903
LOC111117052,-0.257585027939062
LOC111124621,-0.415837370258311
LOC111131549,-0.148352547011834
LOC111131425,-0.932942658367902
LOC111107822,0.480937811329724
LOC111136932,-0.650595099996425
LOC111125435,-1.03101382841007
LOC111124820,0.63356879444716
LOC111125164,0.78016085405655
LOC111103852,-2.29646509051916
LOC111119411,0.274865792766439
LOC111100606,1.47651870256455
LOC111122439,0.491037044027693
LOC111111836,-0.103741164085269
LOC111126564,-0.276191263510224
LOC111106158,-0.320336896495376
LOC111102655,1.28535082946052
LOC111103442,-0.302046917388447
LOC111105770,0.801509267815417
LOC111100415,1.59979819249611
LOC111130119,-0.184327272589183
LOC111130332,-0.431606264716562
LOC111135284,-2.19338182423685
LOC111107372,-2.99259701250348
LOC111107080,1.15054376363087
LOC111135876,-0.232944020619393
LOC111132161,0.524932290348279
LOC111106629,-1.10215282683071
LOC111106626,1.29311556726128
LOC111137220,1.42663572331626
LOC111135767,0.584458575926251
LOC111119838,-0.453260403602987
LOC111120512,-1.10908239465985
LOC111131105,-0.169829294959589
LOC111105259,-3.03776880829723
LOC111119720,0.609719650180386
LOC111114148,-2.13442012097729
LOC111119621,0.016652178894351
LOC111103509,-0.683192604938153
LOC111104691,-0.773605172356967
LOC111136118,-0.652659504758384
LOC111122990,2.22257563770842
LOC111100577,-1.45619539476798
LOC111128253,1.27344559763503
LOC111122001,0.0382375012525491
LOC111126657,0.667157939844181
LOC111102562,0.20250475884315
LOC111137479,0.496270747499409
LOC111115821,0.568041481671327
LOC111102436,0.59904934762423
LOC111113316,0.23352555045086
LOC111115629,-0.788469967311731
LOC111117813,0.113952773201726
LOC111137307,0.450531519255991
LOC111124489,0.908529606744966
LOC111102975,0.0970300501268983
LOC111121695,0.568259754326741
LOC111116158,0.175059483448214
LOC111133692,-0.908167474686927
LOC111104011,0.141861659266854
LOC111126498,-1.08017186703745
LOC111128233,-0.0556618850081193
LOC111111369,1.081850418943
LOC111134478,-0.109927167311383
LOC111123750,0.0435395639014224
LOC111103977,-0.26758369020453
LOC111116663,-0.0779210629589822
LOC111122138,-0.122135833096968
LOC111127033,0.0075619206562003
LOC111118391,-0.356204983747068
LOC111108763,-0.843699202628355
LOC111123849,-0.322516784959317
LOC111112734,-0.698407042774164
LOC111133589,-0.641186874824421
LOC111133493,0.694969938565793
LOC111116730,-0.587929437488938
LOC111118825,-0.4401035707226
LOC111137992,2.44874799928943
LOC111133348,-0.257507004883942
LOC111133070,-0.832495037337524
LOC111124988,0.496628682901737
LOC111105973,-2.08770486687908
LOC111101848,1.02483855085735
LOC111137171,-1.60318277889213
LOC111123531,0.280730166100427
LOC111105403,-0.171766101354074
LOC111108461,0.720655044706001
LOC111108980,0.180564486651168
LOC111117944,1.52527086307424
LOC111122569,0.613130006355807
LOC111107265,-1.82567529327185
LOC111137658,1.97349355079144
LOC111099415,-0.142917736626082
LOC111109687,3.4373806260173
LOC111128113,-0.886855790252103
LOC111113196,1.02837964376243
LOC111127975,0.544285761108923
LOC111107677,-1.35764355965824
LOC111108484,1.65540162151606
LOC111124466,-0.0910864348660795
LOC111111172,-0.485177095996213
LOC111119215,1.68002973431534
LOC111108193,3.73565874669488
LOC111104318,2.33624864076046
LOC111126370,3.7420131597338
LOC111133148,1.34137627741026
LOC111126770,0.759820814918681
LOC111130334,1.58758207315665
LOC111137012,-0.135769256180137
LOC111114407,2.98577364402025
LOC111120694,-1.1071057564709
LOC111114819,1.05399167965258
LOC111137949,0.0832799992220888
LOC111136841,0.535850820470093
LOC111125729,0.00756113110820683
LOC111107140,0.126834561489325
LOC111102417,0.380944848547668
LOC111101671,1.22922345979759
LOC111130834,0.945485883272836
LOC111102122,-1.74319889915607
LOC111130577,2.33726419973972
LOC111108439,-1.1109772829792
LOC111122161,-0.688240495157741
LOC111110034,1.70680997042112
LOC111110198,0.121414588331252
LOC111137109,-4.62115378301516
LOC111104552,-0.00318139260828921
LOC111120629,0.662411262784147
LOC111137518,0.553197297961612
LOC111120944,0.956834685093212
LOC111129734,1.88445898476503
LOC111124008,-3.9334047155872
LOC111112354,1.15755080291708
LOC111102495,-4.75378391790081
LOC111112267,0.376689085788892
LOC111112594,-0.122149161674152
LOC111135165,-0.0534940889522217
LOC111123048,0.440552190670691
LOC111124892,0.888195251909395
LOC111106143,0.633841641986432
LOC111122976,0.556040966795824
LOC111125296,1.21483838582234
LOC111106646,-0.580856700589809
LOC111103588,0.0012297369798104
LOC111103874,-0.840306056399068
LOC111119505,-0.352936442859984
LOC111135526,-0.233847382042652
LOC111126541,0.699985078727502
LOC111133754,1.41904531911766
LOC111130449,-0.151815221560953
LOC111102718,0.0559388694537375
LOC111106033,-0.567033840400376
LOC111107964,-0.308981185657391
LOC111134630,-1.8558607118069
LOC111112117,-0.16360341382075
LOC111124345,1.65960069124927
LOC111138241,3.30760025584008
LOC111114286,1.05128280241235
LOC111111239,0.121434300712182
LOC111126936,-0.0818318711875454
LOC111106577,0.206802097411141
LOC111100401,-0.337587615775733
LOC111100950,0.00756054265419258
LOC111136249,0.00756115891579716
LOC111107512,0.946682854179604
LOC111130944,0.191889059355448
LOC111100662,0.387305825265569
LOC111109182,-26.9208958428479
LOC111135244,0.049908854667816
LOC111126819,-0.711151458617117
LOC111103316,0.955925592586121
LOC111101783,-0.0501387403618473
LOC111118801,-1.56920974439113
LOC111135650,1.66531954290591
LOC111134289,0.172985817350183
LOC111111381,1.65486482509442
LOC111125974,0.287919873949595
LOC111133450,0.26829319011012
LOC111135240,0.0320375333455905
LOC111106875,1.29074870140308
LOC111122426,-1.42679324226815
LOC111100560,2.64886648775007
LOC111110399,0.545691518704363
LOC111126159,-0.0645746487349404
LOC111126982,-0.852528271720225
LOC111109052,-2.0233707827946
LOC111109135,-1.55735027271481
LOC111103950,-1.41004512857512
LOC111132199,0.817529304504793
LOC111136521,1.05543400818736
LOC111137256,0.926100187299717
LOC111136915,2.22214072092843
LOC111129511,-0.867109371373737
LOC111109231,-0.645836587848533
LOC111119108,0.266462124855116
LOC111125829,-0.0584621374689527
LOC111120550,-0.83327917000674
LOC111113778,4.40608407465064
LOC111127954,-0.573265207361042
LOC111137329,-0.335147992365242
LOC111110577,0.120511013806677
LOC111106880,0.642003753582097
LOC111106883,0.360228204467503
LOC111130351,0.188968730600701
LOC111103449,0.103270568185933
LOC111134449,-8.51416636610763
LOC111119462,1.02381047235142
LOC111136974,0.685507988138147
LOC111128837,0.343174855785926
LOC111120230,0.300387441560358
LOC111127616,-1.58811612002714
LOC111100694,-0.135844913999151
LOC111100870,-1.63195175995849
LOC111132456,0.292280054385535
LOC111122377,-3.68272937507248
LOC111104067,-1.03166536010935
LOC111121675,-0.78071864089022
LOC111119836,0.522250103031061
LOC111120009,-15.9855875345468
LOC111099823,-0.911899289994906
LOC111128836,-0.418428202833831
LOC111116998,-0.203643696321852
LOC111134312,1.23938322454443
LOC111117564,0.368403077717622
LOC111130799,-0.992594345945091
LOC111105481,-0.587929437488938
LOC111133749,0.356946163377905
LOC111118453,-0.70847387119239
LOC111123899,-1.41933653407434
LOC111118879,0.10117023341628
LOC111113280,0.03802717444998
LOC111127835,0.819637771860282
LOC111103192,-0.504267370957772
LOC111127399,0.0177144864290923
LOC111104574,0.415787823988421
LOC111117603,0.00756054265419258
LOC111124451,0.00873206242557957
LOC111134545,0.384342590186687
LOC111125341,0.134844529092995
LOC111127848,-0.211001671416496
LOC111124238,0.18797995206002
LOC111114464,0.53943656412655
LOC111128137,-1.58431241922006
LOC111135457,0.489028784297349
ND4,1.30122161049092
LOC111105594,0.109671899611696
LOC111108197,1.7186624587995
LOC111104349,-0.355636230419384
LOC111124902,-0.603300460340698
LOC111112591,0.00756115891579716
LOC111115910,0.0455515506097355
LOC111137161,-0.0737341759302697
LOC111128287,0.0720769844137585
LOC111128720,3.78281557688196
LOC111125946,-0.933335527335554
LOC111137053,-0.886596676725676
LOC111122926,-0.0926270953421054
LOC111133522,-0.344950279178154
LOC111127049,0.272231534423984
LOC111132341,0.540652899485476
LOC111109506,-0.714955689799873
LOC111125508,0.241219220605323
LOC111137926,-2.10302668731848
LOC111113236,-3.02876851743603
LOC111137776,-0.0636058299599838
LOC111107029,0.084356169388967
LOC111115156,-0.795676567121411
LOC111112828,0.499710908063987
LOC111119179,0.766331764916368
LOC111134635,0.943090064587203
LOC111124802,1.50053898339759
LOC111117964,2.07603197688938
LOC111117852,0.0517469320750977
LOC111107587,-0.960425029883253
LOC111134483,-0.327074659710901
LOC111132664,-0.628068198026467
LOC111123943,0.884843790742101
LOC111115675,-0.880033072179868
LOC111118389,0.264989578174925
LOC111131149,0.522744330884958
LOC111133298,-1.0196975625941
LOC111100971,-0.129239491532555
LOC111099697,2.01189416637512
LOC111134852,5.11835833092623
LOC111106276,-0.228332055217486
LOC111127090,3.65318945461197
LOC111107121,0.413135523741063
LOC111100851,0.931638723232892
LOC111103322,0.697629007838813
LOC111120565,0.671623841321825
LOC111099854,0.332381203991161
LOC111100455,-1.58447252373673
LOC111123415,-0.839531017643095
LOC111119253,-1.95097674756184
LOC111102593,0.000849980514995502
LOC111116667,-1.26973515116123
LOC111110432,-2.0068486449751
LOC111111478,-0.135699130162217
LOC111120042,-1.18380202810512
LOC111111300,0.093687146132919
LOC111128002,-0.699168865571334
LOC111106569,0.238798496411785
LOC111104584,1.5670341276978
LOC111129221,-0.0526542575734265
LOC111125790,-1.12807694258066
LOC111130551,-0.0139642988659511
LOC111129603,3.88547010735843
LOC111110920,0.716921581397887
LOC111136211,0.385751964263477
LOC111135494,1.57532883622747
LOC111111867,-0.588911483699013
LOC111136787,2.99302859236309
LOC111124651,1.73215783696565
LOC111111982,-0.325236276990981
LOC111132876,-0.552380461189509
LOC111127424,0.130617045418105
LOC111104925,0.184912674079795
LOC111128052,3.90697789416134
LOC111114558,0.0449311848046795
LOC111122081,0.0474572897459696
LOC111119594,-1.57263536511635
LOC111107939,-0.243267531371058
LOC111117627,0.0231729642995768
LOC111103258,0.667157939844181
LOC111134783,1.24142936450913
LOC111127100,0.575022471399901
LOC111124079,0.834130267947661
LOC111121912,1.25009230323599
LOC111133566,-0.0126761336698036
LOC111109298,-1.99437813368846
LOC111123680,1.25504223127038
LOC111121192,-0.493132822482034
LOC111124943,-0.465453811577669
LOC111128707,-0.4325534547354
LOC111131439,1.07128872678177
LOC111100380,2.60082286132337
LOC111135571,3.48351307150893
LOC111138208,1.67885132522169
LOC111124629,-0.599528106299308
LOC111118247,1.24703447290337
LOC111107400,0.378076920057022
LOC111133728,0.809448177128355
LOC111128045,0.00756161098377021
LOC111134761,1.28700955864787
LOC111103820,0.647740577905439
LOC111105897,-0.0740006936897936
LOC111118912,-1.0767205162571
LOC111115813,0.379966475607767
LOC111116019,0.673069567208032
LOC111126215,0.736259648010196
LOC111106853,-0.587929437488938
LOC111125792,-0.384181066510655
LOC111106644,-1.6510869154583
LOC111099040,-3.32895635363675
LOC111107156,0.0276193093283662
LOC111121429,-0.602727638925217
LOC111130659,0.651292571064533
LOC111130151,-0.0899909273619161
LOC111125307,0.797171814754631
LOC111134255,-0.135197592423183
LOC111099755,0.299191722212977
LOC111129023,-0.20492063015232
LOC111108684,0.951958501026159
LOC111127410,0.934935779201136
LOC111128054,0.105777663487167
LOC111100236,0.487788245402732
LOC111130743,-0.939543958172458
LOC111127584,-0.21178531924045
LOC111107874,1.20618232406886
LOC111104570,-0.136585920614736
LOC111105636,-0.00620346040461652
LOC111123718,-0.478671906945879
LOC111131840,-2.29809054783037
LOC111119398,-1.56750559610892
LOC111099706,0.85025186124945
LOC111122814,0.020592074778457
LOC111101478,-0.801622074514374
LOC111113410,0.752644893221506
LOC111121916,-0.212250576664742
LOC111130641,0.00985554332961925
LOC111135686,1.17099639379473
LOC111102485,0.368402510505068
LOC111114793,0.209719563283661
LOC111100127,-0.533776508837381
LOC111110239,0.0904596230047021
LOC111112659,-1.090970778034
LOC111127852,-0.520404331905758
LOC111124699,0.127684475738962
LOC111101827,-0.892464001982116
LOC111106764,0.823148353386721
LOC111118200,-0.715515464859102
LOC111102941,0.403677243341522
LOC111137498,-0.36491450835959
LOC111110504,-0.40383618982098
LOC111108610,0.163098374872538
LOC111136596,4.64171421469929
LOC111122237,-0.36419755311509
LOC111135082,0.576953516953825
LOC111124698,1.26878716492854
LOC111118979,0.906361403463888
LOC111136722,0.0306056359552905
LOC111125759,0.649177613824477
LOC111138262,1.23450004022449
LOC111133464,0.388816162788727
LOC111123834,-0.767380219715797
LOC111131644,0.462169536709652
LOC111123889,-0.805732576374204
LOC111111493,-0.0781886164780243
LOC111133129,0.862992886979326
LOC111106368,-0.865126031046329
LOC111135124,-2.00750704773731
LOC111104464,0.158012555117685
LOC111132210,1.09227083943374
LOC111135665,0.277389108833403
LOC111137720,0.00507083875142036
LOC111106123,1.23313920819827
LOC111112000,0.133875429537707
LOC111137006,1.20920856516014
LOC111113026,0.191010476140068
LOC111109975,-0.447217983306768
LOC111108594,-1.92896921067349
LOC111111873,1.1919271279205
LOC111099818,-0.283518504491677
LOC111111015,-0.425695068121178
LOC111121618,0.00755907658310342
LOC111104352,0.917421590468152
LOC111114587,1.21505150115401
LOC111137014,-0.376616945404431
LOC111103061,3.04095582871348
LOC111112892,-0.64881668752666
LOC111121606,2.84292602164404
LOC111119801,1.40680589255882
LOC111116863,-0.698435185848362
LOC111100325,-1.50128912174872
LOC111116467,2.21702849504693
LOC111125868,0.091332830179387
LOC111136740,-0.425128000078592
LOC111138428,-0.410785885559182
LOC111132645,0.462410282790968
LOC111114075,-1.23937799233726
LOC111138107,-0.438657697526396
LOC111125567,1.06257164706713
LOC111137057,-2.55977918024773
LOC111105684,3.01989305955543
LOC111134558,-0.361504857935959
LOC111123322,-0.669125359814599
LOC111099636,0.00756115891579716
LOC111120887,1.12164672287659
LOC111123058,0.305125889791339
LOC111110105,-0.315669661432027
LOC111104066,-0.175057433093383
LOC111134427,0.00755938126996882
LOC111110797,0.195157935119504
LOC111109980,1.04383883098965
LOC111131858,-0.0806802601692408
LOC111133770,0.382116485290452
LOC111125754,1.08400536289081
LOC111135951,-0.0126619164101692
LOC111126643,0.0402722529402389
LOC111127858,-1.77910196450943
LOC111133187,0.00756082877064291
LOC111133823,1.12451954404256
LOC111101072,-0.356212003295915
LOC111124177,-0.291713140760274
LOC111101135,0.280951548490323
LOC111104019,0.489755204449099
LOC111128098,0.682866188092226
LOC111116766,-0.0205555508458672
LOC111129028,0.432500845248034
LOC111122815,-0.189070291813597
LOC111114988,0.197559630831822
LOC111119915,-0.833444101337522
LOC111133042,0.92878938865269
LOC111130444,0.728567810023126
LOC111103956,-1.02756574060128
LOC111104517,0.823499979041209
LOC111134705,1.42907935541787
LOC111129107,-1.12413148827078
LOC111099862,-0.74780437674515
LOC111103765,0.158658736078107
LOC111127136,0.485781640225703
LOC111111105,-0.987268481393995
LOC111130663,0.55349153929552
LOC111102139,1.20018229802381
LOC111110027,-1.51418223550814
LOC111125061,0.459211639617343
LOC111138343,-1.82425721530453
LOC111111442,0.326140190679972
LOC111101470,-0.212077101038532
LOC111134548,-0.285429711624412
LOC111125999,-0.77684893700037
LOC111127464,0.169724738845377
LOC111108217,-0.791443707714562
LOC111131172,-0.140526290355133
LOC111135597,-0.0960402214778711
LOC111118260,-1.42533043048833
LOC111111826,1.21119523712943
LOC111110897,-0.767390605598292
LOC111110896,3.81129472580775
LOC111134547,0.706133623317701
LOC111109916,2.74906608256223
LOC111102444,-0.0748977709704778
LOC111137239,-0.945754355120031
LOC111136780,-0.521226050485317
LOC111125944,0.870605229314171
LOC111126934,0.115218052274615
LOC111108268,-1.11599018186366
LOC111104472,0.00755837693940345
LOC111120968,3.90182253704122
LOC111130833,-0.338892512325839
LOC111121759,-0.868872187222872
LOC111101438,0.588798180499401
LOC111120568,-0.785514402837166
LOC111101037,0.38352221743561
LOC111120364,-0.75387984111945
LOC111105277,-0.57903606738333
LOC111136496,0.250411660248907
LOC111136566,0.641560953654047
LOC111126783,-0.531817847958923
LOC111125332,2.78778883963487
LOC111125305,2.3394513534973
LOC111137727,-0.140986246662549
LOC111119588,-1.38723188313977
LOC111100317,-1.3526258584831
LOC111100293,0.174105791262041
LOC111129877,-0.153965468383257
LOC111120385,-3.828767056089
LOC111123033,0.250159416679529
LOC111129461,1.22026257264947
LOC111102004,-0.843801235086813
LOC111109272,-0.36775687538275
LOC111107258,5.24558773166685
LOC111128846,0.459617448116414
LOC111132870,-0.158179220437358
LOC111127368,-1.73283376618711
LOC111111098,-3.59926876829376
LOC111099106,0.697997717911596
LOC111138365,-0.612888510963235
LOC111100022,0.213983268561334
LOC111103656,0.790039839208722
LOC111116830,1.10652436666023
LOC111136802,-0.800797499355403
LOC111123472,0.867403575982284
LOC111117974,0.167286135788947
LOC111129286,-1.08851424553278
LOC111109747,0.294587191135922
LOC111121369,0.964697733737823
LOC111131845,1.00494565809629
LOC111123951,-0.785921687906843
LOC111106107,-1.18975946645411
LOC111126969,0.0467391231907249
LOC111099537,-0.592334518410048
LOC111121107,-0.171633234247031
LOC111111396,0.277389108833403
LOC111110743,4.6150162244851
LOC111127379,1.25162551611554
LOC111120754,0.362482540646305
LOC111136870,0.312891155661143
LOC111112890,0.11057789068189
LOC111130876,-0.270471019650156
LOC111120103,-2.26784410917566
LOC111102233,-0.0823480571507382
LOC111131333,-0.940062256889193
LOC111099132,0.608404676543665
LOC111121418,0.164043129884044
LOC111105788,-0.792094896181203
LOC111122396,-0.0709615686013837
LOC111125708,0.0842812592862827
LOC111112581,0.13489079789629
LOC111118096,0.199955337494605
LOC111133745,0.272302069652129
LOC111107500,-0.19150607504827
LOC111113359,-1.01163329089356
LOC111121998,-1.03612327203616
LOC111127782,1.42027396141463
LOC111116733,-0.749294650811824
LOC111129586,-0.765173400004628
LOC111102357,-0.432399015699004
LOC111120947,0.196323646618402
LOC111136855,0.654892540765861
LOC111136190,0.184811444958443
LOC111132055,2.72393746002662
LOC111099469,0.258193268729645
LOC111126361,1.36063017680998
LOC111134391,0.252058043367922
LOC111105409,-1.09330555880506
LOC111135538,0.436543947477998
LOC111136503,-0.192233961616888
LOC111135822,-0.623910798782261
LOC111102310,0.364722562522452
LOC111128292,-2.22086423428977
LOC111135245,-1.01566917128164
LOC111135489,-0.0392725596764374
LOC111108591,0.774083325690512
LOC111124986,-0.660474009192714
LOC111105839,-2.47439021607592
LOC111134760,-0.468927532232161
LOC111130587,2.59639658954574
LOC111105703,-2.57212166037361
LOC111135878,0.146773917761395
LOC111128590,0.067145622019404
LOC111138128,-0.195338513820852
LOC111125156,-0.310259071151299
LOC111122911,-1.40444004961321
LOC111111227,-0.599314476536361
LOC111132133,-0.480648100060371
LOC111109938,0.737661973813976
LOC111113428,0.318998591606482
LOC111123133,0.681299626707315
LOC111131516,-0.107793226832872
LOC111112989,-0.26449511640018
LOC111102626,0.00756115891579716
LOC111136607,-0.00616167478025706
LOC111132061,-0.982663365562426
LOC111128634,1.96061167659585
LOC111127032,-0.0500735047781678
LOC111099740,0.0260007015286459
LOC111136034,-0.37262628139494
LOC111104852,0.329618829479591
LOC111108704,-0.298656732195522
LOC111124169,-2.14310541914473
LOC111111675,-0.917627833850845
LOC111129607,0.0223109500132706
LOC111130094,-0.426407348562241
LOC111120702,-0.764930054493273
LOC111115774,0.00756115891579716
LOC111131317,-1.09280307210505
LOC111116941,-2.19559172983922
LOC111112177,-1.65436185198108
LOC111100910,0.93409028465826
LOC111123584,0.0976348659910587
LOC111126296,-0.00855861845774271
LOC111136075,-0.418797705135406
LOC111125866,-2.45260005195089
LOC111118079,-0.447652505094586
LOC111136677,1.79654657343197
LOC111131498,-0.0293879143162429
LOC111109133,0.0632022045523781
LOC111102459,0.198016375955579
LOC111107287,0.211144245221256
LOC111111564,1.04221416907934
LOC111110323,0.595154522971945
LOC111116750,0.775574241637551
LOC111129613,-0.790865750062205
LOC111128979,-2.12570860608029
LOC111127601,1.19384189178238
LOC111113505,0.45005054088174
LOC111109296,0.590089940101806
LOC111104713,0.252758715088961
LOC111127781,0.368402506975222
LOC111118876,-0.344813526341971
LOC111110116,0.126702407124002
LOC111127274,0.820075897470623
LOC111125952,-0.60736409667098
LOC111123047,-0.274422529487952
LOC111135992,-0.7277042823181
LOC111119180,-1.71935522714565
LOC111125671,0.605315550787471
LOC111134957,0.245712504001002
LOC111125340,-0.361752943735687
LOC111099628,-0.0807946261892406
LOC111121671,-0.491931988296197
LOC111110187,1.1499328651602
LOC111126243,-1.13252987060166
LOC111122070,-2.19737394941658
LOC111102039,-1.00057183344096
LOC111134786,3.10555635519972
LOC111106934,-0.399992721733988
LOC111126869,0.0600627494593998
LOC111125179,0.639312122178561
LOC111129522,-0.628371007883175
LOC111138232,-1.07102632118777
LOC111128572,1.97804179974451
LOC111126995,0.24056086417449
LOC111121905,0.559468682368469
LOC111132131,-0.471112163199918
LOC111135420,-0.114519705722042
LOC111111446,0.752868108786726
LOC111136327,0.159503229182769
LOC111132314,2.0234033354302
LOC111131569,0.223914779754746
LOC111112558,0.73400843765623
LOC111127744,-1.2118238151305
LOC111135152,0.541103009526936
LOC111126263,-0.0916487002310367
LOC111122121,2.59157407685446
LOC111132872,-2.29382756015022
LOC111110122,-0.0805063501468409
LOC111122130,-0.741349485297704
LOC111125348,0.704053801326693
LOC111133995,-2.42089306165976
LOC111130593,0.171229277924292
LOC111116616,-0.0477724067848716
LOC111118209,-0.347993476705465
LOC111108570,0.576394297753056
LOC111122015,0.839946273269629
LOC111101378,-1.54878833848059
LOC111123479,-1.55412418913485
LOC111122291,2.16046566175928
LOC111114914,-0.132382460947576
LOC111122817,-2.62041644120371
LOC111115823,0.744097721325651
LOC111135862,1.12336529578839
LOC111129747,-0.072402027240913
LOC111132298,0.583237992651163
LOC111132672,-1.20827762390355
LOC111100068,1.2834489051703
LOC111116457,-0.717480638112985
LOC111122500,-0.628100615103972
LOC111135056,0.401132806130348
LOC111099176,-0.167177337068297
LOC111129879,0.288095128490615
LOC111138137,1.57471150794718
LOC111135620,3.03685327018717
LOC111106083,-0.0245936326553729
LOC111109976,-0.67068505756635
LOC111104376,1.22607168963549
LOC111130951,-1.34883721300411
LOC111117425,-0.694627323768218
LOC111136585,-1.00102964401109
LOC111120034,-2.77875977330459
LOC111118393,0.59670242745376
LOC111137550,0.164514152826756
LOC111133398,3.58984431478347
LOC111128921,4.67540869263738
LOC111137940,0.90443713876932
LOC111104294,0.219763584969313
LOC111127106,-0.989836061642125
LOC111120234,0.505394960670395
LOC111106009,-0.504151207746295
LOC111108683,0.214042071631321
LOC111134553,-0.298901880102632
LOC111119281,0.0907187112427562
LOC111124745,-0.0864135560704231
LOC111099054,-0.607615323622602
LOC111107463,-0.156866186890331
LOC111135695,1.86441393789379
LOC111136109,-1.42690758180778
LOC111105531,2.41049184226927
LOC111121219,-0.0756888153772917
LOC111113371,-0.36391559785281
LOC111121699,-0.371750480697895
LOC111123816,4.3006068193903
LOC111125622,0.126660035609307
LOC111121109,-0.903404862280675
LOC111121032,-1.86000903597767
LOC111136442,0.127847733172306
LOC111119114,0.988578658567489
LOC111099450,0.569065542717776
LOC111125322,-0.583034429106387
LOC111118333,1.14357309067183
LOC111120474,-0.0834090664077158
LOC111114579,-1.24728594515618
LOC111130676,0.478898619882346
LOC111103835,5.4795327628876
LOC111111679,-0.0207911456888609
LOC111117374,-0.494090553949531
LOC111110146,-0.735963399862432
LOC111124622,-1.64893974702008
LOC111103491,0.748090880939336
LOC111103493,-0.19721050000392
LOC111103492,-1.40059939363772
LOC111134781,1.45238652588011
LOC111117525,-0.329989503735563
LOC111135887,2.01411974014381
LOC111106298,5.64675705113421
LOC111132045,0.553034924666037
LOC111134529,0.611912989726206
LOC111137257,1.31275628620796
LOC111107425,-1.08280875357271
LOC111138405,-1.03849055982509
LOC111112794,1.34676342038172
LOC111127820,0.766814360350714
LOC111106466,-0.757195011395589
LOC111115395,1.48182534202444
LOC111105741,0.672056471837703
LOC111104799,0.446885394632047
LOC111135719,0.39056037732684
LOC111109835,-0.786234936976081
LOC111127219,-0.143530646884483
LOC111110371,-0.696042189582242
LOC111131243,0.472863899570316
LOC111117767,-0.735071324758017
LOC111101387,0.146099735766704
LOC111109778,1.23129470726324
LOC111121320,-0.226689208146856
LOC111108597,-1.54782791491931
LOC111137068,0.645667260765809
LOC111126521,1.34491467668078
LOC111133276,1.30163217780333
LOC111131034,-0.537649867523699
LOC111135929,-0.124795798767378
LOC111136297,-1.14568646969394
LOC111118680,0.934931792773926
LOC111111615,-0.151998375333408
LOC111117869,-0.395202459990191
LOC111104002,-1.45259245734936
LOC111127759,2.74039328208344
LOC111111511,-3.6405770651712
LOC111127880,-1.20508116320885
LOC111103018,0.447654749430278
LOC111132518,0.368403832788199
LOC111100604,-0.444540671581008
LOC111138104,-1.08232870938951
LOC111111562,0.654859752833239
LOC111116950,-0.0175220920409421
LOC111112593,-0.561634431194437
LOC111114553,-0.806667061989462
LOC111121848,-9.08186560048453
LOC111125451,-0.101655683650864
LOC111121879,-1.08348978663289
LOC111119875,-0.373033874571436
LOC111122643,0.0208755838388722
LOC111116715,0.895616688104093
LOC111133983,1.09892273045446
LOC111130350,-0.848857293051981
LOC111127772,3.40037097663791
LOC111110292,0.355413776276341
LOC111126545,1.72964567694075
LOC111133349,0.115626441910438
LOC111126295,3.10244231371488
LOC111125409,0.56892855497693
LOC111129903,-0.991742100981783
LOC111138521,-2.3691040209785
LOC111135993,0.48747662018952
LOC111111733,0.970341186032951
LOC111136602,-2.00936826148435
LOC111106292,-0.123593165491275
LOC111109716,1.79606953741543
LOC111125412,0.0420770252323576
LOC111136288,-0.00601541944130225
LOC111131170,0.133879560815727
LOC111134917,-0.424519282976574
LOC111111233,0.277389108833403
LOC111126109,-1.56338747930445
LOC111130129,0.0337461671423405
LOC111116382,-0.311780716399585
LOC111133224,-3.5110120566982
LOC111137772,-1.94265677660057
LOC111130282,-0.273096505540101
LOC111128280,0.122893410652656
LOC111114642,-3.03103319558767
LOC111114460,-0.0417395021240589
LOC111108679,-0.816249003181295
LOC111129838,0.0953721615559669
LOC111109825,-0.199323446502701
LOC111118722,0.821137820255175
LOC111127816,0.77115787553651
LOC111137195,-0.901809575591943
LOC111104655,2.49051042642928
LOC111107892,-0.0458020818613322
LOC111121666,-1.39487498791178
LOC111128215,-0.018582782165857
LOC111122899,0.148813693664025
LOC111128728,0.406456130664542
LOC111128727,-0.295963876480057
LOC111121233,0.886265273362153
LOC111099825,-0.181130734760363
LOC111138224,1.40468387579264
LOC111120998,-0.942889698519555
LOC111121244,0.719918246811498
LOC111100899,-0.159601082181543
LOC111128893,-1.80515586877807
LOC111134394,-0.348643665582337
LOC111124941,-0.88296913333748
LOC111100509,0.0595556486466355
LOC111124643,-1.527863321933
LOC111106261,-0.00743648067620423
LOC111121538,0.688562811564431
LOC111110070,-0.137302253043847
LOC111121866,0.560290997157202
LOC111138247,-1.82673055304105
LOC111103629,-1.44122329041235
LOC111128860,-0.884191824844691
LOC111128026,0.0377973347604043
LOC111109878,-0.222065228476046
LOC111126507,-0.175154607553705
LOC111136478,0.489228376293979
LOC111103048,-0.388441512151366
LOC111131602,0.544347776787037
LOC111134682,-0.0993791324019902
LOC111136671,-0.376283135258034
LOC111101410,-1.11111477133703
LOC111122306,1.61934013525367
LOC111100904,-0.0855482886979054
LOC111130697,0.353370137810472
LOC111107996,0.88719987814077
LOC111104451,-0.402241942921773
LOC111118124,-0.640213496558897
LOC111134620,1.17786063795045
LOC111113911,-0.494089517540378
LOC111106523,-0.903733858509127
LOC111134100,0.681112891874274
LOC111104644,-1.34671111383731
LOC111132623,-0.468927532232161
LOC111107106,-1.02525078489742
LOC111127249,0.00755809279665843
LOC111103561,1.17231408112686
LOC111133718,-0.0286165505647197
LOC111126760,-0.0279695193230018
LOC111129317,-0.263956539218937
LOC111131411,-2.94036264778648
LOC111114528,0.522975408590996
LOC111129143,-2.06508104081496
LOC111125826,-0.46865755174635
LOC111132032,-1.33368585064212
LOC111135345,-0.534832926193583
LOC111136106,-0.256089867073888
LOC111127860,-0.46760820078226
LOC111135886,-1.52067645771001
LOC111131070,0.0600391743540638
LOC111117038,0.35001671528596
LOC111122995,0.24554398260639
LOC111128398,-0.633012514153542
LOC111101773,1.70534866199826
LOC111115745,3.07495443290409
LOC111130343,0.0652935444199198
LOC111126463,1.5422209089692
LOC111123208,-1.11741399875924
LOC111113420,-0.866167437971405
LOC111126304,-1.09432800380775
LOC111106092,0.283161565274716
LOC111119080,0.212321304038349
LOC111132884,0.390847762288553
LOC111118786,-0.540909314913502
LOC111128472,0.719110371303987
LOC111113358,0.301318688087838
LOC111128246,0.793743486649666
LOC111119845,2.10223787920269
LOC111107184,0.0288743128457853
LOC111121161,0.0558429607138283
LOC111130622,6.11294097788291
LOC111119785,-0.03307839603383
LOC111125596,2.10523082285575
LOC111129605,0.801834243400662
LOC111133363,-1.37337223421643
LOC111119251,0.206439233840139
LOC111102249,1.06220223267874
LOC111104122,2.47021884081153
LOC111128336,-0.363625082808551
LOC111110811,0.813604052707832
LOC111100339,0.860805176364913
LOC111110395,0.146796942774479
LOC111136170,-0.490604738283668
LOC111138121,1.48930806158349
LOC111138219,0.955576738885166
LOC111134199,4.15578249497956
LOC111137277,-0.733020453845613
LOC111131849,0.432224729589688
LOC111106432,-0.899744636823103
LOC111126865,-0.317048204544732
LOC111101459,0.782566306823005
LOC111124768,-0.670275388000519
LOC111125741,0.518151948339818
LOC111104055,-0.543476783872286
LOC111124472,-0.0949132901447198
LOC111128805,0.0673424687030929
LOC111106668,-0.58803119500821
LOC111127143,-0.271454632570828
LOC111113698,-1.20850174503863
LOC111136956,-0.201821168896882
LOC111112362,-0.236718822618917
LOC111136290,-0.297243327782439
LOC111134522,-0.784577179999585
LOC111134521,0.873343655295966
LOC111129702,-0.0224358527035841
LOC111108135,-0.819586555748802
LOC111113846,-0.623103403180621
LOC111121480,-0.583372169693888
LOC111100944,1.01430784141705
LOC111100673,0.856281611324255
LOC111131229,1.06493092676783
LOC111103434,0.886759331708966
LOC111118904,-0.721637424785031
LOC111100937,-1.43653104503103
LOC111112496,2.52090114196377
LOC111136215,-1.29104192372099
LOC111135153,-0.528597142366997
LOC111124316,1.83921884379635
LOC111128802,-0.353456874666625
LOC111135010,0.539429576401241
LOC111100518,-0.67068505756635
LOC111113162,0.767593497245293
LOC111131763,-5.16931661918858
LOC111126465,2.24655090750457
LOC111118388,0.00756202628171228
LOC111104172,-0.607615323622602
LOC111124265,-2.17496403606492
LOC111124679,0.717816202436914
LOC111135279,2.88889184978608
LOC111135873,0.27738316668361
LOC111127173,0.0450370717641003
LOC111123032,0.840355777672002
LOC111132991,0.758897808098405
LOC111122366,1.35265026490713
LOC111137218,1.07122246042032
LOC111133779,0.218899087432228
LOC111099589,-3.97254097733255
LOC111118842,-0.0326798287361511
LOC111119240,1.96390058178231
LOC111126737,-0.570771358201536
LOC111134127,1.64548399646476
LOC111104586,-0.881481338393564
LOC111134928,-0.313558630727457
LOC111112599,3.0998733621164
LOC111136279,1.88447227740852
LOC111115695,0.111953128394313
LOC111107088,-0.692099252519736
LOC111125576,1.58938768560001
LOC111127864,-0.219332267755472
LOC111137238,-1.12996644803683
LOC111111471,-1.65071162337809
LOC111111397,2.69551181133221
LOC111126136,0.263649914279754
LOC111124649,3.25993029146065
LOC111120783,0.131550610660072
LOC111125779,0.447594244040553
LOC111136990,0.328938736778829
LOC111122696,3.19783060141887
LOC111104722,0.619916581719195
LOC111123378,2.31276679001502
LOC111119368,0.929259112134218
LOC111104440,-0.914359996053905
LOC111112851,0.659867625718525
LOC111108025,-0.134455752302673
LOC111133943,-1.19731687363942
LOC111137702,-1.67141855106177
LOC111132914,-1.34108922227448
LOC111110135,1.57568160649966
LOC111136144,1.26563228174835
LOC111130251,0.797581243545786
LOC111134866,0.619916581719195
LOC111101289,0.00756073904779393
LOC111137746,-0.591100422784642
LOC111108335,0.364722562522452
LOC111104075,-0.402017718447662
LOC111116204,0.0285980803249324
LOC111102001,1.64428581093609
LOC111131342,0.491911687116286
LOC111107268,0.627719075414103
LOC111128350,0.889632806701029
LOC111112905,0.202506025156944
LOC111102742,-0.324634539568719
LOC111126893,-2.32541493508405
LOC111102518,0.0266033049896106
LOC111118756,-0.389041304715487
LOC111115360,0.00756082877064291
LOC111115269,2.89586452469506
LOC111119734,-0.751920003010119
LOC111126785,1.49927891632588
LOC111126186,-0.35703721537165
LOC111102393,-1.87605097646314
LOC111122210,0.184159738212899
LOC111124227,0.979322112694113
LOC111136143,-0.364833307842509
LOC111105437,-0.593780967374194
LOC111131506,0.993682306842756
LOC111112987,-2.02831720705553
LOC111113067,0.00756012046118915
LOC111129189,-5.12181178105122
LOC111132944,-0.449312048932453
LOC111118086,0.271199142865508
LOC111099097,-1.06006454306684
LOC111113134,0.0264348501667141
LOC111111969,-1.03662242236063
LOC111120932,0.128846435334248
LOC111107300,-0.522027161075097
LOC111123848,-1.15580867634821
LOC111117565,-1.80793702303598
LOC111127008,-0.399212578947085
LOC111127570,-2.0400840995734
LOC111132432,-1.68950905122917
LOC111135618,0.658750579561451
LOC111118500,0.288804949897885
LOC111129078,0.4945115765718
LOC111136381,-7.79295105734976
LOC111127662,-0.00190065082123692
LOC111126548,-0.227662213502666
LOC111133878,-0.131681518738481
LOC111119953,-0.848408034654299
LOC111130005,1.14215924821569
LOC111112602,1.03929241215391
LOC111130208,-0.016608002576719
LOC111119837,0.597842206436359
LOC111125713,1.09276040378372
LOC111102756,-0.47709181872489
LOC111136624,0.449750328841805
LOC111101802,1.21936851781409
LOC111121884,-0.425562949767903
LOC111111104,0.0464837578061609
LOC111130604,-0.679692127683349
LOC111111337,0.457637898099454
LOC111137192,-0.0163586972068762
LOC111126607,1.59551362065911
LOC111099995,0.120003418552052
LOC111114090,0.65859339489057
LOC111120801,-1.62505695949645
LOC111104671,0.0736141110788354
LOC111118045,0.884690299700972
LOC111136391,3.08335408637171
LOC111134286,1.59598596022726
LOC111120118,5.8949120895121
LOC111121732,-0.72810888358024
LOC111126510,-2.18212672760829
LOC111133429,0.490535400979675
LOC111123303,-1.24524140070097
LOC111124136,-0.574334853255141
LOC111101673,-0.88483495110933
LOC111120781,2.51582098066983
LOC111113612,0.610203734754677
LOC111119491,0.386063458075353
LOC111102881,2.08837604464483
LOC111102892,-0.25447854277428
LOC111106252,-0.0451194372408861
LOC111131221,0.305780417956219
LOC111113635,-0.227965400965372
LOC111127294,-0.743726299144604
LOC111115771,0.220880694876017
LOC111104872,0.936244084453975
LOC111112095,-0.241406639409445
LOC111129745,0.4394513936327
LOC111131192,0.0848636524759195
LOC111119202,-0.794100845924523
LOC111117733,-0.372825879362118
LOC111131022,-0.326751745011732
LOC111132626,2.0338799833847
LOC111103253,-0.184671409915291
LOC111107611,1.59413885856282
LOC111125315,-0.509971461974003
LOC111120684,-0.103704056480563
LOC111119647,-0.0621217096287023
LOC111112873,-1.31892395799495
LOC111102761,-0.868364200854494
LOC111123758,1.03486842712196
LOC111137671,-0.530455573578543
LOC111128011,-0.99083757156739
LOC111134737,0.576166479031028
LOC111109098,-0.385664582698995
LOC111121057,0.419191353802523
LOC111128650,1.26561535177499
LOC111119222,0.470712279400158
LOC111105075,-0.256097588708333
LOC111115692,0.724282016972025
LOC111106153,0.00755891725241868
LOC111099894,-0.657681259645926
LOC111100364,0.400660280089701
LOC111103851,0.0689249618330071
LOC111122800,-0.670694635297457
LOC111130498,-0.208411095275678
LOC111101385,-0.148461377579617
LOC111124596,-0.337579490489714
LOC111126406,0.7666694746069
LOC111126824,0.0900998991698677
LOC111113272,-2.95643194369152
LOC111135728,0.192186089628072
LOC111128988,-3.72323699416485
LOC111121562,-0.0423374518470039
LOC111135017,1.30285252474643
LOC111126838,-0.199839739318282
LOC111121626,-2.77259817420692
LOC111114951,0.381894422661996
LOC111119850,0.764520837461493
LOC111122895,-0.322526259639747
LOC111126214,0.00953199705350943
LOC111114644,1.74414355955789
LOC111135498,-3.66192746979918
LOC111122429,0.296720176030598
LOC111128531,-0.0348945523474547
LOC111115111,-1.18604197013921
LOC111116984,0.204091100593303
LOC111130255,-0.762308673339153
LOC111118563,0.845847499926971
LOC111125236,0.686981271426984
LOC111106360,-0.223789759385538
LOC111118375,0.539431752735294
LOC111102383,-3.47511780115153
LOC111130084,0.659867625718525
LOC111127660,0.007560126265765
LOC111102980,0.179763232167784
LOC111129039,0.553197297961612
LOC111133590,-1.47550965303209
LOC111107422,-0.43535538003065
LOC111129829,0.0670259908541679
LOC111111815,-1.92148105630625
LOC111129669,0.00755854316852314
LOC111106512,0.715222030180925
LOC111119540,-0.219732321852757
LOC111132366,-1.08097439404233
LOC111106451,-0.279255798854649
LOC111119687,-0.427259175370341
LOC111131244,-0.214945462810734
LOC111135845,0.730412004667209
LOC111120939,-0.483425306101552
LOC111106659,-0.711786072803855
LOC111112779,-0.0618196251106387
LOC111112541,-1.24913022739669
LOC111108768,0.920226119242515
LOC111138066,0.114621035099158
LOC111122175,0.436597033382423
LOC111133482,0.109870721074918
LOC111125546,0.825741690941822
LOC111119274,0.692857261528365
LOC111131611,-7.9833007661892
LOC111135361,-0.0435170098501257
LOC111138031,-0.913126636507341
LOC111125063,-1.61948271480495
LOC111108341,-0.492830527321306
LOC111127655,0.475303752899864
LOC111116162,-1.96913427122272
LOC111104498,1.01365643084768
LOC111134445,-0.135068893327925
LOC111128623,1.55806106867065
LOC111102958,-0.0300885820007427
LOC111133086,1.13185012028862
LOC111131488,1.36165205973479
LOC111126261,-0.388519542006706
LOC111104246,-0.0148121254617067
LOC111118835,0.638831050637577
LOC111114489,0.565596851827396
LOC111112650,-0.445553692174656
LOC111136397,-0.342224334691542
LOC111116929,0.00756115891579716
LOC111138403,-2.65168161014648
LOC111102711,0.110800669586836
LOC111123690,0.0181391374225014
LOC111127398,1.4200322396957
LOC111129352,-2.27828143232895
LOC111130920,-0.196585728206391
LOC111125138,0.262545878046453
LOC111108515,-0.499657119238086
LOC111123031,-1.60822526823076
LOC111117417,1.7179555438812
LOC111104097,3.18757913653521
LOC111109471,1.24441844720128
LOC111121564,0.315874753094167
LOC111118567,1.36368510293208
LOC111134034,1.05382834700087
LOC111104278,0.113058576827818
LOC111138362,0.189199317974225
LOC111115540,-0.534804367098909
LOC111136459,-0.537136558162145
LOC111135899,0.0412234402170482
LOC111130148,0.233844496079619
LOC111105503,0.72875002436377
LOC111120689,1.0382977865638
LOC111131166,-0.36450183166696
LOC111135709,3.13901162251765
LOC111122898,-0.324634539568719
LOC111126091,-2.68427970595031
LOC111135271,-0.587929437488938
LOC111099553,0.0918148215932906
LOC111123132,0.793305532672171
LOC111103279,0.225197213959352
LOC111136757,0.557511085412917
LOC111121498,-1.12792885150899
LOC111122980,2.86935255463313
LOC111137756,-2.28477668736813
LOC111101409,-0.315081364670983
LOC111124644,-0.384455525073702
LOC111129249,-0.258810130476195
LOC111104659,-0.390207137048575
LOC111109436,-0.682394327773848
LOC111129498,-0.0230523046087241
LOC111105892,0.303606083461607
LOC111101855,-1.22316087482483
LOC111103653,0.333002447116777
LOC111129239,0.17378794133572
LOC111118136,-0.202128754563866
LOC111104110,1.49090246887807
LOC111118746,-0.0170487825709944
LOC111102890,-0.257703331629831
LOC111137602,-0.162363597763013
LOC111125019,0.0619885490494397
LOC111114592,-0.427830928127292
LOC111109660,1.13106582390924
LOC111103579,-1.20200141774315
LOC111105485,-0.750221091441052
LOC111104275,-0.135001164694782
LOC111138307,3.54848125387865
LOC111109783,-0.947177282792576
LOC111112664,-0.339782143828608
LOC111103545,0.279602727104071
LOC111122380,-0.178384202063953
LOC111120800,-0.723131799480958
LOC111109014,0.759385980401071
LOC111107307,0.317148243388415
LOC111129593,-0.916741252237868
LOC111129512,1.00636153090858
LOC111133851,0.611791586143445
LOC111130126,-0.373093582688561
LOC111120530,1.29660045151793
LOC111134458,-0.298598502813401
LOC111110601,-0.0210076083069066
LOC111112027,-1.33813132073628
LOC111121601,1.74791029424181
LOC111111058,-0.452459712815979
LOC111135976,0.643023223480325
LOC111116610,0.619895522806494
LOC111129428,0.267297690459697
LOC111125385,0.687443643393327
LOC111129632,0.79919246353436
LOC111116614,0.00755934248507218
LOC111130831,-0.871108477057474
LOC111131631,-0.312800282052306
LOC111133075,0.571416006558718
LOC111136005,0.0219256735635356
LOC111109769,-0.368643408074685
LOC111121594,0.0211088411036574
LOC111108493,0.172625628685525
LOC111127725,-1.26812387291072
LOC111131056,2.3904864099874
LOC111107927,-0.876995845578166
Trnad-guc,-0.234465033167849
LOC111138203,0.448925754641459
LOC111123276,-0.748615609032596
LOC111138051,0.340725701988972
LOC111135648,-0.129238209617523
LOC111102921,-0.856270026677547
LOC111101174,-0.866167437971405
LOC111134306,-0.200261161200828
LOC111134074,-0.310130982147104
LOC111136949,1.07335815036409
LOC111136941,-1.05743913993228
LOC111123813,-1.61896058901884
LOC111125068,-1.46946533142232
LOC111136251,3.22384705962163
LOC111108497,0.00755958487367869
LOC111115444,-0.334849136094903
LOC111136727,-1.56321215497085
LOC111136036,-0.928896228301807
LOC111136313,2.60999229440714
LOC111115213,0.862658743423224
LOC111126207,-1.29339908340078
LOC111137963,0.186599178829807
LOC111119089,-2.25542396986563
LOC111134809,1.26667266739433
LOC111109392,-0.0191996333992699
LOC111101715,0.0075604075818945
LOC111109181,0.626536001791181
LOC111129883,0.393376475028991
LOC111105754,0.293091788848683
LOC111135095,-0.0120620146402315
LOC111130467,0.0985377113875488
LOC111132855,-0.0395590527325992
LOC111109748,0.731831505340176
LOC111137561,-0.394558454618894
LOC111101190,-0.321544681842291
LOC111114722,0.994788632265552
LOC111112101,-0.0130029551049035
LOC111118126,-1.95103576903157
LOC111105578,2.11011093050287
LOC111107021,-0.0985030582399002
LOC111129469,-0.651540473826774
LOC111130228,0.18451525330427
LOC111102070,-0.161694479883088
LOC111099443,-0.129922309785686
LOC111110856,0.0684045323184491
LOC111120603,0.555796514481891
LOC111127138,0.296784555663971
LOC111128801,-0.877388619328607
LOC111123579,0.0651223116292174
LOC111101867,3.57127259565226
LOC111121319,-1.18324959423205
LOC111114918,0.874660163101811
LOC111135631,0.836142830170401
LOC111136654,0.0720830261363834
LOC111111907,0.234925714833448
LOC111103598,-1.22330139142879
LOC111115539,1.690450164355
LOC111125806,-0.510128187338926
LOC111116617,-0.283826648690799
LOC111104325,0.547782104375957
LOC111134005,1.15479719500042
LOC111130903,0.00084991937013856
LOC111120785,0.661059334309625
LOC111118304,1.89918349791514
LOC111115894,-0.214356065184696
LOC111109418,-0.0737931601616955
LOC111136595,0.631084340166284
LOC111120949,-0.912147418683876
LOC111113090,0.277389108833403
LOC111112751,1.46813501334204
LOC111121878,-2.24539381899945
LOC111106282,1.69840279626704
LOC111108513,-0.335844872745291
LOC111122830,0.296639625311949
LOC111099147,1.51147464518737
LOC111125281,4.23878950867123
LOC111110793,1.31688945643413
LOC111131580,0.0396085682143782
LOC111136789,-1.17397359448345
LOC111106044,0.202507246864439
LOC111126265,-3.93394514942228
LOC111129346,-0.0241250015805165
LOC111114230,0.255721117912199
LOC111100796,-4.27061585812909
LOC111135935,1.31247207039568
LOC111136561,-0.107953735308018
LOC111124619,-1.06820209223922
LOC111121182,-0.44406971774621
LOC111133413,0.669189874478411
LOC111126244,0.26390814703659
LOC111136298,0.31446102365758
LOC111127959,-0.97791391178503
LOC111118776,0.930437562159597
LOC111127263,1.9926206486688
LOC111106522,0.00755958487367869
LOC111126213,0.626526650413851
LOC111127458,-0.767380219715797
LOC111117529,-0.318240835501303
LOC111111748,0.00755919442611839
LOC111122003,0.533193277805315
LOC111129969,-0.229205696901954
LOC111102243,-0.0313110126053344
LOC111109727,-0.645836587848533
LOC111128678,-1.09047643293969
LOC111121899,-0.834030336311809
LOC111102167,0.0114025401907197
LOC111104132,0.369619674932448
LOC111136481,0.0467712367593613
LOC111115113,-0.383454037569966
LOC111120015,0.073731272614514
LOC111130981,0.229176077935077
LOC111121134,-0.738198598561267
LOC111109743,0.833593832335788
LOC111122589,0.029487530235501
LOC111121111,0.242111227346514
LOC111112071,0.26925601574581
LOC111121000,1.84478815803738
LOC111133063,-0.0171250773120531
LOC111100958,0.718170856557316
LOC111119103,-0.995070321650564
LOC111128780,-0.457534450666799
LOC111112685,0.0443565943664237
LOC111136013,2.10818215701625
LOC111103074,0.731592649265331
LOC111103076,-0.64976343552691
LOC111129116,-0.438829745595069
LOC111138036,-0.817442690097391
LOC111106987,-0.533607703636602
LOC111108723,-0.594158726635335
LOC111107947,-0.787716827611167
LOC111136558,1.07600924304053
LOC111104085,-0.0129063080339845
LOC111130436,0.383651549768666
LOC111104021,5.74259268314501
LOC111118325,3.03593933322084
LOC111138248,0.00756115891579716
LOC111134435,0.669005169741846
LOC111128471,1.28832707200743
LOC111136762,-0.528478260769412
LOC111124833,2.07732685310023
LOC111127232,-0.664036116171342
LOC111101420,-0.515423456117226
LOC111122097,-0.871385709991301
LOC111129048,1.7809258441259
LOC111114865,1.37931926136421
LOC111114655,-0.31047839747577
LOC111118157,-0.761534765929479
LOC111115424,-0.0555288185787688
LOC111129946,-0.204561889365538
LOC111130553,0.0278635942282894
LOC111117044,-0.97390124870895
LOC111104390,0.304440565451496
LOC111136775,-0.350679249971782
LOC111124884,-0.91092005784493
LOC111114966,0.397795157684317
LOC111116015,-0.0521297978962807
LOC111106719,0.0274505473763605
LOC111126648,0.175651591596422
LOC111121160,0.567634520210618
LOC111133641,-0.231673906518819
LOC111105103,0.0267354072485409
LOC111130509,1.91417776623027
LOC111127540,-0.873965850403623
LOC111099604,0.486672441774881
LOC111132804,-0.79865200303167
LOC111133030,0.133871578274133
LOC111129610,-1.36774087236526
LOC111121388,2.762534708913
LOC111125389,0.72357672801764
LOC111109470,-0.532593985087646
LOC111129971,-0.891419762814118
LOC111115259,-1.61464663344017
LOC111106016,-0.109460595933928
LOC111136053,0.944444330708245
LOC111136052,1.22577936826447
LOC111127738,-0.672121942830761
LOC111106545,5.7472747633284
LOC111131759,0.323189048580001
LOC111130882,-1.50249717314542
LOC111137184,-0.171967427483745
LOC111112742,0.218000198850616
LOC111121920,0.154692741266161
LOC111124990,-4.91246951573403
LOC111105548,0.702989219970354
LOC111106770,-0.204043573516303
LOC111137464,-0.122780572696721
LOC111136180,1.00320844394691
LOC111131686,-5.45249028838506
LOC111135492,-0.155801264319856
LOC111129541,0.159977967322765
LOC111126699,2.66722760018738
LOC111135751,2.50005915498744
LOC111100634,0.900044355644568
LOC111106152,-0.699436369535642
LOC111131822,-1.09953551662872
LOC111122166,0.437298359448091
LOC111137371,-0.978327897718955
LOC111117464,1.52760479247371
LOC111119421,-0.539285887253894
LOC111138199,-0.0925915501029874
LOC111135002,-5.43594623319352
LOC111100888,-0.319182614365307
LOC111120609,-0.23783493414922
LOC111125838,7.53221707967601
LOC111121364,-0.458840980438446
LOC111134370,0.212071211983896
LOC111120593,-0.642759990843205
LOC111122957,-0.306726969649549
LOC111101795,-0.0855409033828213
LOC111108696,1.0277120182508
LOC111100329,-0.0493744761163647
LOC111106254,-2.83653909934912
LOC111118392,-0.187046527145875
LOC111106519,0.254560895449971
LOC111123478,1.12662110110618
LOC111119702,0.413930029123372
LOC111101245,-3.39618219342652
LOC111133188,0.781101824798749
LOC111103693,1.21012300714279
LOC111118797,0.613973538663057
LOC111113924,1.7400726194315
LOC111135773,-0.245076630493545
LOC111135975,2.73393600561562
LOC111101788,0.171674063713374
LOC111107775,0.44674119501033
LOC111117753,1.19829028567694
LOC111120020,0.0984466350312804
LOC111128976,-1.44561352298323
LOC111107501,-0.895154894302036
LOC111127288,-0.683530174331506
LOC111100696,0.765873200352104
LOC111122862,-0.58842323568092
LOC111122499,0.982320817094683
LOC111124266,-2.98203078276724
LOC111124330,-0.184671237121932
LOC111121567,-1.16318775353597
LOC111133741,-0.395634764397905
LOC111106072,-0.0624306468150441
LOC111119062,-0.696696110130418
LOC111103430,1.31807631230295
LOC111104383,1.56280179068457
LOC111133144,0.101285680501021
LOC111101338,0.133873002802945
LOC111119877,-0.184672064401948
LOC111102942,0.0358493206830457
LOC111109462,0.54832254653629
LOC111135634,-0.427113146504153
LOC111101134,0.540618563830119
LOC111128297,-0.109932522484429
LOC111127011,0.628198485841854
LOC111111510,1.31641558272143
LOC111119228,-2.71288642997416
LOC111135077,2.44992510320172
LOC111103514,-0.557710844448451
LOC111126060,-3.36519880766876
LOC111122694,0.512848899006484
LOC111128406,1.17999722312391
LOC111133382,1.49685751160144
LOC111100629,0.490501219444481
LOC111131832,1.17435024549088
LOC111114305,0.145057869274676
LOC111115166,0.133871717366053
LOC111120970,-4.15423841158856
LOC111108204,-0.886476789565096
LOC111105129,-0.356697036976312
LOC111134231,0.114080434310005
LOC111122504,1.50118398010756
LOC111115336,-0.378431741406933
LOC111132467,-0.0839904242117245
LOC111131383,-0.0745597325476077
LOC111131294,-0.512922511707289
LOC111120833,-0.9430660168495
LOC111108835,0.153822600108083
LOC111119538,-1.46737167074951
LOC111100138,0.106568390046978
LOC111115620,-0.607615323622602
LOC111111494,-0.96520571294861
LOC111101860,-0.100343685692503
LOC111120981,-0.367093773359565
LOC111107254,-0.0741869047734458
LOC111104020,-6.06100102377982
LOC111101840,0.277381827815331
LOC111129076,0.463915998123959
LOC111099150,-0.407780639021103
LOC111125898,-0.287632685328906
LOC111135757,0.109519468541525
LOC111119718,-0.61672826112287
LOC111107245,-0.255460506766665
LOC111135551,-0.120833057683128
LOC111127078,-0.410035368809436
LOC111123201,-0.84185761991266
LOC111132231,-0.834030336311809
LOC111117749,-1.42297017736756
LOC111127553,-0.816853067128704
LOC111119756,0.852421035528508
LOC111135343,0.804525059291279
LOC111115802,0.542642297617496
LOC111116369,-0.270596384445739
LOC111123296,0.950749693792289
LOC111123565,0.347413167066819
LOC111124511,0.841421204607997
LOC111117759,-0.925402707571257
LOC111134354,-0.0158603601870643
LOC111135565,-0.565431874703488
LOC111109516,0.236922170049386
LOC111105731,0.0192086768718875
LOC111104109,0.238348301443352
LOC111118006,2.5486180758502
LOC111109330,-0.591107166028219
LOC111124019,0.00444296731947183
LOC111104724,0.553197297961612
LOC111119424,-0.926391827768357
LOC111106320,-0.0373763862948969
LOC111120535,0.368411142622489
LOC111136906,-0.379395566206656
LOC111127561,-1.89140526947755
LOC111119620,-1.91209166810286
LOC111107285,0.007560126265765
LOC111112653,0.873426302702632
LOC111120563,0.423931785535716
LOC111125453,-0.0402602588331167
LOC111108185,-3.41068626860238
LOC111121707,0.398614100830938
LOC111105809,1.38043836858281
LOC111104815,0.355413776276341
LOC111130422,0.791534879460286
LOC111125905,-0.396056251953831
LOC111109607,2.35688068855086
LOC111101125,0.00756073904779393
LOC111108908,0.97751897511
LOC111117430,-2.32460623062607
LOC111124887,0.856655235051121
LOC111112207,0.363969209602084
LOC111109639,6.44626950916964
LOC111100920,-0.381845856430906
LOC111104490,2.0695858397704
LOC111123877,-0.100573172346396
LOC111137626,-0.460777088396273
LOC111127304,0.522751992743875
LOC111128725,0.960406959528597
LOC111099080,0.00756202628171228
LOC111103519,1.74005250995206
LOC111134405,1.96381435058524
LOC111126239,-2.70103848003828
LOC111106694,1.29300564733754
LOC111130532,0.752970420261328
LOC111118350,1.59279018686878
LOC111106324,0.951130209505168
LOC111101435,-0.312526349231567
LOC111127276,-0.761117582845412
LOC111138018,0.790031403458099
LOC111128060,-0.00089230722826528
LOC111113037,0.115313234518951
LOC111113220,-0.736324043032337
LOC111135656,0.739528726010603
LOC111129136,-0.111338144167849
LOC111124905,4.22524238894272
LOC111124535,2.8516849910457
LOC111135122,1.5440752137715
LOC111114030,-0.358192517345981
LOC111121351,-0.772791598698739
LOC111134230,-0.866207184910122
LOC111103984,1.05288699486557
LOC111113642,1.02299312028393
LOC111133194,0.771640035738399
LOC111124332,0.816119636084877
LOC111134974,0.496043336615505
LOC111103812,-0.219316150932472
LOC111119429,0.558306864762316
LOC111100257,-0.454964831697952
LOC111129083,2.859003319747
LOC111133401,3.39992893469132
LOC111121087,0.65834127713974
LOC111102889,0.201888862042663
LOC111102560,-0.226012976446208
LOC111125490,-0.644409253130369
LOC111099841,-0.74033604327324
LOC111099677,-0.635272200447627
LOC111135857,-0.775064181469284
LOC111137896,-0.496080876350416
LOC111134120,0.63641288674861
LOC111124890,0.821382249588395
LOC111124891,-0.196902781460291
LOC111133336,-1.08322157268862
LOC111111491,0.00756006428040464
LOC111120718,-0.74780437674515
LOC111120523,0.387710277211762
LOC111116611,0.387422017827662
LOC111104775,2.40087029069527
LOC111128085,0.110245120272342
LOC111113165,-0.699685967201283
LOC111112743,0.690615918055393
LOC111101764,-0.739802534452171
LOC111103569,0.445413517479692
LOC111138293,2.13556750776006
LOC111114283,1.64070730561294
LOC111111582,0.00755934248507218
LOC111111945,2.24404649391241
LOC111131375,-2.01700712496786
LOC111107924,0.489576631284626
LOC111112034,-0.844158831226413
LOC111115085,1.09067358532342
LOC111127358,-0.364913073801177
LOC111099993,0.406456130664542
LOC111127186,0.124909665524092
LOC111114631,1.64783541504915
LOC111137682,-0.687053816215988
LOC111137681,-1.11265062783076
LOC111137680,0.960106855341879
LOC111101432,0.387139363949556
LOC111122577,-1.45846634053679
LOC111101787,0.327431904113653
LOC111107274,0.259946154797732
LOC111103793,-0.491152666657532
LOC111132416,-0.57719133301949
LOC111133324,0.345639400329019
LOC111123875,2.80962926155496
LOC111133517,0.489211285469173
LOC111101552,-0.526762570736808
LOC111115179,-0.550470335633012
LOC111138113,-0.514561339188272
LOC111100835,-1.51697072281706
LOC111138514,0.0276256753263355
LOC111132463,0.32094884716713
LOC111125605,0.254710228254804
LOC111113535,0.282637915209191
LOC111127509,0.465087151759767
LOC111129874,-0.229599490166253
LOC111133045,0.397195687985116
LOC111136403,-1.08604814347237
LOC111130325,-0.569453772546165
LOC111129980,0.00755799053040242
LOC111137022,-1.01811868717444
LOC111125047,-1.06457204272082
LOC111108358,0.529295839383984
LOC111119868,0.23204584941109
LOC111104078,-0.37126128610642
ND6,-0.233616231938358
LOC111128492,-0.338689784809458
LOC111128968,0.333285838549579
LOC111111769,-0.161696707064504
LOC111128400,0.529137638732882
LOC111137229,1.00494565809629
LOC111135225,0.464920246081078
LOC111135252,0.0626949613663754
LOC111120522,0.547982304304662
LOC111102289,0.202766569211743
LOC111123261,-1.13881897940354
LOC111100755,-0.495729065445469
LOC111111136,0.286563849665425
LOC111122054,-0.420443090998981
LOC111130378,0.907339233632565
LOC111129697,-0.938300086561879
LOC111129731,4.12868738096651
LOC111109646,4.27345533034653
LOC111115300,0.170929257251322
LOC111119457,-0.129049101649593
LOC111122739,-0.985012543692004
LOC111105791,0.0393264057410627
LOC111138386,0.459565081857806
LOC111135137,-0.0833677907114276
LOC111137503,0.546830785322034
LOC111112928,-0.114022196707284
LOC111134618,0.224782193182012
LOC111121782,0.007560126265765
LOC111119126,-3.42752640163184
LOC111131655,-0.689690215963841
LOC111125095,0.0275160149082064
LOC111122017,0.832313317011574
LOC111138467,-2.01031545101314
LOC111105227,-0.776175008289156
LOC111131252,-1.38653526422705
LOC111136065,0.389821161574809
LOC111136768,0.219266981701455
LOC111112615,0.0876667856451186
LOC111107119,-0.838958509172322
LOC111124992,0.427380822548968
LOC111136652,0.322183473683859
LOC111130820,2.06892075980671
LOC111101147,-1.52378982223437
LOC111135602,0.483535003541994
LOC111124525,-0.100811950615805
LOC111112226,0.37303040633493
LOC111130179,0.555965183614858
LOC111120472,7.16725554926701
LOC111112253,0.725585282099357
LOC111135945,0.427118532266516
LOC111105312,1.19324806860222
LOC111133798,-0.388170372973664
LOC111129520,-1.47630729763108
LOC111106797,0.00574038903073662
LOC111109396,-0.468927532232161
LOC111112564,1.06963585440434
LOC111116196,0.29141498319999
LOC111125433,1.61633004737863
LOC111101853,-1.21176949591614
LOC111101852,-1.36752550712145
LOC111115921,-0.759531513671064
LOC111117816,-0.0518550249342957
LOC111137790,-0.435597664596244
LOC111130626,-0.6120880314266
LOC111136636,0.0480711244331735
LOC111109931,-1.63879217906905
LOC111135679,0.167520375071492
LOC111101223,-1.27277863790952
LOC111110066,-0.206982332707577
LOC111128402,0.704465087138751
LOC111115381,-0.0463910588461945
LOC111113424,3.81748319158288
LOC111111342,-0.539134048101327
LOC111116060,1.52361462570269
LOC111135476,0.0792497951443326
LOC111128912,1.35338382618504
LOC111134460,1.45918239332414
LOC111128683,-0.236618363977701
LOC111117859,-0.525945764454536
LOC111107050,-0.294940359636232
LOC111138181,-0.160804890292467
LOC111101979,-1.29018486260411
LOC111120763,-0.0743276128264386
LOC111119689,3.72224156202431
LOC111126774,1.6950286417429
LOC111110373,-0.194483951123517
LOC111120104,-2.46016163761673
LOC111133721,-1.02646600701782
LOC111100874,0.190502056426382
LOC111101595,-0.644556802892279
LOC111107722,-0.252170534406862
LOC111129367,-1.03181379937704
LOC111125965,0.018967970145232
LOC111110032,0.282655050854848
LOC111107602,-2.92675848424136
LOC111101946,0.303648391132451
LOC111117866,-0.117720249447691
LOC111118688,-0.0129173213256051
LOC111100838,-0.341455884460076
LOC111110716,0.0407971603801291
LOC111115001,0.391837918542665
LOC111137422,-1.23442264404197
LOC111127922,-0.652130682528148
LOC111124313,0.0715228682162164
LOC111101228,-0.513423976843354
LOC111116883,0.744983541172443
LOC111109700,-0.351178362527785
LOC111136546,0.364255418068764
LOC111132469,-0.0493092121341034
LOC111105504,-0.198570639077406
LOC111118878,0.748177090003131
LOC111112368,-0.256097067484137
LOC111112132,-0.844690530293383
LOC111103594,0.21523974953502
LOC111132299,0.482013742267963
LOC111118341,-0.424848627894675
LOC111127480,0.887002369256891
LOC111104510,0.332767047306834
LOC111103749,-1.2857223895094
LOC111118504,0.721366178644896
LOC111126495,-1.56196370298396
LOC111116647,0.276352111336994
LOC111126560,5.90133339180451
LOC111113309,-0.28080134038534
LOC111133465,0.856440234515958
LOC111131084,0.126496245330364
LOC111112305,0.0276199384507663
LOC111116315,-1.21394697747405
LOC111121164,-1.28981335613313
LOC111108948,-0.405513177150123
LOC111107827,-3.73934078795987
LOC111101569,0.16683101281594
LOC111104964,0.362308268582945
LOC111118323,0.828371881447966
LOC111128089,-0.253571901164253
LOC111130648,1.94409423367349
LOC111108859,-0.948162847446363
LOC111107407,-0.0399540579059408
LOC111102805,0.0483779180555089
LOC111123963,0.02440379861527
LOC111122420,-1.06630315321283
LOC111136901,0.407884748034621
LOC111134359,-2.15767942090312
LOC111112991,-0.431404652138982
LOC111126935,0.163493454698358
LOC111126164,0.0302205251914059
LOC111102563,0.355413776276341
LOC111101205,0.432672496566038
LOC111138287,0.496270747499409
LOC111112185,-1.51161401477374
LOC111121152,0.368411142622489
LOC111115936,0.905358207699371
LOC111100103,-0.777908536155856
LOC111100915,0.560295525429028
LOC111111663,-1.12621352111917
LOC111116825,-0.118481841972078
LOC111127857,0.0814667944692303
LOC111133304,-0.124757557008421
LOC111121202,0.38046979846605
LOC111126918,-0.0333870116481625
LOC111108769,-2.11101759324652
LOC111134037,0.039073446772069
LOC111107548,0.467672242271776
LOC111104147,-1.57679982313439
LOC111131212,-0.128025399927111
LOC111115873,-1.78313025672679
LOC111103312,-2.49869600589931
LOC111106150,-0.468927532232161
LOC111130932,0.309079247509707
LOC111112498,0.605277784978965
LOC111133116,-0.386648218183189
LOC111128654,0.0278932259716077
LOC111135986,-0.597723407974976
LOC111118129,0.602770210995001
LOC111113242,-0.746941304902328
LOC111133061,-0.0696465530583248
LOC111120756,0.638606988288819
LOC111135243,2.3598443436144
LOC111134069,0.125803878919368
LOC111133168,-2.35576633157107
LOC111125926,-0.869422712606123
LOC111121034,0.796468224126442
LOC111099544,0.114323057533039
LOC111132485,-0.290695558562977
LOC111102755,0.519448898465206
LOC111127559,-0.641468628691461
LOC111113964,0.439454761243907
LOC111111017,1.61869485649532
LOC111102009,-0.88296913333748
LOC111123599,0.157538782376878
LOC111124653,-0.532593985087646
LOC111117099,0.278561346879077
LOC111114576,1.55854623087118
LOC111099828,0.263916591775758
LOC111114249,-0.699958502805288
LOC111115801,0.331015375425916
LOC111122412,-0.695385443662896
LOC111124850,0.939864284332002
LOC111124059,1.49477743086427
LOC111126791,0.449949350013111
LOC111123145,1.49247811120117
LOC111104804,-1.53317373545796
LOC111123474,1.66706945846317
LOC111130043,-1.79002134433547
LOC111133782,-0.383178479549527
LOC111128155,-0.284600977965975
LOC111101293,1.58600113248845
LOC111105168,0.483540889106299
LOC111124747,1.35492504236742
LOC111121414,0.154472910432181
LOC111133526,-0.00726686596036019
LOC111100144,0.605952355023894
LOC111135641,-1.06602355285215
LOC111125495,-0.759865791624064
LOC111106814,0.762666531633439
LOC111134859,-0.191398314803018
LOC111137803,-0.0901554881652155
LOC111120182,-0.602912983968631
LOC111120516,-0.587929437488938
LOC111136948,-1.49393012854301
LOC111121196,1.11463498557882
LOC111123956,-0.757801662144998
LOC111127444,0.0918741433502263
LOC111137481,-0.373883120275645
LOC111126543,0.303642784269463
LOC111134713,-2.22189918834069
LOC111126687,0.122228413331857
LOC111131029,0.135993788918833
LOC111135274,-0.766546337243538
LOC111131151,-2.45729543753734
LOC111118970,1.24323698218767
LOC111123964,0.0091338230236287
LOC111104023,0.53542308492704
LOC111114163,-0.287519343757068
LOC111105498,1.26814891337157
LOC111119088,-0.335189527005295
LOC111106766,-2.43160749039215
LOC111116237,1.70336035864263
LOC111107282,-1.39796620262428
LOC111132637,1.14199876052169
LOC111127918,0.542013755984399
LOC111135853,-0.441244142362793
LOC111129964,0.298824564190969
LOC111113020,-0.362982062637915
LOC111102511,1.31662539932838
LOC111117583,2.35230418022312
LOC111121469,0.90453069011734
LOC111117370,2.9770973053499
LOC111121703,-0.257297924642137
LOC111124693,-0.75967090071527
LOC111124756,0.167336997435503
LOC111132319,-0.188846038425845
LOC111125627,-1.22385490605987
LOC111103779,0.285016753444383
LOC111119930,0.00756029019068452
LOC111137296,0.00952174912806457
LOC111118317,0.875149375491017
LOC111103708,0.588239163377349
LOC111122368,-0.751315454804918
LOC111104711,0.210645948683754
LOC111128461,0.542720000859971
LOC111118875,0.779366178463113
LOC111112511,-0.0966266125824901
LOC111137542,-0.469200872537271
LOC111113216,0.127762589518468
LOC111130538,-0.690921663562077
LOC111124530,1.95191931589162
LOC111126010,-0.515518707265458
LOC111125083,0.779241011814056
LOC111109074,0.34227819696081
LOC111123337,-0.509127837624834
LOC111125788,0.864632175034331
LOC111123093,-0.430903728525205
LOC111128301,-0.65810219455707
LOC111133279,-1.46828809477574
LOC111117921,-1.49535202085323
LOC111128352,-0.67068505756635
LOC111134293,-0.207332759258228
LOC111104029,-1.58326300200003
LOC111100819,-0.281304153015729
LOC111133313,1.26736425242244
LOC111108138,-0.490061581636389
LOC111128949,-1.40105501776549
LOC111118181,-0.182631134757553
LOC111113503,0.791534879460286
LOC111104536,1.22427082374575
LOC111117584,0.0326062483649829
LOC111132167,-0.0499082670688035
LOC111130860,0.542642297617496
LOC111115186,0.0359656845561914
LOC111137299,-0.504079006830329
LOC111124897,0.191495480973171
LOC111129002,-0.282505705148546
LOC111136199,0.390977102266257
LOC111100546,-0.383057284710981
LOC111101048,-0.0770348380473126
LOC111108224,-0.340881843669452
LOC111127517,-0.522027161075097
LOC111121745,-2.22343613744199
LOC111113443,0.814155556332655
LOC111110452,-0.0369257714736457
LOC111115132,-2.35106328117097
LOC111119855,-4.12444582609587
LOC111125275,1.17610798943091
LOC111127327,-2.94503132033983
LOC111130871,-0.591100422784642
LOC111124948,-2.04350323542843
LOC111122247,0.743683828304855
LOC111109442,-0.716970265902662
LOC111111811,-0.847969357208702
LOC111114203,-0.016290013633278
LOC111122177,0.567056784947141
LOC111100033,0.482781370181385
LOC111107269,0.00439661487935244
LOC111133400,-0.765654323913922
LOC111131868,0.30651772750018
LOC111121073,-1.35044725383289
LOC111130075,0.157812542820195
LOC111129901,-0.0876037528607747
LOC111118280,-0.141760883953986
LOC111100849,5.56299002136744
LOC111101530,0.0172003052473168
LOC111138281,-0.532593985087646
LOC111136306,0.2446292702047
LOC111119250,-0.356258237314259
LOC111120072,0.140004483326305
LOC111126977,-0.633992656078798
LOC111123413,-0.153215856176902
LOC111111742,0.27667337098587
LOC111106907,-0.488166286951598
LOC111108475,1.17918154791327
LOC111122020,-0.153092390529676
LOC111119750,0.323775853636626
LOC111105415,-0.256089867073888
LOC111109131,0.487997830958081
LOC111124977,-0.214255430819973
LOC111100615,-0.607615323622602
LOC111103930,0.513832874957766
LOC111112489,1.972383997718
LOC111132860,0.632577098725414
LOC111116461,0.0233161250327998
LOC111111662,0.685498151474136
LOC111102095,1.05649604889885
LOC111132184,0.951310395628902
LOC111100499,0.138845391440022
LOC111119910,-0.687352073726339
LOC111125443,-0.00276404252401727
LOC111127525,1.05519948745488
LOC111121053,0.665573779679273
LOC111132175,-0.0381856164367581
LOC111102413,0.612928188770704
LOC111123989,-1.24997450861068
LOC111107786,0.407078086582479
LOC111118550,-1.25911456957002
LOC111121241,-0.950220817022109
LOC111128857,-1.2735307328461
LOC111129816,-0.134191428474522
LOC111110645,-0.0140895801245508
LOC111135500,0.286638276307623
LOC111122887,-0.696924262733759
LOC111114021,0.378780095587542
LOC111113042,0.564345520303744
LOC111129820,-1.60764138405152
LOC111134890,0.000711916462052971
LOC111134891,1.51538873425244
LOC111119487,-0.281606511693759
LOC111132099,-0.242123961033342
LOC111103695,-0.645836587848533
LOC111106208,-0.293391076618144
LOC111132535,-1.46459202206825
LOC111117995,0.527978067566766
LOC111109817,2.59652653442482
LOC111121818,1.50719108952485
LOC111101215,0.317630980543433
LOC111108191,-0.64881668752666
LOC111120566,-0.220359431871621
LOC111129334,-1.9147721617021
LOC111120131,-0.677668439205024
LOC111109548,-0.45662385043112
LOC111118351,-4.30846432660047
LOC111136714,-0.441962012133274
LOC111104387,-0.0229204358307661
LOC111100262,0.485800660515799
LOC111101832,3.96401227508214
LOC111134753,-1.12942311003001
LOC111138289,0.222845258573638
LOC111103872,1.07426287607405
LOC111107175,0.496043336615505
LOC111128470,-0.941513309473048
LOC111134192,1.33982248093688
LOC111106973,0.692807669775399
LOC111106315,0.438552806351753
LOC111108333,-0.614476333011995
LOC111133585,0.0485128377607412
LOC111136896,-0.146006194567581
LOC111117819,-0.592334518410048
LOC111117905,-0.80273348393384
LOC111137062,0.103728589483507
LOC111110228,0.111223165044579
LOC111135950,1.29834112993431
LOC111114657,-0.603579820074683
LOC111125119,-0.414168539151004
LOC111099898,-0.50264574038613
LOC111118758,1.80943876267108
LOC111100504,-4.11127049248517
LOC111116030,-0.477194303874782
LOC111137091,-0.0761413600842977
LOC111131525,0.237791807698797
LOC111114134,-1.01146612546788
LOC111106618,0.406456130664542
LOC111114339,0.554657242350238
LOC111119896,-1.96171628326173
LOC111124350,-0.214537531860758
LOC111103347,0.452556554016374
LOC111124322,-3.86304816601426
LOC111132883,0.708763561484674
LOC111119207,-2.11716202784282
LOC111127537,-0.246839210164937
LOC111129719,-1.19649744480381
LOC111123038,0.0685720369035125
LOC111109793,-1.23459564410825
LOC111115566,0.811837871561223
LOC111134026,2.27712066188675
LOC111116837,0.976699221858482
LOC111116001,-0.153100860636549
LOC111129212,2.41331217308005
LOC111134356,2.40304040961678
LOC111136763,-0.30303152487718
LOC111138022,0.00755828816955765
LOC111123892,-0.343060186081885
LOC111130971,-1.29975621934591
LOC111115069,1.1302025327451
LOC111137601,0.175558973089368
LOC111116356,1.16379647285237
LOC111132777,-0.50361712291006
LOC111121156,-0.0156419761766012
LOC111132174,0.173184410245387
LOC111112344,2.2762942354561
LOC111121333,-0.08551125772141
LOC111101148,-2.0859951523066
LOC111113364,0.589962354737874
LOC111135085,0.396709756235233
LOC111128075,-0.589664024747224
LOC111130367,-0.699014395704029
LOC111138206,-2.30885029025834
LOC111127194,-0.50493089537811
LOC111115659,-1.14271841751161
LOC111105226,0.772818115357428
LOC111105113,-0.504151207746295
LOC111136782,-1.69415606197819
LOC111120965,-1.75288873391381
LOC111127951,0.106907485244908
LOC111128793,0.422375758205758
LOC111105691,0.0827421358393569
LOC111118660,-0.988183044427214
LOC111133238,-1.27792710681176
LOC111107112,2.34326750684045
LOC111130160,-1.50493288906378
LOC111102274,-0.00520037810593653
LOC111135472,2.28432012681783
LOC111134953,0.367413889326608
LOC111134071,0.00939422140961006
LOC111113960,-0.868169280349758
LOC111115722,1.16660994547556
LOC111103905,-0.727946251783095
LOC111125882,0.292530246179588
LOC111118514,0.500618665654801
LOC111134694,0.10499726651875
LOC111100409,0.0227039518129876
LOC111121673,-1.02168902131625
LOC111128584,-0.126851641954818
LOC111107342,0.229956092250936
LOC111123772,0.304188846486194
LOC111121944,0.0280250989699246
LOC111132811,0.722024137039771
LOC111108957,0.128900729629498
LOC111132965,1.43912853407772
LOC111117954,0.165509769654305
LOC111136672,-0.171870569205454
LOC111123025,-0.234964101683048
LOC111132190,-1.22678638908034
LOC111120888,-0.227780160909639
LOC111136575,-2.58091380011318
LOC111133107,-6.47013718928959
LOC111112598,0.277389108833403
LOC111099494,-1.61702835229038
LOC111117192,-0.818192270882558
LOC111133683,-0.444233412458305
LOC111125540,0.23803955561336
LOC111132202,0.209053331384218
LOC111122881,-2.43214844613106
LOC111119778,0.150119493103017
LOC111110871,0.107160067247595
LOC111100706,-3.00181853518442
LOC111114508,0.538091025931677
LOC111125631,0.0818586899626832
LOC111128788,-1.38901183993131
LOC111115914,0.489028784297349
LOC111105223,0.199687390708071
LOC111135821,0.662063447049563
LOC111129059,-0.453420373961561
LOC111117459,-2.98004655716214
LOC111119670,0.427791407780359
LOC111117570,0.951641419745326
LOC111106049,-0.79423924510616
LOC111103707,-0.157589011983375
LOC111124684,0.478979507456955
LOC111112291,-0.0813307885827514
LOC111128399,-0.955484109396429
LOC111100477,0.00335346310780935
LOC111114363,0.61457194173422
LOC111135088,0.0651897037023468
LOC111137100,1.69382116063805
LOC111126242,-0.771674868010752
LOC111117298,0.133875120999203
LOC111099493,-0.670274894969226
LOC111106257,-0.0925485087194641
LOC111128120,0.446653518202917
LOC111133253,-2.36067217682329
LOC111100608,1.82519066860883
LOC111123339,0.114054667017036
LOC111127500,-0.482073856846506
LOC111106501,-0.090081385439643
LOC111117446,-0.190761970973897
LOC111121612,0.493429204929549
LOC111127244,-0.786997865850347
LOC111103247,0.00756775619058592
LOC111129995,0.310131682834829
LOC111117925,0.554657242350238
LOC111104629,-0.221075535362219
LOC111103482,-2.48459183133368
LOC111133067,0.749503962265065
LOC111102174,0.30979885211988
LOC111113683,0.26695979456387
LOC111133716,0.364722562522452
LOC111127427,0.137811845759811
LOC111113836,0.163882334842392
LOC111109924,0.0873229888320512
LOC111114725,0.232856951060614
LOC111107876,-2.15221175851668
LOC111132557,-0.0216664789442389
LOC111125742,0.00756029019068452
LOC111128140,-0.531642741491002
LOC111100625,-0.279069841909549
LOC111108001,0.00887740323043657
LOC111137607,-2.13655939642301
LOC111119218,-0.147877469270906
LOC111132519,-0.30482543381063
LOC111110890,-0.427554076339648
LOC111116535,0.36551033332304
LOC111130398,-0.16169547406944
LOC111101192,1.26338897259188
LOC111117093,1.17344888554043
LOC111131541,0.729549612689597
LOC111112897,-0.765920465448165
LOC111107007,0.496637530584692
LOC111101129,0.552123964465903
LOC111130359,1.66574654083882
LOC111132496,0.832112678124718
LOC111130505,-0.371892949893749
LOC111128557,0.827233517738357
LOC111119016,0.595765200273272
LOC111131318,-1.71157123941615
LOC111126414,0.0238221550504166
LOC111120496,-0.447067330212776
LOC111130170,1.42885211115038
LOC111133706,-1.24818257726756
LOC111108216,-0.45746218554175
LOC111115870,-2.79811558645682
LOC111106014,-3.0445319392938
LOC111126117,5.17500109456496
LOC111101375,-0.231019172349606
LOC111115532,1.29759067434818
LOC111131671,-0.650218347031561
LOC111121616,1.94494665742614
LOC111121237,0.959783293780247
LOC111135237,-0.164509574828916
LOC111129311,-0.229036981240876
LOC111125212,-1.37447321368916
LOC111117760,-4.30607831234424
LOC111121964,0.358450102389687
LOC111118224,-0.139650237661703
LOC111128850,0.08439909174028
LOC111130865,0.812906059411858
LOC111134507,4.65827281039386
LOC111123236,1.2997216229437
LOC111111157,-1.24331413104403
LOC111122940,0.788101556490255
LOC111100951,1.34652674358207
LOC111118040,0.0565837252922349
LOC111105782,0.00755876891985406
LOC111099641,-1.19822127374048
LOC111104080,-0.50654267791
LOC111108274,-7.43748861095348
LOC111116064,-1.72304099519754
LOC111128055,0.925450178673232
LOC111133594,0.420814543577075
LOC111137325,0.162691760223295
LOC111118332,-1.15052163499033
LOC111129455,-1.59565392543825
LOC111119753,0.158203406460892
LOC111120941,-0.420837782880015
LOC111136188,-0.191890759843869
LOC111118552,-1.36211137895902
LOC111102415,1.49382748632731
LOC111135807,-0.0695253034901175
LOC111137929,1.02261675517003
LOC111100427,1.34114471847812
LOC111106222,-0.906340293941275
LOC111118438,-0.168219087922757
LOC111123836,-0.836350980952676
LOC111135954,-0.44052038770537
LOC111100935,0.371061588706739
LOC111112880,-0.118291896811224
LOC111131168,-0.476350730877254
LOC111108251,-1.78764527899841
LOC111116074,0.553197297961612
LOC111132472,0.00755924867615127
LOC111117783,-0.100535072606016
LOC111136867,-1.71771223452378
LOC111108856,1.21279977299523
LOC111109613,-2.47281508769014
LOC111130064,-1.01115950876828
LOC111125581,-0.363133036373897
LOC111131771,2.70844750214595
LOC111108013,-1.01051545910815
LOC111130348,-0.496008553513943
LOC111125206,1.54969556611478
LOC111111175,0.00756073904779393
LOC111121071,0.90775798475419
LOC111117649,-0.421367219435078
LOC111134161,0.527025602650118
LOC111110438,-0.578962808155682
LOC111121184,-1.76036797095097
LOC111122847,2.21267343375933
LOC111118410,2.75874398502982
LOC111101237,0.766207902012448
LOC111130700,0.00756012046118915
LOC111101313,-0.12028881102274
LOC111106795,0.016992145087895
LOC111110859,-0.0827130069094301
LOC111117756,-0.461944357111492
LOC111112050,-1.04817022901666
LOC111123791,1.17622183000413
LOC111118613,-1.18526487828827
LOC111117803,-0.44636083773579
LOC111123515,3.68314033666012
LOC111122946,0.578747574329553
LOC111099812,-0.976483972665949
LOC111100408,0.0248423036639062
LOC111110781,0.438552806351753
LOC111129635,-0.439705023514919
LOC111126730,0.389265834557369
LOC111122057,0.485253253463485
LOC111112732,-0.0905272066251744
LOC111104236,0.950991797816407
LOC111113177,-1.16004156338969
LOC111106028,-1.42753592413389
LOC111124701,-0.754746353321944
LOC111138350,0.274520428162608
LOC111103592,0.0339695720997234
LOC111125216,0.659867625718525
LOC111126722,-0.0544489816230543
LOC111120140,-0.504568025995408
LOC111135583,-2.64809278575816
LOC111101117,0.39762358245665
LOC111100599,0.920082205586009
LOC111110434,0.922604702575516
LOC111134418,2.78317287735887
LOC111125648,-0.186155479600369
LOC111131529,-1.6477819809111
LOC111120085,-0.664325799864644
LOC111132080,-5.94809731930039e-05
LOC111107879,-0.178320890573309
LOC111103570,0.105295157810494
LOC111137690,-3.50711836129364
LOC111127943,2.71469049423585
LOC111128974,-0.369286086911505
LOC111106224,0.033623878340882
LOC111110780,3.38597527923954
LOC111137335,0.272738577571301
LOC111112827,0.566285710844616
LOC111130248,0.848536618960771
LOC111137669,0.506250865022296
LOC111110174,0.67032283070899
LOC111126579,-1.92884878825307
LOC111116287,0.260487928120407
LOC111107256,0.00756082877064291
LOC111126209,0.154350163254618
LOC111117700,0.00755971912746503
LOC111128457,0.669189874478411
LOC111102031,-0.0741600844232632
LOC111118907,0.201377559213752
LOC111120868,-0.222931980011085
LOC111099194,1.33328150878302
LOC111112299,-0.755885020613574
LOC111101141,-0.385922290388961
LOC111103635,1.62257974137587
LOC111129283,0.0626561525390958
LOC111114719,0.00756202628171228
LOC111137058,-0.548612240650892
LOC111130263,-1.22407266273211
LOC111106904,-0.426308772856057
LOC111137800,-0.635711586020401
LOC111122541,0.4238096373546
LOC111113341,0.648137407084794
LOC111131682,-1.06122574549832
LOC111127126,2.08074197465562
LOC111121770,0.561268445714504
LOC111119404,-0.458080662980218
LOC111131103,-0.709134875322548
LOC111136490,0.181431111673774
LOC111114842,-0.410170725300078
LOC111115736,-0.591100422784642
LOC111116104,0.00755935797894921
LOC111101699,-3.22498564425351
LOC111133665,0.0808085050476647
LOC111129724,-0.826707936205473
LOC111135996,0.134704082426838
LOC111113542,0.89122144945905
LOC111101356,-1.00584769250101
LOC111125022,-0.172483191763407
LOC111114463,-1.0351449460105
LOC111134721,-0.365178457881282
LOC111112899,0.477063522445266
LOC111127405,2.46183737931512
LOC111126080,0.00611009602444772
LOC111134079,0.599723914477189
LOC111120591,-0.0185454289376727
LOC111107104,-2.67862936103573
LOC111133441,-0.805830603313385
LOC111111194,-0.0900931795274661
LOC111128595,0.509479731938801
LOC111120391,0.70759281718354
LOC111108791,-0.573991262512168
LOC111101738,0.436597033382423
LOC111123732,0.406490905196774
LOC111119619,-0.427329639895703
LOC111113925,-1.06842252759951
LOC111113311,1.71703179696898
LOC111123948,0.768367474081035
LOC111136175,0.549644141680372
LOC111105894,0.970483354690293
LOC111135007,0.469164337390474
LOC111119867,-0.161715175367739
LOC111122837,-0.279969831975694
LOC111103527,-3.54785096738451
LOC111136454,3.35078455317826
LOC111101601,1.05516057596424
LOC111104742,-1.49210944640836
LOC111136759,-0.198263488674989
LOC111112762,4.57820235323696
LOC111120017,-3.79806580093412
LOC111127440,0.563730138862579
LOC111115769,-1.41419934526188
LOC111121923,-0.552385396426831
LOC111127041,-1.1066889395041
LOC111122705,0.279156419209762
LOC111115995,-1.38269695707773
LOC111134191,-0.111307773352654
LOC111106024,-0.992594345945091
LOC111135381,-2.00369016533413
LOC111115321,0.90967232701764
LOC111129058,-0.734250129152885
LOC111107607,-1.40361959407508
LOC111108186,0.862137933902531
LOC111124710,0.719053393477175
LOC111131073,2.09849011913417
LOC111128566,-0.74780437674515
LOC111127585,0.878241182356453
LOC111109134,-0.521726572777167
LOC111124066,0.184403255680388
LOC111138347,-0.435448407632849
LOC111102913,0.805411536762993
LOC111128762,0.564133797528029
LOC111113019,0.55868179425952
LOC111123184,-0.203981852241369
LOC111121431,1.42784046075235
LOC111126742,0.0108467462522506
LOC111129155,2.07545515002355
LOC111112301,-0.699578227014053
LOC111104450,0.0373079270656205
LOC111129718,0.738224037037368
LOC111116892,0.610205921340127
LOC111135431,1.36640235983754
LOC111125586,0.364722562522452
LOC111125865,-0.970534819815919
LOC111109752,0.421824873179897
LOC111127024,-0.111095062240641
LOC111117862,0.865628134183955
LOC111134566,-0.11693590349729
LOC111122494,-3.34682995125877
LOC111108232,-0.0522389574366573
LOC111132278,0.727027862905083
LOC111124146,0.49927105424417
LOC111132824,0.689750892114136
LOC111114092,-1.31737743733028
LOC111099952,-0.329327412837331
LOC111118114,-0.673686524959798
LOC111129781,0.301727222684628
LOC111125752,-0.371305725460703
LOC111137700,0.735274218381435
LOC111103021,-1.96506558750955
LOC111116803,0.152679589732959
LOC111101720,0.836432844786771
LOC111101361,1.04359566725572
LOC111128770,-0.0408303495399114
LOC111103387,0.532739676315553
LOC111102085,-1.25351694695365
LOC111125049,4.1775581795877
LOC111125755,-0.664014644350429
LOC111117701,0.208752845580189
LOC111130755,-1.01665537837242
LOC111136916,-0.087907164081656
LOC111129394,-0.592870021686013
LOC111133339,0.495272826447846
LOC111099035,0.744313100808699
LOC111099607,-0.711151458617117
LOC111113256,2.06055881115787
LOC111134998,-0.627415438492751
LOC111106645,0.295004466926316
LOC111122122,1.28700845406711
LOC111103474,0.675943483380212
LOC111128966,0.424196533393146
LOC111133758,-0.816083856070009
LOC111110204,-1.47359247208695
LOC111118761,0.0837783446108704
LOC111100242,-0.0724516937214613
LOC111104114,0.497858985797856
LOC111114705,0.682585262056773
LOC111138300,1.9406599702264
LOC111104049,-0.583693107253699
LOC111118558,0.825688071019169
LOC111114799,0.550313704483856
LOC111120594,-1.33492556638626
LOC111103782,1.32642472181936
LOC111108491,1.83145696098983
LOC111100896,2.73075969257301
LOC111134075,-0.522027161075097
LOC111126198,0.344652206225895
LOC111118814,-1.17101762111255
LOC111113366,0.092752790264356
LOC111123115,-2.92396026675391
LOC111119204,-0.2741475704438
LOC111137739,0.0299942801349155
LOC111120600,-0.365753262876302
LOC111116754,0.812053217519879
LOC111136189,4.33910055491785
LOC111118898,0.0168847718936806
LOC111122053,0.683789871676394
LOC111104597,1.15753534670125
LOC111104245,-1.18679252248137
LOC111132126,1.57096974897505
LOC111121876,0.41204834280432
LOC111117282,-1.760752268024
LOC111129072,-0.0492752308043868
LOC111121256,-0.385723166371896
LOC111132798,0.439128042358727
LOC111120524,2.3718495842982
LOC111133434,-0.22933891845922
LOC111115329,-0.649195840247907
LOC111125030,-0.00783094272373684
LOC111132670,0.717126562462741
LOC111112415,-0.375746755550836
LOC111106204,0.915398870078252
LOC111109654,-0.116235902801513
LOC111106638,-1.40461004904545
LOC111104623,-0.748346621515722
LOC111107757,0.550620247496769
LOC111125995,1.19708217656268
LOC111133735,0.358232353060093
LOC111129377,0.453572515559267
LOC111114152,0.00755941168928249
LOC111132269,2.0534099881097
LOC111119539,1.11516989987151
LOC111123181,0.396843121745687
LOC111099549,-0.0745886750762383
LOC111128349,-6.97936689070456
LOC111121089,-0.649337834291528
LOC111101107,-0.0389346796996765
LOC111128313,-0.302785491664794
LOC111110623,0.0197567415916589
LOC111101457,-0.528914675194663
LOC111103785,1.19132016775452
LOC111101952,1.44577935204592
LOC111134043,-1.95915196033626
LOC111136697,-0.416133657167146
LOC111114096,-0.0255851645959229
LOC111135134,1.38372292442287
LOC111123520,0.617818856633961
LOC111102135,-0.0959531999445076
LOC111116763,-0.672631333538473
LOC111120466,0.287271377249057
LOC111108710,1.0449552847651
LOC111120059,0.566285710844616
LOC111137305,-1.43675388058389
LOC111114449,0.619916581719195
LOC111103367,-3.98087334292028
LOC111134574,0.277381469910915
LOC111116065,-2.08023255751142
LOC111104225,0.470498457113412
LOC111100897,-1.1113188139093
LOC111105311,0.308327827265401
LOC111120683,-1.66257481859767
LOC111112151,-1.45578612657477
LOC111119158,0.84512444896805
LOC111134622,-0.916299676141885
LOC111121209,0.057011976616715
LOC111105870,-0.592334518410048
LOC111123705,-1.10136958545714
LOC111123706,1.42918636538383
LOC111100039,0.940152810684151
LOC111123003,0.198085178667187
LOC111128289,-0.454870258535682
LOC111111513,-1.76523936518203
LOC111122158,-0.0649013652796685
LOC111113277,-0.870430780624702
LOC111109809,2.06591652916998
LOC111129447,0.88743686558226
LOC111129825,4.99976260426147
LOC111133288,0.222593574911491
LOC111122058,-0.00732934271606859
LOC111103459,0.456431073165151
LOC111100318,-0.761362097043527
LOC111135467,-1.09992428980086
LOC111119190,0.011792580359073
LOC111100277,2.29718990028187
LOC111123477,0.440981850269479
LOC111124654,0.204380192263509
LOC111118273,1.44502062321059
LOC111124358,-0.0680137632629155
LOC111106579,2.91007241439724
LOC111107117,5.30147710937661
LOC111105234,-0.165920632484524
LOC111115690,-2.42419813019191
LOC111130080,-0.928279822589588
LOC111108640,-0.285953942012477
LOC111109327,0.891584475854619
LOC111110961,-0.0405325057221549
LOC111122879,-0.0378655008980802
LOC111110528,-0.258695878417323
LOC111131268,0.362439597237762
LOC111127214,0.798092281361983
LOC111132853,0.465015225915974
LOC111122869,-0.364798964486696
LOC111103170,-0.290660753491461
LOC111127928,0.388999758717107
LOC111110195,-0.0759096953296032
LOC111104426,-0.786793397587665
LOC111108171,-3.10692738598682
LOC111099800,-0.541555617049078
LOC111108879,-0.162560081308771
LOC111117313,0.824235849790113
LOC111118645,0.726349213351836
LOC111124165,-0.218201677065769
LOC111136735,0.0437394416572693
LOC111135741,1.39706871567514
LOC111113267,-4.58838386385584
LOC111116122,-0.851861613759783
LOC111122932,-0.529380816323946
LOC111107776,-1.44404310152965
LOC111119304,0.765821798449034
LOC111131404,-2.53627817426653
LOC111106273,-0.186468237305675
LOC111134599,0.115204424814245
LOC111109948,1.12732798451727
LOC111099829,0.432154515573653
LOC111127230,1.50284841270364
LOC111112220,-0.00479994873460318
LOC111104587,0.0192625256308547
LOC111109914,-0.17884898154965
LOC111127190,-0.326033300600807
LOC111134778,1.1553302079808
LOC111132102,2.14690785605009
LOC111105711,0.680188637440137
LOC111132321,0.0923432373629098
LOC111136483,0.488047516031626
LOC111124861,-0.0275888349717044
LOC111113113,1.53390938606882
LOC111106200,-0.305977669629104
LOC111136576,0.181729977919685
LOC111130124,0.993472729265162
LOC111112030,-0.155479845294621
LOC111131210,-0.338758842244758
LOC111108151,0.00756073904779393
LOC111133366,-0.176513761760324
LOC111125600,-0.455325850092288
LOC111129238,0.615858201448592
LOC111111124,1.40135947162188
LOC111131014,-0.146021227748053
LOC111123795,0.224285418485296
LOC111112517,0.266874363490237
LOC111127974,0.0452590267316269
LOC111124222,0.176527774596997
LOC111128241,-0.0011898015890377
LOC111112129,3.6575427491919
LOC111131704,0.366870472497796
LOC111123876,-0.666714622800015
LOC111138498,-1.37714324160055
LOC111112389,-0.711471435778324
LOC111106828,0.406456130664542
LOC111129730,1.15640582874145
LOC111104401,-0.0725143656722248
LOC111136269,-2.52283300260897
LOC111136268,-1.17155542480148
LOC111137708,-0.747885369425337
LOC111133957,0.308033985984219
LOC111133869,0.702597365197968
LOC111133558,0.452207649502163
LOC111117540,0.00756045849308174
LOC111114331,-0.669575403151021
LOC111125503,0.28164115132946
LOC111123177,0.00755891725241868
LOC111120515,1.61459205480284
LOC111136212,1.11696927307546
LOC111126606,0.0638960875029874
LOC111111961,0.251409270271666
LOC111135572,-0.1085620458196
LOC111108147,1.20540976465225
LOC111118577,-1.72686631237117
LOC111104050,-0.145984306202132
LOC111117640,-1.70041403968164
LOC111119189,-1.13049522003077
LOC111107257,0.973224056226246
LOC111102574,-2.31957121641691
LOC111134288,-0.0764151899094624
LOC111106339,2.11872706145989
LOC111128206,0.700228219104939
LOC111125480,-1.63869076812722
LOC111126882,0.438552806351753
LOC111119936,0.521173751779601
LOC111137189,-0.905296717114168
LOC111120584,1.71551798034436
LOC111129425,0.434459999403557
LOC111106091,0.0198843068849888
LOC111125471,0.184746311883605
LOC111106889,-0.69204590014273
LOC111124521,1.3746665481876
LOC111126590,0.123763079147551
LOC111120048,-1.56977334157615
LOC111116045,-0.0565071476206432
LOC111134850,-0.00968200266452312
LOC111138378,0.353778026073541
LOC111104144,0.169898520582235
LOC111117801,1.50819259985943
LOC111137593,1.09127890175681
LOC111135474,0.691224730713466
LOC111117466,-3.77283097604123
LOC111105096,0.790039839208722
LOC111102345,-0.837245717628846
LOC111111893,-0.103209221636156
LOC111100303,0.057098439806378
LOC111099196,0.126016994485116
LOC111129523,-2.50680593122733
LOC111110442,-0.422889921254654
LOC111110913,0.762666531633439
LOC111134911,-0.598137620092606
LOC111116147,-0.0892055438387
LOC111111031,2.09085357731981
LOC111130936,0.703803157224183
LOC111128807,-0.0632825996054747
LOC111104546,-0.170192440158961
LOC111132785,0.456954911443304
LOC111101447,0.295298966147937
LOC111125130,-0.114385905579425
LOC111110962,-0.292907068110132
LOC111121531,-0.415975426913675
LOC111114952,0.413384112315311
LOC111113329,0.453262017417381
LOC111099928,1.11357951908736
LOC111134869,2.12174945824159
LOC111138000,-0.154409955755493
LOC111118468,-0.832069689790381
LOC111115419,-0.570130347195126
LOC111102866,0.292260746929281
LOC111124647,1.16507061859112
LOC111134464,0.292259398756873
LOC111102834,-2.11558276920264
LOC111124836,-0.891707901839363
LOC111108984,1.11123921254469
LOC111132142,-0.547015325994235
LOC111115350,0.793578554407444
LOC111119789,0.00756082877064291
LOC111125144,2.70260784909778
LOC111109015,-0.25674771043827
LOC111138451,-1.28333164098986
LOC111128017,-1.22160345851746
LOC111126216,0.615729524026552
LOC111105674,-0.256139757377142
LOC111127528,-0.0799502589326211
LOC111133520,-0.214625331004864
LOC111121530,-0.874284839670307
LOC111122935,-0.358117560971225
LOC111106939,-0.818816746162221
LOC111118296,1.03387751844665
LOC111108182,0.894760127514654
LOC111101220,0.578318884694953
LOC111124500,2.23706471028592
LOC111127293,-0.0079613066719632
LOC111124503,0.900330027962423
LOC111128772,-1.14722213553721
LOC111099101,-2.41163193681501
LOC111114785,0.000614554644775804
LOC111118047,0.128019861655032
LOC111118855,-0.357539777270226
LOC111100020,0.00756012046118915
LOC111130484,0.0101436312389978
LOC111102506,-1.56223219913513
LOC111119419,-0.0460099335646053
LOC111132523,0.362510596566166
LOC111131199,-0.785195392307224
LOC111135802,0.326662622422536
LOC111121894,0.035487477123089
LOC111101658,-1.23323413256011
LOC111120083,-1.06953823441944
LOC111124662,-0.0897032683835482
LOC111130512,0.174067216812034
LOC111109275,0.105479672681238
LOC111128395,0.202504083573204
LOC111135337,1.54514585964103
LOC111128194,0.0313963428041897
LOC111101374,-0.687344244624652
LOC111124142,0.447960859457944
LOC111124329,0.483083239644746
LOC111113135,0.55329789677504
LOC111102787,-0.951428777364791
LOC111125331,1.76716336572955
LOC111118735,-0.971743710668835
LOC111099458,3.25638092883981
LOC111135047,-1.17752323414318
LOC111127827,-1.78740408336201
LOC111119612,0.710477583798107
LOC111130259,0.0871360025230097
LOC111118140,-0.480515149408924
LOC111127290,-0.0661994254822265
LOC111120717,0.544280679445483
LOC111103224,-1.76904127153652
LOC111116849,0.564903176847694
LOC111130388,1.35135974913686
LOC111130130,-0.0793025292985494
LOC111130464,0.549784751747547
LOC111120685,-0.114096641004663
LOC111108120,0.020880600476718
LOC111102762,3.22705598419077
LOC111115247,0.516012670076651
LOC111122775,-0.207668300233885
LOC111113372,0.00756113110820683
LOC111130044,0.311003965947513
LOC111114693,0.570391082657157
LOC111111548,-0.541254278941931
LOC111100614,0.727962116341352
LOC111100571,0.209275911068194
LOC111123125,2.01305579720141
LOC111103946,1.06092901989283
LOC111101604,-0.842176160805478
LOC111137225,1.4438787033537
LOC111135727,-0.518298747146701
LOC111118590,2.01352752232834
LOC111111941,0.0711021656226316
LOC111117356,2.86826312625175
LOC111118362,0.790502997736202
LOC111137751,-0.520404331905758
LOC111111573,0.268500914026454
LOC111133477,-0.185280018413122
LOC111119428,0.0449187149622802
LOC111117601,-0.0273241489280843
LOC111130023,0.0906107092416643
LOC111121228,-0.724536500991861
LOC111117774,0.0348040489503537
LOC111105659,2.22731516711371
LOC111130360,0.411904561585204
LOC111134188,1.32145961190144
LOC111119339,-0.477887007891499
LOC111103692,0.225766427856257
LOC111115628,-1.04377432314669
LOC111137505,-0.517548913286526
LOC111122218,-1.10000328041503
LOC111110905,-0.389844416949219
LOC111125638,-0.237670883900951
LOC111118580,0.667157939844181
LOC111137821,0.599395821078989
LOC111114784,-0.116148614463595
LOC111138472,-0.72950088720299
LOC111110863,-0.571168506018759
LOC111124899,-0.344654894214177
LOC111137447,-1.23972045818576
LOC111135856,-0.65790018065123
LOC111115783,-1.10018534503568
LOC111138415,0.525269766192803
LOC111132128,0.292249910246604
LOC111126155,0.31994337521362
LOC111108041,0.00755718212663496
LOC111127463,-2.08610232514342
LOC111115227,0.0316276485965353
LOC111123116,0.370521555491985
LOC111130797,0.524940854800022
LOC111110682,0.665731351707528
LOC111122441,1.97902489209328
LOC111137197,0.169860307044837
LOC111116331,-1.18279646138563
LOC111112449,-2.48954990993862
LOC111122959,-3.62241724155777
LOC111128695,0.59809994706436
LOC111122552,-0.000772022502257798
LOC111114924,0.140912843164858
LOC111114925,-0.581997240805682
LOC111114923,1.1925937520391
LOC111107608,-0.330510371339797
LOC111105262,0.24450827607952
LOC111115796,-4.51480883343494
LOC111134190,0.459689564487979
LOC111100135,-0.848842849580446
LOC111099057,-0.522752806424585
LOC111128448,0.0749696524759164
LOC111135335,-1.53072667124185
LOC111100437,0.176686678607779
LOC111130292,0.39157460853418
LOC111119635,1.59774301210677
LOC111099084,1.60390609233455
LOC111121978,0.184111041800766
LOC111130789,0.213172965022954
LOC111124556,0.518598584637437
LOC111106181,0.48353725378466
LOC111134724,-0.370676745720654
LOC111126711,0.885256098739161
LOC111133268,-0.535875042485876
LOC111102974,1.0965892537629
LOC111110183,-0.265781180807126
LOC111104032,-0.0495131778485291
LOC111123544,1.26804174866803
LOC111114397,-2.52276692131075
LOC111136887,1.4621498164685
LOC111125539,2.16835312246918
LOC111121590,0.674878622684398
LOC111104453,0.277380183823165
LOC111134803,-4.21654716624099
LOC111108181,-0.020148443099056
LOC111107013,-0.0632541172876298
LOC111113270,-0.449161497867707
LOC111125814,0.434425312746367
LOC111116077,-0.258977675075251
LOC111117073,0.544931252174434
LOC111128498,-0.110685947181524
LOC111130394,0.147966041855041
LOC111100522,1.70842197108905
LOC111132976,-0.470580149366623
LOC111130168,0.284233807446257
LOC111121361,0.221300146317694
LOC111130377,0.0664729103754595
LOC111116093,-0.641649454528539
LOC111130380,-0.0629555733060393
LOC111120792,0.894347194291869
LOC111126750,0.0670176399514074
LOC111131214,1.08811898943328
LOC111115938,-1.71069297059381
LOC111114580,0.155653722220039
LOC111131108,-2.07524539237642
LOC111130724,0.753004508115192
LOC111106799,0.609739923403014
LOC111117617,-0.80548388491194
LOC111115570,-0.268387264571654
LOC111137179,0.202512875066731
LOC111132028,0.435339869144763
LOC111107530,0.817767538873907
LOC111125375,-0.737145523514173
LOC111116796,-1.64893098492367
LOC111118208,-0.0870494654539966
LOC111123528,-0.314389576948446
LOC111133889,0.90678129145488
LOC111128575,-0.107930275664207
LOC111109677,0.640418586243682
LOC111100946,-2.21911377729792
LOC111137824,0.880130428557469
LOC111118718,0.270697296406755
LOC111119892,0.451112633679345
LOC111125872,1.17439776313008
LOC111136798,-0.666002018044353
LOC111109865,1.41239363517508
LOC111134685,0.275056470415415
LOC111105858,4.27107639530734
LOC111135455,-0.256505234196088
LOC111121473,-1.15099517752371
LOC111106218,0.0474062865691114
LOC111117818,0.762666531633439
LOC111121405,-1.72826195304712
LOC111120421,-0.325328984656402
LOC111134057,0.323738294159445
LOC111115676,-0.34620473445276
LOC111125197,0.00136002135174171
LOC111104371,-0.0268367051697734
LOC111106026,0.485569399209336
LOC111124244,2.41473908311591
LOC111126916,-2.79282275689206
LOC111117724,2.0710677156284
LOC111136152,1.15975392107746
LOC111117069,0.907986362592334
LOC111120291,0.20784082767353
LOC111114868,-0.0345798406940211
LOC111109628,1.44862160918524
LOC111124929,0.316784664911227
LOC111124868,-2.38630890593711
LOC111122374,0.509946785111975
LOC111111761,0.955900165439083
LOC111131852,1.31657928835687
LOC111115898,-2.98261044658068
LOC111106142,-1.35080311830839
LOC111119590,0.292901358254456
LOC111119295,1.28588467145908
LOC111136289,1.32800831349115
LOC111103238,-2.94903503422548
LOC111100907,1.19292493722567
LOC111105204,1.97875071546112
LOC111129928,-2.73207322560707
LOC111128534,-0.31050152812756
LOC111114849,-0.459627050316821
LOC111126875,0.843589958031903
LOC111120036,-4.09422838951143
LOC111099803,0.117765737335012
LOC111138497,-1.06039928932372
LOC111105558,-0.72888446984948
LOC111102601,-0.918211180907207
LOC111114289,-0.116431647040214
LOC111118222,-0.298495835950626
LOC111125188,-1.74099003284053
LOC111104785,-0.315922488244517
LOC111118025,0.194764884184091
LOC111133431,0.133872298433417
LOC111131193,1.49829229271999
LOC111108238,-0.167846135417372
LOC111126777,0.480515102990391
LOC111102350,0.0671022707337838
LOC111103574,0.53040769468431
LOC111117523,0.592841778269702
LOC111110128,-0.232004893008203
LOC111117435,-0.171585670425114
LOC111105406,-1.04778407184708
LOC111131963,-0.020115959341288
LOC111103191,-0.288880076982044
LOC111125526,-0.3032693438703
LOC111126955,0.320345329767973
LOC111121957,-0.569667750894231
LOC111103558,-8.69632891537738
LOC111125411,-3.03454330909589
LOC111107905,-1.92931806232979
LOC111107118,-0.372125559156656
LOC111106385,-0.570536446116396
LOC111105249,-1.32226751819457
LOC111106295,-0.946089282369682
LOC111120081,1.05944477322635
LOC111136426,1.52929506765382
LOC111136715,5.70599405610384
LOC111129476,1.54215993709079
LOC111106576,0.0885232718932802
LOC111135163,-0.282596952868408
LOC111130994,0.211656645493345
LOC111133684,-0.706415324850023
LOC111132383,-1.06297837806082
LOC111111762,-0.952023709829024
LOC111109886,-0.603005643997961
LOC111112166,-1.16439721958132
LOC111120950,0.364280339954379
LOC111125447,-0.0815308560767816
LOC111132918,1.08981990402949
LOC111103571,1.18721758352828
LOC111113405,-0.112566682485456
LOC111137782,-0.262159599977347
LOC111109671,-0.88356128241301
LOC111119031,-0.194875987378904
LOC111136921,0.424091497124082
LOC111136963,0.306468909429702
LOC111104912,-0.79632008509923
LOC111112189,0.267078174282124
LOC111134880,0.937683097955453
LOC111130733,-1.33792681356157
LOC111115683,-0.0221580775153573
LOC111119865,0.38404911963348
LOC111117762,-2.37227263761558
LOC111108024,1.77933533203899
LOC111125833,4.51476153238249
LOC111130816,-0.24424912533217
LOC111102022,0.0707827894034384
LOC111104610,0.790039839208722
LOC111138259,-0.945042629356052
LOC111100132,-0.698730213797606
LOC111136349,13.7602225421719
LOC111135629,-0.598342428816905
LOC111137467,-1.31885188972552
LOC111137289,-1.43517939109095
LOC111114826,-0.677960975183808
LOC111121353,-0.193939959793698
LOC111136022,-0.487614267896697
LOC111129001,0.0334385822962952
LOC111107828,-1.80511960694452
LOC111122153,-2.11807405762238
LOC111129061,0.676731296422479
LOC111101177,-0.443596256735879
LOC111103709,-0.628009700797935
LOC111132084,-0.0885340941920967
LOC111130916,-3.27763733276049
LOC111118387,-0.156873629980048
LOC111124270,-0.0952386685077009
LOC111134315,2.12532459383701
LOC111132909,0.680855954203472
LOC111110249,8.18925267131573
LOC111108615,-2.23462379257436
LOC111134217,-0.430881882201483
LOC111101145,0.288425193066127
LOC111129812,0.789535331420388
LOC111108380,0.712613393740568
LOC111130673,1.05225961099469
LOC111120138,-1.93107540911378
LOC111100017,0.271442010038385
LOC111121302,-0.380685955106602
LOC111116098,-0.0273966916362963
LOC111122156,-0.426765899584481
LOC111132577,0.355413776276341
LOC111117341,-1.23993371637669
LOC111112741,-0.559436683785544
LOC111133478,-0.313414364194805
LOC111128114,0.29508047718588
LOC111106316,-0.710708247499189
LOC111131836,-0.525507775898685
LOC111112992,-0.74193216169732
LOC111135774,-0.809275960866439
LOC111117559,-0.604655774190174
LOC111134997,-0.938979836828099
LOC111130338,0.553714458531623
LOC111109784,3.90981939510273
LOC111135428,-0.997696224770942
LOC111134667,0.134270341591442
LOC111101130,1.57897031412577
LOC111116882,0.27738316668361
LOC111134888,3.32796836353754
LOC111130161,2.06606795975072
LOC111120045,0.446887224159964
LOC111128682,0.28323968955607
LOC111135281,0.3923919672018
LOC111128675,-0.76832754776015
LOC111105055,2.13809658901766
LOC111126104,-1.20519796047087
LOC111132821,-0.0177504729207853
LOC111099060,-0.525297539667454
LOC111125722,-0.844148453811257
LOC111134028,-0.868364200854494
LOC111112556,-0.867216646507901
LOC111125796,2.28510973889911
LOC111133857,0.739104351760064
LOC111121661,-0.125221783134775
LOC111133820,0.214991012818319
LOC111128210,0.0260723408002222
LOC111109539,0.272422515632426
LOC111104083,1.77638791202752
LOC111120534,0.351040566154573
LOC111130549,-0.727361383612025
LOC111104131,0.554343566230112
LOC111133295,-0.401859519855949
LOC111136817,-0.995549051827273
LOC111135069,-2.37852152644078
LOC111118215,0.40636011611209
LOC111121130,-0.869642044054208
LOC111123256,-0.399716893452799
LOC111135942,0.716770632614734
LOC111109626,-0.0775316956496517
LOC111134420,0.23917027537319
LOC111111993,-0.539141281157709
LOC111120498,3.19618207836392
LOC111129853,-0.960450522248592
LOC111109100,-0.00773718325125435
LOC111127142,0.191102934128766
LOC111106508,0.3416537878503
LOC111118022,0.519188659390099
LOC111136705,-0.821484983113102
LOC111121170,0.400828313351595
LOC111108685,7.58291805745694
LOC111125474,-0.51744538149357
LOC111103270,1.78463898727046
LOC111106737,1.01885227834408
LOC111135579,0.516989232991724
LOC111132320,-1.23967807819556
LOC111117543,-1.92252933073842
LOC111099959,0.0095870948498972
LOC111130122,-0.235636087493986
LOC111114583,-1.07312841875507
LOC111121092,0.566285710844616
LOC111126669,0.857094078309709
LOC111105980,-1.00536204439042
LOC111107094,0.816643847858579
LOC111121831,0.260380190976353
LOC111101433,0.00756115891579716
LOC111137272,-4.53873169703895
LOC111135829,0.788663145733618
LOC111111107,-0.0114011224311082
LOC111125734,0.612124555706184
LOC111125617,-0.765294247534896
LOC111129714,-0.761125252396677
LOC111130555,0.37143419501025
LOC111124501,0.419215447697556
LOC111136991,0.374520092607846
LOC111126798,0.61799862616554
LOC111106528,-0.945120979963986
LOC111109812,-0.27075060114542
LOC111126698,-0.501814061038539
LOC111130909,-1.14413395256679
LOC111118617,-0.302520830561379
LOC111125310,0.427720472518944
LOC111133241,0.0276702847797051
LOC111134830,0.103897167557534
LOC111138454,-1.9345969294777
LOC111125864,0.00288295240029213
LOC111119453,0.660535298542968
LOC111130041,0.206244875919765
LOC111126739,-0.15547814543853
LOC111106391,0.215158340308668
LOC111136563,0.298673462809997
LOC111134646,3.46617047447744
LOC111108981,0.834934924288283
LOC111134516,-0.442423588843701
LOC111117723,-0.775586313879814
LOC111132172,1.46309070853624
LOC111110949,-0.706408566309438
LOC111136242,0.101009646190114
LOC111100916,1.82107555582582
LOC111118016,0.0218652841970863
LOC111128771,-0.721025014131099
LOC111128420,1.00621281693094
LOC111116888,0.302395869299126
LOC111133548,0.144291790693417
LOC111110271,-0.0780989467170486
LOC111129191,-0.483607796766375
LOC111100406,1.30007923756591
LOC111124421,-0.421806014120561
LOC111120736,-0.761354274843638
LOC111128069,-0.200418565856444
LOC111125564,0.416704996650298
LOC111135396,-0.408119011523312
LOC111100230,-0.0840549471997611
LOC111102665,0.00756082877064291
LOC111100581,0.406734702257103
LOC111129062,1.60364729903742
LOC111100788,5.80521048936683
LOC111122519,0.722601271162319
LOC111106144,0.439447122671769
LOC111106531,0.39999332362893
LOC111112023,1.28250287524582
LOC111128032,0.371742791961435
LOC111120962,-0.661125639585292
LOC111120963,0.630634098876831
LOC111110171,1.21234526303308
LOC111121838,0.349396434876473
LOC111104126,-0.419295613292811
LOC111134668,0.4799150892313
LOC111138030,-0.0289004882350439
LOC111137176,-0.505265748779929
LOC111115097,0.512062452864989
LOC111120186,0.321226217676676
LOC111106947,-0.154445053934054
LOC111122834,-0.888088681342707
LOC111127308,0.269916765452122
LOC111128061,0.436597033382423
LOC111100449,3.01966031460211
LOC111113940,0.394263116749345
LOC111136273,-0.960865941969387
LOC111114468,0.274895297896385
LOC111123570,0.679887650015542
LOC111120758,0.0152376299192891
LOC111121829,0.160775601794125
LOC111118328,0.609719650180386
LOC111103117,-0.0305185565138666
LOC111119790,1.66963377940054
LOC111118846,1.29996150694472
LOC111107897,-0.220291549066506
LOC111119547,-0.039180586659034
LOC111115144,0.330982528661402
LOC111136300,-1.3739629653966
LOC111120625,-4.1340521336057
LOC111110124,-0.762127095905011
LOC111100589,-0.35356890649043
LOC111105635,5.25666445086291
LOC111111758,-0.0340272125282648
LOC111120418,0.219799619846443
LOC111117528,1.17339307027478
LOC111137222,-0.304312849937004
LOC111128193,-0.511154179601844
LOC111104514,1.01237148442635
LOC111131680,-0.468927532232161
LOC111128863,0.705415478784677
LOC111131413,1.87305285160427
LOC111106484,0.851278710338465
LOC111103334,-0.179446073298113
LOC111125440,-0.035193104103969
LOC111118960,2.2864320324666
LOC111127306,-0.115003927600708
LOC111130396,0.730447903438269
LOC111119766,1.47276547160605
LOC111103949,-0.666837511513189
LOC111104695,0.198001122821193
LOC111107543,0.826270573242199
LOC111123123,0.623083510590048
LOC111106677,-0.629414638620563
LOC111129611,-0.459438878541808
LOC111119176,-2.07031606240401
LOC111115922,0.139505872475445
LOC111106041,-0.0892666539017953
LOC111119342,1.06015437853935
LOC111121017,-0.154728104346966
LOC111103965,0.163418408691576
LOC111130141,0.215225287861189
LOC111129084,-0.538848419527149
LOC111133151,0.881285210041595
LOC111109140,-1.24216185501085
LOC111137232,-5.63430698568584
LOC111114993,-2.6666446021433
LOC111120176,0.768769141712704
LOC111102580,0.707094880520797
LOC111131440,0.403469980808511
LOC111112582,-0.542622165438829
LOC111120441,-0.835500534660268
LOC111103543,1.25299177166632
LOC111128792,0.931832756955437
LOC111133098,0.152172309313562
LOC111099519,-0.134256483125449
LOC111123102,1.12034592263065
LOC111135775,-1.04093442464552
LOC111135098,0.515631801025021
LOC111135607,0.347649451130638
LOC111135834,0.145824192283335
LOC111123148,-0.977885280002441
LOC111109110,0.596055580844001
LOC111105091,-0.0753621057427483
LOC111119206,-0.00737263772404811
LOC111109874,0.448925754641459
LOC111130552,-1.53457695855362
LOC111135330,-0.280455483290115
LOC111104395,-0.70596285380695
LOC111107054,-0.0855765830891185
LOC111135713,-1.40650989813628
LOC111105384,-0.759080583456094
LOC111119602,-0.265711224479537
LOC111122691,-1.62420555354108
LOC111136186,0.0451888104090239
LOC111112099,1.55927389760104
LOC111119998,-0.358377430665748
LOC111101613,-1.30785950556782
LOC111100618,0.0917410651088414
LOC111112025,-2.22651708729442
LOC111125390,-0.157531816256229
LOC111121428,0.790039839208722
LOC111132934,0.969458105816688
LOC111116843,-1.57314862618515
LOC111115984,-1.78733624264801
LOC111115442,-2.36870160487328
LOC111122155,-0.420690958258358
LOC111129598,1.42716280461633
LOC111135285,-0.0124785571643372
LOC111130024,0.581325160472351
LOC111125945,0.972374551465784
LOC111118883,-0.771649494671523
LOC111134572,0.145581705390302
LOC111128814,-5.51753656961775
LOC111122969,0.817738327164283
LOC111134020,0.197308992065131
LOC111117207,0.144988570760678
LOC111118572,0.178478342822779
LOC111103311,2.79142580260992
LOC111117647,-0.000755565663897317
LOC111122313,0.705823365748906
LOC111117648,0.0137584470834842
LOC111111303,-0.230497624590093
LOC111100093,-0.543871965769565
LOC111104712,0.211821209542199
LOC111103623,2.45417115783739
LOC111128819,0.0604684069543166
LOC111133661,-0.709043137709671
LOC111134851,-0.416527032392675
LOC111114751,-1.46357705829713
LOC111101112,0.542686464654153
LOC111123824,-0.379732548013619
LOC111103049,-1.26998962032518
LOC111138374,0.662417603234368
LOC111102133,-3.85433895349504
LOC111121339,-0.264619771266199
LOC111129038,-0.525177004398205
LOC111111399,-0.844088280481464
LOC111121896,-0.597668029006314
LOC111118394,2.23352845528341
LOC111119027,2.10839427828023
LOC111120111,0.309749253145182
LOC111107622,0.631116269316575
LOC111119582,0.705664270995098
LOC111106350,-0.399439116866334
LOC111133004,-0.353955033290713
LOC111114346,0.110435322663132
LOC111121176,-1.15933009138853
LOC111110127,-0.658120728809729
LOC111102978,-0.253491973139086
LOC111138122,-0.257607818624143
LOC111111534,1.84826331776249
LOC111113914,1.72601263776433
LOC111133922,-1.67925630114268
LOC111134795,-0.182940372283914
LOC111101864,0.888110984836283
LOC111137362,-1.0105761012493
LOC111130395,0.236791847819602
LOC111127422,-0.283514539054787
LOC111100221,0.571318197155711
LOC111099741,0.912401464542109
LOC111133108,0.821535655262567
LOC111106749,-0.809637339208396
LOC111134497,0.866813769513891
LOC111135739,-0.733194798135527
LOC111128225,-0.217914890846214
LOC111102291,0.0149072721517633
LOC111102294,-0.0524597995371017
LOC111121515,2.36889280208257
LOC111119320,-1.31293116305534
LOC111111395,0.452147897034739
LOC111102409,4.5724503146242
LOC111106882,0.478378785917582
LOC111112266,-1.13995464692715
LOC111119372,2.33917538856137
LOC111126008,2.00791647846074
LOC111137484,1.0936796681557
LOC111105619,3.32268042467018
LOC111129530,1.09891748253556
LOC111099703,-0.608092307955327
LOC111137563,-0.373242183031984
LOC111125344,0.618785910326309
LOC111106076,-1.63713556873745
LOC111129950,0.101505052739029
LOC111101273,0.444830528841873
LOC111107877,0.506890182496508
LOC111135619,-0.12314673303099
LOC111138375,-0.333097827060742
LOC111133498,-0.557452389062604
LOC111107553,0.265941018446651
LOC111134371,0.529511345691926
LOC111099864,-0.605340167876593
LOC111116393,0.0903710631312901
LOC111106457,0.376835554488435
LOC111103972,0.122198468787124
LOC111135520,-0.697576724392504
LOC111135871,0.0613914441232647
LOC111121919,0.0496078973930803
LOC111110217,-0.11572008246137
LOC111119415,0.390151328199534
LOC111103870,0.0426609171155718
LOC111130943,2.38911624771507
LOC111118339,-0.122449599124335
LOC111120826,-0.276778442945769
LOC111101712,-0.189387583308692
LOC111112763,2.22347506857683
LOC111116031,-0.374093988910784
LOC111137775,0.973079114531003
LOC111135491,0.0865870636389852
LOC111137402,0.882676969794038
LOC111114948,0.588355239442557
LOC111121061,-0.350804201411442
LOC111118369,0.277381273765081
LOC111136540,-0.770866208000968
LOC111103910,0.0759094718702065
LOC111118154,3.97736853282021
LOC111130716,1.10856932869773
LOC111136926,-0.87104391568769
LOC111103403,-0.467804229219214
LOC111123893,-0.124589115378131
LOC111119369,-3.09857355299506
LOC111125674,-0.708308752740856
LOC111108410,-0.0521882961522677
LOC111134330,-1.18209222530832
LOC111121054,0.139062088297499
LOC111110526,2.00564879236409
LOC111120026,1.14017295222767
LOC111133233,0.279289454549795
LOC111124478,0.863299461309693
LOC111119231,-13.7608716086834
LOC111119110,-0.586994740724494
LOC111120567,0.0366336333414469
LOC111123765,0.959156231041334
LOC111101137,0.274561128522958
LOC111121399,-0.186595660867584
LOC111116493,-0.630998049383995
LOC111137142,-0.547755739357409
LOC111102475,0.607620282404343
LOC111129411,0.30175938359873
LOC111106184,0.773392580809062
LOC111119662,1.20704583211328
LOC111119660,-0.63248879593643
LOC111122320,-0.167245352298252
LOC111136801,1.54117083667818
LOC111127520,-1.14328982377937
LOC111102423,0.123575848487791
LOC111104479,0.574698753857269
LOC111112797,-0.656629179806933
LOC111127389,-0.247659289063809
LOC111126405,-0.278998622166469
LOC111128868,1.62364047825708
LOC111127787,-0.25245078832
LOC111115743,-0.432347971298433
LOC111119441,-2.808009166209
LOC111131167,1.34430460297064
LOC111128286,0.0697030394739123
LOC111114844,-0.965756069379973
LOC111114529,1.75102008301654
LOC111100013,-0.156839871592752
LOC111117558,0.588791685586391
LOC111120708,0.981562179283077
LOC111135160,1.49834558651761
LOC111110858,-1.15052163499033
LOC111122229,-1.15759894755097
LOC111110907,0.743367481661621
LOC111137017,2.1719244210638
LOC111105205,0.867181945454153
LOC111099045,0.307028611411945
LOC111112735,0.364722562522452
LOC111133628,1.97622983614654
LOC111128875,-2.75953218369033
LOC111107212,0.116457924007797
LOC111133947,0.963013484036534
LOC111122801,-2.76905820439513
LOC111111041,0.320405717399452
LOC111099702,0.971658222762204
LOC111119343,-0.104998360135724
LOC111108203,-0.831036993632635
LOC111123172,-1.57933587724277
LOC111120860,-0.0284975008895431
LOC111109276,-0.504151207746295
LOC111116928,0.355413776276341
LOC111121247,0.199271309032652
LOC111105721,-3.0871458315386
LOC111130337,5.19637284012796
LOC111115408,-0.371750480697895
LOC111111416,0.736447283360456
LOC111131642,-0.761117582845412
LOC111106141,-0.271398854559331
LOC111105507,-0.307168337330616
LOC111099195,0.531429839268305
LOC111099717,0.359156397846263
LOC111122904,-0.420182488587188
LOC111116707,-0.130443160420784
LOC111123561,-0.0710880040032283
LOC111123906,0.129148477250705
LOC111103262,-0.253665736851967
LOC111108483,0.208075643204373
LOC111127146,-1.61569713458594
LOC111111246,0.297593844037369
LOC111120089,0.970195906567183
LOC111113641,-0.208138797460852
LOC111124908,1.68434827055349
LOC111116086,0.0833904381272771
LOC111109391,-0.65625240122781
LOC111129292,1.96795626791274
LOC111125353,-0.213265833539744
LOC111135078,1.30013560312828
LOC111126464,0.697482705471978
LOC111125663,-0.0157307303125527
LOC111123052,-0.225529437458127
LOC111119830,-0.0304163311750529
LOC111099476,0.873281901666517
LOC111107737,0.0662885906355772
LOC111116919,0.0276198607739199
LOC111118371,-3.02583488064896
LOC111125035,-0.117743529382892
LOC111103885,-1.58998491443138
LOC111106957,-0.532593985087646
LOC111115534,-4.3100603986391
LOC111136808,-1.5831266755854
LOC111133143,-0.702342857298651
LOC111133199,-1.28771776280597
LOC111122667,-0.847571328887472
LOC111102826,2.69855265302619
LOC111127406,0.00756115891579716
LOC111133999,0.00756448300688829
LOC111107209,-0.355819081854405
LOC111124830,0.861662339733025
LOC111107356,0.393778108198377
LOC111136631,0.490686575984511
LOC111113922,0.111945013581095
LOC111126328,-0.398732573047186
LOC111129082,-0.03188003760263
LOC111110786,0.669444206950772
LOC111123546,0.205712634744537
LOC111117351,-0.565650079360983
LOC111101792,1.75954604837591
LOC111104343,0.0161004008352065
LOC111100993,-2.58866172939204
LOC111099118,-0.0951585276707392
LOC111119738,-0.596272862593771
LOC111121809,0.46623340613891
LOC111119586,0.0335693456227186
LOC111115517,-0.58442634891835
LOC111099484,0.0130326360570215
LOC111130381,0.181423780260368
LOC111105840,0.208607477273863
LOC111129939,1.97620834211912
LOC111121922,-0.171727250888954
LOC111133761,-0.307285810743964
LOC111101726,-0.619848097188385
LOC111112860,1.80343316834488
LOC111123691,1.63675472315871
LOC111126546,0.390959634316623
LOC111106634,-0.0970713078718146
LOC111132378,-0.522027161075097
LOC111136839,1.18984685904616
LOC111102731,-0.697053317332168
LOC111113022,-1.02324904780705
LOC111099108,1.07643300666287
LOC111120955,-0.698770568187112
LOC111129166,-0.0574027703543053
LOC111112437,-0.232106308657756
LOC111106164,-0.540422625996438
LOC111137297,-0.197191386041834
LOC111122350,0.630692720548052
LOC111135423,-0.930578643506386
LOC111122905,0.669311501501733
LOC111137873,-0.0420866945474638
LOC111111322,0.203964642208976
LOC111125962,-0.124787553868873
LOC111113081,-1.00309247632386
LOC111113202,-0.485828484415043
LOC111102241,-0.201162302785848
LOC111128642,1.71167706441691
LOC111100839,-0.884559301768026
LOC111123976,-0.790178571815448
LOC111099878,-0.372266368769981
LOC111112655,0.378774291761668
LOC111135123,-1.79466294978343
LOC111112656,1.29272870784941
LOC111137996,-1.12428024463716
LOC111130128,-0.645842236207576
LOC111120701,1.10120409730258
LOC111138356,-0.689787791286644
LOC111104276,-0.0755717975980939
LOC111128426,0.156569340039817
LOC111119239,0.601370028239005
LOC111137805,-0.251417048722475
LOC111131032,0.392049782416453
LOC111112955,-0.0697094414853017
LOC111122143,0.610128649972759
LOC111135140,5.74366482140516
LOC111120849,-0.360417591426039
LOC111102429,-0.37439261580233
LOC111121452,-0.809704419848407
LOC111133541,0.641789792870857
LOC111131790,0.583615275426218
LOC111122437,-0.483645678007247
LOC111105359,0.00755924867615127
LOC111109818,1.1434584375352
LOC111121454,-0.252839555030759
LOC111127851,-0.364906632064968
LOC111131560,-0.881318246728357
LOC111137309,-0.621991820050225
LOC111137856,2.7874967918509
LOC111134801,0.501061218854357
LOC111114538,-0.105858798904791
LOC111100375,-1.60510401602632
LOC111121589,-0.518030070282208
LOC111102765,-0.21791070473696
LOC111107627,-1.59109640301327
LOC111123547,0.858152196766912
LOC111131119,-0.271283625461269
LOC111105911,-1.22889543378342
LOC111119694,-0.0636548047194515
LOC111133357,-0.809827000776262
LOC111127121,0.394598039926578
LOC111122008,1.20133364999122
LOC111101328,-1.4419923119538
LOC111119371,0.553059021462502
LOC111115939,0.725948934916918
LOC111137007,-1.36294591792577
LOC111101198,0.391302617301363
LOC111100884,-1.270421002599
LOC111119201,-0.083294675646707
LOC111121366,0.932763348127513
LOC111099048,0.326700216445635
LOC111125231,-0.395600567092295
LOC111103626,0.268771440077289
LOC111111773,-0.236919196403348
LOC111126116,-1.12714581529059
LOC111133518,-0.774804405462444
LOC111121935,-0.154649370762654
LOC111134873,0.527884236680079
LOC111135296,0.333441652795633
LOC111119823,2.69553037847609
LOC111118239,0.49236017111695
LOC111122163,0.205507829778195
LOC111136630,0.829324782870872
LOC111138360,0.164037767479768
LOC111131533,0.0458242878310654
LOC111124470,4.63144944128617
LOC111126909,0.778198162960664
LOC111120471,-0.359815209881123
LOC111124134,0.527530363189873
LOC111111978,-0.221988925378571
LOC111104030,-0.316224694194691
LOC111101948,0.856996179165236
LOC111133303,-0.162610337769353
LOC111128128,0.000116328971280397
LOC111123800,0.440474583359339
LOC111126435,0.42394629291121
LOC111124593,0.0347996700125959
LOC111125538,-0.352030089629701
LOC111134426,1.64443741095365
LOC111132941,-0.593404880438323
LOC111138209,0.0892102070709245
LOC111119403,-0.918931393397899
LOC111121076,-0.998135843444218
LOC111132071,-0.529982452244392
LOC111116839,2.75507133512217
LOC111138321,0.186766030781989
LOC111108143,-1.38476366202919
LOC111102251,0.307158642227804
LOC111135504,1.55423686942859
LOC111135213,-2.32944779242873
LOC111130136,-0.0144378990268768
LOC111131430,0.483532640691432
LOC111135544,-0.413886256585298
LOC111103370,-0.283678757690105
LOC111108764,3.39959492629681
LOC111116587,0.284336317142079
LOC111133399,7.28729432384807
LOC111133789,0.808314108584651
LOC111123700,0.476877147930057
LOC111101027,-0.00649540509464755
LOC111107841,0.68436709578392
LOC111127981,14.5853734434539
LOC111128100,-0.752011854418372
LOC111121098,-3.16225752778767
LOC111123286,1.13026845611455
LOC111100574,1.30552178251379
LOC111100287,-0.188872671688033
LOC111119693,-0.926076088609593
LOC111114536,2.66142869955719
LOC111119710,-1.83209767270745
LOC111107625,-0.480887000288691
LOC111116632,1.17255143488115
LOC111108357,-0.491836448744355
LOC111121022,-0.468927532232161
LOC111120585,2.57925129475551
LOC111135566,0.1074920689493
LOC111110308,0.773392580809062
LOC111130066,-0.277349012892052
LOC111132688,0.132582095259721
LOC111118769,-0.299906434690228
LOC111124759,0.299822846204007
LOC111124057,2.45848280824825
LOC111135525,-0.426862165812293
LOC111118152,0.128208496335846
LOC111133134,0.346021313475581
LOC111109816,0.67064563975316
LOC111100646,0.282958162053986
LOC111133856,-0.194259489100295
LOC111119514,0.890256253993252
LOC111124176,2.52550069989856
LOC111102604,2.06288498666558
LOC111121947,0.0138940847865271
LOC111121125,0.962238419765075
LOC111110843,2.12332963196691
LOC111128922,-0.310539012586276
LOC111100447,-0.115899153009111
Trnat-ggu,0.0959647293259726
LOC111110744,-0.18515709727559
LOC111130929,0.588207022317247
LOC111101828,6.99147039715195
LOC111121887,0.0747260672068545
LOC111114053,0.754741553393473
LOC111128847,-0.0526738252910846
LOC111100679,-1.001230501998
LOC111127844,-0.089642502452511
LOC111108496,2.55263917882325
LOC111134960,2.68256666698161
LOC111113397,0.0749174558171423
LOC111103045,-0.645982243290012
LOC111133330,-0.568902557243722
LOC111122082,0.279663623433172
LOC111133120,-0.486373289438824
LOC111119607,2.50202534170827
LOC111134113,0.795853713901742
LOC111113248,-2.06016026422924
LOC111120878,1.2157621756133
LOC111134955,-0.122713628871494
LOC111105600,0.143007132583857
LOC111122623,1.29120683173451
LOC111119646,0.299365159743591
LOC111133404,-0.364906632064968
LOC111120078,-0.829154799252085
LOC111135852,2.09535017922251
LOC111111998,-3.76451894357356
LOC111101197,0.821552522888327
LOC111110518,-1.31909210037857
LOC111128451,0.864144656773366
LOC111126998,0.798693796370831
LOC111101373,0.395289293403463
LOC111122159,0.204367019934141
LOC111131398,-0.68737048747886
LOC111108168,0.00697610632996507
LOC111125647,0.0673319927339349
LOC111133162,-0.257585027939062
LOC111126787,-0.26430017969952
LOC111132438,-0.113954536038381
LOC111102099,-0.924787128053056
LOC111137927,-0.439310257090033
LOC111123655,0.959140539763673
LOC111102609,-1.22707446564819
LOC111110719,-0.595370137156388
LOC111106916,-0.295595108503371
LOC111118301,0.387791232386613
LOC111108229,-0.234843244819446
LOC111135733,0.7902494271528
LOC111108096,1.04714855087904
LOC111122854,-0.0765005412675073
LOC111129715,0.425491137429515
LOC111113360,-0.166679931935324
LOC111105549,-1.3156300241315
LOC111121476,-0.0850215238918344
LOC111134002,0.295202026242354
LOC111129091,-0.977523912898628
LOC111134389,-0.285167644111452
LOC111101850,-0.256098419565562
LOC111106462,0.437290828251411
LOC111099082,-0.968124817224638
LOC111121926,-0.371750480697895
LOC111134904,-0.600100943032434
LOC111107224,-0.518638563175877
LOC111137152,-0.495146056768886
LOC111132219,0.0427518554218874
LOC111126902,1.26409531727081
LOC111135465,-0.906666805280582
LOC111129886,3.21539867467166
LOC111133794,-0.184824706542476
LOC111100069,0.737700537698115
LOC111106399,1.17112582433622
LOC111106628,-0.697806058140146
LOC111102267,0.507289088172782
LOC111107359,0.0704979596291331
LOC111135552,3.18947143170752
LOC111134802,-0.01942061834293
LOC111114728,0.574126479264256
LOC111100591,0.717170816972258
LOC111108338,-1.27773602089002
LOC111120713,0.435284779801036
LOC111112663,-0.230756129777174
LOC111115119,0.00755905591235889
LOC111137609,0.531501644816807
LOC111116592,-0.915566638138061
LOC111130953,-0.210611435834799
LOC111137760,0.66661599790149
LOC111116151,-0.212975836697083
LOC111127637,-1.13068620690372
LOC111133057,0.575749406264771
LOC111107557,0.00189209010061857
LOC111104770,-0.2699745226305
LOC111104326,-1.83576677033857
LOC111134137,0.671554045608234
LOC111114048,-0.379752438587381
LOC111117591,-0.710911145869355
LOC111135181,-1.28687446880335
LOC111127783,2.40312504290612
LOC111110677,1.78241148457846
LOC111123790,0.215627448805672
LOC111121311,0.0470650222567002
LOC111124993,-0.0738887405484041
LOC111135055,2.15898205022831
LOC111105077,-1.07256985088924
LOC111110875,0.645883224722974
LOC111119085,-0.0460218434922007
LOC111123796,-0.259738073077019
LOC111131242,-0.784837141780353
LOC111136380,0.115417997104428
LOC111126810,0.644300456009928
LOC111099123,-1.20704348069925
LOC111104038,2.26717305730706
LOC111105521,-0.57594063422951
LOC111130624,-2.97726490433559
LOC111131766,-0.454753010132897
LOC111099446,0.106615166893353
LOC111118569,3.39966246935554
LOC111133808,-1.87596990813902
LOC111113575,2.92285133042465
LOC111136227,0.200734928770544
LOC111133319,7.53293231675574
LOC111116795,1.85385407303808
LOC111135721,-0.0882524445092331
LOC111136559,-0.223780019128697
LOC111104082,-0.135229866296073
LOC111132595,-0.158345566840252
LOC111128488,-0.0334196832587697
LOC111108947,0.0719275509201873
LOC111099489,-3.22222289038277
LOC111109904,0.161378080000598
LOC111130374,0.417812154880996
LOC111110356,0.96384330166653
LOC111136889,-0.167349833749068
LOC111114609,-0.635128487174699
LOC111124533,0.882187648253518
LOC111136238,0.951560448856751
LOC111114532,-2.62808613712203
LOC111119397,-1.88841955672244
LOC111130874,0.943530646549978
LOC111119682,0.0376795484233977
LOC111125196,-0.00861563557054373
LOC111127060,-0.785847821189088
LOC111129193,-0.74343343972945
LOC111104544,0.355173393347869
LOC111102211,-1.43673509719297
LOC111128962,-0.739006559930712
LOC111102852,-0.437971181994322
LOC111130629,0.0384764162015395
LOC111129275,-0.400362847202438
LOC111100889,-0.504151207746295
LOC111122375,1.36383703619703
LOC111127550,-0.0500826220859521
LOC111109128,-0.0460422034036963
LOC111109129,0.102671105801632
LOC111128589,1.7067750849015
LOC111127811,-0.165386258813889
LOC111129147,0.145912167827244
LOC111132343,0.409504192193199
LOC111101199,0.729192508473716
LOC111132531,-0.359337475457311
LOC111102234,0.0515571424897789
LOC111125649,-1.68422159372818
LOC111128840,-0.151895695128937
LOC111133948,-0.766406738497471
LOC111111572,0.610462503646773
LOC111125981,0.982886575267904
LOC111136434,-0.191159203479829
LOC111123197,0.698428174824291
LOC111133858,-1.6621822150816
LOC111134887,-0.268095421294193
LOC111126139,-0.787835240233308
LOC111110039,-0.570439957410234
LOC111105579,-0.459857947172597
LOC111135832,-0.784648708740336
LOC111138306,-0.0610964447709024
LOC111111939,-1.56166690868215
LOC111104970,-0.0246147196574531
LOC111128851,0.309339689541527
LOC111119442,3.87843729109845
LOC111130621,-0.125030701446743
LOC111126544,2.00302811750365
LOC111109084,-0.853197596052173
LOC111106703,1.0512192901392
LOC111120554,2.32563317352447
LOC111101639,0.0304083097137458
LOC111121105,0.8756451688822
LOC111123251,-0.446124955536676
LOC111128768,3.72229645807167
LOC111127739,-0.471206861604281
LOC111125005,-1.98771727510947
LOC111107260,1.22534521185897
LOC111112340,1.00494053410766
LOC111130595,-2.40039124586664
LOC111120777,0.611655655335744
LOC111130289,-0.672636282106697
LOC111111422,-0.370793417451926
LOC111112382,0.553633875685558
LOC111114829,0.72656903790449
LOC111108423,2.98769597741982
LOC111121581,0.801834944355855
LOC111136957,0.496270747499409
LOC111101023,0.585537982996816
LOC111123837,-0.277807945014145
LOC111125566,-0.726419733099718
LOC111106006,-0.48184339872112
LOC111122653,1.67407312865566
LOC111131867,1.00181601997785
LOC111134617,3.14128338721079
LOC111101628,-2.23058564255266
LOC111100845,0.065855137759705
LOC111099949,-0.0634514315531189
LOC111132134,0.771049638740218
LOC111119585,-0.915547809168292
LOC111118600,1.76183147192951
LOC111119198,-1.75475652878659
LOC111123753,0.805619841001414
LOC111107289,0.548221539968449
LOC111112286,-0.422710116996022
LOC111119345,1.02322789892141
ND1,1.81249384763753
LOC111117343,0.168493836105087
LOC111134206,-0.906798922995675
LOC111112172,0.838779054668561
LOC111109757,-4.91597377452602
LOC111113126,0.00756029019068452
LOC111103889,-1.61274303585329
LOC111126624,2.00888607679956
LOC111135539,0.374215771247537
LOC111104996,1.76858157826634
LOC111118463,-0.588689721710115
LOC111128509,3.64964661452237
LOC111118464,-1.55055553992794
LOC111113717,-0.95874894452282
LOC111120829,-1.37773268404711
LOC111109590,2.59321768733707
LOC111111120,0.0378320853323942
LOC111114107,-0.727139598533629
LOC111119063,-0.968164001377753
LOC111131437,2.27583644916957
LOC111131305,-0.88296913333748
LOC111136393,0.980876756200995
LOC111131722,-0.142259415058162
LOC111115993,-2.51545666466047
LOC111100451,2.49847100740237
LOC111110143,-1.04572666499558
LOC111114801,-0.533776508837381
LOC111100514,-0.360795816636671
LOC111117395,0.439447309971528
LOC111107499,2.20070022921002
LOC111129749,0.793009903698438
LOC111112169,-1.09155882040721
LOC111133089,0.292582839729306
LOC111133565,0.0721137459076216
LOC111122435,-0.512402416489414
LOC111102292,-0.218113672360514
LOC111102030,-0.618086855680127
LOC111129821,-0.761117582845412
LOC111134776,0.00156546180666704
LOC111128165,-1.32841101278692
LOC111119792,1.14123831797975
LOC111104285,-1.35939958689843
LOC111120511,2.92861934076194
LOC111137981,3.73243433199741
LOC111114999,0.304897778235699
LOC111130038,0.821720328779327
LOC111104913,-0.607615323622602
LOC111130037,-0.379016380859584
LOC111130036,-0.285578226109127
LOC111101115,1.38075152368505
LOC111108177,-0.140976366613569
LOC111099887,0.139383286617045
LOC111118112,2.37648628652907
LOC111113398,0.0872097883127496
LOC111137838,0.434183886446277
LOC111126659,0.708779695452487
LOC111128038,-1.82314722565723
LOC111125767,-0.631846900853043
LOC111103830,-0.832375148372968
LOC111122846,3.3450982034526
LOC111111260,-0.259364322229508
LOC111103781,-1.52667372753778
LOC111110485,0.202604528790474
LOC111107584,0.225864255927514
LOC111103915,0.633960795058036
LOC111134564,-2.49314849052941
LOC111105286,1.20245544942882
LOC111102420,-0.965935679604296
LOC111099526,2.48545002436275
LOC111136450,3.63545409205441
LOC111131263,1.55636933222512
LOC111118485,-1.31832445721843
LOC111117222,-0.200978939889444
LOC111114607,-0.82638303926353
LOC111103485,-0.0893688290032862
LOC111117488,0.174344757288213
LOC111112580,-0.126184502711414
LOC111123120,-2.60018114582461
LOC111137291,0.464828244182151
LOC111104834,-0.622008916008388
LOC111135359,0.36840281511107
LOC111102337,0.698666289615333
LOC111107575,0.558951639476069
LOC111120475,-0.41115580508528
LOC111116791,0.0410836469582908
LOC111108046,-0.366905335951484
LOC111117835,1.38240721881266
LOC111114197,0.695251227811392
LOC111118606,0.151736515649135
LOC111124612,-0.493791110912943
LOC111126852,0.330859480863303
LOC111104636,1.06581902858841
LOC111106672,0.0281435393267437
LOC111118298,1.54031465085124
LOC111125249,-0.0901195840421596
LOC111128811,-0.839901402696523
LOC111101423,-0.491922189067917
LOC111108629,-0.391211601744165
LOC111117846,-0.517606336370455
LOC111135300,0.386078060602645
LOC111119454,-0.157544245457911
LOC111114066,-0.501507368638742
LOC111121252,0.89438821297195
LOC111120183,-2.43221104416225
LOC111128007,-1.2767176396486
LOC111120087,-0.174644555695561
LOC111132110,-0.121199288004401
LOC111106867,0.277389108833403
LOC111124961,4.34913364155182
LOC111135687,-0.323465639094739
LOC111137366,-0.315414080222705
LOC111106884,0.343594196801827
LOC111132893,0.168978989319481
LOC111122896,-1.85529699953954
LOC111123362,0.0434594182250311
LOC111109940,0.394254871093327
LOC111113180,-0.480464135498785
LOC111125592,4.84035803541892
LOC111103784,0.680510142642025
LOC111123804,-0.410570758563019
LOC111133119,-0.563796978318083
LOC111112924,0.493420303941199
LOC111117310,-0.137194183649991
LOC111131603,-0.883818196688008
LOC111103697,0.00462138093492158
LOC111102912,-0.930500735387875
LOC111114757,0.00756082877064291
LOC111119672,0.846701344677165
LOC111111357,-0.256098906274149
LOC111103199,0.522751992743875
LOC111126856,1.25467741791831
LOC111101820,0.656427684874401
LOC111104081,4.90575210901895
LOC111103150,-1.09204841117001
LOC111127317,-0.472181506985493
LOC111111203,-3.30607645719285
LOC111126966,-1.31536715920647
LOC111101479,-0.210083297334898
LOC111110315,0.277449521628109
LOC111126642,2.04192151157595
LOC111108930,1.3326853978784
LOC111133605,0.416175585576989
LOC111136276,-0.182268109360257
LOC111134800,-1.17822460805712
LOC111130767,-1.21477864598015
LOC111106084,-1.21593259368144
LOC111099961,0.820017800361495
LOC111132831,1.77332123426039
LOC111118232,-0.214728609996382
LOC111125056,0.233818499953362
LOC111121586,-0.479096702601005
LOC111108552,-0.795802412759602
LOC111104016,-0.732403720330881
LOC111103216,2.80978875817132
LOC111104657,0.0805011548257746
LOC111136644,1.32627294078601
LOC111114119,0.222323853712902
LOC111129345,0.973518920551264
LOC111113377,0.543660437987667
LOC111138363,0.742320421897245
LOC111104571,-0.198339856776915
LOC111121639,4.63062767490162
LOC111137338,1.07530770719494
LOC111104969,0.438545171926113
LOC111099192,-0.0659390036647005
LOC111129487,-1.20218278672728
LOC111105580,0.334246975653229
LOC111136783,5.48390028498153
LOC111132073,0.448572546356158
LOC111138256,-1.54689061443995
LOC111110490,-0.952282839493858
LOC111108072,-1.90510835978981
LOC111104513,-1.16462506323737
LOC111125980,0.677888079050852
LOC111134879,-0.169732414041375
LOC111127896,0.0554851130757331
LOC111118494,-0.259919785923407
LOC111132983,-0.0261301289343734
LOC111106657,-0.645836587848533
LOC111113012,-0.931424377793103
LOC111125406,0.353661711184063
LOC111129209,0.656163477063181
LOC111116973,-0.164576136664743
LOC111100219,-1.9254665264214
LOC111115278,-0.973223203867258
LOC111132480,0.00333250214667435
LOC111129390,0.679220700960127
LOC111106734,-2.64951241641284
LOC111130519,-0.232524961713597
LOC111114864,0.122408740307042
LOC111113965,-0.425795871295121
LOC111102221,0.0930457676568996
LOC111100881,0.345545645987094
LOC111122853,-0.602168035747277
LOC111119918,-0.0204265422819379
LOC111101042,0.277380945585866
LOC111137858,-1.19524286181249
LOC111137519,1.34893452844426
LOC111137450,-0.234166672113774
LOC111121483,-1.18490200659839
LOC111102455,2.36017522094176
LOC111108360,-0.157648510219233
LOC111103512,-3.66327706214407
LOC111125136,-0.598566673757785
LOC111117897,-1.19421649499026
LOC111107187,-0.607620569228469
LOC111114660,3.20890630581269
LOC111129846,-0.199170631852914
LOC111131066,-0.253092835925099
LOC111137917,-0.317020312302897
LOC111102991,1.31432992706709
LOC111132156,0.408995401025951
LOC111132545,0.504420920365638
LOC111110179,0.333790057824242
LOC111131784,-0.436991397909716
LOC111109591,-1.51038818283941
LOC111116874,0.927301373684676
LOC111104248,-1.08097177886582
LOC111132039,-0.951447642137545
LOC111124156,-1.25181442539135
LOC111136913,0.834994935040963
LOC111136315,0.241516436833473
LOC111132913,0.644212582479362
LOC111100995,-0.340673855057486
LOC111131668,-0.624397141892924
LOC111119145,0.449570804215876
LOC111133970,0.0279704469452347
LOC111131487,-0.113450916930441
LOC111109373,-0.286154639350931
LOC111101605,0.209892289430509
LOC111108065,1.01965247561367
LOC111101301,-0.645130812634988
LOC111113968,-0.367646698697653
LOC111118320,0.058441757304755
LOC111123594,0.258315104714963
LOC111117940,0.667151150160866
LOC111116827,-0.26213136485278
LOC111119444,0.211408979970902
LOC111137672,-4.30851750193892
LOC111138464,0.12973509058342
LOC111124931,-0.6205663635704
LOC111133131,-1.91048326306544
LOC111115194,-0.654503990910587
LOC111133831,0.0612948693744299
LOC111111030,-1.5383955741898
LOC111107298,1.12356378681973
LOC111119780,0.400851705112946
LOC111133837,-0.0247409169296872
LOC111100385,-0.00712060689401982
LOC111137172,0.535487584757802
LOC111137712,-0.460696417039377
LOC111125738,0.0354111082639078
LOC111137874,1.06818151754637
LOC111113063,0.658394228772018
LOC111132317,0.041265222760404
LOC111112909,1.09402661664462
LOC111122257,0.439128042358727
LOC111128607,1.3017978000287
LOC111128232,0.441942594896655
LOC111133894,0.579581983759089
LOC111132077,-0.426663940699855
LOC111138170,0.35478965843748
LOC111112898,-1.3659109388462
LOC111105370,1.97618040979592
LOC111119651,2.61231314385013
LOC111136465,0.219781195131279
LOC111118115,-0.207883509093718
LOC111134262,0.507289088172782
LOC111108626,0.495186877974255
LOC111127431,0.13606130880721
LOC111112438,-1.29536129586074
LOC111116454,-0.924787128053056
LOC111136718,-5.13696386634682
LOC111138146,0.496035915387365
LOC111118257,0.146747574626909
LOC111099098,-0.176821554033352
LOC111108356,-4.07472166070556
LOC111137354,1.15500180112189
LOC111136584,-0.398246830106944
LOC111115810,-0.691691799220346
LOC111103886,0.836450545127466
LOC111105686,0.712485503804556
LOC111103803,4.24620375762233
LOC111111127,0.331053032650149
LOC111118829,3.59247969325188
LOC111116772,1.19970279503065
LOC111101275,-0.010479322175731
LOC111128889,0.501801913245445
LOC111106715,0.480937811329724
LOC111138383,-0.826102648637563
LOC111106302,-0.644556802892279
LOC111112861,-0.468196030064072
LOC111136305,-1.54049093040362
LOC111131272,0.943314932901457
LOC111131293,0.744470991935924
LOC111135999,-0.0800125305761657
LOC111137228,-0.0877890979305102
LOC111136749,-0.261320850096469
LOC111133790,-0.58223414756806
LOC111134793,-2.27336867390598
LOC111132439,-0.863898801748927
LOC111121766,-1.38568463606304
LOC111126188,0.603722341037323
LOC111115460,-1.19125840907141
LOC111111479,0.433426099721874
LOC111123620,-0.0270429906711156
LOC111110162,0.93808973151769
LOC111100740,-0.423202390553308
LOC111109422,0.374020880490673
LOC111109144,-0.627523657358036
LOC111108892,0.659867625718525
LOC111113271,-0.566664635460677
LOC111114929,1.3111066430403
LOC111105676,0.121521027441778
LOC111133214,0.315283349670096
LOC111134033,0.299040430445135
LOC111119781,0.438711723700655
LOC111111223,-0.927741513428271
LOC111121305,0.784829182646453
LOC111133908,-3.17145178221881
LOC111137842,-0.564502908150773
LOC111103676,-0.936990381136438
LOC111130451,0.803139604699001
LOC111115342,2.15680786035314
LOC111129938,-0.309309717107373
LOC111100383,-0.0463816998890413
LOC111100605,-0.385089900578923
LOC111117823,-0.474188575719801
LOC111105132,0.912816281980437
LOC111127133,-0.386712966257667
LOC111111638,0.907143928086947
LOC111107020,-0.222793592084084
LOC111114010,0.0792995196344446
LOC111131403,-0.711151458617117
LOC111118591,0.237304875280641
LOC111110621,-0.358848240354708
LOC111136070,1.65752065195457
LOC111130725,-0.464502187412729
LOC111121914,0.0516154309577297
LOC111128984,-5.35159935854753
LOC111113153,0.0689198914867411
LOC111117442,0.156633329722274
LOC111112768,-0.18490887225779
LOC111127955,-0.83212243802144
LOC111133600,0.227563668423038
LOC111119248,-0.532317761113849
LOC111118654,0.0735814881094373
LOC111117522,1.00609420025271
LOC111110188,0.0276256753263355
LOC111133647,-0.742559868424126
LOC111100360,0.384213496176458
LOC111124618,-0.195081268603984
LOC111099998,-0.624605427710642
LOC111129149,2.21651248537192
LOC111113580,0.133872564565842
LOC111125998,-0.350761831869175
LOC111135754,-0.445363296444666
LOC111110860,0.0420422095495987
LOC111120822,-1.88494412537535
LOC111107264,0.0289248965388075
LOC111136728,-0.67458771360322
LOC111121536,-0.81032684151591
LOC111130709,0.533248198476731
LOC111119203,-1.55710786804458
LOC111112277,0.394263116749345
LOC111106587,-0.385907334752991
LOC111105165,-1.06658338124981
LOC111111297,-0.342793886855825
LOC111126049,0.471882093263233
LOC111134600,0.300756873321576
LOC111099570,-1.58763706986731
LOC111130047,2.28855886940823
LOC111102583,1.13579087351945
LOC111137042,1.40822244889614
LOC111130280,-0.137809869208164
LOC111112216,0.30595049769282
LOC111106759,-0.608165712141327
LOC111112148,0.194682449350483
LOC111110787,0.0836510671769713
LOC111133195,-0.167374721082669
LOC111120528,-0.418055978801917
LOC111136035,-0.0661658411699007
LOC111124898,-1.03140038611844
LOC111133036,1.32016585066779
LOC111122356,-0.596450741528318
LOC111122276,-0.570178366874965
LOC111128828,0.206644561016202
LOC111114978,0.53579533893251
LOC111136433,0.0460137666866079
LOC111112115,1.00494565809629
LOC111121141,-0.724579276263675
LOC111123568,0.667157939844181
LOC111103409,0.655669859918049
LOC111120063,-0.0365164708217128
LOC111113356,-0.0568413078849857
LOC111137108,2.50147344025843
LOC111115973,-3.20781582597732
LOC111128660,-0.93874080434041
LOC111103790,0.00755958487367869
LOC111121157,0.482193663249232
LOC111101193,-0.390815478507088
LOC111115946,0.338389394807402
LOC111104833,-0.204633975676682
LOC111111673,0.200388804922061
LOC111129006,0.802324738987521
LOC111100232,1.29185220684787
LOC111108905,-0.0679330055760676
LOC111132629,-0.365842441255304
LOC111122421,-1.06715663537858
LOC111109745,0.0814408553578106
LOC111103465,-0.61755126900356
LOC111101772,1.46016293005531
LOC111125915,1.211858893392
LOC111110132,-2.63187092360908
LOC111111736,1.68060228033802
LOC111115959,-0.771539241911088
LOC111101929,1.56547412254484
LOC111123090,-1.89210059004726
LOC111118739,0.579589478913309
LOC111107084,0.423610686691009
LOC111114696,-0.29448253576901
LOC111125545,-0.311447120535015
LOC111134398,0.297042383098455
LOC111107375,-0.906569799470537
LOC111134392,1.84162401091872
LOC111104651,1.83907330335839
LOC111125048,0.956307593907114
LOC111128763,3.4340659506388
LOC111124512,-0.615063759379024
LOC111128580,-0.917077615778851
LOC111128177,2.95902313369443
LOC111118419,-0.499931446915655
LOC111113004,-0.735667291789981
LOC111138505,-1.15052163499033
LOC111130076,-1.2197837700581
LOC111131785,0.963590689777102
LOC111101782,-0.866871682482514
LOC111130471,0.257397031788841
LOC111135442,-0.238690380678573
LOC111105252,1.13759568999871
LOC111138344,-0.200083047861296
LOC111121359,0.446017516586066
LOC111100927,0.283561034748657
LOC111127220,-0.0916988913262635
LOC111133369,0.364719233884765
LOC111125150,-2.29332866146705
LOC111099490,2.76140000947276
LOC111129949,-0.687844071481002
LOC111119297,-1.02778097728597
LOC111107577,-0.303255211307813
LOC111134752,-0.635601136256987
LOC111127385,0.410880010160155
LOC111124921,0.358483904634615
LOC111134929,1.47910515824351
LOC111135352,-0.658878465987423
LOC111103843,0.180241851051743
LOC111117094,0.540883866479418
LOC111127404,0.299254411867906
LOC111117742,-0.0102171588959702
LOC111100653,1.38057697891273
LOC111103994,0.446634787108198
LOC111132923,1.13531765162252
LOC111136720,0.408187297441314
LOC111123491,0.290101142858895
LOC111109248,1.29963362530071
LOC111119691,1.84144727278287
LOC111128926,-0.352628601666723
LOC111134119,5.43698962766042
LOC111137090,0.0244787834671563
LOC111114917,0.844826230993496
LOC111117913,-0.905947957184985
LOC111110503,1.14418017056716
LOC111134787,-0.515044745728269
LOC111116852,0.588901891027683
LOC111137537,4.15639636537791
LOC111134045,-0.566894340086446
LOC111126177,-0.0437039765095683
LOC111106839,0.145341109967162
LOC111119807,0.0985232232763579
LOC111126736,-0.0340060970140158
LOC111134365,-1.10041642786952
LOC111112613,-0.0987437973924485
LOC111136097,-1.35307460249562
LOC111129625,4.51420784554272
LOC111110172,0.133872661165896
LOC111125194,-1.79947358398425
LOC111100470,-1.19371107713733
LOC111138083,-3.64398187771051
LOC111134885,-0.774302706208286
LOC111114025,-1.72495190840213
LOC111113950,-0.77403643709401
LOC111100980,1.06748421629766
LOC111112212,1.31345661371951
LOC111132076,-0.261158989400932
LOC111134583,-40.6902907813144
LOC111135479,0.794394063251946
LOC111135949,0.491186236216756
LOC111131026,-2.08511286096703
LOC111135118,-0.203506821271861
LOC111111772,0.0689249618330071
LOC111111144,0.164904012685701
LOC111133301,-0.406108394796413
LOC111131019,0.26230443449777
LOC111101411,1.07303589952671
LOC111131749,0.951025732981506
LOC111102074,2.23039440822345
LOC111128934,-4.34388064108379
LOC111120508,-0.182858929601603
LOC111109689,-0.378430911583213
LOC111103908,0.11076613825996
LOC111103662,0.0855660909551985
LOC111121222,0.869773707702678
LOC111123075,0.83203829906405
LOC111126423,-0.703314244609784
LOC111134260,3.05906975079566
LOC111120306,2.55002192495655
LOC111107956,-4.17456827530639
LOC111134762,-0.096631196667957
LOC111118405,-1.00828400041205
LOC111122662,0.267903496246724
LOC111105282,0.914685914770376
LOC111128719,0.179598095882741
LOC111112526,0.338212787839214
LOC111129858,-0.0765457370581996
LOC111101901,1.26257848433829
LOC111137595,3.26685352964556
LOC111118279,-1.68796570523721
LOC111136130,2.10008316859072
LOC111110316,1.64688929112039
LOC111127297,-1.05602880375693
LOC111118416,-0.713761846001135
LOC111106168,0.420306177892306
LOC111110993,1.92476777666505
LOC111134501,0.0864691195227528
LOC111133998,-4.58814433478189
LOC111127814,-0.795651051635611
LOC111109679,1.00494565809629
LOC111129008,0.728379560670989
LOC111103158,-1.52264476350405
LOC111131726,-0.336699006216478
LOC111123572,-0.444341294403083
LOC111130791,-1.62457424573784
LOC111111451,1.00514216185578
LOC111133996,-0.394656851377287
LOC111114158,1.37756379424082
LOC111100148,0.966234185975444
LOC111099410,1.32571951905055
LOC111116864,-0.305100529451405
LOC111103778,0.412068440282
LOC111116910,0.250599772333262
LOC111137943,-0.133416682894628
LOC111126439,-4.08731988673484
LOC111117177,0.306210681688915
LOC111132955,-0.368221072127793
LOC111102763,0.368411142622489
LOC111109208,1.28070119375003
LOC111107223,0.94232331067715
LOC111125810,0.13323222189259
LOC111126619,0.00755896543815267
LOC111115632,0.00756073904779393
LOC111127855,3.93295572496976
LOC111137987,1.88398283757818
LOC111115433,0.418173428036686
LOC111118009,-0.241598826835866
LOC111129022,-0.387749352659661
LOC111114926,-0.565697639553164
LOC111127180,0.565725445970128
LOC111130222,-0.936069836254887
LOC111128895,-0.240947281775318
LOC111100393,1.63938863338057
LOC111103317,-0.645410255206472
LOC111119716,0.833590711868805
LOC111119584,-0.720753470719234
LOC111133503,1.36837697254488
LOC111113379,1.10480077215324
LOC111107483,0.281863489197924
LOC111133877,3.27849337184058
LOC111117947,-2.64323426095888
LOC111112596,-2.63415454721386
LOC111114928,-1.48107307349479
LOC111119632,-0.0435186608487058
LOC111135603,0.867445925447876
LOC111108693,-0.11784175090575
LOC111103646,0.969025336239095
LOC111104399,-1.02753822991072
LOC111120704,0.380945976107006
LOC111104305,0.589341332770861
LOC111135659,-2.01928005651126
LOC111118435,0.347847848581966
LOC111118949,0.0222410299272299
LOC111099143,0.187323273793013
LOC111123030,0.282187597803806
LOC111123135,0.391022327002289
LOC111101509,-1.05074043197175
LOC111122937,0.276018249230263
LOC111125379,-0.450570981398201
LOC111107520,1.41290799360561
LOC111099586,0.617818856633961
LOC111136413,1.45951474994507
LOC111128578,-0.143547689445402
LOC111132147,-5.01758745328744
LOC111123428,0.000549590886384709
LOC111117288,0.267085267767865
LOC111138131,-0.531295730017255
LOC111127733,-1.23747227073719
LOC111137543,0.269227756367847
LOC111122423,5.90808570330533
LOC111120435,0.018329167850641
LOC111101549,-0.234482437955114
LOC111130077,-0.57085898570252
LOC111128175,0.600610720465127
LOC111129916,-0.646062758157634
LOC111120514,1.10765345865668
LOC111103004,1.43468359059395
LOC111113302,0.554657242350238
LOC111132197,0.689610094099368
LOC111118292,-0.243148342019077
LOC111132803,-6.10151959315068
LOC111119510,0.821726553242344
LOC111117989,2.50328841053626
LOC111136517,-2.38975586428423
LOC111107805,-1.38158919293167
LOC111120867,1.86517655395417
LOC111121833,-0.396472716669228
LOC111116782,1.17595859069214
LOC111130912,-1.13924081073221
LOC111118418,2.3771089272765
LOC111122249,-0.244935994428208
LOC111115607,0.0837304487581559
LOC111113275,0.60635008017393
LOC111100355,0.355205559612438
LOC111114847,-0.109536853485575
LOC111103463,-0.0876163820724369
LOC111124025,0.232808935182364
LOC111123988,0.396763833250033
LOC111109132,-0.436893415972352
LOC111137356,0.347395699539031
LOC111099511,-0.73362545108804
LOC111130707,-1.82783844085479
LOC111111657,1.07921336735394
LOC111109058,-0.798533475373176
LOC111109056,-0.300867721287658
LOC111115832,3.06984566890214
LOC111107022,0.258801055360861
LOC111099471,0.90825262771242
LOC111106408,-0.423165975489446
LOC111137571,1.95974617880472
LOC111137653,-1.16772896475543
LOC111135657,-0.0313498350471475
LOC111117509,2.52354102220326
LOC111106012,-0.801392060841918
LOC111133494,1.7352651197536
LOC111121690,-0.0351363174844797
LOC111130927,2.12650654539632
LOC111104779,1.73854684595198
LOC111124493,0.700279487434929
LOC111120767,-1.77073096268474
LOC111135454,0.813011732773721
LOC111135761,-9.78899293038626
LOC111099680,0.0190389863036507
LOC111123580,2.18737719394749
LOC111133560,1.30876899042023
LOC111104654,0.220107554246415
LOC111137603,0.585916225732908
LOC111103151,-0.645844778553489
LOC111132704,-0.945012973676359
LOC111137560,0.482634670829926
LOC111138329,0.572122111569121
LOC111118429,1.19414956063815
LOC111109838,0.909748261520936
LOC111100207,-0.144308753124561
LOC111120132,0.232584225894341
LOC111120886,2.37850457502765
LOC111115952,-1.84950947862126
LOC111138099,0.00737812139148236
LOC111126378,-0.26533091133685
LOC111128216,-0.399060755542901
LOC111135447,1.02460416657465
LOC111132085,-0.520404331905758
LOC111122951,0.421879205553528
LOC111129196,1.02216380183723
LOC111133575,0.952033951186888
LOC111111055,0.507289088172782
LOC111133507,-0.634807959528833
LOC111136914,0.822932622631382
LOC111119908,-1.98748639058554
LOC111132576,-0.462993337954329
LOC111126319,1.91528630050898
LOC111129972,2.8198111467727
LOC111118072,0.652127576964249
LOC111130727,-0.60785910472083
LOC111131338,0.501379191321773
LOC111118013,1.95918168956954
LOC111128427,-1.56166690868215
LOC111104092,1.70093079717014
LOC111105896,1.04083145860574
LOC111101138,2.74627291501775
LOC111121181,0.283580450576414
LOC111112949,1.01781638698589
LOC111132345,-0.764034480686883
LOC111113826,-1.13030406173495
LOC111101201,0.904035637107919
LOC111117976,1.00631672923465
LOC111110060,0.779668555196484
LOC111121592,-1.0968931714288
LOC111111234,-0.61046554242992
LOC111126005,-0.568472748416318
LOC111107524,0.689655924563315
LOC111122250,2.95495628283447
LOC111125971,2.59565889346315
LOC111123097,-1.44570876604898
LOC111134401,0.230382887379528
LOC111112110,-0.399651090709022
LOC111123153,0.220623769105361
LOC111131044,0.402168599071794
LOC111125978,0.153784789888066
LOC111115883,3.96195139900963
LOC111127752,-0.304961660189884
LOC111100691,1.10574031747185
LOC111127803,-0.263269704690879
LOC111130101,0.849733846818006
LOC111104162,0.394257485127793
LOC111135421,-0.289811199658191
LOC111108516,0.55398421678596
LOC111119256,-0.488324681807254
LOC111111289,1.05661586920962
LOC111109955,-1.2216578949333
LOC111109956,1.55958909954292
LOC111118427,1.50388302535393
LOC111114857,0.366740996920703
LOC111117883,-0.697419100082531
LOC111127378,0.43913115371157
LOC111131796,-0.817442690097391
LOC111113028,1.49723737535375
LOC111116046,0.316018939357592
LOC111117985,-0.0866000313705052
LOC111118367,-2.4911335093432
LOC111122496,0.0749261516510012
LOC111130150,-0.199921234573649
LOC111128841,0.862892261009673
LOC111138095,-3.32092551608181
LOC111129167,0.211697264284457
LOC111110453,-2.62105994884203
LOC111106175,-1.29858945738996
LOC111134219,-0.838946899280959
LOC111110263,-0.957241122075408
LOC111122415,-0.764383114956103
LOC111122072,-0.717667026149915
LOC111119639,-0.537377240383045
LOC111107164,-0.162461831153445
LOC111119482,-1.88009406981753
LOC111107945,0.692084408763576
LOC111113559,1.07707969332714
LOC111132440,-2.13324782512721
LOC111101925,-3.6577563144987
LOC111121255,0.963524873675616
LOC111137486,-0.725388158284076
LOC111118910,-0.939693477993343
LOC111115082,0.216560909465112
LOC111117731,4.64598025275248
LOC111130948,4.56165136449755
LOC111122927,0.00756006428040464
LOC111101468,0.0372443396779728
LOC111110507,1.53138201868866
LOC111108929,-0.905443157391194
LOC111123588,-0.523383192440266
LOC111128077,0.0731072181235996
LOC111103978,-1.70570551112104
LOC111131390,-0.40921185910163
LOC111109515,-0.825066263445175
LOC111132510,-0.7897621820867
LOC111121382,-0.532593985087646
LOC111114244,0.889037769747127
LOC111104515,-0.852289489362103
LOC111137009,-0.1274026577821
LOC111109229,0.493429204929549
LOC111129436,-1.62109204516097
LOC111133156,-0.527600832247947
LOC111114063,0.48432685326483
LOC111099649,0.427467098133188
LOC111130605,0.0063046254918192
LOC111104489,-0.07339635691422
LOC111123229,-0.828029630964835
LOC111116156,0.0698760720758706
LOC111113607,0.438552806351753
LOC111132098,0.830832993799389
LOC111123650,-1.47446628806283
LOC111114934,-0.366901516004858
LOC111127291,-0.987144123191964
LOC111132791,0.340359936000539
LOC111109803,0.119392894143021
LOC111134975,-1.08652012611159
LOC111129470,-1.05178231311401
LOC111131768,-1.7717226569871
LOC111135378,0.575789678373954
LOC111134925,-0.0619238022983756
LOC111121940,-1.00006716037992
LOC111122172,-2.1360955872897
LOC111129369,2.24488359884831
LOC111112506,-0.942073786784032
LOC111125161,-0.614476333011995
LOC111126389,-0.13429035329924
LOC111136062,0.16656671635387
LOC111120160,-0.465066780629753
LOC111125716,-2.38838536975374
LOC111126466,0.0576092858467698
LOC111106775,0.69957475329265
LOC111106776,0.193712946820728
LOC111128295,-0.077333167341823
LOC111107637,0.394263116749345
LOC111125357,-0.629942680098948
LOC111106486,0.553187318360206
LOC111132116,1.15442226385829
LOC111128439,0.223924591063657
LOC111107495,0.0724458598463424
LOC111120022,1.50048464153608
LOC111099638,-0.755402578721413
LOC111117491,-4.11487185716752
LOC111135050,0.466789520732831
LOC111125616,1.61567143355848
LOC111112280,-0.266826273759798
LOC111111296,0.258918559051367
LOC111137730,-1.02554792165848
LOC111114471,0.566285710844616
LOC111116985,-0.918199076473873
LOC111127001,-0.813530901263469
LOC111121846,1.7189240285304
LOC111115415,0.102226802183223
LOC111126329,-0.661063090212718
LOC111123284,-0.227944677712817
LOC111137088,0.0677961859827354
LOC111103837,-1.10845428454173
LOC111129085,0.679672964528408
LOC111129086,0.421949618824699
LOC111125266,0.55868179425952
LOC111126175,-0.48627461238172
LOC111125936,1.41718216305263
LOC111113900,-0.358356720302695
LOC111112954,-0.461944546719117
LOC111120125,1.40204063000228
LOC111109766,2.30428571351033
LOC111129323,-0.835604242847153
LOC111100977,-0.0716642995941934
LOC111111841,-2.50089296213081
LOC111106633,-1.28770693884165
LOC111135358,0.961838684337061
LOC111133682,-0.042020344070112
LOC111137614,0.235688053449536
LOC111104971,-0.709129469176593
LOC111106925,0.0934655486552795
LOC111106952,0.00970379611924383
LOC111135364,2.21180301774412
LOC111128319,0.221385609721517
LOC111120946,-0.345599029018226
LOC111118088,-1.57573739566904
LOC111120439,-0.137543855463305
LOC111103934,1.09134410007828
LOC111134143,0.726804562261111
LOC111122631,-0.697565562302978
LOC111134594,2.37187255641124
LOC111134910,0.226107652974106
LOC111131795,1.21692714086788
LOC111133618,0.208245947295895
LOC111104752,-1.17243795162818
LOC111124634,-1.62458177939801
LOC111134877,-1.32834222196299
LOC111107262,-0.370747635362677
LOC111133738,0.431055902941568
LOC111102300,0.728379560670989
LOC111118426,-1.02957983869716
LOC111131862,-0.257082469083319
LOC111136128,-2.79464372529751
LOC111102335,-0.144238871768004
LOC111100330,0.170737911981599
LOC111106005,8.24820438536755
LOC111132123,-1.49926467633981
LOC111128236,-0.163659334724815
LOC111104123,0.857227571809691
LOC111136318,1.50903350651463
LOC111123735,0.378665096564605
LOC111118728,0.00756006428040464
LOC111120988,-0.451831230317373
LOC111103531,0.522751992743875
LOC111134742,1.06172647087676
LOC111114983,0.00756054265419258
LOC111105615,1.05567419612793
LOC111136271,1.59700710637731
LOC111122223,1.15895504021383
LOC111114036,-0.992594345945091
LOC111122882,0.708274563038305
LOC111130221,0.174007435449914
LOC111100746,-0.467804229219214
LOC111120643,0.228627409354193
LOC111117445,-0.38970408152366
LOC111127729,1.36967783036941
LOC111128753,1.68193855000357
LOC111115709,-0.781599908451883
LOC111099110,-1.41740314248712
LOC111110720,-0.293125777744334
LOC111125211,-0.010137161928978
LOC111104615,-0.0480690463792071
LOC111099749,-0.249171708745444
LOC111111988,1.03512951936309
LOC111099958,0.507289088172782
LOC111129590,0.705684970654568
LOC111133475,1.06013910081124
LOC111105506,-0.325329869527644
LOC111105632,0.235789300401097
LOC111128834,0.459734674386573
LOC111110551,-2.05560595922834
LOC111136814,0.385632990529708
LOC111131657,-0.494658988471965
LOC111104112,2.42680503807557
LOC111105720,0.26056939889846
LOC111106313,-0.796323780706411
LOC111138059,-1.19647350710224
LOC111125621,-0.212046549226314
LOC111123973,-0.408273216067608
LOC111128701,-0.53259709743951
LOC111125378,-1.16293192195973
LOC111137548,1.65908513495058
LOC111102538,-0.256089867073888
LOC111105303,-2.10985569711485
LOC111128735,0.409610416438526
LOC111129866,0.907402346453431
LOC111136216,-0.491466928527489
LOC111131379,0.72080451134544
LOC111120407,-0.629718534050599
LOC111114716,-0.105631906430753
LOC111103518,-0.196371711191766
LOC111104402,-0.34770570597016
LOC111131810,-1.01503565126687
LOC111101619,-0.0122572010811932
LOC111110318,-1.70133495946217
LOC111108566,-0.696372769987828
LOC111103189,-0.0222742864959267
LOC111116177,-0.285638118563896
LOC111100667,0.948711224789005
LOC111136703,1.6147972874593
LOC111105203,-0.817442690097391
LOC111108535,8.99314350498229
LOC111102727,1.4809698881046
LOC111126457,0.683307011030416
LOC111120209,-1.56166690868215
LOC111136953,0.0866959244590533
LOC111137618,0.760386858935524
LOC111111470,-1.08066325288708
LOC111104669,-0.190530910604247
LOC111138103,-2.41637764987914
LOC111112135,3.6401906915126
LOC111101179,-0.6880646249656
LOC111121158,-0.340082891090281
LOC111103992,-0.491111852002161
LOC111102492,-0.175556601594936
LOC111138410,-0.409808638442829
LOC111116440,-1.10522672809556
LOC111136679,0.123386487128391
LOC111107341,-0.0480446220478337
LOC111108340,-0.54789712929696
LOC111099475,0.0495267945739089
LOC111119991,-0.369608360559811
LOC111104750,0.00755794379192518
LOC111115297,-1.00057183344096
LOC111107363,-0.555754824667311
LOC111119946,0.0759398971850249
LOC111137644,0.568677345107488
LOC111105389,0.0288482422014886
LOC111134806,0.351223047804742
LOC111122524,-0.196414816421314
LOC111128577,-0.216220935903287
LOC111129707,-1.6325112686171
LOC111104136,0.702127951011511
LOC111134813,-0.121408205986107
LOC111111975,0.681153389414238
LOC111107886,-1.43156111992718
LOC111109912,0.221300111615597
LOC111118237,0.132173667173736
LOC111131872,0.321977220136473
LOC111106792,-0.364018969276785
LOC111133712,2.26732305703459
LOC111099631,-1.57704852979756
LOC111137041,1.65722219484821
LOC111100957,-1.21802913390542
LOC111125904,-0.700155269829773
LOC111128882,-0.631005216342683
LOC111108510,0.809654795520729
LOC111117026,0.955947082205676
LOC111137767,0.565311884093733
LOC111125444,0.69297369711662
LOC111131564,-1.08688506388069
LOC111103838,0.858356726265979
LOC111121261,-0.196453838586644
LOC111105450,0.892722597656061
LOC111137857,-0.364913994874565
LOC111137190,-1.25676652461125
LOC111136220,0.41823706054013
LOC111128736,-0.313491119073371
LOC111118796,0.839470147534054
LOC111126514,0.0593392808904723
LOC111117682,0.460437985727689
LOC111122548,2.04899166413925
LOC111119091,0.558810864177707
LOC111120580,0.566279201422823
LOC111131450,-0.210008404954116
LOC111137334,0.762666531633439
LOC111100255,-0.503062263640795
LOC111113085,-0.198238812874327
LOC111110409,-0.304319640125051
LOC111125957,0.147183739195439
LOC111120486,-1.96030720868262
LOC111112319,-0.666693399544131
LOC111127842,-0.0320070750035074
LOC111122823,0.00615775383549552
LOC111132316,-0.833027804521807
LOC111129327,0.724168504078665
LOC111124282,1.2734896237597
LOC111134962,1.61983509981387
LOC111131550,0.399387849741187
LOC111121733,-4.75047283456782
LOC111117296,-0.324209197203358
LOC111111066,-0.16795678987531
LOC111128913,-1.00992776767186
LOC111128685,-0.501243990750254
LOC111135795,-0.19631171366581
LOC111125368,-0.731899351182325
LOC111106133,1.22232155486184
LOC111109249,-0.093145702731968
LOC111115407,0.323088373730584
LOC111114522,-0.452362307613002
LOC111107290,-0.712751754152465
LOC111099624,-1.00231621224128
LOC111109115,1.43138606430777
LOC111129000,-0.142769274018754
LOC111105717,-1.86060390975544
LOC111113292,-0.651217447816959
LOC111120615,0.532878837825156
LOC111127630,-0.330750829562474
LOC111125043,-0.953382646518454
LOC111120506,-0.146162129794133
LOC111107735,-0.329144922833802
LOC111130385,-6.52943875859234
LOC111116153,-2.09989042216696
LOC111103131,0.00755891725241868
LOC111114293,-0.103266883363112
LOC111103501,-2.78542947418772
LOC111138058,0.0132460617568181
LOC111137273,-0.264547019129794
LOC111111641,-0.520404331905758
LOC111103343,0.0936754287154578
LOC111121423,-0.725114247436204
LOC111102870,-1.01433522795328
LOC111100676,1.17276774629574
LOC111120989,-0.0495654803134536
LOC111132471,0.0075604075818945
LOC111105440,-0.171265617389602
LOC111133418,0.786994646484939
LOC111117352,0.250263100982702
LOC111117929,0.152574650313033
LOC111136895,-0.771385408647039
LOC111129053,-0.044823784043938
LOC111099979,0.522751992743875
LOC111100707,0.266441572258701
LOC111100100,-0.279965209618703
LOC111112490,1.49662280087813
LOC111135074,0.381591396463583
LOC111131391,1.75065360063279
LOC111132818,0.583237992651163
LOC111113039,-0.951976776849948
LOC111125036,0.968670312488887
LOC111137077,-0.508562799672533
LOC111134874,-1.33949996922478
LOC111124178,-0.925754830918478
LOC111103330,0.43955767186365
LOC111135540,0.133872428705121
LOC111130399,2.25246652228255
LOC111118302,4.71117848492921
LOC111127401,-0.667971239071193
LOC111108442,0.166044636724602
LOC111107929,-0.866167437971405
LOC111131485,0.439128042358727
LOC111108281,-0.876393247420124
LOC111107595,0.768294456147191
LOC111132840,3.23310169866661
LOC111118457,-0.367638683545054
LOC111113408,-0.520300660066911
LOC111121317,-1.97574310246502
LOC111100922,-0.0743856497974184
LOC111125820,-2.81415381205468
LOC111122849,0.0619567762049928
LOC111117437,-0.261178226342771
LOC111113671,0.75832787044614
LOC111101300,0.31493823049063
LOC111128224,0.802458664425229
LOC111107081,-0.0447725857251228
LOC111131323,2.50556947911781
LOC111131104,0.0237455686709627
LOC111138060,2.53398082559396
LOC111123005,0.0827407529251798
LOC111128288,0.134155641304875
LOC111130684,-0.684318346778827
LOC111128975,-0.0322198825881713
LOC111102570,2.47274971233271
LOC111127125,-0.545851474519094
LOC111118315,0.504287580342931
LOC111137951,-0.227950445657933
LOC111111551,0.0739642241343483
LOC111116352,-1.25979472037532
LOC111121532,3.51185716756937
LOC111105696,1.81131763424928
LOC111110394,0.839582331580053
LOC111134817,-1.35690316443713
LOC111100337,5.64570683327167
LOC111105074,0.725866774819621
LOC111103516,-0.341232467745587
LOC111122525,-0.292169148155341
LOC111120895,-0.598721445223248
LOC111111077,0.505621790135306
LOC111104334,-0.868827202706793
LOC111110636,0.677725341189233
LOC111112764,-1.58825480509139
LOC111122591,1.65434876136806
LOC111135750,-1.48596370073342
LOC111104148,-0.0541579372954412
LOC111116253,0.330240871254389
LOC111099839,-0.745514035893765
LOC111131653,-0.173203468955531
LOC111126874,0.866089390731754
LOC111123291,-1.41806934883566
LOC111120536,-0.27861720570052
LOC111119692,-0.755222087623038
LOC111132064,0.284142476546782
LOC111128579,0.00755924867615127
LOC111121642,2.96571966460041
LOC111100147,0.88667663567958
LOC111131783,-3.26507882353363
LOC111108563,0.171275100759466
LOC111120503,0.506141965769757
LOC111106661,0.0923020656279003
LOC111116349,-0.965928206418234
LOC111133035,-13.3783163264679
LOC111102569,-0.378432071728658
LOC111101428,-0.994433141991515
LOC111129898,1.35481843815918
LOC111137044,0.997704711368813
LOC111117743,0.241198645019996
LOC111138389,0.590319436125418
LOC111099583,0.0853436988892438
LOC111127906,3.29827803352876
LOC111129406,-0.2892506363561
LOC111135689,0.0288532482172005
LOC111138512,0.0838554265286131
LOC111113298,-0.502245112899798
LOC111122326,0.931833234755211
LOC111135599,2.49454848471841
LOC111133367,-0.679303447068098
LOC111118185,0.563706524791072
LOC111107931,0.300348003839994
LOC111108271,-1.08974712137226
LOC111119678,1.49132641107281
LOC111126158,-1.44004881489768
LOC111129168,1.49358073249509
LOC111119069,-0.648423721603247
LOC111101690,-2.7267013250286
LOC111127221,0.111811129215371
LOC111115190,-0.711151458617117
LOC111133140,-0.488989014487274
LOC111109332,-0.263515922925052
LOC111125739,-0.0279951019490448
LOC111129263,1.78167009066122
LOC111132297,-0.398469084954644
LOC111103394,1.3042344015791
LOC111138469,-1.03261969965443
LOC111110857,-0.589635475259134
LOC111117324,0.602468522314128
LOC111100154,1.75073452944263
LOC111130025,0.87995540706739
LOC111104211,3.60454178079548
LOC111130369,0.510028781960777
LOC111129591,0.935924781428997
LOC111135704,0.584404690197912
LOC111115654,0.791415117564039
LOC111099115,-0.56241176879833
LOC111115762,1.53339067981108
LOC111118265,-1.01496157225407
LOC111108114,-4.40897809339529
LOC111122836,-0.0532838464648219
LOC111128154,-0.455984242646038
LOC111121921,-0.213564291001375
LOC111108388,-0.451798080158209
LOC111112639,-0.988872325998028
LOC111129533,-0.480354557660493
LOC111103810,-3.57997561963211
LOC111130778,-0.575140613141016
LOC111137968,-0.0110100412363719
LOC111114011,-0.393546091128148
LOC111133539,-0.616604065238208
LOC111134895,-0.621795577769032
LOC111122824,-1.08907933872234
LOC111126537,-1.3815828320131
LOC111111068,-1.03707651511611
LOC111135893,-0.327478983370271
LOC111099867,1.08444674681131
LOC111131814,4.1512313159813
LOC111131078,0.375687496793811
LOC111121664,-0.462455401558651
LOC111104198,-0.256089867073888
LOC111136309,0.00756115891579716
LOC111116304,-0.555813909945777
LOC111132041,0.00780464855323993
LOC111136799,-0.819290632984138
LOC111104164,0.922836363090913
LOC111120113,0.778232584394837
LOC111122953,0.610183577189273
LOC111115005,-1.13465971181534
LOC111132152,-0.770164689530115
LOC111103264,0.0585046365096565
LOC111109977,0.095125084653615
LOC111126690,-0.792061436377735
LOC111135545,0.525612904263741
LOC111122597,2.26349118360463
LOC111124658,-0.160841217097399
LOC111113701,-5.02765773713587
LOC111129888,0.760238787337765
LOC111123168,6.76967202563322
LOC111117010,0.946919751945746
LOC111122819,-0.993477748460626
LOC111122791,0.0689684014478627
LOC111118849,1.93565449346862
LOC111105513,0.974608085611227
LOC111126022,1.20898380756359
LOC111108382,0.831597443818347
LOC111107449,0.0954964065598603
LOC111126536,0.860446629830351
LOC111128942,0.103329761028741
LOC111110965,-0.363737866790354
LOC111116848,-1.82973882227173
LOC111113724,-0.536860045363491
LOC111130908,-1.5890915121993
LOC111136187,0.406456130664542
LOC111137051,-0.729609949137324
LOC111136079,-1.28997255571032
LOC111100513,-0.396894694884503
LOC111111900,-0.773846834929598
LOC111127084,0.192241422165687
LOC111121814,-0.370740109028559
LOC111111848,-0.0812757653368108
LOC111099185,-1.03034901045786
LOC111118073,0.736279839623778
LOC111109693,0.139391272183818
LOC111126036,0.3611122169194
LOC111129799,0.697971306246467
LOC111130085,-0.350813708499314
LOC111103251,0.61937592236665
LOC111131518,0.120787652970812
LOC111116029,-1.41987996105866
LOC111119064,0.322192701303624
LOC111101564,-0.440600231566193
LOC111133807,-0.689071878589674
LOC111120459,4.90392487816858
LOC111102619,1.53848174577794
LOC111101836,-0.367255783819302
LOC111117679,3.4336694027396
LOC111115108,0.184093981146453
LOC111134047,0.0912738836317983
LOC111125413,-0.610524742787983
LOC111130910,0.479325092282849
LOC111111860,-1.3743273751138
LOC111136247,0.327038303495455
LOC111107196,-0.615539034926163
LOC111123828,-3.00784196433674
LOC111135471,-1.15955737364138
LOC111099343,-0.650623999404908
LOC111125441,-1.07238378001386
LOC111137814,-0.0908612647938907
LOC111123693,-0.130590922895412
LOC111136548,1.79517881984294
LOC111130855,1.23887159153773
LOC111130335,0.2200200147253
LOC111111281,-0.618387621647897
LOC111109079,-0.404824697251427
LOC111126383,-1.04133251302349
LOC111127515,0.075384037528688
LOC111130139,1.39735403857615
LOC111113331,-0.098880815434028
LOC111131647,1.02673105392143
LOC111123279,-0.474624227104554
LOC111131466,5.74063415463395
LOC111119768,-0.304243464960987
LOC111130793,1.80400911046755
LOC111137774,-0.334290184810975
LOC111114588,-0.359662453738423
LOC111120662,0.609742730460349
LOC111108068,-0.712810302879159
LOC111130821,-0.720153251004692
LOC111136208,-0.418892457079413
LOC111120852,-3.89200659105477
LOC111125780,0.212721606491466
LOC111128455,-0.971097829461808
LOC111121162,-0.513218188676685
LOC111101695,-0.324634539568719
LOC111102949,-0.668053515184338
LOC111122334,0.0653252907059564
LOC111117777,0.0293511537108701
LOC111121287,2.00040320384437
LOC111102676,-1.17686504669831
LOC111135521,0.0445509924854474
LOC111137652,-0.145171271167356
LOC111123436,0.209460319042108
LOC111124507,-1.45070190066646
LOC111130362,0.156314591835058
LOC111119810,1.1908746118994
LOC111137583,2.91987337294051
LOC111120314,0.364722562522452
LOC111130913,-3.11695555892442
LOC111127384,0.20106508096907
LOC111101210,1.74179982616448
LOC111119167,1.05775155610399
LOC111108081,0.0194436105725756
LOC111126121,-0.0767862344295383
LOC111133634,0.0965082331355979
LOC111135444,0.777788943975912
LOC111125477,-0.417345215447449
LOC111135939,0.364722562522452
LOC111115212,-0.730059455764161
LOC111130328,-0.872195299215174
LOC111115915,-0.422815500739916
LOC111120504,0.00755837693940345
LOC111136042,4.89607410666157
LOC111131855,-0.138979519451424
LOC111099724,-0.218036896159664
LOC111136767,0.556281078284801
LOC111136311,-0.443955000802465
LOC111110723,-0.356264114099929
LOC111122493,0.291223623913596
LOC111117444,-0.977509495425483
LOC111106190,-1.0411981322026
LOC111125840,-0.276045109780012
LOC111115702,-0.252389978723831
LOC111137641,0.831547666387477
LOC111137121,0.355405681595524
LOC111123013,-0.952229801586597
LOC111111897,-0.527330442700692
LOC111102759,0.0835288688802717
LOC111118376,1.57117580081455
LOC111116436,0.473811534960789
LOC111109429,0.489028784297349
LOC111130275,-0.00603593630131399
LOC111119728,0.434792768317472
LOC111123819,2.01767390026685
LOC111111168,-0.201863981774477
LOC111128365,0.346059944505181
LOC111130181,0.130922510552559
LOC111136246,0.299975539682886
LOC111123211,-3.48665183877534
LOC111115219,0.210073504093984
LOC111108909,-0.912139423886189
LOC111107230,-1.51731881688665
LOC111135936,0.657045306343173
LOC111108279,1.25741293516732
LOC111136987,-1.55379673493065
LOC111101299,0.179178886081287
LOC111126387,0.722024137039771
LOC111117092,-0.474693592294917
LOC111103382,0.731187385772567
LOC111111033,-0.670691320456824
LOC111124722,0.643920927707338
LOC111105710,1.87018110131121
LOC111120861,-0.500145213004427
LOC111136404,-0.765372392363733
LOC111123268,-0.602309116198862
LOC111136657,-0.0346232482126765
LOC111123835,-1.04618892933347
LOC111112276,-0.615943863272665
LOC111108359,0.0339748972290635
LOC111120836,2.60449586720274
LOC111104363,0.794904760937546
LOC111127316,-0.636245254330882
LOC111103024,-1.83913031720006
LOC111130636,-0.505285972336008
LOC111126293,-0.564060779824706
LOC111107470,-0.539134048101327
LOC111133842,0.083237461151824
LOC111136296,-0.145517136687423
LOC111130096,0.811858023567116
LOC111121271,-0.765307015833711
LOC111103068,0.00756006428040464
LOC111127055,0.0659570553939628
LOC111127578,-0.371543569951496
LOC111112516,-0.504841355718473
LOC111126557,-0.105148276613275
LOC111121036,-0.794784968932444
LOC111103490,-0.557964819966095
LOC111103499,-0.161111862244236
LOC111102278,-0.326158442247189
LOC111131499,-0.419910448513792
LOC111130722,-0.278974665611796
LOC111104107,0.368099153802754
LOC111106046,0.0815036807756867
LOC111118671,-0.683761519253391
LOC111107928,1.04696067062274
LOC111135840,0.0828239689375111
LOC111111788,0.355413776276341
LOC111130950,0.0177965016504751
LOC111100322,-0.230030040532359
LOC111106583,-0.0804816472912196
LOC111104102,0.916125395472351
LOC111122078,-0.161696963051109
LOC111130914,1.85299547890432
LOC111133166,-0.0121822420429265
LOC111115953,0.477680971637838
LOC111129919,-0.740740355173796
LOC111108305,0.159858097615744
LOC111106236,0.179055747083364
LOC111111050,-0.540792771082048
LOC111138400,0.0969813725426219
LOC111107060,-0.110482763635517
LOC111106036,0.431487179448869
LOC111100512,-1.75903587821374
LOC111133337,0.617662677865467
LOC111108349,-0.280954563555149
LOC111137773,-0.586987040844296
LOC111137221,1.31817923578809
LOC111105228,-0.119265526343517
LOC111106183,-1.4062497012373
LOC111114543,0.177817496898948
LOC111136658,0.61112569454338
LOC111136283,0.439128042358727
LOC111102418,-1.02703330666175
LOC111099910,-0.9083135491788
LOC111125111,0.277383384223162
LOC111133833,-0.753342301214708
LOC111118971,0.671007610492746
LOC111101742,0.0156882995147251
LOC111119435,-0.306006337548227
LOC111115343,-1.11649986441234
LOC111137675,-1.11439320487079
LOC111113185,-0.844148453811257
LOC111107446,-2.13523629897568
LOC111128212,0.000149522038854952
LOC111120163,-0.159853047924632
LOC111129849,0.443908251817358
LOC111135324,-1.04867170316114
LOC111127071,-0.206209484494912
LOC111123658,1.09630149261595
LOC111121434,-0.818618328087481
LOC111132178,-0.590194363902112
LOC111109466,-1.51306119168903
LOC111115784,-0.713544816739159
LOC111107727,0.920283837020873
LOC111125051,0.605544419233977
LOC111127518,-0.0181739006678811
LOC111113002,0.27738151748396
LOC111120308,-3.72908416517376
LOC111117686,-1.37696076486796
LOC111128162,3.21062343377667
LOC111116128,-0.00901354051208711
LOC111101844,-1.43994794933516
LOC111135290,-0.885464238185969
LOC111104813,-1.63067675912524
LOC111136562,1.14994126812335
LOC111112481,-0.16359147437821
LOC111138392,-1.07873052895768
LOC111107714,-1.18903156474879
LOC111101302,-0.667399979929942
LOC111112730,-1.00871146835849
LOC111119007,-0.63378276831318
LOC111138071,-1.90225289141855
LOC111123820,2.05902059235532
LOC111137594,0.00469404316006304
LOC111124704,2.70003699445883
LOC111122840,0.206298765770066
LOC111137588,-0.561563295446302
LOC111109949,-0.0232317518647231
LOC111127284,-0.277154881093455
LOC111106718,-0.149508496431851
LOC111127341,-0.0708187450590788
LOC111118242,-0.642620988873713
LOC111138351,-0.0358029528055704
LOC111134148,3.23279971606517
LOC111107514,-0.024794666989521
LOC111130597,1.36912712708759
LOC111122642,1.40992415915979
LOC111119874,-1.62769006870346
LOC111118927,-1.87644389909347
LOC111120776,-1.36668240972306
LOC111132862,-0.296217459791391
LOC111122942,-1.09534048238281
LOC111108425,1.97978501820377
LOC111111213,0.358878388110282
LOC111116362,0.752579129124769
LOC111129914,-0.896215725042426
LOC111122680,-0.0738941553860806
LOC111135182,-0.980297976675323
LOC111133699,-0.265529286780468
LOC111113278,-0.015004379460016
LOC111108064,0.208592638097465
LOC111118732,1.48053465541501
LOC111136105,-0.497821813071971
LOC111129274,-0.256096972445497
LOC111126285,-1.75718119621369
LOC111133985,-1.45082881251992
LOC111109589,-2.51781416470729
LOC111099548,-0.950256202004201
LOC111134419,-2.11584053538083
LOC111110600,-0.161690021269317
LOC111129293,-0.411354604472121
LOC111129025,0.252974927804362
LOC111135586,-1.44441133601775
LOC111135419,-0.50340530598657
LOC111117681,0.0112854685735084
LOC111123353,-0.340820438582196
LOC111103204,0.41177582519422
LOC111106945,-0.466257707141023
LOC111133698,-1.40637330314427
LOC111135084,5.37186167010015
LOC111127987,1.00119508320294
LOC111124642,1.50700533269249
LOC111123621,1.47881736915306
LOC111136929,0.131844851712461
LOC111125358,4.18172254882288
LOC111115386,1.09942478987153
LOC111104084,0.490371398870635
LOC111100868,0.0311111933280367
LOC111134110,0.20250475884315
LOC111122652,0.0923829818616866
LOC111127164,-0.233737116187622
LOC111136063,1.63050930950168
LOC111122699,0.107314905416487
LOC111119153,0.959630658389101
LOC111110026,1.50482625402318
LOC111126951,-1.72168929780141
LOC111110589,-1.80144014941776
LOC111100906,1.46157666951576
LOC111125574,1.73707120610485
LOC111126949,0.403071209289868
LOC111106173,-0.387129405958378
LOC111123578,0.489028784297349
LOC111111219,-0.438567505079946
LOC111121069,0.444363737883581
LOC111128823,0.635222150496308
LOC111108044,0.286020953073428
LOC111130881,-0.825247743714714
LOC111137478,-0.0230461770235758
LOC111122822,4.00036391347614
LOC111127299,0.202505639729605
LOC111107950,-0.443819608525353
LOC111125757,-0.602617747048986
LOC111128030,1.60240485049106
LOC111118917,-0.205089631442058
LOC111118120,-0.24644696102725
LOC111103229,0.851282661804008
LOC111120327,0.56489943800354
LOC111120992,0.507289088172782
LOC111127371,-0.280271470596048
LOC111106300,-0.752831489911502
LOC111110406,-3.90096751530491
LOC111121273,0.655134789184766
LOC111120937,-0.55385073967246
LOC111136819,0.665190874719041
LOC111116876,-0.533776508837381
LOC111121124,1.38386717655656
LOC111135207,1.68758016058092
LOC111134973,0.893219968165003
LOC111103495,0.189226202507265
LOC111124510,0.581849262320442
LOC111118576,0.798207313326665
LOC111125330,-0.422485099421857
LOC111110381,0.567772071203156
LOC111128714,-0.318981881812961
LOC111124193,0.744796352441279
LOC111123789,-0.522027161075097
LOC111122671,-2.31268861173658
LOC111111599,0.0376478120440138
LOC111138503,-0.288443205818072
LOC111133002,-0.980019624289194
LOC111130262,1.81753755800998
LOC111133470,-1.101591427436
LOC111135490,-2.54337017267635
LOC111126489,-0.304043121584961
LOC111101510,-0.374388519963997
LOC111125961,-0.0159516801771951
LOC111132346,3.22822662600422
LOC111132887,0.0847077713663358
LOC111113997,0.71186449546461
LOC111137363,0.235414550791834
LOC111107346,-0.387414918112453
LOC111111557,0.22655084906614
LOC111127393,-0.379273924401498
LOC111129243,0.236908507528125
LOC111136060,0.416538260262211
LOC111119711,0.803431643814416
LOC111101487,-0.607615323622602
LOC111111530,0.00755891725241868
LOC111122602,0.0695413592304633
LOC111128928,0.865955172983506
LOC111126315,-0.394198879468418
LOC111121997,1.24583607493613
LOC111137129,0.0327349115196348
LOC111125160,1.25773109809499
LOC111119245,-0.264559050136773
LOC111099601,-0.516343294994881
LOC111108521,0.626450652966255
LOC111108914,0.292961150590215
LOC111136989,-2.84569143378447
LOC111132095,-1.27801251259294
LOC111117793,0.0348727026257798
LOC111130687,-0.138673540562269
LOC111135995,0.151381241041013
LOC111114509,0.954494363439665
LOC111136023,1.09980854930579
LOC111129270,0.00229472273967487
LOC111132042,-1.05950811652015
LOC111126547,0.845895133956483
LOC111108466,-0.587929437488938
LOC111124139,-3.1722920336595
LOC111127841,-0.409739339919078
LOC111122989,-1.57798420545803
LOC111128883,3.64547845084481
LOC111137155,-1.66803803985356
LOC111102161,1.04834171430908
LOC111120597,4.6058500810413
LOC111134886,-0.58581904144906
LOC111135514,0.790120170537286
LOC111112803,-0.392232389277788
LOC111114111,-1.29053994076626
LOC111134649,-1.5385621962371
LOC111108202,-1.46946964592708
LOC111120122,0.554647244555665
LOC111134481,2.53120147372969
ND4L,1.88925943743629
LOC111130925,-0.361731363502889
LOC111118471,-1.49576002702991
LOC111108276,-0.377134967412258
LOC111130518,-1.38353563080161
LOC111131299,0.868177882375393
LOC111101897,-0.504151207746295
LOC111127514,-0.651167365490458
LOC111135587,-0.349692865230754
LOC111109947,0.494737945493657
LOC111135406,-0.411274270640775
LOC111131706,-0.0983095158202329
LOC111136831,-0.533776508837381
LOC111106614,-1.29826000495176
LOC111117299,-0.00684323683666254
LOC111112874,-0.171966223922644
LOC111123554,0.24761856970509
LOC111100058,-0.320644405087157
LOC111117898,0.496270747499409
LOC111104142,-0.890776308911139
LOC111120497,-1.57734153584162
LOC111118994,-1.55759005630596
LOC111109869,-0.972119489654793
LOC111129746,-0.582257874901036
LOC111100472,-2.2542960356633
LOC111119856,-0.64881668752666
LOC111125646,2.69427883865758
LOC111106233,-1.00861013697322
LOC111128388,-1.13701548408273
LOC111110384,-0.755145545957074
LOC111132950,0.648481576056238
LOC111137054,-0.329585739009498
LOC111099692,-1.62437845584616
LOC111109992,-1.29787222669228
LOC111104127,3.36444097570257
LOC111109576,-0.628630806764667
LOC111105122,1.44754837420994
LOC111106575,0.591629491050327
LOC111132903,2.16530963432868
LOC111110278,0.062141147471761
LOC111114204,0.493429204929549
LOC111116633,-0.88296913333748
LOC111110049,0.700079997513734
LOC111125114,-1.80253970616599
LOC111120346,-1.98059998253241
LOC111138349,0.618302557622169
LOC111106110,-0.536244100289278
LOC111115230,-4.60354151704208
LOC111131102,0.480969002785647
LOC111099926,0.762769103507539
LOC111128317,0.197155383892111
LOC111130239,0.186683518340345
LOC111123922,2.98282334963103
LOC111132053,-1.46611508141397
LOC111122929,0.517705530590866
LOC111138369,0.873254482434826
LOC111122168,-0.144985414685661
LOC111128906,-4.18640348688976
LOC111127667,-0.705844891434156
LOC111119466,-3.91320022669983
LOC111136994,-1.26609254067242
LOC111132726,0.812538259070802
LOC111104359,0.969124012961961
LOC111113287,0.983707818380741
LOC111120722,0.886721193305634
LOC111110979,-5.63138103918721
LOC111132613,0.575599353708412
LOC111130568,-0.786813333726855
LOC111128235,-0.880873446183874
LOC111110976,0.425750505797694
LOC111118919,-0.337035560777038
LOC111114779,0.339134600261018
LOC111120236,0.482366839526608
LOC111116530,-0.728031151927232
LOC111128977,0.0415557278723419
LOC111130020,0.511368132342502
LOC111128260,-0.133860364719899
LOC111100452,-1.75760265429112
LOC111123657,-0.760188624990799
LOC111119132,0.905410028435365
LOC111103720,0.278640323547144
LOC111119191,1.33530697446379
LOC111107606,1.19671297568267
LOC111119359,0.652723396495757
LOC111117045,-1.55276584016329
LOC111121263,4.04659542591379
LOC111104758,-0.305443478094456
LOC111131841,3.47645071904235
LOC111117755,1.40058366351798
LOC111114448,1.40939688577962
LOC111127153,-1.74260127700343
LOC111121973,1.60314357039286
LOC111129569,-0.152258224312175
LOC111136852,-0.60768328885631
LOC111107802,0.00755919442611839
LOC111114899,0.178303969971915
LOC111138139,1.09319949541958
LOC111131765,-0.19288255263375
LOC111131636,-0.0353808050250798
LOC111116890,-0.528224543548904
LOC111132795,0.069584203469787
LOC111137832,-0.757252124448236
LOC111125797,1.28814943239411
LOC111118459,-0.0922163749356505
LOC111101837,0.990679245833894
LOC111115402,0.474785565647586
LOC111133312,-0.16169595532838
LOC111120993,1.00358830455679
LOC111107333,0.939210784552963
LOC111103022,-0.655485580386275
LOC111119927,0.555661431609771
LOC111129474,0.361032345460021
LOC111107019,0.443754243485217
LOC111122413,4.7700314716212
LOC111130964,-0.713312737147013
LOC111108746,-1.16240982077575
LOC111133662,-0.115834175058331
LOC111130961,-0.845103564567098
LOC111122094,0.624056996842821
LOC111122369,0.0617316942004853
LOC111110250,1.69081911584314
LOC111102290,0.1819300531794
LOC111119921,-0.43239739726021
LOC111105368,0.728379560670989
LOC111133331,-0.421009727392543
LOC111121254,0.501976269319432
LOC111113865,-0.589635475259134
LOC111112008,0.501950107494719
LOC111126400,-0.727437320500863
LOC111133282,0.217370224691263
LOC111136965,-0.203246799573857
LOC111108467,-1.59461386453118
LOC111103869,-0.0984888494756962
LOC111119740,0.721804343673984
LOC111110618,-0.645836587848533
LOC111138438,0.691690269588736
LOC111102997,0.879027804260944
LOC111133028,-0.147688086386201
LOC111124692,-0.322759749743916
LOC111136420,-0.107008358188781
LOC111136123,-0.360915170193223
LOC111113324,-0.0571555727300162
LOC111100981,-0.402624941436249
LOC111117103,0.133879560815727
LOC111137605,1.6250885879196
LOC111137604,0.317166102559577
LOC111114114,0.434558711350431
LOC111125664,-0.10601987570387
LOC111102697,-0.728328586798427
LOC111132274,1.33093564681418
LOC111126568,1.124065973245
LOC111108198,2.43778329274973
LOC111100553,0.281572475683811
LOC111122855,-0.804990293869526
LOC111125225,-0.0735197160825782
LOC111117761,-1.13585342636582
LOC111103556,-0.605524247766747
LOC111107609,-0.0975494132470327
LOC111110417,-0.515617007052383
LOC111131035,-1.17033470626872
LOC111103599,-0.877916010979731
LOC111116058,-1.23548594504761
LOC111132500,-0.758411870494375
LOC111104553,-0.271884022266924
LOC111108706,0.40122686103447
LOC111119020,0.665972830894126
LOC111132129,0.76825850332187
LOC111114485,0.0355559070430466
LOC111114664,-0.38732939660107
LOC111136551,1.24426464771346
LOC111135584,3.06704943419028
LOC111115636,-0.747457104841339
LOC111100853,-0.650446313862261
LOC111130800,0.0364924699060871
LOC111100479,1.64662744090173
LOC111125835,0.133873065762915
LOC111118699,-2.21686095169248
LOC111127110,-2.12665751800506
LOC111118562,-0.271243726730063
LOC111101248,0.553197297961612
LOC111125771,1.28568197813859
LOC111109741,0.00756006428040464
LOC111100568,-0.239704807164264
LOC111125507,-0.444511322354567
LOC111133163,-0.102734560627004
LOC111111171,-0.102524521213383
LOC111100931,0.373451935682799
LOC111137592,-0.279868695874468
LOC111117605,-0.462941198367327
LOC111111387,0.136593648443904
LOC111117941,8.37819074762206
LOC111131008,0.588798180499401
LOC111128996,-0.8932958841991
LOC111133639,-0.213571455940611
LOC111132411,-0.377840904667695
LOC111114420,0.988141213598541
LOC111102987,-0.357422697584742
LOC111124909,-2.48802338701909
LOC111114191,-0.161690021269317
LOC111118167,-1.17490399151249
LOC111137103,0.346911119008721
LOC111111377,-0.728141124171286
LOC111138382,-1.15905525936001
LOC111128909,-1.7250356095745
LOC111123500,0.1185436857793
LOC111127973,-0.638482352888366
LOC111135716,-0.33732038345912
LOC111110352,-0.406954735703581
LOC111106675,-0.345347279706364
LOC111125324,0.7144581705528
LOC111120716,0.608067903923785
LOC111135383,-0.331183177548851
LOC111136764,4.3452979336813
LOC111101698,-1.18797103983669
LOC111128476,2.39197865725265
LOC111130620,1.03854918724388
LOC111135523,-1.64072923753406
LOC111124242,-0.391215107623055
LOC111119860,0.320803463820571
LOC111113912,-0.607874191878495
LOC111137612,-3.31528678770863
LOC111123255,0.27334253344077
LOC111103219,0.789049141548843
LOC111110908,-0.250036385538115
LOC111110616,-0.0494301588788814
LOC111119604,-2.04537329045914
LOC111128042,1.49737689522431
LOC111116972,0.172826867945357
LOC111111230,0.196494612491163
LOC111124485,0.206704481326059
LOC111128742,1.77210805642923
LOC111115463,-0.0939457278990508
LOC111125536,-1.61346086699353
LOC111111891,1.52644339557745
LOC111127998,-0.784750475651321
LOC111125870,0.862880694820962
LOC111113521,0.74194646683792
LOC111135485,1.4513793330845
LOC111121059,2.86191889812276
LOC111128758,2.15548508444518
LOC111104048,-0.59836304030829
LOC111107451,-0.764783771976166
LOC111129280,0.0268259527446124
LOC111123672,-0.462794397977408
LOC111122362,-0.234569434015098
LOC111114666,0.355413776276341
LOC111115428,1.32867018292229
LOC111119053,-0.541249836992239
LOC111126571,45.292740276584
LOC111136688,-0.0606464276920383
LOC111125747,-0.0822458121580436
LOC111129438,-0.0196793215320001
LOC111126322,0.962639899416329
LOC111101758,0.493429204929549
LOC111131824,-0.719793578278062
LOC111102662,-0.416255109497623
LOC111118646,2.73651670735471
LOC111105779,-0.492825973648366
LOC111134416,0.9488927952806
LOC111114322,-0.16169633525972
LOC111104575,0.126791247601602
LOC111108725,-2.84551780612631
LOC111119935,-1.76382716691184
LOC111134726,-1.36044625603541
LOC111111128,0.233570111288227
LOC111105616,-0.153356937439802
LOC111127572,-0.29167055811573
LOC111120669,-0.1518825660885
LOC111124325,-0.60422021800421
LOC111122529,-0.928982558409148
LOC111119333,-0.0183049219243996
LOC111101534,-0.645836587848533
LOC111119094,4.99324847361556
LOC111121827,-0.926588991081
LOC111132162,0.2944527317411
LOC111110835,-0.376717102253497
LOC111110673,0.105284087108904
LOC111104239,0.531631999451677
LOC111114294,0.958501519365846
LOC111135810,-0.012250756719963
LOC111106888,0.310696734896046
LOC111129144,-0.921842484803581
LOC111125941,0.471787281728564
LOC111104620,0.334636602679398
LOC111100035,0.00756082877064291
LOC111129312,-0.722163246374246
LOC111127847,0.242309099499942
LOC111100133,0.0539449416071432
LOC111108844,0.617814545941697
LOC111106991,0.0479236132277674
LOC111138015,-0.0135282596602022
LOC111112963,1.45360866742715
LOC111128774,0.864827448966831
LOC111117206,0.554698684337829
LOC111120850,0.209871601754444
LOC111132155,1.36881650828345
LOC111124917,-3.83432548245263
LOC111129893,-7.34734777729925
LOC111127354,-0.0286955847009572
LOC111119157,-1.19289287699438
LOC111134088,-35.351014659835
LOC111136865,0.220434181839039
LOC111134589,0.0576383635818577
LOC111119625,-1.6526216452475
LOC111134108,-0.385939328174144
LOC111131101,-0.742392959354875
LOC111119388,-0.469295411387548
LOC111136399,-0.596670391727079
LOC111126148,-2.68558728589177
LOC111115390,0.110543899966588
LOC111138138,1.34961201413024
LOC111126504,-0.0654216881001659
LOC111120244,0.797466197312834
LOC111108707,0.809879001452899
LOC111129159,0.292260879395446
LOC111112778,-0.530307590828223
LOC111131185,0.570526883244636
LOC111131039,0.0827374001082081
LOC111103079,0.662417603234368
LOC111137262,-1.00983743132061
LOC111100901,0.0905729179257712
LOC111127437,-0.731025408519599
LOC111128505,-0.420435678877789
LOC111133145,-0.222155630464989
LOC111101052,0.0689119402676238
LOC111133452,-0.287304291668343
LOC111135096,-0.604215303029393
LOC111105797,-0.349969652718906
LOC111111643,-0.370487313337193
LOC111137679,-0.907392013479408
LOC111100797,0.396847452203758
LOC111104125,0.418100484424588
LOC111106711,0.493429204929549
LOC111120991,-0.0376419337933355
LOC111113110,-0.352918906704661
LOC111110313,-0.576467348748988
LOC111109233,0.753981842421186
LOC111119015,0.341768880269587
LOC111126940,0.826977691755929
LOC111133435,0.457623500613842
LOC111115588,0.726837599835969
LOC111137349,0.711996170964816
LOC111127795,-0.612157536890159
LOC111111447,3.07076526644757
LOC111118911,-0.0636289023548388
LOC111108457,-0.718737405504666
LOC111101611,0.0219364182152981
LOC111132685,-1.72638534873439
LOC111125552,-0.016393105833135
LOC111125551,-1.05672140342609
LOC111115068,2.10744846317948
LOC111110747,-0.347605618179119
LOC111108532,-0.350805456307912
LOC111114909,-0.161161137926867
LOC111107429,1.77160596024532
LOC111108233,1.29334476699826
LOC111137485,0.990474049698569
LOC111117997,0.47587519052389
LOC111114893,-0.649517694572323
LOC111126331,-1.56423768334492
LOC111136522,-0.52109691001072
LOC111112957,-0.642683356989225
LOC111133318,0.142377284321376
LOC111136639,0.61010021767309
LOC111130893,1.28837817824063
LOC111136725,-0.226467492136456
LOC111099154,-1.5944195123025
LOC111132498,0.26074556381397
LOC111137304,-0.255445483372
LOC111103999,-0.622836239390059
LOC111118888,-0.221503686748448
LOC111099114,-0.140398500124532
LOC111127646,0.796510056364517
LOC111122142,0.464137341104634
LOC111135004,0.00551687354411724
LOC111121870,-1.0849605000741
LOC111115147,0.538772610032874
LOC111125096,-0.699591494945468
LOC111129291,-4.80399141807195
LOC111130618,7.08939029934348
LOC111137769,0.752648402374108
LOC111137770,0.719121212808704
LOC111126388,-0.432339134206108
LOC111114816,-2.46066779079657
LOC111130245,1.84773665824445
LOC111102613,-0.0533443985164977
LOC111103226,2.25998615084904
LOC111124857,-0.886994594452106
LOC111111076,0.300190916626766
LOC111135697,-1.47267784193082
LOC111103363,-0.410844744841652
LOC111122278,0.599675588364389
LOC111118614,-0.484716314928334
LOC111110236,-0.314028607362869
LOC111125107,-0.34122989360488
LOC111137180,0.507289088172782
LOC111125666,3.22949285443826
LOC111135411,-0.500545619248468
LOC111115819,0.144529047628926
LOC111114132,-0.534927579851709
LOC111101377,1.510711463122
LOC111127513,0.474816821463168
LOC111124498,4.12149138955627
LOC111102809,-0.161690021269317
LOC111131340,-0.256096098708079
LOC111107430,-0.812099969757248
LOC111106330,1.38845110615673
LOC111121860,0.351666009225031
LOC111110211,-0.179158138094389
LOC111112426,-2.92293155192372
LOC111119757,3.13227419098284
LOC111127936,-1.65091053386579
LOC111100692,-0.138966772158361
LOC111115369,0.492799422260761
LOC111105905,-0.455189256082945
LOC111108676,0.801768976748745
LOC111127006,0.516613868974282
LOC111108801,1.12095794387462
LOC111132807,0.367607842860818
LOC111123983,0.689661107027732
LOC111136113,-0.41440592468244
LOC111133245,1.03536242151045
LOC111134404,0.427809499489075
LOC111108150,-0.477907657863148
LOC111099166,0.0571326887068088
LOC111124108,0.0493637444912087
LOC111130463,-0.303391611003838
LOC111120478,0.644521688263393
LOC111099530,0.486776192858343
LOC111122683,0.456378423986143
LOC111137691,-0.648777795151686
LOC111100197,-0.0404496418276782
LOC111127192,-0.235217314453662
LOC111111475,-0.785388908899333
LOC111126324,0.385413557549805
LOC111105367,0.871569708849642
LOC111102143,9.63292821888506
LOC111114677,0.18658549816627
LOC111104670,-0.789531415400912
LOC111108011,1.8212246448874
LOC111132268,-1.13871172412705
LOC111133160,-0.387621627763792
LOC111138518,-0.153446446617866
LOC111130556,-0.423433147715156
LOC111138388,-0.388591523000979
LOC111112920,2.20646812934973
LOC111126292,-5.80915706725821
LOC111118486,-0.549332367774319
LOC111125907,-0.488178031335068
LOC111116983,0.370579301773647
LOC111119458,1.97658192317441
LOC111125913,0.26078154321159
LOC111132594,-0.349857537498874
LOC111114604,-0.0762402059631854
LOC111136185,-0.877470314029989
LOC111125837,-0.216228524591382
LOC111102468,0.116149284978254
LOC111125242,1.07726605029974
LOC111135616,0.180436325408255
LOC111118492,0.781071599293937
LOC111110582,0.274367490638828
LOC111129358,-0.414233118885376
LOC111115244,-0.483880989249871
LOC111122562,-1.0109325469255
LOC111116412,-2.37584781040695
LOC111132536,0.135927357256627
LOC111108362,-0.348270100589856
LOC111104864,0.428772282872071
LOC111113808,0.139376710540958
LOC111133226,-0.815049843983597
LOC111120686,0.822970737790664
LOC111120642,0.346262967284671
LOC111136612,0.433207048627525
LOC111116258,0.632639097488441
LOC111117151,-0.395781117036957
LOC111125803,0.0551051952698402
LOC111117668,0.406456130664542
LOC111137367,-0.645163928555378
LOC111125359,0.0103653443779733
LOC111106038,-1.97424117969196
LOC111124056,0.896717852110862
LOC111115653,-1.21435625152761
LOC111137145,0.210076005690284
LOC111131717,0.397402912876345
LOC111132962,-5.2156282171417
LOC111103195,0.730926918480564
LOC111113006,-1.20055184621855
LOC111113637,-1.45299095546239
LOC111136352,0.241622265687157
LOC111105744,0.472074882485826
LOC111119613,0.592523264585507
LOC111126152,-0.29407263175747
LOC111125241,-0.819311619474752
LOC111108254,-0.2505216275291
LOC111108066,-0.000728470093282759
LOC111131666,2.99824888557037
LOC111121288,-4.50150959170071
LOC111131613,-3.29525876079367
LOC111118264,3.36955809385422
LOC111125942,1.12940796852805
LOC111136248,5.31511380848814
LOC111121323,0.439979862899206
LOC111138298,0.368411142622489
LOC111136556,-0.717032738975369
LOC111121102,0.208655286193036
LOC111115824,-0.763366963204372
LOC111126658,-0.59104645002982
LOC111135043,0.0721424954497954
LOC111105877,0.483533521060171
LOC111105243,-0.0345496846940097
LOC111109885,-1.38329368942168
LOC111134946,-0.534273920075382
LOC111129484,-0.804258677778247
LOC111135969,2.66942699495114
LOC111134456,0.905348824186228
LOC111112951,1.40177613337414
LOC111136230,-0.856477828688923
LOC111133546,1.75264523056769
LOC111108455,-0.246016855358521
LOC111133128,1.17163735946579
LOC111131423,-0.43516158103208
LOC111123443,-0.867582659329586
LOC111133069,0.0816149755518885
LOC111127650,-1.14935300771115
LOC111117868,0.454690718836087
LOC111101947,-1.69720309679956
LOC111100011,-0.780553712100107
LOC111133172,-1.29315158859979
LOC111126851,-0.219191437524913
LOC111113168,0.24798408785182
LOC111099721,0.894744319527092
LOC111107565,-2.24774171007808
LOC111124342,-0.1773098351013
LOC111130416,-1.14656715264526
LOC111133694,0.93831138840027
LOC111127452,0.304210077403272
LOC111099882,-0.461430790094183
LOC111114461,1.00493754272515
LOC111105394,-0.401668428579081
LOC111121463,-0.532593985087646
LOC111136541,1.11324612581854
LOC111135302,0.0534523442972765
LOC111099127,-0.0278811472865806
LOC111133285,0.45154620307779
LOC111135752,-1.13940386599986
LOC111110350,-0.143152797893978
LOC111121541,-1.13825999933782
LOC111103962,0.280613859636157
LOC111136751,0.151516815566463
LOC111129306,-3.32464108917521
LOC111133462,-0.486374678744954
LOC111124893,0.133879560815727
LOC111137159,-1.46578755447016
LOC111125057,-0.169829157463478
LOC111126409,-0.615441394222552
LOC111109395,-0.446011275103993
LOC111127862,0.516210121047142
LOC111125318,0.663788918337471
LOC111121068,-1.85424410271321
LOC111127905,-0.639833563764087
LOC111128756,2.28577946430433
LOC111123659,1.31082777664503
LOC111135843,0.00755935797894921
LOC111116905,0.127923811965021
LOC111136424,0.422690705851894
LOC111107096,0.5286948997342
LOC111122314,-0.724452258550321
LOC111108432,1.22526098553066
LOC111134517,-0.339406546871164
LOC111120021,-0.256097588708333
LOC111103275,1.47300118354346
LOC111100080,-0.324638871941415
LOC111104734,1.07777072473686
LOC111109954,-0.539134048101327
LOC111102253,0.128260216145618
LOC111108994,0.257121366589463
LOC111130302,2.17303763835595
LOC111130832,-1.39518298360817
LOC111111238,-0.158033970006388
LOC111104484,0.436286293685568
LOC111131441,-2.90063821419436
LOC111104481,0.949154640165754
LOC111116273,-3.14989858840947
LOC111099556,-0.921395357624601
LOC111134378,0.0910294009252179
LOC111110108,1.04425111876684
LOC111106778,1.19731521934223
LOC111116777,-0.0626699638070331
LOC111108973,-3.14644625193436
LOC111133015,1.48155183263721
LOC111107228,1.04243012330721
LOC111099635,0.254433009185572
LOC111118282,-1.172544669435
LOC111126046,1.08874955180111
LOC111137149,1.04390204535806
LOC111126045,-1.60098034485679
LOC111120654,-0.721591102125271
LOC111120655,-0.404650710016522
LOC111111519,-2.6720060650249
LOC111124683,-0.239701470181662
LOC111108549,1.075052532917
LOC111132897,0.488886879064327
LOC111108938,0.0423354609705731
LOC111111739,-0.0503077275069616
LOC111111913,0.00756006428040464
LOC111119213,1.27037440189341
LOC111116190,0.00755983856945768
LOC111126830,-0.171323282932081
LOC111103422,-0.399617539129417
LOC111130660,-0.32711666721856
LOC111109481,0.0922239273646691
LOC111102162,-0.130308047148562
LOC111106035,-0.595357817281326
LOC111103005,0.799905740191572
LOC111119418,-0.358226174922659
LOC111130970,0.504869260448184
LOC111110708,0.0868751819361597
LOC111103058,0.206314846973317
LOC111110087,-0.191756419108484
LOC111128518,1.00077731137324
LOC111135168,0.409101501695298
LOC111100855,0.807262365125082
LOC111127651,-0.24102757728182
LOC111106085,0.512164427317283
LOC111123878,3.91693077026377
LOC111110012,-0.818222937403762
LOC111129176,0.168033148975847
LOC111101136,0.152142752583235
LOC111104825,-0.584679757799678
LOC111122530,-0.588717239225884
LOC111104043,1.25587871089865
LOC111110802,0.408866941769724
LOC111120705,-0.581372822761598
LOC111133767,-1.97950871546955
LOC111132570,0.520651741118379
LOC111107932,1.27634101578316
LOC111131432,-0.347458996253437
LOC111134336,0.56280235879985
LOC111134611,-0.175845237079679
LOC111099656,-1.98529353676728
LOC111129777,0.325647016222287
LOC111126973,-0.0335177657954756
LOC111104400,-2.85465516964902
LOC111112427,-0.938449577557387
LOC111132362,-0.779200739524304
LOC111101434,-3.54205779120069
LOC111128600,-0.412709298116481
LOC111105429,-3.34762050661365
LOC111100018,0.415095897253854
LOC111126298,-0.580340888399448
LOC111129146,1.00463260391537
LOC111132682,-0.116429072264371
LOC111099924,-1.53402212214022
LOC111119057,1.98410290951922
LOC111136414,-0.201141340974696
LOC111113599,-0.411895028636762
LOC111105298,2.0107222615469
LOC111133824,-40.3878663405037
LOC111099547,0.897856830280365
LOC111127972,-4.00604486752478
LOC111120046,0.118766168935688
LOC111132904,1.33767594011278
LOC111102600,0.136110369077921
LOC111132878,0.00755919442611839
LOC111130432,-0.0514687113481459
LOC111101441,0.985983953320479
LOC111120128,1.48689493786734
LOC111124306,-0.0878767420734927
LOC111122711,-0.35628811122319
LOC111118615,0.210780780292658
LOC111135159,-0.486732145067411
LOC111111220,-1.21541557601453
LOC111137081,2.25335709351535
LOC111120794,0.568670358254803
LOC111124120,-1.51886789932327
LOC111134396,1.71388474906372
LOC111136463,1.95810645045816
LOC111133039,-0.0123871994372818
LOC111138028,0.653842681777085
LOC111123627,-3.1964918026581
LOC111134733,0.283923200142134
LOC111107322,-1.10852721527809
LOC111123295,0.0988509951558066
LOC111121444,3.96942414244825
LOC111118496,-0.732581258638897
LOC111112160,-0.732778255511347
LOC111114469,-0.184956288457574
LOC111133235,0.621229543775495
LOC111103169,-1.12743599805601
LOC111104446,0.00755848513960522
LOC111110095,-0.504151207746295
LOC111110568,0.172771179054506
LOC111132436,-0.520404331905758
LOC111113891,-2.12955149222408
LOC111136256,0.454053838681863
LOC111114450,0.848774772821048
LOC111134106,2.08119275684244
LOC111134789,5.18908165479096
LOC111126728,-1.89621691895303
LOC111118437,-1.7664504867865
LOC111138013,4.23006908426528
LOC111125783,2.89172632364957
LOC111129014,-0.373040843202553
LOC111133419,0.749070987259836
LOC111099099,0.496178322947473
LOC111100034,1.020730505957
LOC111131020,0.233532000967388
LOC111121621,-1.8917612646546
LOC111128845,3.62379535140613
LOC111105845,0.181788391248264
LOC111102451,-0.994434815818023
LOC111124951,-0.433999612078808
LOC111111167,0.0228023735763979
LOC111125512,-2.30714981632651
LOC111119468,1.57417274034802
LOC111107284,2.64045427393887
LOC111099822,-0.88297763858342
LOC111134003,0.115920534238021
LOC111128034,-0.931108659923581
LOC111119748,-0.912146209481677
LOC111127461,-0.543972126926854
LOC111115203,-0.831756470143214
LOC111130323,0.486609076708661
LOC111107309,1.32991740505872
LOC111103855,-0.403549465106326
LOC111132711,-1.64324388488654
LOC111134632,-1.26181683433135
LOC111118712,-0.938433367910979
LOC111123354,3.34982208308782
LOC111113958,0.181091310883342
LOC111137039,-0.0945839358809209
LOC111126300,0.316291635796386
LOC111100104,0.525558090041907
LOC111129315,0.0946294087858793
LOC111119560,0.783565821456674
LOC111128364,-1.85680849404859
LOC111137452,0.518196948016681
LOC111100101,0.454512556982325
LOC111109930,-0.48805959553077
LOC111115410,-1.70612833829818
LOC111126589,0.836333215198005
LOC111136586,0.519882665757052
LOC111113264,3.54013357669056
LOC111105802,0.888074062760044
LOC111112893,-0.128854317794903
LOC111110684,-6.47743923508752
LOC111104978,0.197075930456424
LOC111104013,0.251270418054272
LOC111106468,1.83269146131255
LOC111119485,1.95905791920133
LOC111110774,-0.422710116996024
LOC111103230,-0.633570894632496
LOC111110821,-0.208114063130149
LOC111130889,0.150383214245653
LOC111136968,-0.875138679464686
LOC111136675,0.0175310758011891
LOC111120120,0.123583760334438
LOC111121360,0.654782339091465
LOC111103740,-0.998644879699176
LOC111128082,-1.22053817233959
LOC111108396,-0.211781521504698
LOC111137549,1.98488200051531
LOC111133966,0.837781143330243
LOC111125654,0.726837599835969
LOC111129589,2.42428863345095
LOC111123022,0.406456130664542
LOC111106936,1.77631187181409
LOC111117744,-0.953443046648498
LOC111104474,0.619916581719195
LOC111125198,-4.02191872544137
LOC111117881,0.911635700956778
LOC111119848,-0.462573942455392
LOC111134748,-0.330661000558854
LOC111112624,-1.29158087949989
LOC111128754,-2.6270519931842
LOC111104577,0.085572414674117
LOC111134441,1.38084954693283
LOC111125912,-0.960461445302936
LOC111101744,2.67994438512815
LOC111106269,-0.332724045907807
LOC111107881,-2.99461500033207
LOC111124118,-0.0734995073968782
LOC111109321,1.43850524462304
LOC111124807,-2.58252671784944
LOC111131588,-0.241729957935431
LOC111102781,-1.24431020087989
LOC111105879,-0.358489367017452
LOC111118386,1.6118982419054
LOC111120526,5.09903649890104
LOC111112701,0.204380192263509
LOC111136626,-0.586670577411956
LOC111127940,-3.13121591311547
LOC111118752,-1.95549285493383
LOC111118207,0.0116385596555551
LOC111123485,-0.276536611759834
LOC111132781,-1.33042857723792
LOC111138040,0.379446301428393
LOC111103963,-0.246881895963477
LOC111118864,-1.6342849664856
LOC111131087,0.274688784372242
LOC111105398,-0.185813292439088
LOC111132169,1.85480655945787
LOC111119332,2.1909835189036
LOC111108576,0.548978043032893
LOC111128933,-0.859998850951871
LOC111126118,0.547806736175726
LOC111137181,-0.860460605107955
LOC111127468,-0.272961696553773
LOC111122527,1.29160695064159
LOC111110823,5.87387933063944
LOC111130805,-0.942361135505653
LOC111137169,0.220052588033712
LOC111118982,-1.90248471051183
LOC111125214,-0.571094939170149
LOC111115782,-1.1442425973294
LOC111099896,0.174131081441123
LOC111127425,0.0392160090906849
LOC111123839,0.120320280760134
LOC111131616,0.880133158284949
LOC111102388,-1.11149765434766
LOC111138178,-0.307729291940804
LOC111118305,-2.45064006639807
LOC111137916,0.176461614565706
LOC111131594,0.605952355023894
LOC111130773,-0.16280344218893
LOC111121628,-0.0825456653319818
LOC111119336,-0.337591932300691
LOC111137506,-1.01718068848335
LOC111135626,-0.779042540117353
LOC111111401,-0.492914107663809
LOC111135210,0.339622196777378
LOC111112835,-1.70672669684181
LOC111110844,1.51472912133825
LOC111106753,0.639451781124773
LOC111138213,-1.35051562817203
LOC111121652,0.524782202783288
LOC111106774,0.831979678899936
LOC111105835,0.107837352009268
LOC111131017,-1.49150200901688
LOC111105617,-0.296498003149568
LOC111112533,-1.78827722816926
LOC111099585,-0.689220471971697
LOC111123733,0.168653906648289
LOC111130046,3.37494411041172
LOC111121365,0.00756012046118915
LOC111106424,-1.68931832167921
LOC111119263,0.983329599997911
LOC111125131,-0.412909133348482
LOC111135791,0.0301084441695596
LOC111111156,-1.83000238250047
LOC111103731,-0.963397049340158
LOC111116063,0.609719650180386
LOC111129300,3.39233847138455
LOC111126110,0.747473960700829
LOC111102374,-1.05738818093715
LOC111102819,0.306688822535712
LOC111104793,-0.280487600887973
LOC111128311,-0.297226663943542
LOC111124627,0.697646240444272
LOC111131596,-1.0218168782995
LOC111121065,-0.630998049383995
LOC111118810,0.139148236401955
LOC111118947,-0.142906832819548
LOC111132780,-0.614106171283128
LOC111105859,-1.91000248786927
LOC111118089,-1.3495096959583
LOC111112022,0.11398910600326
LOC111101182,1.34472185564424
LOC111115726,0.116964384085413
LOC111117613,0.492479620711488
LOC111108183,0.647582862356733
LOC111114174,-3.31452584246518
LOC111101308,0.44484483605982
LOC111106885,-0.184174075161041
LOC111128732,0.202506517777745
LOC111130329,-0.173922384181186
LOC111112070,0.721719284017191
LOC111131504,-2.36523502927832
LOC111122636,0.706126084951604
LOC111136828,1.12284621595657
LOC111136325,0.344713228006839
LOC111134099,0.325397809537973
LOC111128302,-0.341015230525982
LOC111103555,-0.274893731228775
LOC111126197,0.238836720879228
LOC111124744,1.378803819991
LOC111113136,-3.14731964950122
LOC111102988,0.709568258347228
LOC111113206,1.7787496092718
LOC111135664,1.59722219864937
LOC111118439,0.39549835130517
LOC111121655,-2.44614164885384
LOC111105767,0.262791602382288
LOC111106395,0.51816226532601
LOC111124392,-0.61703846010869
LOC111121056,0.0546487349900628
LOC111128862,-0.2487739430808
LOC111137655,-0.689846966720782
LOC111122852,-0.0132417268564088
LOC111119227,-2.22931013646053
LOC111126119,-0.519267252806403
LOC111135446,-0.222713935629052
LOC111104168,0.88483447691469
LOC111134592,-1.21396089793939
LOC111128993,-0.354877607060106
LOC111138264,0.263424880417162
LOC111109581,-0.174480570465474
LOC111130358,-2.08564160640673
LOC111110593,-0.0488003206385928
LOC111107432,0.986136399596423
LOC111119473,0.655135833187112
LOC111137342,-1.07244824542697
LOC111106664,-1.47364226992271
LOC111123398,0.335120170640399
LOC111113212,-0.500169991846805
LOC111137984,1.17565841497953
LOC111126670,-0.721099430326202
LOC111131674,-0.00418387480717863
LOC111126527,-0.611385901201569
LOC111135785,0.554657242350238
LOC111103866,-0.237121030573632
LOC111122650,4.65604545198123
LOC111136402,-0.761477572915026
LOC111126623,-0.016209221941787
LOC111125645,-0.454221915664625
LOC111118535,1.1628752268006
LOC111126382,0.680429043983279
LOC111133677,-0.218532413579595
LOC111120168,-0.563893133669065
LOC111133748,-0.0405783220890956
LOC111125951,0.905465028328308
LOC111123179,5.1969346552855
LOC111099193,-0.528580571344388
LOC111133171,0.213989031907053
LOC111129475,-4.1450952172839
LOC111120771,0.0127362302237582
LOC111123232,0.279898362879175
LOC111127828,-0.430238546286116
LOC111112984,-0.0680117698393643
LOC111102426,3.80375325235923
LOC111110564,0.103401847193983
LOC111134048,-0.283362401290869
LOC111102173,-0.121159192857072
LOC111132507,-0.323438085579208
LOC111138420,-0.405479392354785
LOC111104018,2.40548432572867
LOC111122851,1.19555027911838
LOC111120700,0.149957093569171
LOC111104642,0.86064819910137
LOC111135162,-1.82236250511712
LOC111125491,-2.30634526079925
LOC111107816,-0.540061147461625
LOC111113980,0.657432838438601
LOC111126782,-0.564805332254457
LOC111130002,0.145583110853291
LOC111116595,-0.0952374365751914
LOC111108379,-0.0110561491605218
LOC111108692,1.78844488963832
LOC111099470,-1.19074366029839
LOC111107191,0.350501898578593
LOC111115794,-0.544356534844995
LOC111130823,0.846703268800331
LOC111119162,-2.08385462633656
LOC111127359,-0.532593985087646
LOC111119290,-0.653780927967486
LOC111103225,3.43948525221749
LOC111135643,0.520807017686565
LOC111102467,-0.697565562302978
LOC111117386,-0.256096126817745
LOC111121283,-0.863231500959806
LOC111123635,-1.95227201769922
LOC111106681,1.182960386101
LOC111133125,-0.646177260058629
LOC111113338,1.42057261089823
LOC111129029,-2.22701422014124
LOC111122649,-1.76953462029145
LOC111129817,-1.14668908136871
LOC111102710,0.298944878337427
LOC111119351,-1.67651384185488
LOC111134346,-0.830123324125827
LOC111128544,2.66525331343841
LOC111120055,0.170970193606724
LOC111110815,-0.709129469176593
LOC111136407,-0.670510291871558
LOC111112016,-0.234396927728287
LOC111110067,0.407080513069939
LOC111134248,-0.532940669996853
LOC111101057,1.06757373144054
LOC111135835,2.11135943817476
LOC111122727,-0.241950400349924
LOC111128692,-1.9573593031805
LOC111104688,0.288574391690846
LOC111126212,-0.905714447466331
LOC111137283,0.00756073904779393
LOC111101551,-0.930922067711232
LOC111117741,0.519193438291945
LOC111111321,0.962993934455511
LOC111109511,0.179455814922339
LOC111133774,0.900922165829645
LOC111123262,0.106181460538239
LOC111104860,-0.356260822083874
LOC111130992,0.932731513163332
LOC111120638,-0.815114940688026
LOC111111109,-0.57084417164183
LOC111108058,2.45988156885331
LOC111121155,0.0395857919371269
LOC111117391,0.823517146087366
LOC111101466,0.543881208755213
LOC111118676,0.691243424209674
LOC111120698,0.606156579334492
LOC111138304,-0.493321533106554
LOC111114955,1.08320231851614
LOC111128125,-0.268062583949251
LOC111106029,0.604174502285548
LOC111125011,-1.02114855547401
LOC111115672,1.17022928943857
LOC111120167,-0.430014161591663
LOC111100444,0.959997856724628
LOC111123645,-0.683882509524612
LOC111114919,-0.264090764736467
LOC111102815,2.21867902986572
LOC111125976,-0.147329605821447
LOC111113092,0.922258722059091
LOC111104149,3.61085238529444
LOC111132948,2.70030669676361
LOC111129503,0.0214783345874892
LOC111134531,1.90893086395653
LOC111104386,3.48735149577594
LOC111100307,0.296930129755698
LOC111118221,0.197819943724889
LOC111131188,1.03140225121365
LOC111133938,0.0476329571971512
LOC111124191,0.644280267992945
LOC111117809,0.0241860072225845
LOC111128855,-0.725106547933483
LOC111135617,0.442268842568582
LOC111117746,1.46516707261608
LOC111125367,2.79362889065435
LOC111125832,1.04686347170788
LOC111121355,1.72072324094753
LOC111102344,0.428577102935378
LOC111132693,-0.147834300795089
LOC111132035,0.832027836871561
LOC111135509,-10.6479516112529
LOC111135820,0.113336693746802
LOC111105739,1.70056899307598
LOC111111318,1.22460702609771
LOC111129565,0.0150269232006382
LOC111134265,-0.00341647857270566
LOC111135233,-0.917324813909543
LOC111106274,0.811679549823458
LOC111127091,-0.194987101046845
LOC111125502,1.08843168878283
LOC111118377,0.387707661981056
LOC111132201,0.541687133153169
LOC111135604,-0.353709816595919
LOC111103444,0.254732721463945
LOC111119469,-0.106688763803497
LOC111117278,0.141138006533559
LOC111123273,-0.32729869239757
LOC111135120,-0.380870209837112
LOC111108722,1.05159983275472
LOC111130162,0.955828564223195
LOC111122521,0.794526109980975
LOC111116884,0.542642297617496
LOC111105900,-0.349516499629267
LOC111120179,0.755352296715748
LOC111119916,0.107838409067443
LOC111117971,0.0127311976902379
LOC111110420,-0.982031647429638
LOC111109218,1.58367525456609
LOC111110885,-0.794775996726337
LOC111137660,0.922434617117058
LOC111137998,0.538091025931677
LOC111103046,0.821328225322195
LOC111100638,-0.0108853294522706
LOC111128939,2.45866572093663
LOC111137860,-0.0340959895501253
LOC111101789,0.339352644725407
LOC111101249,-0.0998184108328792
LOC111123770,-0.458458590927216
LOC111101707,-0.966539272872153
LOC111106780,-1.22448283600989
LOC111134103,1.13317615637645
LOC111108748,-0.089114208858851
LOC111108428,0.068924961833006
LOC111120637,-0.0274748630029093
LOC111135400,-1.30521267546498
LOC111126878,0.49904689510464
LOC111120960,-0.226865444080641
LOC111119205,0.0661205154419668
LOC111132070,0.185006864390081
LOC111103593,-0.142887830458859
LOC111121608,0.487118812326964
LOC111109258,0.733688189295404
LOC111112204,0.0733038522991218
LOC111125723,0.143899667606866
LOC111105225,-0.582940251485023
LOC111128116,-1.32809882678274
LOC111107326,1.18806265250446
LOC111114608,-1.39266087453692
LOC111136167,-3.95859394258575
LOC111125850,0.397227232141068
LOC111100346,1.11438343706826
LOC111132977,-1.48600178615542
LOC111115003,0.394257348539181
LOC111128163,0.0273438591428604
LOC111100860,-2.78564894136318
LOC111122576,0.612514770727786
LOC111108309,1.11551005853464
LOC111117924,-2.20548929344246
LOC111122917,-0.0300477651668809
LOC111130483,3.02538927330039
LOC111102914,-0.182334669103821
LOC111114452,-0.00912480442125404
LOC111126752,1.76418194803283
LOC111114012,0.00755891725241868
LOC111124528,1.78819296726485
LOC111100274,1.38309843955299
LOC111137115,0.00755891725241868
LOC111132157,-1.34933052841536
LOC111126317,-0.852097154258329
LOC111119881,-1.058058159927
LOC111128861,4.7405823518309
LOC111109121,-1.12906927121321
LOC111137859,1.4128404378849
LOC111114761,1.0283666146286
LOC111119373,0.0106717133575485
LOC111125329,1.66654529943558
LOC111109620,1.05219397669514
LOC111124093,-0.0694111803386256
LOC111107787,-2.37763260619106
LOC111123119,-1.16884875730245
LOC111110657,0.421381811297976
LOC111138109,-0.845518862498131
LOC111130850,0.625539486119295
LOC111111197,-0.0669036957900874
LOC111130956,0.234627923875864
LOC111131414,1.316685475142
LOC111118425,1.68393779515982
LOC111100431,-1.454978661172
LOC111138492,-0.517364331525631
LOC111138490,0.120444027977786
LOC111104306,2.16315801982543
LOC111102296,-0.262161213293958
LOC111120999,-0.158903485150674
LOC111106822,-4.41725647502403
LOC111130866,-1.63492492374983
LOC111130196,-1.42138583583173
LOC111114591,1.40778011611976
LOC111116358,0.645353373122511
LOC111137869,1.5906175793526
LOC111126146,-2.95454620824085
LOC111136811,0.207835601631717
LOC111137191,-0.0607288453281723
LOC111115665,1.5707848678241
LOC111119809,-0.445912168925891
LOC111129087,0.690390113735862
LOC111106689,1.42540862162212
LOC111121825,-1.45552954298722
LOC111102044,-1.36380081446212
LOC111128496,0.891155927977364
LOC111109860,1.06009514086371
LOC111121207,-0.0769604139761669
LOC111114201,-0.675764602658047
LOC111114501,-0.425874730964107
LOC111132817,-0.25285206352768
LOC111134967,0.990311952578819
LOC111136285,0.678802592447111
LOC111105728,0.297862337806633
LOC111135177,0.531404902181982
LOC111103203,-0.437141638727366
LOC111130642,0.417314918622261
LOC111113326,0.210386336957248
LOC111133191,0.255516463862
LOC111101120,0.205827831902557
LOC111108505,-0.205480480315469
LOC111129994,-0.978465808759926
LOC111128527,0.120999357168832
LOC111118948,-1.4615263285705
LOC111123868,-1.27077861762087
LOC111105453,1.09441583278069
LOC111130184,-0.0904356297764173
LOC111100457,0.281530422379975
LOC111101039,2.11648622106192
LOC111103789,1.26256792650918
LOC111106943,-0.214382495916568
LOC111123984,1.10949786861286
LOC111101541,-0.447657441984474
LOC111118854,0.0671260423627999
LOC111110433,0.271993022268737
LOC111111501,-1.0933864440637
LOC111115136,1.5206684946349
LOC111137432,-1.14585219129646
LOC111122689,4.89573368657555
LOC111131275,0.0929637257377975
LOC111136064,-0.301322302570735
LOC111117798,-0.101825673825245
LOC111128693,-1.13182749170475
LOC111101175,1.2017664583383
LOC111102146,3.25528774662502
LOC111124300,0.280487446749256
LOC111126885,0.583237992651163
LOC111115500,-0.770733240798292
LOC111113178,0.103284065889665
LOC111107030,-0.726939333040147
LOC111100651,-0.249135064187389
LOC111125273,-0.983393024895577
LOC111136378,-0.686112932837042
LOC111101353,-1.35603304149309
LOC111112272,0.364715595097324
LOC111128890,-0.522027161075097
LOC111138393,-2.35994337877777
LOC111118723,-0.222543839658574
LOC111103936,0.544657022935327
LOC111102539,1.30331470386714
LOC111136487,0.681885877471087
LOC111123794,3.91333505029882
LOC111133471,-0.147180899010534
LOC111125572,0.264850759092228
LOC111127394,-2.53137449013075
LOC111113904,-0.212021353450394
LOC111100647,0.179092130458722
LOC111134374,0.019886124158082
LOC111104129,-0.227136604879371
LOC111104281,-0.116733311757147
LOC111133207,-0.192647405875098
LOC111128549,1.20762503229502
LOC111132109,-1.02567484378916
LOC111104156,-0.463186080679717
LOC111114462,-0.375998597437526
LOC111130431,-0.371707351599187
LOC111129129,-0.607206005079396
LOC111114637,-0.539397257157027
LOC111130423,-0.46920420383636
LOC111135416,-1.80355294347266
LOC111127856,2.82820054593448
LOC111135313,-0.957720054365888
LOC111112636,-0.0623375014637496
LOC111133210,0.013614423828398
LOC111116926,-0.645836587848533
LOC111132141,-0.0697088998162002
LOC111102833,-5.08162370430846
LOC111119562,-0.161698988509116
LOC111117028,-0.32767651361789
LOC111104590,-0.337061185880167
LOC111120862,0.290547373571816
LOC111123492,0.376927641582702
LOC111128101,-0.900660416427318
LOC111114654,0.689037577603206
LOC111107914,-1.01133902277954
LOC111124536,-2.28624191032287
LOC111122918,-0.358376543683748
LOC111102334,0.00756085161586969
LOC111120897,0.286374005602712
LOC111106917,1.05416125636369
LOC111126926,-0.587929437488938
LOC111136642,0.152600156773586
LOC111107659,0.0390665580501725
LOC111119341,-2.6911254780308
LOC111135624,-0.383273886353652
LOC111132905,-0.091948752402617
LOC111101725,-1.84785604345526
LOC111115456,0.00471267312609273
LOC111101888,0.790039839208722
LOC111137721,-1.27254505565029
LOC111121548,0.295667043442706
LOC111134424,0.368419418695581
LOC111100010,0.518363569459744
LOC111119640,1.98222773422088
LOC111128234,-0.0454349387045358
LOC111107093,-0.292735613794299
LOC111112888,0.343922817565144
LOC111136777,1.81195498435192
LOC111100041,1.14605305342414
LOC111100926,-0.228144256840808
LOC111122857,-0.120639283945881
LOC111120855,0.057482420491939
LOC111119006,-1.30106329680275
LOC111107058,-0.751013058082194
LOC111134503,0.0750012552977984
LOC111111079,-0.154242101424034
LOC111124813,0.991654744225798
LOC111108212,0.318955180689058
LOC111106639,0.200343537854644
LOC111127021,-0.344587269229342
LOC111102385,0.0933452423374191
LOC111125458,0.151928863939105
LOC111120116,3.22293130029976
LOC111105158,-0.167624436860684
LOC111103338,-0.495891425951442
LOC111136935,-0.00838243806850821
LOC111137586,-0.787230089173022
LOC111132925,0.365203648379579
LOC111137494,-0.125920613923012
LOC111106171,-0.380331243365039
LOC111122540,-1.04788688351169
LOC111123151,-0.3791930428387
LOC111128306,-0.478411554097333
LOC111131292,-0.141217420933211
LOC111132195,-0.190687555187133
LOC111117042,-0.64881668752666
LOC111110173,-0.233972745313102
LOC111121220,0.901275374208273
LOC111138394,0.752877717125024
LOC111138318,-1.16508131245608
LOC111129976,-3.38926126569122
LOC111112112,0.295155663612023
LOC111129310,0.0152294556385542
LOC111100410,-0.672790912819481
LOC111120627,0.333952049417423
LOC111128484,0.730743119505556
LOC111125489,0.721466570479157
LOC111101365,-0.0255348361092564
LOC111100559,0.0180407552403329
LOC111125202,-0.589635475259134
LOC111130580,-0.419126132084821
LOC111123144,0.0400041330254616
LOC111135332,-1.91043943226765
LOC111131853,1.19045180804304
LOC111113970,-0.918199076473873
LOC111124234,-1.48067003115151
LOC111123831,5.2817828618959
LOC111132350,-0.539134048101327
LOC111114212,0.460151027087313
LOC111117735,0.028182647165221
LOC111120025,-0.74869772353186
LOC111110451,1.15821709255756
LOC111128058,0.319305762666024
LOC111112448,1.7597335476086
LOC111100671,1.86616710380469
LOC111125851,0.025295236188361
LOC111124867,0.068222348545218
LOC111102873,-0.632507847564494
LOC111107040,-0.650595099996425
LOC111132751,-0.159234290058958
LOC111124324,-0.846237832393802
LOC111126230,1.04529142114324
LOC111117678,-1.05775829339375
LOC111133553,-1.60966279997769
LOC111099881,0.130882846014297
LOC111112773,-0.0307892217743902
LOC111109171,-2.82493711311624
LOC111127374,-0.406515276378921
LOC111122584,0.7479384011723
LOC111108551,-1.67630636278053
LOC111131687,-0.526331003310265
LOC111100753,-0.0172884742673964
LOC111138155,-1.43034626809221
LOC111125405,-0.313345400091998
LOC111113391,-0.453940918828956
LOC111133091,-0.209226483807064
LOC111134319,-0.951583492538245
LOC111109997,-0.0801531682573479
LOC111137696,-0.784750689376365
LOC111123452,0.0284229670883952
LOC111099821,-0.537887676157535
LOC111104232,0.721176647493131
LOC111131240,-0.825133295075771
LOC111109944,0.394263116749345
LOC111102092,1.20585956925874
LOC111133049,-1.14156668375819
LOC111123552,0.480880247956344
LOC111125268,-1.8079564807443
LOC111130696,0.261007181485327
LOC111117771,-0.166427119795511
LOC111125165,0.548735031156037
LOC111133911,-1.34652891064805
LOC111132050,-0.53908856366494
LOC111133333,-0.432638812185078
LOC111100534,0.340732082653794
LOC111112782,-0.650601044662007
LOC111125313,-0.141895537375585
LOC111133267,0.153427322393284
LOC111108029,0.00825195344436306
LOC111108849,0.202507246864439
LOC111134476,1.19144315240936
LOC111131793,0.683897920658146
LOC111118555,0.82003799168841
LOC111123738,-1.39485079091243
LOC111135653,-0.333958414051335
LOC111104838,-0.0609409274590441
LOC111120809,-2.13011665219238
LOC111134993,1.34100096554032
LOC111118327,-0.073982735356397
LOC111124715,-0.410505193929039
LOC111124631,0.25969423197354
LOC111104749,-1.42782739519507
LOC111126954,-0.588257836657205
LOC111105354,0.411808339804021
LOC111108264,0.620849806322079
LOC111132302,0.14866276366447
LOC111119431,-1.73473494111548
LOC111099722,0.250157386689649
LOC111118816,-0.189781241936873
LOC111131297,0.0956000354930487
LOC111119515,1.10065242752581
LOC111109989,1.12250216666485
LOC111138173,0.0191949592645809
LOC111120604,1.47935823408017
LOC111129077,-0.210575613960923
LOC111120661,-0.0641115642430809
LOC111135850,-0.993740108437585
LOC111125869,1.03293593370693
LOC111131732,-0.774596762289936
LOC111119775,2.74405561191938
LOC111128826,-0.813113437389328
LOC111110942,-0.118402209892924
LOC111125105,-1.3781758780358
LOC111137777,0.172653174098243
LOC111122777,1.08624108600888
LOC111116819,-1.37584732755558
LOC111108088,-3.8153383264211
LOC111134985,-0.761117582845412
LOC111107138,0.886117201610206
LOC111126979,-3.50250514222949
LOC111128739,0.701700674180227
LOC111115715,0.0628316943467256
LOC111099569,0.376342254159342
LOC111135937,-0.367364799488434
LOC111125000,0.910719007369445
LOC111136995,-0.276729900461679
LOC111131828,-0.127643617259176
LOC111131455,0.847671949386829
LOC111100239,-1.82905678596479
LOC111106013,-0.594330375686052
LOC111117931,-2.40984827240836
LOC111133437,0.158178243469232
LOC111102989,1.17369402287152
LOC111107338,-3.01788762109825
LOC111122534,0.164120881491384
LOC111128854,-3.07835817956549
LOC111132108,-0.0379946821328588
LOC111127325,-1.03160323626494
LOC111114629,-0.921235963127747
LOC111120863,0.892512324889291
LOC111119305,-1.34772431254387
LOC111137648,-0.561343566494651
LOC111115180,0.674741667817958
LOC111103529,1.71217877917546
LOC111109826,0.427791407780359
LOC111137619,-0.0602155934579494
LOC111106876,0.812956496099409
LOC111125115,-0.273136524689305
LOC111133073,-0.444338943509485
LOC111130835,-0.68176059094781
LOC111106608,0.133873255973218
LOC111112683,0.682866188092226
LOC111112674,0.626891001204496
LOC111134561,0.325784390439664
LOC111129126,-3.49896176747249
LOC111108606,0.400902594626522
LOC111108027,-0.272646064627886
LOC111119246,-1.46150057979945
LOC111105505,-0.751557222892436
LOC111128430,0.733022594167756
LOC111113003,-0.419075289660603
LOC111105699,0.409422965256141
LOC111126256,0.853388842525503
LOC111128360,4.76846047863512
LOC111122665,0.75386614541764
LOC111106001,-0.899234188386703
LOC111137421,0.267085267767865
LOC111114663,0.40356763840798
LOC111118133,-0.102400233860286
LOC111137473,2.01168801981304
LOC111106268,0.626536001791181
LOC111136444,-0.237039304627997
LOC111131231,-0.819396096647788
LOC111125943,2.97598018602754
LOC111125089,0.549962407773197
LOC111101545,-0.467791058263723
LOC111134111,1.85505025865846
LOC111102917,-2.24286285415371
LOC111116091,1.5003377687689
LOC111105362,0.397382293595449
LOC111137265,0.105193627081893
LOC111121229,0.39643543495492
LOC111133458,-0.195109785115134
LOC111120225,-0.370409044270936
LOC111108332,-5.48679503656716
LOC111099359,0.206986481447202
LOC111129868,0.170102898796115
LOC111135770,-0.523243453080449
LOC111126518,-4.57607331956186
LOC111107450,-0.168023532898967
LOC111116952,0.277381876837364
LOC111103073,0.367956437841623
LOC111114078,0.619916581719195
LOC111135574,-1.23858215040197
LOC111099111,-0.308993765796044
LOC111108118,0.554657242350238
LOC111117871,0.365554435851899
LOC111122587,0.421228976761895
LOC111121630,2.20489784232999
LOC111119127,0.640932741144905
LOC111120353,0.268957339312994
LOC111110536,-0.739742472291669
LOC111101191,-0.122429464094255
LOC111134429,0.541879808614561
LOC111126795,0.515385907945553
LOC111135505,-0.558152970089355
LOC111118169,0.554791898351519
LOC111133672,-0.732457302593815
LOC111134291,1.16298966442262
LOC111099671,0.436597033382423
LOC111129713,0.439454761243907
LOC111136531,-4.21321053667994
LOC111107402,5.30661245541054
LOC111118592,0.0753507808184302
LOC111131486,1.11202037584345
LOC111102179,-0.121364788963772
LOC111099514,-0.109859649692654
LOC111134763,0.277935576478151
LOC111110627,-0.28016727557473
LOC111131621,-0.856558905885218
LOC111120381,-0.0269723028379855
LOC111110275,-0.309269742799972
LOC111105379,0.493419795863739
LOC111107351,1.0806983353682
LOC111129694,-0.305608183838086
LOC111119758,-0.0642484373340125
LOC111124540,-3.66162971621657
LOC111129841,-0.154889501766444
LOC111119683,1.61478200620746
LOC111100992,0.462758367467792
LOC111131623,-1.05890508548339
LOC111133660,0.487300852250672
LOC111101884,1.01081329612964
LOC111105039,2.11182763143297
LOC111134463,1.83669064845874
gene38282,0.480937811329724
LOC111100539,-0.413212518092152
LOC111126829,-0.15663207032447
LOC111118630,-1.2552687229108
LOC111118241,-0.0499334937911612
LOC111127870,-0.35124535317881
LOC111108115,0.1782800868258
LOC111137237,0.445553558093087
LOC111117531,0.188790420500318
LOC111102677,0.919033623050377
LOC111125856,-1.28500362166654
LOC111104138,0.631589214124024
LOC111122517,1.31273291543276
LOC111104982,0.310303453217336
LOC111118702,-1.34814347006788
LOC111103214,-0.0563714963376909
LOC111106448,-2.31849493767777
LOC111117820,-0.284390049659624
LOC111130145,-0.0384934663329734
LOC111104096,0.46637957401033
LOC111120920,-0.319566148309152
LOC111103767,-0.496836903624232
LOC111112086,2.10479827517426
LOC111118719,0.0131737146948711
LOC111103901,-1.24115456203263
LOC111110572,-0.752383810575005
LOC111123366,0.0982725450818025
LOC111136263,-1.47961482490498
LOC111136266,-0.08731539581808
LOC111132047,-2.03195977345987
LOC111108492,1.02367640704441
LOC111117984,0.00764554104040003
LOC111119144,4.05994315653235
LOC111126816,0.549814963271883
LOC111134769,0.88007286519984
LOC111112412,0.136721483598539
LOC111135647,-0.025787362752035
LOC111130783,-0.406852988042206
LOC111114881,-0.455907031748762
LOC111130984,-0.8476406016012
LOC111100369,0.0495369628527198
LOC111111214,0.338284892430488
LOC111116767,0.215541816360104
LOC111125205,-3.32425195004327
LOC111110030,4.85810215424744
LOC111128700,-0.157642623313481
LOC111120810,2.07928693284729
LOC111134406,0.575683380074505
LOC111134210,-0.886987277113594
LOC111108310,-0.447674362197858
LOC111114922,4.21375276414154
LOC111107324,0.916160634519618
LOC111108649,0.16625442924454
LOC111124873,0.94463139039287
LOC111138510,-0.602844860825581
LOC111117361,0.862124096094037
LOC111105566,-1.00659910919204
LOC111117650,-0.335766854941403
LOC111125677,0.00755983856945768
LOC111138519,-0.0924312393082643
LOC111134027,-1.26789148075961
LOC111137343,0.301611365173301
LOC111125911,0.263569717500486
LOC111122897,-0.0887919399375409
LOC111125145,0.150304453280037
LOC111121064,-0.0058505296033169
LOC111129688,-0.198627542366927
LOC111117669,3.22591744004305
LOC111131503,0.689230424501829
LOC111119346,-0.143579405391508
LOC111134332,-0.781236761502638
LOC111104551,-0.825320964046042
LOC111134933,-0.282631501855183
LOC111118748,0.184654423010661
LOC111133954,-0.813254249590113
LOC111126641,0.215890916049299
LOC111125263,0.0791884122389196
LOC111116895,-0.218877394750143
LOC111119704,0.536725020885089
LOC111130072,0.157181914491447
LOC111106992,-1.73589474823131
LOC111099723,2.04052208442858
LOC111136713,0.299897566708944
LOC111119532,0.105748070490474
LOC111134055,-0.86527834784562
LOC111103590,-0.310327235418371
LOC111118701,-1.11740857923025
LOC111117747,0.832202147853604
LOC111135146,4.8736032619419
LOC111133695,0.892284397604426
LOC111114800,0.406049516655788
LOC111137426,-0.136920294570865
LOC111113323,-0.377555507491066
LOC111108243,0.105397216033382
LOC111118195,0.135980113331088
LOC111123360,-2.89626049129468
LOC111100082,-0.304343644763757
LOC111120482,1.83208491581446
LOC111115893,-0.468927532232161
LOC111118480,0.0504085472451905
LOC111100587,1.47442443400645
LOC111123231,1.52567348056302
LOC111129482,-1.45545016700359
LOC111117188,-1.36412038403247
LOC111121203,3.13107872549655
LOC111107930,-0.668500125861356
LOC111126479,-3.09652413929711
LOC111119292,-2.80953038071923
LOC111103393,0.277450958413467
LOC111109806,1.72770675739469
LOC111133854,-0.585736381920321
LOC111100621,0.330278875563977
LOC111116023,-1.10602764105881
LOC111107462,-4.95708832237731
LOC111133261,0.703163709505392
LOC111109329,-0.532593985087646
LOC111136936,-2.43506173005352
LOC111120552,-1.18485444031442
LOC111115346,-0.647202977106697
LOC111135023,-0.148036104716012
LOC111137806,0.125267640545512
LOC111125544,-0.17106747257924
LOC111115522,0.404088013684378
LOC111126845,-0.0547495801017575
LOC111124089,-0.106245497629348
LOC111130102,-0.467772049180423
LOC111104179,-0.659848187615145
LOC111119066,0.267085267767865
LOC111100562,1.61765941666882
LOC111136231,0.382761158716312
LOC111121334,3.23575908601351
LOC111109479,-1.43026667675899
LOC111108006,0.171884241887865
LOC111124013,0.563622965831819
LOC111114786,-3.50653180200838
LOC111125102,0.667157939844181
LOC111120780,-0.20896538935504
LOC111130993,-2.09312983901064
LOC111138462,0.762658451223891
LOC111133334,1.42963241354752
LOC111126379,-0.0506205974410891
LOC111111793,0.0212856390350025
LOC111133264,0.230635496754569
LOC111121322,-1.94784659540449
LOC111116961,0.734679177790316
LOC111135156,0.326716774154831
LOC111106908,0.67032283070899
LOC111120982,-0.453005812611187
LOC111118431,0.323626454027855
LOC111127494,0.0778636218180266
LOC111128747,-0.221652918138539
LOC111129340,4.43561466084155
LOC111114165,1.45824877059867
LOC111120392,1.01971600133047
LOC111108776,-0.309301469075347
LOC111122309,0.202512875066731
LOC111135722,1.26987153615614
LOC111123110,1.11747695215023
LOC111126032,0.0470741082242882
LOC111114721,-1.10798047496711
LOC111117141,-1.61814237179748
LOC111099141,-0.767380219715797
LOC111128374,-0.0164101439177761
LOC111126191,0.559075494774821
LOC111100584,2.92418704041177
LOC111121719,0.116370295670525
LOC111136851,-0.131774776594796
LOC111136277,-0.450221017822831
LOC111107159,-0.520652841383803
LOC111110007,-0.082471762327242
LOC111118992,-4.11274278920021
LOC111114590,0.956528218162449
LOC111115981,-0.234321408517457
LOC111133527,0.0818275730630842
LOC111103342,-0.26712503755784
LOC111136934,-1.06220376870617
LOC111106221,-0.384419260197603
LOC111130544,-0.0959317820619937
LOC111121425,0.335551039939219
LOC111103077,0.921297432911737
LOC111105775,-0.277636726876443
LOC111120628,-0.10392543455807
LOC111123257,-2.13097063454186
LOC111114807,-0.758935751319404
LOC111132858,2.45713229908399
LOC111135179,-0.352658966544657
LOC111111820,0.0904172986972244
LOC111125079,0.0211466487258501
LOC111132989,-1.07424340937384
LOC111130790,0.159544841699205
LOC111125482,1.3044154857507
LOC111116729,-0.213542686024743
LOC111134595,1.09964751832928
LOC111109982,-1.30134096635535
LOC111114905,-1.41554462813155
LOC111137922,-1.33730038463957
LOC111129479,-0.886280432983086
LOC111106866,0.0125065638292866
LOC111136320,2.09053324397231
LOC111118869,-3.62457804500005
LOC111109360,-0.32587483517705
LOC111117244,-0.230658966835671
LOC111111467,-0.480174780224588
LOC111100613,1.41335642077599
LOC111125887,1.42974819618744
LOC111134771,-0.76733980463041
LOC111134770,1.95807527443043
LOC111132464,0.773383690624365
LOC111128238,0.266686755438624
LOC111120961,0.411075640337141
LOC111138201,-2.02450088508948
LOC111137745,-0.143409050837893
LOC111136874,0.181011237621404
LOC111115645,-0.0966111582134934
LOC111109514,0.139737584841421
LOC111119073,-0.293451172197594
LOC111117589,0.440654158226061
LOC111100113,0.007560126265765
LOC111136618,-0.879546311978488
LOC111116460,-0.383123667579344
LOC111103115,2.72227251376682
LOC111105322,0.520722940078551
LOC111104701,-2.26004074017051
LOC111122019,-0.644556802892279
LOC111115597,0.684185558912241
LOC111106463,-0.732457302593815
LOC111121736,0.156478193924857
LOC111104634,-0.116984385580244
LOC111107308,0.202505116204543
LOC111119151,1.48599128105803
LOC111119786,0.336379952951428
LOC111128143,0.903880411376547
LOC111120499,-0.880750297153863
LOC111115889,0.0108426308270022
LOC111131586,-0.972260291694744
LOC111100882,-0.0915000757530169
LOC111112818,0.000444638542492287
LOC111099590,-0.0324012762152404
LOC111133460,-0.586646949376644
LOC111099069,1.29003190089054
LOC111104415,-0.222720661053151
LOC111135461,0.489028784297349
LOC111120323,-0.691745170885322
LOC111119729,-0.957623879975383
LOC111105727,0.682859916933386
LOC111133001,-0.13033736039305
LOC111134814,0.787432372493988
LOC111105880,0.717129535302167
LOC111111116,-0.760795390019207
LOC111130485,0.447982395906762
LOC111123111,-0.115527665342278
LOC111134580,-1.27522233119506
LOC111108459,0.202512875066731
LOC111135531,-0.0908186159706981
LOC111136691,-0.451972945576352
LOC111120008,-3.44490457383183
LOC111122892,-0.761117582845412
LOC111121267,-0.274649065925578
LOC111119299,0.139877495459914
LOC111112482,0.342237098870801
LOC111106054,-1.34658246723479
LOC111126538,1.18229756289533
LOC111130575,1.15934448267234
LOC111118467,-0.0636232060951751
LOC111135851,-1.29202410267008
LOC111131649,-0.287853761585279
LOC111135131,1.23390586383712
LOC111130682,-0.140384597661302
LOC111121777,-0.709204680896789
LOC111116765,0.0998332904350292
LOC111137383,1.12498489013087
LOC111123808,12.1348181438538
LOC111138280,0.442046595149048
LOC111117469,-0.508402405505112
LOC111127721,0.667157939844181
LOC111116468,0.810387465054434
LOC111121315,0.510974313486298
LOC111107250,0.736412212745132
LOC111119000,1.62048633520445
LOC111105585,-0.796313132809977
LOC111134858,7.58292513006547
LOC111123009,0.436597033382423
LOC111102238,0.222810821971026
LOC111114067,-3.64387636759533
LOC111132758,0.363058894112588
LOC111114987,-0.272444216538619
LOC111114037,-0.341128174803045
LOC111135189,1.88186536973365
LOC111132753,-0.431513197040168
LOC111112667,-0.138225119409239
LOC111126456,0.0164979256326062
LOC111126617,-1.38175868852117
LOC111117283,0.648066457263494
LOC111133281,-1.25498859942803
LOC111131782,-1.34377359492998
LOC111100220,0.249862119429768
LOC111113390,-2.97441136213358
LOC111099182,0.300859898223446
LOC111108524,0.470255137476263
LOC111100227,-0.38186199174561
LOC111135649,-2.63899925019839
LOC111109196,-0.668617001184137
LOC111118726,0.139672964026405
LOC111118809,1.7536718760351
LOC111118873,0.526934831927103
LOC111099844,-0.755306659042657
LOC111129031,0.778975145872677
LOC111129561,3.53494265728888
LOC111131288,0.679577152677632
LOC111129398,0.874419291154904
LOC111109964,0.0737514741240643
LOC111124438,0.36558046036859
LOC111112603,0.0689249618330071
LOC111110377,0.804315917901701
LOC111117872,0.457078717948669
LOC111121735,-1.74963740894903
LOC111136148,0.325598634169359
LOC111132689,-0.576953176307823
LOC111109304,-0.31076909663453
LOC111122956,0.0736343689967464
LOC111124885,-0.330474268582762
LOC111103193,-0.0828288494335847
LOC111123909,-1.53527773447925
LOC111106052,0.368411142622489
LOC111119637,-1.42555153517404
LOC111102020,1.29098293225846
LOC111119870,0.89515000077263
LOC111127536,0.252342661236004
LOC111116025,-0.0778950850404163
LOC111101756,0.576626686194772
LOC111137516,-1.02609978900559
LOC111127459,0.405519508619526
LOC111134571,1.63013069281289
LOC111123891,-0.518364316062487
LOC111117745,-1.48849740853232
LOC111117016,-0.00202939466755885
LOC111106869,0.0602691545252232
LOC111126584,1.12780566005218
LOC111129381,-1.03854522136689
LOC111132256,-0.216393377806143
LOC111105003,0.30700373318478
LOC111102829,1.01408529423765
LOC111115100,-2.63161504254313
LOC111119492,0.792422490825919
LOC111119749,-0.283859155785459
LOC111106588,0.309496892270302
LOC111118113,-0.243799752943124
LOC111117050,3.03595752000575
LOC111101743,-1.59963839068669
LOC111131501,-0.518691734461091
LOC111124308,-0.265373532985321
LOC111132593,-0.601836673527629
LOC111115273,-0.128959678132499
LOC111134096,0.580415368602076
LOC111134462,0.531603327417028
LOC111134439,-0.775435282732278
LOC111132037,-1.87180384196843
LOC111118502,0.133873758992706
LOC111125920,2.54362826132143
LOC111117770,-0.496674971299708
LOC111105713,0.536327913533474
LOC111120095,3.22682027791053
LOC111107774,-0.842169700773307
LOC111136776,0.145422773549857
LOC111121537,0.313535555828392
LOC111099880,-0.0232989877797292
LOC111133265,0.687559032659063
LOC111124672,-2.61780853678365
LOC111106189,-0.844148453811257
LOC111120073,-3.84043818583625
LOC111119391,-0.211136560046488
LOC111138265,-0.443536465965891
LOC111129414,0.00756045849308174
LOC111099591,-2.20160952601453
LOC111123774,0.55514696642015
LOC111125899,0.451112116359282
LOC111135570,-0.619827888871387
LOC111114853,1.06496238271589
LOC111101119,0.0439842166807004
LOC111130406,0.276214733826619
LOC111135009,0.0143701615868931
LOC111136699,4.24537981066996
LOC111117095,0.398740577220092
LOC111105342,0.436586424790878
LOC111108705,0.364722562522452
LOC111108445,0.355723332364138
LOC111135265,0.383393975389595
LOC111107948,0.615410267826385
LOC111132882,-1.74393250126032
LOC111137247,2.80178219034461
LOC111122346,0.820017800361495
LOC111129042,0.134503507975686
LOC111136846,0.6544180070012
LOC111107885,-1.15236620051994
LOC111133914,-0.960814930459353
LOC111130249,-0.288292661473969
LOC111103139,0.832550671269044
LOC111126254,1.16946702112802
LOC111135299,-0.0965706039703098
LOC111120542,-1.37595078816151
LOC111100203,0.191932982331355
LOC111112862,-0.215098981583306
LOC111135065,-0.074966472133679
LOC111129957,0.02032823942928
LOC111110509,-0.90643990357638
LOC111105527,0.198654563091764
LOC111119812,0.613410319067743
LOC111106364,-1.51163361828827
LOC111134078,-0.136296585033874
LOC111116784,0.293162106812666
LOC111112973,-0.838946899280959
LOC111126184,0.53424111074429
LOC111110058,0.616400049187392
LOC111106852,-3.27996683732078
LOC111133663,0.864346414246626
LOC111100787,-0.467117122799274
LOC111131312,-0.193018471634209
LOC111122214,0.00755950150183182
LOC111108433,0.182552373461525
LOC111111065,6.46678396226268
LOC111111466,-3.59514512043464
LOC111112336,0.689653423125254
LOC111135221,-3.56891690980797
LOC111106307,0.104547408359299
LOC111114329,-0.325037976006549
LOC111128605,-0.382059918803231
LOC111116788,1.92650025346077
LOC111113070,-0.610853775866265
LOC111119906,0.737646039938908
LOC111121597,-0.168215699925934
LOC111136950,-0.772181958791988
LOC111119821,1.18073478416324
LOC111130120,-0.738638652473234
LOC111114582,-1.11708208881071
LOC111125934,1.34251576120471
LOC111138477,0.0954485217814799
LOC111111656,0.365127531298766
LOC111125230,0.693004286597956
LOC111104307,0.576380796676972
LOC111105366,-0.033810487758334
LOC111109526,-0.291105130576953
LOC111128755,0.032461801150164
LOC111100644,0.00756133306995675
LOC111112425,0.956296311836189
LOC111126470,-0.852989765239759
LOC111124151,0.202512875066731
LOC111122264,0.369247495123619
LOC111114648,0.493429204929549
LOC111120820,0.000923690933315812
LOC111134438,0.201621866440888
LOC111120561,-0.705953376598168
LOC111126468,-0.461956288927209
LOC111132990,-3.52874755015098
LOC111129120,-0.175753574388433
LOC111130530,-0.556698920073737
LOC111113056,0.493613854299286
LOC111109209,-0.184551358079813
LOC111124294,-0.748296846116951
LOC111117266,0.190687396978353
LOC111136353,1.04335234273773
LOC111126603,1.10989088441662
LOC111123175,1.12870541058048
LOC111109510,-0.220474269019097
LOC111135374,1.62987248817048
LOC111137901,-0.558180068387125
LOC111104470,1.16149654291299
LOC111114554,2.488189013726
LOC111136090,3.4101671303754
LOC111101476,0.191940694162511
LOC111106974,0.867403575982284
LOC111125728,-0.71041957322216
LOC111128315,-0.790244258611358
LOC111135784,-0.0389420256449075
LOC111107666,0.448925754641459
LOC111118755,-0.698000495496446
LOC111101354,0.744708259148756
LOC111101270,-0.29632439119182
LOC111110334,-0.135263370278349
LOC111125818,-1.2099349696513
LOC111138046,-0.00585292576821865
LOC111101763,-0.564767873966671
LOC111122574,-0.170721597302332
LOC111130192,0.544033196933147
LOC111134321,0.0942724001036782
LOC111133094,-0.587937018088097
LOC111137570,1.55057148892472
LOC111102414,-0.0900184844829137
LOC111137932,0.00956455635046022
LOC111117147,-0.224027777062174
LOC111127866,1.19145372980306
LOC111132966,-1.03379413446744
LOC111125142,-0.0145224815662427
LOC111099158,-2.95069194265746
LOC111106182,-0.460275034477997
LOC111118533,0.843435799314422
LOC111136326,0.291032079341166
LOC111130873,0.00756054265419258
LOC111137133,1.42784121675148
LOC111132648,1.79345377190504
LOC111130962,-1.38991293643638
LOC111104161,0.738224037037368
LOC111125356,-2.34035131289186
LOC111101405,0.0123518687268145
LOC111136510,-0.837828808873199
LOC111124630,-0.472036939580059
LOC111121276,0.0266735516905992
LOC111125191,0.551167246692556
LOC111102200,-0.381977354255878
LOC111105609,-0.526464277188685
LOC111113708,-0.041499249389652
LOC111137320,-0.101433509488491
LOC111134740,0.691651121999681
LOC111105131,-1.84281573900198
LOC111113467,-0.771286685504092
LOC111122418,-0.371742517536447
LOC111108489,1.95304187325752
LOC111099178,-0.133635719998645
LOC111136162,-0.457568082348572
LOC111136338,-2.50410650768854
LOC111111549,1.94141670514552
LOC111123746,1.00180434075554
LOC111117105,0.364722562522452
LOC111114122,0.757277012901939
LOC111119950,-0.649358248055631
LOC111120901,-0.810510087646359
LOC111135064,-0.46315234008392
LOC111125092,-1.77873003198763
LOC111137076,-0.789240762079311
LOC111127277,0.0670314586411808
LOC111107165,-0.893170430055322
LOC111127193,0.47502902305224
LOC111127598,0.903481906375118
LOC111138053,-1.04380071612078
LOC111121223,-0.686796751491293
LOC111135275,0.821848714621358
LOC111134680,9.85578651335621
LOC111127035,1.01648918694654
LOC111131522,-0.12467858346419
LOC111131147,2.42548089731178
LOC111112355,0.016587071002079
LOC111138041,0.189909673139376
LOC111120221,0.834742834978162
LOC111102252,-1.26321926358357
LOC111103761,0.519598278812664
LOC111131201,-0.0989902934678486
LOC111124633,2.73843028659568
LOC111128186,-1.26708490918297
LOC111131259,-2.75471486262946
LOC111131349,1.69170222377188
LOC111134465,-0.220074508984679
LOC111126520,-0.169046127712748
LOC111137754,0.133879560815727
LOC111129524,0.059055843958763
LOC111129922,-0.388200498151282
LOC111119123,0.781260136260403
LOC111125841,1.16765997984065
LOC111125286,-0.589635475259134
LOC111103663,0.299946752052347
LOC111104009,1.44971501375195
LOC111106021,1.24762436501843
LOC111103638,-0.533776508837381
LOC111113499,-0.156021322306235
LOC111135493,0.199593042665781
LOC111129659,2.06352841072973
LOC111121717,-0.0133825940820845
LOC111125924,-0.837095471587919
LOC111107832,-1.56970357231784
LOC111120583,3.13030307030571
LOC111121954,1.15748435734452
LOC111117018,-0.433768217506656
LOC111135896,-0.665382756352816
LOC111128329,1.05239534151736
LOC111119262,0.00967120715185288
LOC111101528,-0.119621224295696
LOC111138068,0.945609413946851
LOC111136898,-0.614484379218479
LOC111109844,1.63758336658924
LOC111110424,0.496630102802209
LOC111120774,-0.292274767663595
LOC111101471,0.0596623897253569
LOC111103087,0.744885116814384
LOC111117624,0.007560126265765
LOC111130762,1.70230656184905
LOC111113203,0.215455099146607
LOC111103862,0.496261940887753
LOC111103332,-0.193604494924664
LOC111133500,-0.764855589847419
LOC111103641,0.87111899952009
LOC111108373,0.706871991785987
LOC111116301,-0.911062562661595
LOC111137061,1.16302853407963
LOC111136015,-0.582298461001241
LOC111132779,0.229316410536805
LOC111135900,0.881192464298271
LOC111106030,-1.73177730508128
LOC111136494,-7.69543609898452
LOC111137308,0.484216385583589
LOC111102986,-0.198978644800881
LOC111117765,-5.46387949798008
LOC111100040,-2.12233438075974
LOC111131445,-0.215442179160219
LOC111104213,0.202505491316554
LOC111115472,-0.866167437971405
LOC111126384,-0.160512401812515
LOC111118069,3.69093258690325
LOC111115673,-0.632672490560642
LOC111118544,0.647809523994039
LOC111129030,0.617550595092739
LOC111130430,0.971525201775059
LOC111103614,-4.34266164962644
LOC111113291,-0.586981327980423
LOC111122231,-0.0355139329963101
LOC111114937,-2.21365123952395
LOC111114564,-1.17331074666679
LOC111126821,1.7295850633927
LOC111121929,-0.786425261405136
LOC111132845,0.521983301705848
LOC111136930,0.0103046769567103
LOC111099201,-1.24802991073449
LOC111121051,0.00863434042179604
LOC111129127,-1.44547123199336
LOC111121982,-0.67068505756635
LOC111127904,-2.49412988524641
LOC111128812,0.332205734012842
LOC111128733,-0.722706504920451
LOC111112032,-0.0397200299237068
LOC111109640,0.177198932882654
LOC111105679,0.00270416290312897
LOC111137975,-1.23295159126916
LOC111108814,0.0351212673762375
LOC111133372,-0.44221809515873
LOC111122099,0.50910649143315
LOC111128795,-0.558046469173073
LOC111103926,2.9374779403563
LOC111118920,-0.928748769269563
LOC111118921,2.00999974174676
LOC111118923,0.226990047445626
LOC111128237,1.00821581205647
LOC111101941,-4.28828099706121
LOC111126802,2.13216778014134
LOC111099167,-0.522027161075097
LOC111105183,0.0559529546486481
LOC111104234,-0.67676431122861
LOC111136394,0.0208577165125678
LOC111105375,-0.369930261788058
LOC111137258,-0.199465891868608
LOC111109666,5.71484455971047
LOC111108589,-0.0870107131784196
LOC111119086,-0.840509939525594
LOC111136429,-0.173184589320208
LOC111135610,0.155643588724694
LOC111133669,0.00755967323029466
LOC111102757,0.520536874605321
LOC111131444,-0.937980972254995
LOC111113342,-0.490398900770204
LOC111102891,0.869799016759385
LOC111132771,0.888790298443788
LOC111107170,-0.0442011683178282
LOC111107171,5.36305252196558
LOC111126733,-0.621276381690898
LOC111109963,-0.522027161075097
LOC111120747,1.97358844582638
LOC111129185,1.21798265621618
LOC111122222,-0.254485471341639
LOC111106532,-0.0669983713503235
LOC111111745,0.905348087393503
LOC111120976,0.458712987138581
LOC111125573,3.69512066975454
LOC111131830,-0.0738917358841821
LOC111123642,-2.91298692749314
LOC111138125,0.850487619386424
LOC111127225,0.244877096157292
LOC111114004,0.768357812286059
LOC111127481,-0.00358520509470826
LOC111122443,0.141825852303647
LOC111120815,-0.399643084438554
LOC111106151,0.461813076619838
LOC111136785,0.88323496179647
LOC111135655,0.159596531561779
LOC111106994,0.357496531342343
LOC111111325,-0.304513260863725
LOC111108339,-3.3374099373698
LOC111124712,-0.504151207746295
LOC111116787,0.00389654928323056
LOC111109713,0.822220880840496
LOC111130481,0.0527225532888046
LOC111120807,-0.315671368897531
LOC111122677,-0.183753306104409
LOC111127645,0.154265919998595
LOC111111329,1.71147964044565
LOC111126203,0.750753971375972
LOC111118582,2.46313874414663
LOC111131563,0.379435843306493
LOC111109889,0.496637530584692
LOC111108771,0.16649508257854
LOC111133542,0.143725052479588
LOC111136364,-0.252607220335121
LOC111116641,0.406456130664542
LOC111123822,-0.287313616747399
LOC111105592,-0.402834785562307
LOC111119143,0.626266846149225
LOC111114812,-0.76711073269831
LOC111117537,-0.519280244276119
LOC111111117,-1.90646642040377
LOC111125655,-0.288080301164693
LOC111114901,0.160390392454081
LOC111137905,0.905683204239024
LOC111101501,0.964064791047121
LOC111109621,-0.78433688384677
LOC111127971,-0.629540852139077
LOC111110644,0.567056591160989
LOC111125979,-0.401505463528019
LOC111109566,0.364713247025433
LOC111125076,-1.85834505652306
LOC111125062,-0.0395513873470649
LOC111102688,-0.28602831116497
LOC111118479,-0.767382331164326
LOC111125333,8.29304806910531
LOC111132089,0.0652727161336694
LOC111127465,-0.570765290040868
LOC111111680,-1.46785233520343
LOC111132956,-0.685364276661045
LOC111129466,0.790755395357017
LOC111137201,-2.10480469441528
LOC111129440,-1.1465941378813
LOC111114835,-1.77137231836121
LOC111136609,-1.75590409580603
LOC111108646,-0.944102531653981
LOC111116762,0.00755985987431593
LOC111117404,-2.23334550036429
LOC111135998,0.220524329434089
LOC111109103,0.740966388185014
LOC111136813,-0.739446703300259
LOC111138249,-0.271975720246691
LOC111129468,-0.966318023937499
LOC111101443,-0.29405432173544
LOC111134978,0.560580759720077
LOC111122726,-0.0609028556636479
LOC111123907,-0.501507368638742
LOC111133390,-2.10410248070516
LOC111101017,-0.467093025394126
LOC111101268,-0.0625941282055683
LOC111132189,1.69281546440957
LOC111123636,0.659578215796461
LOC111127516,0.10736927516871
LOC111135916,0.955921156823681
LOC111121004,-0.372187853123888
LOC111122327,-0.701803847693129
LOC111127042,-0.269160203253269
LOC111118076,-0.932347664554829
LOC111123662,-1.04374613611004
LOC111129413,-0.798430269888676
LOC111124581,-0.280876979145964
LOC111128160,-0.825913296787771
LOC111137629,0.203422661331203
LOC111104268,0.268430852260272
LOC111120596,-0.483082096082713
LOC111110448,-0.470827169128139
LOC111135564,0.0559063543937498
LOC111126302,0.331126623407433
LOC111130592,0.42860367225251
LOC111124799,-1.66601285065501
LOC111099483,1.56152214949307
LOC111121370,0.471830659570465
LOC111130894,0.859786966616548
LOC111113262,-1.55019533093644
LOC111123985,1.62712498321724
LOC111099568,0.00756222971784416
LOC111105687,0.0411053982201089
LOC111100382,2.73907050154118
LOC111128598,2.35554359767385
LOC111124036,0.0977020287143605
LOC111113388,0.33047010497919
LOC111113093,0.151568254831518
LOC111133742,-1.21907595458235
LOC111125295,0.455585482583543
LOC111136304,-0.854698615753515
LOC111121080,1.70079579014309
LOC111101030,0.329426882642694
LOC111117599,0.910731436828349
LOC111124632,0.136138501180438
LOC111112119,0.456282298417599
LOC111118357,0.583706382997648
LOC111103544,-0.508352662556988
LOC111104128,0.00454017634492568
LOC111131691,-0.206887856053416
LOC111116268,0.498899138530677
LOC111115368,-0.542804106450981
LOC111110984,-0.744390750674871
LOC111132349,-1.07844826671998
LOC111122889,0.158290520069236
LOC111106617,-1.35719369248871
LOC111120927,-0.127826578473222
LOC111113260,-0.756877811456975
LOC111110678,1.18277326458543
LOC111114713,-0.415923939387323
LOC111136615,-1.06629191123695
LOC111123744,0.117093633953053
LOC111115133,0.0757171130007358
LOC111122627,-0.756361583618494
LOC111121991,1.42408355999253
LOC111102114,-2.75363017722526
LOC111131442,0.13935173503118
LOC111116043,-0.645506810792586
LOC111124549,2.36028935746433
LOC111128376,6.30749065537551
LOC111108080,0.463803759859586
LOC111134271,0.669189874478411
LOC111119633,-8.10741418929272
LOC111111824,0.684851095204846
LOC111131866,-0.863709421413591
LOC111133928,10.3939982280078
LOC111124141,0.141042608921682
LOC111130870,-2.69828680673922
LOC111136408,2.10085539132914
LOC111111839,-0.00251091059879862
LOC111121854,-3.61514816024673
LOC111128952,-3.3158880917806
LOC111101615,1.54269317351877
LOC111122036,-0.192564984239251
LOC111115452,1.09782298075394
LOC111129608,-0.614476333011995
LOC111134185,0.0535742300694706
LOC111119990,-1.28406252287148
LOC111119535,-0.616457948407971
LOC111135149,1.56579579788259
LOC111133378,1.09346258563484
LOC111111249,-0.238745157604035
LOC111107345,0.779080988632301
LOC111133637,0.160426811929283
LOC111123936,-1.31716677539873
LOC111099496,2.17843368412778
LOC111101841,-1.80583660136752
LOC111101388,-1.07319850914339
LOC111100784,0.180063936112071
LOC111100042,-0.603945524987724
LOC111107686,0.83937525624882
LOC111133393,1.31118668667226
LOC111118553,0.404896672139286
LOC111127364,-0.61157485946001
LOC111103364,1.0152973817649
LOC111109893,-1.31438631098167
LOC111116216,0.0141242079169734
LOC111121239,2.67805694469169
LOC111125381,-0.206943152058203
LOC111105270,0.00756029019068452
LOC111127028,0.88667663567958
LOC111125643,0.048069917644054
LOC111110076,0.518275678746791
LOC111106695,1.71397803856856
LOC111112068,-0.97405140067528
LOC111100857,0.559227879167469
LOC111137802,3.47269260791257
LOC111137300,1.80458218509645
LOC111133853,-0.789181701102557
LOC111137585,1.7889346854076
LOC111131714,-1.58532765359965
LOC111131715,0.00657560706723293
LOC111130901,0.35732887826753
LOC111119321,1.22468914706454
LOC111126020,0.738614208284458
LOC111129515,-0.787885147217712
LOC111136816,-2.59665186161247
LOC111138106,-1.16473794594234
LOC111121096,-0.0346858674053962
LOC111130918,0.702346164280154
LOC111116449,-0.59383519050058
LOC111122828,-0.501889567229819
LOC111133731,0.05508727931558
LOC111105390,0.489028784297349
LOC111103436,1.35085146693651
LOC111133969,2.58039633037768
LOC111112161,0.440695573298755
LOC111103802,-2.13933427348697
LOC111133554,-0.270479478835664
LOC111122049,0.205028692949476
LOC111131386,1.05625280425953
LOC111123190,0.537163077948178
LOC111100031,0.619916581719195
LOC111127652,0.69251065263064
LOC111102373,0.307617524711293
LOC111126758,0.773392580809062
LOC111102248,0.83877757481476
LOC111118262,-0.438531290429806
LOC111117426,-1.04508781368475
LOC111135748,1.04461878063797
LOC111106389,0.659867625718525
LOC111131741,-1.26064016742112
LOC111117304,0.015553595009606
LOC111123469,-0.388719109304701
LOC111136832,6.08685855203601
LOC111113172,-1.95985670489732
LOC111107675,0.647836991086665
LOC111099136,-0.464296489156151
LOC111122042,-2.73282945303749
LOC111124882,-0.158334200339602
LOC111101493,1.02197776729717
LOC111108560,2.1925712357691
LOC111127590,-0.0930596877587972
LOC111115153,0.496637530584692
LOC111116698,-0.416172523699703
LOC111114601,3.41582471272173
LOC111129169,-0.985330830259704
LOC111127019,-0.246846099635184
LOC111138511,-0.842080578981851
LOC111138499,-0.891831268851922
LOC111099112,1.65427762887016
LOC111134324,11.1143985829076
LOC111105123,1.20997916700473
LOC111134560,1.77296366156586
LOC111124375,0.710188907125805
LOC111118717,0.702594163031454
LOC111099904,1.80700900918168
LOC111112816,-0.997739688384727
LOC111111514,0.202512875066731
LOC111106782,-6.9710794004427
LOC111120423,0.202507781696904
LOC111108124,-2.18552601474544
LOC111133421,0.439128042358727
LOC111137589,0.471133521317047
LOC111106079,0.67662167094859
LOC111124052,-1.11889484117378
LOC111101172,0.667152238961624
LOC111123306,-0.200747278096256
LOC111123536,-0.749302578688747
LOC111105462,-0.115471495749096
LOC111134222,-0.5261507429491
LOC111119460,15.4405278924918
LOC111110261,-3.27356848220696
LOC111127564,0.241962861123602
LOC111133988,-0.20442167866628
LOC111122745,-0.0499785103063512
LOC111127791,0.274557451408624
LOC111135380,-0.483676913478061
LOC111120624,0.348980130017113
LOC111137903,5.60030420111482
LOC111117065,0.803754120860718
LOC111136674,-0.16311991158225
LOC111126473,-0.387506313424172
LOC111107915,0.00755983856945768
LOC111111248,0.0492575824758097
LOC111126194,0.396286833170117
LOC111111852,-1.90329213725315
LOC111125940,-3.55322078013995
LOC111105773,-0.418572910897678
LOC111118271,-0.18739445025926
LOC111106969,-0.570504567900142
LOC111106890,0.385289159867412
LOC111118368,0.280374016983252
LOC111103602,0.181522154701124
LOC111118583,0.277380410818291
LOC111103028,0.647809523994039
LOC111099835,0.28462522751165
LOC111120606,1.20944596879523
LOC111099713,0.234404625543174
LOC111106791,-0.992070370265834
LOC111110750,-1.83251033037007
LOC111120808,-0.814158902681937
LOC111113223,-0.399356227747377
LOC111124919,0.202197091478386
LOC111136919,0.284811659725588
LOC111119684,0.219627700430944
LOC111116831,-0.385664582698994
LOC111112765,0.910405139788071
LOC111112270,-0.632676039102953
LOC111121404,0.961997850166449
LOC111119884,-1.6835765691277
LOC111113381,-1.70762178101255
LOC111133829,0.348683821250067
LOC111128092,0.168147191601186
LOC111122731,0.00237940969911681
LOC111114442,-1.31173614347683
LOC111119226,3.41754129691873
LOC111101751,-0.205484889690388
LOC111120491,0.412134432835847
LOC111126391,0.823193803065908
LOC111130923,-0.287737858738185
LOC111131332,0.710454731699735
LOC111135782,-0.576026984217027
LOC111111884,0.86755891152976
LOC111124957,0.721454072684555
LOC111121236,0.200265012293851
LOC111123014,3.85446892902743
LOC111133154,1.70041202857705
LOC111136085,0.174425621969834
LOC111125255,-5.303561393033
LOC111127365,-0.368420727168753
LOC111125186,0.333712322908994
LOC111129624,-0.191683520380319
LOC111103092,0.00756029019068452
LOC111133449,-1.15480401080167
LOC111121262,0.0699646666276017
LOC111121644,0.0689234432298305
LOC111124762,-0.367624087524214
LOC111101286,1.18277966974125
LOC111110605,0.0374210620949464
LOC111125717,-0.283345949872299
LOC111135931,-0.256132955917793
LOC111137106,6.25944274299087
LOC111128106,-0.558283615327009
LOC111109440,0.676405309904587
LOC111128723,0.00365647251300736
LOC111137477,1.70690363508908
LOC111123106,0.649466273601171
LOC111130433,-0.0900759629744212
LOC111109546,-0.198622900314783
LOC111117498,-0.734939874403374
LOC111121119,-1.23751575267458
LOC111109656,0.666826030958445
LOC111132752,-0.570846214642224
LOC111107656,0.198972178563839
LOC111120049,-0.95783516189427
LOC111099179,2.57578919985701
LOC111133430,0.13841588748109
LOC111123012,0.274665424943194
LOC111125527,1.11461055078415
LOC111106050,-1.15607462904955
LOC111105794,-1.24300246174412
LOC111128258,-0.2792356527707
LOC111114488,-0.908880919195341
LOC111111425,0.00756054265419258
LOC111111226,1.10949088972769
LOC111136412,1.08245926447071
LOC111109431,-0.103876187048274
LOC111134999,-0.16170330228507
LOC111126428,0.796649342250066
LOC111124538,-0.203207251829691
LOC111127749,-0.902250974385826
LOC111137287,-0.740414781441675
LOC111121659,-1.45938885035014
LOC111120891,0.116327533044515
LOC111120129,-0.42594586008284
LOC111126558,0.0472827100478524
LOC111125485,-0.446360104892586
LOC111118442,0.631640121843228
LOC111117802,0.576831910008504
LOC111129033,3.21435438957327
LOC111129501,0.57648995693136
LOC111134754,0.538461451534624
LOC111109389,-0.650595099996425
LOC111109553,0.187006205574022
LOC111109973,-0.0289575804700458
LOC111123521,0.718711761009114
LOC111114016,0.496270747499409
LOC111102603,1.11123921254469
LOC111118335,-0.659886955059647
LOC111118128,-0.55214716000563
LOC111127151,-1.19210933630571
LOC111132820,-0.151831397308032
LOC111125847,-0.239769297813648
LOC111122274,1.41318569923455
LOC111127439,1.49647440266886
LOC111127262,-0.968524474531093
LOC111110661,-0.0533466872202987
LOC111112538,-0.984865457720264
LOC111135747,2.20787087537462
LOC111114623,2.09108775330223
LOC111106372,1.83788387148083
LOC111123128,0.0315523071699628
LOC111106527,-0.305474605347109
LOC111100061,-1.30569310845418
LOC111123481,0.01417918871487
LOC111111596,0.814203706798755
LOC111114895,-0.136714516028296
LOC111101091,-0.679220469667717
LOC111102465,0.876340850732281
LOC111113903,-0.175882251437847
LOC111125858,0.0481765922351149
LOC111117738,0.147808262521459
LOC111115943,1.02683537416391
LOC111122611,0.135024795606072
LOC111121758,0.277257201912135
LOC111133722,-2.14057635736685
LOC111132875,-0.915169170353167
LOC111106847,0.271695798821687
LOC111106018,0.991154643378898
LOC111130777,0.9162018983729
LOC111107132,-0.398386708858744
LOC111125727,-0.192071030753628
LOC111118230,2.47734863152799
LOC111126411,-2.0408030376981
LOC111125588,0.0289377068173141
LOC111134722,5.39213939369313
LOC111111517,-0.0533323705764589
LOC111110916,-0.765294247534896
LOC111136945,0.355521714883746
LOC111131331,-0.645252031354504
LOC111135097,0.214277924803103
LOC111112657,-1.6079158009339
LOC111117305,-0.283149771056046
LOC111118031,-1.81432734893199
LOC111126511,-0.874573012411591
LOC111125930,-2.56714883739103
LOC111102276,-1.98392611614983
LOC111123283,-1.12572734145992
LOC111128173,-0.331596997579813
LOC111128037,-0.786345346413743
LOC111104648,-0.501509154933499
LOC111132877,-0.994100888963044
LOC111103438,-0.223510208683493
LOC111101817,-0.26269592073201
LOC111121807,-0.804593971056334
LOC111118417,0.855619719445828
LOC111108395,-9.16838721989907
LOC111126034,1.17587981801787
LOC111126443,0.764161392680192
LOC111137203,-0.0437512096961286
LOC111121306,2.02940127733486
LOC111129222,-0.255118637818472
LOC111130985,0.194182748625914
LOC111099690,-0.252834925269265
LOC111118891,-0.48895542513727
LOC111118452,0.584790005879338
LOC111128355,0.0689191787693828
LOC111138324,-0.163114060668865
LOC111105988,0.376064742851078
LOC111124467,0.601680976789803
LOC111115042,1.88407103748258
LOC111134971,-1.34050533544478
LOC111137175,-0.047945757329004
LOC111108600,0.514424957802692
LOC111120906,3.90796704655658
LOC111111543,-0.0758214841550075
LOC111122045,-1.27022875294548
LOC111102277,0.248178561425317
LOC111107795,1.57477282831718
LOC111121755,-0.299369950768337
LOC111117766,-0.159798161788347
LOC111114675,-0.147947637032703
LOC111135049,-0.53485030757207
LOC111121775,-0.272319870003189
LOC111101603,0.0439424108682652
LOC111117652,-0.0637111073662512
LOC111107373,-0.222863213387555
LOC111122979,2.12585845421758
LOC111128971,0.786097352953477
LOC111104756,1.2611586687257
LOC111115619,0.149106725630108
LOC111126968,0.710520157904373
LOC111125314,-0.551216471283524
LOC111133740,-0.942970171789485
LOC111122972,0.413350545913319
LOC111129405,1.44373610845559
LOC111132079,5.05559385193038
LOC111099502,0.16762482452515
LOC111123305,0.182939479103171
LOC111111059,0.656002726298787
LOC111130884,0.421075748574116
LOC111136310,0.110931097816295
LOC111137977,0.868148448404735
LOC111114747,2.46079801309641
LOC111114534,-0.282985276031704
LOC111102509,0.121866224127958
LOC111133993,-0.210131569988126
LOC111116971,0.21073645609029
LOC111106209,0.34262480254544
LOC111101415,0.00756012046118915
LOC111108304,0.0754198875789615
LOC111125264,0.0977277797005469
LOC111122216,-0.210837718315198
LOC111099630,-0.16020589377965
LOC111100790,-2.25124374102061
LOC111104028,-1.03283281422625
LOC111137276,-0.0306785443197952
LOC111134012,-1.21911061886304
LOC111114531,2.77074270540267
LOC111108630,-0.118999213163502
LOC111133929,-0.371760352814187
LOC111113057,-1.37745899282047
LOC111137104,1.11902216815701
LOC111131262,-0.748273714258219
LOC111102952,-1.38514613127884
LOC111124666,0.32121631931899
LOC111135961,0.00244601856424715
LOC111116867,-1.75439769864027
LOC111127953,0.452944545350568
LOC111100054,0.496637530584692
LOC111133724,0.664886606356473
LOC111119284,0.298840048130691
LOC111102830,2.4337225918608
LOC111101440,-0.841421591175214
LOC111132850,0.595920177822197
LOC111102353,-0.0252590081912018
LOC111124697,-0.486714800914244
LOC111100244,-1.18852292192304
LOC111135462,3.25967185820703
LOC111125311,-0.504968984279543
LOC111123241,2.20372485529389
LOC111112358,0.448925754641459
LOC111117328,-0.399348012295368
LOC111129118,2.05479491957967
LOC111132220,-0.143532469010415
LOC111128250,0.0664552510781713
LOC111137045,2.09660728170681
LOC111104324,2.1047573708864
LOC111134168,-0.173882054992488
LOC111104556,0.168072392064208
LOC111132308,-1.00465582523458
LOC111106892,31.8034598887368
LOC111103815,0.897155078856766
LOC111126467,0.513026715201972
LOC111126340,-1.23870498049672
LOC111136197,0.0767535245362154
LOC111120670,-0.188134675918554
LOC111129648,0.84016343724354
LOC111130486,-0.196118716072743
LOC111124708,-0.306418595258654
LOC111120285,-0.130896141334815
LOC111111465,0.0314695544109406
LOC111118338,0.326440999179249
LOC111134142,0.00756006428040464
LOC111118939,-0.440534286947335
LOC111110387,-0.648841566171492
LOC111102525,-0.729442338089847
LOC111126365,0.303928958226344
LOC111107883,0.503656031856997
LOC111106356,0.0384347271482984
LOC111121005,-3.88331479242993
LOC111127109,-1.08508602055995
LOC111129467,0.242719886703436
LOC111129157,-0.958548736045233
LOC111102717,-0.444339523012597
LOC111118542,-1.5437093461937
LOC111134717,-0.130632502146277
LOC111129814,0.679771653256239
LOC111118231,-0.552417894469878
LOC111119709,-0.910546127814525
LOC111133427,-0.306691226880277
LOC111134320,1.2571077175319
LOC111126914,-6.30770556897126
LOC111101110,-1.48674122356635
LOC111110103,0.530010961027253
LOC111099953,-0.0279375936812876
LOC111103331,-0.149992020993899
LOC111100315,0.0075587931371714
LOC111136159,1.83019036393741
LOC111100407,-0.0447812664800568
LOC111123017,1.07453841214609
LOC111124486,0.429450326792004
LOC111130349,0.269014762736411
LOC111122645,-1.13361172830077
LOC111100186,-1.66286306016986
LOC111134766,0.169415299701129
LOC111122676,-0.0499860139883728
LOC111122273,0.485552803404378
LOC111137163,1.02541760018343
LOC111112100,-1.33071984947095
LOC111109071,-1.55508061839619
LOC111109403,0.0612860142193866
LOC111105854,0.00756054265419258
LOC111126757,-1.77294381596782
LOC111136107,-2.04521599975867
LOC111109807,0.626536001791181
LOC111133537,-0.491057407759675
LOC111129978,-0.672347930678934
LOC111132921,0.410593795459527
LOC111106899,0.747184206822614
LOC111118324,-0.71191095754741
LOC111132786,0.325396581875378
LOC111120312,0.125241925851314
LOC111104181,0.765180825882454
LOC111117569,0.0614849178838883
LOC111099817,0.588798180499401
LOC111133839,-0.07464909550539
LOC111126663,0.493927898072607
LOC111113592,-0.0454974416814631
LOC111137930,0.937452185082948
LOC111122043,-0.229490316311075
LOC111105890,-0.158831141223281
LOC111099464,-0.395042263870033
LOC111099739,-0.613661609991249
LOC111122068,0.60883306077034
LOC111123194,0.771813524518469
LOC111120818,0.0979543548788155
LOC111127123,-0.532593985087646
LOC111131540,0.549814963271883
LOC111103832,0.240837732851527
LOC111116201,0.121417921566166
LOC111134759,-0.645843637873601
LOC111106631,-0.0929930828516047
LOC111135267,-0.939378589064793
LOC111127207,-0.562001088570188
LOC111136091,-0.461944725356734
LOC111130278,-2.94106038776885
LOC111106285,0.007560126265765
LOC111125932,0.139548192248627
LOC111136573,1.0668250013126
LOC111099452,0.62429826464209
LOC111137047,0.851271159235197
LOC111124122,-0.0444879281168845
LOC111131093,0.496043336615505
LOC111119156,-0.0274903635675982
LOC111121584,-1.37622081255215
LOC111130545,-0.0520601876077906
LOC111124783,-0.0518933551543153
LOC111133231,-0.825031840211966
LOC111122674,-0.546653850498233
LOC111107049,-0.16169595532838
LOC111132470,-0.0116333450149849
LOC111121144,-0.759412679131267
LOC111114164,-1.15052163499033
LOC111124582,0.331984126186472
LOC111130187,-1.64613471730798
LOC111110804,-0.461936419907297
LOC111118408,-0.823536154923739
LOC111131171,0.368010410495071
LOC111137060,1.04924229880555
LOC111115051,-1.94307585433735
LOC111115637,-1.53135326744609
LOC111101526,-2.32667011409193
LOC111119338,1.15166988775027
LOC111136683,1.23178397537153
LOC111099090,-0.0950495410224115
LOC111135578,-0.326340864044243
LOC111131012,-1.34992014399173
LOC111113200,0.0354870875269354
LOC111103156,-1.4614959299671
LOC111108754,0.594378004548968
LOC111125733,0.108954104960231
LOC111136943,-0.337844779755268
LOC111120510,-1.39013620014709
LOC111126335,0.0377875845598661
LOC111118071,2.01688984511142
LOC111112269,0.522745727401003
LOC111129419,0.276294232046156
LOC111108074,-0.99177740853222
LOC111135897,1.23724720757759
LOC111123775,-1.41808044462513
LOC111111276,-2.19637302237051
LOC111129386,-0.673495483461145
LOC111100332,3.43038774628635
LOC111125014,0.985120660030749
LOC111106011,-0.310143140019488
LOC111125577,-0.0579482684556984
LOC111132040,0.391078253811801
LOC111130867,-0.585428858762862
LOC111133422,-0.0735962079433823
LOC111135001,-2.49632379873806
LOC111100991,0.164896634603382
LOC111130185,4.14309988785941
LOC111104545,0.886213907884128
LOC111124502,-0.643472451136162
LOC111113334,-1.09363395892121
LOC111123972,-1.56011285125242
LOC111100467,-0.378432046692068
LOC111138458,-0.252361080967792
LOC111102910,-0.378280277152568
LOC111123542,0.432140337453363
LOC111104056,1.10545591251695
LOC111117224,-0.467804229219214
LOC111135316,1.07593454911779
LOC111131235,-0.455642366249999
LOC111115888,0.722024137039771
LOC111128142,-6.08937106474457
LOC111109447,0.283650566842002
LOC111118205,-0.362493239863029
LOC111106982,-0.991312175518348
LOC111122107,0.0334287155866136
LOC111107934,0.528835400719404
LOC111116716,-0.871438251853798
LOC111133203,-0.876523665149133
LOC111124727,-0.445865286453074
LOC111100179,0.00756054265419258
LOC111117071,-2.54238074885068
LOC111136003,-0.866176643270969
LOC111126871,1.92051378230152
LOC111108726,-0.483610566037593
LOC111129813,1.37155242632467
LOC111137627,-0.58235591761199
LOC111127871,1.60690174418764
LOC111102802,0.0161009780799109
LOC111123885,10.0584015042507
LOC111137625,-4.01112011521123
LOC111130029,2.04823005144184
LOC111118053,0.391805345279138
LOC111107085,0.268084141775359
LOC111134979,0.207535646215052
LOC111115576,0.968593258797476
LOC111126563,0.160018576841275
LOC111125585,-0.738501745148118
LOC111100036,-0.258327118756373
LOC111125844,0.471660024395726
LOC111135478,-1.0421681016037
LOC111099582,-0.325619291638204
LOC111136469,0.018246550030414
LOC111115405,0.918496311185026
LOC111111052,0.00756115891579716
LOC111106539,-1.94266722590837
LOC111118581,-0.412460592028947
LOC111117550,-1.64326863548706
LOC111103356,0.477616548786946
LOC111123028,-2.90704503996509
LOC111135032,0.170632031562257
LOC111101769,-0.213566811866936
LOC111134736,-2.21864159032326
LOC111103515,-0.33546141079489
LOC111117303,2.01869897969482
LOC111137314,-0.58964250567681
LOC111119102,1.61623290352564
LOC111109558,0.0133890292794198
LOC111118806,1.86020935803274
LOC111126832,0.683998701296295
LOC111102671,-0.124394767877516
LOC111135611,-0.976268992066481
LOC111137734,-0.641490189096559
LOC111126622,-1.57378495555073
LOC111118255,1.61017558767554
LOC111131060,0.0787900069634422
LOC111123918,0.0833167168020294
LOC111128203,-1.29840357503655
LOC111115458,0.0393970290079678
LOC111100430,0.43271898398335
LOC111118227,0.933789834283587
LOC111103762,0.436597033382423
LOC111110489,1.04494590719021
LOC111118446,0.224522187523656
LOC111135932,-0.562494906231366
LOC111115421,0.00755915276103315
LOC111106909,0.00755851151206795
LOC111104252,0.55868179425952
LOC111104786,-0.429510420519615
LOC111128228,-0.56907085552828
LOC111129507,-0.501793371536859
LOC111136166,1.00483765371197
LOC111135712,-0.073670960459423
LOC111129325,-0.0140024480080431
LOC111126368,-1.41820607905303
LOC111136156,2.94172836345117
LOC111099073,0.207319214135599
LOC111101632,1.53130546383877
LOC111113783,-0.352280420630138
LOC111127131,0.458947428098191
LOC111121284,0.668224678387497
LOC111136985,-0.522795548613133
LOC111136986,-0.35472703039594
LOC111105831,-0.00724133366301598
LOC111109675,1.0563268241197
LOC111133616,0.404437937523372
LOC111125227,0.300925740779939
LOC111133509,-1.65044693366423
LOC111129131,-0.672821433562887
LOC111104059,-0.385226805200365
LOC111099796,0.0706812909458979
LOC111124016,-0.186129315880689
LOC111128168,-0.92178256348545
LOC111134247,-0.100350241322451
LOC111120660,-0.023513340833917
LOC111115061,0.842117258530858
LOC111129194,-0.278494002459882
LOC111120866,-1.38376583619214
LOC111121875,-0.897310409415264
LOC111101219,0.44558238926094
LOC111137921,0.37723658803431
LOC111129285,-1.04468071570586
LOC111131538,1.75329471361227
LOC111121344,-0.467804229219214
LOC111101630,5.20238022746698
LOC111125787,0.656243731965786
LOC111115733,-0.395867569861032
LOC111126834,-0.502014144378951
LOC111113403,-0.232695434843015
LOC111129666,-0.127938150068921
LOC111113524,0.737629575940708
LOC111104435,0.292255825845584
LOC111123425,-1.00057183344096
LOC111117953,-0.423165941249724
LOC111123368,0.712485503804556
LOC111131107,-0.920575134062732
LOC111099053,0.574047354943973
LOC111135230,0.123894497940366
LOC111108295,0.489803989152984
LOC111111192,0.756775128647359
LOC111138326,0.17292116218166
LOC111099135,-4.97300318682319
LOC111116731,0.230233818143987
LOC111117645,0.67032283070899
LOC111112106,-0.626591308322952
LOC111112604,1.20705127136112
LOC111126625,-0.915584228844948
LOC111108446,-1.56898025085824
LOC111111257,-0.602107990871411
LOC111119669,0.0811055964092043
LOC111122724,-0.536585557727351
LOC111103177,-0.146963208507559
LOC111111854,-0.11685359200526
LOC111104394,-0.178156945236418
LOC111133289,-0.286639321770876
LOC111121380,0.763438522364215
LOC111133652,0.837229399766063
LOC111132873,-0.579696200450563
LOC111107116,0.258958765472871
LOC111117505,-2.36735558366044
LOC111134872,0.249861146612201
LOC111111799,0.401325355348049
LOC111120069,-0.100616047569332
LOC111103187,-0.000439042893366797
LOC111128859,2.97696781193514
LOC111118101,0.291794900247594
LOC111119118,0.244567219324497
LOC111113301,2.61331238414215
LOC111112588,2.41709135786366
LOC111138063,0.152011165177409
LOC111129973,-0.848108517554555
LOC111124751,-0.794784968932444
LOC111126369,-1.43991092428224
LOC111111037,-0.300549113347314
LOC111136057,0.656455225881716
LOC111133428,1.49503275167222
LOC111126143,-0.247073467386446
LOC111109279,0.00755863016459362
LOC111109850,-0.17734526731445
LOC111124728,-0.00600347082788672
LOC111120575,0.292937598001404
LOC111117432,-0.814067375966292
LOC111138489,1.38591146857482
LOC111124099,-0.795835573951482
LOC111107997,-0.289245550901769
LOC111136886,-1.18479092539794
LOC111112885,-0.0407926296793333
LOC111134340,-0.11261615493401
LOC111127025,-1.29516275947455
LOC111135180,0.19031458254225
LOC111125517,-0.556312369213504
LOC111137683,1.65215788482158
LOC111112476,1.29432853087982
LOC111126478,-0.103288825466135
LOC111106288,0.139279601085062
LOC111136360,0.027896716192837
LOC111138274,0.55334914592684
LOC111119600,0.0235820125332744
LOC111115616,-0.597958254630094
Trnaa-ugc,-0.570819624075203
LOC111132216,-0.222733570057435
LOC111101255,-1.60186003483662
LOC111128338,-0.742498728726397
LOC111131497,-1.42396384518647
LOC111134836,0.949377466105771
LOC111109740,1.26104134506859
LOC111103659,-0.339190602453114
LOC111099061,0.00603128917264557
LOC111127541,1.34083019856617
LOC111118511,-0.215833586037175
LOC111108997,-0.241267789607001
LOC111106499,0.748085531493227
LOC111130470,-0.00784672100516574
LOC111131854,-1.19026619141509
LOC111115327,-3.00353712300598
LOC111120139,0.98453940220491
LOC111111284,-0.0738951866505175
LOC111138238,-1.35932193915182
LOC111122539,0.656141284356727
LOC111107893,-3.85405509792494
LOC111104798,0.0764434474197225
LOC111114002,-2.37735692874045
LOC111117664,0.202512875066731
LOC111108133,0.095176496681693
LOC111112085,-0.467804229219214
LOC111125123,3.58188188757969
LOC111119842,-1.29883554401241
LOC111123886,0.0689192679482966
LOC111113027,-0.101230036848395
LOC111117920,-0.440966802948997
LOC111133364,-1.3662074436338
LOC111114897,0.668665935297444
LOC111108962,0.0075604075818945
LOC111133179,-1.31434991721384
LOC111105760,-0.616342637833901
LOC111136815,1.6217686660786
LOC111127800,-1.91313283559482
LOC111134707,1.88005192336797
LOC111130699,0.648433594807645
LOC111135828,0.114448812575216
LOC111103190,4.12081221913024
LOC111136695,-0.0821455308376346
LOC111134587,1.30098477334231
LOC111130817,0.876440068430542
LOC111114921,0.0709153981503621
LOC111112748,0.0396796368767895
LOC111107709,0.907955752328629
LOC111133408,-0.358416716161161
LOC111114243,-0.371809828378127
LOC111122604,-0.102338261691144
LOC111112972,-3.42738138642463
LOC111136842,1.16808117048242
LOC111126068,-1.08178056471601
LOC111114850,0.4564757151313
LOC111138328,-0.110065929575017
LOC111117833,0.604506038941877
LOC111134139,-0.685918381564284
LOC111109932,-0.148111283503074
LOC111115985,-0.979675370056729
LOC111113579,0.0675584646898299
LOC111127005,-0.115147483928334
LOC111104989,0.866797467067944
LOC111100327,-0.666092382394746
LOC111120525,2.88273417186118
LOC111122601,0.785721152333519
LOC111119695,0.00755967323029466
LOC111115725,0.0730224692683097
LOC111099642,-0.358882952710981
LOC111137174,3.39375123198297
LOC111123611,0.101180456296067
LOC111125991,11.1679253303264
LOC111137520,-0.331289697652
LOC111100743,0.153376060666493
LOC111128149,-0.623162290701668
LOC111110341,-0.0202228695232713
LOC111108766,-0.953322334834115
LOC111121325,0.00755915276103315
LOC111111183,-1.46540882514906
LOC111120738,1.1753494041316
LOC111104783,-0.630998049383995
LOC111119617,-0.565498336562881
LOC111133492,0.872210436013277
LOC111103287,-1.96942607411738
LOC111134699,-0.387713600278706
LOC111124588,3.33261059279638
LOC111134198,-1.58345020670962
LOC111106801,-1.80886642203103
LOC111102818,0.194524668613008
LOC111116725,-0.783996508837796
LOC111128983,0.133879560815727
LOC111107815,-0.6986102425586
LOC111126729,-0.705803564424076
LOC111126605,-2.1424324660919
LOC111124506,-1.40344789330237
LOC111105758,-0.000651533306844978
LOC111131678,-1.01659191330583
LOC111117407,0.328497145813926
LOC111100254,-0.359903794878157
LOC111103182,0.973709302460501
LOC111110749,-1.89748864258353
LOC111122805,3.9633518956824
LOC111138426,0.544600021663261
LOC111119592,-0.712635167333645
LOC111102634,-0.0651364920348318
LOC111136628,1.27870534469065
LOC111104224,-0.128372840385756
LOC111122919,-0.882975665877411
LOC111099515,-0.985686499490534
LOC111128982,0.163741440511759
LOC111123910,1.22525645742203
LOC111126376,0.587356749084804
LOC111100143,-1.31527175599836
LOC111129216,0.538097661625398
LOC111118877,-0.688870483082208
LOC111135158,1.59010624516319
LOC111125010,-1.3364129071495
LOC111124927,0.677151200214686
LOC111105161,0.559760765115218
LOC111118790,2.66714137716386
LOC111106469,-0.581651349427965
LOC111100953,-1.29780055482279
LOC111117064,-3.48758232351676
LOC111108946,2.3430236001208
LOC111123971,0.898237087711644
LOC111115649,-0.64881668752666
LOC111119434,0.461773392603194
LOC111130493,0.406447734974825
LOC111100354,-0.622834697052369
LOC111124695,0.187311892989878
LOC111134473,2.95228904033785
LOC111129568,0.625165847832357
LOC111103528,-0.948169725660107
LOC111106459,-0.101986550438746
LOC111106696,-0.220788340311173
LOC111112622,1.53997331783957
LOC111101724,-0.150277972313398
LOC111128369,0.843633892559513
LOC111133274,1.82075631805354
LOC111133443,-0.271836162332831
LOC111135036,10.1393855987563
LOC111117781,-0.620759240164624
LOC111132953,-0.550976206907792
LOC111133886,0.633202128565846
LOC111108070,0.762741427805189
LOC111122148,-0.28827762050421
LOC111132401,-0.533779622426216
LOC111133104,0.202512875066731
LOC111117297,-0.680946610534402
LOC111117138,1.39731848561337
LOC111104792,-0.919330495153155
LOC111120502,1.31201326284584
LOC111119794,1.75123640620997
LOC111102798,0.326033565223133
LOC111122109,-0.653823959344041
LOC111134097,-0.445809809177735
LOC111133046,1.83966574744743
LOC111121376,0.215884527342391
LOC111117904,-0.342814157712099
LOC111103163,0.489775965763679
LOC111127475,-0.321867407015677
LOC111101800,0.659720339385978
LOC111108559,-2.54112212788838
LOC111113121,-0.862629336808179
LOC111110096,-0.948162847446363
LOC111115043,-0.970433528689643
LOC111123380,0.618526452109602
LOC111103376,-0.949181274254897
LOC111117959,0.0763084891030223
LOC111124450,-0.628877320699388
LOC111117963,0.228785048623597
LOC111124021,-0.156222357738666
LOC111107070,-1.34482756464846
LOC111130794,-0.847105896000707
LOC111137198,0.19728933071633
LOC111118594,-0.708226949729069
LOC111129776,-0.608126919880685
LOC111120854,1.13567512495882
LOC111113546,-1.06227153229043
LOC111112990,-5.07424032277414
LOC111103261,-0.572272014794466
LOC111125302,-0.234627918826082
LOC111136711,-0.765294247534896
LOC111134706,-2.22149578609626
LOC111130658,-0.00713690007528578
LOC111104045,1.06319795432169
LOC111117696,0.40570185254933
LOC111111269,-3.30058528882325
LOC111116459,-1.00528686485358
LOC111101818,-0.0336154777923835
LOC111126141,-0.0023897553597909
LOC111135826,-1.4683129198469
LOC111129453,0.444431308420502
LOC111114882,0.461371866980205
LOC111118398,1.14501632062701
LOC111132859,-0.959056468614876
LOC111134076,-2.04299324562915
LOC111110751,-0.0983587906487504
LOC111138048,1.39632773661784
LOC111115758,-1.80429007542081
LOC111100515,-0.584528146886472
LOC111109438,0.297433625973624
LOC111127147,0.129751654298418
LOC111110214,2.06310112132487
LOC111116423,0.274559174111699
LOC111135736,0.0376825731661765
LOC111130000,0.337135916075556
LOC111111812,-1.01614920327867
LOC111112791,0.423596120933955
LOC111135401,-0.95570762888977
LOC111127429,-0.624116028479434
LOC111100579,-1.57141095475945
LOC111123095,-1.82102554148224
LOC111106422,-0.616320397903657
LOC111133900,-0.0613738945550627
LOC111108745,1.54859228977339
LOC111099916,4.77585115420487
LOC111117362,-0.467804229219214
LOC111117421,-0.950448777197539
LOC111129294,0.817849200172569
LOC111116677,0.451613687523026
LOC111120091,1.58002909019935
LOC111134058,7.2474344439302
LOC111128994,1.20895147209021
LOC111103268,-0.0593444031303282
LOC111106559,0.7029763630338
LOC111128593,0.601306746126128
LOC111112637,-0.0471543099133479
LOC111104696,-0.564177858886879
LOC111100208,0.669611649748591
LOC111112733,-0.962758788672655
LOC111106207,-0.711129319177006
LOC111120715,0.152438179571617
LOC111137925,0.21244492633044
LOC111100424,0.477671265810841
LOC111134660,1.69374810932133
LOC111134941,1.08944208261397
LOC111136217,-0.634898244450292
LOC111105240,-1.42381591228745
LOC111110725,0.151338817606125
LOC111129490,-0.474844904078457
LOC111123514,-0.900784750559362
LOC111107507,0.0232603389346529
LOC111103884,1.43933812917233
LOC111107938,-1.20457904824558
LOC111122011,0.603045536644884
LOC111136423,0.138971797231331
LOC111129200,-0.195694033910204
LOC111121048,-0.388473013427287
LOC111111019,-0.979287201103907
LOC111135753,0.917861760526226
LOC111138043,-0.350797930304561
LOC111127779,-1.20462215305808
LOC111110445,-0.696305526713133
LOC111117740,-0.644251442037714
LOC111110355,0.880084325562517
LOC111110594,0.579985241597963
LOC111127065,-1.79590599902797
LOC111103305,2.71205317155984
LOC111130352,0.596052702023868
LOC111101188,-1.93914781619249
LOC111128267,6.21351460388205
LOC111104677,-1.34130874301361
LOC111128222,-0.0977509567146997
LOC111136073,0.052946823478904
LOC111129947,-0.721584740273064
LOC111110199,0.745621069870497
LOC111131597,0.185254164342419
LOC111123329,1.12882322690708
LOC111121168,-1.92134983351562
LOC111135161,-0.905696138225489
LOC111102258,-1.19015946434339
LOC111112548,1.8119316582311
LOC111113768,0.111922463347527
LOC111134257,-0.0423864039118416
LOC111119287,-0.945899479256635
LOC111130476,0.159296213425931
LOC111100798,0.425351887923564
LOC111136019,0.172129171998984
LOC111128535,1.01822527163498
LOC111124804,0.0970336314088542
LOC111122928,-0.0908372265890191
LOC111121332,-0.466052080990163
LOC111114415,-1.34852543034199
LOC111131387,-0.402409034680502
LOC111101000,1.46440438505726
LOC111131207,-0.594224071337949
LOC111123348,-2.79363331499669
LOC111122018,0.209638879807481
LOC111121013,0.541838848943592
LOC111120401,0.84373068053882
LOC111104495,0.524877608309317
LOC111111753,-0.504151207746295
LOC111118892,-0.22908987877347
LOC111110541,0.937651232683576
LOC111114060,-0.406624865364562
LOC111110421,-0.533784856353463
LOC111122768,0.815383251368214
LOC111124058,-0.834910353341062
LOC111135967,0.525390912919319
LOC111137008,-0.197244891792102
LOC111128848,-1.59450115598135
LOC111138227,0.588798180499401
LOC111131152,-0.908925527933116
LOC111129359,1.10080243858306
LOC111115520,0.468875115547062
LOC111118936,-0.343490216973199
LOC111110687,-0.747559046684304
LOC111110980,0.965581492857074
LOC111100885,0.232350838577696
LOC111119291,-0.942998329125268
LOC111102147,1.01277691708123
LOC111137985,-0.0529533115024874
LOC111101553,0.00755915276103315
LOC111107134,-0.560940775041508
LOC111113321,-0.652550968878561
LOC111136449,0.569206977795049
LOC111133219,0.18348441368863
LOC111138202,0.689663383176226
LOC111117024,0.0689188267342122
LOC111119408,-0.769926315037129
LOC111100883,-0.338780636042089
LOC111118186,-0.00535706936369972
LOC111134314,0.251425628938914
LOC111136026,-0.468116647182878
LOC111126454,0.583237992651163
LOC111130074,-0.407897687576807
LOC111130164,-6.01756737276129
LOC111126416,-0.618277510989897
LOC111105018,0.144531499449944
LOC111105743,-1.09970476659557
LOC111115303,-0.869856771006513
LOC111112792,0.858132056809195
LOC111126714,-0.14888147004179
LOC111105860,0.14882771992796
LOC111103990,1.36761538353603
LOC111134189,1.2807573723808
LOC111105832,0.179321553139123
LOC111133506,-1.66355533207642
LOC111106561,0.448490243737578
LOC111136793,-1.44588093103352
LOC111112944,0.222050466658208
LOC111138163,0.954775559375808
LOC111100043,-0.455977982473558
LOC111114540,-0.00114222932356731
LOC111121165,-0.871570695339329
LOC111133850,-2.36585812519751
LOC111125879,-14.5589100845084
LOC111102608,-1.57144010130617
LOC111120573,1.3464407113834
LOC111123152,1.25266938851492
LOC111123767,-0.296687938620416
LOC111119690,0.259734443673315
LOC111132600,0.282068087052004
LOC111102734,-0.489513645873743
LOC111133711,-0.587937207911256
LOC111130760,-0.974491325414217
LOC111107756,0.513546140508896
LOC111133555,0.915111469767354
LOC111121058,1.35995273664486
LOC111127658,-0.675105782060317
LOC111109781,0.402550672253539
LOC111099911,-0.725178521082723
LOC111111380,0.536787457127759
LOC111129331,-0.11571137625345
LOC111112645,0.0103544559987866
LOC111111986,-0.324639254309036
LOC111110487,-2.91433635839192
LOC111110676,0.232834589818472
LOC111117917,0.683721872985877
LOC111106226,-1.626454132938
LOC111104619,-0.81965321453157
LOC111133132,-0.539134048101327
LOC111100508,0.439454761243907
LOC111104272,-1.46021078118815
LOC111132972,1.11123921254469
LOC111124878,0.180940521826832
LOC111106863,-0.522034458781983
LOC111134431,-0.724715395521746
LOC111130504,-9.64038228637424
LOC111112108,-0.00102899861128222
LOC111100780,-0.923486320940008
LOC111127723,-1.64327518626843
LOC111138357,-0.803420714794224
LOC111115753,-1.12413528674764
LOC111115569,2.35874487717187
LOC111109437,0.654146196029782
LOC111128734,-1.12164073274422
LOC111099756,-0.240157758031224
LOC111124544,0.543515941410558
LOC111128721,0.0494335724806486
LOC111119733,-0.781317381375559
LOC111109668,0.191079983756753
LOC111136810,-0.249796073791141
LOC111126614,-0.147421226117915
LOC111117237,-0.0345602280064439
LOC111131799,0.464185235978045
LOC111104332,0.729203344368849
LOC111114225,0.775962362472719
LOC111122502,-1.40832302479968
LOC111099795,-0.0853574477562702
LOC111109690,0.0216396660881409
LOC111135024,-1.26926730003837
LOC111113887,-1.95531412272351
LOC111136466,-0.947768193682853
LOC111113195,0.896558710110811
LOC111130021,-0.38925587095509
LOC111122390,-0.922919109792802
LOC111123957,-3.0711330804379
LOC111134965,-0.504665558257719
LOC111128815,-2.04260120571917
LOC111118537,0.0172097421943353
LOC111109705,-0.5409705138623
LOC111101160,-0.796878675203893
LOC111121385,-0.618917066520662
LOC111124111,-0.123123641726617
LOC111121546,-0.711151458617117
LOC111111857,0.00755983856945768
LOC111125773,1.47850753516497
LOC111134794,0.0987178489688954
LOC111133078,0.178105682801352
LOC111108128,-0.995323782609301
LOC111122988,-1.86575471119597
LOC111119103,-0.960683456758198
LOC111102061,1.10762617525307
LOC111133242,-0.469272687570715
LOC111136055,1.76254098251881
LOC111112064,0.435087395483112
LOC111137640,0.131247589819614
LOC111110846,-0.32533022627808
LOC111109950,-0.34955657899554
LOC111123407,0.0417330427496089
LOC111116713,0.120670457733782
LOC111138290,-0.678590397265381
LOC111137761,0.781229470538871
LOC111133127,0.758150618241893
LOC111110554,2.3467029305991
LOC111132395,0.507398595210866
LOC111122023,-0.673394427686805
LOC111099059,-0.69022809485675
LOC111121381,4.80119732151421
LOC111134305,-0.327138320430337
LOC111130731,1.24189363612933
LOC111120158,1.14873461059236
LOC111131321,-0.489086204790677
LOC111100275,0.170689166841576
LOC111131651,-0.247504907823628
LOC111130333,0.386020889177477
LOC111126678,1.29476252262217
LOC111117785,-0.59557405260092
LOC111125681,1.06372938378869
LOC111116179,0.144544631675254
LOC111100309,-0.975443645788503
LOC111118356,0.00756029019068452
LOC111123289,-0.654877554431106
LOC111135683,-0.180427902493448
LOC111130598,0.240236785254845
LOC111110339,-0.0629193437348319
LOC111127370,-0.157557288001473
LOC111136629,0.471438985468423
LOC111125823,-1.01669532431298
LOC111138272,1.74890484665346
LOC111109623,-0.350797930304561
LOC111100030,0.0952318099852558
LOC111127350,-0.156763201975939
LOC111103912,0.481960914879632
LOC111127170,-0.0290916477540109
LOC111108218,0.197492912799767
LOC111127080,0.30385614675363
LOC111134750,1.97993188461057
LOC111127565,-0.417059759850837
LOC111101555,1.16369993871516
LOC111127670,0.201113471511731
LOC111138500,-0.365369855237243
LOC111134275,2.25333289598835
LOC111137714,-0.138592431009814
LOC111137337,0.670044699227349
LOC111122678,-1.3034598885372
LOC111134196,-7.36511095998244
LOC111120667,1.02861894960205
LOC111130415,-0.558907465375473
LOC111134608,-0.791690587754114
LOC111130138,-2.64586348394429
LOC111101502,0.224231033381945
LOC111132609,-1.85093524219391
LOC111107113,0.540208734837414
LOC111118104,-1.27515464634941
LOC111135021,0.667150831113606
LOC111131705,-0.17286146180115
LOC111106762,-1.29462698272917
LOC111109808,0.5721091834904
LOC111109875,0.394256842962445
LOC111126350,8.66133951660858
LOC111134799,1.66794779919551
LOC111099278,0.689284872657486
LOC111104581,-3.73393518231537
LOC111129374,0.144280428013018
LOC111122108,-0.253405654190841
LOC111130542,-1.80858859018945
LOC111109918,-2.00830431669858
LOC111126003,0.596541858385271
LOC111123748,4.02508049159271
LOC111112012,-0.861011091369554
LOC111111497,0.183351383950579
LOC111113276,-0.0635952503930254
LOC111112058,-0.523018470522603
LOC111123652,0.334116114836241
LOC111115356,0.566273049424331
LOC111104271,1.27049720421379
LOC111131112,0.152586278532254
LOC111112018,-0.0329940864761296
LOC111127462,0.274486498818932
LOC111133158,-0.0568660315113988
LOC111131624,0.657201358408348
LOC111101111,0.412398699513975
LOC111135006,-0.789073469821699
LOC111112703,0.126518245706834
LOC111105278,-0.522027161075097
LOC111123696,0.200138772580827
LOC111103610,-1.33182057927248
LOC111111989,-0.614476333011995
LOC111122640,-0.958073616832129
LOC111109545,-2.42305805592123
LOC111129356,0.808261038848349
LOC111126888,-1.35645494781609
LOC111107136,-0.559218931887579
LOC111122285,-0.325329246083437
LOC111119131,-0.128709116549064
LOC111108618,-0.472770784666059
LOC111131831,-1.40404394253756
LOC111115146,-0.517979250727399
LOC111127947,5.33921774263583
LOC111121435,0.968467570127414
LOC111136750,-0.135413128922419
LOC111127582,-1.6789452453626
LOC111137815,-0.919347920048656
LOC111108682,-0.594701222780788
LOC111121485,-0.516839394394265
LOC111101540,-1.19467003803561
LOC111131361,0.935712108753004
LOC111114750,-0.0379128884984482
LOC111128776,0.577662940748024
LOC111125101,1.22186234746021
LOC111128332,0.16696624500618
LOC111110235,0.312993906445836
LOC111101872,-0.592334518410048
LOC111120432,-0.0651129153918649
LOC111125382,0.224683209327906
LOC111110223,-0.592334518410048
LOC111120479,1.06217656698114
LOC111102964,1.17278959932791
LOC111102505,-0.438615553386284
LOC111103090,-0.941844955956569
LOC111137670,0.00756012046118915
LOC111109676,0.900197553060096
LOC111100570,-1.88941283321169
LOC111128401,1.34448225605432
LOC111102585,-1.5412822968498
LOC111127342,0.00755863362600956
LOC111135548,-0.0196562093725973
LOC111130004,-1.6363593958985
LOC111104448,-0.727492710669682
LOC111113430,1.12730711550787
LOC111114426,-0.181324569716145
LOC111126394,1.09985644299582
LOC111119413,-0.376790375169168
LOC111126559,-4.51581983661991
LOC111130027,-0.0438248376245351
LOC111119014,-1.90747814299925
LOC111112503,2.48736473162849
LOC111106607,-3.9166605456042
LOC111102747,0.859917554982016
LOC111118490,1.37139095531315
LOC111115403,-0.5287521940633
LOC111117982,-0.589635475259134
LOC111100270,-0.472502303152659
LOC111102386,0.0448778230415771
LOC111138087,0.692853032163291
LOC111135890,2.03255284640366
LOC111110800,1.29387900835312
LOC111111802,-0.468411454100336
LOC111119893,-0.316955639106007
LOC111134579,1.21970642732259
LOC111130083,-1.9486285863869
LOC111135127,0.883865463865412
LOC111124239,0.157897384614512
LOC111105231,-0.926731996945446
LOC111111185,-0.130887672192794
LOC111117463,0.301919431628159
LOC111124838,0.436167213477232
LOC111102924,-1.08828523475698
LOC111102607,-1.04017058450512
LOC111099595,-69.9125688510167
LOC111127581,-1.33461705091114
LOC111134032,1.63098252184664
LOC111134664,0.112984097740651
LOC111102822,0.330317036923845
LOC111102464,-0.334395734048435
LOC111137250,0.602313433219578
LOC111119405,1.37853448584338
LOC111135130,0.434379988768897
LOC111137259,0.694859854979803
LOC111130373,0.137296442520358
LOC111118023,1.62143132700055
LOC111106669,1.54926305174415
LOC111131384,-0.0514499889400124
LOC111131373,0.631520747895655
LOC111104155,-0.149108363433414
LOC111119917,0.287737239905369
LOC111137835,0.385681526618011
LOC111107940,-0.294975221675628
LOC111124694,-1.7247799656354
LOC111100032,-0.709136486446897
LOC111125449,-0.0633223525702133
LOC111134927,-0.304957902263842
LOC111108760,0.42186251096315
LOC111117477,0.855787205148854
LOC111119004,0.0903072001614895
LOC111137125,1.35791871513408
LOC111109407,-1.50592931817297
LOC111121118,1.42639863955827
LOC111107773,0.632444449782355
LOC111103137,0.450509566964161
LOC111129889,1.991868657426
LOC111126651,-0.362659857306444
LOC111112076,0.267076685591501
LOC111115093,1.09146585570824
LOC111107353,0.364718723334329
LOC111121329,0.604979977558107
LOC111126790,-3.09548051759162
LOC111106641,-0.567360672349891
LOC111130591,-0.548763025097281
LOC111129156,2.35562294212519
LOC111103997,-1.42985018110314
LOC111131839,1.34506022915793
LOC111133486,0.884643753289325
LOC111110403,-0.292766490200844
LOC111106230,-0.807324176940097
LOC111114769,0.620654471578636
LOC111107163,0.190345316721518
LOC111107347,0.107043901113547
LOC111137029,-1.23954797003254
LOC111136292,-0.141485308954967
LOC111132203,-1.27705750822997
LOC111116644,0.92038860171547
LOC111133448,-0.121771755449022
LOC111110152,-0.611544459053703
LOC111110941,0.0570685970534571
LOC111130118,-1.40325001995325
LOC111135304,-1.67970879891671
LOC111105575,0.469144540984218
LOC111126092,-0.665790646733008
LOC111120228,0.712660024536861
LOC111103329,0.0332518781365217
LOC111134086,4.13933240112628
LOC111108099,0.459050204617994
LOC111101621,-2.05036414841786
LOC111127885,-0.243328062721586
LOC111119941,-0.489387715878502
LOC111101307,-0.767380219715797
LOC111126460,-0.248377317597293
LOC111115556,2.25283601638643
LOC111135011,0.00755983856945768
LOC111118450,-0.286928956056141
LOC111123240,0.0374062443301855
LOC111116531,0.157026570918162
LOC111128123,-0.0771151066971267
LOC111105220,-1.09595887977538
LOC111112836,-0.327987578235517
LOC111101173,-1.1551395558209
LOC111133395,-2.95038248151946
LOC111111196,-0.844148453811257
LOC111118714,0.760090296644692
LOC111108677,-0.561795606246888
LOC111127889,0.199391531495801
LOC111114971,-0.088353405412409
LOC111118730,-0.19606393863988
LOC111108370,-1.11955658326078
LOC111136707,0.854975178991048
LOC111124404,0.0556228938536141
LOC111126676,-0.640960610898091
LOC111134524,-0.170632801343614
LOC111113622,0.872594895661865
LOC111106571,0.930615297137067
LOC111099584,0.192757435417893
LOC111102973,-0.237083632638013
LOC111123676,-0.346641594164102
LOC111118882,-0.550069389174482
LOC111102929,0.300207192121935
LOC111120697,0.0534223018705137
LOC111127894,-1.34658246723479
LOC111105042,-0.344068946351474
LOC111136698,-1.12081695735937
LOC111112126,-0.178999077397388
LOC111105716,0.701167590208476
LOC111136666,0.851337900015493
LOC111135987,0.648234051540925
LOC111113194,0.437495677634492
LOC111118937,0.519826160151775
LOC111130438,0.153266275954524
LOC111117020,2.56167966165048
LOC111124669,1.06758791831087
LOC111135218,-3.34532658732683
LOC111100185,0.0549666704861118
LOC111114838,0.00756133306995675
LOC111134350,-0.707500000280726
LOC111128992,1.08168947270418
LOC111124720,-0.316158800618499
LOC111128219,1.27712116386275
LOC111102425,0.414346905832337
LOC111123512,2.21961712769329
LOC111128410,-0.145752074179904
LOC111137704,-0.389384690709605
LOC111104526,-1.3616414584139
LOC111114019,-1.40223541272185
LOC111122843,-0.963187577938326
LOC111112120,0.817065880675161
LOC111109680,-0.261309744555755
LOC111106061,-0.0258639019428558
LOC111127902,-2.02500681711624
LOC111136829,-0.532600559029126
LOC111100445,1.03963698032758
LOC111114006,-0.0425276336209843
LOC111108738,-0.206563626743662
LOC111115658,0.448925754641459
LOC111106650,0.721466570479157
LOC111129296,-0.105599296496789
LOC111132866,-0.0286303554349854
LOC111134894,1.47494464365866
LOC111102225,0.0332456552710192
LOC111125437,0.73041592736392
LOC111110311,-0.169338399487862
LOC111135403,2.13995584792283
LOC111132431,0.226805363962407
LOC111125726,-0.589995304422339
LOC111103941,-1.26016115564495
LOC111103931,-0.216221399496874
LOC111113495,-1.14412789547441
LOC111101748,-0.669094083982089
LOC111121937,-0.138937808107021
LOC111134081,-0.227747044090539
LOC111131676,-0.556162258605173
LOC111112758,-0.910373698090949
LOC111108989,-0.499978690608236
LOC111100637,-0.581590772682823
LOC111121104,1.14509476232504
LOC111108277,0.0670344112429055
LOC111111923,0.564934027215486
LOC111134905,-3.41870644121432
LOC111100573,0.202512875066731
LOC111101559,1.11727241016459
LOC111136638,0.339901909830329
LOC111109592,0.367227999867669
LOC111133811,-1.0154558410103
LOC111138333,-0.0747010463858167
LOC111119760,1.47473485727359
LOC111123827,-0.104680494466243
LOC111133029,-0.363193672539954
LOC111127874,-0.928967468780537
LOC111136323,0.332737674653065
LOC111102729,1.85686486218435
LOC111135870,-0.0497558150290242
LOC111109271,-0.114578530330987
LOC111106765,-0.173001552819496
LOC111106905,-0.0987611018793879
LOC111118225,0.691237241505023
LOC111117075,0.996285469077091
LOC111133944,0.00250314197896771
LOC111135079,-0.131283497798154
LOC111122968,-1.55619789888695
LOC111113511,0.554570495067528
LOC111119982,0.178096164019865
LOC111131286,0.178889882456542
LOC111119843,-1.1011079747862
LOC111118142,0.961668520377266
LOC111121817,0.133627423581651
LOC111125074,-0.475197427137177
LOC111136322,-0.739169206783258
LOC111111563,-0.101120432463166
LOC111111432,0.417719435122623
LOC111112649,0.180225947009308
LOC111121533,0.0905923240105324
LOC111120613,-0.373389925249732
LOC111125117,0.3262360468086
LOC111104719,0.407297637455595
LOC111136319,0.987730261087285
LOC111115301,-0.349337591308872
LOC111123756,-0.204629817513069
LOC111104303,1.1391521139761
LOC111118772,-0.564771112247257
LOC111118832,-0.64698933822902
LOC111100321,0.230328977899545
LOC111136791,1.25353592078599
LOC111114913,0.143890320920498
LOC111138314,2.42368891295203
LOC111106510,-0.374084747015771
LOC111129495,0.792009367849331
LOC111113332,0.862137933902531
LOC111121324,2.14473646354078
LOC111110964,1.64196078471393
LOC111122319,-0.787108737373645
LOC111118713,-0.93640401420244
LOC111111545,2.75541864662053
LOC111113880,7.47599766088278
LOC111102992,0.542975675609361
LOC111108408,-2.16504063892541
LOC111125287,0.455972285318969
LOC111134382,0.300388476265178
LOC111110310,0.301757058465771
LOC111127183,1.15841448045352
LOC111109105,0.895348426595521
LOC111129999,2.30161488794251
LOC111114593,1.68530630469685
LOC111126162,0.286796886590186
LOC111113198,0.836606127022902
LOC111110038,0.448684350944845
LOC111104494,0.0774705013822919
LOC111133384,-0.295195971255607
LOC111138345,1.10308619284048
LOC111116484,-0.18020018338238
LOC111135473,-0.730545868293423
LOC111106219,0.436086402357225
LOC111119841,3.16259109634141
LOC111115830,0.799018514068731
LOC111131641,-0.0329265603990272
LOC111101414,0.712273993440917
LOC111127012,-0.00753822467177934
LOC111099138,-0.333875675408316
LOC111119181,-0.457667635459986
LOC111114624,1.10095923809639
LOC111120123,0.0336702391236999
LOC111111461,-0.636001196932781
LOC111124809,-0.0568540997627286
LOC111107154,0.668962648385336
LOC111135091,-0.472425807325071
LOC111112620,-0.851918943318508
LOC111128384,0.304642019311482
LOC111128383,0.243177004037566
LOC111112174,0.507289088172782
LOC111121072,0.718946139174286
LOC111102384,0.538152043107147
LOC111126360,-7.75789205334883
LOC111110755,1.23639163278921
LOC111114290,0.00755964067612615
LOC111122888,0.501077048145551
LOC111131707,-1.69924896986849
LOC111099459,-1.1388340517782
LOC111124928,2.34261001657176
LOC111127007,-0.631563030199251
LOC111101083,-0.75281813888347
LOC111106378,-0.493947121178038
LOC111129862,-0.158174157037496
LOC111113600,-0.2620086415436
LOC111131013,0.109949258155868
LOC111129930,-1.91957763369718
LOC111136581,1.63241257359383
LOC111112947,0.754672740788116
LOC111124547,-2.10387174832705
LOC111125328,-0.250861749592852
LOC111134195,-1.30860165461487
LOC111130397,-0.790152544684474
LOC111129372,0.0414445522033683
LOC111108377,-2.22618785883399
LOC111121052,0.372087700382341
LOC111101105,-0.177745508288361
LOC111113409,0.262879489885784
LOC111125262,0.993059993062614
LOC111112863,-2.53384028962538
LOC111127543,0.10305976087244
LOC111114625,-0.735983453759125
LOC111134083,-0.598730994529037
LOC111110255,-0.201060778120706
LOC111105059,1.19737443814991
LOC111111844,-0.471975481914505
LOC111132457,0.40427672264348
LOC111113279,-3.11845779816812
LOC111128293,8.1075680349629
LOC111121205,2.90867625491499
LOC111099964,3.0855123721206
LOC111118913,1.52342197586442
LOC111101474,-0.00296014200673483
LOC111106304,0.270754599091323
LOC111127117,-0.64881668752666
LOC111107813,-0.109711368368232
LOC111125947,-0.487806578883709
LOC111117998,-1.29519590198189
LOC111124626,0.463300193385295
LOC111108144,-0.271468814623151
LOC111120387,1.33462889168097
LOC111136879,-0.103352931231305
LOC111137699,-0.453968624848585
LOC111108043,-1.04974064820062
LOC111117013,0.908685634563118
LOC111101080,1.38169792219424
LOC111121137,0.676649791307463
LOC111118458,1.40600516487939
LOC111135588,0.430347488613737
LOC111123100,1.17485063026076
LOC111108397,-0.300354992486242
LOC111130513,0.448925754641459
LOC111102187,0.820961357972297
LOC111115505,-0.607664034023817
LOC111133687,2.09408443810902
LOC111136301,-0.683149614154471
LOC111110569,-0.41249314628084
LOC111100284,-0.513112219798139
LOC111138310,-0.237865179404207
LOC111133750,0.0240423609667204
LOC111121367,0.273456849032889
LOC111126347,-2.35010786193332
LOC111114803,-1.08097177886582
LOC111136431,-0.141280031218879
LOC111121330,-0.454736388101868
LOC111121575,0.0499773330678112
LOC111131857,-1.00051774334919
LOC111134436,1.10794213328782
LOC111105825,1.19347584384575
LOC111115765,0.439454761243907
LOC111115087,0.127366098693706
LOC111113506,0.489028784297349
LOC111134818,-3.67299029785931
LOC111104803,-0.0838138401224724
LOC111125774,-2.57124683189176
LOC111105216,2.72362517530581
LOC111119099,-0.437739112175692
LOC111103307,-0.0667854007214358
LOC111110125,-0.312698472106192
LOC111132158,0.87360463574989
LOC111134739,0.37285040113386
LOC111129712,-2.61900403138429
LOC111125122,0.298858266050597
LOC111099058,-0.0268249318966657
LOC111123103,1.14728565657858
LOC111131309,-1.97041919828785
LOC111126682,0.083908100399635
LOC111121224,-0.6648989707311
LOC111124017,-0.315522303362847
LOC111105338,0.730086610767908
LOC111127441,0.667151150160866
LOC111132052,0.839738497228846
LOC111114614,1.20658159863363
LOC111117758,0.207471391482215
LOC111137522,1.16257201580411
LOC111126686,-0.372428884091679
LOC111129852,2.25102380802388
LOC111135654,0.202506517777746
LOC111122208,1.01230501592447
LOC111120645,0.859682539730625
LOC111111162,0.534275858706294
LOC111125243,0.376026949086467
LOC111112628,-0.94403254058827
LOC111122885,-1.22217294819154
LOC111124900,-0.390141418629488
LOC111125350,-0.826710277293191
LOC111127150,0.110702531825766
LOC111110923,-0.0114083906004862
LOC111131158,-1.05425546206361
LOC111124560,0.370334147687424
LOC111105211,2.45458339147772
LOC111136405,3.98587265532925
LOC111131303,-0.40074817898336
LOC111132114,0.101358158329529
LOC111109350,-1.25426746924411
LOC111133582,-0.526409733257378
LOC111111674,-1.14553511014802
LOC111120675,1.04591225635267
LOC111120184,1.77837746303013
LOC111132318,-1.54372048882276
LOC111117806,-0.388270698289353
LOC111137037,-0.197171714283744
LOC111124252,0.122969555493166
LOC111107069,1.788038027122
LOC111123734,-0.217815822774753
LOC111102529,-0.181954268509722
LOC111136988,0.260462434010371
LOC111138188,-0.618842941263726
LOC111104140,0.257231023137753
LOC111137274,-0.58961069107442
LOC111111606,1.87986222172464
LOC111129313,-0.126174317115226
LOC111100633,-0.450016090084625
LOC111133189,2.07116591678172
LOC111132060,-1.26086489456705
LOC111119822,-0.114564094022125
LOC111103094,0.202512875066731
LOC111128159,-0.576804501913762
LOC111136160,0.329772798121848
LOC111130657,2.26753479539774
LOC111117003,-1.05902556935723
LOC111131775,-0.35715408003191
LOC111100049,0.243604471389329
LOC111130097,1.30348728128386
LOC111133050,2.60262741007069
LOC111122798,0.789073685846441
LOC111117367,-1.71532580376919
LOC111123456,-0.587929437488938
LOC111125224,-0.355995608894564
LOC111103445,0.318640146169262
LOC111131745,0.0505032635509026
LOC111119576,1.36301788228357
LOC111103560,0.291839581337275
LOC111137654,1.0979323219205
LOC111131579,-0.266286367675327
LOC111138217,2.31924699919599
LOC111105899,-0.389883743300661
LOC111136611,-0.854596316407394
LOC111136456,-2.35316199740861
LOC111099190,-0.827487996841638
LOC111124196,0.13706116877635
LOC111116758,0.26481022216791
LOC111124600,0.0138575265832375
LOC111104959,-0.992594345945091
LOC111113197,-0.245714796563432
LOC111119591,-0.103570216033584
LOC111116125,-0.161695852486624
LOC111104521,4.07403791246675
LOC111113347,0.496270747499409
LOC111129418,-0.853112052130544
LOC111111632,-0.422159862491336
LOC111138215,-0.36136529020071
LOC111106502,-2.06451356910714
LOC111107360,-0.786541885201841
LOC111134146,0.361374412540798
LOC111126043,-2.44878727803091
LOC111102280,-0.832433163561975
LOC111112227,-0.239807302129115
LOC111134841,-7.34221919775776
LOC111121456,-0.215757611807275
LOC111120540,0.154546016074783
LOC111134864,-1.20829152920254
LOC111131011,-1.27090613830298
LOC111108698,-0.898132299712598
LOC111115754,0.16611600215295
LOC111134865,1.91336585149888
LOC111118767,-5.58541670785735
LOC111111829,1.44481619494363
LOC111137194,0.617818856633961
LOC111101966,0.791534879460286
LOC111134162,-0.418766883022266
LOC111120874,-0.550661662350042
LOC111121972,0.0726593563753353
LOC111105637,0.0442672704552209
LOC111106700,-0.537188612721976
LOC111108061,-0.238246976566201
LOC111126907,-1.15480401080167
LOC111138335,-1.24896992378065
LOC111107283,-0.0952381327815577
LOC111125319,-1.97388478241489
LOC111136239,-0.557560373664858
LOC111131136,0.160737449074931
LOC111122446,0.229230470860151
LOC111121535,-0.199849505621634
LOC111124650,1.78629552095654
LOC111120252,-0.477112316426075
LOC111104463,2.46219517685812
LOC111126380,-0.0314279026465157
LOC111111400,-5.44495393929675
LOC111124863,0.276656217991392
LOC111114866,-0.455076203642443
LOC111135729,-7.47922486674791
LOC111114760,-0.023002267997482
LOC111128691,-1.22198550533248
LOC111101400,-5.35060275436789
LOC111115358,0.277382396936492
LOC111101230,-0.887740007054214
LOC111111123,-0.715616658028589
LOC111110326,0.310066401364921
LOC111101448,0.159527492468356
LOC111121406,-0.325328682844778
LOC111135309,0.129035822522648
LOC111123272,-1.03742640131534
LOC111111070,1.17290678235081
LOC111132776,0.427940543007331
LOC111138338,0.767774393528011
LOC111114561,-0.379772152787419
LOC111120623,4.13079255879975
LOC111112993,-0.267262860809621
LOC111124295,-0.131917675433447
LOC111131140,0.661509245506275
LOC111125695,-1.16881885898039
LOC111119495,-0.314427844296267
LOC111137063,-0.163503730695722
LOC111122169,0.194595192329897
LOC111115086,-0.489839569506671
LOC111116966,0.159294168020981
LOC111119125,0.290206452407104
LOC111116071,0.663842298762237
LOC111126842,0.231036790050363
LOC111137123,-0.362277191002465
LOC111118132,0.110653037577709
LOC111120875,0.116469720905679
LOC111137765,-0.805823015556714
LOC111131539,-1.28782068250079
LOC111113288,1.06838346660117
LOC111130623,0.202824971821736
LOC111120273,-0.39791744684269
LOC111114545,-0.606764695925697
LOC111099737,1.96375340893505
LOC111107699,1.04461292925896
LOC111130146,-1.40459939477975
LOC111118051,0.688033600259764
LOC111111375,0.303695312461645
LOC111107148,0.493429204929549
LOC111132105,-2.25497936288821
LOC111110232,-0.242417546530009
LOC111116661,0.755560371437922
LOC111129407,0.736966810229574
LOC111128680,-0.570839102658312
LOC111103966,0.439128042358727
LOC111107844,-0.355355289088858
LOC111121573,2.60915448380286
LOC111119593,-1.74391957287485
LOC111115896,-0.0349807011428626
LOC111133549,0.0170700528022709
LOC111134819,0.34479106470238
LOC111135605,1.83743032913892
LOC111106210,0.101005363206191
LOC111116197,-0.761793280608553
LOC111119567,0.60233392239954
LOC111103589,1.29474916295311
LOC111130031,-0.36658274210481
LOC111112211,-0.0337184899075348
LOC111125402,1.95919986999927
LOC111123267,0.442779078144033
LOC111122779,-0.55973495497461
LOC111105017,2.01530520032159
LOC111121421,-0.319205681628388
LOC111121070,-2.04637584128179
LOC111120898,0.804342557714309
LOC111126433,-1.75828231970775
LOC111114573,-0.383962992843332
LOC111123965,5.21886560624465
LOC111119348,-0.0242900377084325
LOC111118049,0.473696875726656
LOC111134980,-0.0468398446653033
LOC111127898,-0.668804562822376
LOC111137483,0.724680285664652
LOC111130061,-0.352277201691867
LOC111118570,-0.162092427993488
LOC111100594,1.17157069081422
LOC111135030,-0.597326787391124
LOC111115524,-0.732190547310688
LOC111137187,0.686546580387847
LOC111126482,-2.13834360193757
LOC111107238,-1.69185110492516
LOC111111915,0.459678814857019
LOC111105333,0.729245453805292
LOC111122732,0.16532833314657
LOC111135333,0.215450036590069
LOC111112745,0.12235318457129
LOC111106570,0.00756012046118915
LOC111099946,-0.529199318954936
LOC111101113,-0.0112633007284446
LOC111134112,2.21893611553386
LOC111106548,0.883863260216818
LOC111106830,0.431501716346166
LOC111131409,0.1194259294473
LOC111108663,-0.577991060003166
LOC111099068,-0.124151621914649
LOC111118406,0.0681464196702996
LOC111127343,-1.66099287241625
LOC111106387,0.370086941680268
LOC111131519,-0.0221026327755194
LOC111118137,-0.587393987939232
LOC111133228,-0.0873886796710877
LOC111101589,0.943886030064843
LOC111101588,2.75299800213362
LOC111100817,2.93477113317444
LOC111131756,1.1403216932856
LOC111119360,2.15190431995358
LOC111104747,0.329900126395216
LOC111112729,-2.28027707569397
LOC111132304,1.85667499285833
LOC111123214,-0.828664282716031
LOC111130443,0.00755880308351738
LOC111135957,0.0560856349849793
LOC111135417,-4.59569328612618
LOC111122588,-0.210639927761782
LOC111111254,-0.670068381372324
LOC111125871,1.07494704289061
LOC111137128,-0.520678058276637
LOC111136600,-0.720122570698645
LOC111125347,-2.17874197492918
LOC111137529,-3.02434236778192
LOC111118364,0.32417587944432
LOC111104502,-0.97602963283842
LOC111114571,0.0202933614513894
LOC111133719,-0.0397439918514162
LOC111133901,-0.437585175763973
LOC111105826,-0.0238000619567914
LOC111119177,1.15020632794911
LOC111124794,0.178270905984434
LOC111132912,-1.94077494682928
LOC111126211,-0.761306020768617
LOC111100344,-0.481871024329014
LOC111108353,3.89947079442513
LOC111100396,-0.256097588708333
LOC111120505,0.145993887602886
LOC111128440,-0.696334624042854
LOC111105990,-0.810202346179774
LOC111099849,-0.06126152865325
LOC111113261,-0.27984986733986
LOC111137733,-0.468927532232161
LOC111121336,2.08373709574299
LOC111113389,-0.562330734448013
LOC111105083,-0.322429564544269
LOC111108901,-1.17456585439228
LOC111119629,0.00110000956541891
LOC111122044,-0.216886829855187
LOC111132978,-0.227972943037872
LOC111115205,0.0694529743459327
LOC111125831,0.13246398493655
LOC111118787,-0.353541989001627
LOC111109061,-0.516488111307848
LOC111133071,-0.319672271165193
LOC111138261,0.254975362011052
LOC111111165,0.49958594404266
LOC111110006,-0.161718998193286
LOC111127524,-1.0249183783184
LOC111136706,-0.1275367225162
LOC111121133,-3.12240395388885
LOC111138009,-1.25568370062143
LOC111117847,-0.78336470608663
LOC111115633,-0.587929437488938
COX2,1.86881384300037
COX3,1.91466000323686
LOC111117840,-0.41851612623661
LOC111128740,-0.163513795372257
LOC111102235,-0.665778176882619
LOC111137845,0.447569130259983
LOC111103611,13.2904787330701
LOC111121171,-0.0321141705654483
LOC111125766,0.25139098401621
LOC111137993,0.331325248673008
LOC111131285,-0.808887719370181
LOC111130158,-0.22272238332891
LOC111134966,0.101835819348513
LOC111106538,-0.324640913348807
LOC111108469,-3.10832940051622
LOC111133666,-0.258235152134788
LOC111124963,-0.867074866790557
LOC111102687,0.828857212555363
LOC111137920,-0.771093561184274
LOC111135865,1.04645874704314
LOC111132819,0.315874539329224
LOC111109787,0.35949907465091
LOC111113125,-0.58793506822008
LOC111107672,-1.50212505632608
LOC111103952,-0.0993550982834754
LOC111106365,0.724791219157838
LOC111125027,-0.350712626373402
LOC111100305,-1.17133676107945
LOC111112433,-0.144681618799146
LOC111112435,1.89006971996098
LOC111102531,-0.29721886653672
LOC111102680,-1.17931780743224
LOC111125763,-0.131625889714744
LOC111099789,-0.44086834895107
LOC111110243,0.692854949926103
LOC111112137,-0.0826534908036095
LOC111124989,-4.29576627346313
LOC111128279,-0.976796066485713
LOC111104012,0.603516716164177
LOC111133734,-0.336761803280638
LOC111119107,0.289552564273216
LOC111101062,0.475082237359425
LOC111136479,-0.376324791819178
LOC111135600,-3.5365122469466
LOC111137281,-0.0910493280897126
LOC111109965,0.135468942325944
LOC111130062,-0.608743230754326
LOC111137816,-1.19129000365562
LOC111137118,-0.355763108029504
LOC111116965,4.997267949934
LOC111134573,-1.1395043667915
LOC111126088,-0.165847853750081
LOC111127258,-0.358352035329703
LOC111101527,-0.871922902666613
LOC111127043,-2.48580905506579
LOC111129335,-2.40297677230751
LOC111100846,-5.99883058238044
LOC111103612,1.20088562826835
LOC111135592,2.57934132119095
LOC111127227,-0.294023343616232
LOC111138244,-1.25354647857693
LOC111117428,0.156696138658505
LOC111107901,1.63323608045715
LOC111115271,-0.256096237217204
LOC111126313,0.711652053331119
LOC111117318,-0.457854342281314
LOC111111624,0.482076196373632
LOC111136261,-0.671840390369953
LOC111127633,-2.37548558443437
LOC111135301,0.933186347017095
LOC111109813,-0.355768932240526
LOC111124445,-0.240612317973609
LOC111107255,0.112871521881447
LOC111107486,0.751006970779326
LOC111101439,0.427791407780359
LOC111117716,-0.176163592840958
LOC111125896,0.176535606906485
LOC111114974,-0.122668607021949
LOC111120229,-0.122085257978286
LOC111138271,1.09224883203875
LOC111112499,0.225938656886305
LOC111111153,-1.45065360213119
LOC111136871,0.133870979167464
LOC111128290,0.0757584033089775
LOC111116761,-0.76732940335737
LOC111103624,-0.147647634947021
LOC111103625,1.62376411168464
LOC111124755,-0.136921427234529
LOC111134693,0.0274870834173099
LOC111134167,0.0628346813484216
LOC111127802,-1.65915264266841
LOC111109126,2.77253270884602
LOC111108609,0.439117974785884
LOC111101424,-1.26914123642434
LOC111131447,-0.0881403764163947
LOC111112338,-0.732165068625589
LOC111121491,-0.20305897782865
LOC111108050,0.590772538218222
LOC111128606,-0.6132574641129
LOC111136681,1.0404246575482
LOC111114430,-6.92711019322099
LOC111126112,0.475978927153025
LOC111118275,-0.205728987438549
LOC111123757,-0.122893505448957
LOC111119236,1.79358562070445
LOC111136807,-0.0761778194959307
LOC111126753,0.555533254618831
LOC111125163,0.00756045849308174
LOC111122029,0.114842626006177
LOC111125892,0.267664871441705
LOC111106902,0.997466604842252
LOC111131801,-0.421830359019411
LOC111111916,-1.4559922598912
LOC111138151,-0.142100373864754
LOC111137713,1.7703780301543
LOC111120476,0.0794217831267747
LOC111134642,0.66367311999705
LOC111106332,-0.825669570388559
LOC111105629,-1.0368605350094
LOC111107237,-0.302889713495001
LOC111127750,0.619916581719195
LOC111099960,-0.16169618043767
LOC111128444,-0.308272451842414
LOC111129278,0.364722562522452
LOC111122000,-1.75836162918354
LOC111129620,0.277197254596063
LOC111103700,0.233905127656622
LOC111122809,0.125481361139402
LOC111118308,0.564907771059267
LOC111137897,-0.570839102658312
LOC111128808,-1.52594191748734
LOC111135699,-0.649875178058808
LOC111100786,1.18860412745922
LOC111111740,0.901899005556754
LOC111131316,0.529179716595313
LOC111130662,-0.553451905207442
LOC111115027,-0.306215205613957
LOC111101041,1.62445004047534
LOC111110620,0.726299330698541
LOC111105693,0.51796487050236
LOC111108667,2.2428349996328
LOC111120562,0.576727471662672
LOC111116220,-0.0856233082073582
LOC111122550,-0.121396483342313
LOC111117511,0.796719802759339
LOC111128418,0.785100710201346
LOC111136515,0.467609235735479
LOC111126707,0.205993642572611
LOC111099500,0.270527803774405
LOC111121510,0.958569131664059
LOC111114313,0.98364928866949
LOC111115908,0.0269265784162982
LOC111099565,-0.824924222895097
LOC111131120,-0.591099313255129
LOC111137333,-0.16169547406944
LOC111121412,-0.238004255094717
LOC111103534,0.345087748851122
LOC111115400,-0.558027052073594
LOC111120013,-0.522027161075097
LOC111131174,-0.0336494268681643
LOC111102592,-0.516749806372903
LOC111105305,-0.183521037630278
LOC111131389,-1.41352064953049
LOC111100412,2.25724235408396
LOC111120363,-0.510528869107494
LOC111117987,-0.38193103845333
LOC111114117,0.210905683428454
LOC111112607,0.85059886104151
LOC111134878,0.364117379170796
LOC111132745,1.19383663862478
LOC111101520,-0.74989090251013
LOC111133918,0.10644782291885
LOC111124657,0.713724486052032
LOC111130183,-1.45045946595397
LOC111103554,0.763463252169538
LOC111114766,-0.590954494314034
LOC111107408,-0.470385721565612
LOC111130475,-2.80985008090345
LOC111099861,0.566285710844616
LOC111136343,-0.285124734070946
LOC111108991,-2.62754571012396
LOC111122778,-0.0299417725583279
LOC111116418,-0.281022434690823
LOC111101340,-0.17286146180115
LOC111122301,0.892960577891941
LOC111138242,1.11990737497912
LOC111134709,0.48029614011465
LOC111100391,-0.897813479106952
LOC111117970,-2.10234026426839
LOC111124518,1.58563039180769
LOC111100045,0.0399332997880764
LOC111114611,-1.49986139797663
LOC111137034,-0.216362372484306
LOC111136017,-0.16217351900285
LOC111107135,0.0359019486116593
LOC111110297,-0.458328445706518
LOC111102494,-2.10280787482076
LOC111138267,-0.114044290058287
LOC111138141,1.83809788289722
LOC111132954,0.546764871835368
LOC111123409,-0.636339168067665
LOC111125303,2.72535490799544
LOC111099225,1.39756979838284
LOC111104121,1.17364866360073
LOC111129534,0.00755756464054645
LOC111134604,-1.82229873249913
LOC111108825,0.611395903777157
LOC111121172,0.0880929199080085
LOC111126472,-0.411060456113205
LOC111101232,-0.505944578549499
LOC111135550,-0.41913957017016
LOC111129748,1.41406789604989
LOC111113406,-1.66295856995495
LOC111127496,0.850372017059196
LOC111107023,1.8115416576361
LOC111125234,1.12326902526468
LOC111132907,-0.129512840236108
LOC111130599,-1.46701374384733
LOC111128182,-0.0664702832943851
LOC111102878,0.436923796090329
LOC111104702,0.353599104019836
LOC111124224,-0.226792676829706
LOC111105309,-1.02305272317896
LOC111105722,-1.03707263737461
LOC111112814,0.934931792773926
LOC111100695,-2.33854624542958
LOC111119727,0.0644006185854271
LOC111126359,0.741797489878773
LOC111113522,0.243177004037566
LOC111115961,-3.27247057725456
LOC111135061,-0.973005619348742
LOC111120724,-0.292425425735586
LOC111107047,0.230808169699531
LOC111106754,0.0836045566636341
LOC111132936,0.0075604075818945
LOC111123490,0.30087422103447
LOC111128073,-3.08228507320549
LOC111118705,-0.476018109463442
LOC111105102,0.472127985242788
LOC111103888,1.75021270959114
LOC111138230,-0.475756575606898
LOC111135569,-0.213445220991133
LOC111113161,-1.20578368106786
LOC111108045,0.820017800361495
LOC111127846,3.79700784463155
LOC111103955,0.354434087062735
LOC111138486,0.406960604441914
LOC111118995,-1.2263224572476
LOC111099648,0.0665695963329639
LOC111124399,0.331633420390884
LOC111123274,0.699591266213764
LOC111136781,-1.15988899204845
LOC111123254,1.01138435258012
LOC111135594,0.625097673322004
LOC111100398,-0.206017669181006
LOC111116911,0.369345402911984
LOC111122668,0.277389108833403
LOC111133797,-1.07256053043822
LOC111124119,0.62575559099784
LOC111111552,0.178711082429805
LOC111105316,-0.835042807930126
LOC111109974,-0.261433443709106
LOC111112019,-0.16169166396116
LOC111134440,0.256130079725172
LOC111125112,-0.189016770853001
LOC111128757,-1.39869957917749
LOC111126349,0.445947042636059
LOC111108572,-2.73058676551973
LOC111132338,-0.306431029748162
LOC111135083,0.815263603597808
LOC111113929,0.514267010683612
LOC111114771,0.589824669393186
LOC111137347,-1.95305965579116
LOC111105567,0.167821144452587
LOC111128323,0.01898511869035
LOC111105882,-1.11574895882679
LOC111126442,-4.7628618911263
LOC111101851,0.588627784855571
LOC111104333,-0.27060416690807
LOC111116207,0.541879808614561
LOC111124469,-0.309034624348091
LOC111128070,-2.15755301713241
LOC111124098,5.0929362073202
LOC111111575,-1.3981322524511
LOC111122135,0.120635439692642
LOC111105694,2.37541416959875
LOC111125782,-0.330072351059747
LOC111132113,0.0863773172668203
LOC111113953,-0.826109186527725
LOC111100372,-0.79541833624819
LOC111132796,-1.29298643360501
LOC111125418,0.00756006428040464
LOC111119659,2.38586638746592
LOC111100256,2.89116394510042
LOC111106359,-0.699007587908455
LOC111103129,-0.861731676265949
LOC111126555,-0.112822657175106
LOC111101495,-2.73918599490753
LOC111117471,0.528811614583868
LOC111136384,-0.371574608119055
LOC111104130,0.583707320050827
LOC111109536,9.06836849749079
LOC111110473,-0.47982918099071
LOC111127259,0.997910904515205
LOC111135706,-1.51978159384333
LOC111118245,-0.956463169871022
LOC111111458,0.0890984738373793
LOC111125692,2.7514153390757
LOC111113173,0.5513621094682
LOC111138246,-0.0133763863280498
LOC111134532,0.136213424230099
LOC111126133,1.72389273241916
LOC111125691,-0.950698197021609
LOC111123270,-1.063385556322
LOC111109123,-0.568871903241224
LOC111111622,-1.31485156919505
LOC111114470,-0.611340708488939
LOC111107859,-0.884974048426927
LOC111102751,0.451613157918515
LOC111135019,-1.04861704304011
LOC111134834,0.00755935797894921
LOC111114997,0.781287257227505
LOC111106108,-0.0478743949932812
LOC111137867,-0.938032130879537
LOC111105591,-1.75113549988669
LOC111106704,-1.38049700387457
LOC111123188,0.465312422376092
LOC111108256,0.413941238933153
LOC111136668,0.0661058074542679
LOC111121440,-0.813887771064754
LOC111111378,1.34613831780047
LOC111118720,0.287908441297133
LOC111124573,-0.0210707175054861
LOC111107620,0.216010012123957
LOC111128103,0.385738559190484
LOC111102532,0.384734296356959
LOC111111424,-0.258608295940719
LOC111134017,0.545997730328073
LOC111128918,-0.318021682148351
LOC111113124,0.0627106714724713
LOC111135977,0.522884389509933
LOC111112260,-0.521899452730926
LOC111119286,-0.67285775872287
LOC111131274,0.0793665583817071
LOC111107689,0.137442837838432
LOC111135155,1.41396550181328
LOC111125801,-0.226924024018157
LOC111114855,-1.05225878923581
LOC111100265,-1.76642074260955
LOC111130030,0.849841496684887
LOC111133237,0.78785602987958
LOC111120853,-0.576641357538517
LOC111125984,1.11405971840202
LOC111131015,0.440116310142036
LOC111133081,-1.18490200659839
LOC111128341,1.94025454775232
LOC111133691,-0.57420061436615
LOC111100419,3.31816686820823
LOC111113130,0.134231916091336
LOC111106193,0.241303356818796
LOC111106319,-0.239068347766953
LOC111105471,-0.534650280017096
LOC111129094,0.899480791198124
LOC111112970,0.685507988138147
LOC111119657,0.362422695089482
LOC111107837,-0.02191824669859
LOC111129693,0.463947920263128
LOC111125602,0.37573333756965
LOC111125386,-1.16683910491092
LOC111121563,-1.53105943207247
LOC111108701,-0.210575766751994
LOC111107280,0.850219189230319
LOC111134466,-0.089990394994774
LOC111119400,1.40825712368236
LOC111123990,3.27200005175496
LOC111135427,-0.407866297555706
LOC111135426,-3.56844974280907
LOC111132223,0.36319853766531
LOC111101532,0.936076394099929
LOC111128458,1.43363641199677
LOC111110545,0.365206843446956
LOC111130688,-0.174739402721489
LOC111111515,-1.01777239618707
LOC111124400,-0.304875970211588
LOC111122139,-0.443359105811389
LOC111132056,-0.384684709183448
LOC111109815,-0.225838573503367
LOC111125100,-1.00445125888102
LOC111121387,0.238608990145731
LOC111109504,0.638101700364528
LOC111121815,-0.0765357207631037
LOC111108636,-1.50716318573665
LOC111125338,-0.0424834047554716
LOC111133752,0.0975636910987302
LOC111112420,-1.84688853835096
LOC111120442,-0.0209035943073846
LOC111126675,-0.173907335072837
LOC111127799,-1.95104964131383
LOC111108173,-0.275835366655874
LOC111137552,-7.68257838035842
LOC111099495,0.722024137039771
LOC111133788,1.01091044725379
LOC111131864,-0.866957554432548
LOC111133511,-0.437607774082856
LOC111106666,-2.42292921158974
LOC111128473,0.844792503298589
LOC111103418,0.541356297763746
LOC111133092,0.0936582525366868
LOC111119793,-0.839548429717806
LOC111137678,0.191404231668576
LOC111137000,-0.271253437487739
LOC111108511,0.266214259522737
LOC111099621,-0.366103841411441
LOC111106051,-0.199592600630209
LOC111101170,2.35331229579704
LOC111132398,-6.09787382152669
LOC111116456,0.444422163807504
LOC111137255,0.824233482162535
LOC111101524,-0.838759489577266
LOC111130257,2.14920888944179
LOC111111189,-0.132266437540001
LOC111099806,0.29209888739555
LOC111132227,-0.359177860251817
LOC111117429,0.25004107124364
LOC111111696,-0.514552824634342
LOC111134728,-0.0134529979025886
LOC111110525,-0.210468862929554
LOC111124967,-2.6792644580916
LOC111134500,-0.444082886545921
LOC111137510,-1.19886763280907
LOC111099657,-0.0983198694873963
LOC111100389,-1.28004735618639
LOC111137410,0.614374552511268
LOC111099922,-0.286750752875461
LOC111133822,-0.188576057107316
LOC111120394,-1.24703050398648
LOC111102744,-0.711151458617117
LOC111104263,-0.520404331905758
LOC111132325,0.859409155237785
LOC111129760,0.00475548422188779
LOC111136336,1.24472663965744
LOC111137323,-0.904864873980613
LOC111122009,-1.190092033035
LOC111125017,0.864073573302249
LOC111137031,0.616459334639426
LOC111121198,0.232330440615711
LOC111131216,0.467544734920655
LOC111102336,-0.838670334302469
LOC111110988,1.6328071382059
LOC111124223,1.41249400439236
LOC111136274,2.17628851418835
LOC111102457,0.328748787972912
LOC111121468,0.14341107764616
LOC111123915,-0.117494902772761
LOC111113066,0.0123402544176549
LOC111119208,0.629695311001179
LOC111129130,0.29123620759532
LOC111138339,1.3320950524433
LOC111109742,-0.0187754299147811
LOC111136163,-0.317101025338584
LOC111120997,-0.976850777776154
LOC111104064,-0.0397189017770371
LOC111105529,1.73597671449312
LOC111112886,-1.95038965076037
LOC111120766,-0.875751989733468
LOC111115177,1.16086197384396
LOC111114202,-0.915918087256339
LOC111107200,-0.0309397121730272
LOC111106767,-0.51031409860663
LOC111137986,0.687077111855431
LOC111116703,-0.980422603345964
LOC111138093,0.306384990949388
LOC111129918,-0.121108623691118
LOC111124514,0.338567363642257
LOC111136502,-0.594500183287126
LOC111117285,-0.0846094492439751
LOC111134842,-5.05527131856324
LOC111104424,0.302231709660041
LOC111101421,-0.0738766579651387
LOC111117316,-0.828784808112039
LOC111129187,1.79815060638339
LOC111135662,-1.25349948376917
LOC111115587,0.275269680922527
LOC111107003,-0.0780798544631251
LOC111129985,-0.454293189178403
LOC111131315,0.0987618410019819
LOC111133939,0.698007844629668
LOC111110930,0.493420859975014
LOC111112767,-0.0738944599197206
LOC111104287,1.83948056735222
LOC111133122,3.13394982801839
LOC111128269,-0.107233295554937
LOC111115580,0.664316702126432
LOC111099517,-0.500187932031921
LOC111131659,-0.012250756719963
LOC111134278,-0.258402170594817
LOC111132420,1.37654091279477
LOC111101068,-0.27607777455683
LOC111108631,-0.235301656682068
LOC111123694,-0.324641017341415
LOC111137374,-0.688881384034371
LOC111124844,-0.347174316346252
LOC111100912,2.30678816851506
LOC111104014,-1.01750003261115
LOC111111315,0.0905754640560559
LOC111104166,-0.535687768838458
LOC111123550,0.183743537985053
LOC111125855,0.531090609409835
LOC111126450,-1.2295364699257
LOC111119307,0.731225220678677
LOC111101350,-4.89636068034273
LOC111125665,0.232133051453265
LOC111122497,1.71099378589444
LOC111107739,-0.399545142685405
LOC111112477,2.98273141195169
LOC111127433,1.06351769669092
LOC111128178,-0.356553753593215
LOC111118918,1.2487826173491
LOC111115931,0.276316084047771
LOC111103029,0.0984916861577202
LOC111138111,-0.0310707613019218
LOC111101752,-0.247916478797419
LOC111104310,0.961567734340508
LOC111116085,0.133879560815727
LOC111099531,0.119176291440234
LOC111100852,-0.277872930692447
LOC111105852,-0.197899753870138
LOC111138422,0.434973965966409
LOC111105515,0.367604895030909
LOC111132177,0.13499592734071
LOC111130081,-0.56629238735368
LOC111126767,-1.17855249697364
LOC111134425,-0.070718442297533
LOC111127415,-0.426423966828097
LOC111117154,-0.158081552972541
LOC111120200,0.0167042140019315
LOC111130792,-0.653708932542338
LOC111115838,0.853532921480599
LOC111132222,-1.10193425547198
LOC111122522,0.727616589791959
LOC111134510,-2.40809786441287
LOC111120719,-1.85369910211707
LOC111119746,-0.726567421982122
LOC111135915,0.895346602682486
LOC111127967,-2.3676727527072
LOC111138235,-0.176401751812439
LOC111138056,-1.9056241592877
LOC111131719,-0.081411442923962
LOC111128389,-0.441520525398228
LOC111135833,0.871198103445805
LOC111106586,0.84570099482491
LOC111113333,0.319897997676977
LOC111122235,-0.585271137650781
LOC111137244,0.00756012046118915
LOC111133407,0.0753304756387684
LOC111130973,1.32756501553876
LOC111134253,-3.1569668622006
LOC111123071,0.216644229584865
LOC111134591,-0.0537951754888489
LOC111106496,-1.09116500220315
LOC111121910,0.641054911595648
LOC111106441,0.795300850106751
LOC111128539,0.517465005309707
LOC111130194,-1.24286795029209
LOC111120994,0.0888319157384229
LOC111115357,-0.30265957336838
LOC111107222,-1.59823403666063
LOC111129705,-1.86642417712473
LOC111123191,1.59030011614447
LOC111123192,0.149091310056223
LOC111107328,1.84954254086615
LOC111138390,-1.09045137473471
LOC111119675,-0.426971826783391
LOC111131382,0.0503401713592314
LOC111119214,-0.315141412613472
LOC111101380,-0.34692827280191
LOC111101266,-0.68225039798714
LOC111134775,-0.467804229219214
LOC111124258,0.249184955208024
LOC111100465,-0.12198378997609
LOC111115777,1.39330264731343
LOC111113152,-1.41323405896786
LOC111135796,-14.4177056358694
LOC111119767,0.700527239559671
LOC111129337,0.870959585898008
LOC111119814,-0.453012731319356
LOC111119024,0.391134880154389
LOC111110912,0.376263849627266
LOC111130840,-1.0629652447933
LOC111130664,0.425891216388838
LOC111126585,-0.401867307607591
LOC111134180,1.58314790302311
LOC111110361,-0.589635475259134
LOC111119517,-0.87304744561276
LOC111115920,0.0714990288857818
LOC111109364,-0.71438255780446
LOC111129729,0.2640399477306
LOC111104269,-0.0473977522975802
LOC111119541,-0.428330060705686
LOC111104745,0.184449227821465
LOC111112843,-0.0198703891562871
LOC111109473,0.482437774295174
LOC111133365,0.0670321679644005
LOC111131074,1.07650044358309
LOC111121542,-0.187889356540512
LOC111125374,1.35793350243
LOC111107482,-0.111580703334948
LOC111101253,-0.62987148579479
LOC111100336,1.25532826725739
LOC111124552,0.568318867246725
LOC111131397,0.448933606309735
LOC111135075,-0.428320414352394
LOC111138463,-1.79620906350645
LOC111112796,0.479819259534167
LOC111106568,0.691802835004457
LOC111109087,-0.109811754877556
LOC111105474,0.579586585402939
LOC111125388,0.317707440098578
LOC111138205,0.277381827815331
LOC111126161,0.0119214446690674
LOC111105133,-1.40447634331117
LOC111107246,1.03661571694871
LOC111130888,0.438375615279712
LOC111125575,-0.258010691230267
LOC111136838,-1.04064265544512
LOC111116164,0.263012734597786
LOC111100847,-0.111724955029043
LOC111125561,-2.29089097215672
LOC111122944,-0.817777995542312
LOC111133309,1.6138354284283
LOC111108342,-1.53435740246528
LOC111099830,0.663829272628727
LOC111132658,0.649105226479871
LOC111135743,-0.0823068636795747
LOC111134154,0.838839772577
LOC111120023,0.615997640867172
LOC111110929,0.133871997899604
LOC111127155,0.212496656459644
LOC111105266,-1.15965389368298
LOC111130125,-1.8467974735878
LOC111114565,1.08705504347346
LOC111121326,0.889573997503886
LOC111111121,3.64654903825661
LOC111125245,-0.347332404972352
LOC111129859,-1.35272727771114
LOC111120690,-1.0961573440312
LOC111119377,0.252422937176596
LOC111108195,0.0755671540414701
LOC111119101,0.741464919540179
LOC111131493,-0.276463571476163
LOC111099634,0.00755950150183182
LOC111117934,0.256214084272049
LOC111103840,-1.16351345519743
LOC111129856,-0.702244561764683
LOC111108558,0.406142425904367
LOC111122167,-3.57149241120849
LOC111111926,-0.274355007175676
LOC111128718,-0.509646295159141
LOC111124133,-0.25037802099863
LOC111122405,-0.796313132809977
LOC111137312,-0.467804229219214
LOC111133950,-1.06182595545924
LOC111123104,0.597478023610917
LOC111121504,-0.518869901525002
LOC111111586,-0.249633517227942
LOC111110212,0.777262359104023
LOC111099561,2.15804311875445
LOC111125476,-1.01417249879998
LOC111127949,-0.889097203316886
LOC111124431,-2.83417954335316
LOC111123859,0.977902272060887
LOC111113957,1.03582850971381
LOC111129213,-2.40125141702971
LOC111127224,0.235360592738805
LOC111102340,-0.892270535524914
LOC111134430,0.20955267724115
LOC111137971,-0.749294650811824
LOC111133813,-1.73298776188524
LOC111101044,-2.01238079919445
LOC111133271,0.0345329474596977
LOC111135930,0.049605649834621
LOC111117019,-0.640542082934411
LOC111125077,-0.91357331631927
LOC111104730,1.25103027992992
LOC111128816,-4.27823262809138
LOC111127254,-0.10770528116766
LOC111128088,0.569394473804204
LOC111129695,0.464302732883638
LOC111136891,2.2746809732558
LOC111136875,-0.185411258983543
LOC111129726,0.464421360399818
LOC111104217,-0.794226172331187
LOC111121419,-0.285084702028161
LOC111115793,-0.256097180042931
LOC111100744,-0.0259557906593638
LOC111132651,-0.533776508837381
LOC111135173,-0.211915351945545
LOC111132772,0.554176031809996
LOC111103991,0.173606240941454
LOC111122389,-0.210249338115305
LOC111114854,0.982810230771042
LOC111138275,-0.111331078239321
LOC111137674,0.258881533931091
LOC111137716,0.135829417114433
LOC111120467,0.894254149259097
LOC111133800,-3.2283062985914
LOC111110185,0.147206203508209
LOC111106521,-0.42440409508294
LOC111120984,0.241072919870608
LOC111114043,0.0075587931371714
LOC111131248,-3.07817131076399
LOC111136505,-0.515144533586279
LOC111105828,2.87884919887715
LOC111123939,0.72847120782801
LOC111103890,-0.479244899545623
LOC111104284,0.173080896282405
LOC111113102,0.750370212598466
LOC111131059,-0.826174097248107
LOC111128021,0.481972979798587
LOC111105048,0.624939583588892
LOC111132899,-0.683731625725899
LOC111119002,-0.300781030279457
LOC111117604,0.787235897728171
LOC111102679,0.728012061701306
LOC111137204,-2.00872045153237
LOC111118008,3.81374081533511
LOC111123507,0.521029148411538
LOC111120338,0.38759999957274
LOC111119042,-2.32022060347021
LOC111111765,0.521391315241154
LOC111110062,-0.278522554812632
LOC111129517,-0.256089867073888
LOC111125427,0.464590904711351
LOC111136470,-2.54198302573698
LOC111129778,-0.00258500426410673
LOC111134091,-1.10623457680128
LOC111124505,1.00640111983103
LOC111117903,-1.61384552512902
LOC111126224,1.23278745766264
LOC111138315,-1.29140066538334
LOC111115624,-0.931614673678018
LOC111104311,0.146022633711688
LOC111135824,-5.11028571546677
LOC111125104,-0.226947690804093
LOC111118653,-0.783437726330937
LOC111113756,-0.370030615644519
LOC111107759,-0.996390782928851
LOC111113817,-1.27690781950781
LOC111137580,0.767241650374756
LOC111119173,0.0319397907735859
LOC111116746,-0.640400251500154
LOC111137411,0.477097604118697
LOC111126047,-2.47584225505248
LOC111125352,0.471582751913891
LOC111127198,-1.62560588405662
LOC111121645,0.420744984535388
LOC111131050,0.833938762175144
LOC111122686,-0.828697475690796
LOC111118515,-0.468444790366235
LOC111134563,0.0311103557403296
LOC111125134,-5.13237880380054
LOC111126358,1.05752786000657
LOC111125753,1.59320932878797
LOC111129408,0.41089972212893
LOC111105162,0.779926035976068
LOC111100898,1.73016004606638
LOC111134520,1.10114788450739
LOC111127775,0.867376362880964
LOC111136258,-0.250587981638717
LOC111118744,0.72776605688652
LOC111119220,4.8408830699614
LOC111131106,0.607165671236688
LOC111126461,0.300057881717522
LOC111117850,-0.605819785377677
LOC111108148,-0.290524296793349
LOC111101781,-0.417249236880222
LOC111131834,-1.70158924282847
LOC111105714,-0.601275252361717
LOC111101776,2.27016268006583
LOC111119571,-0.884645055652614
LOC111099772,-1.56195142075216
LOC111101025,-1.17049630255102
LOC111121430,1.37556658624395
LOC111117300,-0.171768532839148
LOC111110619,-0.749581807276737
LOC111106752,-1.16967986163443
LOC111108458,-0.249103462844566
LOC111100209,-0.333715917809379
LOC111103443,-0.830729439275717
LOC111123890,5.55692688329253
LOC111105353,-0.400808373664661
LOC111102303,0.00755986721210135
LOC111099872,-0.0545799317986946
LOC111128099,0.281016293038611
LOC111112549,-0.651940018310871
LOC111099184,0.0499991283845913
LOC111103000,-0.425516058724533
LOC111137546,-0.610836750535046
LOC111111531,0.354345237549935
LOC111118886,-2.17219670931586
LOC111110134,-1.62675461180702
LOC111122212,-0.924687458108275
LOC111133469,0.137382264989487
LOC111138105,0.00755934248507218
LOC111104493,-0.184672237694377
LOC111134126,-0.213349271857369
LOC111109461,-1.0621064477517
LOC111124166,-0.203267389567377
COX1,0.424427474333413
LOC111136492,-1.26372373318584
LOC111112839,-3.01976275871346
LOC111120589,0.641256679825992
LOC111134051,0.00181466610363933
LOC111110724,-0.0999417501017747
LOC111103348,3.47124882900612
LOC111137994,-0.779437739695867
LOC111137935,1.28444189615452
LOC111102737,-0.574652998937607
LOC111134258,0.435913800249573
LOC111123288,0.496270747499409
LOC111136351,-0.351037238719238
LOC111134926,-0.0351425135778949
LOC111108126,-1.17343938074033
LOC111115950,0.513248307801235
LOC111110615,1.36630992916705
LOC111105207,0.0358532166526287
LOC111135107,1.31752777007218
LOC111102638,0.728753250065239
LOC111109290,-0.332093940768205
LOC111100004,0.0669739264283709
LOC111109404,-0.970516379357836
LOC111105056,-1.22718482096407
LOC111106231,1.96959164048354
LOC111130780,0.662818658232049
LOC111133762,-0.927940992803531
LOC111112123,0.00756115891579716
LOC111119631,-0.356287166995538
LOC111136809,-2.71891324715409
LOC111137526,-0.455268566451769
LOC111106119,-0.600389717356445
LOC111104266,-1.01183991141932
LOC111099504,3.98992842279495
LOC111111539,-0.300220146368793
LOC111100240,0.780411062991985
LOC111121672,0.136210795578385
LOC111120057,0.392985619520535
LOC111118470,0.385802540761492
LOC111120942,-0.135430826272448
LOC111126083,-1.91208732330613
LOC111103242,0.427791407780359
LOC111131301,-1.93925427127812
LOC111108231,0.485795949802834
LOC111125337,1.96193732212502
LOC111134475,3.27440904516624
LOC111129412,-0.317546896058884
LOC111117054,-0.306763081558849
LOC111123601,-0.797556913502723
LOC111103647,0.0905972209312429
LOC111115065,-1.8622923242995
LOC111114808,-1.39439835857625
LOC111103323,5.12878135226118
LOC111101152,0.877783786688025
LOC111112469,-1.96048181292457
LOC111114530,-0.294054321735441
LOC111125003,0.272780105285239
LOC111099122,0.189968511544512
LOC111137395,0.553797021736331
LOC111131754,-1.19100658875152
LOC111134768,-1.27626421233074
LOC111135541,0.65308305775797
LOC111124080,0.60635008017393
LOC111102430,2.16407226210952
LOC111128459,-0.0805359558370123
LOC111102272,0.105360872608607
LOC111131471,-0.697565562302978
LOC111124346,-1.54175799871986
LOC111120507,-1.99914144714748
LOC111137599,-0.0227380326185178
LOC111100729,-0.593503164184848
LOC111137982,-0.868716273993397
LOC111104449,-3.85561503512587
LOC111131838,2.22809620452128
LOC111126987,-0.402030926368163
LOC111137418,0.63704145961609
LOC111123167,0.142055432304232
LOC111109968,2.3816857421843
LOC111104700,-0.0417909504196358
LOC111135958,0.628084889975664
LOC111108307,-0.173793470143836
LOC111128041,3.97007175816883
LOC111132361,0.49059936741615
LOC111129223,0.542600703514344
LOC111108101,-0.821015942850911
LOC111128196,0.453953173263615
LOC111102565,-0.78465583882044
LOC111115115,0.448917680305103
LOC111111263,-0.301197568541309
LOC111134525,1.49831241029428
LOC111118977,-1.39551365353616
LOC111104157,0.359607917296875
LOC111122808,0.0713671709160158
LOC111123230,-0.570839102658312
LOC111122184,0.554846103569604
LOC111117363,-0.575455353342045
LOC111105304,2.62290314922661
LOC111102229,0.355413776276341
LOC111112744,-1.96802775094993
LOC111134969,-1.76648692713756
LOC111136204,0.0537187168621627
LOC111128831,-1.7327383525657
LOC111112706,-0.193158956630336
LOC111133142,-0.195512556854108
LOC111099909,-0.0598082027847657
LOC111114886,3.81929079311377
LOC111130939,1.06701571045884
LOC111110772,0.675580663659214
LOC111137555,0.658098673869945
LOC111125506,-1.90606674668537
LOC111106215,-0.171784737771998
LOC111138035,-0.00996093873391064
LOC111114880,-0.979263341954351
LOC111122858,0.875880542794823
LOC111127432,0.835224704212988
LOC111130189,-1.46007833059501
LOC111127217,0.786957371330567
LOC111134485,1.43330355269948
LOC111130499,5.08753599053793
LOC111130387,-1.28692149517972
LOC111121568,-0.0448633253772113
LOC111124922,1.3154047298687
LOC111125403,1.33043836328534
LOC111137226,-1.14652224997615
LOC111102396,-0.686079143173847
LOC111118696,-0.904659869579226
LOC111104744,-1.93948941529846
LOC111118593,-0.187334422469697
LOC111121859,-0.279363437006671
LOC111114465,0.0588091912611645
LOC111101363,-0.446710465385534
LOC111124339,-0.7961458897262
LOC111106242,1.31610794434891
LOC111138187,0.477157843913677
LOC111122600,-4.22371003589918
LOC111113158,-4.46642424020511
LOC111119249,0.245073849459258
LOC111137528,-1.32755546876257
LOC111137889,1.02475340745574
LOC111135558,-0.136589923829618
LOC111129026,0.123649396380239
LOC111120656,0.70397794046941
LOC111132497,0.554657242350238
LOC111113488,-0.123795110256205
LOC111112770,1.09543753533494
LOC111120769,-0.199094192236976
LOC111116643,0.0260146523692004
LOC111116708,-0.0324065795416085
LOC111114062,1.12157102272931
LOC111115317,0.73823984931188
LOC111128677,0.199007086346779
LOC111132461,-1.51175907367906
LOC111100110,-0.386622102663389
LOC111112812,-0.0525455641723805
LOC111123879,0.453598826939353
LOC111114308,-0.503047769765536
LOC111136140,-0.33084318550856
LOC111133926,-0.120891297116676
LOC111124338,0.156785234706002
LOC111127456,0.438185610256909
LOC111123203,0.667558252955405
LOC111100294,-0.768911785756905
LOC111135344,-0.42831170718541
LOC111132940,-0.449972694557212
LOC111118513,1.06297100104099
LOC111130548,-1.86512198898243
LOC111135260,-0.575591787897288
LOC111117441,-0.376438500326707
LOC111128198,-0.532525686133118
LOC111110585,1.02354981994695
LOC111133763,-1.01286250433289
LOC111114027,1.0759282464865
LOC111099043,0.84111474371187
LOC111133696,-1.6921446588599
LOC111121357,1.45003030776154
LOC111124661,1.2791115340425
LOC111120892,0.153650072947093
LOC111103791,0.0454089642144043
LOC111124978,0.152394309796506
LOC111110221,0.366732634962788
LOC111116962,0.263212432544402
LOC111125309,0.536666000560693
LOC111124326,-0.293880352815922
LOC111124409,-1.4938419112699
LOC111102480,0.702981271675411
LOC111123677,-0.0893459000905845
LOC111099079,0.906955911296598
LOC111099956,0.496627374000017
LOC111119569,-1.15361537347692
LOC111129790,-0.579188150778302
LOC111100459,0.21152558303257
LOC111117948,0.064951178246319
LOC111138286,2.13061656157364
LOC111121683,0.801551480751207
LOC111126572,0.247932541444947
LOC111101304,0.553197297961612
LOC111117248,0.133879560815727
LOC111137040,0.50800117900086
LOC111100588,-0.0671254721627712
LOC111120936,-1.88693197948772
LOC111133544,0.318909660970258
LOC111110259,0.495286663328933
LOC111127097,0.0829858347527734
LOC111136640,-0.0309835811878257
LOC111106995,-1.03345215337327
LOC111122007,1.2909249184675
LOC111107573,0.922537506084623
LOC111120188,-0.0316939859864104
LOC111125016,-0.0282062973134106
LOC111125845,-0.556027318875393
LOC111125668,-0.0751102273321769
LOC111112921,-0.950353923229432
LOC111107215,-0.881211041331851
LOC111122124,-0.764784072517244
LOC111119904,0.580390828316077
LOC111100075,0.207841927744611
LOC111136475,-0.332363900749067
LOC111138440,-0.238947410627426
LOC111114977,1.51906027573284
LOC111125294,0.0102318551814358
LOC111102911,0.404005095743892
LOC111131007,-2.04689577758057
LOC111124083,-1.09662251812762
LOC111122984,-0.98363888308128
LOC111127160,0.718025680664708
LOC111113827,-0.65376195565427
LOC111134585,-0.123157637246764
LOC111120709,-0.782590530920156
LOC111108142,1.77101947997642
LOC111115705,1.80926858341427
LOC111115064,-1.23383039462116
LOC111123543,-0.050020056495377
LOC111112529,0.256087557283018
LOC111104592,0.0576667788847102
LOC111136908,-0.559012124216363
LOC111135270,0.801067364211664
LOC111129987,-0.25609572059134
LOC111121021,1.73455555894184
LOC111128998,0.116383194663753
LOC111106698,-1.05333676891352
LOC111119905,1.21923629584477
LOC111128930,-0.294357445137039
LOC111108712,0.292102943716255
LOC111124594,-1.84753801680465
LOC111111373,0.376000262319386
LOC111127079,-0.322156657721528
LOC111112592,0.209729346857744
LOC111129073,0.989132611297997
LOC111119493,0.541459993089503
LOC111114444,0.518159172084264
LOC111119407,0.681191727591712
LOC111106444,0.553573925324772
LOC111117388,0.288465485055449
LOC111129057,0.769792990755662
LOC111116059,0.15789929840999
LOC111114292,0.406456130664542
LOC111136432,0.0991258749639933
LOC111100524,0.798254855768543
LOC111113404,-2.14134055805879
LOC111129273,0.0723313497809855
LOC111132563,-0.303733265633856
LOC111133444,0.789509170250453
LOC111125046,0.415904004164209
LOC111122402,0.48093169345381
LOC111128185,0.887274736203436
LOC111137059,0.124920106878024
LOC111115050,-1.52983122762396
LOC111105786,-1.07819378676146
LOC111120032,-0.777023588335964
LOC111119483,3.61178828975737
LOC111099733,0.694152721400146
LOC111109685,-0.188661947218522
LOC111102362,1.13148216535412
LOC111099468,0.269326240576363
LOC111135141,-1.81354662880989
LOC111119903,2.38777698296893
LOC111127004,-0.0854779373735135
LOC111104000,-0.690230479479934
LOC111121201,-1.64908176664458
LOC111111747,-1.25493208131232
LOC111099917,1.05970146817877
LOC111128247,0.139207061746069
LOC111116789,-0.627035293882451
LOC111116492,-0.467804229219214
LOC111119739,0.274158026654248
LOC111123575,-2.24088099993299
LOC111137360,-0.0166583333735979
LOC111100516,0.241276941058044
LOC111121294,-1.41067799628794
LOC111124645,0.669290306367491
LOC111106525,0.373346929104379
LOC111137345,-0.913172366839365
LOC111107834,0.270444981567876
LOC111123239,-0.528628349159501
LOC111135255,-0.824024276196138
LOC111099427,-0.180879080342531
LOC111128822,-1.07848872792068
LOC111121747,-0.0791799147537907
LOC111101071,-0.609508429235213
LOC111101568,0.331852180470298
LOC111104705,-0.162567492742295
LOC111117973,-1.75001285599264
LOC111134615,-1.45013936156833
LOC111124302,-0.489101151836601
LOC111129117,-0.731839486351779
LOC111119654,1.49568075033331
LOC111137747,1.07716602026215
LOC111127588,0.311633747892727
LOC111109155,-0.400926054488963
LOC111104468,0.081424129098497
LOC111099092,0.0689177627322057
LOC111120814,-0.0070789219997647
LOC111134030,-3.70408586281935
LOC111120752,0.415195961640599
LOC111126042,0.798689292013497
LOC111130412,0.798810122325433
LOC111127201,-1.08769692961145
LOC111130656,-0.922497991565271
LOC111122509,-0.908490668162072
LOC111131177,0.308484258026614
LOC111133243,-0.0972895799083896
LOC111132782,4.48294557791314
LOC111137098,3.4629706518213
LOC111132654,-0.0122555359856057
LOC111124527,1.99659548150631
LOC111134829,-0.362985888034847
LOC111127933,-2.39759909374665
LOC111126492,1.85366989187007
LOC111120797,0.849741205080763
LOC111100347,-0.409994811916376
LOC111136833,0.217194995608217
LOC111136571,-0.911624686567886
LOC111128361,-0.427423816515293
LOC111105612,-0.475091935684754
LOC111125740,0.152659769799683
LOC111135966,-0.452061046983957
LOC111122660,-1.51996916670368
LOC111127602,0.105335945209548
LOC111123493,-1.95006451595646
LOC111105753,2.08199310452388
LOC111112736,0.0157115103758873
LOC111119309,-0.0494272649518639
LOC111119306,0.730893833537378
LOC111130628,-1.11584346064893
LOC111122876,-1.08436282197885
LOC111101184,-0.56333626846281
LOC111134468,2.55612623366092
LOC111136202,-0.228888490579894
LOC111137562,3.07573726597013
LOC111137875,1.63132817606806
LOC111101238,-0.379944812444042
LOC111100714,1.20920681078915
LOC111101100,-0.355218546860626
LOC111122371,0.299807676887546
LOC111126434,-2.66102455573352
LOC111129587,0.277379524089767
LOC111121988,-0.0657380294513076
LOC111104703,-0.259715358388233
LOC111134855,-0.907662689294195
LOC111117968,-3.47880834527781
LOC111133992,0.271464813487591
LOC111115720,0.231794065040996
LOC111107393,0.0549950373147311
LOC111138026,1.02659782348036
LOC111137270,-0.572934348898151
LOC111101001,0.430647992662659
LOC111101086,1.43625255118802
LOC111116857,1.6630426653002
LOC111123856,-0.297767248034227
LOC111121304,0.223186644006413
LOC111102645,-1.48472714624289
LOC111117284,-1.04387120560591
LOC111114368,-0.238009685267641
LOC111114597,2.36101413784529
LOC111128170,0.27462736614976
LOC111112925,0.667272637650546
LOC111113357,-1.63598665972868
LOC111104111,0.139877495459914
LOC111119322,-0.163658121368818
LOC111120322,1.28504181596459
LOC111115257,0.29022415835414
LOC111105465,-0.944307463731599
LOC111126007,-0.469856171341382
LOC111135575,-1.00405146768909
LOC111101808,-0.241730705891986
LOC111133322,-0.927909907830489
LOC111135261,-0.848314145374849
LOC111114455,-3.18086494302974
LOC111121583,-4.68833224321402
LOC111135694,0.850155386936764
LOC111125519,-0.0892442281021586
LOC111117490,-0.435192235460978
LOC111110733,0.542642297617496
LOC111123321,0.0689180950526998
LOC111122417,-2.50937797138201
LOC111114986,1.89651811092051
LOC111112037,-1.17321919051927
LOC111122173,3.36422153857612
LOC111123243,-0.506025258471818
LOC111124033,0.496264575361327
LOC111129464,-0.00404692763221792
LOC111114743,2.42044636390375
LOC111100286,-1.428580906986
LOC111130967,0.0747577252702844
LOC111110163,0.296637327674091
LOC111110477,-1.43797996637047
LOC111129065,-1.45781078581798
LOC111101485,-0.990396014777859
LOC111136205,1.10587300832779
LOC111120791,-0.730831543198145
LOC111123623,-0.684123101095654
LOC111135363,-0.192778505689053
LOC111118461,0.888091850761156
LOC111118258,1.2790469640597
LOC111108487,-0.270646972331801
LOC111118246,-0.0198836586396967
LOC111128127,-0.682736779391735
LOC111121478,1.01543510050397
LOC111130744,0.150319254514866
LOC111117241,-0.841853783310239
LOC111100381,-0.503532361926261
LOC111109425,-2.3004851171634
LOC111137178,-0.500057159886732
LOC111107130,-1.75393981299233
LOC111123792,-0.173608759286579
LOC111133751,-2.91441407775688
LOC111127421,0.736169036724638
LOC111108239,0.659642149992372
LOC111131134,1.69510747651977
LOC111104355,2.68388574241273
LOC111132026,-0.106064460028213
LOC111108623,-0.187690314252021
LOC111132852,1.25375670056536
LOC111131656,1.69376135698765
LOC111113419,-0.844295847460345
LOC111106396,0.511634084085617
LOC111128006,0.335445435438323
LOC111129060,0.527288031102251
LOC111126887,0.626536001791181
LOC111124168,-0.679490853906472
LOC111123587,0.60638454571382
LOC111100642,-1.20129750994723
LOC111135235,-1.4559922598912
LOC111106019,-0.186105723711681
LOC111131038,-0.481046826723189
LOC111130571,-0.0600782758016955
LOC111130344,-2.14152648554355
LOC111131343,-0.690734521961037
LOC111135994,2.02742814352503
LOC111121040,0.947609503669499
LOC111138017,-0.669398892082027
LOC111130747,0.305064288397555
LOC111109311,0.649564951306354
LOC111118727,6.71184756405259
LOC111114667,2.41030075767086
LOC111104292,-0.0524006482864001
LOC111116195,-0.532593985087646
LOC111117130,-0.127902329234936
LOC111103427,0.356814591161105
LOC111116088,0.249065762532562
LOC111108787,-0.122748981935108
LOC111123641,-5.28088095397942
LOC111123447,-3.51807682923989
LOC111111063,-2.37723424876408
LOC111136061,1.44245268895035
LOC111132939,5.12205216676031
LOC111114491,0.648816170550269
LOC111113987,0.149333115669902
LOC111126925,-0.224283886805384
LOC111134121,-0.242272307334282
LOC111111272,-1.32605241557717
LOC111099790,0.724163737444424
LOC111119420,-0.850921435008052
LOC111124298,0.556633524911577
LOC111128067,2.02796309501091
LOC111116497,1.83201543156617
LOC111126247,0.258728806455209
LOC111121471,0.395939122726722
LOC111115740,-0.653950150114536
LOC111134077,-0.829503693091146
LOC111131583,0.0821876999839939
LOC111114643,0.626527149271734
LOC111110475,1.63886703244902
LOC111121942,-0.532597970803441
LOC111129668,0.112183585792069
LOC111137596,2.81700640200584
LOC111104124,-1.09547489524466
LOC111108272,-0.0951337869199917
LOC111133501,5.20162340664778
LOC111112923,-0.242191553388808
LOC111122890,-1.05902556935723
LOC111119866,0.544293180417054
LOC111121897,-0.068516525549243
LOC111126238,-0.827871672681195
LOC111135086,0.35514309267656
LOC111120386,-0.0963697051360321
LOC111111566,-0.718628201321502
LOC111129975,0.216150176687486
LOC111102053,-0.196585631580249
LOC111100576,2.57632984503866
LOC111114372,0.0075604075818945
LOC111113176,0.204177897951762
LOC111114559,2.53360262691672
LOC111119833,0.186926487283893
LOC111134666,-0.00321453232885452
LOC111124237,-0.600473359080404
LOC111125091,0.596376642714632
LOC111135959,-0.411965810604669
LOC111105199,2.07320198662084
LOC111120255,0.00135660461158371
LOC111106808,-1.24843483681622
LOC111109085,1.11196595727131
LOC111129560,0.867209161330702
LOC111137843,0.564907771059267
LOC111136925,1.66697636169311
LOC111126284,0.207769737828547
LOC111104998,0.0635476523314495
LOC111125223,0.438071465878807
LOC111116650,0.300574121289757
LOC111111633,0.752873687185879
LOC111134629,0.162105592605551
LOC111114231,-0.148239179820535
LOC111115220,0.656633759953698
LOC111131837,0.697838651554993
LOC111120745,-0.165669168452175
LOC111112419,0.804525059291279
LOC111101883,0.0709140104579481
LOC111120320,0.972552561032871
LOC111128464,0.254113692737068
LOC111126132,0.304787044671618
LOC111135983,-0.355045361666234
LOC111118499,0.160724653118521
LOC111099183,-0.153344409463861
LOC111111431,-0.193501103128457
LOC111126052,0.51752604728712
LOC111119452,-0.732457302593815
LOC111108639,-0.0306197463097885
LOC111123422,0.488263361020023
LOC111108955,0.311070104882634
LOC111134090,0.615550041840773
LOC111112931,-0.161690021269317
LOC111113416,-0.370943304234547
LOC111136341,-0.524084880918274
LOC111120422,1.17722843702033
LOC111129480,-2.49407672959193
LOC111099736,-2.21516798477713
LOC111120985,0.551348397311892
LOC111125247,1.57952989642337
LOC111137849,-0.499858461374741
LOC111128202,1.00031356408625
LOC111114737,0.409095121448589
LOC111101575,0.28701929859098
LOC111099171,0.0314237848060604
LOC111128454,-2.01317011356113
LOC111132283,-0.453063897857263
LOC111121103,0.868483014578584
LOC111127162,0.320556062600886
LOC111121335,3.41612545429452
LOC111130537,-0.386263382064267
LOC111131458,1.39268247043715
LOC111132553,0.712734986896292
LOC111118054,-0.136836406148443
LOC111132979,-0.126545982579276
LOC111127503,-0.142529668906993
LOC111134549,0.84782692967982
LOC111111195,-0.21977194780916
LOC111107288,-0.17185718632604
LOC111101359,-0.497546391510652
LOC111129013,-1.24567029529444
LOC111126185,0.16832594647616
LOC111101256,-0.95248856860135
LOC111110057,0.34188564566257
LOC111119075,0.68854802336978
LOC111119502,-0.966811760304706
LOC111136845,1.54746798503408
LOC111119166,-1.60060144474877
LOC111105539,-0.165704950843143
LOC111120537,0.638178491748455
LOC111105213,-5.51647775871204
LOC111138513,0.912861398123636
LOC111120805,-0.717326646371238
LOC111137834,1.04369932245159
LOC111125653,0.275543998134855
LOC111115537,0.519226491472073
LOC111129989,-0.534675941961568
LOC111122289,0.299256997358769
LOC111120297,1.31202441758893
LOC111112038,-0.262092373184855
LOC111100793,0.692656760497769
LOC111116947,-3.04628279504765
LOC111127243,0.236027249320251
LOC111122035,-0.194184671915642
LOC111130529,0.0826057250365614
LOC111115544,-1.4987756179938
LOC111130933,0.0291039431522782
LOC111135973,-2.10996661358001
LOC111128588,0.00468122650146214
LOC111116236,0.828007138825588
LOC111118026,1.27464364739917
LOC111111083,-1.724017402171
LOC111099503,-0.366634906379454
LOC111130368,0.798635065844605
LOC111117874,1.81841822431346
LOC111120803,-0.224884011381571
LOC111137016,-0.856589807420534
LOC111125334,-1.04474885151125
LOC111109647,-0.0542828059205243
LOC111124010,-1.59514854070815
LOC111128684,0.236351803095074
LOC111099687,1.29994471022758
LOC111119412,0.144492604970754
LOC111132894,-0.63129409677446
LOC111121122,4.78220073204974
LOC111126732,-0.00173102054875914
LOC111128309,4.37537492192503
LOC111106253,-0.0859880110158359
LOC111108724,-1.09041061558964
LOC111137301,0.821137820255175
LOC111129738,0.499598735768921
LOC111116097,0.91010649272994
LOC111138348,0.77650746911781
LOC111131330,-0.184890330670737
LOC111130165,-3.73337340541584
LOC111130015,0.746672846129436
LOC111130703,-2.51004620534574
LOC111123459,-0.204605324065157
LOC111099169,-1.21733324065976
LOC111109896,0.0686970088539701
LOC111106289,-1.6781291618368
LOC111133066,0.202504604888166
LOC111099093,0.449610848902367
LOC111109697,0.493821159018724
LOC111100538,-0.868364200854494
LOC111106954,3.0062006069642
LOC111124862,0.738701720899254
LOC111114024,5.92595474085368
LOC111113024,0.897571994300355
LOC111113031,-0.58964056466234
LOC111129977,-2.67411059221317
LOC111129420,1.0882287933678
LOC111133034,0.470236412020435
LOC111103357,1.14593724222109
LOC111120620,0.139135549969076
LOC111120621,-0.00772383104926821
LOC111114248,1.10185264446722
LOC111100583,-0.137664825693574
LOC111102745,-0.698152958049202
LOC111107431,0.282345565785352
LOC111128324,-0.21497652959748
LOC111131637,-0.210883738053151
LOC111115002,-1.27744116853633
LOC111129872,-1.03585457014831
LOC111123467,0.033132639163002
LOC111137331,0.514263370807331
LOC111121610,-1.16470699066738
LOC111125891,-0.0931623916305724
LOC111122790,1.3056149107151
LOC111121702,0.674776291329687
LOC111102876,-1.01033139022795
LOC111104362,-1.24916873073064
LOC111125425,1.35240132522675
LOC111112586,0.689663383176226
LOC111104760,-0.912083310853714
LOC111112833,-0.261806660131648
LOC111104870,0.812401344597085
LOC111110090,-0.151707093532813
LOC111123974,0.200013715800432
LOC111122103,0.758720633090851
LOC111132933,0.436198011082015
LOC111129328,-0.063537734922718
LOC111102109,0.201907000649812
LOC111112206,-0.629971875500098
LOC111119171,-0.167998328510916
LOC111130307,-0.473809153140664
LOC111123101,2.09767156959645
LOC111137094,2.51212676606993
LOC111128261,0.554657242350238
LOC111125149,0.0372912072067487
LOC111100724,-2.17996540511833
LOC111107808,0.107041760405513
LOC111108781,-0.304488040818732
LOC111101477,-0.393838269192556
LOC111113369,-1.58643046855658
LOC111136039,-0.252476991295503
LOC111128751,0.197203159215303
LOC111136543,0.991306782761606
LOC111121086,-0.724298894355291
LOC111121465,3.88897922886745
LOC111135350,-3.42002347601843
LOC111132985,-0.826706901779659
LOC111100259,-0.171867401176437
LOC111101216,0.0718283391772073
LOC111122449,0.522729773726282
LOC111099460,0.0196788890058279
LOC111114843,-0.841731488970584
LOC111111607,-1.26270796471348
LOC111126953,0.251442154504026
LOC111130526,0.356460530858964
LOC111103567,-0.234357387324092
LOC111130428,0.122412815660607
LOC111135071,0.350868524954173
LOC111120907,0.586457871119064
LOC111122785,0.26594711514955
LOC111121834,-1.03209431008423
LOC111131422,0.359643525810781
LOC111135837,0.588798180499401
LOC111112209,-1.45300114294395
LOC111138221,-4.19142642290236
LOC111120035,-1.11681408001484
LOC111136342,-1.60514005439964
LOC111127062,-0.311212366273817
LOC111108020,-0.264424490874708
LOC111108336,0.654552945278736
LOC111132488,-0.289460509415718
LOC111130643,2.81800939285805
LOC111127643,1.33154514434117
LOC111136687,-0.412850595739759
LOC111133343,-0.142157846258763
LOC111135459,-3.85324796697653
LOC111109264,-1.70751121941084
LOC111108184,1.28444982377162
LOC111127034,-0.706770722542977
LOC111115306,0.114630758999286
LOC111137089,-0.0995548835934879
LOC111100341,0.820005739932861
LOC111103703,-1.00057183344096
LOC111120169,-0.904001529543426
LOC111105818,-1.24802991073449
LOC111135968,0.576544694861718
LOC111112559,0.324181132437307
LOC111130872,0.37781324893226
LOC111131052,-1.04405252747922
LOC111126100,0.626697981688231
LOC111133495,-1.60359097920808
LOC111099694,-0.0433441735218421
LOC111135412,-0.0527190919575122
LOC111115506,0.445287753128547
LOC111127964,0.230671366729249
LOC111115149,-0.589635475259134
LOC111106895,-0.271267787505621
LOC111109846,0.297562964807749
LOC111106277,-0.06545098251575
LOC111104666,0.226110999259102
LOC111101634,-0.266941900224275
LOC111130583,-2.75681433585861
LOC111113001,-1.79861786598752
LOC111113317,1.5278847292463
LOC111135622,0.189242929292924
LOC111111509,-0.705802388104263
LOC111099216,0.521886141073164
LOC111104074,-0.619192427049999
LOC111115992,-0.00595043983144014
LOC111103057,0.00756012046118915
LOC111134046,-0.00363696818038143
LOC111133872,3.14508159908361
LOC111123088,0.0172507823359484
LOC111106598,0.262129151800763
LOC111103502,5.33328779802179
LOC111137844,0.825385968704558
LOC111135749,-1.73173160283461
LOC111123442,-0.412186862217086
LOC111126399,1.12248827639479
LOC111137853,-2.41144135245678
LOC111118955,-0.982969017282476
LOC111122566,0.174197526765075
LOC111114687,-0.0600590140142929
LOC111117475,0.202964610159148
LOC111134568,1.18343773125717
LOC111117180,0.888185659627577
LOC111123667,0.725735379006499
LOC111113084,2.29301470991281
LOC111130365,0.353046977699487
LOC111130478,-0.687128272587334
LOC111124936,-0.820348309553065
LOC111101094,0.500504080428043
LOC111106260,-1.09002262654478
LOC111108665,-0.866167437971405
LOC111119529,-0.520404331905758
LOC111124777,-0.48497884133714
LOC111118190,-2.37987979107109
LOC111122579,1.22252164508713
LOC111136265,-0.63779245199845
LOC111116627,1.31705112736999
LOC111105688,14.3684493437631
LOC111106434,-0.198115264156949
LOC111123333,-0.378508335986908
LOC111105339,-0.376792123726414
LOC111132124,-0.693874697471839
LOC111111504,0.124589155674938
LOC111118110,-0.553233218134863
LOC111134700,-0.406057063501577
LOC111100965,-0.102133085738239
LOC111129865,0.0990096269102484
LOC111125608,0.622096495757577
LOC111099745,0.372942645863381
LOC111100871,1.57758573187996
LOC111134414,-0.527564970915699
LOC111114610,-0.68008707145221
LOC111127999,-1.59866175159387
LOC111109823,0.436597033382423
LOC111103246,-2.29545172967013
LOC111117922,-0.891171995783473
LOC111138245,-0.226194127009693
LOC111108658,-0.950122258824124
LOC111106022,-2.0872053855054
LOC111106824,-0.0366173750190887
LOC111138412,-0.197990702148854
LOC111112352,2.12634193050714
LOC111110606,0.283974399534832
LOC111122204,-0.467620762674504
LOC111100693,-0.179273276655293
LOC111114896,0.918361203779965
LOC111135208,-1.30324556864353
LOC111130175,-1.23479600900982
LOC111133766,0.284265361081678
LOC111123170,0.00755907658310342
LOC111133942,-0.200305526449116
LOC111115261,0.791534879460286
LOC111123776,0.283493253148981
LOC111130661,-0.536807080096703
LOC111099766,0.105958366501771
LOC111118585,-0.633914449473274
LOC111117041,6.01746015476411
LOC111103121,-0.688870483082208
LOC111129633,0.00756045849308174
LOC111109441,-0.893970055443816
LOC111103144,0.0600764618774848
LOC111103143,1.18347486171273
LOC111129290,-0.697002356462408
LOC111137387,-2.9815211831258
LOC111129556,-0.0742961671515325
LOC111135671,0.0162377068016979
LOC111132861,-0.725978845888579
LOC111126876,-0.124914186667393
LOC111099047,2.37818799836142
LOC111136643,-4.36830774805986
LOC111118766,-0.506913877077232
LOC111114606,0.0804779191345803
LOC111136043,-0.762579913477681
LOC111132975,0.205953228987906
LOC111127836,-0.670695052407137
LOC111115385,1.35295275597063
LOC111117500,1.38967218502757
LOC111103542,-0.621392881396937
LOC111104407,2.1080644289846
LOC111101943,1.50898788869515
LOC111109463,-0.572982099149711
LOC111110798,-0.862303362218601
LOC111099501,-0.0707705815358107
LOC111109006,-0.542364665721631
LOC111101617,0.0746484452860341
LOC111108180,-1.2010188101055
LOC111133667,1.77219438631836
LOC111110974,1.3340696568456
LOC111109309,-2.12780373906937
LOC111136731,-0.0710294399679776
LOC111099679,0.549181775738044
LOC111120130,1.90896549474406
LOC111100598,-0.0606972655017099
LOC111109862,-0.786451587604399
LOC111113810,0.319182245936032
LOC111131599,-1.77698719515503
LOC111104244,-0.137815498235773
LOC111101511,-1.38495520453407
LOC111137409,-0.737628143379202
LOC111137490,-0.350797930304561
LOC111115255,1.04008495363843
LOC111135239,0.194121066946048
LOC111101815,1.61321806363661
LOC111131718,0.230126368166095
LOC111109201,0.548043052432564
LOC111110989,-0.124561441825688
LOC111119673,-0.26931858190471
LOC111123001,-3.08926446101096
LOC111127837,-0.0122577858611664
LOC111126040,0.677148143968057
LOC111102860,0.403362311964285
LOC111137947,-4.0430609415448
LOC111103171,0.438552806351753
LOC111120650,1.45666052058873
LOC111108963,0.918193849726906
LOC111123884,-0.243246949869403
LOC111117510,2.12464818928233
LOC111102661,-0.443989502551285
LOC111114223,-0.468927532232161
LOC111129788,1.5649446926376
LOC111117877,0.00426912321126433
LOC111123751,-0.939351058706151
LOC111124559,1.93488319001238
LOC111116138,0.2039943021942
LOC111100861,-0.762455184518176
LOC111126915,-0.528391757277096
LOC111130858,-0.00358382533790947
LOC111130510,0.796948816223091
LOC111136836,-1.37251975057963
LOC111135661,-0.267884803935644
LOC111135590,0.17244255048888
LOC111134816,0.807260761944291
LOC111119012,0.605668102901055
LOC111119216,-3.48210194430349
LOC111121578,0.458178964673493
LOC111131630,2.32929631037185
LOC111110729,-1.28763903316424
LOC111109768,-0.435132558856641
LOC111133442,0.616907844756819
LOC111101529,-2.94332689515309
LOC111111951,-0.15548243633955
LOC111132186,-0.0812246070966688
LOC111118161,0.00814242660929721
LOC111136083,0.0145308423215795
LOC111135326,0.313096419917267
LOC111120911,0.394263116749345
LOC111111555,0.0259766953259467
LOC111137126,0.394263116749345
LOC111105853,0.649087031738376
LOC111122382,-0.405136419134967
LOC111109195,0.00328229462582179
LOC111106362,-0.777084090277643
LOC111120028,0.133240557435441
LOC111129088,0.0181341549365411
LOC111135903,2.25855419590031
LOC111134949,-0.126944397146944
LOC111120397,0.0540882540120001
LOC111110016,-0.990174981808992
LOC111127758,-0.238397781542225
LOC111130546,-0.407420635619476
LOC111116160,-2.30256612764016
LOC111123210,-0.615602688372291
LOC111116326,0.339649648138188
LOC111135148,-0.158543970329309
LOC111111776,2.50245878320603
LOC111118894,-0.586736927426705
LOC111137900,-0.531241348286303
LOC111129393,0.669189874478411
LOC111107123,0.102160915325739
LOC111117317,2.27487358223038
LOC111122379,-0.604510365347315
LOC111134138,1.57039493907802
LOC111119416,6.11826069546826
LOC111133176,-0.628651750810803
LOC111108652,3.90278563885676
LOC111120395,-0.161641136065767
LOC111115161,-0.0382930664150673
LOC111121321,3.98308244571774
LOC111114890,0.461741605785378
LOC111119317,0.62429826464209
LOC111111483,-0.997528388814402
LOC111108303,0.203565835538229
LOC111108378,-0.0425384515201487
LOC111100476,-1.20793534653744
LOC111117800,0.194311609442977
LOC111103220,3.48022666394413
LOC111127030,0.507289088172782
LOC111137568,0.496633107613578
LOC111136209,1.35212748540422
LOC111126061,-0.433264755574138
LOC111113421,2.75270664460255
LOC111104667,-1.37743013594491
LOC111132478,0.66661599790149
LOC111128094,-1.09826672918518
LOC111134364,-0.0814888644390146
LOC111135518,0.683324456252241
LOC111129897,-0.135699419467382
LOC111137536,0.137178730783327
LOC111135382,0.896095938517199
LOC111136278,0.177364273334585
LOC111107144,-0.544199878324396
LOC111135703,-0.16030264798564
LOC111101099,0.29279248625743
LOC111126828,-1.04802916750838
LOC111131367,0.133873072267915
LOC111111866,-1.55587586865116
LOC111100928,3.31215813817856
LOC111125560,-2.54039325443441
LOC111113393,0.700998427612433
LOC111104367,-0.940454173483588
LOC111105035,3.29069872032758
LOC111134157,-1.7053885076263
LOC111127351,0.382864650504962
LOC111127843,-1.6114721817448
LOC111136961,0.09163145958206
LOC111134631,-0.0738967650461077
LOC111132171,-0.748762235269643
LOC111134366,-0.373898158552563
LOC111121014,-1.15835546689332
LOC111112121,-0.446808991358239
LOC111118483,-0.256096582425483
LOC111119072,-0.105983110284138
LOC111112686,0.296810808190877
LOC111120272,0.00756115891579716
LOC111134757,1.01101757981488
LOC111108770,1.73515217938152
LOC111104676,-0.183493451514478
LOC111130853,0.175141110951344
LOC111099731,0.00614112129829547
LOC111122224,0.193560967816118
LOC111122041,-0.471358050391216
LOC111123008,-0.326639583402241
LOC111100352,0.398135195944268
LOC111123958,-0.00664530340836767
LOC111126627,-3.57996390617822
LOC111101799,0.954904580037098
LOC111128134,-0.127867703260092
LOC111137468,0.483540889106299
LOC111118042,0.693550990318225
LOC111125323,0.281582615044055
LOC111122157,0.0851614562727157
LOC111118505,1.08700070651585
LOC111127175,-0.414098661524404
LOC111131267,0.431896493489392
LOC111111660,0.483540889106299
LOC111108062,-1.65785721507333
LOC111125966,-1.00304945317708
LOC111128646,0.740288618677442
LOC111125641,-0.0358880299239057
LOC111121986,-0.435535558795272
LOC111119402,-1.86865784458143
LOC111101550,0.48858982282799
LOC111106611,-0.126183618352828
LOC111110775,0.368402100945114
LOC111113167,1.09974514429124
LOC111104221,-1.32036314260904
LOC111128164,-0.747688891202068
LOC111118482,-0.815083499606146
LOC111110290,0.007560126265765
LOC111119932,-0.554937955904907
LOC111099077,-1.5779378771509
LOC111114632,0.00756133306995675
LOC111134031,-1.17453848844801
LOC111106355,-5.85418364487375
LOC111100403,0.272579862257557
LOC111133403,0.0878692286281517
LOC111136471,1.57860580792326
LOC111128830,-2.0960737848739
LOC111116061,0.509914973518128
LOC111128005,0.536721241051622
LOC111102207,0.00827084888111507
LOC111123367,-0.785988145347335
LOC111114715,1.05675859840269
LOC111105198,0.859977657483194
LOC111113239,-0.0974894844025041
LOC111106157,1.82634911620466
LOC111113825,-0.682523063635254
LOC111119448,-0.553947858553799
LOC111136172,1.50508723455764
LOC111107172,1.21900186753894
LOC111137509,1.30532059271776
LOC111105030,-1.16706848094964
LOC111114340,-0.324639868795707
LOC111132543,1.74372002622864
LOC111127017,1.01274086599868
LOC111127016,0.0331279579532997
LOC111100503,-0.0723936128574588
LOC111101031,0.0973809432472987
LOC111111003,-1.02455175351044
LOC111110981,-3.25897747596299
LOC111123379,0.493023989354128
LOC111111231,0.60858710648991
LOC111132340,-0.32302364432822
LOC111100191,-0.796387388221716
LOC111123086,-1.32766066475948
LOC111110628,-0.489723941474422
LOC111127419,1.7202701709685
LOC111104428,0.394263116749345
LOC111126494,-0.232360711862945
LOC111110422,-0.844148453811257
LOC111133010,0.560960079802617
LOC111120975,1.37160588308182
LOC111115124,0.00755976903891832
LOC111136747,0.186074027013964
LOC111133658,-0.0754416891742871
LOC111126445,-0.699969750466759
LOC111126444,0.305147254204595
LOC111110150,0.291908459806521
LOC111124765,-1.16357938703558
LOC111111024,0.521016834700357
LOC111120433,0.784840783126183
LOC111135018,0.556061882173438
LOC111126280,0.349424229719981
LOC111132418,-0.721964169980973
LOC111109352,-2.15079805114428
LOC111100789,-2.57761943147662
LOC111118587,-0.567997909613757
LOC111133651,-2.12694653637724
LOC111116710,-0.0568061546067232
LOC111136951,-1.1499466818771
LOC111112810,1.90079923680248
LOC111120799,0.036688028915987
LOC111128095,-0.0426938814779765
LOC111117033,0.653646753220617
LOC111134316,-0.761117582845412
LOC111115927,-0.144915003515503
LOC111118841,0.146760608529387
LOC111120106,0.414257511511001
LOC111099863,-1.0926764561961
LOC111109737,-1.08100542820777
LOC111121264,0.542522835547847
LOC111115822,-0.00575443812902131
LOC111118597,1.09676378394887
LOC111103938,-1.3822013535507
LOC111127471,-2.77786683130098
LOC111105608,1.47246014988406
LOC111136613,-0.172868506527484
LOC111122571,0.118470801519554
LOC111135093,-0.379956725504614
LOC111112141,0.282953412936334
LOC111100088,-0.0682542450848785
LOC111100809,0.110415712889518
LOC111136696,-1.7153632925829
LOC111129962,0.644760086898769
LOC111122180,0.0075587931371714
LOC111117930,0.25870369506265
LOC111117059,1.98916101847539
LOC111137945,-0.598011158648595
LOC111106743,0.0689249618330071
LOC111124789,-1.07879176487235
LOC111122431,-0.831982648934883
LOC111135780,-1.28143960738453
LOC111110398,-0.278903869634634
LOC111108786,-0.0163753744773917
LOC111134013,0.232684906814575
LOC111115731,0.499498132111546
LOC111107599,0.00756082877064291
LOC111131400,-0.889174234018652
LOC111113554,-0.567542219046059
LOC111099168,0.306111645121155
LOC111123644,-2.77813801690543
LOC111138088,-0.143746093615151
LOC111126967,-2.8095313930676
LOC111123061,-0.0596600216103716
LOC111117344,-0.138035798557009
LOC111130293,0.097750234249819
LOC111137373,-0.194928200326974
LOC111133229,-1.18752226358621
LOC111128708,0.394471919171676
LOC111112629,-0.0962713785544361
LOC111106980,-0.79110807524186
LOC111137969,-0.143847725575206
LOC111136993,0.0169722068080541
LOC111126320,4.11694913696409
LOC111126886,1.6371562669165
LOC111101285,2.19739031297781
LOC111121257,-0.195101847239899
LOC111102305,-0.14036211210729
LOC111110978,-6.65717988032488
LOC111104523,0.0709267615771898
LOC111126220,0.0412542969851229
LOC111119826,-0.849160584483798
LOC111129348,1.15798569451015
LOC111127912,2.46772157435525
LOC111118050,0.575200140884551
LOC111122141,3.90580376373264
LOC111136236,1.05592362635274
LOC111126333,0.736865187921361
LOC111100836,-0.183263685551074
LOC111134140,-1.83175502401177
LOC111101507,-0.953438592686117
LOC111120816,0.21175054462267
LOC111124713,0.609719650180386
LOC111132723,-0.0444137977979551
LOC111100585,1.55033655491854
LOC111111995,-0.702887684190252
LOC111129751,0.368411142622489
LOC111103776,-0.197172556015739
LOC111099775,-0.450486276929002
LOC111118976,3.38239778627612
LOC111138179,1.54083986253067
LOC111129100,0.452671322040838
LOC111133153,-0.313031564700174
LOC111124805,0.348762983983336
LOC111112985,-0.539164274254869
LOC111117732,-0.191397322563079
LOC111124321,-2.87171305423007
LOC111107796,0.245646965095088
LOC111120298,0.606408622974051
LOC111103135,-1.33147445313003
LOC111124219,-0.116979328607196
LOC111135681,0.641634229217654
LOC111112446,-0.0126591616046657
LOC111131865,-0.803538690266822
LOC111099603,1.07440729681958
LOC111124773,-1.81567790169457
LOC111130318,1.42351076122205
LOC111103180,-0.012258492757694
LOC111109164,-0.467804229219214
LOC111111936,1.57539225293654
LOC111110414,-0.602161429047019
LOC111132232,-0.266024718424053
LOC111124188,-1.35835609624141
LOC111121195,0.00756073904779393
LOC111131009,0.839056701509368
LOC111118683,-0.533776508837381
LOC111126920,-0.56588938356339
LOC111130711,0.494641062141268
LOC111118397,-0.563730751580189
LOC111119605,0.553998425425553
LOC111112866,-0.0627882040104876
LOC111138237,-0.617721219775915
LOC111124487,-1.99585010640343
LOC111136970,-0.493131946943944
LOC111112210,-1.51304957137869
LOC111100363,-0.414009722670035
LOC111108067,-0.0603093911539949
LOC111124335,0.905290088243902
LOC111100446,-0.534733210170673
LOC111116909,-0.00457953855775846
LOC111123002,1.50804283612394
LOC111130768,-0.27620679365913
LOC111123731,0.681151925791517
LOC111101396,0.790511602506592
LOC111127392,-1.26771419734909
LOC111109149,0.10181399046797
LOC111120400,0.603961051947658
LOC111112150,0.271206320221909
LOC111136126,-1.39839571847488
LOC111120077,-1.97878375559112
LOC111126058,-0.463970184768542
LOC111131751,0.564537565283442
LOC111136967,-0.394477278145744
LOC111126137,1.08917363809633
LOC111134805,1.58629066597332
LOC111134804,0.528614150195914
LOC111107387,-1.05249932710331
LOC111130713,0.531000890128719
LOC111119606,0.207961984793063
LOC111101449,-1.06080357253674
LOC111111718,-0.705038233421647
LOC111120359,0.397456554872862
LOC111110483,0.12615343051936
LOC111126972,2.49832181548973
LOC111122434,-0.417424198521873
LOC111137657,1.30196894140563
LOC111131031,0.304812312331876
LOC111099580,0.800426708807913
LOC111099650,1.02417010188291
LOC111114341,1.58496323853184
LOC111111096,0.254543871361402
LOC111123562,-0.181199670358693
LOC111134807,0.0740000175421233
LOC111110252,2.84279999623586
LOC111121647,-0.892627359948712
LOC111135601,-0.256089867073888
LOC111114180,-0.352936442859984
LOC111125993,0.268047526320504
LOC111109397,0.654371682325521
LOC111136004,-0.773456979592483
LOC111135331,1.44578557083525
LOC111117072,-0.841529993236793
LOC111129942,-0.0554862797340596
LOC111114985,-0.168097191592851
LOC111137005,1.29682329835016
LOC111130340,-0.504091508547528
LOC111128904,0.948682876340246
LOC111138317,-0.285402160441916
LOC111123516,-0.0890741926133056
LOC111129488,0.211976421067787
LOC111133572,2.3091508789427
LOC111108121,-0.164672735409607
LOC111099535,-0.644556802892279
LOC111136146,0.0451499354936966
LOC111116248,0.493429204929549
LOC111134952,0.149666168244503
LOC111134839,-0.923895387619094
LOC111116538,0.00755986721210135
LOC111115217,0.829676096805178
LOC111102936,0.561970142195971
LOC111127610,-0.650337477233203
LOC111120851,-0.311042222236648
LOC111127179,-0.774661715131987
LOC111138020,0.28074925723104
LOC111100611,0.0075604075818945
LOC111132263,-0.532593985087646
LOC111128568,0.0145590495117166
LOC111114809,-0.819396096647788
LOC111112877,0.00756082877064291
LOC111106815,0.553197297961612
LOC111130741,0.828588421926883
LOC111128076,-0.779958073844799
LOC111114411,1.86773979926113
LOC111129451,1.4865517503159
LOC111106697,-0.5120094222829
LOC111137948,-0.0503920665553725
LOC111132911,-0.80408683668785
LOC111133284,-0.202277133227406
LOC111135911,2.22051122465674
LOC111123862,0.0587655889117175
LOC111112875,-0.339519276545036
LOC111136604,0.284481244709372
LOC111135257,0.13529264681169
LOC111128560,-0.0166081982771401
LOC111137665,-0.438684177847177
LOC111128130,-0.943476952639254
LOC111106465,-0.786754528972273
LOC111126002,-0.221504583709391
LOC111136927,0.342741706117388
LOC111130086,-1.44939800924215
LOC111136882,0.737322006385771
LOC111103217,0.729215532649024
LOC111126037,-3.91170528076249
LOC111129353,3.0472970408159
LOC111136794,-0.546467839899575
LOC111119301,0.00755950150183182
LOC111114549,-1.15183332266889
LOC111111354,6.84547693798746
LOC111100765,6.44979504855902
LOC111129357,-0.127630379527466
LOC111123633,0.498013606633078
LOC111136880,1.77989453166162
LOC111110674,-0.522027161075097
LOC111130601,0.133872177892264
LOC111125026,-0.115878896569067
LOC111112669,-4.78903392041441
LOC111129365,-0.685291511130421
LOC111112666,-0.706219758431761
LOC111104550,1.56735125997149
LOC111124189,0.24101485474642
LOC111121248,0.438374900013329
LOC111099845,-3.71197785120772
LOC111126762,0.176684788902298
LOC111104347,-1.59176869996623
LOC111109540,-0.0118859128928537
LOC111120137,-0.120057555427719
LOC111123242,7.54811218161602
LOC111112442,0.00755810455520777
LOC111121346,0.654066759360018
LOC111110314,-1.75782262419152
LOC111105029,-0.365844038039932
LOC111134940,9.31646872410866
LOC111125817,2.80980069506627
LOC111110630,-0.240217269580221
LOC111135022,-0.442968559380725
LOC111121081,-0.00110998308666552
LOC111114033,0.945857983299235
LOC111102557,1.17823246129094
LOC111107840,-0.700198995029482
LOC111125812,1.32148252544863
LOC111108653,-0.095146857758166
LOC111118002,-0.85424009358976
LOC111123029,0.545295532797084
LOC111120345,-0.561562885762668
LOC111137069,-1.3318823614902
LOC111112434,-0.161709750184965
LOC111125499,-0.559266404707445
LOC111130274,-0.823698323086994
LOC111103914,0.631126594958828
LOC111125618,0.975940388371361
LOC111112627,-0.948264838202558
LOC111118957,-0.170337344688969
LOC111110393,-0.457101441507957
LOC111128435,-0.144103409155043
LOC111107814,-0.384178873113476
LOC111116726,-0.566390914348542
LOC111138257,0.129128047968849
LOC111109569,0.540083711450434
LOC111125148,3.72101607203873
LOC111126562,1.06289305977072
LOC111100065,0.345633049535154
LOC111120913,-0.157311116356656
LOC111126883,-0.626843574545371
LOC111124613,-0.31705927084707
LOC111118352,0.295683985744169
LOC111112808,-2.65746635063647
LOC111119907,-0.217882533142424
LOC111119806,-0.0250705151886544
LOC111129961,-1.21687680230408
LOC111134704,-0.0721349146999929
LOC111100628,0.314047594725972
LOC111107884,0.00755958487367869
LOC111126226,0.887387521308792
LOC111115565,-0.614476333011995
LOC111119116,-0.561413574084523
LOC111121657,-0.324640054946741
LOC111126706,0.375029716336946
LOC111112180,0.427791407780359
LOC111124534,-0.635627550659864
LOC111128029,-0.590592498974339
LOC111109580,0.62429826464209
LOC111130671,-0.311338366879476
LOC111136200,1.12708971636845
LOC111102064,-0.094394922195104
LOC111106686,0.00755896543815267
LOC111105810,1.6892110329251
LOC111105144,-0.151514986124488
LOC111128872,0.138218758336925
LOC111137740,-0.861818277695092
LOC111119119,2.58915711120823
LOC111128436,0.0994041175155592
LOC111138185,-0.2629394570148
LOC111124938,0.0108311163003697
LOC111122308,0.578792765708166
LOC111110028,-0.181089220183469
LOC111121093,0.174009401642577
LOC111127804,1.51245550163175
LOC111137862,0.979935857111688
LOC111136121,-0.712103272461186
LOC111117384,0.217844278977771
LOC111129145,-0.130200272679278
LOC111127863,-0.0508761449150134
LOC111136028,-0.194869252515459
LOC111125992,3.78905117852948
LOC111136917,-0.253695312080438
LOC111133257,-0.297783721262772
LOC111132787,-0.572838824709212
LOC111125769,0.570592478978273
LOC111114102,0.826977691755929
LOC111134025,-0.128801520496214
LOC111113160,-0.00884063029025169
LOC111105590,0.335830729760365
LOC111109876,-0.344252215110284
LOC111113799,-0.836371697177766
LOC111105378,-0.96593646432719
LOC111112405,0.384104875325192
LOC111119175,0.00379047598440686
LOC111112409,-0.508033550906611
LOC111126395,-5.60216831687173
LOC111127753,0.496637530584692
LOC111129400,-0.399035013200123
LOC111137530,0.834076855832915
LOC111119122,-2.38456184757001
LOC111106516,-0.0549401254010097
LOC111099794,0.457727176894218
LOC111114851,-0.572050004900775
LOC111133006,-0.422541952119434
LOC111123563,-2.02985128853925
LOC111121082,1.06196940545011
LOC111119536,0.387072516132889
LOC111136692,3.53473386966402
LOC111135357,-0.125157650194564
LOC111101462,0.267078523135121
LOC111129429,-2.28715416495059
LOC111136877,-1.1546278289032
LOC111135386,-0.152713828702971
LOC111114162,0.472284422989767
LOC111120933,0.489032969518461
LOC111100418,0.334436541170148
LOC111128375,-0.189195567081242
LOC111136826,0.828501099449324
LOC111115201,-0.132625648994835
LOC111136827,-1.55714605022777
LOC111117672,4.04197884160128
LOC111137633,0.62970251861496
LOC111103800,-0.196882780331112
LOC111126636,-0.577685471704055
LOC111113023,0.872014587010293
LOC111118413,-0.271116191928176
LOC111117414,0.480937811329724
LOC111109749,-0.717486338088812
LOC111111831,0.130293331647463
LOC111115224,1.0953076469716
LOC111133184,1.62981067150068
LOC111110353,-0.199541848636351
LOC111134696,-0.528667808867707
LOC111134304,-0.505395851628374
LOC111102616,-0.140003700607261
LOC111130353,3.53461463654004
LOC111126076,1.33488959045293
LOC111117194,1.58493142473841
LOC111102695,-0.395881168426624
LOC111138194,-1.49396558964241
LOC111118090,1.02983737649681
LOC111138032,8.00819264082519
LOC111125238,-0.597117504579081
LOC111133496,0.793809728822986
LOC111131173,0.830197995866112
LOC111105480,-1.29242038665247
LOC111112436,1.30072728447691
LOC111106544,0.757903649751193
LOC111101936,0.08110709368572
LOC111138223,0.128274019123813
LOC111100677,0.74735633601054
LOC111134772,3.19963309691874
LOC111132279,-0.982279784192038
LOC111123701,0.280358838593731
LOC111131769,0.45674275071244
LOC111108470,-0.832407939393442
LOC111102051,-0.409781842786828
LOC111118536,0.240490987327531
LOC111135094,-0.0947845326129226
LOC111133981,-2.81926339160158
LOC111128925,0.494132991103687
LOC111118857,-0.160644714579888
LOC111113018,-0.323110867273449
LOC111134408,-0.650595099996425
LOC111116981,1.0737686731642
LOC111126233,-0.219245734074421
LOC111113283,1.89886477865634
LOC111109308,-4.01159438063004
LOC111123483,0.296785385450573
LOC111114697,0.646067222220547
LOC111120051,-0.817700748195678
LOC111125629,0.667379212847605
LOC111119417,-2.57763638150785
LOC111136850,0.247518483722219
LOC111119770,3.96177674706809
LOC111130996,-0.37135967894132
LOC111118445,2.48038022275369
LOC111133150,0.0119010470259753
LOC111105254,-0.607615323622602
LOC111106495,-0.493793955253557
LOC111119478,0.940629904451027
LOC111128818,-1.77168244537765
LOC111131730,0.76542549384876
LOC111121716,0.202512875066731
LOC111114996,1.35810692429023
LOC111135881,0.769399932861293
LOC111130082,-0.433611713994585
LOC111132339,-0.570448650073968
LOC111138342,-0.506548239543288
LOC111136825,1.44953552919845
LOC111134311,1.64685629997539
LOC111132556,-0.447811383179926
LOC111114797,1.51406155308721
LOC111129264,-0.445174722547632
LOC111119146,-0.745575779218011
LOC111134535,-0.290362855387368
LOC111111818,-0.362143307951092
LOC111128799,-0.421298684334412
LOC111123720,0.122216617720339
LOC111122503,0.00548815140246139
LOC111129198,-0.0893675873430109
LOC111111262,0.27842385685223
LOC111124788,0.256267999702334
LOC111101251,0.113473223021042
LOC111118433,0.492621268579554
LOC111129226,-1.9077080787331
LOC111133646,0.856414068507498
LOC111117144,-0.354236409496456
LOC111119432,-0.734884981289905
LOC111108820,-0.305287606123313
LOC111101097,-0.289605079024724
LOC111126103,0.607277420288524
LOC111099846,1.92228574275119
LOC111118543,-0.783448639633114
LOC111125604,0.209522004252721
LOC111129936,1.05614170810856
LOC111134958,-0.0238911364792585
LOC111137577,-0.119668808492249
LOC111126860,-1.08730647907221
LOC111104001,-1.68258550324226
LOC111115575,0.00755958487367869
LOC111136417,-0.350734011892908
LOC111135941,7.36546120830825
LOC111113423,-0.0137408677242385
LOC111128791,1.46049824550589
LOC111117844,0.00756161098377021
LOC111108861,-0.0390902432148824
LOC111116719,0.0689189246897779
LOC111104101,-0.236992214421347
LOC111125900,0.400703444713059
LOC111136435,0.231455767120294
LOC111111782,-0.88362102235803
LOC111135278,-0.09999566964123
LOC111100762,0.00755986721210135
LOC111108376,-0.673274915821109
LOC111099103,-2.61730693925818
LOC111126702,1.37828563483245
LOC111123044,-0.555698652276323
LOC111137500,0.24134406287803
LOC111110279,1.14920373216589
LOC111129675,-3.05686790545065
LOC111135524,0.636218192489091
LOC111115589,-0.92874843333701
LOC111133294,-0.12205037606607
LOC111123356,0.530651689533059
LOC111107554,0.740613787884932
LOC111107555,-0.367931648940182
LOC111132932,-0.492316438270351
LOC111114976,-0.0507319840778524
LOC111103388,1.04327873361597
LOC111107662,-0.819396096647788
LOC111118005,0.031519396720202
LOC111135614,-1.10684630338475
LOC111117124,-0.399117612031556
LOC111132086,-0.325329405012023
LOC111107241,-0.113135278482564
LOC111129615,-0.844148453811257
LOC111114484,0.844818457726232
LOC111119141,1.10116049722783
LOC111121328,0.0532893175199383
LOC111101480,0.243177004037566
LOC111127822,0.199271412615455
LOC111107952,0.296681688977202
LOC111123352,0.259154626757357
LOC111102183,0.564730745368836
LOC111138067,0.66661599790149
LOC111122921,-1.05398513236667
LOC111137219,-0.385992250320402
LOC111132221,-0.641452692022021
LOC111132802,1.13163085461356
LOC111133702,-0.944307463731599
LOC111135115,0.858274398062872
LOC111111018,-0.730935889454961
LOC111136971,0.0434611200647362
LOC111105459,0.886209013401434
LOC111138325,0.312379640167992
LOC111123293,0.458965602252869
LOC111131424,-0.520404331905758
LOC111102496,-0.0724816608671234
LOC111102250,0.53452240457109
LOC111111529,-0.744390750674871
LOC111114602,-1.83373465543656
LOC111133632,-0.26541346918517
LOC111135477,-0.836056268374591
LOC111124859,-0.530055493731279
LOC111135402,1.1491590185251
LOC111115682,-2.72906117389885
LOC111117549,-0.256089867073888
LOC111106881,0.00838064149347209
LOC111106310,0.0581292834119392
LOC111111685,-0.0504195986754339
LOC111124880,-0.208754110242089
LOC111125636,-0.729727326219316
LOC111108536,0.425981235378289
LOC111126371,-1.67275560271799
LOC111113538,0.00755863362600956
LOC111102931,-1.20900276943611
LOC111135666,-0.65444593278678
LOC111105297,-0.539134048101327
LOC111106977,2.24766257921808
LOC111131353,0.773012153172552
LOC111113352,0.00755935797894921
LOC111125139,0.144582106139204
LOC111109717,-0.5359333813946
LOC111137456,0.455435707034519
LOC111130003,2.13895063959119
LOC111113190,0.787716271305781
LOC111133796,-0.62265110973184
LOC111100869,2.02370264462817
LOC111100709,-0.846233173480755
LOC111138049,-0.565916093502139
LOC111136270,-0.116345388570929
LOC111111544,0.0578093476096645
LOC111110140,-3.43563150990598
LOC111127260,-0.197390235238764
LOC111137666,0.203110808348296
LOC111123852,5.88670748389557
LOC111103786,0.0993926376007483
LOC111128231,0.0383466438754522
LOC111125472,0.581581633830755
LOC111122252,1.36527559994929
LOC111100349,1.3174928398965
LOC111103996,-0.561842264543407
LOC111129140,-0.609669894595429
LOC111135988,0.342547309719616
LOC111117623,0.0640419752993654
LOC111137241,-4.05690985246125
LOC111106361,0.619916581719195
LOC111137487,0.134968235679444
LOC111126715,0.162600192827336
LOC111109534,-0.592832096873836
LOC111119555,-0.89440151141945
LOC111106835,0.404371417585393
LOC111135884,0.506296713433224
LOC111134001,1.89561497828639
LOC111103928,0.277940367042308
LOC111103012,0.117420220186092
LOC111105435,2.7088165777156
LOC111103906,0.820017800361495
LOC111127659,2.50047541769092
LOC111129876,-1.72001610374446
LOC111120967,-0.674036662535269
LOC111106381,1.08402524889441
LOC111101222,1.01091447857606
LOC111127052,1.38345503994324
LOC111134697,1.14125483239706
LOC111133023,0.6056384967666
LOC111110055,-1.81081104233313
LOC111109608,-1.35201647848941
LOC111137833,0.166984364273177
LOC111099564,0.137130228174526
LOC111118850,0.869768991952279
LOC111103155,-0.552000800962391
LOC111130291,0.606631690982316
LOC111122893,0.952367058757348
LOC111129937,0.489060115788764
LOC111136732,-1.0032640612788
LOC111123697,0.87890123529463
LOC111122077,-0.856942889505105
LOC111109002,-0.0543708508482133
LOC111121588,-0.00304194696044871
LOC111134073,0.608187774824126
LOC111117279,1.40667225822743
LOC111123966,-0.668936807390266
LOC111109753,1.97735346895041
LOC111118038,-0.0342534647820066
LOC111136178,-0.158449441331567
LOC111126747,0.439843600831859
LOC111127587,-0.233407357371327
LOC111138341,1.00494565809629
LOC111101021,0.478877356834457
LOC111123233,-0.232763863520223
LOC111129250,0.570318205566602
LOC111130712,0.741181337204999
LOC111123864,1.33986802804837
LOC111099985,1.73257335503784
LOC111133254,0.788671406470443
LOC111099528,0.62429826464209
LOC111115332,-0.918777727384168
LOC111132916,0.556162138189187
LOC111109941,0.0160183939887506
LOC111130070,0.0689183466881247
LOC111134133,-1.04877959353409
LOC111130569,1.42827576832247
LOC111112553,-0.744390750674871
LOC111137023,8.114851780016
LOC111133700,-0.0381537012015604
LOC111101515,3.08928325380585
LOC111122016,-0.0334024376078142
LOC111108007,1.40159282900773
LOC111107048,-0.829912134618813
LOC111138450,-0.427434064619812
LOC111134274,5.9662596044546
LOC111128638,-0.375768514640033
LOC111123140,0.404479225021569
LOC111116665,-0.421654608631032
LOC111129537,-1.26340264512655
LOC111136281,-0.527330442700692
LOC111107039,-2.94753067064773
LOC111112865,5.89082942252618
LOC111137271,-0.307277233605971
LOC111132783,0.496270747499409
LOC111135323,0.99911922980328
LOC111105765,-0.435451719632521
LOC111133592,-1.1128138824871
LOC111129240,-0.438541116690742
LOC111116640,1.15498236878761
LOC111138183,0.51816226532601
LOC111102770,3.37529843222124
LOC111126332,0.165716871119203
LOC111127756,0.2652680517479
LOC111135460,0.777759344219997
LOC111108571,-1.56509870803876
LOC111122528,-0.837998833170249
ND5,1.76086360774056
LOC111106103,-0.391392891394991
LOC111110632,-0.51704677640404
LOC111125342,-1.5201483856923
LOC111121622,-0.524529173521772
LOC111131701,-1.52180428725209
LOC111118289,1.34171762232975
LOC111135219,1.7282736017626
LOC111108225,-0.796313132809977
LOC111124402,0.793578554407444
LOC111102366,-0.420718027943052
LOC111099218,-1.11611307258263
LOC111116749,-0.536894808758142
LOC111137429,0.89567708858539
LOC111132794,2.10416412104499
LOC111130400,0.333662239942674
LOC111111795,0.406647002067575
LOC111104643,0.041928274977443
LOC111100924,1.35210992954252
LOC111126157,6.83639359266314
LOC111133058,0.272459691774027
LOC111135336,0.482192722748878
LOC111106223,0.10830887479056
LOC111120517,2.97444060689537
LOC111118545,-0.696571660889035
LOC111122394,1.39242476698177
LOC111130065,-0.279102147152853
LOC111108237,-0.473359165545987
LOC111136946,-0.0350881255716348
LOC111101123,0.156039381227616
LOC111132924,-0.926855230066195
LOC111114739,0.050576276065294
LOC111119846,0.0413171199167287
LOC111135819,0.857799667185734
LOC111132322,0.415606624536687
LOC111101212,-0.293031438924699
LOC111138077,1.41431584464042
LOC111103149,0.203796487151698
LOC111118844,-0.545214800996194
LOC111099186,-0.918737516089942
LOC111121077,-1.97426452539056
LOC111131406,0.144537422035558
LOC111099457,0.19147557667818
LOC111115955,-1.30814228934347
LOC111121368,-0.607599957802079
LOC111108164,0.872950094609004
LOC111131551,-0.279887997366226
LOC111115171,1.5025317008362
LOC111116931,1.63135203212697
LOC111137150,0.217615263436404
LOC111137725,-1.52458361530901
LOC111137928,0.672478128814665
LOC111126221,-0.808983246340308
LOC111105139,-0.518747221859448
LOC111108199,-0.327265567838797
LOC111122487,1.5107427675424
LOC111127542,0.0868233487711709
LOC111134683,0.979812948435819
LOC111118188,0.232808935182364
LOC111115208,0.569721239244834
LOC111119022,2.53141465954237
LOC111106373,0.108475730467813
LOC111114765,-0.300917293173032
LOC111122663,0.725830035573017
LOC111108139,1.2745807174604
LOC111128396,-0.11133185794661
LOC111122996,-2.12790026028984
LOC111132917,1.07689078786302
LOC111134610,0.446062825184527
LOC111123688,1.09907943345514
LOC111116586,-0.108630371850211
LOC111127746,1.5427638932554
LOC111112308,0.0590607375714489
LOC111138002,-1.77138750003345
LOC111108575,-0.0473597908875788
LOC111126125,-2.02245521784837
LOC111114456,0.511214750765607
LOC111121992,0.507289088172782
LOC111101629,0.722031526473772
LOC111136080,-0.913931760931428
LOC111126372,1.96486938292174
LOC111104507,-0.316386679553908
LOC111137624,-1.17818210541685
LOC111126906,-2.05081748334095
LOC111135746,-0.640432213594964
LOC111122941,0.83904524261355
LOC111138408,-1.48410628903092
LOC111107522,-0.439990228664131
LOC111113174,1.36001783955141
LOC111126240,-0.7054417077995
LOC111128597,0.512927604545496
LOC111111282,0.162445652531308
LOC111137139,0.6490269533042
LOC111117031,0.62321068051051
LOC111136724,2.94170976294445
LOC111130426,-1.94963750853251
LOC111134954,-0.182166910306415
LOC111128950,0.234665763116633
LOC111119644,2.22786469484242
LOC111103655,2.07394711438176
LOC111113281,0.536139623946771
LOC111103954,-1.89823436065215
LOC111129900,0.556898081859304
LOC111132869,-0.366051919478856
LOC111129552,-0.0789210167734172
LOC111130320,0.610050310692276
LOC111132194,0.150895722125769
LOC111131764,0.0893283347314016
LOC111134765,-0.222465754609583
LOC111121917,0.615636285259196
LOC111137251,-0.274910120351265
LOC111129885,0.030044328552616
LOC111100586,-1.59458825605154
LOC111101211,-0.220047101951446
LOC111103066,0.364716381519607
LOC111105150,0.324466035473039
LOC111126616,-0.404675757765169
LOC111127345,0.998409361774157
LOC111113417,0.974223166339772
LOC111131500,1.05651167587475
LOC111105603,0.272285031652176
LOC111103212,-0.7928186767328
LOC111137910,-0.0148898248830289
LOC111137264,-0.479366091893953
LOC111119254,1.7578721820514
LOC111123263,0.269989287415934
LOC111111118,1.67752240822642
LOC111122076,0.586207079918076
LOC111109301,1.85805484813129
LOC111116363,0.0103262070250825
LOC111130147,0.501430776117788
LOC111130596,0.793578554407444
LOC111132540,-1.00081485565379
LOC111128016,0.16217821434238
LOC111134153,-0.265276109564481
LOC111129142,-0.374454075587978
LOC111118733,-2.84651994807356
LOC111114833,-0.328987683207345
LOC111136902,-0.00539620323991385
LOC111135191,-0.730010532481588
LOC111103095,-0.455623832861101
LOC111119919,-0.00974501841960799
LOC111103249,-0.161690021269317
LOC111130738,1.47751505716677
LOC111126567,-0.682838406920744
LOC111117851,-0.868980934363743
LOC111127664,-0.0010940883588262
LOC111127166,-2.58687943280432
LOC111101150,-0.378432927561204
LOC111101127,-0.689774945297424
LOC111111367,0.458266354908398
LOC111102926,0.681505276474774
LOC111105326,-0.691694041352231
LOC111103772,0.114683034829207
LOC111122626,-0.832074856217239
LOC111102454,-1.90745886727184
LOC111110321,1.08684925159838
LOC111119668,-0.98773702406896
LOC111129580,0.612106426005046
LOC111120224,0.564899391324048
LOC111107770,2.37806229892976
LOC111138395,-1.66851364540841
LOC111130589,0.16147740359542
LOC111137368,-0.324948172403442
LOC111131132,-0.383274250620996
LOC111127418,-1.40077133182634
LOC111118764,0.447706456350726
LOC111118765,-1.14027651364694
LOC111118763,-0.551305943562578
LOC111115122,1.93851933336043
LOC111125511,0.78910068719059
LOC111113108,-0.893189391310114
LOC111110460,0.910106665489288
LOC111137332,0.73801321473422
LOC111136800,0.743156122862415
LOC111127592,-11.7446598179239
LOC111132292,0.0237776230293698
LOC111119112,0.930095599580332
LOC111136837,0.203881242259609
LOC111123099,-1.75605514594108
LOC111128652,-0.587929437488938
LOC111115359,0.00755983856945768
LOC111129392,-0.00369284080236213
LOC111106783,0.502666703485419
LOC111102596,0.591518120631197
LOC111107291,0.394263116749345
LOC111132034,-2.66000838267961
LOC111115635,2.00361961080771
LOC111111155,0.120795054763583
LOC111102962,0.458418278409558
LOC111130693,0.38231052507347
LOC111100253,-0.495703584387714
LOC111129709,-0.0531293679649913
LOC111114516,1.30351883037514
LOC111125948,3.62946758235504
LOC111125805,-0.585166150262352
LOC111110017,0.103481563872671
LOC111128870,3.03509105638064
LOC111129342,-0.139870619008691
LOC111127883,1.2123432659222
LOC111114780,0.94442678910603
LOC111132031,0.281002541445496
LOC111110748,-0.116982869866975
LOC111134732,0.519100746177745
LOC111120917,-1.26634011904741
LOC111133394,-0.403241481362247
LOC111131291,0.0462626371383319
LOC111119524,-0.353154521497407
LOC111128524,0.0689188205835576
LOC111104763,0.71734099725923
LOC111127724,0.190729624948428
LOC111125312,-0.372665928594427
LOC111127349,0.821127442341426
LOC111121354,-0.747405387761744
LOC111138084,0.332094880696193
LOC111136981,2.42518360473155
LOC111111716,-0.751965417615809
LOC111126297,0.464498618366993
LOC111123137,1.22132352310567
LOC111116203,-0.388583707648305
LOC111118532,-0.0142519874058137
LOC111110324,1.01206828102305
LOC111135710,-0.488493475074576
LOC111119595,0.663276857678142
LOC111112407,0.222908529210482
LOC111107205,0.280491454354196
LOC111120622,-1.18715144570034
LOC111099715,-2.82043722993872
LOC111114787,1.13016973337899
LOC111101316,-1.74689432912818
LOC111104845,2.35395472473631
LOC111129502,0.906059873173242
LOC111125597,-1.07643154160934
LOC111135680,1.39920353808162
LOC111108486,-2.41677803311862
LOC111099067,-0.475720246212841
LOC111118363,0.277379539054596
LOC111124939,0.451752488618889
LOC111108265,-0.341009199078597
LOC111130765,-0.404151984930088
LOC111113610,-0.91572745187488
LOC111132437,0.00756029019068452
LOC111132094,0.271380171561592
LOC111126502,-0.336260042863387
LOC111130209,2.47227620158162
LOC111116172,-0.609359606279179
LOC111111617,5.15640519450573
LOC111127289,-0.591425481147215
LOC111132473,0.0578900799579284
LOC111135982,0.67220870994595
LOC111123844,-0.867637145457383
LOC111130159,1.12294342996799
LOC111107913,0.115099402904246
LOC111120879,-1.50423125190736
LOC111109549,0.750474762389138
LOC111125821,0.573624462228798
LOC111125362,-0.274735025502591
LOC111118083,-1.59595926397268
LOC111105449,-0.172542066600339
LOC111129491,-0.491594774277437
LOC111135534,1.99968159225285
CYTB,3.67023131666117
LOC111135537,-1.13784269889402
LOC111136774,-0.587929437488938
LOC111135496,-0.644565034254314
LOC111124866,0.0544791230912327
LOC111120746,-4.28329502496586
LOC111123059,-0.226213421412856
LOC111103873,1.18774404682751
LOC111136656,0.755081655759338
LOC111138052,0.130094365632084
LOC111114798,-0.448321529676201
LOC111113446,-0.305491962673146
LOC111120281,-0.355130240786694
LOC111122030,0.295490486658434
LOC111134163,-1.06108161964247
LOC111120617,0.993683253958168
LOC111099610,0.805303306184054
LOC111104753,0.0545427849980268
LOC111134156,-1.42603592830494
LOC111132680,-2.06329503456722
LOC111106154,-0.292723659682945
LOC111110785,0.669189874478411
LOC111119561,0.48506003707559
LOC111120831,-0.467804229219214
LOC111133997,3.27514345909232
LOC111117754,4.45572077448812
LOC111129717,0.147808262521459
LOC111118716,2.2302172851113
LOC111120216,-0.572430311494414
LOC111111468,-0.418123588932251
LOC111138092,-0.328770171815208
LOC111103373,0.875637792675652
LOC111136472,0.246339072544837
LOC111113727,-0.589354568030912
LOC111135625,-0.74780437674515
LOC111113118,-2.45183276759984
LOC111126631,0.185409193981676
LOC111122189,-0.625523005825898
LOC111129277,1.69754263822984
LOC111115168,-0.956392306908942
LOC111133440,-0.310841735808507
LOC111133785,3.51736505669924
LOC111136676,-1.18109025200544
LOC111105755,-1.02294839229925
LOC111104133,-1.19210759580492
LOC111130300,1.39444441749594
LOC111099145,-0.12341324152567
LOC111113182,0.641121073804766
LOC111099942,-0.256089867073888
LOC111136014,-0.944544812546841
LOC111127597,0.278642707094652
LOC111132856,0.0471152614240293
LOC111118193,2.01259134435079
LOC111123583,-0.187346653608823
LOC111099100,-1.02889814493304
LOC111129982,-0.723529866451116
LOC111105748,-1.0138411107428
LOC111115406,-0.155854326284565
LOC111123557,-0.796313132809977
LOC111127203,-0.13195146522091
LOC111121163,0.126302522097684
LOC111106714,-0.88296913333748
LOC111099095,0.186909389263839
LOC111129644,-0.00461649302169704
LOC111104835,0.133873538900821
LOC111122325,-2.05699977573929
LOC111105261,-0.325323968767943
LOC111133084,-1.00035657986068
LOC111119285,-4.36143786031399
LOC111129220,-1.10586953244852
LOC111122821,0.863023574586317
LOC111104462,1.0677122378554
LOC111110089,-0.591106110884453
LOC111127788,-0.471757117096
LOC111111579,-0.572596024500535
LOC111126210,3.2281809875985
LOC111121624,0.0436315091500101
LOC111123994,-0.983561310630354
LOC111101458,0.875670027982983
LOC111118556,0.19005396641846
LOC111110854,-0.908735065781678
LOC111100481,-0.912132633018188
LOC111120811,-0.300828964528427
LOC111104990,1.51057957660021
LOC111107490,-1.01292944285958
LOC111137755,-1.07192024894908
LOC111108384,0.681685427551833
LOC111100781,0.394261091181834
LOC111123328,-2.43252110909196
LOC111126301,-3.10881058602632
LOC111137444,0.443420304303852
LOC111101830,-0.229118993012809
LOC111100620,-0.271794723877701
LOC111128244,0.409196632874104
LOC111110734,-0.419432145892011
LOC111110208,0.116865185566229
LOC111135356,-0.507880231295053
LOC111101332,0.599533382194492
LOC111104396,-0.500255715861719
LOC111100125,0.368404012027208
LOC111102178,-0.571248641209331
LOC111116794,-1.23342516210655
LOC111101346,0.610196693680755
LOC111136219,-0.361856403018712
LOC111119445,0.632204624283545
LOC111110158,0.175868742708561
LOC111100985,0.0916961377854262
LOC111117152,0.0779495990645427
LOC111121343,-0.743161322618785
LOC111111133,-0.51194730261227
LOC111131819,1.78565385957632
LOC111101195,1.42259146453932
LOC111138069,-0.522027161075097
LOC111125921,-3.98488035484803
LOC111121210,-2.05754301175481
LOC111108878,-0.780754075204938
LOC111136332,0.54264018878131
LOC111134970,0.480097216981248
LOC111108979,0.190383917837272
LOC111106806,0.472278252995872
LOC111126835,-0.563015365624853
LOC111138019,0.778931556078364
LOC111100498,-0.303217376151415
LOC111133488,1.28271569622242
LOC111126077,0.348797378418088
LOC111105796,-0.943708071335743
LOC111128115,-1.12227856767981
LOC111130492,-0.201604884371614
LOC111129190,0.224971532530439
LOC111104698,0.914477526608361
LOC111109435,1.78239607414553
LOC111113183,0.411253709039721
LOC111111334,-0.248254968266135
LOC111136760,-0.0505570132711029
LOC111108579,-0.179061316779356
LOC111103521,-1.94769592690545
LOC111101140,0.382040384043126
LOC111116233,1.16466611031509
LOC111130619,-1.6893305344598
LOC111135691,0.201139324046204
LOC111125556,1.02234615589042
LOC111126900,0.0343800397055031
LOC111118595,0.210674800002529
LOC111119579,1.64161446459555
LOC111131650,-2.70782430130711
LOC111125493,-0.0429172607196048
LOC111104409,0.77000047850652
LOC111104589,0.366147059509029
LOC111099442,0.00756133306995675
LOC111129103,0.0489540859689595
LOC111103020,0.238591626686975
LOC111129958,0.497010552370651
LOC111112868,0.0687119158084099
LOC111114817,-0.85376612827669
LOC111129314,1.55143778392395
LOC111129952,-2.27587307887282
LOC111102820,-0.46728766339153
LOC111125667,-0.0110757631116933
LOC111128242,-0.116524676181464
LOC111106102,0.480931298524752
LOC111110791,-0.0147791980818765
LOC111130054,0.382391200795673
LOC111107263,-0.319809028677991
LOC111108394,-3.46946621299666
LOC111124975,0.338142099920068
LOC111112471,-0.913781294770798
LOC111108355,-0.0372089106968217
LOC111106649,-1.83142855375952
LOC111099522,-0.790099182856095
LOC111135501,1.04036816413704
LOC111121514,-0.488140146404451
LOC111125479,1.71516441965018
LOC111103916,-0.0321987994464331
LOC111135860,1.41251576922758
LOC111100426,1.1863529336693
LOC111119920,-0.815865798988672
LOC111124154,0.541115709833524
LOC111118267,0.310192158518609
LOC111102882,-0.213564291001375
LOC111110272,0.325687896468311
LOC111122695,-0.843018715586554
LOC111124985,-0.451120646452584
LOC111119676,0.677800497978697
LOC111120551,-0.00914531698708097
LOC111133352,-0.826449567458683
LOC111105807,-2.38889750870381
LOC111124702,3.03405123798329
LOC111132957,-2.00431456498247
LOC111138023,0.285265608477784
LOC111120086,0.400506772848773
LOC111113186,-2.3685594712897
LOC111135503,0.830476981269876
LOC111106915,-1.9613124058307
LOC111114858,0.548772891046213
LOC111131153,-0.987891348693279
LOC111119533,-3.73337767080224
LOC111120664,0.117250584498664
LOC111100548,-3.43404760141256
LOC111124376,-0.19779048271179
LOC111114098,0.00755971912746503
LOC111130995,0.66911146522488
LOC111113845,0.0984243859288849
LOC111126817,0.250647835664238
LOC111123358,0.771470236537113
LOC111103360,-0.647822442574898
LOC111100975,1.00183292755846
LOC111112296,0.108806873039781
LOC111118268,0.775710595974248
LOC111121235,0.549458445845416
LOC111118884,-0.401472154898199
LOC111126101,0.757949768985712
LOC111132737,-0.67068505756635
LOC111109552,-0.0661796038005997
LOC111105784,1.42838631583844
LOC111113581,0.0689249618330071
LOC111114282,-0.302794474323511
LOC111133613,-4.82493378784078
LOC111106777,0.370144833474194
LOC111100864,0.191932772527701
LOC111118602,3.12084393410336
LOC111126127,-0.718522533755468
LOC111133693,1.28503846190325
LOC111124198,-0.172334083322915
LOC111136553,0.502511038415098
LOC111130363,-0.263795211342312
LOC111133810,2.72126766784298
LOC111108504,1.16797083532689
LOC111123141,0.197433097200645
LOC111133578,-1.45709475879648
LOC111117470,0.393252376822884
LOC111107247,6.98110028591369
LOC111134357,0.870541259766834
LOC111104583,-1.519542278177
LOC111120064,-1.55100591382465
LOC111100590,1.92108298496049
LOC111132428,-0.739230615223022
LOC111107704,-2.31411351327901
LOC111122630,0.120414493643229
LOC111106709,0.329893215715228
LOC111130425,0.175094877253156
LOC111131850,1.29474285685831
LOC111102275,-0.0479713887350586
LOC111113064,-1.29165356320624
LOC111128285,0.0458271702844748
LOC111138425,0.865984122170187
LOC111130730,2.46199255254627
LOC111121358,2.07123568945347
LOC111137631,0.45768939418726
LOC111119459,-0.26607987709854
LOC111120082,0.239790261490483
LOC111135718,5.0853744605396
LOC111131826,0.0646305465012759
LOC111131638,2.66071295721642
LOC111134875,0.0279615472471618
LOC111120678,-0.490092382350472
LOC111118250,-0.155929050260348
LOC111137818,2.04562021193327
LOC111128907,0.375925752843589
LOC111138322,0.441044270793518
LOC111128596,0.0767132504172883
LOC111115900,1.09683681864978
LOC111133980,-0.349810080998989
LOC111105523,0.507289088172782
LOC111128663,-1.88683849399273
LOC111117772,0.797033276794794
LOC111128080,-0.647596868491554
LOC111109905,-2.63081837644009
LOC111102422,0.663487395457087
LOC111136176,0.933601078870011
LOC111118295,-0.612794456882603
LOC111115294,-0.851294315197736
LOC111129105,0.483540889106299
LOC111130784,0.413110105429398
LOC111121259,0.556171307339685
LOC111110343,-0.576900582241967
LOC111100142,0.707425143140695
LOC111136663,0.219272382416355
LOC111134614,-4.30930818944501
LOC111111609,-1.62620103216885
LOC111114055,-0.111717281546312
LOC111133941,-0.630998049383995
LOC111135844,-0.164298954347033
LOC111111100,0.0527203129227885
LOC111130450,-0.397870008164938
LOC111127223,-0.164832088535071
LOC111138027,0.119385960354696
LOC111126984,-0.256096991214397
LOC111133043,0.100786204092894
LOC111100436,-2.65048476780698
LOC111100390,-0.105438635818672
LOC111120954,0.179118833972221
LOC111134267,-0.18735265710502
LOC111115698,-0.545500770695423
LOC111129621,4.14150083920752
LOC111111984,-0.570886852989159
LOC111128382,0.176661054001585
LOC111104100,-1.20681102098385
LOC111130100,0.39468719535542
LOC111134492,0.0673914932478716
LOC111111025,0.692862461295444
LOC111122733,-0.133784053899605
LOC111119531,-0.256089867073888
LOC111135135,0.152429277502946
LOC111131077,0.00512922595396617
LOC111103865,2.0113260111794
LOC111104539,-1.3558710276242
LOC111116269,0.776061887160159
LOC111103002,0.209698170836446
LOC111115772,-0.267440314781107
LOC111122833,-0.879252954623193
LOC111127081,-0.0119860959502757
LOC111114859,-0.731461595468908
LOC111100137,-0.587929437488938
LOC111101132,-0.80876458593323
LOC111101260,-0.321038179011995
LOC111129272,0.181500758121545
LOC111137093,-0.269730108336456
LOC111118619,-0.345879578941015
LOC111102920,0.689287314570713
LOC111130788,-0.692151169651409
LOC111136155,-0.710296159320127
LOC111118165,0.125828238952476
LOC111131803,-2.60708314415362
LOC111137242,0.468975980811938
LOC111108110,-1.38068784616688
LOC111103325,0.311520382571769
LOC111126575,-0.347486365341931
LOC111109197,-0.590678047046876
LOC111113720,0.322033692891951
LOC111108689,-0.296446377997276
LOC111115495,-0.224203905335387
LOC111123683,-0.928956712422371
LOC111119479,-0.0811859471521825
LOC111112952,-0.0808641436918582
LOC111136116,-0.7932251483004
LOC111132768,0.934931792773926
LOC111114627,0.380785669828639
LOC111126426,-0.13663561953306
LOC111132892,1.55244005106216
LOC111135848,0.640617259497964
LOC111131137,0.191896305284979
LOC111128465,-2.52880631333968
LOC111107942,0.0815089949889399
LOC111101722,-2.91088312464924
LOC111137965,0.544559409318543
LOC111114302,0.486430849804298
LOC111118404,-2.22044764577027
LOC111115492,-0.570839102658312
LOC111123079,-0.536924200883478
LOC111100718,-0.40295604999465
LOC111130517,0.358865146142901
LOC111105410,0.570348650065852
LOC111099734,0.368968762844953
LOC111118219,0.284574667334705
LOC111136778,-0.424480758453515
LOC111115048,0.277389108833403
LOC111101018,0.267076139162112
LOC111107758,0.833543300466558
LOC111127241,-0.398262054554359
LOC111121686,-0.807173031650234
LOC111122199,-1.19292564113052
LOC111134570,-2.8003389359692
LOC111102450,0.460362600382241
LOC111135005,0.324276039085288
LOC111117399,0.00355155425207105
LOC111106122,-0.478622177968379
LOC111123666,2.05809989037721
LOC111104316,0.620852027447082
LOC111129217,0.0468498781400189
LOC111136684,0.217659827506154
LOC111111492,-0.0031705144595014
LOC111136617,1.71652256192777
LOC111132115,6.24404409060991
LOC111103826,0.763782884658956
LOC111125509,-0.0307452658738188
LOC111125421,-0.433311184582317
LOC111121095,0.583237992651163
LOC111134708,-1.1354846866147
LOC111134647,0.0784677396431804
LOC111115680,-0.471162550246754
LOC111114527,0.474517765300316
LOC111113609,-0.992594345945091
LOC111126963,0.528568256406523
LOC111103167,-2.12478416345486
LOC111109702,-0.131960534226809
LOC111107492,-0.478291080571898
LOC111135948,3.66568132624743
LOC111136884,-0.0903676275406784
LOC111130680,-0.522592809359105
LOC111124942,0.0147922510030246
LOC111107427,-0.184374779111574
LOC111127944,-0.59154130552669
LOC111101728,0.181689398345141
LOC111123292,1.16502973241067
LOC111110788,-0.663624217642127
LOC111118443,0.614659617651054
LOC111138416,0.305190347642216
LOC111114902,3.40150837748799
LOC111135711,1.13316545763931
LOC111102981,-0.175266360464978
LOC111133161,0.243258961809106
LOC111115600,-0.736216602576691
LOC111135918,0.0364688528007085
LOC111120267,0.927720218396792
LOC111136661,0.00755950150183182
LOC111112738,-0.765294247534896
LOC111125836,1.5147391262288
LOC111118238,0.507289088172782
LOC111110042,-0.364913776262909
LOC111112261,-0.020306767734969
LOC111102504,0.239693080362976
LOC111107057,-0.107984195039478
LOC111121670,-0.264134269468476
LOC111117043,0.007560126265765
LOC111118012,-0.264048305873156
LOC111121024,1.2166494770448
LOC111128586,-0.198932572161338
LOC111115724,1.03884450347042
LOC111127215,6.13439628183445
LOC111134022,0.00755935797894921
LOC111133016,3.48394909913542
LOC111114968,-0.443759415542384
LOC111119888,-0.828324842836032
LOC111129410,-0.592342069331703
LOC111113429,-0.000335447709458334
LOC111105215,0.0075594862610789
LOC111132246,0.872488114640319
LOC111114832,0.0324336812255938
LOC111128417,1.09887059936107
LOC111121221,-2.42156133941813
LOC111120812,0.322558525737141
LOC111135241,-2.00388142061156
LOC111114173,-0.881511642580442
LOC111133260,0.797828039580465
LOC111122340,0.592906955388899
LOC111109795,-0.219501309130377
LOC111131585,-0.371478851176134
LOC111135445,-0.619632066805685
LOC111126107,0.0517235863666937
LOC111128345,-2.57499575385396
LOC111117880,0.443895006354707
LOC111129629,0.641166898308891
LOC111119862,-2.01372918722965
LOC111117698,-1.06820004320412
LOC111134093,0.213848731073673
LOC111138076,-1.37588621180654
LOC111124394,-1.3406056110499
LOC111113318,0.00908233180951969
LOC111115106,-0.761863495085689
LOC111132959,-0.145743072583529
LOC111115226,0.177901988565223
LOC111101863,-1.03808334084614
LOC111123464,0.728379560670989
LOC111118648,0.689678328792767
LOC111129478,-0.575965732643624
LOC111108207,0.07383350419393
LOC111119193,2.48120618751022
LOC111106534,-1.11611151818479
LOC111101464,1.22640365828078
LOC111100592,0.10352752204577
LOC111100051,-2.38422359815112
LOC111130050,1.20961211162021
LOC111133784,-0.285158722236247
LOC111111521,0.611076032125448
LOC111101243,-0.607615323622602
LOC111119484,0.521535614614898
LOC111133690,1.88683384417966
LOC111110544,0.325165844283723
LOC111116954,0.551971825938277
LOC111101076,0.862494704281827
LOC111108346,-1.11960127278601
LOC111127997,-0.108175080398721
LOC111123962,0.55760989123336
LOC111118959,0.309094058326322
LOC111122606,-1.44158327738162
LOC111113547,-1.93824950448549
LOC111125548,-3.22960179338032
LOC111112958,0.57998291493945
LOC111137786,0.725375084970448
LOC111133769,-0.948171645233453
LOC111110182,-0.373391029999582
LOC111112605,-0.493876487830671
LOC111126053,-0.515488360994811
LOC111133483,0.865671599612385
LOC111100376,-0.224505648558682
LOC111119401,6.24948837726152
LOC111101078,-0.343594948392178
LOC111110025,1.41617852327704
LOC111122902,-3.97268487350907
LOC111106665,-0.0514161474646903
LOC111111308,-0.0555671158901643
LOC111103038,-0.487316733645963
LOC111135080,-0.16169547406944
LOC111115504,1.12534393912612
LOC111135943,0.333339151043931
LOC111113715,0.895351920848753
LOC111126529,1.30069403062284
LOC111135484,2.08955004931273
LOC111104604,0.201491404850802
LOC111111208,-0.601871145947409
LOC111114242,-0.384132246068867
LOC111135732,0.310294634901914
LOC111131245,-0.142945445068285
LOC111113780,0.964672458875015
LOC111126398,0.367443956042869
LOC111103159,0.785684247296206
LOC111122620,0.0385336059772277
LOC111109603,-0.510583936914786
LOC111136795,0.378353566248418
LOC111107987,-0.828377037163487
LOC111124734,1.1276301767914
LOC111103668,-0.565300979755212
LOC111102778,0.610205921340127
LOC111101521,-0.1961180826433
LOC111120665,-1.72232126469027
LOC111134808,1.24749531786269
LOC111099199,0.497971002652499
LOC111133704,-0.453603262523398
LOC111105576,-0.559611254002125
LOC111117646,-0.459142456540366
LOC111132044,-0.747356577994276
LOC111109599,-0.256096991214397
LOC111128424,-1.25235228163294
LOC111108580,0.163296140042922
LOC111101082,0.00756029019068452
LOC111105235,-0.61488464008045
LOC111100863,0.730553377424431
LOC111128937,1.45195825104361
LOC111120107,1.04972493114683
LOC111108775,1.04079911160293
LOC111130892,1.37893022683136
LOC111115322,1.10976823673619
LOC111115094,-1.44386772306979
LOC111106506,-1.65829624765159
LOC111138273,0.855221983292123
LOC111102610,-0.915721165311767
LOC111123545,-0.445863573671125
LOC111137942,-2.06140455040101
LOC111126200,-2.87275291393878
LOC111108275,-1.0562281473343
LOC111123894,0.00513822238303702
LOC111099997,1.98579188945062
LOC111111786,0.134715499988358
LOC111114910,2.52870296375244
LOC111107691,0.737373490504957
LOC111130246,-4.34926826787123
LOC111117580,-1.07905186021436
LOC111119385,-0.0464296463584903
LOC111137211,28.6207319246082
LOC111126797,1.74083432192472
LOC111113382,-3.32543426410442
LOC111114619,-2.46613851766244
LOC111111737,0.262634174466816
LOC111131806,5.4372723136158
LOC111136909,-0.763261939322669
LOC111136295,-1.13895642535505
LOC111114347,0.114724430978979
LOC111133412,0.553197297961612
LOC111122998,-0.505813792660172
LOC111129215,-4.92270616617242
LOC111104650,-7.88767883549104
LOC111135437,-0.629554116916635
LOC111125492,4.69228989398792
LOC111104040,3.66525482550731
LOC111123419,0.434694243157657
LOC111136493,4.88198483442156
LOC111127980,0.600690561968148
LOC111119480,-2.4823478867031
LOC111108498,1.7889216910178
LOC111137223,0.0878161095294441
LOC111126151,-0.171792369557725
LOC111131131,-0.361262696019066
LOC111130157,0.91314112577368
LOC111099429,-2.08679467106734
LOC111113917,0.606080981911469
LOC111120171,0.0344205659858739
LOC111120555,-0.046888383110864
LOC111124778,0.792745417413047
LOC111110574,-2.63835156469249
LOC111121443,1.889467567227
LOC111137001,0.0934725573248401
LOC111114250,0.756971873785457
LOC111110225,-3.03920521388831
LOC111112819,0.30494146770435
LOC111103550,-1.22316491775471
LOC111099870,-0.470522445121111
LOC111111600,0.0900339701764788
LOC111126338,-3.40690750157771
LOC111130225,1.72200210150683
LOC111125289,0.0368158418956158
LOC111102673,-0.592208134374534
LOC111120757,1.26464666483512
LOC111108797,-0.0934411370414052
LOC111128901,-1.68788774461433
LOC111113103,0.281339240446699
LOC111122329,0.457330476170407
LOC111125288,0.478866056671631
LOC111104482,1.11618531231042
LOC111138384,0.399796227489611
LOC111119707,-0.142035805950299
LOC111110264,0.00756073904779393
LOC111125689,-0.737908460836808
LOC111101614,0.0276203961560309
LOC111132135,-0.225186488161029
LOC111117334,0.0335123162012818
LOC111112939,0.222450759322535
LOC111138115,-0.286916915338563
LOC111121650,-0.819586555748802
LOC111108004,-1.14039709070643
LOC111106010,-0.123319438364338
LOC111119323,0.00797934524727007
LOC111101548,-0.0860293679150032
LOC111121008,-0.93973881694737
LOC111099683,0.549814963271883
LOC111130051,0.266977503678234
LOC111130143,-0.00259689432267592
LOC111127909,0.0268724540356785
LOC111109744,0.559122270512833
LOC111109849,-0.195316862103538
LOC111102489,-0.0130546161770055
LOC111129471,-0.29405432173544
LOC111125118,-1.23092926719632
LOC111108697,0.0785822747360663
