GeneID,neglogpvalue
LOC111108586,0.000853057756568317
LOC111123850,1.15128154297223
LOC111119799,0.620741469458131
LOC111108596,-0.302937458661959
LOC111134853,-0.598433917339715
LOC111125093,0.331148283951477
LOC111126079,0.847083682695083
LOC111115470,-0.0381208802050024
LOC111116974,0.236419418775449
LOC111135972,0.740825502723277
LOC111119859,-0.0974854003056301
LOC111110274,0.110005632867959
LOC111106249,3.34979507416689
LOC111136067,-0.438853151211071
LOC111125720,0.918489045184553
LOC111120529,-1.2542814818409
LOC111123598,-0.669011891522676
LOC111133529,0.682291447830072
LOC111104259,-6.29764875491218
LOC111100821,-0.305356497869703
LOC111106363,-0.311605380245605
LOC111128777,0.825053771241269
LOC111128796,-0.910537905219804
LOC111117055,-0.790673750417346
LOC111120558,-0.49464976162857
LOC111117203,1.03218198266425
LOC111121607,-0.127591729017109
LOC111138336,-0.412723094738808
LOC111107783,0.704434746622436
LOC111115979,0.132568247213275
LOC111135126,-1.57564664510388
LOC111107644,-0.422712407058661
LOC111119224,-0.392101764111053
LOC111112131,1.81500731441597
LOC111134136,-0.113666264770015
LOC111134272,0.0726418242198781
LOC111131186,-3.48478052761122
LOC111104535,-0.647647886162038
LOC111112953,-0.655113618129355
LOC111138446,0.0940873234270884
LOC111130759,0.11535983702468
LOC111108434,1.07437452327475
LOC111113850,-5.11608980484143
LOC111130361,0.118081803284142
LOC111104582,-0.187483249758379
LOC111119115,0.016404447735335
LOC111130938,0.321545238812585
LOC111137819,0.316752133169494
LOC111120010,0.00499698115456088
LOC111111661,-2.24046804247505
LOC111111115,-3.20453440488106
LOC111131224,-0.755690652903737
LOC111130414,0.437709634177344
LOC111135595,0.0308829745871
LOC111102922,-0.0778505059520771
LOC111128433,-1.72015677718345
LOC111128592,-3.01411697768433
LOC111129036,-0.311744213043482
LOC111111450,-1.38711628038814
LOC111124462,0.053984800816387
LOC111118402,0.0779284324881781
LOC111100766,-0.165472027547013
LOC111099426,-2.18178195628636
LOC111119134,-1.67351841165549
LOC111127026,0.979982805675845
LOC111134641,0.592426940021079
LOC111132999,0.267695270122608
LOC111108717,-1.77622727691496
LOC111131124,-1.48825656627552
LOC111131412,-1.85924706411766
LOC111135297,-0.726588374362646
LOC111108249,-0.134695120120084
LOC111102157,0.156267106333528
LOC111111438,-1.39762797578141
LOC111117415,0.155759981933485
LOC111110281,-0.34517462904028
LOC111110520,-0.245954906950418
LOC111134913,-0.246625913329718
LOC111107547,0.0613064655545436
LOC111137346,-0.166007169307963
LOC111099289,0.319604297954812
LOC111121375,-0.325361522831019
LOC111137215,-0.507024106017906
LOC111121772,2.62884961808561
LOC111131183,0.8715695760501
LOC111114870,-0.116560465913655
LOC111124551,0.370938175245508
LOC111099925,-0.759009567998348
LOC111108136,-0.874412142513896
LOC111112811,-0.295351708536498
LOC111124393,-0.881924928897746
LOC111105705,0.280040117935532
LOC111120352,-4.15062450027007
LOC111106351,0.0292745482197781
LOC111102879,0.0385805283291206
LOC111133755,-0.00490285911406837
LOC111119092,0.150781620614416
LOC111113322,0.0961743243369905
LOC111116479,-0.478061046390407
LOC111118127,-0.738059669460324
LOC111130009,0.599543714398376
LOC111124724,-1.36303631609101
LOC111136447,-1.51347668604687
LOC111129784,-0.159289364799485
LOC111131461,0.273913370379666
LOC111121187,0.0695237423227941
LOC111114920,-1.75525509527099
LOC111112587,0.768275230521317
LOC111099439,0.98720278349445
LOC111137757,-1.21366784794319
LOC111129254,-4.36037543243357
LOC111136488,0.332419324802779
LOC111115807,-0.913894747142344
LOC111114635,-0.0975252551962365
LOC111133827,0.159854242181295
LOC111131058,-1.04338165032264
LOC111137991,-0.37335268415101
LOC111132146,0.417718280671089
LOC111110119,-0.0772182506673408
LOC111136680,0.97248093391409
LOC111125181,-0.062946953720094
LOC111133867,-0.291932715458545
LOC111128813,0.191156446723478
LOC111119587,-0.583565024499171
LOC111135334,-0.256794492597071
LOC111110924,-0.261519435270584
LOC111104241,-0.272417677085813
LOC111131728,-2.68099793144216
LOC111103859,-1.41304960757082
LOC111132946,-0.18565154109558
LOC111105683,-0.611542073745747
LOC111100540,-0.394022721307974
LOC111125683,-0.0371594800065452
LOC111129355,-3.81682393715255
LOC111131531,-3.66557408742415
LOC111111983,-0.0226653440081691
LOC111103903,0.251628755048201
LOC111114133,-0.051478361997977
LOC111123098,-0.453198312508504
LOC111128348,-10.8555146734099
LOC111122151,-0.420546833199475
LOC111133008,0.139774628614043
LOC111122296,0.227817485985821
LOC111119034,-0.335038212647695
LOC111122422,0.318317702834965
LOC111113249,-0.813069672669999
LOC111102515,-0.634515312891804
LOC111102134,-0.6945207912099
LOC111122567,-2.96054186913983
LOC111100840,-0.267061449111046
LOC111135229,1.1605543205317
LOC111117202,0.238307480815799
LOC111133577,0.154255995848205
LOC111112783,0.0100130446104587
LOC111112922,-0.0569189702083134
LOC111115834,-0.222056360419961
LOC111118087,-1.71626904053078
LOC111126486,0.520706898031799
LOC111129284,-0.834024361800119
LOC111131359,-3.70119082291248
LOC111112900,-3.39055546291489
LOC111127619,-0.587509037830234
LOC111115429,0.270211476883274
LOC111101161,-1.33994247795347
LOC111134328,-0.309552983921648
LOC111117560,1.2357519934014
LOC111100029,0.926510231773794
LOC111103564,-0.163610383866612
LOC111124413,-0.856413128084311
LOC111115142,-0.161779784715245
LOC111117447,0.080937228406986
LOC111112956,0.0330053382001435
LOC111115956,2.25652807806875
LOC111134710,-2.57954968784268
LOC111138404,-0.36468022720075
LOC111126556,-0.839363655919707
LOC111110624,-1.42851921418752
LOC111126600,-0.248131928809226
LOC111129881,0.263399790619593
LOC111114224,0.402987556279015
LOC111099230,-2.27466643329496
LOC111138220,0.132913083303273
LOC111128019,0.310902733541339
LOC111106458,0.527636780639735
LOC111132100,1.15978531213774
LOC111111808,0.0043268958189933
LOC111106813,-0.335883850246297
LOC111125955,0.492077608898078
LOC111114738,-0.377875791722165
LOC111127323,0.383876857759389
LOC111122146,-0.385334518451158
LOC111120720,1.40178849705883
LOC111134325,-0.439135882257382
LOC111115748,-0.901589987804643
LOC111106574,0.697839173016652
LOC111105518,-0.25833887191406
LOC111110276,-0.946601894065359
LOC111100291,-0.591913278393958
LOC111101288,-0.0198433619562257
LOC111117281,-0.521897688264946
LOC111130841,0.187937839660466
LOC111100231,-1.4507563934456
LOC111130460,-1.70487899294424
LOC111132525,0.604525665404329
LOC111110359,0.503252314753051
LOC111103377,-1.64400441779064
LOC111106317,0.105557692234236
LOC111134422,1.37816921537793
LOC111133047,0.141485630332805
LOC111123147,1.1525757852701
LOC111119055,0.21331544725048
LOC111110309,-0.271754582592751
LOC111101306,-0.18559356267484
LOC111136591,2.68050855216044
LOC111121565,-0.724432065569643
LOC111130576,-0.463953493015785
LOC111131348,0.729100077062345
LOC111119655,-0.41438975477244
LOC111112084,0.449292512455042
LOC111116579,-0.13180008838051
LOC111133387,-0.288398538025665
LOC111119130,-0.0242941698039369
LOC111128724,-0.356490568868402
LOC111112145,0.336135734004437
LOC111137433,-1.73806556977254
LOC111109563,-0.969170319964068
LOC111135963,-1.86554174771016
LOC111125132,-0.721670494939803
LOC111125811,0.486505599270755
LOC111117932,0.532627811265912
LOC111100866,-0.209186423452998
LOC111104422,-0.573566584557894
LOC111124946,0.0836491478975981
LOC111136244,-0.257919545689426
LOC111131472,0.495441373748831
LOC111132511,-0.324182963017479
LOC111124801,-0.0362376432327509
LOC111117608,0.334160375705382
LOC111137738,-0.249472967991802
LOC111133627,0.247661001938912
LOC111118421,0.0583369467639429
LOC111135196,-1.73719471666439
LOC111135612,-0.202070833267999
LOC111100423,0.466127824942199
LOC111133893,0.242486299954021
LOC111099116,-0.426042722574692
LOC111135280,-0.976749594872757
LOC111126818,-4.918899014095
LOC111107061,1.74791966293198
LOC111117889,1.80880475243272
LOC111111054,-0.274744443093169
LOC111118946,-0.184702343448889
LOC111099050,0.34470689039881
LOC111125351,-0.425326841138238
LOC111136234,-0.223551271345406
LOC111126367,-0.431295748180095
LOC111128486,-0.151001500802159
LOC111118312,-0.861903748162205
LOC111111569,-0.351202731359
LOC111137056,0.165894710209791
LOC111099851,-0.484737198107045
LOC111134454,2.89785508504726
LOC111104699,-0.108047283334806
LOC111136856,2.03779971070757
LOC111101516,0.0293559230687057
LOC111110270,-0.000186933787458765
LOC111100089,0.959464826036059
LOC111106530,-0.325308919988453
LOC111100580,-8.89260169124567
LOC111137015,-0.326455889751573
LOC111136673,0.385014840921052
LOC111117449,-4.41224476033145
LOC111123810,-2.0511229901258
LOC111110273,-0.179160704153435
LOC111130140,-0.0779359191252004
LOC111121714,-3.32655246716824
LOC111104022,0.443563539354395
LOC111135895,-0.0838872054865474
LOC111132025,-0.128122711267723
LOC111134084,-0.494289192683292
LOC111110622,0.367478991122231
LOC111129834,-0.889702369373666
LOC111124426,-0.701564446997611
LOC111125113,-0.75613102294629
LOC111113871,-0.0124857690164577
LOC111117882,-0.0229347900618752
LOC111109234,-0.156710992821063
LOC111100994,0.192411621366429
LOC111116209,-0.635390598851387
LOC111124723,-1.87221989017746
LOC111123454,-0.476711575481311
LOC111101089,-1.14028230175157
LOC111115396,-0.0973563691587286
LOC111115333,-2.23539785239992
LOC111103181,0.248931695863962
LOC111131341,0.128252058474449
LOC111120164,0.186417443146222
LOC111113009,-0.198257764206098
LOC111112807,2.99329511767227
LOC111124362,0.711965609780447
LOC111104598,-0.676497979758861
LOC111101077,0.345228985649341
LOC111137615,-0.108693684141909
LOC111122448,-0.27440084242934
LOC111108149,-0.113128052314096
LOC111128025,-1.16252033660902
LOC111130677,0.0950274210546194
LOC111122966,1.67792653019208
ATP6,-3.22346938397015
LOC111127482,0.0257393845876979
LOC111117978,-0.28482546974198
LOC111131327,0.118890407678842
LOC111118838,-1.31498457630646
LOC111125594,-0.78696113376388
LOC111131748,-0.355712879489344
LOC111120979,-0.283218452694277
LOC111111256,-0.439927176782408
LOC111105112,0.93331741291694
LOC111101142,0.955900035599435
LOC111113425,-0.641792608205637
LOC111099913,-0.741944160602045
LOC111133225,-0.878012662795297
LOC111124583,0.686488440292438
LOC111105134,-0.503215710857651
LOC111115165,-0.226537554832403
LOC111128809,-0.0581121155465796
LOC111111618,-2.39794769732236
LOC111115747,0.0273166032055597
LOC111132217,-2.47133972058293
LOC111110828,-1.25776994989957
LOC111118677,-0.48532312318024
LOC111135171,-0.191691909960732
LOC111133635,8.15161405924213
LOC111117726,-0.376228703179128
LOC111104710,0.263371783845423
LOC111110379,-0.173781058645845
LOC111120744,-1.848298019468
LOC111115626,1.40046485192202
LOC111115840,-1.59561900745397
LOC111127924,-0.827655804444687
LOC111115392,-6.09330391823322
LOC111132213,-0.173524649444844
LOC111117369,1.56842749333059
LOC111129571,0.0645405781186617
LOC111126069,-0.299850257493768
LOC111107413,-0.635700177907244
LOC111130270,-0.387733266417948
LOC111100105,-1.17767476831536
LOC111106965,-0.250452979928094
LOC111123238,0.414538378342149
LOC111135801,-11.7817102355762
LOC111108479,2.60713151542583
LOC111132306,0.346289772445472
LOC111104418,-2.00407539940853
LOC111127985,-3.04035262768201
LOC111118220,-0.0574004266563037
LOC111101486,-0.170823987631503
LOC111132573,-0.0692461438547222
LOC111111938,-0.312421656445362
LOC111100319,0.125450234137352
LOC111129818,0.542200564022893
LOC111101053,-2.08400162238841
LOC111116555,-0.554988853221551
LOC111131875,-2.17916802105868
LOC111123040,0.0053838105665188
LOC111111449,-2.1592389400353
LOC111118650,-0.383908403253817
LOC111101236,0.965802012972044
LOC111107208,0.438510879359925
LOC111129811,-0.806375667013704
LOC111102132,0.677565443196233
LOC111126726,-1.13072936622169
LOC111115533,-0.0035799263079274
LOC111106684,1.07213390652671
LOC111118041,-0.492250043660159
LOC111111374,-0.683747595198221
LOC111112031,-0.163200456341338
LOC111134930,0.0143861292672626
LOC111132968,1.10098431238888
LOC111122825,1.24172916913731
LOC111129558,0.214560629869905
LOC111103375,0.58643058608013
LOC111108010,-2.84128929005297
LOC111110186,-0.230950425001865
LOC111102121,0.0618550781023883
LOC111124746,-0.864238861943168
LOC111136284,-2.13752481434025
LOC111133570,0.99962617230088
LOC111135868,0.381381972028219
LOC111109575,-0.827396456026029
LOC111132038,0.475952226339965
LOC111135422,0.249069013381383
LOC111107343,-1.77836916917669
LOC111129828,-0.113216527416234
LOC111129970,-0.269227065581978
LOC111133971,-0.0142618136828626
LOC111136396,0.426728545862156
LOC111122281,-1.47002805856164
LOC111128411,-1.733886081806
LOC111133515,0.485197812254976
LOC111121893,1.60187323506029
LOC111101240,-0.401320580553319
LOC111112980,-0.100618103439249
LOC111112417,-0.284229421234855
LOC111131462,-12.6407290177814
LOC111122232,-0.298018084726927
LOC111135581,-0.455051068199579
LOC111126166,0.151461330971151
LOC111133834,-0.559346630788471
LOC111131592,0.620840719925139
LOC111133747,0.0583644540584989
LOC111099131,-0.408576613501212
LOC111100052,0.13575038873409
LOC111136792,-0.597963133353626
LOC111128515,0.27681716291675
LOC111126074,-0.13710868744012
LOC111126062,-0.955431772642344
LOC111109712,0.101619201598656
LOC111099300,0.553811090715514
LOC111122211,-0.247888750193495
LOC111121806,0.265752449069569
LOC111103256,-3.89338146709572
LOC111132583,-0.703182875556087
LOC111104616,-0.236629845603299
LOC111134040,0.139224266776308
LOC111100365,-0.00774239313364516
LOC111099481,6.02470178255485
LOC111135192,-1.39276364664648
LOC111122913,-1.24051872364492
LOC111125557,0.678509675089679
LOC111106712,-0.000175324257956519
LOC111123525,-1.76506311745443
LOC111111482,-0.367406013131756
LOC111127968,0.439729094213835
LOC111103642,-0.174590008231593
LOC111121138,-0.0192844653708374
LOC111127757,-0.365535943905608
LOC111101723,-1.06864575180186
LOC111118028,-0.98159098999599
LOC111114684,0.134935709083977
LOC111119449,0.784941385166403
LOC111100801,-0.133334683499198
LOC111123809,-0.43800990041958
LOC111120531,-0.175644397606413
LOC111117416,0.738938707405373
LOC111136790,-0.159703769825006
LOC111138038,-0.202158905181253
LOC111118783,0.245701200951927
LOC111133350,-2.39305428067576
LOC111115172,0.188717488943537
LOC111110151,-0.0524615354175437
LOC111107835,-0.815364267812557
LOC111104789,-0.322820701049344
LOC111117533,-0.525538878190772
LOC111109605,0.0611646046711845
LOC111116490,-0.956089729283531
LOC111129049,0.338455463219922
LOC111130155,-0.553329197118659
LOC111109801,-0.0319162304493951
LOC111100666,-1.36058759780234
LOC111135142,-0.169485523794705
LOC111138144,-0.364587368399259
LOC111122787,-1.81911609100278
LOC111121989,0.0100540890455426
LOC111126150,0.193732158329042
LOC111124843,-6.31459429853832
LOC111135528,-7.149236690989
LOC111116368,1.05199627509662
LOC111122354,-1.13439231169152
LOC111137294,-0.00748515185172207
LOC111104697,-0.133851298063799
LOC111130541,0.0355262391818909
LOC111124305,-9.29384634879664
LOC111133283,-1.30934902838613
LOC111121270,-0.15029042507911
LOC111122265,1.26336242180691
LOC111125013,-0.297479277993771
LOC111123161,1.01566337872824
LOC111123955,0.626561805326131
LOC111130887,-2.42378168542913
LOC111102847,-0.232261544360794
LOC111105588,-0.500417166383066
LOC111135849,-1.51820797455586
LOC111127935,-0.148852934492091
LOC111130708,-1.81134753905479
LOC111103819,-0.151269422330439
LOC111121006,0.415551349301716
LOC111118355,-2.20420677608937
LOC111112793,0.618797776459585
LOC111108542,1.07088140194666
LOC111136597,-0.957701582866935
LOC111137019,0.255635972387717
LOC111107857,0.0260637968438202
Trnas-gcu,-0.977406426556269
LOC111135214,-7.99573191943846
LOC111112842,-1.62487708076308
LOC111112400,-3.34757801198244
LOC111108778,0.663102877379131
LOC111135560,-1.81430617305272
LOC111133631,-0.139877294248269
LOC111101014,-0.120596511374947
LOC111122793,-0.326796641554124
LOC111119645,0.802439024172164
LOC111137021,0.348489622322302
LOC111108278,-0.619753097287803
LOC111133890,0.131371412030061
LOC111119070,-0.411027891967499
LOC111111669,0.530350023525568
LOC111114943,-0.443223007276628
LOC111100373,0.245835969557773
LOC111126970,0.413511057158706
LOC111126059,0.977840963097145
LOC111130554,1.41198233912007
LOC111125949,-0.122761752073112
LOC111130720,0.901845986697882
LOC111120883,-1.53056126665447
LOC111103989,-0.0850704965711425
LOC111130976,0.298050559756203
LOC111124586,0.0652514454419554
LOC111122859,0.596632690568507
LOC111129616,-2.33087487695869
LOC111102102,-0.627315716250151
LOC111119503,-0.047871570180212
LOC111124590,0.128821803540221
LOC111105356,-0.47869673802593
LOC111130852,0.153604792066271
LOC111122069,0.00285630972112869
LOC111129437,0.191734606338833
LOC111113819,0.131763377978749
LOC111125084,-1.83935072202536
LOC111122059,0.270683479422143
LOC111126111,1.14736747244426
LOC111128699,0.412066235194647
LOC111118226,0.44172838633835
LOC111124958,-0.260497682625281
LOC111130565,-0.622507049341932
LOC111109936,0.691335766269307
LOC111113864,-0.0161827867011542
LOC111111585,-1.07788200449422
LOC111130446,-0.208966986981022
LOC111113170,-0.188204938764213
LOC111112403,-1.05372863726
LOC111119940,0.268903379344196
LOC111125097,-0.123945187297579
LOC111124640,-0.177751187003603
LOC111105025,0.0290825785060118
LOC111120825,-0.317405344102909
LOC111120062,0.405628864406457
LOC111102486,0.314655117558418
LOC111129174,-0.0279534686772215
LOC111130384,-2.91604028922401
LOC111103520,0.106585018478084
LOC111114975,0.418173131185316
LOC111120075,1.11045427640812
LOC111108441,0.306435177459735
LOC111125761,1.07167566520943
LOC111130268,0.319364306768301
LOC111111285,-5.97855700273851
LOC111105532,0.0384306570457094
LOC111134409,-0.0998806068044585
LOC111107027,-0.341035478273306
LOC111113899,-0.0117038511005722
LOC111131051,-0.400279258545958
LOC111105470,-1.03871352681299
LOC111131427,-1.2286845395219
LOC111111871,0.123081371141321
LOC111126741,0.594570702250928
LOC111120066,-0.242344608905928
LOC111133354,-0.327071839094858
LOC111099091,-1.6192330742961
LOC111129843,-0.43729683128351
LOC111122333,-0.709665121059401
LOC111101689,-0.439249798910926
LOC111104524,-0.87884978762159
LOC111101642,0.497599062237786
LOC111125550,-0.448701289678875
LOC111107936,-1.20242590702297
LOC111123684,-0.210018913168244
LOC111128157,0.731252624157118
LOC111117379,-0.0483268449600928
LOC111131690,-0.161671287152224
LOC111102490,-0.91995658157636
LOC111133898,0.0433096852314649
LOC111132106,-1.11884906106801
LOC111123434,-1.64623383973549
LOC111119504,0.390368416896397
LOC111130650,1.22472046380946
LOC111134590,0.417635745019782
LOC111106250,0.265481343619573
LOC111128478,0.00780951842600793
LOC111126377,0.050126039604061
LOC111100395,2.02971799045241
LOC111120773,-0.606688605615147
LOC111136331,-0.198764123663728
LOC111133423,0.0170404164851563
LOC111104580,-0.0062361751376265
LOC111100541,0.0833191383421773
LOC111123471,0.385740425902698
LOC111125589,-0.832924811546453
LOC111115545,-0.711539812150576
LOC111109101,0.0319879454259796
LOC111124516,-2.64868458764588
LOC111104649,-1.0643085332823
LOC111101116,-1.91231665264514
LOC111123437,-0.607457944935982
LOC111115210,-0.200747540140737
LOC111116816,-0.294390129289644
LOC111111044,-0.856986822658255
LOC111109494,-0.0895232702068378
LOC111131546,-0.617402529880278
LOC111132151,-2.10219589500544
LOC111111947,0.206110930101318
LOC111113036,-0.962990762844216
LOC111110831,-0.245729674784672
LOC111127264,-0.157070475067709
LOC111136139,1.08283105483402
LOC111132673,-0.076618499102678
LOC111136662,0.204529194575462
LOC111123539,-0.0722403463833774
LOC111114708,1.49807022674754
LOC111123853,-0.338161011689196
LOC111126535,-0.485387356415552
LOC111119931,-1.38366082076912
LOC111131731,-0.56953618637534
LOC111115980,-1.47042451783598
LOC111133504,0.108097032427154
LOC111137729,-0.809844976114601
LOC111124639,-0.421376197975992
LOC111130305,-0.97771295185624
LOC111135700,-0.0228068698572394
LOC111101397,-0.29137145469828
LOC111112964,0.446824318699347
LOC111112881,0.940406195610553
LOC111106699,-0.129959698217711
LOC111114845,-0.535327007744834
LOC111114649,-0.528784500783276
LOC111137807,-3.83482199306438
LOC111105457,0.0312034578474952
LOC111103581,-1.70812771740858
LOC111133580,0.445908667273837
LOC111133949,2.33684990395655
LOC111125154,2.33600638392134
LOC111135463,-0.787653249634329
LOC111138191,0.652989589536374
LOC111116855,0.794295616327141
LOC111114946,-0.846523354504741
LOC111116596,0.00858432483697258
LOC111102112,-0.762603980972428
LOC111113990,-0.488687468742079
LOC111117174,-0.0846687724092144
LOC111135904,-0.0079897418825758
LOC111109987,-0.591462523031447
LOC111138175,-0.68886737170429
LOC111134977,-0.922222276901404
LOC111112113,-0.746907742315101
LOC111121489,0.647900605219775
LOC111121345,-0.458662426000182
LOC111132902,0.255779997533228
LOC111135393,-0.137217438158468
LOC111100466,0.210054792497704
LOC111110075,-0.419643387248087
LOC111124262,-5.66994921205999
LOC111103075,3.73905417885718
LOC111114894,-2.60365569010251
LOC111137350,-0.841562272054159
LOC111109445,-0.827885488964334
LOC111129720,-0.093677918637216
LOC111107244,-0.283171321312554
LOC111117597,-0.0882413820829754
LOC111105541,0.0502388813595382
LOC111131230,-2.55394409634854
LOC111133468,-0.231656889378832
LOC111124264,-0.209822186693885
LOC111118149,0.888209615179215
LOC111102946,-0.00624275645068788
LOC111113556,-0.194089631495137
LOC111099831,-1.14524639958816
LOC111109804,0.0543916385992349
LOC111120893,-2.77993503122813
LOC111119135,-0.289243911996096
LOC111107046,-0.0531747266438489
LOC111121932,-0.752277282546033
LOC111114773,-0.91210797517949
LOC111136267,-0.505902528333754
LOC111116817,0.0273366186164379
LOC111109686,-0.330445485159197
LOC111101777,-0.653051766755723
LOC111125563,0.318450983587172
LOC111135327,0.643607800740991
LOC111121638,0.610606553575733
LOC111099801,-10.6759908192376
LOC111110021,-0.222553349083303
LOC111106066,0.00143894351065458
LOC111133391,0.502523657345581
LOC111126803,-0.239491500502301
LOC111123541,-0.023395521595414
LOC111138509,0.951161438259239
LOC111109458,-0.174427842400363
LOC111126881,-1.01060819963096
LOC111124412,0.67366246641422
LOC111138487,0.162677682135913
LOC111130582,-0.939974156342427
LOC111108670,0.72492562537772
LOC111136982,-0.749935456371915
LOC111108533,-1.15843517855016
LOC111106600,-1.57821034049065
LOC111129271,0.953812387861949
LOC111135803,2.37078100145861
LOC111099693,-0.859631627387249
LOC111129303,-2.19925197599101
LOC111130134,-3.75970783976352
LOC111111713,-2.96593503737533
LOC111107207,-0.0121256881057016
LOC111116859,0.200875154612926
LOC111121591,-1.8485357348959
LOC111121890,-2.64010969866114
LOC111135015,-2.86274651878523
LOC111117946,0.116854191638985
LOC111119163,-0.065467358085658
LOC111104167,0.389342187712939
LOC111100756,0.562183987975933
LOC111137499,-0.436485783886658
LOC111126516,-0.504523136670886
LOC111114281,-0.227849899992468
LOC111126716,-0.20032000449038
LOC111135628,-2.69709959840734
LOC111104267,-0.300290799095142
LOC111104370,0.0205924378844005
LOC111125815,0.267587014493009
LOC111115391,-0.901955709914372
LOC111100177,0.181015208895615
LOC111134650,-0.908332576846843
LOC111107935,0.203981347504604
LOC111108543,-2.23858085564697
LOC111124580,0.212261649904672
LOC111133368,0.344605408665919
LOC111130535,-1.41654642932503
LOC111127499,0.248574813084432
LOC111126345,-1.8459640460942
LOC111115741,1.95945269912668
LOC111099327,1.17915541744063
LOC111124473,0.996132449864968
LOC111118643,0.288045881825522
LOC111133213,0.0927673145639926
LOC111100047,0.120658424676762
LOC111126012,-0.214725115374225
LOC111126168,-0.0154486381729424
LOC111101711,-3.39341502201974
LOC111117438,-0.18353745112482
LOC111114967,-0.0847391321054448
LOC111131351,0.851852871429712
LOC111131787,0.0604226954084037
LOC111135175,-0.899870771371096
LOC111124175,-0.152322543445093
LOC111116683,-0.23641494582875
LOC111138424,-0.738487815344114
LOC111102466,0.271141381726662
LOC111128503,0.181362479464051
LOC111115739,-0.145494169776216
LOC111119409,2.07529209937276
LOC111122505,-0.201991613019338
LOC111100668,0.73094271210724
LOC111134122,-1.21296975251869
LOC111125445,-0.113466430229979
LOC111123745,0.579000968587733
LOC111130234,-0.637306525533243
LOC111118484,-0.711945091097452
LOC111101734,0.0666474086986782
LOC111122794,0.555027387849572
LOC111115949,0.0183287529466713
LOC111130818,-0.0799693940572932
LOC111113014,0.801591873418427
LOC111103508,-0.289376490706385
LOC111118584,-1.08670256162819
LOC111100812,0.0627087877324683
LOC111117040,-7.41831022215404
LOC111114306,0.365102064585002
LOC111102827,0.350134443981543
LOC111122270,0.138327753270338
LOC111118493,-0.80825158200435
LOC111135632,1.20046306162544
LOC111113927,-0.185170229428593
LOC111121427,-0.0444134793498816
LOC111126505,0.0402204213181199
LOC111107033,-0.029910128110003
LOC111125299,0.0469739860750088
LOC111127605,-0.0842355639021688
LOC111124550,-0.260352397110859
LOC111124068,-0.517029312751817
LOC111138196,-0.137529941506662
LOC111125881,-3.46591290139774
LOC111130848,-5.10311732936746
LOC111121776,-2.45643556551975
LOC111111245,-1.21766184829404
LOC111136038,-2.24003578655633
LOC111110963,-0.105123305565868
LOC111111965,-0.116958742859459
LOC111114416,-0.392894010575065
LOC111110559,-0.106445604659551
LOC111101969,-0.381036404683921
LOC111107772,-2.7639752570882
LOC111135914,-0.544370395603117
LOC111123764,-0.450547127084792
LOC111115968,-0.852090714287532
LOC111115730,-3.70752646647652
LOC111126437,-1.02866821892976
LOC111119872,-1.96328081180725
LOC111134939,-0.217699643648597
LOC111111561,1.12108220512979
LOC111130042,0.782879883571533
LOC111130827,-0.261179435259288
LOC111115013,-0.284567511079969
LOC111122578,1.19657271149223
LOC111111973,-0.0415338871562608
LOC111137886,-0.527759549172065
LOC111130067,-0.823342937903494
LOC111102967,0.349931737127292
LOC111101367,-0.417358273102124
LOC111106975,0.966123980376669
LOC111129326,0.649014121352285
LOC111121613,0.571644536729906
LOC111121521,-0.236633178455825
LOC111119234,-0.504149594458972
LOC111136700,0.12445598109267
LOC111125745,-0.455795220974135
LOC111105568,-7.19356888979849
LOC111120646,0.243195590554561
LOC111111141,-2.11173871512952
LOC111137284,-0.186681272570443
LOC111111853,-0.747531144530257
LOC111105851,1.06454666550296
LOC111136805,-2.07697037912795
LOC111137327,0.408495341362847
LOC111119661,1.08909391264352
LOC111110216,-0.0101255934972677
LOC111132592,-0.453089350228893
LOC111133183,-0.501593240682288
LOC111116011,2.58379802534291
LOC111105768,-0.121617290646561
LOC111129276,-0.471212701282941
LOC111136506,0.495652086830508
LOC111128671,-8.59346878244409
LOC111129875,-0.571561684449584
LOC111108082,-0.323768652146579
LOC111114544,0.42672768621562
LOC111123628,-0.604337671504563
LOC111120569,-0.33003542228192
LOC111099428,-0.598965898066993
LOC111113949,-0.103728314544869
LOC111108086,-0.506566068545153
LOC111129007,0.555334148341686
LOC111128833,-2.84845135394986
LOC111134397,0.444297352910719
LOC111135889,-2.09499482601161
LOC111128051,-0.0282840673821492
LOC111133523,0.271128816518671
LOC111118667,0.170538211803455
LOC111134348,-2.73552727428314
LOC111122580,-0.181438814033942
LOC111134224,-0.0973152779945123
LOC111133121,-0.39711401525171
LOC111110671,0.600135908859415
LOC111118800,-0.691080506696956
LOC111110091,0.0859941690327024
LOC111115756,-1.50210834578806
LOC111125129,0.584467241978723
LOC111104754,1.49748723957142
LOC111106854,-0.384741348784081
LOC111125906,-0.00594670149769513
LOC111122952,0.0741957596744991
LOC111129554,-0.551850152425117
LOC111122025,0.1421387134912
LOC111129024,-0.940315426601623
LOC111104491,-1.21744067541274
LOC111130902,0.957517640491979
LOC111099579,-0.00427685797184259
LOC111133534,-0.273112687950505
LOC111100578,-0.896093376574193
LOC111115104,-0.0908102045411991
LOC111099170,-0.0418195045865241
LOC111122710,-0.27489205263857
LOC111129050,-0.716350556920777
LOC111117403,0.670971698024475
LOC111123749,-0.558341274886808
LOC111137933,-0.558011449579062
LOC111113959,-2.63742433767882
LOC111118095,-0.147318158278412
LOC111128920,-0.0369002000368027
LOC111109043,-0.958727682971863
LOC111108389,0.119420348713778
LOC111122939,-1.34644223022053
LOC111120673,0.214618529079847
LOC111118478,0.0645870719887986
LOC111110287,-0.54006985397004
LOC111109130,-1.2597089500902
LOC111103231,-0.329357256912257
LOC111119686,0.164937258597191
LOC111120682,-0.720346586228262
LOC111129354,-1.35624504971332
LOC111115053,-0.101926348640853
LOC111123326,-0.314303401472072
LOC111107103,-0.697650959912501
LOC111136477,0.714798660728123
LOC111133538,-1.61116130223483
LOC111136979,0.251720726493787
LOC111132512,-0.0714350804258743
LOC111108573,-1.30271019748746
LOC111102883,-19.6871185350128
LOC111130322,-1.00033722601289
LOC111122516,-0.156515599844283
LOC111119225,-0.337065692781792
LOC111132754,-0.558844428900644
LOC111105984,-0.79723633341246
LOC111103549,-0.0756227409972906
LOC111120762,-0.561659066424362
LOC111134313,0.113337769861618
LOC111123453,-1.13161006839071
LOC111135557,0.766401928685343
LOC111104286,-0.210993866797474
LOC111115508,-1.13236392967553
LOC111133849,0.112755417012326
LOC111131281,1.85918065790591
LOC111119467,0.154921261020615
LOC111109520,-0.855183600818386
LOC111118508,-1.13252733584517
LOC111133656,0.0842608468868233
LOC111124280,-0.334956433610836
LOC111128659,-0.392692821194377
LOC111119230,-0.565592280498901
LOC111118063,-1.49878868531387
LOC111110437,0.407653225653796
LOC111129017,-1.30933611062816
LOC111126179,0.425920215098804
LOC111134128,0.533369338178052
LOC111104429,-0.287634761377813
LOC111134472,0.0751264687850821
LOC111133059,-2.91279098871804
LOC111107953,-0.281563226758056
LOC111138082,-0.729109320215864
LOC111130715,-1.84150016053074
LOC111122238,-0.0720337624204459
LOC111121099,-0.0792589545490817
LOC111131196,0.300219637303324
LOC111103969,0.733170619511334
LOC111120905,0.191853336245808
LOC111114548,-3.46438904619268
LOC111133795,0.468636115119669
LOC111137162,-0.52310318299385
LOC111133732,-1.0696730346862
LOC111119500,-0.000630061207724639
LOC111106742,0.0788401100886372
LOC111123923,0.66885623489031
LOC111121204,3.13681253402893
LOC111127877,0.905748534360006
LOC111126700,-0.314014859658322
LOC111116150,0.127510721102224
LOC111138372,0.0428396833963375
LOC111119939,-0.757987947815716
LOC111135946,-0.880438617216257
LOC111117933,-0.614899574484709
LOC111112225,-1.18365236450695
LOC111125012,-0.690618487633567
LOC111124675,-1.31460406145704
LOC111118640,-0.454103591545022
LOC111110595,0.0794351750222704
LOC111108690,-0.0891320077627982
LOC111122568,-1.4726717393009
LOC111135714,-0.491289995406147
LOC111125933,-0.07950472138897
LOC111132244,0.214192611823248
LOC111124636,-3.30993907696309
LOC111136737,-2.43921033913652
LOC111119911,-0.0747010938560288
LOC111106325,-0.689441470356125
LOC111133920,-0.309724563059011
LOC111126877,-0.0307180062383038
LOC111137662,1.49317512665642
LOC111133385,-1.52066575210732
LOC111118661,-0.339166454705522
LOC111101029,0.278916438739219
LOC111119327,-0.159016295991267
LOC111135346,-0.128418498433631
LOC111124167,1.82503517221415
LOC111135596,-0.286122328204921
LOC111118451,0.861693096268634
LOC111124299,0.127302141290677
LOC111103466,0.89443102404901
LOC111124304,0.152904841124654
LOC111138340,-0.448068143472011
LOC111114668,-0.231915813646074
LOC111125410,2.10480492371732
LOC111132252,-0.11930829554631
LOC111113312,-0.360475299933749
LOC111135360,1.11593081263867
LOC111135811,-0.596206331909042
LOC111104721,-0.514358762947719
LOC111104740,0.369977624607697
LOC111125277,-0.152903358505982
LOC111127184,0.266755591514084
LOC111108472,-0.251655068753502
LOC111114502,-0.358571259009632
LOC111112625,0.836548294510487
LOC111130087,1.18743749272961
LOC111116840,-0.790407647578296
LOC111135298,0.31024040234579
LOC111123873,0.34428115502795
LOC111127493,0.443830557410861
LOC111135413,-1.53143669603239
LOC111101809,-0.211876263704764
LOC111103836,-3.38242642141028
LOC111137381,-0.0859949479123887
LOC111104549,0.670620072776089
LOC111127794,0.643315888972733
LOC111133074,-0.602430574682549
LOC111133895,-0.0877220192079558
LOC111121987,-0.153151659191339
LOC111109452,-2.1723733941947
LOC111138367,-1.09952661846505
LOC111125534,-0.804217360119511
LOC111128938,0.163855680945254
LOC111136745,0.945336197547397
LOC111135354,0.150329156792629
LOC111136863,-2.7667817432776
LOC111127069,-0.199459040319834
LOC111119450,9.92477687504688
LOC111125088,-0.334677812212121
LOC111125209,0.210932217887294
LOC111100228,-2.20114440704961
LOC111121629,-0.636675578845127
LOC111124907,0.8726209333857
LOC111115718,-1.03700250119306
LOC111126422,-0.348446910840566
LOC111124858,-0.162932357187935
LOC111117325,-1.20194589963877
LOC111115546,-0.0778201314509982
LOC111106529,-0.0269505976852755
LOC111110789,0.11388193540713
LOC111108365,0.0633746717880843
LOC111101430,-0.584138550498082
LOC111134575,-0.330835003117274
LOC111106294,0.383240519928461
LOC111129499,-3.63181395421186
LOC111126477,0.107787125063084
LOC111129041,-1.38345232091463
LOC111116263,-0.210794446114622
LOC111104434,-0.949049192501989
LOC111099063,-0.337489420454509
LOC111109898,-1.02638677913017
LOC111106750,-0.398312823882287
LOC111117622,1.40908467555868
LOC111136010,-1.1921623589537
LOC111111251,-1.44161852953493
LOC111111170,-0.65400055500255
LOC111119384,0.14150894560011
LOC111104588,0.469528643372305
LOC111112750,0.861128524033298
LOC111115790,-0.102768943516935
LOC111101579,-0.184982780559958
LOC111122789,-0.964550960082927
LOC111118997,-1.49244928261336
LOC111128716,-0.384487068069256
LOC111125937,0.397355473580886
LOC111120351,-0.40737969637097
LOC111120782,-0.446484084521716
LOC111122861,-0.172204926319566
LOC111110826,0.0488210869647689
LOC111111182,-0.711437929046657
LOC111129680,-1.38322792715065
LOC111115339,-0.0892868036859115
LOC111135497,-0.861315508704673
LOC111126635,0.168726904980398
LOC111121822,1.14975566048367
LOC111100028,2.43305802632084
LOC111135232,-9.9190676484671
LOC111110396,0.549818638979616
LOC111134621,-0.69407952409841
LOC111138427,0.964470824605417
LOC111124517,2.08238999514293
LOC111118881,-2.00942557240415
LOC111119800,-0.0110267752829856
LOC111122647,-2.2804399556443
LOC111135640,-0.0915766384776577
LOC111115978,0.0797047253826643
LOC111113745,0.254706899049989
LOC111125042,0.646372128643131
LOC111107592,-0.405779636135031
LOC111100547,-0.777479121699371
LOC111119914,3.58698278339325
LOC111121327,-0.189252433195259
LOC111110463,-1.54873505915145
LOC111125041,-1.763369254814
LOC111113365,-0.243579705071123
LOC111104686,0.255923968630084
LOC111104848,-1.58363150768877
LOC111130502,-0.426086939092003
LOC111124301,-7.40878200580433
LOC111116945,-0.164466648290933
LOC111136766,-1.97429859646949
LOC111119581,-0.744816898442598
LOC111135964,1.37599615534727
LOC111128609,-0.250168393165026
LOC111110178,-2.17045379940791
LOC111124624,1.53758794798814
LOC111122185,1.39115752679637
LOC111115857,-0.33191244902089
LOC111134423,0.297986845266358
LOC111125246,-0.330884375787197
LOC111108415,0.287969206091709
LOC111125018,-0.090862948036427
LOC111129403,-0.204523197041118
LOC111109073,-0.264174579807346
LOC111116361,0.0586564418884417
LOC111118194,-0.149339814448546
LOC111136650,-0.318450302497439
LOC111125450,0.936231349859355
LOC111129177,-1.00510607524538
LOC111131335,-0.617495935460411
LOC111113058,-0.230498374789995
LOC111118147,1.44034050544933
LOC111104061,-3.44492181387332
LOC111102387,-0.312617947614958
LOC111118725,-1.19729470779409
LOC111109537,-0.457330552079175
LOC111104385,-0.0516917362603384
LOC111138197,-1.22615403980692
LOC111117450,-0.535290208928706
LOC111126910,-0.144642758181034
LOC111104871,0.159619050547825
LOC111102456,-0.243477582449952
LOC111134828,-0.645733330882602
LOC111135317,-2.86013351126366
LOC111112694,-0.220749248530658
LOC111131126,0.394250432057775
LOC111120071,1.43861778213823
LOC111135277,-0.399229321872225
LOC111101183,-0.248938365882633
LOC111123455,-0.00442852318586421
LOC111126073,-0.0757970899451416
LOC111130521,-3.64128986228845
LOC111132009,-0.962574705184387
LOC111103379,-2.17160227175734
LOC111106248,-0.673574375565409
LOC111111353,-0.196216414910664
LOC111122707,0.04923215143443
LOC111117670,-2.23397946219495
LOC111113354,-0.221418728652126
LOC111128529,-0.312858920690788
LOC111138429,0.544984242929208
LOC111129219,-0.869982958349537
LOC111137692,0.632249967506925
LOC111115436,-0.0778620222814413
LOC111111179,-0.22070630989044
LOC111100683,0.483337161118437
LOC111132179,3.40019633993487
LOC111134747,0.0741469254660351
LOC111103245,-0.459914344714798
LOC111135789,-0.376667932257558
LOC111117557,-0.0146961860394863
LOC111125103,-0.166421459573154
LOC111121441,-0.999960962528917
LOC111133891,-0.0991376954352813
LOC111118900,3.85824549082341
LOC111123026,0.835623308094053
LOC111112679,5.16248412728493
LOC111123870,-0.0565009342702166
LOC111111541,0.207709965341827
LOC111120559,-0.827511286311502
LOC111123596,-0.301367504584034
LOC111126120,0.263410866652077
LOC111121685,-1.07077275099989
LOC111111023,0.465088503075191
LOC111135495,0.694683765495868
LOC111124341,-0.350149617534467
LOC111125748,-1.66467603882207
LOC111130924,-0.0954228877758015
LOC111125607,-0.555305149325541
LOC111124218,1.86375552578677
LOC111134749,-0.327256819436517
LOC111113400,-1.64427547199307
LOC111101276,0.289250052969409
LOC111133405,-0.144859392340888
LOC111101381,-0.295281635935801
LOC111110011,0.146352395666798
LOC111130500,-0.000512451169528669
LOC111119909,0.4232944051403
LOC111121888,0.480323703123718
LOC111133147,0.397478831713753
LOC111118084,-0.723254605856948
LOC111108252,-0.930416352551222
LOC111136377,-1.11727798436992
LOC111135693,-2.54489896370562
LOC111106156,0.399034815501488
LOC111110156,-0.650271403989019
LOC111126115,-0.0216303914850706
LOC111106566,0.0368814061845963
LOC111102476,0.448948697587697
LOC111103439,0.344196872785585
LOC111108749,-0.263720913979786
LOC111135965,-0.529357272943125
LOC111123045,-5.50838816210616
LOC111102797,-4.06036675679531
LOC111124748,0.658817263882382
LOC111120157,-0.0569875873423686
LOC111110553,0.169140103322748
LOC111109469,-2.74845944429207
LOC111112283,-0.082859628152422
LOC111111524,-0.259775035906619
LOC111100184,-0.549307011007626
LOC111121450,4.18056644302402
LOC111133323,-0.17030388907303
LOC111131805,-0.502674867108018
LOC111119425,-0.711718371139244
LOC111115884,0.0097813099489579
LOC111100213,-0.0102289230044111
LOC111120094,0.326580232899935
LOC111131154,-0.109893843679784
LOC111102630,-2.61779298005461
LOC111103244,-1.14533691186844
LOC111127088,-0.136244515913461
LOC111129304,0.618783752204314
LOC111101241,-2.55921448126671
LOC111113982,0.241893339717756
LOC111134471,0.00704356795286977
LOC111106933,-0.941574119700013
LOC111134870,-0.14371166856866
LOC111134871,0.00406056172809114
LOC111124585,0.91107200586314
LOC111104423,-0.392484073186193
LOC111102268,0.743272962768623
LOC111100079,0.0659501804537385
LOC111135809,-4.11779217728788
LOC111119570,-0.39283269941022
LOC111127849,-0.326971346092605
LOC111099915,-0.179874887053611
LOC111126277,-0.712741962442601
LOC111126279,-0.201681164912102
LOC111120761,0.316470018294081
LOC111123898,-1.92442392478705
LOC111110975,-1.29748436775687
LOC111106271,0.478173890319697
LOC111109848,-0.297706996010137
LOC111119873,-0.364997518583
LOC111132832,-0.669300455564351
LOC111106450,1.01550682189159
LOC111130177,1.03136709231863
LOC111100894,-0.551921933863303
LOC111138316,-0.641965363122945
LOC111120470,-0.505020712844226
LOC111110649,0.13524162418292
LOC111120938,-0.546645655785514
LOC111128838,-0.865280483328506
LOC111123785,-0.901336200613821
LOC111138025,0.48918084331309
LOC111099527,-1.54544645227129
LOC111100152,-0.722706472363126
LOC111113335,-5.16730979679563
LOC111118030,-0.46342133258165
LOC111125180,-0.27795381784008
LOC111110059,-1.18657798013159
LOC111131142,0.639158453470252
LOC111136501,-0.105654768418002
LOC111125021,-0.380657687225558
LOC111117465,-2.67380894058101
LOC111115446,-0.321814965606375
LOC111108287,-0.170816659208257
LOC111130685,-1.49165500063386
LOC111122071,-0.369338223353916
LOC111130098,-0.719621959607881
LOC111112977,-0.0547601130573969
LOC111136962,-0.182313512935996
LOC111116089,-0.0702691467915993
LOC111125746,-1.49637055482755
LOC111135825,-0.21272428670325
LOC111134208,-3.30087331015717
LOC111115744,0.372682310969046
LOC111130635,-4.14391832428022
LOC111110298,-0.210673662512244
LOC111136821,-0.324850974554321
LOC111121934,0.615204868667353
LOC111105929,0.019227902240559
LOC111116622,0.0784219161155549
LOC111137146,-0.877076451030535
LOC111119367,-0.591866561356028
LOC111138119,0.357962941524086
LOC111113122,-0.202002983818946
LOC111128794,-0.0406719429173652
LOC111115416,-0.466265030469861
LOC111108656,0.721337520275925
LOC111138044,-0.338578374590084
LOC111113939,0.308629397324716
LOC111130896,-1.77177491072294
LOC111108659,-1.23011562580776
LOC111133031,0.357391862152459
LOC111126927,-0.404122581836205
LOC111109946,-0.244684055549907
LOC111109600,0.203032935696926
LOC111114519,-0.0130628002374339
LOC111137850,0.177588157856831
LOC111137724,0.297233026240635
LOC111135830,0.291237400758909
LOC111133713,-0.325025790184481
LOC111099865,-0.858221883828192
LOC111126013,-0.0674596724569241
LOC111125603,-3.44551947870587
LOC111116995,0.58799158173533
LOC111122802,0.760670510814584
LOC111113633,-1.13420486406583
LOC111118791,1.87911809458625
LOC111130729,-0.694058416139305
LOC111117966,-0.694736949663616
LOC111117433,-3.29134824815678
LOC111118794,-0.313922075057229
LOC111112197,-0.417550013788329
LOC111125446,-1.83944730268586
LOC111104979,-0.492946048025295
LOC111127867,1.72045966376238
LOC111136382,0.522971260920307
LOC111117496,-0.183728702149534
LOC111131861,1.00852411537051
LOC111135962,-0.169039279411342
LOC111137839,-0.289170083999884
LOC111106120,-0.670355209745974
LOC111112522,0.126689130635716
LOC111101059,0.865685037547847
LOC111118690,0.314952672228716
LOC111110117,-0.193829656232499
LOC111135670,0.361450292481325
LOC111132766,-0.0676628777426792
LOC111136196,-0.170071862914031
LOC111133865,-3.17987173351185
LOC111115251,-0.253988721791137
LOC111099510,-0.355629317093075
LOC111130008,-0.652205203961184
LOC111112614,0.32602337696317
LOC111120135,0.0289479593827324
LOC111130969,-0.0227845615310292
LOC111126491,-1.0860616462773
LOC111130108,2.45092567077058
LOC111132736,-0.505028284803163
LOC111122102,0.973832169337202
LOC111126836,-1.40558160941748
LOC111130761,0.0465973194174164
LOC111120293,0.0381837572962351
LOC111099506,-1.16851334571013
LOC111132294,0.144095856875346
LOC111109270,-6.10409936201228
LOC111138482,0.299968298317384
LOC111102713,-0.94826779166715
LOC111115117,-0.0836179567288897
LOC111113936,-0.0630575693993282
LOC111127103,-0.286491574717067
LOC111136653,-0.445486200837545
LOC111107792,-2.47417811690515
LOC111113921,-0.122220634634832
LOC111109502,-0.320599871715378
LOC111109509,-0.0874138065970267
LOC111106251,-0.741247417155739
LOC111108348,0.418969680536096
LOC111116932,-0.210303262290548
LOC111107444,-0.362987301827195
LOC111101903,1.44885084025451
LOC111134527,0.0658831394974463
LOC111124659,0.0286479780640768
LOC111134509,-3.13617835672611
LOC111124877,-0.287070599413229
LOC111132183,-1.07363208090995
LOC111113672,-0.107502887720301
LOC111115225,-0.925995413620812
LOC111127218,-0.00426166456530479
LOC111105279,-1.71169425683967
LOC111122551,0.231059321716974
LOC111101451,-0.563154887274163
LOC111099479,0.0233198811383124
LOC111104369,0.130493698799125
LOC111106891,-0.193991500497088
LOC111125488,-1.87200775539019
LOC111121349,0.0628060515782625
LOC111104681,-0.328316667891496
LOC111114690,-0.119454487708099
LOC111115434,-0.396858907429345
LOC111121289,0.214683282771602
LOC111135110,-0.56335504509758
LOC111111402,-0.17490340796372
LOC111132218,0.0162688941189262
LOC111128924,0.181181642264688
LOC111107760,1.00878535450765
LOC111120100,-0.181151441790774
LOC111130040,1.10645387332089
LOC111128886,0.189827867136567
LOC111136518,-0.0133833037347204
LOC111117472,0.852243044134968
LOC111119901,-13.2079691359512
LOC111110681,0.019872283849739
LOC111120889,-0.482271964207264
LOC111120299,0.392345607980645
LOC111120924,0.412302815631211
LOC111131200,0.0301371911844447
LOC111105850,-0.539370297652073
LOC111118700,1.46873148294195
LOC111129241,0.823571104687915
LOC111130749,0.0584354708718764
LOC111112443,-0.55995311883655
LOC111118539,-0.879667943371801
LOC111100520,-0.227978365173253
LOC111134658,-0.284956572698389
LOC111103146,1.088177608141
LOC111105597,0.16375499017501
LOC111133453,-0.307342248183314
LOC111100563,0.255550660671415
LOC111105408,0.443500966951715
LOC111131562,-0.18723873144806
LOC111120056,-2.63890072861824
LOC111118641,-2.34821526122653
LOC111117216,-0.374360892921361
LOC111138161,-0.177742605352693
LOC111120513,0.932774586002341
LOC111125466,-0.931281340148066
LOC111116532,-0.0509674177754366
LOC111118162,-0.0167666210788051
LOC111118631,-2.73728529617422
LOC111128370,0.198542759759469
LOC111118950,-0.419745718798277
LOC111114457,0.697790608861064
LOC111106670,-3.02003975129249
LOC111123335,0.108107411952908
LOC111135668,0.170885079908399
LOC111132096,0.36210945519999
LOC111126289,-0.154649925040259
LOC111137361,-0.265981446854054
LOC111107506,-0.0685382533940904
LOC111108246,-0.630306407844887
LOC111129509,0.545033792714873
LOC111134861,-0.0252191427200128
LOC111105834,0.634898856566514
LOC111126004,-2.93140172789416
LOC111115548,-0.0975994011136868
LOC111110866,-0.440621995966524
LOC111107995,-0.0439550268745515
LOC111102823,-0.0434861832355608
LOC111136358,0.375431659832406
LOC111115441,-1.51103396411379
LOC111109162,0.0199912373830847
LOC111103178,-0.0396239490368678
LOC111119685,-1.8319262621531
LOC111111833,-0.272934784530522
LOC111114724,-0.918536599881853
LOC111129175,-0.938256608134588
LOC111103974,-7.61431387114081
LOC111132371,-2.36275333293109
LOC111123815,0.143766911604537
LOC111127833,0.649835700614545
LOC111125465,-0.552316898596862
LOC111100096,0.811285269301011
LOC111132528,0.160256784673122
LOC111130612,-0.763268801723898
LOC111116239,0.0230754835301109
LOC111134844,-0.0974469555726963
LOC111100278,-0.324119992868318
LOC111121175,1.66218291060347
LOC111136307,-0.920451676292282
LOC111109490,-0.849842787166337
LOC111106096,2.6518394825271
LOC111127785,-0.561692090035447
LOC111130613,-0.341411729999801
LOC111125448,0.836469744311243
LOC111138140,-0.553648825722696
LOC111122738,-4.794711845437
LOC111115338,-1.64687671179421
LOC111126990,0.256964667068152
LOC111132961,0.649512970476146
LOC111109067,-0.0183342039008595
LOC111132800,-0.385394876271011
LOC111114630,-2.84123160033051
LOC111105561,-0.245201234812781
LOC111135947,-0.576111965900628
LOC111109483,-0.378945747225701
LOC111112642,0.427382995626978
LOC111108454,-0.137686881823885
LOC111131392,-0.712981987668363
LOC111103630,-2.19594020387065
LOC111133439,-0.591898493397993
LOC111128333,-0.600475876231115
LOC111133923,-0.666895623618251
LOC111115256,2.07107421923459
LOC111108668,-2.79785766250623
LOC111108607,-0.0545152479323287
LOC111133906,0.5190123510808
LOC111108554,-0.531098949683217
LOC111101258,0.606020573360885
LOC111131324,0.963627734990875
LOC111126429,0.284300732678152
LOC111126321,1.32697374614844
LOC111113426,0.217172217858795
LOC111116718,-2.14108184177287
LOC111133912,1.01475487980855
LOC111106862,-0.0948403215435719
LOC111126039,-0.224470183411802
LOC111128951,0.409081898459695
LOC111123721,-2.19243414321935
LOC111113489,1.75960583551828
LOC111124578,-1.53458016841592
LOC111128035,0.64739199920015
LOC111133146,0.150191286829694
LOC111108298,0.879063601858971
LOC111130501,-0.339972990576053
LOC111117357,-0.565090864195086
LOC111126171,0.527928008919909
LOC111112968,-1.83532751622573
LOC111112699,-3.08536975118013
LOC111106552,-0.217357838151121
LOC111125867,-1.10139351417421
LOC111117790,-0.763429264901628
LOC111134684,-0.0176490198907304
LOC111136389,1.84088709868181
LOC111131449,0.00351034503614664
LOC111133764,0.404882148443785
LOC111100097,-0.00454041615348356
LOC111121804,-0.241943865440214
LOC111101168,-0.0933870458321004
LOC111117431,0.0775044238911795
LOC111113838,-0.211270635173059
LOC111127248,-1.7478972722983
LOC111133072,0.365759012519303
LOC111114517,-4.83886029308494
LOC111117120,-0.387261741066574
LOC111101894,-2.62490622641178
LOC111124750,-1.72984992877301
LOC111119650,-0.0244685146819325
LOC111120904,-2.81036847269105
LOC111123997,-2.29442825498873
LOC111126993,0.770842994490321
LOC111101257,-0.0366039442702118
LOC111102120,0.76867489356546
LOC111132127,-0.304483529571198
LOC111113208,0.746156299540421
LOC111101904,-0.118057780076511
LOC111137559,-0.662198369918434
LOC111131669,-0.0620055109946211
LOC111105769,-1.48043478090826
LOC111127777,0.295523325253566
LOC111129236,-0.177920208500189
LOC111129988,0.799076747731719
LOC111137415,-0.0557828160206225
LOC111121240,-1.02052013752845
LOC111123838,0.263034390542542
LOC111115155,-0.358294149527008
LOC111135254,-2.02142372080583
LOC111122190,-1.54645942768972
LOC111131176,0.221666739823563
LOC111136550,0.0570371323208522
LOC111103960,0.666503682067841
LOC111132066,-1.51655481040712
LOC111124152,0.0342820875605966
LOC111117516,-0.440420360384059
LOC111117870,0.186050534533956
LOC111125232,-0.0371019102469169
LOC111107105,-0.498045296425234
LOC111133124,1.92824736799396
LOC111137649,-1.28826202462834
LOC111135788,-2.30850717733742
LOC111101951,-0.0672366589479493
LOC111116000,-0.519408263628636
LOC111137280,-0.948999228484321
LOC111116639,0.529901587474093
LOC111115135,-0.0445112258417516
LOC111122920,-0.568454631418383
LOC111108711,-0.423995536238972
LOC111120440,-0.0414665106237066
LOC111134538,1.76127902579401
LOC111135303,-0.619642802961633
LOC111104689,0.0963671662107003
LOC111135744,0.252259358863314
LOC111119120,-0.347884422165625
LOC111116720,-0.255823882483602
LOC111138116,-0.187982088822639
LOC111130127,-0.153233817868489
LOC111115804,0.0670589007415982
LOC111123637,-5.03991513917984
LOC111105951,1.34546020624065
LOC111099539,-0.205972408391554
LOC111113893,-4.34494712310776
LOC111137298,-0.699761316630366
LOC111123064,-0.992066504648821
LOC111106286,0.338059923903904
LOC111107570,0.903105600914268
LOC111111108,-1.66670953861421
LOC111112024,-0.615617355891654
LOC111121527,-1.21316094751933
LOC111137097,-1.42942600637407
LOC111115355,-0.0747436962837014
LOC111136476,0.0360709059088933
LOC111125298,0.208254522835613
LOC111126424,1.30453959000832
LOC111127901,0.384741167378417
LOC111133356,-0.347939583463494
LOC111123114,0.262737272252355
LOC111117070,1.10342343432771
LOC111122134,-0.0311332331587474
LOC111116264,1.31487958360878
LOC111125028,0.0484912345897229
LOC111127157,-1.26291763189781
LOC111099615,-0.367864540819889
LOC111113025,-0.0569570760867852
LOC111123221,-0.0697488582952764
LOC111099209,-0.19936100370004
LOC111136580,0.917168472219133
LOC111114669,-0.294961600158178
LOC111103358,-0.176543569222273
LOC111134908,0.127994682928735
LOC111120804,0.0305789028332326
LOC111133940,-3.06763791811489
LOC111123406,-1.73779428673538
LOC111126779,0.199911822001461
LOC111103397,1.49029791109484
LOC111101103,-0.883914450110331
LOC111122164,-0.463784823338047
LOC111136430,0.124904352757696
LOC111101976,0.21037166099647
LOC111110911,-0.536436870150553
LOC111105348,0.173430232434092
LOC111120105,0.208538447723559
LOC111127640,-0.353239474356426
LOC111106199,4.06093992747756
LOC111103920,-0.229851917025911
LOC111102668,-2.23875402308297
LOC111126848,0.559443434749388
LOC111104817,-1.05739254827253
LOC111136507,-0.859889449658257
LOC111113840,-0.381573436662176
LOC111105222,-0.249524563186076
LOC111130702,1.12222181279826
LOC111129492,-0.356127821428771
LOC111099914,0.756373789308591
LOC111120956,-0.249641251071145
LOC111127914,-0.656225282806148
LOC111124441,1.17735190076557
LOC111124360,-0.151452875623175
LOC111132501,-0.371866314305209
LOC111124137,0.596084772165971
LOC111100199,0.255722150029038
LOC111130507,-0.093293918954513
LOC111131198,0.123255371731955
LOC111102553,-0.166692251681872
LOC111136445,-0.197171656808427
LOC111116137,-0.232909150236671
LOC111134838,1.07107879441004
LOC111114777,0.507815364260023
LOC111119350,-3.03171195299461
LOC111104293,1.10640615899115
LOC111102105,-0.395166082408986
LOC111120469,-3.07236315870664
LOC111120564,-1.53837516214488
LOC111135450,0.971361513634611
LOC111099524,-0.236250674757577
LOC111104430,-2.84280526219544
LOC111111443,-0.438869906078108
LOC111121907,-5.6593862565176
LOC111112028,-2.41800476763896
LOC111111372,-0.611192926917904
LOC111101896,-4.09978980365979
LOC111125094,-1.54863845949987
LOC111126354,0.367092509295852
LOC111132387,-0.332080708696842
LOC111125750,-0.448189327940389
LOC111104051,-0.184901060094167
LOC111136574,-0.425759846705035
LOC111122891,-1.01743951564787
LOC111129192,-0.271249451161814
LOC111135256,0.259303967638112
LOC111100939,1.52833809605634
LOC111132653,0.0204037794221173
LOC111113163,-1.63650889699961
LOC111127801,0.320107665620272
LOC111137999,-0.523138125381125
LOC111133659,-2.33842185524065
LOC111112480,-0.43460695414595
LOC111124757,-0.797399452914298
LOC111133278,-0.164747382307952
LOC111131843,1.09239288168557
LOC111135106,0.421351826655283
LOC111104457,0.0763214179299174
LOC111136667,0.86847167783952
LOC111109439,-1.4818584028722
LOC111134023,-0.187047463772491
LOC111100557,0.223744811035749
LOC111129309,1.03530421106804
LOC111101038,0.0440486959003058
LOC111107845,-0.155044358761222
LOC111133076,3.57015193736963
LOC111136031,-0.76404773551154
LOC111118272,1.2835908814262
LOC111100701,1.40568687881179
LOC111127396,-0.817351028129023
LOC111100545,-0.319218451438103
LOC111129500,1.26468131773379
LOC111110795,-0.327105125403715
LOC111108757,-0.00547319719891134
LOC111101544,0.013028890595477
LOC111099746,0.750866961363145
LOC111136243,-0.16200285617643
LOC111123950,-0.0568490771611404
LOC111100873,0.0277657650709063
LOC111122880,-0.116047874904477
LOC111123798,0.0989222273879566
LOC111115281,0.376771220804264
LOC111123473,-0.594850149491041
LOC111103971,0.429482121997936
LOC111113157,-3.5982225778483
LOC111119081,-0.887863085600716
LOC111105335,3.52321952796241
LOC111129027,1.04290225448794
LOC111117829,-0.0384245500373712
LOC111113065,-0.266416801072269
LOC111121114,-2.45761704297372
LOC111121785,-0.188137956457931
LOC111130330,0.176957780790645
LOC111101610,-0.260819284920747
LOC111115912,-9.29096904390627
LOC111137013,-0.693678166775728
LOC111132407,-0.175732629781476
LOC111104443,0.521330018104959
LOC111118390,-0.277972301478186
LOC111133432,0.143866864540516
LOC111138358,-0.787276760166788
LOC111123612,0.0900125109898312
LOC111114307,-0.0439957096071147
LOC111137888,-0.760218113726831
LOC111120835,0.0719846505024388
LOC111114603,-0.736510972289161
LOC111100053,-0.164960002064451
LOC111131047,-0.649612879209147
LOC111125549,-0.818932255240953
LOC111104113,-1.44435147968755
LOC111137141,0.100616168986706
LOC111137330,-0.143637504798408
LOC111123156,-0.72040137724646
LOC111106186,-2.74586741433765
LOC111125267,-0.425188639931483
LOC111111608,-1.82965987760578
LOC111127040,-0.426468636300228
LOC111121411,-4.01104494761071
LOC111135651,-0.235023750669895
LOC111120639,0.0362965356438252
LOC111137758,0.0238263107462276
LOC111123872,-0.446679457259237
LOC111112786,-0.149703917159137
LOC111135707,-0.935186198450612
LOC111118346,-1.28464124131039
LOC111110052,0.462060124361544
LOC111117153,-0.229620205568941
LOC111132900,-1.49957921959735
LOC111118973,-0.482386038818645
LOC111109983,-0.861921884283814
LOC111121150,0.654908676161228
LOC111123926,-3.45420859488812
LOC111116054,0.44809373202812
LOC111115480,-0.220655186437237
LOC111118465,-1.35270772739609
LOC111111814,0.207216297237927
LOC111104262,-0.473592309403235
LOC111125635,1.61146266519318
LOC111118032,-0.0177326197215722
LOC111120848,0.479371016140207
LOC111132030,0.079278309636975
LOC111122140,-0.468544463092297
LOC111136857,-5.4805972320613
LOC111118669,-0.441895500511435
LOC111133017,0.0237511288731555
LOC111130935,-1.36820634973307
LOC111114184,0.227244273947524
LOC111135777,-0.250217982687531
LOC111124646,-1.61415321504948
LOC111127165,-0.435065622957064
LOC111123158,-0.359746014547004
LOC111123248,-0.545542686447709
LOC111109533,-5.28586667855822
LOC111128941,-0.0171001223966147
LOC111117231,-0.0079053642218998
LOC111122349,-0.0578551587068005
LOC111107075,-0.357652115542538
LOC111118233,0.099081371884043
LOC111138012,-0.444965161287827
LOC111121824,0.251783183932022
LOC111108140,-0.306873080488582
LOC111110129,0.270550241294067
LOC111136303,-0.909161411899036
LOC111100280,0.38306380507582
LOC111104693,0.291841058051617
LOC111103429,-0.666510643871551
LOC111132027,-0.61155646745674
LOC111104877,-0.504807726246797
LOC111128064,-0.198845854759408
LOC111137460,-0.0136940812288278
LOC111121835,0.0853485673505762
LOC111127635,-0.371043034341488
LOC111120201,0.32283732024608
LOC111106382,0.0418579980893607
LOC111114796,-0.287330910104845
LOC111100420,-0.0549530928910104
LOC111124480,-0.384661098230642
LOC111130345,-0.277581578140413
LOC111137092,-0.220866788484736
LOC111138475,0.0475395031590982
LOC111110284,0.72553025115831
LOC111135513,0.0369608183558413
LOC111114718,-0.933167437735798
LOC111133547,-0.290121503087999
LOC111103540,-0.105441349914351
LOC111125960,-0.626339764292921
LOC111105260,0.309101329893861
LOC111132465,0.429398675341315
LOC111114613,-1.50185902363068
LOC111135347,-0.532068439592807
LOC111105526,-3.73870034845584
LOC111134307,-6.0131495711195
LOC111107059,-0.0546925667863571
LOC111118373,-0.780052966110591
LOC111130413,0.479399222182611
LOC111133345,-0.109901038585544
LOC111106497,-0.503395639442725
LOC111107872,-0.647593990299178
LOC111135292,1.17459476455804
LOC111124105,-3.49533110373608
LOC111107082,-1.26144734983545
LOC111138075,-1.08574355868013
LOC111101691,-1.81322344466693
LOC111122028,0.0399589330959245
LOC111108767,-1.7847133875568
LOC111117955,-1.2961095720691
LOC111128172,-1.99280366856925
LOC111126705,-3.08159079897385
LOC111133680,0.24196563134945
LOC111118313,-1.16992423586294
LOC111106740,1.59634273299587
LOC111131454,-0.432869412862948
LOC111135008,-1.91135327978147
LOC111112660,0.844763752629216
LOC111131118,0.106947815812094
LOC111107235,0.0354883218310201
LOC111118808,-0.770753506022219
LOC111106648,-3.22619609421365
LOC111105236,-0.184633924491081
LOC111134375,1.50016519716107
LOC111136753,-0.783890803974766
LOC111137158,-0.816053685210505
LOC111135373,0.00964371166914998
LOC111118534,-0.409011127976302
LOC111109408,0.242927508997103
LOC111130879,0.23556056030642
LOC111108018,-0.674997800271937
LOC111122848,-3.84397924564643
LOC111107692,-0.541998382542041
LOC111126307,-0.29427398841194
LOC111138439,-0.170477355253683
LOC111131694,-0.410763796987191
LOC111116734,-0.445136077063348
LOC111121832,-1.19499542121313
LOC111109819,-0.106395259716388
LOC111128330,-0.538483816788438
LOC111136632,-0.778726183391146
LOC111112093,0.661831786542992
LOC111102573,0.137177334681517
LOC111121549,-0.05745836660355
LOC111102970,0.153464577421566
LOC111137352,0.809338328517715
LOC111103310,1.60919699846354
LOC111120964,0.143208375464124
LOC111103535,0.0129001552692107
LOC111099597,-0.529911105218194
LOC111132713,-0.0421880812375337
LOC111114245,0.166897097132956
LOC111105047,-1.53579959905202
LOC111099773,-0.362723820018733
LOC111129051,0.0362274234840542
LOC111131633,0.667555667445884
LOC111103552,0.186455403264142
LOC111118916,1.22558618203123
LOC111109650,1.46363869558402
LOC111137157,-0.932257146571742
LOC111129010,0.148923906671901
LOC111133275,-0.966258798307332
LOC111107545,-0.231628988060144
LOC111109652,-0.0125864553814685
LOC111122978,-0.312712930676307
LOC111112844,-0.0602755558569463
LOC111138417,0.441876809812648
LOC111105812,0.124224576624538
LOC111109643,1.06582246801256
LOC111121900,0.797186691560486
LOC111119273,1.06587861962424
LOC111131061,-0.285336875691856
LOC111109706,-0.697582902358771
LOC111137959,-0.625699531822903
LOC111125430,1.01638665453833
LOC111105241,0.304133225069752
LOC111113862,-0.182111007372579
LOC111130269,-0.0748083935107829
LOC111126469,-0.249601448089531
LOC111108016,0.665475541156088
LOC111125452,-4.52730586181368
LOC111136557,-0.206071798051441
LOC111110535,-0.681130074625402
LOC111122117,0.13768933323749
LOC111117027,-1.87018759827208
LOC111122165,-0.251141985097849
LOC111107111,0.446603473160712
LOC111123320,-0.924594582324496
LOC111137166,-0.574209831118162
LOC111100060,0.416673538261722
LOC111120050,-1.59523280796909
LOC111127085,1.87341961001967
LOC111108798,-0.277138745282047
LOC111106540,-0.0607330551711247
LOC111123669,0.238040633351944
LOC111130421,0.172695663367971
LOC111129124,-0.396320630761987
LOC111121116,-0.61383920922552
LOC111130550,2.874524180325
LOC111112981,0.184813139708244
LOC111124790,0.0594413369492586
LOC111114020,0.106411931666116
LOC111125215,-10.8166501690741
LOC111105926,0.0882920000202081
LOC111117988,-0.783641222510886
LOC111125439,-0.296824266041363
LOC111110142,-1.55062252837952
LOC111135439,-1.95014109248175
LOC111133994,0.180502895348204
LOC111101547,0.025018668392792
LOC111130574,-1.15658238102468
LOC111118624,-0.119711102019397
LOC111130354,-0.974482645354381
LOC111137049,-2.07443121843402
LOC111101846,0.243374304530003
LOC111121166,-0.293137830994498
LOC111128181,-0.220308860902654
LOC111120952,0.313449524542234
LOC111130429,0.127008160045876
LOC111099223,0.00475217028194313
LOC111119808,0.618394946870525
LOC111129350,-0.974192114065981
LOC111100117,0.399076257831049
LOC111111323,-1.37369505963685
LOC111113166,-0.452173762413842
LOC111099617,-7.18067459853021
LOC111101133,-0.162848025094086
LOC111121432,0.0241020839931763
LOC111133472,-0.35671609891523
LOC111135738,-1.09893603563074
LOC111103250,-0.526800929810865
LOC111101768,-0.329634722637745
LOC111120248,-0.0884754889077128
LOC111117641,0.399381147476358
LOC111136647,-1.55972624763104
LOC111133664,0.153366958301695
LOC111110164,-4.51732853758835
LOC111117553,-0.829216693748326
LOC111121780,0.422298844637914
LOC111103845,-0.059786747862057
LOC111130006,-0.0257279135499197
LOC111121529,-2.28465351912486
LOC111133379,-0.819672054199869
LOC111130606,-0.958894689347734
LOC111133768,-1.0622841520827
LOC111137812,-0.380835372814454
LOC111104477,-0.276777544933908
LOC111102840,-0.875206448568044
LOC111124566,0.884739003882649
LOC111127498,-0.0146205869928434
LOC111130163,-1.10796024629539
LOC111137438,-3.14088502051148
LOC111104007,0.665995550085186
LOC111130216,0.13312133050382
LOC111137127,0.210986872819099
LOC111122100,-1.53675829355315
LOC111103710,-1.76476059532591
LOC111118611,1.49348353957436
LOC111105869,-0.445991205598914
LOC111135644,0.553149349442885
LOC111137876,0.00792463552908205
LOC111133563,-0.467319996821044
LOC111135682,-0.184489010115081
LOC111132188,-1.11190533312654
LOC111102406,-0.216968030820541
LOC111118839,1.18328496651947
LOC111125207,1.50285241743984
LOC111100715,-0.319880413986169
LOC111119382,0.23040008057312
LOC111124257,0.215481650670386
LOC111116815,-0.577024934508035
LOC111125562,-0.245211917216165
LOC111106818,0.116968694217475
LOC111112876,-2.08117774462498
LOC111118134,0.549028663704087
LOC111115496,1.26767417933245
LOC111115926,0.20740352228509
LOC111110522,0.0764727109334008
LOC111112997,-0.176322323175255
LOC111109633,-0.620110577922796
LOC111138473,0.63193207861139
LOC111126630,-0.321143313248187
LOC111128618,0.0219665991176232
LOC111106493,-1.45464787694492
LOC111101810,-1.48188242282984
LOC111105245,0.616888249917687
LOC111099982,-0.214110145902249
LOC111107967,-0.79538932536333
LOC111112337,-0.354634615089441
LOC111102779,0.657856329495022
LOC111137050,-0.0965577409412619
LOC111108660,0.174066687377123
LOC111108280,-6.47225156646162
LOC111115586,-0.0423143439701661
LOC111124403,-0.440160603545602
LOC111100421,-0.516110232560615
LOC111130366,0.208664509240895
LOC111131593,0.0448249580047632
LOC111113119,-1.42281015269021
LOC111114723,-0.115547456973749
LOC111138319,0.392683588598288
LOC111112096,-0.0186285266121704
LOC111115547,-0.349562830501043
LOC111122215,-0.547648781718292
LOC111134755,-0.69334457231294
LOC111136115,0.169920947254035
LOC111123842,3.19183030335935
LOC111137533,0.193157935853198
LOC111126662,0.0392423357241968
LOC111121060,0.0589226387586237
LOC111118300,-4.43374480650307
LOC111101654,0.0345155214572539
LOC111138381,-4.33838809229146
LOC111119303,0.0849529926421688
LOC111106306,-0.134247663286951
LOC111134639,-3.43477238595326
LOC111110881,-0.393999998292477
LOC111105345,0.30379892977725
LOC111137970,-0.00497111506440713
LOC111131393,-2.74371674057066
LOC111136564,0.159271827841057
LOC111107944,1.45897242895119
LOC111137726,-0.459476239331994
LOC111121396,-1.67910443043082
gene8353,-0.148633217080877
LOC111128999,-0.635512608721602
LOC111125349,-0.431236679590169
LOC111103801,-0.769967531254495
LOC111111382,-0.466920830704756
LOC111112708,-0.197817448921805
LOC111105197,-0.512880991592975
LOC111127380,0.591907365917228
LOC111115131,0.205876525449731
LOC111123969,-0.866829220310973
LOC111137288,0.360265021224169
LOC111134024,-2.63098812359464
LOC111123327,-8.15943630048002
LOC111099071,-0.324039597530337
LOC111135144,1.02059731025609
LOC111133765,0.000215617857757639
LOC111116330,-1.99572280699662
LOC111132958,0.335718174747187
LOC111128318,-0.28513221975016
LOC111134038,-0.350294957983169
LOC111111362,0.0424568390409799
LOC111103314,-0.935314612497218
LOC111114325,-0.059485044963153
LOC111116869,-1.3095660005063
LOC111119882,-0.0969627401352015
LOC111106284,0.255799254298432
LOC111100348,-1.82010699904545
LOC111107660,0.228351312790612
LOC111122191,0.427612309794568
LOC111137313,0.28822708846716
LOC111105448,-0.516514983483933
LOC111123527,-3.11941610917816
LOC111136570,0.0674837340403311
LOC111132139,0.10820607141066
LOC111128419,-0.100326827925402
LOC111103272,-0.449596880061988
LOC111118568,-0.247673001821852
LOC111103849,-0.0715446214140727
LOC111107035,0.217041738434643
LOC111123567,-0.141784913192869
LOC111113474,-0.0186537646556565
LOC111129670,0.664978883182978
LOC111110120,-0.484720548056849
LOC111119188,-1.04787448046151
LOC111103513,-0.417357579317324
LOC111119530,0.309942040693007
LOC111119616,-0.0124667770860871
LOC111136245,0.196721346429034
LOC111099816,0.357268124577266
LOC111118385,1.86361450619382
LOC111120292,0.506401364460146
LOC111119100,-3.14979225690394
LOC111105806,1.2237346619178
LOC111128416,-0.206537685899935
LOC111136168,-5.05701346469071
LOC111110517,0.443372767085277
LOC111110454,-0.774291278082982
LOC111128961,-0.146357433619623
LOC111125650,0.644375575834817
LOC111102230,-0.0235676687076989
LOC111117321,0.174460499002498
LOC111115162,-0.933492331726571
LOC111120246,0.0232684349196706
LOC111125099,0.487058492412599
LOC111124568,-2.29537206952522
LOC111103880,0.26304525732334
LOC111130564,1.50190715880967
LOC111132486,-0.479490505563994
LOC111129426,-0.184262290513544
LOC111134453,0.0373532176916681
LOC111114284,-0.382558615831772
LOC111124529,-0.284044456751412
LOC111114515,-0.015047163307473
LOC111106474,0.909304442893995
LOC111101602,-0.123971260461326
LOC111119782,-0.527199607000118
LOC111103944,0.0761523831738062
LOC111108270,0.122065128822064
LOC111115370,-0.0331922359272118
LOC111124048,-0.592621365184355
LOC111105963,-0.0354611302939887
LOC111108887,-0.435106842551807
LOC111102724,-0.176250866907369
LOC111127107,2.35482443352237
LOC111124415,0.143445832352901
LOC111120971,0.933833849047438
LOC111100362,0.267284792898698
LOC111123143,-2.99097714024219
LOC111119518,-1.95434604191036
LOC111127048,-3.76462539262571
LOC111122128,-2.62889055441722
LOC111132482,0.27810504720738
LOC111123938,0.336647759698178
LOC111127495,-0.414191705832693
LOC111129823,-1.02020115673967
LOC111126981,0.214305587366284
LOC111104295,-1.10521199200454
LOC111128644,0.177600185429993
LOC111121115,0.502820432547458
LOC111115041,-0.36466201756208
LOC111103559,-3.80014082997499
LOC111106930,-0.0559634748882675
LOC111109578,-0.160321281616253
LOC111120084,-1.83717205500766
LOC111101967,0.957855771145419
LOC111129998,0.0940724356943318
LOC111130600,-1.08067529312427
LOC111099592,-0.246309137854033
LOC111136509,0.313818438260088
LOC111101803,-0.34437822968701
LOC111129532,-0.208656349450735
LOC111134889,0.149356198048262
LOC111124853,-0.158962373742725
LOC111120390,-1.44378264371305
LOC111111426,-0.0366556426142015
LOC111122558,-2.15204686930949
LOC111127956,-0.176145960873362
LOC111117354,-0.252072374168262
LOC111127059,0.354889499933388
LOC111114778,-2.42447184021167
LOC111117211,0.209632464104313
LOC111114088,-0.316297942486247
LOC111127939,0.147582324060114
LOC111135384,0.698771083753314
LOC111136959,3.00264984932245
LOC111126134,-2.64310253443078
LOC111110435,0.109850450665981
LOC111118956,-0.816024785249386
LOC111123142,-0.59545747548585
LOC111133292,-1.24268690661137
LOC111123117,-0.442120925030974
LOC111118679,0.0213949573921178
LOC111104058,-0.90075460286108
LOC111130035,-0.653433596433931
LOC111126960,-4.94522550260008
LOC111115075,-0.0141964317054877
LOC111117895,-6.22097556864312
LOC111135499,-3.14390873181708
LOC111101051,-0.133504147812074
LOC111120480,1.03945736077896
LOC111124879,-0.675826649913395
LOC111133817,-0.238049987281397
LOC111123673,-0.21779699563563
LOC111114388,0.0492221782695277
LOC111117287,-0.631815977775871
LOC111136293,-0.282028119361381
LOC111113447,-1.42318919062589
LOC111122874,-0.382903139825852
LOC111135955,-0.48484796079291
LOC111111307,-0.953643839291489
LOC111101095,-0.144836550110562
LOC111136770,-1.13973847657785
LOC111136074,2.28263991254412
LOC111126665,-1.79582437455833
LOC111104814,1.33579028718719
LOC111130055,0.474234144461661
LOC111137908,1.28016194052852
LOC111136237,-0.30950423514692
LOC111103644,-0.513902368109982
LOC111109730,-4.09618944868395
LOC111127356,-0.0230378296044041
LOC111119754,-1.19867289677493
LOC111125137,-1.20264687684139
LOC111134656,-2.49012057445993
LOC111118430,-0.615876385182564
LOC111112578,0.625153499770049
LOC111126582,0.748161584923549
LOC111101290,-0.322789532786359
LOC111133899,0.156500635118816
LOC111129330,-0.301875127355713
LOC111136257,-0.287413920594249
LOC111122685,0.276906861322212
LOC111132618,0.575704993855211
LOC111128502,-6.29748933987178
LOC111103756,-0.120790126022759
LOC111136089,1.05909504000156
LOC111111187,-0.549938391451835
LOC111099202,-3.57349966898552
LOC111129351,-2.18713730868077
LOC111120343,-0.663929464760428
LOC111138432,-0.427952094836809
LOC111132225,1.75738716628289
LOC111110019,0.593231551144129
LOC111110511,-5.11618748073422
LOC111121740,-1.39826876003158
LOC111116017,-0.0316749259649058
LOC111111403,0.288483684136053
LOC111120495,-1.13598310296737
LOC111124816,-0.260067482117338
LOC111108059,0.187784378489195
LOC111105707,-0.0555484272934016
LOC111118933,0.367652359173867
LOC111125697,-0.978641837926542
LOC111103257,-0.555668592439839
LOC111104594,-0.150563829587717
LOC111103816,0.159389804447501
LOC111119261,-0.726393843482737
LOC111125442,-0.312751581767667
LOC111101069,0.253740769586365
LOC111127977,-1.70590709453474
LOC111132173,0.220430664239839
LOC111136184,-0.12002690630768
LOC111102736,-4.26692811694954
LOC111120823,-0.322613813914775
LOC111137521,-0.908174743893769
LOC111113098,-2.30031348025526
LOC111115770,0.195645377700472
LOC111107487,0.834556387780873
LOC111119610,-0.178871972159852
LOC111111428,-0.829875152989922
LOC111119701,-3.50192933307757
LOC111137469,0.542547495287695
LOC111124380,1.22580579515519
LOC111107107,0.445571311842004
LOC111119172,0.850021898907332
LOC111133821,0.0653473800561377
LOC111136765,-2.59753433809472
LOC111136210,0.390256533909182
LOC111137306,-0.204614799069617
LOC111106086,0.812991573344455
LOC111104714,-0.909450764579438
LOC111138004,-0.233148788115565
LOC111135891,2.18837166344911
LOC111117520,0.247358649769632
LOC111116391,-0.235924805491837
LOC111125280,-0.35325787580671
LOC111122873,0.0229653317981775
LOC111112088,-0.239416654545714
LOC111117506,0.29770157875523
LOC111112771,0.339016300204574
LOC111100314,0.934873473952327
LOC111106179,-5.55172760456791
LOC111135928,0.389733969355249
LOC111112914,-0.260629852306786
LOC111134442,0.0556025398215826
LOC111117262,0.147372186314313
LOC111112464,0.0889466622687215
LOC111117861,-0.272810401844752
LOC111135502,0.20245953955433
LOC111128948,0.604057333339196
LOC111129676,-0.369349411391141
LOC111138207,-0.150902685045102
LOC111129472,-0.431734655757421
LOC111100292,0.0760221264094713
LOC111108113,-0.483980883155793
LOC111115621,1.36584384930491
LOC111100323,0.257311900146495
LOC111117935,-0.300853307387384
LOC111115879,-0.27631358968478
LOC111108471,0.539128908034368
LOC111118146,-0.190794823610692
LOC111101821,0.102216438071688
LOC111134735,0.485058598248245
LOC111110267,0.102657271797536
LOC111103361,-7.81194011300433
LOC111130668,0.264983965635063
LOC111103605,1.74966039038491
LOC111117047,-0.00980592025298257
LOC111113188,-0.00728984654783009
LOC111122393,0.154055547965835
LOC111115092,0.409636267408954
LOC111135515,0.0299242603797215
LOC111130253,-0.676787978726948
LOC111131241,-1.46122513523024
LOC111123421,0.0889560103783527
LOC111101355,0.295073537231656
LOC111128643,0.215170964686526
LOC111131747,0.0718708347918057
LOC111112513,0.318740081244812
LOC111106671,-1.76404030190503
LOC111119779,-0.291921254864232
LOC111133932,-2.28069321848292
LOC111110402,-0.213260232630187
LOC111107806,-6.3655184344208
LOC111125893,-0.496433172803936
LOC111118770,-0.644970817591859
LOC111110304,0.000654051682604292
LOC111118235,-1.0561141242344
LOC111124875,-0.2484945044093
LOC111129321,0.598652281193827
LOC111125395,0.0019094449972326
LOC111106409,-0.632945430017704
LOC111120141,-0.121578535122946
LOC111107596,-0.479229215545922
LOC111136511,-0.829292215717649
LOC111126930,-0.93737655939525
LOC111099081,1.71105426737752
LOC111100708,-2.04011038225937
LOC111130109,0.360209941059547
LOC111135319,0.0890897176057955
LOC111126740,0.136900778107718
LOC111123916,0.306143712401831
LOC111102903,-0.391171917430377
LOC111100930,1.59373398494751
LOC111136844,0.142168585064979
LOC111114911,-0.142732512585238
LOC111100471,4.12603690374822
LOC111112600,-0.515581384329812
LOC111126054,-0.376689687770952
LOC111101444,-0.0379350401017367
LOC111119987,-1.23413426594189
LOC111138086,-0.120333921089909
LOC111133974,0.905363260361626
LOC111103277,1.35752664291242
LOC111124192,-0.131258216961474
LOC111136890,0.127632296715656
LOC111120723,0.584861290073974
LOC111116738,-1.39439632663934
LOC111132120,1.06296860805664
LOC111121135,0.174665702365372
LOC111123166,-1.42713832224984
LOC111119255,-1.61294960171184
LOC111133873,-0.274876269140482
LOC111117773,-1.07481347653857
LOC111120197,-18.6355021117606
LOC111099219,-1.68817255647846
LOC111138190,0.75049735346957
LOC111120839,-0.070623963652125
LOC111109372,-1.51660009079081
LOC111111090,2.76269142771516
LOC111118620,-0.218432968039989
LOC111138466,-0.0454667551232768
LOC111112848,0.00160765389483442
LOC111113222,0.166046107618408
LOC111130838,0.066423607881677
LOC111114930,-0.00213181723825749
LOC111114505,-0.31143635063304
LOC111130837,-15.0779644144864
LOC111130142,0.334271005257865
LOC111121958,0.0105538913570422
LOC111129473,0.892349044996112
LOC111126205,-0.10373810384335
LOC111137344,0.283412183093063
LOC111129332,-0.114681445149047
LOC111114915,0.326718386275824
LOC111121579,-0.0669846615912933
LOC111116002,0.357022812910426
LOC111136704,2.72303437312327
LOC111106349,0.182548006884125
LOC111138127,1.51511082779421
LOC111120680,-0.00926121557422719
LOC111138346,1.15316486894177
LOC111121830,-0.033593218212401
LOC111106840,0.699058141963396
LOC111120233,1.04461652764485
LOC111122867,0.063826799137266
LOC111138042,-2.21823073282832
LOC111133380,-0.310490639472207
LOC111116593,-0.155712529671619
LOC111135926,-3.35988786899402
LOC111118811,-0.154269967354441
LOC111134723,2.19732406431311
LOC111136029,1.39457415636493
LOC111103252,-0.135229822126615
LOC111112232,1.6930764255727
LOC111106763,-0.373567330360953
LOC111134181,-2.94392923294605
LOC111120557,0.120925827056732
LOC111122603,-0.555036740335145
LOC111123624,0.967541753812177
LOC111100603,0.378989227196994
LOC111120827,-0.407473963263184
LOC111131145,-0.223233851304046
LOC111117108,0.777238821787285
LOC111117107,-0.041709560074721
LOC111135174,-1.98845019065808
LOC111132057,-1.33137608410023
LOC111102694,-0.0220103523828308
LOC111123608,6.3895838475043
LOC111125339,0.852848057899133
LOC111112640,-1.1371127390757
LOC111133896,-0.744907161975717
LOC111130830,0.580029668709957
LOC111110571,0.0267241137814624
LOC111116936,-0.19376522069418
LOC111133308,-0.656854792458838
LOC111102769,-1.56781152361315
LOC111122612,0.0100239482172016
LOC111130188,-3.42903681882559
LOC111138222,2.05589536158157
LOC111108747,-0.347652611790759
LOC111102517,-0.00532972435711868
LOC111133202,-1.13380999040302
LOC111119477,-0.40590577499751
LOC111133205,0.31592327529754
LOC111101382,0.95413247460139
LOC111128885,-0.129914787705301
LOC111115711,-1.18425969023582
LOC111138108,0.217196690329407
LOC111133255,-0.559360216511997
LOC111132192,0.991459419153066
LOC111126366,0.115413614616394
LOC111119849,-0.315667388856362
LOC111128497,-0.0296961735185374
LOC111133033,0.866859840645788
LOC111122690,0.76481674739421
LOC111134353,-0.282735656611292
LOC111118310,-0.577479426441779
LOC111132247,0.217648024962548
LOC111118682,-0.447300664969201
LOC111107941,0.187203144207515
LOC111106225,-0.787420057829921
LOC111111339,0.795391816447183
LOC111130886,-0.227530142851228
LOC111115878,-0.265164717421852
LOC111106149,0.368371818049758
LOC111135532,-0.0708501521688884
LOC111130844,-0.140201416518962
LOC111105182,-0.371021752814499
LOC111108928,-1.24432770398459
LOC111106503,-0.594639365526924
LOC111111288,-2.37785148165034
LOC111134719,-3.51956922159559
LOC111131729,1.52509602307981
LOC111100844,-1.81407619172785
LOC111126336,0.0788246156760422
LOC111131046,0.590319064356079
LOC111117739,-0.768953907966223
LOC111133775,-0.344894890494197
LOC111123219,-0.955824443063481
LOC111133859,-3.91194418068652
LOC111124014,-4.38022221855056
LOC111137428,-0.328100812865588
LOC111126306,-0.893179479619109
LOC111114333,-0.014433382733678
LOC111102237,-1.20249098656092
LOC111123259,1.08311042018565
LOC111122398,-0.702033737206963
LOC111130022,0.305900853457169
LOC111137144,-0.0231380215333813
LOC111103719,0.566908173167453
LOC111137582,-0.475173486994614
LOC111129725,-0.0345289342365849
LOC111129691,-0.757227563436263
LOC111103937,0.210397472758619
LOC111124903,0.47428754407903
LOC111134018,-5.31139261454395
LOC111122154,-4.53325594988945
LOC111121499,0.264655921767026
LOC111137451,-0.036088759589281
LOC111126499,-0.197876403456558
LOC111133436,-0.219514561918884
LOC111118348,-0.118570072565618
LOC111117205,-1.01010665244831
LOC111099753,-0.371882744416671
LOC111110596,-0.850970826157956
LOC111108250,-1.13648421279936
LOC111136201,-0.703771272027942
LOC111117311,0.716778911741112
LOC111113952,-1.44614929897447
LOC111124468,-0.171472278161606
LOC111130740,-0.953231564401567
LOC111131428,-1.27806868810053
LOC111107443,-1.33135147328049
LOC111099728,-10.520750407153
LOC111137235,0.705261186715377
LOC111135409,0.175634975796519
LOC111130468,-0.194997988173528
LOC111101665,-1.25840070784851
LOC111116781,-0.429000392795698
LOC111134810,-0.309463408786791
LOC111126844,-1.6141978232866
LOC111119111,-1.76972019959163
LOC111111488,-0.115522859111839
LOC111133425,1.07629308374462
LOC111133793,-0.00894112557883463
LOC111129434,0.213265821027101
LOC111120959,-0.698972246567921
LOC111117337,-0.109174689802942
LOC111108538,-0.951934848035459
LOC111121574,-0.174973733706905
LOC111127347,-0.0411750538395926
LOC111118928,-3.29716190740039
LOC111135598,-7.14636518045554
LOC111123204,0.00427669826642949
LOC111105833,-0.190897243356829
LOC111122774,0.1037980194747
LOC111119160,-2.73692022383316
LOC111109503,-0.994055616304892
LOC111124904,-0.360266685452697
LOC111101775,-0.221369723368495
LOC111126447,0.106275381111297
LOC111112802,-0.857032340494011
LOC111106025,-0.874049811803463
LOC111108134,0.608083641208524
LOC111099418,-0.560933830880831
LOC111106919,0.257833616302281
LOC111127443,1.2324896562
LOC111123417,-0.193481250278171
LOC111118698,-0.102747904998797
LOC111120307,0.815182112641829
LOC111119900,-0.349980446162556
LOC111121312,-0.897758635566149
LOC111116696,0.699061812412749
LOC111113266,-0.355027080204068
LOC111126988,-0.259169196320016
LOC111134021,-0.0113721614475423
LOC111110288,-0.49692287881964
LOC111136016,-0.123514206403828
LOC111131607,-5.82794933515558
LOC111107600,-0.454370252003782
LOC111135273,-0.517675979326512
LOC111131530,-1.52036422909606
LOC111132381,-0.0140817226433429
LOC111105064,-2.99463502501375
LOC111108673,-0.321369244880168
LOC111110064,0.1089198669847
LOC111119390,1.20428841605867
LOC111122520,-1.73538312747338
LOC111137574,1.15451558665444
LOC111133136,0.111695980757601
LOC111110713,0.166834227601435
LOC111119618,-1.31958931093393
LOC111137810,0.195328582807615
LOC111120303,0.134999750202981
LOC111126204,0.174592122933127
LOC111126854,-1.37450620878571
LOC111130495,-0.839292771290266
LOC111122316,0.0270317410819206
LOC111111476,-0.689894031772643
LOC111120737,-0.532002664011547
LOC111118999,0.229702654493509
LOC111099921,-0.110951056899805
LOC111138054,-0.0527505058616123
LOC111136752,-0.795539729589519
LOC111107404,-0.612223750993243
LOC111122202,-0.19270079958297
LOC111107253,0.274573109604044
LOC111128513,-1.93848058267751
LOC111137196,-0.432649518197853
LOC111133913,-1.1507043359973
LOC111100919,-1.93113226913839
LOC111112841,-0.240130827369218
LOC111135320,0.909764833281183
LOC111102950,-0.355912250974277
LOC111134068,-0.883829343346242
LOC111117385,0.814986766154088
LOC111136504,-1.68961075369898
LOC111105689,0.259234592281432
LOC111108545,-0.400472068461247
LOC111125662,-1.89376362741108
LOC111135981,-1.0416232907909
LOC111119149,-0.120256894710753
LOC111123297,0.648054025698212
LOC111104965,-0.26542560616101
LOC111121787,-0.314479676338759
LOC111127311,0.101365295320645
LOC111127557,0.0108242782277006
LOC111109822,-0.00502753088334
LOC111129018,0.714452251043269
LOC111136120,0.468367405520585
LOC111115184,0.205547110449498
LOC111134906,-1.35758587313067
LOC111129258,-0.0292022705628927
LOC111134972,-0.245829403849463
LOC111110552,-0.52641710818883
LOC111114792,-0.264302138389134
LOC111121688,-1.1878777544628
LOC111125475,0.895427130201799
LOC111138124,1.27010123175414
LOC111123952,1.38407489703513
LOC111136376,1.32084807605915
LOC111119796,-0.986832563130254
LOC111136006,-0.0232194750289025
LOC111134211,-1.04934102370266
LOC111134746,-0.286903636237891
LOC111105497,0.109492071532136
LOC111120490,0.0627418843336496
LOC111132970,0.0865287421869013
LOC111124379,-0.463273823119943
LOC111118007,1.15265026921796
LOC111137698,-0.313700992275746
LOC111123874,-0.206917945066045
LOC111103525,0.991088773179665
LOC111109039,0.455934734977034
LOC111129111,0.766457468961561
LOC111119037,0.310169611615731
LOC111101092,-1.1605478914837
LOC111118004,0.405486279130634
LOC111136708,0.933650268036543
LOC111106605,-0.292309658660579
LOC111118067,-0.369400056999861
LOC111099212,-0.35939711712314
LOC111135771,-0.295405814508876
LOC111107891,0.194089815936455
LOC111118915,-0.361476813912416
LOC111120601,-1.02024512236367
LOC111130491,-1.12906931514921
LOC111112410,-0.540364287342223
LOC111129967,1.19039939118595
LOC111106433,0.0306241147332058
LOC111105700,-0.170356731826258
LOC111119871,0.0945126303674729
LOC111101047,0.638340117574638
LOC111112918,-0.940465789418823
LOC111132242,2.33052994749215
LOC111127501,-0.301488410251171
LOC111123919,-0.227469140645564
LOC111137891,0.318595147360254
LOC111110506,1.24026045968917
LOC111124587,-0.286793707339342
LOC111112562,-0.653856940402272
LOC111129003,-1.98386493347241
LOC111104609,-1.44497638624987
LOC111100098,-1.07970630741811
LOC111133250,0.520266133012543
LOC111102564,-0.154804414692369
LOC111107878,0.0624321255108955
LOC111119494,-0.245748562357506
LOC111129871,0.36460941089436
LOC111129521,-0.821813802414019
LOC111137130,-0.41896438863931
LOC111129261,-3.00144833062538
LOC111114931,0.169441024838773
LOC111119258,0.202528691399553
LOC111138164,-0.584394607807792
LOC111125598,-0.741879171459876
LOC111130048,-1.22801877441627
LOC111100969,1.05498940492019
LOC111129307,0.00364464527203726
LOC111112938,-1.35073070751641
LOC111133642,-0.502791763056235
LOC111102594,0.0835150757633514
LOC111125918,-2.31732901592304
LOC111124706,-0.318682957240427
LOC111130034,0.162827490715806
LOC111129948,0.0849053696275262
LOC111110253,0.0968492283753398
LOC111120547,-1.62666016215643
LOC111106461,-2.6878408057666
LOC111111768,-0.185121361865794
LOC111134000,0.0816332389074793
LOC111101050,1.11149179816381
LOC111135530,-0.756839899562607
LOC111133302,-4.73094215408342
LOC111118092,-2.3636949574312
LOC111124681,0.125243956637869
LOC111111819,-0.229969171823365
LOC111138226,-0.623005465540346
LOC111120136,-0.511144105570631
LOC111106031,0.156321774850932
LOC111124625,0.53552048914372
LOC111136940,0.228959512185366
LOC111130586,0.430438570323517
LOC111120493,-0.672220380559288
LOC111129953,0.878420679747074
LOC111101656,-1.54283172631575
LOC111119955,0.442143572395853
LOC111128093,0.412721841289599
LOC111127806,-1.28877074892815
LOC111134896,0.553876121377587
LOC111111163,-0.337201609181385
LOC111111229,0.0979236940786203
LOC111117456,-1.95323557669457
LOC111100654,-0.446547739590988
LOC111119923,-1.43993289399336
LOC111137659,-3.48354891939301
LOC111114711,-0.146010867056798
LOC111131776,-0.311343515365098
LOC111122669,-1.22883888435277
LOC111120648,-0.0429694177269265
LOC111124545,-0.24147430294189
LOC111103326,-0.0857166968805345
LOC111120002,1.5590675288993
LOC111133802,0.495669990957004
LOC111109665,-0.470247782595413
LOC111130466,0.463708665938739
LOC111125781,-0.919662805978504
LOC111119017,-0.588062216257596
LOC111136084,3.50764245220448
LOC111128612,-0.100850330556648
LOC111129870,0.165620003161881
LOC111134393,1.34331149137113
LOC111127575,-0.410032670424424
LOC111112910,-0.499180741225498
LOC111110830,-0.0367823019159221
LOC111108312,0.0814098928544182
LOC111132667,-1.142420183675
LOC111136177,-0.00933298613872456
LOC111131750,-0.653278600614622
LOC111113344,-0.01729539688364
LOC111121121,0.776272310799172
LOC111137026,-0.784098270903031
LOC111115735,-0.042695504348155
LOC111115734,1.59541822533831
LOC111118048,-0.146827342434136
LOC111119044,-0.148247838541583
LOC111133909,-1.80891439856733
LOC111135885,-0.329807084256954
LOC111138165,-0.453845946086423
LOC111103620,0.101009276672641
LOC111121090,0.657347680733254
LOC111131037,-0.0985955062506312
LOC111129798,0.408894813572483
LOC111113175,-0.184502898759592
LOC111105430,-0.376365493946302
LOC111131575,-0.0134802111102511
LOC111121603,-0.3101143943657
LOC111130371,-0.679839364358998
LOC111135258,-8.08486245977828
LOC111138070,-0.641178688265382
LOC111106438,-1.68414620029226
LOC111100760,-0.586574672159272
LOC111113055,2.65294801035607
LOC111126339,-0.923521765254361
LOC111137101,-0.31056742892535
LOC111119677,0.285436222045508
LOC111134552,-1.73156418201384
LOC111122954,0.226604612444145
LOC111126713,-0.290365950840852
LOC111114759,-0.4054014676847
LOC111108601,-1.88321067901412
LOC111112365,-0.312578512733855
LOC111132121,-6.67836230950614
LOC111117002,0.713177527117546
LOC111117658,-0.295418546633122
LOC111107576,0.533604659774879
LOC111114707,0.0215184112380992
LOC111135591,-0.0812968910656744
LOC111129819,0.63039883136285
LOC111128265,-0.805880506436833
LOC111130456,-3.19784042473077
LOC111127145,2.10570962131533
LOC111125407,-0.776777394657259
LOC111127344,-0.367772577906102
LOC111101329,-0.460936214182789
LOC111118411,-0.837419724075076
LOC111112453,-0.93629487639994
LOC111100933,-0.56762171246278
LOC111133291,-2.41425229042346
LOC111128136,0.0306084323356632
LOC111111439,-0.333230164479688
LOC111099375,0.221216951883682
LOC111114834,-1.26827953550219
LOC111132678,0.135908171124846
LOC111121512,0.147107343203068
LOC111105283,-0.430192877429066
LOC111109839,0.286537832917355
LOC111101889,-4.00873598805587
LOC111107657,0.643450975421612
LOC111099109,-0.351884917219381
LOC111137895,-2.77189776823356
LOC111121123,-1.30581259504685
LOC111104972,0.33185389035905
LOC111135863,0.233460681605216
LOC111107281,0.292305485232857
LOC111137650,0.0675660666559981
LOC111136847,0.191489744123939
LOC111136848,-0.0581936573526137
LOC111137632,0.877176800920364
LOC111134678,-0.863966785309739
LOC111109082,-1.28775439124121
LOC111126809,0.353944360772705
LOC111128146,-1.74326329384788
LOC111117468,-1.01540019691691
LOC111108553,-0.804749516681359
LOC111106080,-0.569968434700179
LOC111134216,0.793969303982594
LOC111112801,-2.37685091400228
LOC111130978,0.154306012115412
LOC111126646,-0.0443857150794552
LOC111113368,-2.65603427878545
LOC111106467,-1.5087282584922
LOC111130390,0.218046185831671
LOC111132058,1.50631497274425
LOC111132801,-0.0315156574188617
LOC111100448,0.137039475703148
LOC111109522,0.177818798082522
LOC111125343,0.0698251494769691
LOC111107667,-0.101212369829432
LOC111111797,0.714087086885155
LOC111120226,-2.52328042158234
LOC111107890,0.323587727441963
LOC111118106,0.314962172713099
LOC111119182,0.617490013002672
LOC111103116,0.182206969555009
LOC111123959,-0.975562228272098
LOC111134266,0.373548360507914
LOC111099545,-0.167723354751575
LOC111104632,-0.100823475973539
LOC111114598,-0.43786762472467
LOC111128407,-0.589480897202023
LOC111099104,-0.0581175810347629
LOC111121839,-0.934670297518565
LOC111132981,1.15745161056
LOC111114965,0.0757302407999331
LOC111117191,-5.50927825517902
LOC111130418,-0.358722667507427
LOC111125846,-1.12465026723428
LOC111101877,-0.94040639657713
LOC111110447,-0.192662311681375
LOC111107294,-0.482747179259474
LOC111115965,-0.508036535336585
LOC111123226,-0.816935965966799
LOC111099620,0.597405726859049
LOC111104812,0.439476542319273
LOC111126401,0.168802964064677
LOC111127051,1.58394713176827
LOC111123253,-3.15012930429894
LOC111125514,0.373144221269044
LOC111107242,-0.828812918880396
LOC111135283,0.863341274790101
LOC111100290,0.741443381698501
LOC111100795,-0.391062629313942
LOC111137936,-0.477660757852603
LOC111120302,0.274008725950516
LOC111117489,-1.11209630753128
LOC111131712,-0.289056934977283
LOC111136071,-0.612539647660324
LOC111107174,0.643347762094441
LOC111127408,-0.28078707985318
LOC111118629,-0.17673704998358
LOC111134368,-1.22702059488468
LOC111106243,-0.336353786790791
LOC111101668,-1.05901832447676
LOC111103166,0.300909192172808
LOC111132111,-0.519524209429764
LOC111129069,1.7365590282204
LOC111135390,-0.103816095776274
LOC111122288,-0.151639449272338
LOC111108282,0.934410327373891
LOC111137831,0.322890302972605
LOC111136669,0.240533010774762
LOC111115803,-0.523839248179542
LOC111115060,0.607863742366739
LOC111101124,-0.0353750538192006
LOC111138260,-0.324736974462441
LOC111104766,-0.227431649008389
LOC111130683,-0.0987512876119629
LOC111131290,2.52363731592047
LOC111133964,-0.81334738506443
LOC111129732,0.330369614542783
LOC111116891,0.358035156091604
LOC111134455,0.175007299056282
LOC111126237,-0.260496223349034
LOC111112421,0.0310096953700127
LOC111119589,0.205174137199929
LOC111128020,0.614583664566856
LOC111106674,0.803300716333393
LOC111109750,-1.18659336249856
LOC111129873,-0.283538349238158
LOC111115095,-0.794481008894284
LOC111115399,0.397442315061686
LOC111135783,-2.30486224026485
LOC111128299,-0.518599044937292
LOC111128252,-1.11346349045655
LOC111108952,-0.161945478932159
LOC111100887,-3.23777132091847
LOC111134758,0.337592991737049
LOC111111240,1.7551896250811
LOC111120187,-0.2534569731036
LOC111129602,-1.58971537585044
LOC111130311,0.50831730622476
LOC111121372,-2.47451237042855
LOC111131673,-0.369598731530956
LOC111123041,0.00905122354303728
LOC111136122,0.179425027938707
LOC111133654,-0.331162265154515
LOC111108729,-0.545131602873279
LOC111110758,-1.2479305621841
LOC111113346,0.187595292823955
LOC111105032,-0.401838003990213
LOC111137074,-1.99706064805568
LOC111105570,-0.966639827939613
LOC111122123,-0.940912515823325
LOC111138251,-0.201255399866152
LOC111114748,0.57733013040557
LOC111126085,0.159853198465491
LOC111133123,-1.20550285791605
LOC111111008,0.126716425477387
LOC111113114,1.16514488734642
LOC111120759,0.371693718813827
LOC111131601,-7.78075485730699
LOC111137165,-1.47375668252666
LOC111132090,-0.07194094656052
LOC111123069,-0.252039434617046
LOC111121805,-1.8833926286677
LOC111102379,-0.497621113311453
LOC111131027,0.132460568969199
LOC111100092,0.566221551278198
LOC111104416,0.837210435567489
LOC111112171,0.522834217022477
LOC111126569,0.243972377603777
LOC111123646,0.0731333814729769
LOC111135089,-2.03292663374556
LOC111138476,0.575197687689945
LOC111107186,-0.157024939277514
LOC111100645,-1.00924651538255
LOC111136552,-0.62719044569086
LOC111103333,0.0596231839820107
LOC111136648,0.0402449679396838
LOC111137946,-0.0658066766143766
LOC111118441,0.359819979764651
LOC111129601,0.110093949413656
LOC111135209,-1.12152813046897
LOC111122160,0.992317718789783
LOC111137035,-0.0503637513769626
LOC111103979,-0.200041120436822
LOC111122183,-0.282615796010221
LOC111134235,-1.1311518207322
LOC111125416,-0.460638052154132
LOC111126341,0.342810195470444
LOC111113571,-0.270516301978792
LOC111128602,-1.10145201608694
LOC111118589,0.0497112057091859
LOC111109967,-0.228283156053928
LOC111115975,-1.69931039337406
LOC111128936,-0.732007956185316
LOC111109343,0.153225098631939
LOC111125931,-1.51105248676176
LOC111135259,0.47051974469351
LOC111131582,-0.0114242099496763
LOC111128144,0.199612207776682
LOC111130186,-1.0573324856649
LOC111111911,-0.339417490519865
LOC111111835,-3.4504419760009
LOC111100298,0.0596420470582975
LOC111123781,0.622184129607148
LOC111105248,-5.64979161536211
LOC111136119,0.697038324956568
LOC111122195,0.0647633397540898
LOC111105024,-0.240743461695682
LOC111104777,-1.29962385048297
LOC111125210,-0.483240856523502
LOC111127116,0.141492981430079
LOC111132906,0.249103588419097
LOC111130979,-0.30082505254507
LOC111127423,-3.13715518880932
LOC111134773,-2.16600297756308
LOC111106394,0.136786157287255
LOC111128351,-3.05639446938502
LOC111101323,0.395048914846059
LOC111135792,-3.42763092820287
LOC111126929,0.537613372082757
LOC111127522,-2.57311829051665
LOC111122055,-2.38678696394266
LOC111100168,-0.77992241043076
LOC111117751,-0.436661834756814
LOC111119410,-0.558788462763738
LOC111112721,-0.230608688617439
LOC111100165,0.000554865147021114
LOC111137214,0.162921680977867
LOC111112048,-0.447850631520396
LOC111134612,-0.0401283994190743
LOC111131113,-0.427993017125507
LOC111120699,-2.31663353663288
LOC111113296,0.125196742460413
LOC111113295,0.160594754031618
LOC111120824,0.384886040019739
LOC111115221,-0.41404542055351
LOC111119742,-0.324460409857593
LOC111126223,0.881285129576878
LOC111120703,-0.440524780271884
LOC111115451,-0.190223530732613
LOC111132799,0.333888158556937
LOC111114900,-0.233168718513715
LOC111133044,-1.08321936609013
LOC111122428,0.629585773176276
LOC111099632,-0.272905086579463
LOC111112138,-2.28482821790602
LOC111133358,0.28544690041947
LOC111128946,-0.437991477063822
LOC111136572,-0.479427471427774
LOC111125372,0.616942284205643
LOC111116877,-0.287673990830003
LOC111137673,0.018864034582586
LOC111124677,0.629321788468859
LOC111136689,-0.0938623236355413
LOC111125320,0.74822745075292
LOC111123510,0.120894572732233
LOC111131337,-1.54977747272763
LOC111113273,0.33035755781358
LOC111110347,-0.709337884164231
LOC111107976,-0.372062918901579
LOC111106431,0.28632941763679
LOC111116879,0.0731138793271018
LOC111122744,-0.897057348443148
LOC111107266,-0.404719605627442
LOC111111473,-0.457298060194071
LOC111114661,-0.303073586375563
LOC111108241,-5.6702743610258
LOC111106511,0.0937655522232107
LOC111123121,-0.908297147713634
LOC111136579,0.180035421866005
LOC111107166,-3.18382316552665
LOC111131273,0.621323809520645
LOC111119170,1.39074831277503
LOC111111352,0.294565859739613
LOC111129005,-1.08917080922095
LOC111135392,0.369381602733592
LOC111099718,-0.0248837068810451
LOC111136314,0.366969468154666
LOC111129232,-0.166637975283484
LOC111129441,-1.53639405132031
LOC111115335,0.32963528552671
LOC111123024,-0.0186514460286448
LOC111128316,0.0162081789498177
LOC111108192,-1.60994023026006
LOC111131094,-1.26841830911237
LOC111129796,-0.643975425872006
LOC111126580,-0.376355170558305
LOC111116889,-0.00250530944054818
LOC111120626,0.00366105882274494
LOC111138166,-0.720358261797319
LOC111128063,0.0988313634421971
LOC111123282,-1.34314077358774
LOC111101090,-1.10171890476443
LOC111134702,0.161820549129546
LOC111108902,-0.173211572013367
LOC111113411,-0.288498611180802
LOC111136809,-2.85220032687402
LOC111110365,0.237355652438812
LOC111129158,-0.471710705225211
LOC111118046,-0.189819248365886
LOC111134301,-1.34136014262135
LOC111118512,0.0556829103825467
LOC111130437,0.093682049023459
LOC111103014,0.467616555852564
LOC111116327,-0.719207912136299
LOC111100982,-0.031167998936421
LOC111129071,-0.878286592727169
LOC111137147,-0.0556949779287981
LOC111134922,0.0354510874801111
LOC111137950,0.436973013363175
LOC111118199,0.201161995808145
LOC111134648,-1.73218862410715
LOC111132492,-0.350781426878654
LOC111138331,-0.41231223891802
LOC111108512,1.1230527180945
LOC111110609,0.608162867931412
LOC111129320,0.616789519504014
LOC111126163,2.75227832690957
LOC111114672,0.0325744895936978
LOC111106077,-0.15714502194368
LOC111118251,0.319938892228279
LOC111121516,-0.486107651023078
LOC111123747,0.381531393755134
LOC111131226,0.52592026492325
LOC111135637,-0.0912292062202589
LOC111119965,0.370083977166951
LOC111125459,-0.0187931355963559
LOC111137217,-0.157135949176713
LOC111106736,-0.122842029624859
LOC111126374,-0.224760590814012
LOC111123081,1.0272800131612
LOC111115907,0.642482968084125
LOC111136736,-0.474974893411555
LOC111128665,1.22924388753527
LOC111111821,-0.0844125589355605
LOC111102433,-1.21777639300835
LOC111116130,0.783657853058077
LOC111138398,0.727700257229646
LOC111108253,0.737400614391921
LOC111100176,0.0793442633110162
LOC111106040,-2.11133367220327
LOC111122617,-0.119225146600685
LOC111101319,-0.719454069559661
LOC111113349,0.0262407436313968
LOC111126102,-0.147274184954352
LOC111121126,-1.12673321957438
LOC111123787,-0.52078293159005
LOC111135787,-0.284057871330612
LOC111112700,-0.0966043316120463
LOC111106751,0.344975611658899
LOC111105824,1.10973844050516
LOC111135081,-0.823052591029644
LOC111123556,-0.914845388695466
LOC111131489,-6.85456590231118
LOC111100627,-0.216965473612583
LOC111136169,-0.0303181747453774
LOC111138413,-0.124755184733426
LOC111115486,0.606938781008257
LOC111118762,-0.226818444640434
LOC111129121,-0.81279263348426
LOC111101203,0.24503771093043
LOC111136395,-0.836774777403341
LOC111123590,-0.371754825951958
LOC111125613,-0.389069136760054
LOC111122047,0.0864796098296668
LOC111103780,1.90231916491288
LOC111103453,-0.232887092424369
LOC111136786,-2.97584120513648
LOC111122063,0.201677270123256
LOC111130424,-0.114391549041256
LOC111109250,-0.0711068166632135
LOC111128891,0.103566362273637
LOC111105725,0.0817104840288138
LOC111100012,0.00211129671858096
LOC111109570,-2.91554682762644
LOC111101491,-0.174471626601252
LOC111136386,-0.17358470086252
LOC111135805,-1.16724102637662
LOC111135014,0.265493366242863
LOC111104554,-0.46630174760499
LOC111114822,1.5273949660225
LOC111134633,-2.01601561808036
LOC111129519,-0.119902785501997
LOC111100719,-0.051636781568468
LOC111100650,-1.06821723938554
LOC111137111,1.31917449403679
LOC111137112,-0.314679233191847
LOC111133374,0.501081802378236
LOC111122971,-0.604253963794893
LOC111105081,-0.431584158250657
LOC111113140,-0.702743829526062
LOC111125975,-1.92793630708389
LOC111122347,-1.62439140674723
LOC111111547,0.0809581005629505
LOC111102846,-1.7188471509177
LOC111101624,-0.019541847991754
LOC111112726,-1.39690957331959
LOC111101514,-0.39794229292777
LOC111133277,-0.823459771820667
LOC111110604,-1.20589824661973
LOC111127807,-0.87266139150016
LOC111123280,-2.18119860934439
LOC111137038,0.00552583770453802
LOC111100268,-0.185180668359536
LOC111123648,0.533597854887727
LOC111123806,2.5704299244182
LOC111104475,-0.056483569337436
LOC111111610,-0.32799076144704
LOC111113325,0.49763596983713
LOC111137423,2.74824573167502
LOC111116070,-0.159036721039374
LOC111107276,0.282553067178745
LOC111129824,0.0617453937111323
LOC111112510,-0.467579158979912
LOC111102446,0.942044689559433
LOC111127238,0.0470698384270508
LOC111100085,0.524173240522137
LOC111117659,-0.289148965263397
LOC111105750,-0.321663741624905
LOC111106678,-0.0209435513923338
LOC111105803,-0.189383130837595
LOC111111250,-1.92532885229092
LOC111105861,-0.5075547209335
LOC111138278,0.0377309542194277
LOC111129230,-0.519024478818959
LOC111111678,-0.517510176195102
LOC111114423,-1.26932335297743
LOC111138468,-0.549292924484561
LOC111131871,1.03048882210698
LOC111104674,1.32322723327555
LOC111117315,0.307648859486835
LOC111103055,0.358842981022883
LOC111135466,0.109666099307051
LOC111119777,0.694205892051063
LOC111120616,0.102280100100011
LOC111108112,-2.59378792920764
LOC111108633,-0.725876277575543
LOC111114734,2.35843144903159
LOC111114599,-0.371377823037361
LOC111133192,-0.828291729034576
LOC111117074,-0.259070824160319
LOC111104850,1.16695170852888
LOC111126282,-2.28000445766446
LOC111109805,-0.0217600941700141
LOC111125239,1.44024591647314
LOC111112790,-2.89404971777445
LOC111118655,0.082037681963458
LOC111124277,0.127183666419567
LOC111135638,0.171251095418216
LOC111121967,-1.05967989281939
LOC111114770,1.26507381929565
LOC111116193,-0.236883183324022
LOC111116194,-0.58979229688454
LOC111137431,-2.88623137946758
LOC111136446,0.0129327822092817
LOC111101567,0.469660005492926
LOC111119280,0.250576230340044
LOC111126173,-0.00714974331007599
LOC111099222,-0.120082449541109
LOC111114885,-1.16589301043506
LOC111115373,0.158199040079317
LOC111119105,0.967845676794442
LOC111135677,0.15671915369167
LOC111119331,-0.233687140281652
LOC111103847,-2.91542777347993
LOC111132332,-0.318499097430043
LOC111107299,-0.356536783746427
LOC111106043,-1.56916846840867
LOC111117254,-0.036936069713668
LOC111113238,0.341526943300902
LOC111118150,0.824389025353008
LOC111110093,-2.51893865497366
LOC111125033,0.0910233695830077
LOC111109883,-0.560378192456923
LOC111127741,-0.25474464042302
LOC111100752,-4.40550504631099
LOC111104308,-0.302233063110392
LOC111108896,-0.230273786084595
LOC111136903,-1.00381541339086
LOC111107321,-1.36528233606052
LOC111132446,-0.786325031535828
LOC111123410,-0.288128967127929
LOC111112130,0.801286516069017
LOC111101006,-1.60766911033518
LOC111137880,0.316865350641204
LOC111127617,-0.7370598357543
LOC111126792,-0.938909853599644
LOC111123631,-2.26448488920912
LOC111125361,-0.349318628496166
LOC111099859,-1.0163111263123
LOC111107370,0.0773568195620302
LOC111133583,1.15975719698089
LOC111135547,0.29652732720004
LOC111112351,0.258248055658105
LOC111116689,0.0140247662221792
LOC111130754,-0.160396814310421
LOC111114932,-3.40781284438836
LOC111125793,-0.392601248168741
LOC111111006,0.963722287364942
LOC111125059,-1.15242646989348
LOC111099088,-0.0255226669368994
LOC111136544,0.5789696799099
LOC111105692,1.70626351910227
LOC111107629,0.00578331686148148
LOC111136147,-3.93689310440604
LOC111130217,-0.36788170683788
LOC111111627,-2.5034335614915
LOC111129115,0.244474559391937
LOC111128394,1.52363604997218
LOC111100808,1.01287020184789
LOC111136633,-0.387274564359687
LOC111102796,-0.206660273328993
LOC111100549,-1.62226270260201
LOC111101060,1.17276383912582
LOC111118456,0.162422677660265
LOC111131791,0.123874380452971
LOC111103025,1.43680960987534
LOC111129255,-0.21811269142478
LOC111114935,0.00464508812531222
LOC111132180,2.15797610616701
LOC111136582,-1.9914052105962
LOC111105623,-0.172343369343156
LOC111116016,-0.0981142754486684
LOC111109460,-0.231200419998573
LOC111114492,0.0196037064516558
LOC111127266,0.132064646863151
LOC111121784,-0.13673345973014
LOC111100056,-0.552442752794072
LOC111102721,-0.0405508025820558
LOC111127595,-0.189740378554494
LOC111116309,0.436979348372897
LOC111116333,0.0685939280445818
LOC111122641,0.186368392975824
LOC111114620,-0.641539553215498
LOC111137249,0.0945179422637197
LOC111117855,-0.383235391014101
LOC111129465,-1.09617299132809
LOC111137463,0.267171142614303
LOC111112917,-1.42010043277589
LOC111112916,-0.57727856252504
LOC111113086,-0.884157383247478
LOC111124991,1.08651750295264
LOC111101481,-1.37066159613209
LOC111134718,-0.492290115825715
LOC111111225,-0.33371226964841
LOC111136726,1.73370421131376
LOC111129762,-0.36071704235501
LOC111138239,-1.1097317623894
LOC111104807,-0.327081226694799
LOC111105838,0.0433010825369406
LOC111116408,-1.35167299950234
LOC111125699,-0.655602240744637
LOC111128347,0.525510340836126
LOC111120696,-0.0634238536633503
LOC111104024,0.240486787028478
LOC111122424,-0.39423431934617
LOC111120093,1.88925152433618
LOC111121212,-3.13978913188476
LOC111122403,0.734538173288976
LOC111135758,-0.298096718998054
LOC111136206,-2.9981560774217
LOC111122701,0.131280710927101
LOC111111843,-0.109544311913355
LOC111122621,0.0755043665592017
LOC111131220,-0.190869333137482
LOC111127031,-0.533886953649526
LOC111100501,0.00594811437441492
LOC111137554,0.691786014442101
LOC111113386,-0.350322755377618
LOC111138433,-0.802034543839757
LOC111100932,0.163475062722524
LOC111112579,0.182880340273489
LOC111100180,0.0726626866619131
LOC111110655,-0.495965001481463
LOC111136218,0.841315051984595
LOC111129333,-0.126956014302041
LOC111104759,0.974440636664475
LOC111100462,-0.0673833882171603
LOC111119890,-0.601057911316065
LOC111108162,-0.397012004157843
LOC111109565,-0.452425897884913
LOC111121885,-2.08801585538849
LOC111109908,-0.505123265477154
LOC111108245,-0.233896783000243
LOC111105276,0.0998232213411767
LOC111110820,-0.0633345331812423
LOC111117688,0.751406281392383
LOC111131815,1.01711338447951
LOC111126065,-0.696917319020052
LOC111125987,-0.256086995147546
LOC111109032,-0.228194409072196
LOC111117420,2.38659267308639
LOC111138284,-3.24040255502006
LOC111136179,-0.636724007864975
LOC111101939,-0.075574385246694
LOC111130983,-4.18913750096079
LOC111118922,0.812171939812587
LOC111134183,-0.00526387147776386
LOC111107272,-0.837202581579464
LOC111136947,2.29828284345673
LOC111122759,1.0380663988694
LOC111133771,-0.14337891975834
LOC111129432,-1.07086033525272
LOC111111629,2.1585552460792
LOC111115697,-0.00286673293474514
LOC111127994,0.0931078815106807
LOC111125853,-0.0695343077350358
LOC111107969,-1.00817978563769
LOC111107755,-1.81284136097165
LOC111126231,-1.85674716218056
LOC111108672,-3.64470574140874
LOC111120544,0.333407555963144
LOC111125055,-1.43274080840637
LOC111116339,-0.405972672500681
LOC111122066,0.238411428104428
LOC111100311,-1.3955338865937
LOC111127793,-0.880590619627895
LOC111124546,-4.65306352759442
LOC111121044,-0.145421589284624
LOC111135166,-0.143503357301928
LOC111117521,-1.56252881856547
LOC111125982,-1.28033935793872
LOC111099966,-0.435822326206019
LOC111123742,-2.73722565897233
LOC111100739,0.304447672082275
LOC111105971,-0.54817291181433
LOC111100281,0.122360782674224
LOC111110247,-0.0234935021001914
LOC111130095,0.894823091849901
LOC111133561,-0.260118656048306
LOC111119624,0.1754141104811
LOC111113117,-1.09085180511585
LOC111137707,0.566665858723694
LOC111109985,0.276230293159245
LOC111131279,0.0937429912224847
LOC111119574,-0.187336054491869
LOC111105766,-0.215898774375128
LOC111110900,-0.206248669163837
LOC111101865,0.00122328293492463
LOC111101578,-0.038774651935424
LOC111122614,0.80984599835183
LOC111114626,-0.250877387379898
LOC111117828,0.530556578171922
LOC111120900,-0.200567781684907
LOC111111628,0.918402865879635
LOC111128415,0.070116954547961
LOC111135831,-0.13349667837966
LOC111111038,-0.503504060618593
LOC111120602,0.486617211539953
LOC111115945,-14.8379912537074
LOC111113038,0.725274416853912
LOC111118905,-0.605849625294681
LOC111131786,-1.49374184661719
LOC111115918,-0.329862190683331
LOC111130033,0.0555144253903792
LOC111128432,2.31164607897619
LOC111126235,-0.25422777973287
LOC111134352,0.129538918077472
LOC111132067,-0.274630783547786
LOC111137493,0.532971366516586
LOC111101721,-0.0633665974544903
LOC111108539,-0.0800832299900559
LOC111111313,-0.750898240522345
LOC111104184,0.478248119215942
LOC111130982,-0.271826201800005
LOC111117810,-3.8100399135717
LOC111137694,-0.1581602501008
LOC111122376,0.690032391486759
LOC111101975,0.0804555617079086
LOC111136226,-1.00760624926884
LOC111120856,3.21838855678665
LOC111137687,-0.215744379860541
LOC111127135,-0.124339251690744
LOC111108132,-0.699026865130928
LOC111104778,0.415997503232186
LOC111107655,0.205434789882943
LOC111108669,-0.47308775706917
LOC111106386,-0.286383997609836
LOC111115969,0.622389648627259
LOC111103532,0.167362150133999
LOC111107838,-0.190830316304035
LOC111129637,-0.114647938345249
LOC111110069,0.0210308487719703
LOC111118586,1.69884064378214
LOC111106844,0.186979217551587
LOC111111616,0.214870821313986
LOC111133170,0.173835731745786
LOC111138200,-0.0903106878142543
LOC111117983,0.0219626145444244
LOC111113434,0.190149226166953
LOC111106488,-0.435126993213283
LOC111124667,0.267606793342801
LOC111132854,-2.20629150995069
LOC111104093,0.670107009644532
LOC111138334,0.742989401175385
LOC111119649,0.278186761072127
LOC111120894,-2.36561061140852
LOC111132942,-0.215766679139539
LOC111111574,-0.412360114845062
LOC111108506,-0.280827952712647
LOC111130019,-2.78812475908615
LOC111134912,-0.147974523588756
LOC111136590,-0.245256596016746
LOC111099200,-0.926961180487569
LOC111115558,-0.119398538061836
LOC111119488,2.0087382328714
LOC111121472,0.908107048713644
LOC111099498,-0.622907393346194
LOC111100986,0.121452420897696
LOC111115842,-0.00457382852774813
LOC111129494,-2.44499621695842
LOC111134530,-0.470468859278325
LOC111128256,-0.0261958760936529
LOC111124716,0.249357089381936
LOC111110476,-0.592103590023402
LOC111122358,0.00341770616813975
LOC111113171,0.474883280599922
LOC111117338,-0.0235204741270897
LOC111116143,0.439675477356182
LOC111112116,-0.0436173735489738
LOC111100865,-0.299374407348409
LOC111114182,0.0234212251000477
LOC111138452,0.250233280387541
LOC111121791,1.01833445174685
LOC111128585,-0.398652364040493
LOC111132160,0.227451538887611
LOC111113700,-0.184873419717917
LOC111129857,-0.267572931992457
LOC111126780,-0.47976558645018
LOC111103684,-0.155920894982862
LOC111105958,-1.69266650544065
LOC111136094,0.256656066098345
LOC111132741,1.03089794781154
LOC111102720,-0.0819036317481931
LOC111135919,-0.240210070120796
LOC111133206,0.244410766183779
LOC111131600,-0.33403886643881
LOC111134087,-1.70059219924896
LOC111099655,0.0241885065909363
LOC111115367,-0.16016436619264
LOC111109943,-0.369570053121547
LOC111134565,-0.0272438566399234
LOC111119243,-0.602608244977128
LOC111135307,0.40275578032376
LOC111132952,-0.326726528147343
LOC111125384,-0.979755786718458
LOC111107907,-0.148922469415929
LOC111138228,0.365165617729264
LOC111116925,-0.389604210513515
LOC111115059,0.0654533753250041
LOC111125189,-3.08839762595275
LOC111109086,-0.860826451282651
LOC111108042,-0.119461467545218
LOC111130739,-0.862780004573457
LOC111127532,-0.576295866234734
LOC111120189,-0.187054048036474
LOC111107155,-1.15170421442642
LOC111135508,-0.956654824289153
LOC111128167,0.263441755748119
LOC111122582,0.226260139501678
LOC111104406,-0.06767024116116
LOC111127472,1.30844590700352
LOC111104374,0.0974054913001002
LOC111118836,-0.00766233249642315
LOC111128997,-0.309477303148871
LOC111137766,0.608150833337551
LOC111112290,0.135988277806171
LOC111124477,-0.185850977960728
LOC111127776,0.373712929956806
LOC111116034,0.0455447608999648
LOC111130851,0.531863671801624
LOC111111794,-0.0446947570603968
LOC111136756,0.565076199531589
LOC111114884,0.294410954101962
LOC111124940,-3.92504569016944
LOC111104015,-1.10835270406
LOC111129195,-0.210913203976191
LOC111112035,-2.71592224690202
LOC111101912,-1.77140204644039
LOC111137893,-0.153229160975556
LOC111134243,-4.58563712850468
LOC111136001,0.416433713606453
LOC111123998,-0.462258532052912
LOC111135510,-0.266838963774753
LOC111130691,0.612116796164642
LOC111119863,0.315868212795165
LOC111132357,0.342487316075505
LOC111110876,-0.244505458866415
LOC111106073,-1.28301954203407
LOC111107961,0.844270809274358
LOC111118575,-2.13617796647187
LOC111129098,0.303845355411217
LOC111135353,-0.173905875990497
LOC111119121,-1.00429027934503
LOC111134056,-0.562124501948964
LOC111129016,-0.401543310469519
LOC111102005,0.174126306727605
LOC111099155,0.344472768363571
LOC111132209,-0.673238858994804
LOC111106398,-0.229303205244826
LOC111102427,-0.767814864311616
LOC111105116,0.413472828865356
LOC111123277,-1.87901112817266
LOC111132922,-0.0132166251063548
LOC111137340,-0.110313774800565
LOC111101360,-0.374714266237507
LOC111117380,-0.144126488342293
LOC111104768,-0.178259339057144
LOC111138268,-0.314618929995339
LOC111137341,-0.284309135159508
LOC111106924,0.285458081820209
LOC111131010,0.65717589948968
LOC111133870,0.0416841188546694
LOC111138123,-1.66153110055922
LOC111110597,-2.10762309162298
LOC111104930,-0.160924258720176
LOC111130410,0.660291057587437
LOC111130952,0.121156262178249
LOC111108761,-0.27192465986531
LOC111108200,0.842650201990504
LOC111123805,-0.989609361232818
LOC111125240,-1.12861098834431
LOC111122659,0.243662763242907
LOC111115371,-3.14807386152993
LOC111122065,-1.92734534634679
LOC111104656,-0.725166896902727
LOC111125923,-0.286364886703626
LOC111134686,-0.49373351093302
LOC111114818,0.174463826793839
LOC111117662,0.167752249870369
LOC111127400,-1.27137624747005
LOC111122728,-0.45634515867006
LOC111100453,0.109938727096748
LOC111115891,-0.335202656209204
LOC111106487,-0.140112244390904
LOC111102479,-0.65556897523369
LOC111114409,0.0326736644555506
LOC111137915,-0.58869820448373
LOC111134909,-0.403804355068545
LOC111112300,0.140339047725885
LOC111120832,-0.0476642442470919
LOC111123940,0.468979217607328
LOC111123275,-0.0942353277954678
LOC111124439,0.414207900186144
LOC111131702,-0.0092231531285163
LOC111133888,0.0509560516970398
LOC111124911,0.865150370796982
LOC111125438,1.29310132234448
LOC111130114,0.668433079082756
LOC111125078,2.47413619937907
LOC111099447,0.122094335191254
LOC111120972,-1.84868466078633
LOC111133951,-0.0978541361743397
LOC111125834,-0.397658390475915
LOC111104298,-0.158811579205312
LOC111100057,-0.289776930587174
LOC111127022,-0.273020670980052
LOC111111464,-2.03197801703887
LOC111135132,-0.501795359493967
LOC111111550,0.886461421039005
LOC111121810,-0.280935688363472
LOC111130180,0.142078153319322
LOC111112441,-0.314331365490054
LOC111115485,-0.169279114827945
LOC111103306,1.58899438976995
LOC111138508,-0.104456482558295
LOC111111266,-0.1188540850493
LOC111137715,0.318838569678244
LOC111129536,-0.950093571897908
LOC111110816,-3.3142425478026
LOC111137635,-1.51933307732626
LOC111135188,-3.46788534552251
LOC111102439,-0.537405351590182
LOC111131526,-4.37919427344005
LOC111120755,0.0525032643253732
LOC111130297,0.0426481134033441
LOC111132214,-12.5219358650868
LOC111104737,-0.0393015204365102
LOC111114621,-1.30668554427208
LOC111123710,0.943213024295755
LOC111108146,0.078496772056623
LOC111118507,-0.273066359146992
LOC111132910,0.34225298008166
LOC111128669,0.692151107497528
LOC111102091,-0.229961036093848
LOC111110367,-0.107637998083737
LOC111130946,-1.33574548960919
LOC111114074,0.132068656505346
LOC111099497,0.0970375260776213
LOC111125146,0.4214709125684
LOC111137781,0.343543716923512
LOC111119282,-1.01877484824914
LOC111110540,-3.3677240327558
LOC111107277,-2.25032326930327
LOC111130776,0.165632826590311
LOC111125365,-0.255798784786193
LOC111110660,-1.24697557962697
LOC111131205,0.19727446647609
LOC111103824,0.924703461220073
LOC111101028,0.087303919293691
LOC111099578,0.182539444837911
LOC111135305,-0.363446412039768
LOC111133536,-0.275561899090338
LOC111115817,0.349497023164116
LOC111106416,0.077745513644418
LOC111122491,-0.161526449606446
LOC111133655,0.566923829850395
LOC111121654,-0.72941816172652
LOC111111838,-1.09926243803522
LOC111131451,-1.07273689054109
LOC111111267,-0.0732456931508812
LOC111121373,1.06057815715633
LOC111120286,-0.355152818886208
LOC111126281,-1.30591460367602
LOC111135553,-1.73109916816656
LOC111101278,0.407786260197438
LOC111106855,-1.33900587695043
LOC111124955,-1.08806410138689
LOC111136603,-1.10188325973626
LOC111101040,-0.055162786511301
LOC111135974,-0.329004636821705
LOC111113813,0.334130817566285
LOC111103497,1.22478618835172
LOC111134042,1.49364224280953
LOC111108839,0.270890362603067
LOC111109116,-1.01139593741983
LOC111126804,-0.0755588901095333
LOC111100345,3.25490009527586
LOC111101229,-0.237462973013513
LOC111129741,-1.62058415725165
LOC111103313,-0.575283931305987
LOC111134923,0.0307043447773316
LOC111136854,1.08762603749621
LOC111103958,-0.0615265248732865
LOC111131470,-0.00119275595289719
LOC111126999,-2.90014472461107
LOC111136164,-0.710323227066217
LOC111137134,-0.306884247277295
LOC111114912,0.10623001205337
LOC111123571,2.00358123843322
LOC111136645,-0.264270091786273
LOC111129301,-1.71611857618971
LOC111125914,0.143065407769445
LOC111103428,0.505912420852091
LOC111137396,0.131069376612594
LOC111102123,-0.324315276005896
LOC111134796,-0.747889033492019
LOC111113598,0.695742211907608
LOC111124780,0.205225006665307
LOC111115058,0.028440015830031
LOC111108361,0.652481752148061
LOC111137736,4.24907299408187
LOC111099042,-0.0723164367750986
LOC111121617,0.640607252693346
LOC111122827,0.355229365771368
LOC111104361,-0.364909267485322
LOC111114370,-0.961437694043484
LOC111118896,2.92455244484005
LOC111127917,-2.91147900624051
LOC111121751,0.0313847266318662
LOC111117663,0.276045911994567
LOC111129055,0.211200577239135
LOC111136514,-1.03481521501426
LOC111132187,-0.0415397334248798
LOC111137752,-0.921921613945141
LOC111118506,-2.01627417167535
LOC111099963,0.968622895018177
LOC111136299,-0.119073820974109
LOC111132215,-0.504235184655242
LOC111109028,-0.248826012576636
LOC111121227,-3.09949573881068
LOC111100582,0.792154472926026
LOC111130267,-3.04401106025309
LOC111131753,-0.0207237766815391
LOC111111721,0.116466528791688
LOC111127876,0.0328647252990259
LOC111121286,-2.67709382102735
LOC111123468,3.48178618198863
LOC111123896,0.601541972656883
LOC111136443,-0.129948012446213
LOC111108235,0.0673900190015737
LOC111122718,-0.14274768951031
LOC111107279,-0.275777968671149
LOC111135170,-0.0164517447070082
LOC111122207,-0.077821170047308
LOC111116024,-0.582703098106701
LOC111135339,0.682197499417653
LOC111137234,0.0606802590270072
LOC111120821,0.0167660744727272
LOC111099525,0.126742865737275
LOC111133221,-0.0368635996753186
LOC111137140,0.756342228212232
LOC111133715,-0.612957686128031
LOC111138480,-0.728624787476126
LOC111127920,0.350127879110339
LOC111116102,-0.403359414897722
LOC111114702,0.503598052395502
LOC111104858,-0.588564625308549
LOC111120538,0.919106087838193
LOC111137113,-2.02837484162163
LOC111127367,0.652248801349529
LOC111117991,0.805112575797934
LOC111132665,-0.355585185987709
LOC111099888,0.015548905413394
LOC111119537,-0.803029019343356
LOC111130937,0.0366771050518238
LOC111133772,-0.101939124862966
LOC111136047,-0.0537866193014784
LOC111134856,0.353213914608859
LOC111125852,-0.428770150556587
LOC111107403,0.438556968066751
LOC111134331,-0.0128490923343748
LOC111115006,-0.3637621982083
LOC111099083,0.0329678805314082
LOC111106858,-1.97563920375143
LOC111117060,-1.31733531474748
LOC111134452,-0.248268475849818
LOC111125478,0.137675506482396
LOC111109482,-0.536639979171717
LOC111125327,-0.670666328405533
LOC111134788,0.254784845655407
LOC111129011,-1.5232030229695
LOC111133467,-1.16558965830388
LOC111130223,-2.21618245626392
LOC111127124,0.0929398934611391
LOC111111379,0.28780544945611
LOC111115923,1.12213492479079
LOC111108567,-0.372870569965751
LOC111100778,0.192854316946395
LOC111117499,-0.632285910091399
LOC111127989,-0.682989546058929
LOC111101155,-1.18763317669906
LOC111106357,2.41950138604818
LOC111100196,-1.30907616000178
LOC111133963,0.0305698320678429
LOC111112181,-0.601510373191818
LOC111112665,-0.263867773885989
LOC111110639,-0.148177442607339
LOC111132293,-4.33698736300739
LOC111137884,0.304474700637521
LOC111136606,0.335765446974324
LOC111104795,0.00163124017199733
LOC111103263,0.1421243595125
LOC111120943,-0.560622484020477
LOC111099992,-1.35418994246267
LOC111099757,1.09906730416727
LOC111134029,-0.248471891891085
LOC111120640,0.0134098622722016
LOC111127969,-0.688872653986266
LOC111111174,1.20547368283478
LOC111118697,-0.158669228644995
LOC111130231,0.13912518606802
LOC111105169,-0.0889129387364871
LOC111126193,-0.578438349907203
LOC111136049,0.200250154621264
LOC111138483,-0.236252740706688
LOC111118525,0.300026169377021
LOC111132808,0.150665963862695
LOC111130018,-8.19574299311764
LOC111104031,-0.195526651981104
LOC111104614,-0.957287028696226
LOC111108387,-7.93559181822387
LOC111117610,1.15277836792023
LOC111114520,0.0433848763893713
LOC111115911,-1.87167081603194
LOC111121009,0.343124020335174
LOC111100269,-0.528729323348007
LOC111137972,0.291196095390717
LOC111099989,-0.230232857162292
LOC111119328,-1.53637605000333
LOC111131057,-1.64275790376261
LOC111118860,1.01552922303536
LOC111136418,0.203892308773184
LOC111104442,-0.0961642217181249
LOC111125599,0.105247055026571
LOC111130355,-1.63423269681595
LOC111113189,-0.431130195088554
LOC111119512,0.0820609830745209
LOC111124038,1.7266756054554
LOC111126610,-1.25745311635318
LOC111122105,1.81103036498214
LOC111129855,2.51108673526239
LOC111136659,0.145536592840406
LOC111101965,-0.130034261347959
LOC111135633,-1.48280176786829
LOC111106439,1.00656247770115
LOC111119628,0.390274640228914
LOC111118347,-0.0366244303034874
LOC111102239,1.02652508251191
LOC111128944,-0.654864742975472
LOC111120574,0.198687843585544
LOC111112198,-0.269715501598705
LOC111128385,0.991408120388574
LOC111126587,-1.54510992261682
LOC111114057,-0.211364135899175
LOC111100425,-0.536458534004507
LOC111131150,-0.879711870660417
LOC111121448,-0.0695801750195496
LOC111113339,-1.03708282586769
LOC111130331,-0.486710104960114
LOC111104104,0.592682891128232
LOC111118466,-1.63744537650964
LOC111111264,-0.0877012314769001
LOC111134751,-2.39464374995014
LOC111106606,0.191699252741433
LOC111115397,-0.205902056653646
LOC111130904,-0.449214672399889
LOC111125213,-1.02135923515356
LOC111101392,-0.35644092195084
LOC111134577,0.152070901492331
LOC111136746,0.368256117141317
LOC111104249,0.348006833248563
LOC111118566,0.131699483629827
LOC111130213,-1.23514879790909
LOC111137579,-0.798556280399913
LOC111136587,0.880538569418533
LOC111111365,-0.114969866357261
LOC111109715,0.25313799194746
LOC111133815,-0.549454665913808
LOC111109059,-0.353548042078088
LOC111126432,0.00936939657045243
LOC111104679,-1.15688746257743
LOC111134317,0.860880195633184
LOC111103607,0.13369310512136
LOC111119964,-0.854993061706505
LOC111128015,-0.261822154721505
LOC111113328,-0.544726715166328
gene20306,-1.1557628106209
LOC111137955,-5.61944296950218
LOC111129706,-1.67826239458495
LOC111103084,-0.174714748270101
LOC111129497,-3.50386299891459
LOC111108783,-0.362811000338556
LOC111101598,-0.991367641213075
LOC111133904,-1.77662987314035
LOC111116380,-0.029940645528451
LOC111126330,-0.441815426521657
LOC111137637,-0.331816658297795
LOC111104547,-0.205614848769157
LOC111122903,-2.09844718307154
LOC111118605,0.755520524900535
LOC111099623,0.834164287060209
LOC111131713,-0.463521723288506
LOC111127095,0.85780492856183
LOC111121648,-0.186328409923029
LOC111134934,-3.0849523216986
LOC111113897,-0.228994003408426
LOC111131614,-4.36837494736553
LOC111103328,0.109583448582158
LOC111108221,0.571098968017332
LOC111103788,0.0215522224363393
LOC111130056,-0.21630048941546
LOC111121067,-2.77595787125394
LOC111136134,0.97697270115596
LOC111102728,-0.593493219637814
LOC111136755,-0.336923796769436
LOC111113650,-0.12592339325622
LOC111129389,0.328203971570682
LOC111116629,-2.36361810883763
LOC111101217,-0.877519543109064
LOC111103867,-0.362505817478586
LOC111125081,0.0711226715189563
LOC111113294,0.937045310648373
LOC111105454,-0.681044808933563
LOC111102828,-0.753350063448686
LOC111128599,-1.56813810887707
LOC111109990,0.305964853300044
LOC111134947,-1.61150421938229
LOC111111324,0.0231362913229775
LOC111121901,-1.07650835535569
LOC111110542,0.145549874439814
LOC111118111,0.843759759477955
LOC111118862,0.435660305368053
LOC111126128,0.12197377950525
LOC111135808,-0.754678238493591
LOC111104878,-0.801466472770825
LOC111120884,-0.289010360723675
LOC111106067,-0.659800759740245
LOC111124184,0.208182264115166
LOC111136020,-4.44269055847429
LOC111132974,-0.186735700939391
LOC111131194,-0.312831051170157
LOC111102545,-0.917998763633145
LOC111119461,-0.217664089352483
LOC111104139,-0.419012817642135
LOC111125956,-0.113649629960592
LOC111105302,-0.334971988562225
LOC111116255,-0.290500357569597
LOC111112551,-0.271346718206365
LOC111136486,-0.824721321914054
LOC111100402,-0.0276000161837837
LOC111122307,-0.478115233470654
LOC111117139,-0.135919474830716
LOC111103587,-0.296776448329464
LOC111107933,-1.29216979382991
LOC111121395,-4.64974652319504
LOC111117515,-1.23740659906971
LOC111118773,0.172373037945715
LOC111116092,-0.806579900830249
LOC111128947,0.896069345575889
LOC111108026,-3.2178117332909
LOC111136141,-1.64591351456356
LOC111115164,-2.42768690534645
LOC111113449,0.412322769849375
LOC111107586,-0.534691011943998
LOC111131720,0.511234457658015
LOC111125184,0.309452520841315
LOC111099668,0.269402941895138
LOC111106194,-0.0606093913932531
LOC111122684,0.120180735828505
LOC111100118,-0.265822190976093
LOC111126766,-0.212955399761768
LOC111136415,0.470687213591512
LOC111100201,-1.87487863042035
LOC111135190,-0.396290217020319
LOC111112044,1.23434967052453
LOC111125383,-0.557687965861762
LOC111103188,0.0388390385190506
LOC111134544,-0.456951841280053
LOC111111430,0.51511486265601
LOC111119470,-0.680969035999346
LOC111099651,-0.903177989958951
LOC111105365,0.42712140192674
LOC111122363,-0.500522486423959
LOC111102361,2.73917436965043
LOC111135308,0.557167751649672
LOC111124247,-0.304482011371449
LOC111137303,-0.247137695261078
LOC111132078,-0.39666092693001
LOC111118473,-0.310297793005347
LOC111137164,-0.301894700830222
LOC111136622,0.115586242033415
LOC111125396,0.382185977433769
LOC111111125,-0.860504269195926
LOC111120873,-0.536773685513871
LOC111132409,1.19608549350235
LOC111132880,-1.28481488831584
LOC111121413,0.0883877263908392
LOC111106873,-1.39814907680113
LOC111123359,-3.25774637501371
LOC111133982,-0.253293075908905
LOC111130847,0.197058483941765
LOC111129443,1.45224186811743
LOC111109513,-0.491216797597092
LOC111133530,0.226571522352546
LOC111127926,-0.417587081952071
LOC111136627,0.378131333527065
LOC111131558,-3.00999118539626
LOC111118000,0.242303382537247
LOC111108478,-1.25693984524334
LOC111118989,-0.0330680924993265
LOC111105675,-0.200882270641951
LOC111100669,0.789314239479439
LOC111102656,-0.0465054277335061
LOC111106473,-0.0456209422479292
LOC111126971,1.79198953537833
LOC111116090,-0.452320590824375
LOC111120610,0.106170347480098
LOC111134008,0.252429915919293
LOC111122119,-2.76661619109215
LOC111127171,-1.97130775052463
LOC111130824,-0.217571873898064
LOC111127381,0.0842447154611494
LOC111116769,0.818770681703323
LOC111101618,-0.193956078201392
LOC111114108,-0.0397499409997497
LOC111123762,0.164316388635534
LOC111138065,-3.16664183845595
LOC111110862,-0.239605866487656
LOC111114689,-0.0613657563044748
LOC111114936,0.416341596422392
LOC111122875,-0.286209213755236
LOC111126271,2.16230277213409
LOC111136235,0.370271905631396
LOC111107718,0.119047198079343
LOC111134537,-1.33692479340584
LOC111121439,0.885279171737786
LOC111115430,-0.797192811024253
LOC111126081,-0.686628037640362
LOC111112395,-1.19150090441531
LOC111109984,-0.589530568382521
LOC111128803,0.299957653367399
LOC111100273,-1.03594683788124
LOC111138434,0.126060812407324
LOC111103123,2.16004869090897
LOC111136660,-0.0233729373898083
LOC111125070,-0.662773500603339
LOC111118622,0.397507327123095
LOC111125910,-0.791344967334996
LOC111115089,-0.025859714858008
LOC111124129,-1.85496899416974
LOC111103157,1.13652781536758
LOC111107297,-0.475139629080517
LOC111116214,-1.80089894729734
LOC111108476,-1.90545607577469
LOC111115746,-0.863736099565406
LOC111119528,-0.0933204874210061
LOC111112643,0.971954146487204
LOC111126745,-1.27690118221719
LOC111102293,-0.74366418033515
LOC111104070,-0.584401135025892
LOC111126165,-0.539528736532909
LOC111122064,0.0652452449835614
LOC111118588,-0.243238507215666
LOC111109763,-0.458575328021941
LOC111103349,-0.719276893060243
LOC111107526,0.0862883508846907
LOC111110126,-0.223425220835026
LOC111119559,-0.172501001809134
LOC111126565,-1.44226381403429
LOC111127402,0.632251500439561
LOC111125967,-0.51086167179533
LOC111101033,-3.74750717275131
LOC111138080,0.177158927615906
LOC111114706,-2.37892985669461
LOC111120268,-0.0526992504471726
LOC111111935,-0.636601867005773
LOC111124011,-2.54325977452519
LOC111130990,-0.655279089127176
LOC111115501,0.385295232550829
LOC111100279,0.44951893493943
LOC111103805,-0.860223143467168
LOC111134884,0.196199355264456
LOC111130547,1.11759933720591
LOC111130135,-0.717452702521489
LOC111134797,-0.261082214636517
LOC111133990,-0.136135510617473
LOC111123244,-0.154563485828519
LOC111126523,-1.90496588541874
LOC111120067,-1.22645857459908
LOC111125524,-0.898785980823933
LOC111109300,0.299663216278545
LOC111116778,-0.176103544526035
LOC111133062,-0.848748167152156
LOC111122052,-0.0351810903399704
LOC111129884,0.451233944651121
LOC111101010,0.0934161519373701
LOC111131339,-0.906909101334382
LOC111111630,0.0648162674806423
LOC111117512,0.167489614884152
LOC111119267,-2.00871489496485
LOC111134329,0.898523287603452
LOC111110040,-1.05951178388324
LOC111129592,0.207819577965256
LOC111111697,-0.774670330681791
LOC111099633,-0.129970926575064
LOC111103658,-14.1868058801316
LOC111130156,0.0623516631469921
LOC111124318,-0.401071849829052
LOC111101854,0.510340734174565
LOC111128102,0.195776686027875
LOC111121924,1.06666866680683
LOC111128271,2.20811330664952
LOC111120142,-0.0364542736145031
LOC111106630,2.73764361039962
LOC111102869,-1.30388093671529
LOC111113860,-2.70592210743551
LOC111104042,-0.164403516704315
LOC111107734,0.010207433068444
LOC111108100,0.102297811404248
LOC111110317,0.0276933817199566
LOC111107251,-0.568905302407478
LOC111104652,-0.712680672774423
LOC111130242,-0.194651957065149
LOC111113133,-2.68499393886045
LOC111129251,-0.223110884405819
LOC111127296,-0.526305912759387
LOC111118847,-0.430066058419292
LOC111123888,-1.00479735779019
LOC111137266,-0.172824307730342
LOC111135475,-0.308231151995955
LOC111131371,-0.120386816583725
LOC111128259,-1.13736219528427
LOC111136437,-0.279718962176641
LOC111106352,-0.884792547302318
LOC111119038,-0.879315905745669
LOC111106371,-0.487936277631626
LOC111113310,-0.515372756675896
LOC111104299,0.0980516974671901
LOC111108556,0.148937687801931
LOC111138126,-0.882159233939184
LOC111137535,-0.0311860298082081
LOC111122176,-0.329189518003704
LOC111103829,-0.453418395387489
LOC111117535,-0.501097309136241
LOC111132132,0.0572515755712696
LOC111108774,-0.224998480637493
LOC111104529,-1.00626845127598
LOC111116037,-1.65634213250329
LOC111111708,-1.20069865974026
LOC111126763,-0.37867253515627
LOC111121712,-1.54537137500658
LOC111134186,-0.222413121291089
LOC111128525,-0.50992691258559
LOC111130579,0.139653921889932
LOC111099420,0.617792830645179
LOC111106328,0.449265793613407
LOC111134931,0.81869264320378
LOC111123739,-1.0387191596248
LOC111131448,-0.194385350366269
LOC111115130,-0.460804431659649
LOC111115389,0.52305080918659
LOC111131483,-1.05500166008917
LOC111131744,-2.54317852149132
LOC111126847,-0.514921314809085
LOC111130111,0.210563639478291
LOC111120468,0.538998941711822
LOC111136702,-3.1681366344804
LOC111103744,-2.94521782239113
LOC111127067,0.169749171738321
LOC111116898,0.427431362978482
LOC111132502,0.157636284211205
LOC111111645,1.12486257934934
LOC111112041,-1.045370045745
LOC111121477,0.628436656015861
LOC111116094,-0.323243791217921
LOC111126396,-0.23709456596666
LOC111124288,-0.0412361037063484
LOC111126123,-0.073733205758887
LOC111133780,-1.05764595311949
LOC111100482,-1.33203021942997
LOC111100886,0.300317374599324
LOC111112878,0.96701021193311
LOC111109165,-0.0269759704476125
LOC111133182,-0.123105001194025
LOC111131677,-1.61971801265528
LOC111102041,-0.455406791050784
LOC111101204,-6.55386088226545
LOC111125988,-2.84174280505638
LOC111125570,-0.575679644344263
LOC111114813,-0.344997352079084
LOC111109567,-1.39381281593011
LOC111122544,0.540028741170765
LOC111114159,0.769582890011707
LOC111128107,0.299927406864093
LOC111120033,-2.42219425447759
LOC111120611,-0.356707951176492
LOC111127281,0.47497749326967
LOC111134715,-1.73816031426774
LOC111120953,-1.39603449712751
LOC111128296,-2.39272944253018
LOC111136448,-0.136629584325276
LOC111133826,-1.46048695652679
LOC111123761,-1.02581208892077
LOC111117253,-0.00596863749988554
LOC111116489,-0.306236977790812
LOC111119009,-0.245763074657524
LOC111110686,-0.0420510349618918
LOC111106449,-0.612986356997043
LOC111121407,-1.18207255312121
LOC111118685,-0.676511190237436
LOC111107261,0.59097583269929
LOC111113205,-0.115306694617237
LOC111118141,0.488798493867937
LOC111129288,-0.21106002396349
LOC111103260,-0.604977732024694
LOC111104323,0.0960470563785626
LOC111123418,-2.9715230436224
LOC111101890,1.29821942805983
LOC111137710,-0.587074890339402
LOC111106500,-0.218744115433923
LOC111130957,0.0150008496606991
LOC111117546,-0.252911384392068
LOC111125454,-1.51481270993165
LOC111129228,1.93987296157718
LOC111109163,-0.966871641457458
LOC111122985,-2.68075802633767
LOC111135231,0.108521026706385
LOC111125673,0.21771662303125
LOC111119083,-2.87648746193441
LOC111111865,0.134948356522998
LOC111108443,-0.0993999853445488
LOC111107703,-0.240272807598725
LOC111120966,-0.180643973415156
LOC111137154,0.00583028631117064
LOC111127009,-0.497796815069967
LOC111100674,0.875719272353368
LOC111123846,-0.108852453760298
LOC111133801,-0.279415154378931
LOC111128145,0.487149085786699
LOC111137167,1.09501123041129
LOC111110378,-0.61810417085795
LOC111103563,-2.10876419004636
LOC111111587,-0.0254725910001475
LOC111112040,0.348139328724966
LOC111116994,-0.159769161560308
LOC111101267,-0.647352331172057
LOC111137110,-0.394248424411748
LOC111126441,-0.434861478988513
LOC111135306,0.800493290569637
LOC111100805,1.70705286362827
LOC111117713,-0.0469468079921268
LOC111118510,-1.18695805074766
LOC111125025,-0.294714005036725
LOC111137365,-0.744484324546854
LOC111134499,5.50413456961287
LOC111132627,-1.9721355649675
LOC111137119,-1.54575250240514
LOC111128263,0.0754275899903895
LOC111133884,-0.0399095395084987
LOC111115167,-0.409712770504257
LOC111125317,-0.0259049267482398
LOC111113901,-1.25611322535786
LOC111123130,0.586411004516084
LOC111136682,0.219359968552234
LOC111137071,0.0186756287154596
LOC111101609,-0.00915919470896502
LOC111101996,-0.384943356328738
LOC111101607,0.262292260883258
LOC111128282,-0.0200340780726073
LOC111116267,0.0281589361221994
LOC111137722,-0.110131982167343
LOC111104041,-1.89206290141512
LOC111114499,-1.89652700765428
LOC111100794,-1.66893164582838
LOC111105082,-0.639437152141391
LOC111116042,0.814775607284166
LOC111110818,0.725060865141044
LOC111118663,0.00590595601544606
LOC111113956,0.473410399386411
LOC111133564,-0.456679615544698
LOC111109843,0.594314910074614
LOC111112967,-0.186934911048272
LOC111101413,0.153648566057513
LOC111137507,-0.124527239474835
LOC111100078,-2.84556562522039
LOC111129056,-0.0894155922593041
LOC111137043,0.156647243769538
LOC111115462,0.180174695859108
LOC111136520,-1.06382747391466
LOC111109725,-0.433613208529911
LOC111133744,-0.0328782882383255
LOC111117067,-0.305721651909404
LOC111132767,0.941078453298708
LOC111124207,-0.291734681315781
LOC111118521,-0.256318926881747
LOC111118102,0.357705624858695
LOC111127993,0.942946702780498
LOC111108170,-0.0656683213936464
LOC111135901,-8.00256756802417
LOC111137826,0.0634033598028353
LOC111126051,-0.240538967658535
LOC111116448,0.594311860198626
LOC111136577,-0.992411488272047
LOC111119247,-1.19421183097403
LOC111128712,1.4485786901239
LOC111113127,-2.00833506782226
LOC111131664,-1.62304174273822
LOC111125661,-0.0417670222913008
LOC111135224,0.0891338667963393
LOC111125408,0.171872497546619
LOC111113818,-0.462920455297171
LOC111100782,-0.21974625546714
LOC111119161,0.0038317345807539
LOC111129257,-0.938195011089003
LOC111135242,-1.29975241867646
LOC111135448,-0.137267708230541
LOC111099627,-1.90120034395977
LOC111121623,0.2542360546601
LOC111134244,-0.153659054467912
LOC111128024,-0.0401918857599837
LOC111136018,-0.160896793822955
LOC111128161,-0.0775177495043331
LOC111114795,-0.930267773721888
LOC111115365,0.405690796193267
LOC111129034,-2.10874283340195
LOC111128908,-1.48575712358381
LOC111126632,0.234465010776256
LOC111120674,0.233990727758584
LOC111108581,-0.36755000698311
LOC111107270,0.277450345499701
LOC111125034,-0.308929482282636
LOC111120380,-0.361153943575499
LOC111135894,-0.337689204098588
LOC111105376,-0.993619203667317
LOC111130133,-1.23373893593066
LOC111126375,-0.447265462096012
LOC111118750,-0.0809122093430788
LOC111128483,-0.0561792336741902
LOC111121913,1.67869421527476
LOC111136605,1.59118542768671
LOC111101088,1.21084712223987
LOC111117776,-1.18509805226344
LOC111129114,0.253966122423723
LOC111121397,0.251677998766207
LOC111126135,0.241246903149218
LOC111120734,0.0110800177090698
LOC111125873,-1.32680861380921
LOC111134679,-1.98691588910464
LOC111124349,-0.268034788679065
LOC111136411,-1.46586394025489
LOC111128674,-1.27088526393709
LOC111122198,-0.340727713604565
LOC111135147,-0.844403955263144
LOC111133141,-0.384999725091914
LOC111110370,-0.949117630725012
LOC111136937,0.654025207494829
LOC111135869,0.593433660193763
LOC111130383,0.486241154279742
LOC111133200,-0.0566942863866563
LOC111105682,1.86746434871122
LOC111112416,1.29986179738103
LOC111104492,0.00893266650502341
LOC111134833,-0.202342378104109
LOC111125278,0.00668847567476858
LOC111115341,-0.146258376412309
LOC111107318,0.61998349628794
LOC111127708,1.27341782486239
LOC111120058,-0.00557342075588716
LOC111120916,-2.33654784176365
LOC111116296,-0.232995122873368
LOC111112014,-0.66282261055167
LOC111100016,0.621020559165062
LOC111133685,-7.45678785952488
LOC111117293,-0.626585255665903
LOC111104704,0.899150726323895
LOC111112704,-0.339187087246726
LOC111113340,0.0494698379239991
LOC111107856,-1.27523697826646
LOC111120492,-0.55086540538206
LOC111099125,0.250674666857047
LOC111112746,-1.2887365576423
LOC111105733,-0.0297604695304996
LOC111100304,-0.122049974593317
LOC111125060,1.2926674758976
LOC111133791,-0.478284606361479
LOC111102428,-1.55958451906774
LOC111111306,0.26806904918956
LOC111136784,0.306583404760451
LOC111125455,-0.00256993005540752
LOC111110849,-10.7239839999853
LOC111111567,1.70967650309589
LOC111129431,-7.25827542856271
LOC111135369,0.4238695427105
LOC111136050,-1.35757649853558
LOC111101417,0.194461717073359
LOC111110741,0.110101402150286
LOC111110474,0.140096422102315
LOC111099732,-0.611371215157401
LOC111137245,0.042944714771938
LOC111104218,-0.728688695989251
LOC111110459,-0.695244803587756
LOC111108313,1.40034237382272
LOC111132479,0.0104175692819738
LOC111123967,0.0310454104677377
LOC111129489,-3.33566048084438
LOC111125391,0.0143545652152354
LOC111127234,-2.84076226194269
LOC111130404,-0.936567283028352
LOC111134050,0.781827977800417
LOC111135568,-0.0260596840289732
LOC111126094,0.0508187867179791
LOC111123055,-0.209511545767641
LOC111132082,-0.12084953513458
LOC111135898,1.16293878077295
LOC111134567,-1.13163202631662
LOC111115288,-0.814482700443628
LOC111126595,-0.270776633925188
LOC111122328,0.227141248747915
LOC111114183,-1.66718867966637
LOC111112646,-0.24825656619953
LOC111109794,0.271199382176673
LOC111137375,-5.42344314698343
LOC111113061,0.056471654682242
LOC111136480,-0.27805465050818
LOC111120426,-0.37121835244092
LOC111113060,-0.512814750918872
LOC111109060,0.329004562524234
LOC111119787,-0.147475306412215
LOC111124543,0.692642683610642
LOC111115795,-1.64080278189501
LOC111119302,0.022303126843161
LOC111121543,-0.733926009588471
LOC111101391,-0.078676542161923
LOC111108366,-0.714195156368575
LOC111118191,-2.42957702248396
LOC111124916,-0.231016620989683
LOC111122147,-0.452496809105042
LOC111129966,0.0920009115518477
LOC111125578,-0.0855148885375858
LOC111137638,0.909745551701589
LOC111100818,-0.147226752290723
LOC111110289,-1.34374764433614
LOC111104044,-0.724781966024576
LOC111126278,-2.60057860214359
LOC111126950,-5.02177783532532
LOC111137906,-0.365419787472204
LOC111138192,-0.823576755072984
LOC111135933,0.183009868567481
LOC111124935,0.0277632026300769
LOC111108755,-0.858075570719571
LOC111107488,0.331584016219679
LOC111130536,0.295754227842319
LOC111114883,1.53982436923875
LOC111109837,-1.63628886671972
LOC111135676,1.13512579930277
LOC111106755,-0.167898142182836
LOC111130028,-1.029743665077
LOC111137572,-1.62992080989645
LOC111137199,0.0861832635576317
LOC111105685,0.770618082982003
LOC111121363,0.124059894423828
LOC111115971,-0.529558772725544
LOC111133559,0.467166133544148
LOC111137885,0.417345230752481
LOC111119852,-0.0450231711120517
LOC111137962,-0.0502654809128734
LOC111128759,-0.221302855455265
LOC111127881,0.729370222171298
LOC111138368,-0.310877351830046
LOC111133424,-0.321239613112144
LOC111102738,-1.98007150171739
LOC111121275,-0.303237447948098
LOC111122720,-2.40521649211787
LOC111100252,0.653429253097306
LOC111122581,1.10425964661198
LOC111118475,-0.214814686674506
LOC111115141,-0.275576236264833
LOC111112089,1.13882373948965
LOC111116850,0.012516536881367
LOC111123250,-0.79950676978217
LOC111133353,-0.0477489775981779
LOC111101662,0.151128313630208
LOC111100044,1.39943050172619
LOC111108678,-0.736203227549212
LOC111101475,-0.309997046446895
LOC111129797,-0.214463083861302
LOC111129401,-0.78728242888673
LOC111115443,-1.69731479259681
LOC111111720,-0.428609486400049
LOC111120969,0.3933340824226
LOC111130734,0.240343445681166
LOC111137380,-0.531729158507511
LOC111125363,0.284383480164088
LOC111114755,-0.42755079636237
LOC111123199,0.4909219678115
LOC111113224,0.720189025805872
LOC111110607,-1.00149553396275
LOC111103450,-1.18959191278409
LOC111131225,-0.0605687894587024
LOC111132406,-0.933024686361059
LOC111122806,0.0452308171278859
LOC111123294,-0.0431696640460855
LOC111136262,-2.81107966130148
LOC111100556,1.75183868282928
LOC111108966,0.454752516065858
LOC111138007,-0.616587115641498
LOC111120145,-2.66246440149047
LOC111136646,0.786484166648434
LOC111114334,-0.414682626417243
LOC111111505,-0.306277207072226
LOC111137616,-0.0302769543303485
LOC111132810,-0.0931992893164499
LOC111125420,-7.64715527135146
LOC111104025,-0.253040853850941
LOC111110202,0.488638195573982
LOC111100149,-1.77642343577818
LOC111112219,-0.147756168103197
LOC111134339,0.661050519318018
LOC111130090,0.171729006877596
LOC111104661,-1.99483140574044
LOC111100656,0.780393871114859
LOC111130342,-0.027033093626043
LOC111111198,-0.0911525362223299
LOC111108588,-1.02515410413408
LOC111136198,-0.715444808989234
LOC111126259,-3.56872383250797
LOC111103001,-1.55768799484095
LOC111105421,-0.653020332381953
LOC111138288,-0.746523063043258
LOC111129526,-2.48938327926256
LOC111131779,-1.57960517077499
LOC111112630,-0.449458481668113
LOC111132347,0.0970412658496821
LOC111102390,-0.117035346182215
LOC111124944,-1.78827322061538
LOC111128931,0.173064354620214
LOC111114908,0.749927759820552
LOC111106637,-0.346270744822567
LOC111114904,1.259417198101
LOC111116224,-0.271539605015492
LOC111135582,-0.890085914066588
LOC111115550,-0.237689910108895
LOC111122196,-0.231448606975595
LOC111129125,-0.738298642274502
LOC111099557,-2.30812827251003
LOC111126316,0.00281387205746869
LOC111122095,-0.025326322271922
LOC111134876,0.753380360247875
LOC111136920,-0.853577142426302
LOC111116722,0.352933954074701
LOC111138011,0.149864753056868
LOC111123451,0.8099011321662
LOC111130815,-1.35982663751205
LOC111114170,0.140897813444771
LOC111119039,0.152697859398996
LOC111111376,0.78864541934437
LOC111103792,0.0886210199578411
LOC111126532,0.78389400055903
LOC111119109,0.560029471568817
LOC111119330,0.384224120765404
LOC111127403,-0.0267931981126997
LOC111135154,-0.715707483558397
LOC111100282,1.00823518243312
LOC111112560,-0.23225552023626
LOC111127810,-0.0761139009999028
LOC111127096,-0.348933259234646
LOC111121398,0.955078620116119
LOC111110238,2.5463076121338
LOC111124673,-0.205121474093983
LOC111112046,0.291946694264941
LOC111104301,-1.06042628976332
LOC111116167,0.156133910143694
LOC111134593,-0.547724021319159
LOC111127104,0.510061841963506
LOC111134386,0.233361890600736
LOC111129594,0.635745006054151
LOC111123281,-1.99887025568251
LOC111099681,-1.58293403067478
LOC111135519,-0.851030091918014
LOC111125501,-0.379904097790594
LOC111122593,0.110462694476463
LOC111099523,0.326808720453228
LOC111127593,-1.34902033881401
LOC111123760,-0.430387559902146
LOC111100190,-0.266429028494776
LOC111120134,-0.744844346061043
LOC111133463,-1.0517780366895
LOC111126430,0.135065111904653
LOC111123569,0.12061841947107
LOC111115337,0.0388024895547783
LOC111100704,-0.0163210738158747
LOC111104966,-0.00351964408631794
LOC111135145,0.0356492917333757
LOC111117066,-0.153975644762309
LOC111130723,1.55574777045481
LOC111129229,0.129829510729628
LOC111119630,-0.366735566222275
LOC111121577,-0.208656715397299
LOC111114234,0.466281501672313
LOC111099217,0.734192440132881
LOC111122027,-0.355084839024989
LOC111126050,-0.751271196047722
LOC111101857,-0.634139557973776
LOC111135139,-0.652070325895466
LOC111111546,-0.150962439774719
LOC111112858,-0.120689495104765
LOC111107414,-2.26518513770341
LOC111104664,-0.133359345335654
LOC111102685,1.03042195552942
LOC111119298,-1.56384381151917
LOC111112159,-1.54705557953138
LOC111102674,0.0858417208142991
LOC111125291,1.0944711026724
LOC111109714,0.0229416674228196
LOC111112401,0.0602855948510287
LOC111115218,-0.158975857525617
LOC111130921,0.242379789903773
LOC111133386,0.114886416589174
LOC111099927,-0.176518392127369
LOC111129138,-1.7598308954305
LOC111118975,-0.117048232370678
LOC111118263,-1.58429454021802
LOC111137527,-0.812524941414269
LOC111105536,0.00442862885933944
LOC111126187,-5.19941192516386
LOC111111186,-0.815922379173592
LOC111103976,-2.44881495114505
LOC111108344,-0.390429334185011
LOC111108848,-0.538021925145736
LOC111123780,-0.313623268768094
LOC111130375,-1.32638680272799
LOC111121393,-0.239349058977398
LOC111131081,0.0403043739854035
LOC111113954,-0.0199606561708549
LOC111134009,-0.583388095641514
LOC111108522,0.113854648096876
LOC111100936,-0.187587127589987
LOC111138094,-0.841930074663292
LOC111130391,0.719678033647578
LOC111125038,-0.121032232276883
LOC111121571,0.77477146095692
LOC111107748,0.00693144697737556
LOC111137105,0.0553101610052217
LOC111125644,0.875175162644175
LOC111108137,-6.38755097562056
LOC111104628,-1.12675150902493
LOC111109761,-0.38332059094363
LOC111126577,0.272120691446819
LOC111136383,-3.84942118284389
LOC111134976,-0.0334172069862742
LOC111114906,-0.239179130680025
LOC111124158,-0.192816119454041
LOC111137852,-0.367060842253604
LOC111138145,0.241703151540495
LOC111135841,-0.0283754009443094
LOC111127970,-1.6041486632601
LOC111100655,-1.24107840987593
LOC111121159,-0.909804297459339
LOC111103902,-2.72137423120477
LOC111103132,0.277233009640522
LOC111119804,-2.08385064457051
LOC111114617,-0.676103269455884
LOC111104639,-0.105149924368672
LOC111126975,1.33793172940119
LOC111102801,0.358334817720105
LOC111120445,0.679772391328728
LOC111136233,-0.135258340724107
LOC111129067,0.0260492477055419
LOC111099191,0.200225972059287
LOC111131654,0.716272287694319
LOC111103500,0.460328531678071
LOC111126055,-0.95894550308302
LOC111131399,-1.14061671332674
LOC111119989,0.0127325904280658
LOC111118665,0.295057801819229
LOC111124495,-0.190235938449868
LOC111123432,-2.07793138760819
LOC111113214,-2.05497991738837
LOC111126731,0.940305057297512
LOC111134849,-0.380749511823033
LOC111121687,0.90934705549406
LOC111130131,-0.158640395284873
LOC111113029,-0.714010459520184
LOC111118359,0.208321615553196
LOC111130926,1.72704029253032
LOC111099461,0.373446122068034
LOC111101791,-1.07877592756797
LOC111108438,-1.18327316934573
LOC111101330,0.0954587611173395
LOC111128118,0.240052918019656
LOC111111816,-0.802465792023111
LOC111137538,0.211307908784179
LOC111128945,0.453509518811
LOC111119577,-1.38916924446349
LOC111137553,0.29248285372673
LOC111119159,-0.138430197321256
LOC111100810,-0.254915754475165
LOC111100218,-0.258876155517206
LOC111113184,-0.385200920092696
LOC111101816,0.0362713245206262
LOC111130585,-4.81147641882504
LOC111123023,0.117337945643278
LOC111106811,-1.22270237527948
LOC111138090,0.0460545803682533
LOC111106781,-1.2626994100587
LOC111120266,-2.39351828960822
LOC111118469,-0.0644489926153646
LOC111131180,0.401100873261331
LOC111120065,-0.0806718131546915
LOC111123127,1.50656509590022
LOC111106234,-0.230778381704637
LOC111130178,-0.687048826533303
LOC111138147,0.167424153368807
LOC111134782,-0.0933034133411124
LOC111118361,-2.86699338754952
LOC111122697,0.562417952087411
LOC111115816,0.323538505417995
LOC111136516,-0.11870783347779
LOC111130401,1.67204937826021
LOC111137310,-1.34788832734127
LOC111129391,-0.0354556938490711
LOC111137078,-1.29571680679499
LOC111127512,-2.01876547536273
LOC111128022,0.210020061958436
LOC111129508,0.633491591417438
LOC111133551,0.208331814837623
LOC111131645,-0.936967153253713
LOC111106460,0.0419363922341234
LOC111125859,-0.122084745499028
LOC111117607,0.0421799845410492
LOC111133787,0.047443177619689
LOC111118649,0.0637072123366585
LOC111132712,-0.152163752579005
LOC111134486,0.534944655803754
LOC111105847,0.128804312297342
LOC111137459,-0.135272564257264
LOC111104368,-0.202601506647262
LOC111128083,-0.225486939733705
LOC111102171,-0.726291293731385
LOC111106293,-1.30511553406282
LOC111134716,-0.85332325560549
LOC111124388,-0.046163565511071
LOC111109775,0.00403295155711997
LOC111132130,0.365897327267101
LOC111124284,0.756693547369761
LOC111128027,0.357144169819454
LOC111124881,-0.0870828139114198
LOC111133383,-0.18726133047581
LOC111102380,-0.25019618190461
LOC111135593,0.914861130720129
LOC111105295,-0.268336599233168
LOC111115063,-2.75210747278955
LOC111130965,-0.464999009610119
LOC111099206,-2.72219600394913
LOC111124378,-0.210377229983688
LOC111109070,-0.454261723276411
LOC111135430,-0.088336594019461
LOC111130244,-0.14474068390676
LOC111110658,-0.589388488190344
LOC111132075,0.615289760463141
LOC111128346,0.272291060242099
LOC111101747,-0.152525232143694
LOC111116139,0.0628550940429734
LOC111100607,-0.468563713103992
LOC111105396,-0.511523530330293
LOC111136594,-0.567712828074976
LOC111118895,-0.910433204526526
LOC111128485,0.411104307604948
LOC111136453,0.00845758804462825
LOC111134540,0.365163308798952
LOC111109899,-1.73520084031651
LOC111129979,-0.0172964243123931
LOC111108426,0.182750459247217
LOC111124015,-1.57366144834941
LOC111117393,0.290881582529253
LOC111122554,-0.406121922745958
LOC111112859,-0.529539900615393
LOC111113677,-0.317259287058563
LOC111136721,-2.12702935424277
LOC111116373,-0.156036948908256
LOC111136900,0.436504914533565
LOC111100974,0.584630589210684
LOC111099945,-0.352270233241369
LOC111128251,0.577154367304985
LOC111128698,-1.04618788717905
LOC111133703,0.0449436655346111
LOC111128694,-0.346796379713266
LOC111134053,-0.746773281739006
LOC111113107,-12.1138746809196
LOC111134432,-1.31697326224661
LOC111122914,0.379262700533924
LOC111115541,-0.856205202126348
LOC111125004,4.80718225757635
LOC111109616,-7.46265112479853
LOC111137033,0.573728615689902
LOC111120417,1.74531187819876
LOC111130007,-1.29664004299261
LOC111133986,-0.0842221608798191
LOC111128874,1.38273056598648
LOC111111813,1.43342458437056
LOC111132144,0.503384580647749
LOC111127815,0.60921250584141
LOC111103184,-0.0146291529307533
LOC111128437,-5.18227707704975
LOC111111537,-1.56391601938562
LOC111107068,0.417223428324868
LOC111102771,-0.398395225546903
LOC111112705,0.324845090559857
LOC111107098,0.593833579289296
LOC111121455,-0.90359101568247
LOC111110879,0.197106826409197
LOC111102125,0.424633576539611
LOC111100187,0.269505504571834
LOC111127363,0.385843215285411
LOC111100820,0.0560576336098239
LOC111116935,0.485400974146634
LOC111105170,0.827983872564634
LOC111125484,-0.374738273295878
LOC111117865,-0.647046643571254
LOC111120527,-0.158781753912326
LOC111115330,0.581774427038413
LOC111122906,-4.37210891565224
LOC111101144,0.275122295608435
LOC111112080,-0.129793353305946
LOC111109066,0.194383716295825
LOC111132265,-0.304715248304915
LOC111119674,-1.28468687031525
LOC111119565,-0.854251120919617
LOC111126490,-1.11099171543837
LOC111130572,-0.495956255149
LOC111137260,-1.21515453228752
LOC111120344,-1.30341740586771
LOC111101032,0.396254069789815
LOC111119406,-0.736018099749775
LOC111099424,-0.1041947600452
LOC111111258,-0.108661009574939
LOC111117979,-0.0858318883838868
LOC111110519,0.516210150697846
LOC111104135,-0.158556307997129
LOC111110408,0.00289249627304399
LOC111120973,-0.321558994904156
LOC111137200,0.404886338424014
LOC111104099,-0.333376079975663
LOC111110065,0.515738065339441
LOC111117423,0.35674125913918
LOC111107894,0.0286853939619818
LOC111126455,-0.90926512657076
LOC111107697,-0.302501155677299
LOC111125778,-2.32168282161143
LOC111132453,0.112557245909624
LOC111100938,0.34991722081521
LOC111120760,0.143717527662989
LOC111106093,-0.272119474264069
LOC111122353,0.109621372028106
LOC111120598,-0.648517793496755
LOC111120011,5.0390070802528
LOC111105763,-0.498042465556946
LOC111125380,-1.94929727844984
LOC111114171,-0.00873267358541002
LOC111123548,-0.187758111813603
LOC111113905,0.270463741835326
LOC111110161,0.0141341072997916
LOC111122609,-0.664522896072272
LOC111108568,-1.12853168417147
LOC111120102,0.0764657427100871
LOC111133239,0.470600687414882
LOC111103736,-1.94919232705766
LOC111106015,-0.00198780560337271
LOC111133521,-2.4519497648638
LOC111137388,-3.42915997869112
LOC111107313,-2.79323744417326
LOC111106632,-1.08748437251003
LOC111129924,-0.404543430708715
LOC111108534,2.66684882341267
LOC111113132,-0.916666284675924
LOC111100665,-3.72186188330228
LOC111112487,-1.0516600044277
LOC111131129,0.502560333650327
LOC111126090,0.427575232296879
LOC111122871,-0.765372603809524
LOC111131874,-0.244260838469887
LOC111122967,0.630947306141636
LOC111129463,0.362585007518407
LOC111121298,0.338066358445363
LOC111116732,-9.64609078118203
LOC111107518,-1.63389637813998
LOC111101208,-0.0100696310646447
LOC111135723,0.647511160520839
LOC111118760,0.204472023468096
LOC111108364,-0.0648858321599372
LOC111099659,-2.16890265314504
LOC111129141,0.698608600300433
LOC111112111,1.502320947292
LOC111104541,-0.366424634999709
LOC111101980,-4.36140472289884
LOC111110770,0.530920522848913
LOC111121132,0.244338315114202
LOC111099211,0.497656012331284
LOC111137575,0.0465960583210403
LOC111115120,-0.362205740482624
LOC111137794,-0.0520856222144843
LOC111137321,0.469985219603028
LOC111137326,-3.0476344180267
LOC111123823,-0.23417274222516
LOC111136528,0.17698930137769
LOC111120677,0.00768698181963685
LOC111122722,-0.425344650316322
LOC111137177,-0.528762578064905
LOC111106964,-0.307235095363909
LOC111104315,-0.664024731400794
LOC111115497,-1.16183096603028
LOC111115887,-1.65164149641904
LOC111124373,-1.76219670123519
LOC111133280,0.352910820479611
LOC111137454,-0.515261106867276
LOC111137630,-1.32357712996406
LOC111131234,0.102439244943205
LOC111135000,1.90333243192783
LOC111136092,0.792737344213148
LOC111114640,-0.0614211212611398
LOC111108912,1.09756994791211
LOC111136533,-0.486199432522426
LOC111124104,-3.26366211717241
LOC111123779,-0.377916702947329
LOC111134588,0.361115461074437
LOC111129951,0.472819342936128
LOC111106427,-0.445056830694105
LOC111136087,0.996674063050522
LOC111136030,2.40936995126664
LOC111115662,0.175467125453111
LOC111102463,1.50563832326327
LOC111123743,0.639117538614064
LOC111122730,-2.02607411861709
LOC111126351,0.604237394947422
LOC111105520,-0.0445330445976924
LOC111125308,1.59194101144864
LOC111114700,-0.286656078048302
LOC111138129,-0.0968998912033249
LOC111111732,0.0845747950808351
LOC111104060,-0.782038956720049
LOC111102639,0.656830972672625
LOC111114659,0.194034326442955
LOC111126574,0.540047834809954
LOC111100158,-1.68893847315575
LOC111135790,-11.9660809635527
LOC111117750,-0.12751256374987
LOC111123901,-0.554349188197173
LOC111124901,-0.146303148081901
LOC111133222,-0.393852070126207
LOC111104280,-1.13708379880418
LOC111137455,-1.11756104907987
LOC111104631,0.164384301686185
LOC111127983,1.91253799292157
LOC111126862,0.214630018622261
LOC111100379,-1.16964236240682
LOC111129660,-1.01091631204338
LOC111113120,-0.720938309291289
LOC111132908,-0.678454266831458
LOC111118601,-0.656327630973759
LOC111136983,-1.17877741265527
LOC111131552,-2.06186670393961
LOC111132656,-0.836097079463112
LOC111122251,0.247053507073469
LOC111110123,0.0335115991542448
LOC111117494,-0.262903826203709
LOC111120695,0.269099505840117
LOC111108105,-0.592997770240407
LOC111122391,-0.30915656268331
LOC111122682,-0.397036810244866
LOC111099203,-0.749693605123577
LOC111137890,0.0475968074323361
LOC111108103,-0.376608592587473
LOC111119527,-2.02638798875868
LOC111114681,-2.36654282588149
LOC111123155,1.10016067137097
LOC111131818,-4.63728616617192
LOC111135836,0.622343821306434
LOC111121738,-0.24484644502087
LOC111108375,-0.560735176306379
LOC111135414,-1.2227148519784
LOC111132303,-0.584226183307896
LOC111136918,-0.16910828827256
LOC111106423,-0.239880059676654
LOC111129282,-0.916354720272306
LOC111117538,0.0576004839471514
LOC111107788,-1.46907592707035
LOC111127212,-0.166650271164889
LOC111121868,0.0373961896453359
LOC111116437,-0.283946592888872
LOC111130756,0.427900591047312
LOC111134843,0.0116888726172148
LOC111137496,0.537150799572955
LOC111116709,0.0161032829399357
LOC111100468,0.0226478809035679
LOC111124102,-0.295808235758113
LOC111127420,-0.0416729805006721
LOC111111934,-0.124873158175112
LOC111128086,-3.19627449803695
LOC111101035,-0.380266384518321
LOC111137706,0.0103991583283998
LOC111121999,0.748473001826484
LOC111120753,-0.212986433590956
LOC111123269,-1.0085617165049
LOC111131306,0.334124527915111
LOC111104922,-0.415268734903954
LOC111117292,0.448383045029471
LOC111131374,0.469858200935411
LOC111125009,-0.00064339121098049
LOC111135223,0.0981822231919029
LOC111133903,-3.12089665028435
LOC111120890,0.0220594502463207
LOC111108587,-0.596163063008548
LOC111116005,0.288075010360885
LOC111124829,0.759872512381486
LOC111114938,-0.228530296821127
LOC111123486,-0.84406803960039
LOC111129667,-6.50015636350413
LOC111111304,-0.589217614218641
LOC111119071,1.07603532073197
LOC111121055,0.437308153688698
LOC111111498,0.146002756252386
LOC111128211,-0.60075509021657
LOC111115074,-0.202208966484224
LOC111120199,-0.622772516616992
LOC111129379,0.391684971167898
LOC111116317,-0.161174084017623
LOC111122118,-1.16764318097786
LOC111116844,-0.317063317506457
LOC111132419,-0.905912666148458
LOC111110565,-2.31684442027232
LOC111137685,-0.0394140313067872
LOC111138195,0.471485898678987
LOC111134504,-0.261247588407191
LOC111103140,-0.259107833242448
LOC111123818,-1.16384334510642
LOC111135842,-1.86237635346191
LOC111123911,1.17714709421885
LOC111115195,0.074237607328005
LOC111123867,-5.25020167236534
LOC111117769,-0.475857610677785
LOC111128062,0.532299646487699
LOC111116062,-0.0514795118902514
LOC111108895,0.105935803792034
LOC111113289,-0.424663607384555
LOC111135701,2.30063909544305
LOC111108052,-3.24198724531814
LOC111134300,0.852495007184482
LOC111100575,1.60323332340767
LOC111101056,0.509271929146806
LOC111106329,-0.576247856507193
LOC111106702,-0.10216480647448
LOC111124915,0.721638809919126
LOC111119277,0.931006334483864
LOC111130389,0.652942739262569
LOC111106878,-0.540886415183496
LOC111119117,0.0804769273606495
LOC111102556,0.352193467853719
LOC111115260,-0.318685900540627
LOC111138001,-2.42352687089495
LOC111132755,-0.422189576880863
LOC111123953,0.280233744039193
LOC111111499,-0.377821175157625
LOC111125369,-2.90863537304319
LOC111102993,-0.433648567990069
LOC111132885,-0.872868486481276
LOC111129252,0.0325375064564371
LOC111103844,0.117891155365781
LOC111133844,-0.0689508103829546
LOC111132208,-0.223331279144411
LOC111111130,-0.375102964299018
LOC111109412,0.401193618429452
LOC111133190,1.29413714923549
LOC111106927,-0.293937310352445
LOC111134403,0.108667521412762
LOC111101543,0.60410048239377
LOC111119427,0.574494490012848
LOC111125584,-0.254473642515827
LOC111133863,-1.06369592035141
LOC111133622,-0.0499307301426734
LOC111103128,0.407836203397055
LOC111099613,0.339148768863451
LOC111117909,1.46123063674854
LOC111115052,0.10025365369825
LOC111109902,-0.0374974561928892
LOC111106065,0.33266416021362
LOC111120235,-0.440564203681317
LOC111134826,-1.73244957092983
LOC111137868,0.974185686565805
LOC111119074,0.57499173195263
LOC111111832,-2.79731684230339
LOC111109993,-0.216484973914114
LOC111132982,0.500511369504378
LOC111129297,-0.256794650858375
LOC111100237,0.701932500735496
LOC111119719,-0.356829153200974
LOC111112176,3.73519231581865
LOC111124754,1.02409827154485
LOC111135847,3.15975160624969
LOC111126267,-0.873160930996763
LOC111135262,-0.177789720452927
LOC111137020,-0.793845221486316
LOC111099207,-0.0850086789480475
LOC111132107,-0.608803032304551
LOC111133396,0.295665703524616
LOC111118097,0.0398714772797069
LOC111130053,-0.405796338239414
LOC111118187,-0.418292649747912
LOC111103273,0.274642858039029
LOC111132036,-1.06111554039138
LOC111108266,-5.98253950190368
LOC111112749,-1.11011291753742
LOC111134105,-1.6878815773267
LOC111130560,-0.141761285734775
LOC111124263,-0.653270633546418
LOC111102774,0.659853859553952
LOC111101008,-0.27026674418311
LOC111104057,0.291086282891869
LOC111118033,-0.173331600434827
LOC111126994,-0.161267997598887
LOC111101554,0.959969155621237
LOC111134007,-0.132984678461778
LOC111116805,-0.074400994367594
LOC111133838,1.24622268032555
LOC111100182,-0.59821727820924
LOC111136729,0.766686145388704
LOC111119741,-0.690302362956555
LOC111129245,0.706738851702317
LOC111104003,-0.447301934609786
LOC111119383,-0.135069859899829
LOC111117452,-0.540773415136374
LOC111126526,-0.111154400676707
LOC111119003,-0.108254089672193
LOC111136911,-1.82806469169961
LOC111133707,-1.10792118040326
LOC111130379,-1.63322797483868
LOC111130839,0.121984444395837
LOC111116039,-0.0152897818822405
LOC111109475,-0.168608600082797
LOC111134052,0.0831040432416193
LOC111138057,-0.718271069152351
LOC111122820,-0.0489228033271648
LOC111113199,0.820423041721455
LOC111124117,-0.0657056022409426
LOC111124116,-0.470037348930113
LOC111108657,0.227506296781048
LOC111102478,0.334202042131558
LOC111119803,-0.637595322235839
LOC111123942,-0.914122376225353
LOC111130686,-0.0100117328467324
LOC111103007,-0.301209161258175
LOC111107009,-0.190808340093554
LOC111113733,0.238620555696275
LOC111119642,-1.07110465761282
LOC111119643,-0.607725263313952
LOC111134815,-0.0560216750266246
LOC111127492,-0.123668181011423
LOC111101303,-2.19259906470681
LOC111129836,0.837904231416293
LOC111131289,0.029922357890856
LOC111111655,-0.534531095335514
LOC111102858,0.0542996986312701
LOC111115282,-0.0257684459961442
LOC111117812,-0.214283259153604
LOC111135892,-5.94342072516728
LOC111136922,0.326358029493267
LOC111133197,-1.06527274116344
LOC111136312,-0.384502908733151
LOC111119556,-0.211498453138161
LOC111125922,-1.66027145232178
LOC111118210,0.0468321294093294
LOC111121033,0.144703876840473
LOC111115531,0.216367382628571
LOC111116915,-1.43123515518229
LOC111137302,0.00830863531797486
LOC111106616,0.0418326607877167
LOC111118953,0.154333097613405
LOC111100074,1.27659117356984
LOC111113355,0.70666953916961
LOC111101121,0.00929814677623557
LOC111123629,-2.28099732437057
LOC111134417,-0.120350100981133
LOC111109641,-1.21830567476898
LOC111127925,-0.191533898662446
LOC111107014,-0.613673678592089
LOC111100506,0.00219424869933992
LOC111117896,0.293070215433845
LOC111136252,-1.40153082772246
LOC111122773,-2.82326012552447
LOC111099793,-1.35480373958053
LOC111105268,-0.346126576660949
LOC111131740,-0.583109430572738
LOC111108403,0.0526860885811301
LOC111119894,-1.62297883032813
LOC111122838,0.448688941878568
LOC111136321,0.68380454669863
LOC111131266,-1.31586334273291
LOC111113831,0.139996335871144
LOC111099676,-0.745087488981538
LOC111099149,0.032629709310245
LOC111130419,-0.231983487843517
LOC111137120,-0.541697027270104
LOC111126566,-0.0476725082829695
LOC111100063,-1.06001216606203
LOC111130795,0.963789159151968
LOC111135404,-2.03075643351056
LOC111122031,0.0610589966259627
LOC111134363,-0.209802884393882
LOC111127649,-5.85423797811002
LOC111128943,-2.08659931027653
LOC111134109,-0.208386124277543
LOC111122298,0.136052846036759
LOC111135978,-0.0513600482667738
LOC111123084,-3.61187061515946
LOC111108325,-0.455912215558555
LOC111117626,-0.545073980551387
LOC111101239,0.329779665258172
LOC111137545,0.218847343732263
LOC111129983,-0.535354488105964
LOC111122335,-1.46975452556567
LOC111138387,-0.646550172101808
LOC111136045,-1.89592497690376
LOC111134064,4.27977583639872
LOC111111343,0.0242765909011791
LOC111099197,-0.507150774995618
LOC111130347,1.00947735253338
LOC111115123,-1.33203025901241
LOC111130295,-1.40663834600235
LOC111121307,-0.585419958726035
LOC111134847,0.367526980404845
LOC111114960,-0.193608343560706
LOC111100670,-0.540855792598441
LOC111133299,-1.6429038195524
LOC111105871,-0.139688955833391
LOC111124190,0.358556099970578
LOC111108127,-1.38567274064164
LOC111118303,-0.184261189122608
LOC111120262,0.172865180281176
LOC111125109,0.231161108827412
LOC111104088,0.215891229187112
LOC111111705,-1.70698319527301
LOC111136002,-1.26857156371778
LOC111117845,0.0266601771684519
LOC111114432,-0.558015594797974
LOC111120750,-2.07955770576926
LOC111102659,-0.128399297267692
LOC111112011,-0.379782180919924
LOC111101731,-0.0495170957685429
LOC111131418,-1.03562123434771
LOC111102448,-1.21540560313001
LOC111122193,-3.02464848226301
LOC111118743,0.102056903599861
LOC111103603,-1.03248267330078
LOC111129996,0.836391379905689
LOC111126911,-2.26675412185658
LOC111115763,-0.0549726854818951
LOC111105280,-1.35328386225608
LOC111130190,-0.942359647310215
LOC111101489,-0.132041416443501
LOC111134060,-0.626229006793137
LOC111117928,-0.0879956838059457
LOC111105041,0.390278272370041
LOC111128327,-0.45778536463505
LOC111099646,-0.376215094785145
LOC111130667,-0.72233590219911
LOC111130240,0.508206333693711
LOC111136171,0.244938427745385
LOC111135394,-0.324883913736024
LOC111117616,0.0731519211445315
LOC111134006,-1.81757189662552
LOC111123640,1.76450435291889
LOC111137661,0.714040627671282
LOC111119681,0.169043591715146
LOC111130807,-0.315379058726031
LOC111111556,0.223848012529123
LOC111135507,0.330197132521613
LOC111130497,-0.290773482413562
LOC111132816,-0.399473578658227
LOC111109303,0.0500805229632403
LOC111129908,-0.896166830279732
LOC111106621,-0.181640943078964
LOC111135608,0.2024549233949
LOC111099929,-0.00126745450681349
LOC111128730,1.51493109315397
LOC111106874,0.0390976379740019
LOC111101465,-0.899606021485596
LOC111137541,2.69825389871101
LOC111100417,-0.887205743073322
LOC111108437,0.839845534252654
LOC111106170,-0.654487833123276
LOC111118768,-0.0893003436627529
LOC111103796,-0.216687258534736
LOC111121348,-0.253667535366202
LOC111130726,0.994418284997798
LOC111135108,0.253476997672897
LOC111121674,0.146515427042086
LOC111131761,-0.806299754295427
LOC111131820,-0.876591217941239
LOC111135742,0.352774354793675
LOC111135726,0.0485247750729231
LOC111112611,-0.312365128861622
LOC111112610,-0.372856896749951
LOC111117815,-0.258842456422665
LOC111130644,0.532755140601266
LOC111130714,-0.228910954937292
LOC111126041,-1.34311626664362
LOC111124910,-1.63865403717449
LOC111126825,0.100168432455741
LOC111123519,-0.221723123273249
LOC111133232,-4.87134616129797
LOC111113374,-0.275448270266332
LOC111132865,0.782199966684913
LOC111121857,-3.47855243578788
LOC111120876,-0.189846195479874
LOC111138520,0.196307468208373
LOC111129123,-0.534616045399676
LOC111135063,-3.50118064476124
LOC111118985,-1.68761205898969
LOC111119783,-0.660007144503477
LOC111137783,0.327605082373446
LOC111128676,0.197566471633269
LOC111120817,-1.6927962738096
LOC111108468,-0.315866879956129
LOC111132230,-0.199835026928775
LOC111130633,-0.480109191057369
LOC111116114,0.257086183984292
LOC111127057,-0.865219746109647
LOC111106921,-0.274315824025255
LOC111107574,-0.165220147854388
LOC111120165,-0.580247464756571
LOC111129847,-2.17186482516092
LOC111126142,-0.323132918613809
LOC111122091,0.121449055631915
LOC111119568,0.306280088835266
LOC111138225,-0.345404340850865
LOC111123247,-0.228472326602933
LOC111106090,-0.2023211852386
LOC111101648,-0.916294702247469
LOC111124372,0.203777899645188
LOC111136893,1.40731103676082
LOC111127253,0.794955224236579
LOC111099174,-0.162754048080416
LOC111110903,-0.0967784840320436
LOC111131535,-0.248271536692798
LOC111127976,0.498593108240785
LOC111133376,0.115317257217726
LOC111108296,0.506662253736186
LOC111104796,-0.441975689776149
LOC111130615,0.174100392898485
LOC111135311,-0.207949418709085
LOC111134961,0.175034261547822
LOC111138050,-0.35606924001539
LOC111117068,0.546825254359688
LOC111104981,-0.0315726084819579
LOC111128339,-0.00484748451179859
LOC111100554,0.152372114756644
LOC111103868,0.0539653766251021
LOC111118625,-0.218537657296545
LOC111126075,-0.0364163404898814
LOC111118029,-0.0786443732490582
LOC111117481,-0.0913543037135703
LOC111107005,-0.541823917720139
LOC111103632,-4.12939929644734
LOC111131626,-0.104123746033392
LOC111108429,-0.0806578660833409
LOC111120987,0.282471584929253
LOC111101252,0.408073214258612
LOC111131053,0.619347930113408
LOC111117189,-0.220239391474579
LOC111104414,-2.05523544505805
LOC111136077,-2.72659880640716
LOC111108480,-0.396349628699511
LOC111134935,-0.142332752064225
LOC111103548,-2.02554502925702
LOC111103618,1.17882236802247
LOC111118383,0.839172639930238
LOC111105745,2.03953845791904
LOC111128377,-0.654022146331968
LOC111129548,-0.403851058041046
LOC111103967,-0.302484461104205
LOC111118011,-0.525934770884682
LOC111135020,0.0341518707838467
ND2,-0.318478311340214
LOC111107542,-0.973694668889476
LOC111120430,0.2148663823472
LOC111111701,-0.398754258833716
LOC111111222,-0.141708918952237
LOC111132562,-0.0417296432710575
LOC111126961,0.0402104919964917
LOC111118503,-1.82119017946495
LOC111118254,-1.16602814779277
LOC111101157,-0.487402090999818
LOC111127178,2.25310753293438
LOC111130578,-0.0932991070595924
LOC111125229,0.647858888831732
LOC111104153,-0.963702697024017
LOC111117972,-0.288647388233507
LOC111133290,0.0857861179690258
LOC111108163,0.350291354753862
LOC111114451,-1.86490823422058
LOC111134536,-2.64268431653894
LOC111116933,0.199913904960296
LOC111129415,-0.520858836804598
LOC111122010,0.801621482211407
LOC111121200,0.310680596229229
LOC111133973,0.112702593883687
LOC111133512,-0.0723192989777956
LOC111124107,-0.165841534763448
LOC111099994,0.463235423827321
LOC111114196,-0.532350481552303
LOC111123604,-1.31386262547965
LOC111121808,-2.04623463157978
LOC111121949,-0.334111576358573
LOC111110106,-2.30383198266221
LOC111133937,-0.447870661272773
LOC111114898,0.0470686437900675
LOC111136033,0.681444791120809
LOC111118710,-0.470211226310434
LOC111110931,-0.0934427565467701
LOC111125483,-0.875525181859767
LOC111112491,0.155991380582741
LOC111123325,1.58987842680094
LOC111112098,-0.0109126772971074
LOC111100641,0.436478049042106
LOC111132896,-1.01008847826456
LOC111111571,0.167565909973363
LOC111100416,-0.519862204192745
LOC111124508,0.730234684348493
LOC111115426,-0.387970783349259
LOC111126611,6.59303538389775
LOC111136221,0.0767589848844594
LOC111126021,0.157044313845488
LOC111133778,-0.950405497673311
LOC111106128,0.0909918300888195
LOC111107765,-0.415174464678182
LOC111136250,-0.190107331373979
LOC111104818,-1.06332875241545
LOC111103722,-0.449498505174487
LOC111111366,-0.309151725907269
LOC111124090,0.493767611308697
LOC111106440,-0.355258400968147
LOC111121826,-0.966461730290361
LOC111136758,-0.935354786065727
LOC111132575,-0.359852186354078
LOC111104154,0.00317797621596604
LOC111108474,-0.918966515691735
LOC111104595,0.607319551561831
LOC111121877,-2.12345558520921
LOC111125504,-0.581527693293581
LOC111137617,1.10782801161621
LOC111134638,0.520017003293526
LOC111103175,-0.413330540874847
LOC111116861,-0.467930283792029
LOC111128325,-0.644094879051786
LOC111128153,0.315921287962175
LOC111107394,0.160246353728874
LOC111112948,0.246333881150691
LOC111135522,-0.200438551948995
LOC111120310,-0.638584809405062
LOC111129481,1.2120955451772
LOC111133739,-0.850094746857161
LOC111112187,0.324226120445412
LOC111124808,-2.39938153141837
LOC111132054,-2.77860016241295
LOC111129322,0.216483581486182
LOC111138263,-0.0162784057380942
LOC111100803,-0.542201392967969
LOC111122706,-0.0490725678038369
LOC111120921,-0.431370187960504
LOC111128761,-0.427341546593819
LOC111129742,0.438448207650233
LOC111120930,-0.364143848689342
LOC111104839,0.256292461220584
LOC111121094,-0.22824551864959
LOC111125468,-4.27459469276435
LOC111108354,-0.00240821245046111
LOC111106331,0.70152640342618
LOC111138493,-0.848237747156315
LOC111116818,-0.347368603486321
LOC111108022,3.48239693454787
LOC111111173,-0.326492882684765
LOC111108643,-0.0080659010364751
LOC111099776,0.234118238179574
LOC111105846,-0.227462094630224
LOC111120458,-0.172411770396725
LOC111110566,-0.339374779828673
LOC111125256,-0.418796502772629
LOC111100639,-0.323318781850416
LOC111132413,0.664991640771847
LOC111123433,-0.261472071448082
LOC111123986,0.614980861010366
LOC111137025,-0.00873207240975758
LOC111126403,-0.659072133105916
LOC111119763,-0.0328502647586076
LOC111133848,-0.862568081929147
LOC111122737,-0.95665757351579
LOC111120978,-0.537664180666433
LOC111135630,-3.344819129242
LOC111117694,0.0747840774946341
LOC111113336,0.353731516627955
LOC111119387,0.263227758977512
LOC111124591,0.38347802041336
LOC111124848,-0.178249730214771
LOC111103959,-0.773849542395911
LOC111107018,-0.282718170338704
LOC111135113,-0.155642173112268
LOC111104480,-1.50660553958071
LOC111138479,-0.642992621208646
LOC111136686,-0.0886592372639212
LOC111105762,0.492390530989699
LOC111131813,-0.584879286804781
LOC111125244,0.168368470019455
LOC111129397,-0.0858322299593922
LOC111122886,0.366238341465343
LOC111100921,-0.25652470739111
LOC111102339,0.553603769881257
LOC111126412,-0.425710459751784
LOC111108331,0.637987219262464
LOC111106479,0.726786341474032
LOC111125908,0.150686780373769
LOC111109036,0.532404892557561
LOC111112894,-0.167221998598974
LOC111122046,0.307443092560737
LOC111132602,0.559750796361148
LOC111136931,0.106967792283452
LOC111122073,0.239803178232153
LOC111110231,-0.283351957436037
LOC111102000,-0.167718863180734
LOC111109390,-0.395460375672849
LOC111135517,-1.02433198192822
LOC111116829,-8.72820184412712
LOC111113402,-0.1915935747007
LOC111126717,0.0893915089713639
LOC111122716,-1.29126933254668
LOC111110584,-4.15260458017596
ND3,0.158840475662265
LOC111120092,0.259872536137893
LOC111110010,-0.176256001553015
LOC111133705,0.240850036699566
LOC111111845,-0.0903768681503488
LOC111128129,-3.5516193163656
LOC111137207,-0.105304141074795
LOC111133064,-0.0135558449063548
LOC111113898,0.0802996933178734
LOC111101446,0.412376141697222
LOC111125498,0.364478909173803
LOC111105460,-1.03013862028919
LOC111121486,-1.30150244544646
LOC111125153,-0.122670594431222
LOC111104805,-0.416372020892786
LOC111130721,-0.134381129323394
LOC111126724,0.554460321938149
LOC111127613,0.452181610621373
LOC111106859,0.653479868425281
LOC111099625,0.119665008402838
LOC111122287,-1.69344460827894
LOC111127334,-1.15120625246159
LOC111117536,-1.37368016741921
LOC111127644,-1.17082375082999
LOC111108548,0.425772357453975
LOC111123265,0.621423360493342
LOC111123400,-0.474333591060456
LOC111126364,-0.507053871103198
LOC111136150,-0.731438574324266
LOC111104330,-1.36885451003048
LOC111123049,1.27046639455953
LOC111104421,-1.23105026421675
LOC111121062,-0.367572450424215
LOC111116218,-3.42079545717261
LOC111104277,0.606070613770436
LOC111130719,-0.696626288240526
LOC111137952,-0.778470114046988
LOC111127768,-0.0513318849171492
LOC111119050,-0.555887103834825
LOC111135859,0.340535849681418
LOC111129657,-1.29241885399356
LOC111134551,0.487388354466195
LOC111118156,-0.026676428348025
LOC111112671,0.0594171234464756
LOC111102392,-1.54519968045888
LOC111132495,0.534588124629748
LOC111100923,-0.206509838604851
LOC111135038,-1.17408598112481
LOC111105387,0.0805013093653963
LOC111131157,0.309078389123862
LOC111114557,-0.215182920517527
LOC111124749,-4.61972850818609
LOC111125001,-1.13033264480368
LOC111125901,-1.83480921444742
LOC111103141,0.488604969376017
LOC111111106,-0.191623689147084
LOC111106314,-0.93584781801794
LOC111111646,-1.9208705838632
LOC111123108,-1.12887438322639
LOC111130584,-0.126313294580816
LOC111104444,-0.687562734093788
LOC111111671,0.211053427546447
LOC111126703,-0.307292332863607
LOC111135216,-1.48421794064992
LOC111112688,0.257556779941349
LOC111101324,0.463922623019058
LOC111101079,-3.45567868489557
LOC111117458,-0.0221846541720671
LOC111135405,-2.28748542016655
LOC111134663,0.534468155339369
LOC111113030,-0.172373336120083
LOC111103811,0.0499364177728506
LOC111135453,0.168757136615364
LOC111119869,-0.367652349012564
LOC111116003,0.0330949534109809
LOC111105380,-0.708741054354774
LOC111099049,-0.299851588295959
LOC111110726,-1.77080140222045
LOC111137182,3.03912380028494
LOC111137132,-0.154869672106956
LOC111115742,0.180588914677844
LOC111137267,0.0903986418498509
LOC111122178,1.04553870433044
LOC111138218,-3.34102199546373
LOC111123258,0.454760466843298
LOC111122131,-0.47891192234633
LOC111121756,-2.56784240708067
LOC111134323,-0.864060870310985
LOC111136225,-3.88568277155727
LOC111125593,-0.0516054877247626
LOC111105551,-2.35343389854275
LOC111134857,-0.259812792745799
LOC111135176,-5.64689315444145
LOC111104784,-0.0319918702959777
LOC111101940,-0.509021144631281
LOC111111706,-0.97071363242731
LOC111127450,0.918596078359452
LOC111122657,-0.573001164093096
LOC111130341,-0.344592996242065
LOC111131025,-0.368190833956349
LOC111105363,-0.827393237831789
LOC111108951,-1.29468865448087
LOC111129880,-0.113547757566729
LOC111127798,-2.17567504711018
LOC111103015,-1.18881003316518
LOC111133338,0.844463875721251
LOC111131213,-6.85746863725875
LOC111128765,0.119329023245233
LOC111135735,0.979059457595906
LOC111111275,0.271765997528999
LOC111132228,1.17919636936559
LOC111133819,-0.935756550013433
LOC111117350,1.22533024735724
LOC111136881,0.0870386562001281
LOC111112218,0.166317065733426
LOC111102197,-0.515756632436247
LOC111136535,-0.0148408872411802
LOC111103304,-0.210578806148203
LOC111125166,-2.05263925975827
LOC111121676,0.140417491638857
LOC111101703,-0.163896330298624
LOC111134528,0.385664926270094
LOC111111093,-0.659779537371221
LOC111111143,-0.0837990564818231
LOC111119195,-0.801901375536009
LOC111108810,0.467855600306383
LOC111109934,-0.872460491737078
LOC111127320,3.24856474006262
LOC111123414,-0.41532174472716
LOC111122535,0.0399976575158708
LOC111126789,-0.384503342739226
LOC111116161,-1.19196327270637
LOC111118823,-0.129926510113123
LOC111114537,0.556696638096775
LOC111105253,-0.157996803846131
LOC111100062,-0.268269385512415
LOC111110053,0.206763348042818
LOC111133630,-1.37150045828798
LOC111125217,-0.409278925325399
LOC111116745,0.94775124824923
LOC111111290,-1.50342369076693
LOC111118218,-2.19485685013391
LOC111109624,-0.256588762829372
LOC111122022,-0.400432168558674
LOC111118354,-0.937748587422918
LOC111110524,-1.28320794090398
LOC111104637,-0.221197456427947
LOC111110194,-1.01243691587441
LOC111126588,-0.519084228504089
LOC111128152,-0.40229936942054
LOC111125807,0.16761195163528
LOC111133155,0.473871920926456
LOC111135342,-0.245548605529229
LOC111114029,-0.506799399601513
LOC111114802,-0.230765031851599
LOC111101009,0.816059352070971
LOC111129912,1.90876603165525
LOC111100502,-1.25089714457192
LOC111134341,1.35468070373111
LOC111109786,-0.109895181984144
LOC111101263,-0.262632011309153
LOC111135772,-0.625644781621713
LOC111113422,-0.26290835071198
LOC111105816,-0.271966883949701
LOC111125285,-0.801858700677584
LOC111110777,0.560328232827097
LOC111134511,-0.662479657658841
LOC111109289,1.01573799018232
LOC111131175,0.15561326208637
LOC111131537,0.0296639307129711
LOC111135872,-1.97322987458836
LOC111099156,-0.100418777060789
LOC111113240,0.371924258387945
LOC111123968,0.0977870548311613
LOC111136048,0.0559073549107891
LOC111101292,-0.130977255957565
LOC111111837,-3.05879389735332
LOC111119376,-1.46870905985725
LOC111113680,-0.340089188943358
LOC111104200,-0.62358152573192
LOC111126250,-0.467255679754059
LOC111133535,-0.89478510934499
LOC111137466,-0.244237564043227
LOC111135921,0.0194643546184395
LOC111108634,0.223800148156441
LOC111101262,0.0148284063623202
LOC111102477,-0.30746217314369
LOC111117309,-0.533674679191455
LOC111136379,-1.48202830059686
LOC111117113,0.213318517192764
LOC111124356,-0.36814886794796
LOC111128710,0.249079077023023
LOC111125429,-0.86944682579146
LOC111099173,-0.0468785802075458
LOC111104902,0.854449952039972
LOC111110824,-1.28538351376063
LOC111134659,-4.64281452918665
LOC111127826,-0.149503953289786
LOC111107556,-0.236272163699161
LOC111112039,-0.635038717040568
LOC111112036,-2.32072780963097
LOC111138176,-0.35140321446638
LOC111135087,0.697931297185113
LOC111112015,-1.36659262956816
LOC111133256,-0.565198246512313
LOC111120076,-0.498072900000884
LOC111133717,0.156604041848274
LOC111110514,-0.167173915280392
LOC111117975,-3.16993114631262
LOC111136773,-0.577759857999735
LOC111123630,2.21071417939616
LOC111119375,0.449289925358454
LOC111104341,-1.31351899295186
LOC111103017,-1.07015960441209
LOC111118401,0.14050262943786
LOC111129860,-5.73746175582005
LOC111104967,0.759000725995438
LOC111107819,-0.39064104401896
LOC111123227,0.0603959715641749
LOC111101831,-0.403093975249336
LOC111105350,-0.0331535865180047
LOC111118943,-0.833086944107793
LOC111126524,-0.745273775614728
LOC111126644,-2.4863497115704
LOC111102113,0.488601783679411
LOC111116079,0.329441548180685
LOC111137567,-1.16151307660185
LOC111132206,-1.20035798018977
LOC111106872,-0.0791422684501868
LOC111107850,-0.324156377359135
LOC111113586,-0.0351049184550369
LOC111127397,-4.49046857755087
LOC111111112,-2.99604330941344
LOC111109832,-0.745722839052269
LOC111102923,0.217783432859737
LOC111102864,-0.36548710931854
LOC111127037,-0.660303296792048
LOC111099119,-0.0142034559210848
LOC111129089,-0.14255719471814
LOC111133177,0.426268847495879
LOC111099611,-0.301781484063211
LOC111127339,0.750422342260164
LOC111137114,-2.63593466303826
LOC111108857,-3.0287665883249
LOC111136081,-0.18921720335661
LOC111112879,1.18373903828527
LOC111132864,0.226329708409503
LOC111136051,-0.259362546625864
LOC111103511,0.51640899865661
LOC111108220,0.429097563663939
LOC111122213,-0.343371594176232
LOC111130459,-0.455675103666305
LOC111116050,-0.0177455301083955
LOC111137370,-0.13472842275273
LOC111100517,0.482555145264924
LOC111138337,0.331862283443361
LOC111104471,0.737571820050744
LOC111116607,0.447614067806264
LOC111132088,-0.329578561218161
LOC111129268,-0.645625756353828
LOC111129643,-5.47708171755353
LOC111101717,0.478590740375567
LOC111138085,-2.43327128067134
LOC111126827,0.427095128513844
LOC111123448,-0.520171263607451
LOC111133840,-0.799738661224552
LOC111110946,1.85146665974821
LOC111130611,-9.3722063418974
LOC111121709,-2.14852649543544
LOC111137339,-1.43262936922497
LOC111100511,0.0030023585938927
LOC111134474,0.477865248455986
LOC111131570,0.344631079044878
LOC111106392,0.370648816019271
LOC111108968,0.684716309935902
LOC111137980,-3.7563792205864
LOC111132241,1.09055464287359
LOC111133025,0.495308252866091
LOC111134444,-2.18953575793664
LOC111134193,-0.0620174216256446
LOC111129287,-2.03695309993719
LOC111130898,-0.169090316367234
LOC111121646,0.230941288289135
LOC111126859,-1.54630918174934
LOC111102683,-0.140180698247239
LOC111119652,-0.526131687644769
LOC111132434,-0.293880364226003
LOC111114699,-0.247615456420305
LOC111108840,0.341730462221099
LOC111099799,0.11877943962599
LOC111099643,0.677068090527436
LOC111136938,0.641925176583031
LOC111108187,1.107448920772
LOC111124121,0.141800670599099
LOC111137600,-0.385897619277338
LOC111123440,-1.90479963459045
LOC111110659,-0.769535280358376
LOC111132857,-0.320775834675087
LOC111135236,-0.550074091100479
LOC111136976,-0.0406893754824151
LOC111127903,-0.352095331431801
LOC111127086,0.743253778738746
LOC111137634,-1.53363656956924
LOC111121316,0.30766877727194
LOC111101326,-0.573359285382137
LOC111125518,-0.254268911351964
LOC111130728,-2.88255427136482
LOC111126440,-0.787316315286255
LOC111119622,-0.899158150011535
LOC111102791,-0.0047269963598896
LOC111126343,-0.841947210857694
LOC111130883,-0.149892157347588
LOC111099188,-0.251633832107175
LOC111125159,-0.334398078927821
LOC111121297,-0.889584668950932
LOC111117807,-0.177116652000651
LOC111123129,-0.185104119906679
LOC111102399,-0.488167875595511
LOC111108785,-0.380083368747671
LOC111110005,-1.04000178995373
LOC111127897,1.25832727341246
LOC111107868,-0.0366762235701997
LOC111126894,-1.3931823264576
LOC111101087,-1.89129804036417
LOC111124574,0.80298055489497
LOC111118078,-0.65109614911494
LOC111138134,-0.153930124782295
LOC111137010,-0.8626356500602
LOC111122987,-1.09882720891968
LOC111115611,-2.40013997899071
LOC111135117,0.0801986668439498
LOC111122145,-0.334376197234529
LOC111114240,-8.96326498693383
LOC111119608,0.593447971969054
LOC111134252,-0.600447911871559
LOC111129943,-0.0289736261540435
LOC111100366,0.0529132657898222
LOC111108095,-1.03975004712931
LOC111109782,-0.9964831744435
LOC111106281,-0.217317986545961
LOC111118938,-0.0064975150124671
LOC111124725,-1.51863158949493
LOC111123220,-0.502717664112181
LOC111108413,0.566217203501241
LOC111108614,0.805385012779904
LOC111132072,-0.630499054206008
LOC111114542,-0.363306774122112
LOC111135338,1.65639697338098
LOC111135589,-0.474376233915469
LOC111108691,-0.398880546206447
LOC111136316,0.0503484724387595
LOC111116834,-1.57350688401229
LOC111134903,-1.24898534185745
LOC111100111,3.36938765634194
LOC111118962,1.04505942916225
LOC111135675,0.154269978393818
LOC111128133,0.0623727259004938
LOC111115398,-0.372106674644414
LOC111101254,-0.881634786070136
LOC111118501,0.729127783229738
LOC111136849,1.07912928214247
LOC111125436,1.52781802101312
LOC111103480,-0.0361409969111429
LOC111137160,-0.674963376490091
LOC111135585,0.603428492919657
LOC111101007,-1.45595325765439
LOC111124407,0.183388307515521
LOC111123674,0.0561615711249554
LOC111102690,-0.0601247092295086
LOC111100632,-0.420146435473682
LOC111137797,0.823973360995329
LOC111100260,-0.236313851808762
LOC111103667,0.00188489091066928
LOC111125208,-1.0500435619751
LOC111137557,-0.646578104172175
LOC111102839,-0.63624542738454
LOC111106032,-3.65291020598085
LOC111136340,-1.403607258936
LOC111133871,0.453923495036619
LOC111118940,-0.986865582700635
LOC111101231,-0.133445447431502
LOC111128087,-1.10537219902838
LOC111114836,-0.945391318547242
LOC111107854,-0.231107132992554
LOC111099065,-0.00279634506397471
LOC111110413,-0.0879406574301138
LOC111126922,-0.224175895678812
LOC111106498,0.227731838388353
LOC111122254,0.528007685048183
LOC111101454,-0.103606740600435
LOC111119104,-2.83130241007086
LOC111100198,-0.0553886084942081
LOC111127580,-0.2296362384051
LOC111110043,0.232692931240671
LOC111126154,-3.33747454502764
LOC111131028,-5.25715069308996
LOC111121730,-2.13660567514175
LOC111101801,0.108870208850389
LOC111111822,-0.691947340101262
LOC111104240,0.0381039097917938
LOC111104053,2.13975774162062
LOC111103032,-0.952509952752593
LOC111105873,-0.20368579611085
LOC111110672,-0.649199370818417
LOC111138305,-0.367802645271107
LOC111135511,-1.65526991019864
LOC111124327,3.75737277018901
LOC111123687,1.20777959034827
LOC111112439,0.313951502342272
LOC111109467,-0.309288597134138
LOC111105092,-0.0707856003514016
LOC111128213,-0.535598909849807
LOC111103947,0.105898368170046
LOC111135048,-0.0139853793217351
LOC111099120,-1.17295519242915
LOC111125718,-0.249701930796332
LOC111118546,-0.377506944018492
LOC111135217,-0.187105069703595
LOC111105842,-3.80000828269333
LOC111134616,-0.386940853845729
LOC111130469,0.655370467167624
LOC111132935,1.0804725566187
LOC111135580,-0.622255700718612
LOC111110446,-3.57583592141697
LOC111131667,0.392432839708528
LOC111126667,0.137046365619515
LOC111129417,-1.66290736914293
LOC111132666,-0.67152755419117
LOC111111726,-1.24832993305212
LOC111111970,-0.714653325070938
LOC111134597,-0.523409606660622
LOC111127812,0.0162252696624664
LOC111110192,-0.254032810513402
LOC111114688,1.11368989535848
LOC111100913,-0.0875738727673884
LOC111118488,-0.225805139767721
LOC111099416,-0.355128261629983
LOC111100768,0.480019633317505
LOC111103948,-0.103478453313988
LOC111123549,-0.186911700047033
LOC111132394,-1.44701422222452
LOC111136975,-6.45391731163976
LOC111113228,0.363696613590446
LOC111137292,-0.267057707811842
LOC111119883,-0.885902815244509
LOC111101233,0.454478270207696
LOC111121043,0.0822499463321378
LOC111130176,-0.489177611235839
LOC111108655,-1.32259343905646
LOC111136400,-0.439278459420028
LOC111111051,0.834627459006811
LOC111126496,0.791646276736736
LOC111114323,-0.450374874619332
LOC111110712,-0.958690212403718
LOC111106097,-0.567170609691118
LOC111117544,-0.0563192438671923
LOC111103271,-1.24600542579529
LOC111128749,-0.280145628883535
LOC111101189,-0.0221605661876068
LOC111128450,-5.41568482344182
LOC111108179,-1.02941772908793
LOC111135164,0.360898635621734
LOC111101063,1.00125900586636
LOC111138370,-0.40692308980788
LOC111119658,4.04105682124776
LOC111111648,-0.196454626578494
LOC111119717,-0.127410675777411
LOC111112682,-0.644909212388865
LOC111136461,0.621781867183288
LOC111133459,2.03019285763415
LOC111136264,-7.86325577108683
LOC111120278,0.285717379417633
LOC111106303,0.23533357722899
LOC111104694,0.00587865946770547
LOC111103953,-0.00014068936448349
LOC111129137,-0.556003591845321
LOC111100316,-0.587121026561434
LOC111111681,0.162315892139918
LOC111101250,-1.15820578162461
LOC111129907,-1.91468179994373
LOC111117109,-0.355102496916012
LOC111128511,-0.275444629715662
LOC111138117,-0.655630055214274
LOC111106627,-13.3002762000497
LOC111131115,-0.192974996435251
LOC111129990,-0.224353655905324
LOC111138496,0.0693297570236457
LOC111130266,0.346805890346522
LOC111137960,-0.952389838955822
LOC111137173,-2.52255611540193
LOC111118678,-0.321644239087306
LOC111113149,0.67250056928062
LOC111127607,0.0512699200810276
LOC111109544,-0.0251157340191637
LOC111117293,0.511102639005188
LOC111137813,0.149641348276308
LOC111103907,0.64646444817329
LOC111108779,-0.286102286977031
LOC111116764,0.49648516921959
LOC111123416,-1.33271980522015
LOC111111440,-0.275050347937393
LOC111129809,0.491399607035804
LOC111101403,-0.0760559998661943
LOC111125360,-1.09637915853046
LOC111099902,-0.439394898393175
LOC111114476,-0.30232536204267
LOC111134695,-2.6881505668426
LOC111112214,-1.84980634548499
LOC111112452,0.263095891770446
LOC111132551,0.0308212186638439
LOC111115947,0.147292556089285
LOC111135138,-0.174554515661126
LOC111105564,-3.85268637922834
LOC111115366,-0.106969001436636
LOC111121836,-0.525601552733403
LOC111101281,-0.443490758334728
LOC111108855,-0.0866677138210603
LOC111125983,-0.0114027815969315
LOC111115523,-1.16864190788357
LOC111118256,-1.8204528377134
LOC111137701,-0.31113806717887
LOC111134187,-0.57215221791612
LOC111123185,0.398688633267913
LOC111137792,-3.4939636507468
LOC111130265,-0.408306422307399
LOC111134767,-2.39992400983565
LOC111115930,-0.274261029428973
LOC111120707,-1.37097595403116
LOC111107682,-1.99452987440108
LOC111119745,-1.41528393495075
LOC111110397,0.0143989030454701
LOC111134846,0.442385941929376
LOC111128690,-0.675077752546982
LOC111116948,-1.75067376724169
LOC111120957,-2.23485424057885
LOC111125226,-0.268913680010419
LOC111103858,-0.0700509534306739
LOC111123070,-1.51404444123795
LOC111101488,0.633904176771293
LOC111118291,0.808732350315344
LOC111119825,0.250074243362909
LOC111126727,0.512310943979669
LOC111099159,-0.24832148570218
LOC111125304,-2.7261239367281
LOC111100091,0.0321324717904767
LOC111134692,0.428423039457926
LOC111112612,-0.0829111541674076
LOC111103401,0.820495795458874
LOC111109118,-0.178889784305113
LOC111112488,0.737073943801627
LOC111135882,-1.05161536654564
LOC111118216,1.05407675139824
LOC111100414,-0.552407574122932
LOC111117330,-0.00524705743332914
LOC111109434,0.510653740803638
LOC111119386,-4.40039378000657
LOC111118259,-0.729238936068704
LOC111136440,0.610459206121184
LOC111138003,0.301985806652193
LOC111112563,-0.463257716464564
LOC111132118,-1.75284618334618
LOC111121449,-2.27165965225533
LOC111136110,-0.971592801439876
LOC111132145,-0.793396345584289
LOC111104065,-1.7037280766391
LOC111116265,0.21176220929586
LOC111133892,-2.75462010181533
LOC111099748,-0.140003202265362
LOC111128460,-0.419613074205591
LOC111128489,0.257109361571914
LOC111124896,1.30990149323303
LOC111111699,0.137671621009036
LOC111114550,-0.497569892547494
LOC111128871,-0.13072466373785
LOC111120764,-1.16850751746875
LOC111106425,0.756697647250386
LOC111111448,-0.965277256823807
LOC111136690,-2.06833036038165
LOC111133489,0.0302787124149175
LOC111122965,-0.518627251341638
LOC111137598,-0.1285920956119
LOC111102015,-0.0615436533119552
LOC111101885,-1.21900059863783
LOC111121619,-0.622214091045078
LOC111118370,-0.254987449404338
LOC111117030,-0.0444771074036864
LOC111106380,0.371058248589595
LOC111136620,-0.000598298252198064
LOC111100038,-0.706261016550008
LOC111116908,0.117991334436795
LOC111104487,0.220597140965311
LOC111121379,-0.102466561619618
LOC111128567,0.460493243169144
LOC111113304,0.0623962548884646
LOC111120779,1.69155363204749
LOC111126067,0.473137740128906
LOC111115468,-0.0357700256226079
LOC111131278,-0.00681127062621558
LOC111124359,0.441365749794631
LOC111134360,0.1640857646002
LOC111129844,-0.339646597776195
LOC111104504,-0.409770944368402
LOC111113994,-0.0716446386915731
LOC111137253,0.10782881088984
LOC111138162,1.80663454658154
LOC111110329,-0.527086303257221
LOC111132707,0.307373996227181
LOC111135663,1.07038229363637
LOC111117101,-0.937393932337746
LOC111131521,1.25698612626439
LOC111106490,-0.013209273367873
LOC111114753,-0.213334164620016
LOC111109847,-0.316820910146062
LOC111137837,-0.440844892270573
LOC111127577,-1.83495526550328
LOC111133601,0.0083244588239054
LOC111126815,-0.207609344204306
LOC111135099,0.154927692421174
LOC111137202,0.289467966688789
LOC111124597,0.477562874816827
LOC111103027,-1.11471717875345
LOC111103176,-0.214300917704069
LOC111137825,0.13184044441155
LOC111120676,1.22160132828268
LOC111103390,1.01483745295206
LOC111115178,-0.840388496526635
LOC111129992,0.445716338767217
LOC111108992,-0.0681163566299582
LOC111127869,-1.58015470269199
LOC111103921,-0.0102915813489247
LOC111105969,-0.0193812551145871
LOC111131693,-0.233698807809408
LOC111129944,-0.372633092765918
LOC111099666,-1.41533440136151
LOC111125218,0.504816747098606
LOC111118519,0.355346688680732
LOC111133556,-0.949549498942453
LOC111125880,-1.32044977927185
LOC111128986,-1.26306890767303
LOC111111326,0.563888582833731
LOC111135861,-1.83789478318976
LOC111109495,0.807154350785397
LOC111126761,-0.126544009136059
LOC111125274,-0.0713028272593484
LOC111115579,0.137629061709011
LOC111110088,-0.639848435895387
LOC111118498,-4.65526826332085
LOC111101279,-0.647076128292838
LOC111134914,-0.392464839058393
LOC111110735,0.822934510995135
LOC111118091,-0.890058418312665
LOC111128825,-1.88320897895397
LOC111121479,-0.538825711776701
LOC111135874,0.107179104080086
LOC111118968,-3.02820351784712
LOC111124769,2.31516153639159
LOC111122062,-0.213982067605646
LOC111105230,0.270409690669802
LOC111116871,-1.86384808349506
LOC111132895,0.312074945946839
LOC111114794,0.385002716477259
LOC111135351,0.0986795782574003
LOC111127020,-2.14461695094677
LOC111116116,-0.163088473204128
LOC111126958,0.69134193255212
LOC111114989,-0.25867083352778
LOC111135909,1.89330421206485
LOC111101954,0.360429145640381
LOC111111516,-0.604413405003118
LOC111117487,-0.558622228322662
LOC111114326,-0.507495172120245
LOC111113073,2.83389354125252
LOC111107910,0.837793718868146
LOC111134734,0.52729844269305
LOC111120983,-0.28876024979914
LOC111130610,0.728034293454193
LOC111104503,-1.95358404567825
LOC111109551,-0.199908410713987
LOC111110372,-0.753093544201635
LOC111118626,-0.504116673917133
LOC111135435,-2.18094685354596
LOC111100413,-0.511848584060908
LOC111118964,-0.689440081304918
LOC111102391,-0.692617207215892
LOC111111455,-1.39588019957281
LOC111126786,-0.0165582834390617
LOC111099892,0.43109097103606
LOC111133426,0.0596365130345157
LOC111134273,-0.524491443606295
LOC111120885,-0.150291293637346
LOC111115572,-0.576209010535071
LOC111115723,-0.3731022081393
LOC111135128,0.19047387998028
LOC111101054,0.179877784251561
LOC111133082,-2.33874280144171
LOC111107594,0.116710451814972
LOC111124874,0.0261901714405127
LOC111116176,0.252354428164426
LOC111135291,-0.00264385766299298
LOC111130016,-1.46043063064634
LOC111122233,0.327715833017365
LOC111125791,0.432397521816911
LOC111119067,0.172958372582563
LOC111107052,-0.210648834758373
LOC111103234,0.176439311281108
LOC111101805,-0.0926243947133467
LOC111116344,-0.323554126960527
LOC111130540,-0.369421093631284
LOC111127280,-0.704111681308852
LOC111103174,-0.0106154353854649
LOC111112317,-1.55796731631732
LOC111128342,-0.294109466279042
LOC111129906,1.26990895534868
LOC111131089,-0.569587902757358
LOC111123992,-2.27812532680817
LOC111129923,-0.589537364401065
LOC111125316,-0.149948918847104
LOC111114698,0.118447181688565
LOC111129904,-0.919224369311871
LOC111123799,-0.135322319592899
LOC111118211,0.694652654400782
LOC111126484,0.196799085691784
LOC111110966,0.688046946026444
LOC111105701,0.105374261470625
LOC111112561,-0.0987020195877645
LOC111117368,-0.653914815929514
LOC111137470,-1.14012191751301
LOC111105944,-0.0901390818272713
LOC111099172,-0.661456031671417
LOC111113169,-1.54178343481017
LOC111121722,-1.35845044183414
LOC111132388,-0.23820529409531
LOC111132874,-0.678716890997861
LOC111136114,-1.98790239079941
LOC111099670,-0.648804728429825
LOC111127446,-1.43004331349291
LOC111104593,-1.90863452320265
LOC111108172,0.177269459846371
LOC111134241,0.0877392996690668
LOC111135433,-2.52189987783537
LOC111119001,-0.484248321935527
LOC111132081,-2.28732208704039
LOC111110668,-0.282814983165444
LOC111120361,0.198260214512313
LOC111135185,-0.333740692621787
LOC111113327,-0.148810517688128
LOC111134104,0.036013303254167
LOC111131043,-1.21147967121868
LOC111107335,0.387608853544108
LOC111106358,0.16625146634559
LOC111104497,0.566251816273313
LOC111113536,-0.303729193170018
LOC111138171,-8.73186109039609
LOC111119436,-2.05087181496249
LOC111125839,0.44615153516622
LOC111129009,0.514777944932452
LOC111137168,-0.0310024879557767
LOC111133868,0.640178435321308
LOC111102124,-0.516286755224941
LOC111112720,-0.585258595709704
LOC111138311,-0.764894946905846
LOC111104841,0.538485635125339
LOC111099246,-0.164682858204428
LOC111132937,-0.0175821841323029
LOC111125973,0.547833156239084
LOC111109814,0.0125983174850335
LOC111107406,-0.623896556064441
LOC111120311,-1.03447427495721
LOC111099669,-0.371748676823974
LOC111133212,-1.02049960892563
LOC111126006,0.130015103330078
LOC111130846,0.886189564326131
LOC111121011,-0.427836428131704
LOC111133185,1.13489815949864
LOC111112761,0.488861910787514
LOC111113568,-0.185530989788383
LOC111133300,-0.597925985210232
LOC111136878,-0.589275069835872
LOC111113561,-0.215552465300292
LOC111116432,0.443059856250994
LOC111121950,0.00440607829001209
LOC111112094,-0.117729581913004
LOC111131065,-3.47505754038311
LOC111112501,-0.242530794239698
LOC111110736,-0.275757352788497
LOC111111316,0.79918470274163
LOC111126808,0.0364428680870067
LOC111135424,-0.194568881527934
LOC111112303,-0.233429785550197
LOC111099934,-0.0416101504383259
LOC111124730,-0.354600201762892
LOC111102050,0.207414736469445
LOC111107848,-1.05910634965074
LOC111128039,0.71254423014514
LOC111102338,-0.0188150729466519
LOC111099782,-0.420534144933742
LOC111104518,0.000714096094942988
LOC111108790,0.0470766842696213
LOC111136868,0.720323179924605
LOC111137997,0.398723719374496
LOC111119471,1.07876940384121
LOC111123540,-6.46030471497885
LOC111126517,-0.0766135987473471
LOC111133329,1.41858407522081
LOC111123702,0.146135483905903
LOC111123246,0.0697391455764926
LOC111126202,-0.163552621779829
LOC111123355,-0.0419381903674641
LOC111133608,-0.278013879003533
LOC111133381,0.346788867088831
LOC111100224,0.475584281345907
LOC111123999,1.84611610850503
LOC111128104,0.264599196300416
LOC111109939,-0.160154070934742
LOC111124968,0.567879358687304
LOC111125276,-0.705485252421773
LOC111130534,-0.0990051010962262
LOC111114783,-0.685154540455041
LOC111133335,0.0207448470656109
LOC111116033,-0.601062482685168
LOC111100595,-1.85918031386502
LOC111099747,-0.712740604504217
LOC111132762,-0.1787062683294
LOC111110814,-0.503027508650663
LOC111126172,0.139427372013862
LOC111130514,-0.292749454817541
LOC111100893,-2.00700161129278
LOC111126174,-0.958840437464478
LOC111125516,-0.651069353061029
LOC111118833,-1.35695843103659
LOC111108490,-0.0951164600996982
LOC111122299,-0.223941245218241
LOC111118812,-0.140978403959704
LOC111132272,-0.0944485104551961
LOC111121467,-0.5922942727788
LOC111120641,-1.40526065287347
LOC111120909,-0.249078578996644
LOC111137525,-0.114604279378018
LOC111117711,-1.86083559787982
LOC111136438,0.727460866910051
LOC111106155,-0.0143379541882702
LOC111131591,-1.65561615089041
LOC111107780,-0.751083292699387
LOC111118909,1.51382603315208
LOC111100442,-0.932265103817724
LOC111109598,-0.222820088183031
LOC111119506,-0.831414634981552
LOC111123319,-0.370969225610118
LOC111122002,-0.363678455410835
LOC111131033,-2.2225826161198
LOC111109655,-0.516670178005584
LOC111136224,-2.26749615729341
LOC111103942,0.191370396201631
LOC111122220,-0.80231903491661
LOC111119041,-2.0018739154933
LOC111104348,0.0400702262532837
LOC111103197,0.0171035728830876
LOC111123056,-3.41889027389957
LOC111135902,0.131225224679426
LOC111132638,-0.662004265224016
LOC111109659,-0.163877689056556
LOC111100456,-0.238942611385424
LOC111117892,-0.490891051166327
LOC111115377,-0.633251070829084
LOC111099626,-3.30577465047081
LOC111136124,0.913531381186489
LOC111137055,-0.16078047713034
LOC111131091,0.065726991300802
LOC111116215,-9.79124220558657
LOC111115598,-1.14632900118307
LOC111123814,-0.692257054439909
LOC111105233,-0.377499019095508
LOC111111652,0.993505971229864
LOC111128657,-0.216634686918077
LOC111114247,-0.215438369938365
LOC111109602,-0.928287062721475
LOC111112740,0.529625650660053
LOC111119861,0.155183267629055
LOC111102806,1.08314241325612
LOC111119623,-0.803194392742282
LOC111134514,0.608414984024656
LOC111138100,0.927028152548497
LOC111126275,-0.751213077593932
LOC111104951,0.248242655146063
LOC111134676,-1.40803373250104
LOC111111590,-0.24299162783087
LOC111115110,-1.59857062151751
LOC111130339,-6.10839599396859
LOC111099850,-0.861931886328983
LOC111120532,-1.91392533172296
LOC111109424,-0.231851645266406
LOC111125580,-0.351777960535254
LOC111100475,0.2800970077152
LOC111126735,0.81521674696648
LOC111125994,-0.239617555571087
LOC111121691,-4.69394622627842
LOC111127027,-0.00249028910784709
LOC111110470,3.20720152344205
LOC111137995,-0.335926697522893
LOC111107233,1.13681628124976
LOC111135157,0.342633031309235
LOC111125335,0.317760134575503
LOC111116100,-0.576173344025693
LOC111110244,-0.64253705402281
LOC111116311,0.123742280686431
LOC111123954,-0.876763660806127
LOC111107273,-0.0703052475456761
LOC111138135,-0.158671322148761
LOC111121689,-0.89109696831417
LOC111137315,-0.154279504104094
LOC111123441,-0.0992445604262075
LOC111118932,0.103083927749697
LOC111116078,-0.571282068547358
LOC111128967,-0.234556045108217
LOC111138243,-6.29405431271091
LOC111110943,0.394597478263677
LOC111108412,-0.487576980496869
LOC111120802,-1.12485224361741
LOC111123439,0.0693447734169512
LOC111133510,-0.219124592224634
LOC111131517,-0.0664800708722733
LOC111121400,-0.93381499659163
LOC111127488,-0.418941924916865
LOC111119366,-0.136494569103383
LOC111118560,-1.30877239717356
LOC111111620,-1.10914504610414
LOC111116499,0.092965016526555
LOC111124286,0.919629039702039
LOC111120605,-0.0218922890539937
LOC111127548,-0.179015004779536
LOC111121816,0.975130561602508
LOC111130934,-0.925591425305177
LOC111114752,0.217067112655212
LOC111107173,-0.506611421305822
LOC111122120,0.364088348419051
LOC111136082,0.042625538715956
LOC111124577,-0.0626768015402377
LOC111111487,-0.983890104902678
LOC111111991,0.0839651807730961
LOC111135172,-0.879349719164865
LOC111135187,-0.0446427192922458
LOC111130063,-1.09724823968991
LOC111110794,-0.473883418846124
LOC111119864,-1.65128370393791
LOC111135375,-0.288366980155425
LOC111121290,-0.198074864571399
LOC111110307,0.17893051251768
LOC111127122,-4.77082213676303
LOC111128923,-0.44432855098387
LOC111134596,1.39084452648612
LOC111132806,-0.0760267150003003
LOC111106270,-3.5944417730326
LOC111137295,-0.855939602006775
LOC111110098,1.32208402244878
LOC111123649,-0.52337878009001
LOC111111707,0.302339101391004
LOC111131571,-0.121115062191387
LOC111125370,-0.180969360983915
LOC111108628,0.49255884502678
LOC111108334,-0.066782812600625
LOC111125377,-3.67125264542925
LOC111112787,0.332582485450989
LOC111128591,-2.59195914979607
LOC111135310,-0.540804236125689
LOC111132138,0.0842011762251203
LOC111123847,-0.0676280706284816
LOC111102954,1.45394374019346
LOC111133137,-1.98994483843558
LOC111109478,-2.27980488079177
LOC111130441,1.05516387488286
LOC111135846,-1.3174110032495
LOC111124437,-0.118002170725314
LOC111108345,-1.28314958443652
LOC111132730,-0.350361519472069
LOC111099889,-0.309531527700355
LOC111104847,0.576618558765945
LOC111124709,0.0041692063925026
LOC111137095,1.55006909958353
LOC111138233,-1.19578696403069
LOC111135365,-0.406114281091039
LOC111123675,-6.97915523960325
LOC111136999,3.69400323500862
LOC111118274,-0.788575561379934
LOC111119743,0.774654174816683
LOC111130235,-1.59179906767693
LOC111124707,0.542653084382611
LOC111119752,0.583109703635515
LOC111136823,0.498453986026915
LOC111118954,0.0398505001178434
LOC111111536,-0.0600997849759911
LOC111111704,0.77056965088272
LOC111111647,0.217373955550515
LOC111137684,0.393427960520088
LOC111103891,-0.363499597212977
LOC111123011,0.257513211059089
LOC111114483,0.705026826399548
LOC111120473,-1.34909684084708
LOC111106716,-15.8024531913628
LOC111120712,0.853278049984366
LOC111117479,-0.770991343509451
LOC111107110,0.186114954316551
LOC111125152,0.63228830914395
LOC111100195,0.564255824438235
LOC111114028,-0.0882587792893251
LOC111131141,0.145140565473618
LOC111124246,-0.196229355786003
LOC111113387,-0.694662611320585
LOC111137871,-0.267675524406669
LOC111119076,-0.168389224041341
LOC111134059,-0.386986147674099
LOC111137686,-0.210096294522042
LOC111126822,0.145222577746043
LOC111106343,0.0917225024821317
LOC111100351,0.213897729603753
LOC111132644,-0.371437820538889
LOC111118798,-1.09848104300525
LOC111114555,0.231937713972341
LOC111129711,-2.30632084074124
LOC111125481,-0.648407466959522
LOC111118978,0.056589814315395
LOC111136232,0.527847486662305
LOC111136098,-1.68533870112428
LOC111132541,-0.693055706990638
LOC111132196,1.00762686797192
LOC111118472,-1.52206201416483
LOC111134145,0.312784930176556
LOC111110168,0.105511759676964
LOC111134259,-0.718326515422288
LOC111107973,0.394705071983457
LOC111124976,-0.553671019460223
LOC111127391,-0.370277673516884
LOC111129380,-0.332524107263607
LOC111137827,-0.171651752967367
LOC111121981,-0.915911840192345
LOC111124584,0.999247041693452
LOC111119499,-0.269263060158601
LOC111129974,-0.271876393944721
LOC111101517,-0.275565493369738
LOC111109611,0.317945181362324
LOC111137887,0.440495140790148
LOC111108911,-0.351949074096913
LOC111134741,-1.8136714052806
LOC111121682,-0.63461526899005
LOC111126436,-0.825446982064138
LOC111100978,-0.0911451777895895
LOC111123801,-1.19517434827903
LOC111110431,-0.128582945764672
LOC111130453,-0.831952805022078
LOC111109251,0.145568394360819
LOC111129627,0.480589723842706
LOC111134318,-0.349397686984154
LOC111121110,-0.318101935732123
LOC111109966,1.21179010439316
LOC111110320,-0.168636917236
LOC111114435,-0.474895028907951
LOC111128927,1.11472330121416
LOC111120548,0.00468162210949604
LOC111108257,-0.546099850662715
LOC111102079,-2.53911639959144
LOC111131178,0.431902825051126
LOC111123228,0.1140291370793
LOC111124595,-1.0915207542826
LOC111130710,0.102525151776123
LOC111133508,1.62001160879279
LOC111126195,-0.20049123714041
LOC111137811,-1.84296927688112
LOC111103457,-0.185393488040736
LOC111106055,0.0786426464499474
LOC111116842,0.162721977599643
LOC111131187,0.50214564412143
LOC111103402,-0.606196803486887
LOC111138507,-0.654206107166698
LOC111105704,0.113939134186906
LOC111105382,-0.862511223620386
LOC111113076,-0.465595928675623
LOC111104054,-1.92264341201099
LOC111116590,-0.0370064413523056
LOC111133371,0.44175810372607
LOC111138517,-1.11117440235551
LOC111121501,-1.04780198696429
LOC111121605,-0.725693860741944
LOC111111500,-3.88561759879966
LOC111113450,-0.830010652897509
LOC111128709,-1.03962082354599
LOC111130089,-0.368880314153417
LOC111130088,-0.143096287521029
LOC111126788,-1.06632004316665
LOC111117162,-0.452933509743477
LOC111136024,-0.573394744219304
LOC111138098,-0.0591263458358104
LOC111126513,-0.398320259551182
LOC111136142,-0.472141267372017
LOC111102469,0.027697158853456
LOC111119311,-2.84927103929614
LOC111136873,-1.29648088435706
LOC111118158,-2.66433515434914
LOC111118497,1.09940743027973
LOC111118647,1.18367982345234
LOC111117699,-0.691870324840007
LOC111129161,-1.06686354533585
LOC111109994,-0.380976279809496
LOC111134065,-0.703697455916322
LOC111117485,0.124989274520034
LOC111126775,-0.489560273446996
LOC111099857,-0.409399802083735
LOC111120977,-0.272638144014539
LOC111110296,-1.45845911750475
LOC111121845,0.496776375599008
LOC111100652,-2.17862319636471
LOC111134114,-2.40269068203679
LOC111111527,-0.134364322185196
LOC111124475,0.021393967144384
LOC111114589,-2.18786071633475
LOC111099868,-0.0954231419612289
LOC111119312,-0.413200204636962
LOC111104802,-0.656225911557277
LOC111130977,-0.166778583156218
LOC111104857,-0.09027470064288
LOC111107468,0.240979962264748
LOC111107067,0.653519312076592
LOC111103484,-1.12221863806281
LOC111108488,0.509830245239777
LOC111122381,-0.0957931341132834
LOC111135040,-1.25623421787763
LOC111107921,0.449719090861687
LOC111130039,-0.188025571763214
LOC111137511,0.22567620269503
LOC111126458,1.40371212527256
LOC111135090,-0.861953324846494
LOC111137420,-0.205315698574622
LOC111109109,0.206801690456733
LOC111106057,-0.153478608595439
LOC111131099,-0.534603529411318
LOC111136885,0.366735802653186
LOC111137318,-0.228522501618048
LOC111133989,-0.559973025239759
LOC111134519,-0.368073344132709
LOC111117514,-0.14873130506784
LOC111106442,-13.2628917559539
LOC111101849,0.0156187585351702
LOC111126253,-0.109647253094584
LOC111117660,1.75446906629914
LOC111133218,-0.136777686532049
LOC111104158,-0.740978262713201
LOC111101835,0.699000891452997
LOC111136858,0.535568759781293
LOC111137474,-0.451985738886363
LOC111129375,-0.405803452850806
LOC111108005,-1.30717973415025
LOC111127735,0.429302033921561
LOC111127302,-0.334524707869916
LOC111109604,-1.0511170341832
LOC111118996,0.991227716761266
LOC111114939,-0.842553389908535
LOC111133481,0.213772628266104
LOC111102935,-0.437215411590005
LOC111116907,-0.149335266258531
LOC111101737,-1.44597150780671
LOC111132719,-0.229582774510076
LOC111111152,-0.364768381133353
LOC111119106,-1.03572067637404
LOC111108060,-2.29594443370694
LOC111123124,-0.391856409870236
LOC111133540,0.566952305178644
LOC111134376,0.763291078738161
LOC111136388,-0.142929795847818
LOC111103940,-0.466120504996639
LOC111101505,-4.15328992589059
LOC111107133,-0.99047999029555
LOC111100649,-0.418184444006117
LOC111128270,0.972676045128452
LOC111100940,-1.52444942681786
LOC111107604,-0.0475757844196015
LOC111127050,0.453131981796519
LOC111134703,0.0452704412106945
LOC111119217,-0.104582426688235
LOC111129965,-0.614665296408443
LOC111136641,1.67958453626876
LOC111100400,-7.85372615259967
LOC111122242,-0.305748334103073
LOC111129562,0.731330438286433
LOC111100438,0.0153694823916253
LOC111119090,-0.185695247048022
LOC111116922,-1.72193499340618
LOC111118487,-3.71273858294971
LOC111101871,-1.3208249302976
LOC111110647,-0.168443325493338
LOC111121960,0.134280408874815
LOC111115374,-1.92258960124865
LOC111099521,0.747793654574827
LOC111135660,1.36475700633423
LOC111102400,0.0761641027634165
LOC111107213,0.123879916161577
LOC111107327,0.396187571957657
LOC111100367,0.746525181923767
LOC111124391,-1.32574514602667
LOC111124390,-0.542727853117568
LOC111130324,-1.16604239700606
LOC111107946,-0.413200294166598
LOC111109854,0.112099673232936
LOC111130875,0.468356011367459
LOC111124479,-1.101790266633
LOC111127552,0.281484164055768
LOC111101512,-0.0920573734474833
LOC111124837,0.00693230901089683
LOC111137240,-0.556031304378093
LOC111101064,0.168629232137197
LOC111116873,-0.663887568607727
LOC111126325,-0.045148749056268
LOC111133361,-5.40395948443612
LOC111114814,-0.0202437270172424
LOC111108453,-0.202630701612393
LOC111100602,-2.42193094896709
LOC111132235,-0.582395768559099
LOC111127134,-0.199180309849109
LOC111120121,0.418156321175498
LOC111132621,1.16929700014405
LOC111135349,-0.790897022121566
LOC111106836,0.0126328922022884
LOC111102855,-1.48757804748313
LOC111136616,-0.999579219710208
LOC111117620,0.996092808705862
LOC111113017,0.061298092088629
LOC111123861,0.203170285855409
LOC111128276,0.168565265188221
LOC111128715,0.183761665902326
LOC111125935,0.707683424766169
LOC111138302,-0.894702187891742
LOC111124539,-0.309314421842733
LOC111120733,0.280312084282216
LOC111116688,0.0529051069467117
LOC111127434,0.348319568295466
LOC111104204,1.12760452760385
LOC111135119,0.165674341408112
LOC111133614,-0.975113455579541
LOC111127255,-0.198249566187524
LOC111112387,-2.10535781647025
LOC111135206,-4.09960937985749
LOC111135121,-2.76130955746898
LOC111133674,-0.219384298807926
LOC111101790,-0.471740653587139
LOC111112228,-0.48282221732367
LOC111135563,0.238517524408164
LOC111116807,0.0277149070683697
LOC111113290,0.269134137636755
LOC111115963,-0.306142312893381
LOC111130427,0.274899034667431
LOC111118432,-1.32642242629166
LOC111123833,-1.55455563625523
LOC111107087,-0.347277718822921
LOC111137576,-0.59746422311635
LOC111120775,1.88608042051626
LOC111121980,-1.34860697803672
LOC111114495,-0.310965185907965
LOC111129909,-1.46193197329754
LOC111122040,1.19770631610299
LOC111132559,-1.11764665957831
LOC111133924,-0.285789756239486
LOC111101291,-0.447971624748427
LOC111112006,-1.73613084125433
LOC111133487,-4.76540033118285
LOC111130617,-0.749201664774565
LOC111122244,-1.25945217145584
LOC111136861,0.102136291917431
LOC111132988,0.559318598429991
LOC111136812,0.262745090411535
LOC111128522,-0.782107536335303
LOC111129572,-0.375395931300943
LOC111112845,0.780487625024632
LOC111117455,-0.241280811838622
LOC111102844,0.111973811419042
LOC111128105,-6.84225372995806
LOC111099567,-1.16615107192148
LOC111127941,0.81380405993296
LOC111099804,0.192626390064486
LOC111109720,0.333094493688381
LOC111117261,-0.106650493902354
LOC111102743,-0.662385041179148
LOC111099622,0.0939780975400973
LOC111103136,-0.398511996612544
LOC111110175,-2.61538728193572
LOC111132309,1.51947723433606
LOC111110868,-0.542917529440356
LOC111113651,-0.150083869342449
LOC111134207,-1.01504140886497
LOC111130382,-0.0438773196425673
LOC111119257,-0.0418754561602867
LOC111104765,0.509987510462416
LOC111125938,-0.588093608972705
LOC111127771,-2.27552566092152
LOC111124357,-0.465409279701925
LOC111116469,-0.253398788600529
LOC111125426,-0.128974530420063
LOC111111073,-2.03861623106388
LOC111108089,-0.460569401757695
LOC111118056,-0.497141344732926
LOC111126056,1.58465181318068
LOC111125282,1.40593032249675
LOC111119712,-1.04389131402071
LOC111102780,-0.888116117252192
LOC111127789,-2.99138430184574
LOC111118248,-3.30454790352015
LOC111107989,0.396499619330674
LOC111112149,-0.663846450358102
LOC111109868,-0.945233999852655
LOC111132561,0.818809418487334
LOC111124220,-0.102534137821443
LOC111119666,1.04088996832692
LOC111136390,-0.217130118067984
LOC111138014,0.716947051014948
LOC111122872,0.354627036505307
LOC111134249,-0.203058130207234
LOC111109612,0.0840563077061478
LOC111113054,0.706704344020133
LOC111106613,-3.0269458485751
LOC111131835,-3.97155826090931
LOC111126945,-0.0106629873556849
LOC111103794,-1.48809097511785
LOC111119138,0.385581110327151
LOC111126890,-3.13793901980412
LOC111118745,0.495977676034787
LOC111110063,-0.418614841154747
LOC111129163,0.687048293845645
LOC111131096,0.315458956412118
LOC111130314,0.816767756878527
LOC111106541,0.717593917000986
LOC111105999,-1.24356565634215
LOC111118740,-0.68169807659712
LOC111121277,-1.3449209181297
LOC111128481,0.437141787544553
LOC111112007,0.00220552363426963
LOC111100984,0.544631863660682
LOC111119696,-0.0971856199038627
LOC111134379,-0.95787664484916
LOC111128363,0.382642070550993
LOC111108608,0.101543994324534
LOC111100612,0.224611362960329
LOC111128608,0.155118610137803
LOC111133388,-1.6932764455401
LOC111111677,0.341498249666069
LOC111123264,-0.996541277417563
LOC111104160,-0.210437705041635
LOC111127473,0.00160714909769656
LOC111100952,-0.384428374666643
LOC111130771,-0.574270618571212
LOC111101070,-1.79726334423109
LOC111135314,-2.11415342015808
LOC111132264,-0.0308020887864922
LOC111106237,-0.387434130950911
LOC111101287,-1.19561240326914
LOC111103026,0.553315934818924
LOC111124621,0.504976925852565
LOC111131549,0.273142971399965
LOC111107729,-0.180749249720211
LOC111129894,-0.470983246476511
LOC111131425,-1.29176336159199
LOC111107822,-0.19572271054657
LOC111125435,-0.23769692084056
LOC111124820,-1.59076515953496
LOC111125164,-3.29273590619858
LOC111103852,-0.755007430086071
LOC111119411,-1.12240368753713
LOC111122439,-0.718346829675698
LOC111111836,-0.0510665879672836
LOC111126564,-1.24034330052275
LOC111106158,0.980305202321764
LOC111102655,-0.981481136193477
LOC111105770,-0.0627129767071561
LOC111100415,-0.499243134691677
LOC111130119,-0.117847848743778
LOC111130332,-0.601871750648866
LOC111119747,-0.188604139642542
LOC111106850,-1.23806270606976
LOC111135284,0.710963843693336
LOC111107372,1.46548089634452
LOC111107080,0.0289023894429299
LOC111135876,-0.179799354261857
LOC111132161,0.205756661748639
LOC111106629,0.0937598222366034
LOC111107034,0.0541928563812178
LOC111106626,-0.56835196593461
LOC111137220,-0.445759406632453
LOC111135767,-0.125023576416987
LOC111119838,1.07920247097198
LOC111120512,-1.99331628162525
LOC111131105,0.358926231909439
LOC111110954,-1.34249217059482
LOC111106492,-1.72127354095135
LOC111105259,0.218551872217618
LOC111124361,-1.17867127299253
LOC111114148,-2.52063280424235
LOC111119621,0.207092858925285
LOC111102782,0.0846690064716299
LOC111104691,0.51597706114235
LOC111136118,0.357486550268716
LOC111122990,-0.137920556454087
LOC111100577,-0.329470516216302
LOC111128253,0.189078662055791
LOC111122001,0.404958321850935
LOC111115821,-5.31875351421981
LOC111105369,-0.248057651068725
LOC111102436,-0.551890523239703
LOC111113316,-4.29665558764644
LOC111115629,-0.0455575521926702
LOC111108777,-1.43139560408858
LOC111117813,0.381666780575029
LOC111137307,1.92875500647532
LOC111124489,-1.95278290527727
LOC111106472,0.567198503428836
LOC111102975,0.0748027991822745
LOC111121695,-0.472716601129521
LOC111116158,-0.333181115699306
LOC111133692,-0.474737423015742
LOC111104011,-0.622051275650415
LOC111128233,-0.0145214348583964
LOC111111369,0.465863225532308
LOC111134478,0.392258315768352
LOC111123750,-0.0226489236807698
LOC111103977,0.612815611762643
LOC111116663,-0.540072232176289
LOC111122138,-0.644835896121598
LOC111127033,0.270005956521907
LOC111136876,0.127420325543209
LOC111118391,0.408429230375207
LOC111108763,-0.754532449512285
LOC111103797,-0.42192231224844
LOC111123849,0.205176000303996
LOC111125756,-0.370595319581172
LOC111112734,0.603418296828144
LOC111133589,0.0143052813163256
LOC111133493,3.65133932915368
LOC111116730,0.40360490237411
LOC111118825,0.421706174966666
LOC111137992,-0.205757517973269
LOC111133348,0.362436075480779
LOC111133070,-0.59885564490761
LOC111105973,-2.1859516652477
LOC111101848,0.537051589310746
LOC111137171,0.887242700501189
LOC111111169,-0.242366400876485
LOC111123531,-1.03877097962794
LOC111105403,-0.280797603378622
LOC111108461,0.670391005425753
LOC111109169,-0.164114930232534
LOC111117129,1.12459881322701
LOC111108980,-0.240046698132577
LOC111117944,0.454286972207244
LOC111137957,-0.04450296980332
LOC111107265,-0.0727116573583972
LOC111137658,-0.979138881407948
LOC111099415,-0.986184951925587
LOC111109687,-0.0741873918707055
LOC111128113,-1.85196440188891
LOC111113196,1.40285580793192
LOC111127975,0.125466904442062
LOC111107677,-0.429131946647368
LOC111108484,0.654810879319545
LOC111124466,-10.994558432744
LOC111111172,-0.677099274698744
LOC111119215,0.651794314429229
LOC111108193,0.041750024521879
LOC111104318,-1.58693837334092
LOC111126370,-9.34584669130927
LOC111133148,-0.077033967144657
LOC111113793,-0.115212022618323
LOC111130334,-2.59147471607992
LOC111137012,0.150397362415179
LOC111114407,-0.11068376646821
LOC111120694,-0.089420861500283
LOC111114819,-0.303434439786744
LOC111137949,-2.73867451033787
LOC111136841,0.0404440986519335
LOC111107140,-1.11828984723065
LOC111102417,-0.042474941717073
LOC111101671,-0.696998489085831
LOC111130834,0.968255092679684
LOC111102122,-0.195469231957462
LOC111130577,0.113047840666834
LOC111108439,0.15806427926911
LOC111122161,-1.16374482328214
LOC111110034,-0.6247087058161
LOC111137497,0.209031443684274
LOC111110198,-0.4232089483417
LOC111137109,-2.39762086205979
LOC111104552,-1.39455074738642
LOC111120629,-0.491034951402954
LOC111137518,0.519008674651182
LOC111120944,3.9525450534048
LOC111129734,0.363653144128332
LOC111124008,0.0581733020823762
LOC111112354,-7.95801487041137
LOC111102495,-0.826803399530239
LOC111135165,-0.611893484066723
LOC111123048,-0.182628854337975
LOC111109117,-0.103546491003602
LOC111124892,-0.429254179879997
LOC111106143,-0.232475812924462
LOC111122976,0.3208280610457
LOC111125296,-0.247450725521906
LOC111106646,-0.766979474520199
LOC111103588,-2.07356541697764
LOC111103874,0.357915593356597
LOC111119505,0.0529585631117878
LOC111104638,0.0200986593006531
LOC111135526,0.362227889007728
LOC111126541,-1.07718063902262
LOC111130449,0.351438510459012
LOC111102718,0.383124100361166
LOC111106033,-0.514431646026317
LOC111134630,-0.779723335783799
LOC111112117,-3.59053890794195
LOC111124345,-0.854866740323615
LOC111138241,-3.38780725127839
LOC111114286,0.922147018040994
LOC111111239,-0.19928461913253
LOC111126936,-0.425028689310977
LOC111106577,1.50316601377121
LOC111100401,0.135776895457337
LOC111123777,0.0444257077173079
LOC111136249,-0.292041093404785
LOC111107512,0.197647833031977
LOC111130944,-0.933484000293317
LOC111128273,-0.033627633835169
LOC111100662,-0.154407719998465
LOC111135244,1.14861613920974
LOC111126819,-0.915978191526716
LOC111109926,0.141824295255563
LOC111116234,-0.0912723007433833
LOC111118801,0.0536150950197549
LOC111114332,-0.297695775337248
LOC111135650,-0.469057762460522
LOC111134289,-1.07244977477714
LOC111111381,-0.134642528189459
LOC111125974,-0.206655534308705
LOC111133450,0.00923834654086106
LOC111135240,-0.10778245787769
LOC111122426,-1.10730969748433
LOC111100560,-0.0415751792895757
LOC111110399,0.414806126196608
LOC111126159,0.174563703410238
LOC111129092,-0.372673556898671
LOC111126982,0.0166709574869152
LOC111118612,0.187621200443655
LOC111109052,0.217556275572671
LOC111118462,0.19518763506003
LOC111109135,-0.64240226313442
LOC111103950,1.02131025152006
LOC111132199,-1.73687436949276
LOC111136521,-0.307375793327901
LOC111137256,0.575595820436454
LOC111136915,0.14325627584536
LOC111129511,0.594301420733702
LOC111119108,-3.21383773044334
LOC111125829,1.51695320668774
LOC111120550,1.1198690854507
LOC111113778,-2.32200844633605
LOC111127954,-0.149101045745502
LOC111137329,-0.218910849165556
LOC111106880,-1.53194549126207
LOC111106883,-1.12130993065814
LOC111130351,0.215897140609615
LOC111103449,-0.360600133144478
LOC111134449,-3.71681248807338
LOC111119462,-0.594517858437232
LOC111136974,-0.156273997848373
LOC111128837,-2.73006899313241
LOC111120230,-0.182192820365967
LOC111100694,-1.97504440997026
LOC111100870,-0.137351975235809
LOC111132456,0.0752180949780221
LOC111122377,1.95288807192939
LOC111104067,-0.568673717924449
LOC111121675,-7.58466388189661
LOC111120009,-2.03497427573694
LOC111099823,0.179339066311513
LOC111128836,-0.0855330692056683
LOC111116998,-0.82808284427328
LOC111134312,-1.90996692592571
LOC111133749,-0.155411762414721
LOC111118453,0.473353067371741
LOC111123899,-0.0668029969998902
LOC111118879,-0.524800281144096
LOC111113280,-0.682454817088619
LOC111127835,0.852791271085785
LOC111103192,-0.789249257267482
LOC111127399,-0.215956521619698
LOC111104574,-2.66544145262904
LOC111124451,-0.291937991465627
LOC111134545,-0.243074606484009
LOC111125341,-1.09379800012972
LOC111127848,-0.266663749077176
LOC111124238,-0.0884408601476238
LOC111128137,2.04643901906446
ND4,-0.227095611150354
LOC111105594,-2.1811466770422
LOC111108197,0.208552667535945
LOC111104349,0.0538248784833326
LOC111124902,-1.98201174473291
LOC111112591,-0.242513256873074
LOC111100108,-0.236062973307222
LOC111134691,-3.79726080407091
LOC111115910,-2.64742481529668
LOC111137161,-0.113046306763067
LOC111128720,0.0913375357762268
LOC111105709,0.628390175984475
LOC111133106,0.226147544003176
LOC111125946,0.0407432173786994
LOC111137053,-0.035806093216166
LOC111122926,0.153831551617024
LOC111116809,-0.221953486036131
LOC111133522,-0.115261169717691
LOC111127049,-2.26315373837998
LOC111132341,-0.255537992080692
LOC111109506,-6.44492456982757
LOC111125508,1.19201666279927
LOC111137926,0.0327338854854709
LOC111129339,-0.322756354836819
LOC111102528,0.900117141827937
LOC111113236,0.0425135263010765
LOC111137776,0.678907875561605
LOC111107029,0.226369157960629
LOC111115156,-0.0199137818258186
LOC111112828,1.08096194825797
LOC111119179,0.136166920905481
LOC111134635,-2.73816061239208
LOC111124802,-2.82874571737353
LOC111124194,-0.377026988531892
LOC111117964,2.76457418296074
LOC111100688,0.50865130659919
LOC111117852,0.766746484557861
LOC111134483,0.198939741186709
LOC111115675,-2.83244100969316
LOC111118389,0.225803372490169
LOC111099520,0.251311480484346
LOC111131149,-0.213212437854122
LOC111133298,-0.523576566240572
LOC111100971,0.288448188406361
LOC111099697,1.82541361226149
LOC111134852,-0.515184236950126
LOC111106276,-0.158774415774395
LOC111103927,-0.179635119969838
LOC111127090,-3.69982783388985
LOC111107121,-0.395668003805563
LOC111100851,-0.488446791029384
LOC111103322,-0.142352434898121
LOC111120565,-0.50367682580383
LOC111100455,0.80196319648046
LOC111123415,2.31322762424789
LOC111119253,-0.423044192608753
LOC111102593,-0.3696019695158
LOC111116667,-1.48083828122437
LOC111110432,0.394234881755473
LOC111111478,-0.393977674350838
LOC111120042,-0.189692005444412
LOC111111300,0.792168828760341
LOC111128002,0.00955430369717909
LOC111105256,0.0229155003704724
LOC111102849,0.00254710370686203
LOC111106569,-1.10011836061626
LOC111104584,0.864342947612963
LOC111129221,-0.876900957575897
LOC111125790,-2.06788350273788
LOC111130551,-0.104796727954508
LOC111129603,1.55930244229785
LOC111110920,0.889553871986773
LOC111136211,0.64633052724559
LOC111135494,-0.0512049466822566
LOC111111867,-0.580139372023657
LOC111109922,0.33522770149443
LOC111136787,0.44890871103637
LOC111124651,0.704166868779147
LOC111114295,-1.50920503275952
LOC111111982,-0.97800190464267
LOC111132876,-0.0257810379785285
LOC111103164,-0.36370919298655
LOC111127424,0.25361613647135
LOC111104925,0.201715071371809
LOC111128052,-2.94017034843294
LOC111114558,-0.616656133066293
LOC111122081,-0.186891436203626
LOC111119594,1.33360705837784
LOC111126720,0.160192405900036
LOC111107939,0.864837524479709
LOC111117627,-4.64467169336138
LOC111103258,-0.129252817614861
LOC111134783,0.10251927854717
LOC111116982,-0.474170952375406
LOC111133491,0.328205106345739
LOC111124079,0.388242269545664
LOC111121912,0.207740526017329
LOC111133566,-0.878719523183932
LOC111109298,-0.850311922065114
LOC111123680,-0.767527709530184
LOC111121192,-1.47131690207181
LOC111124943,-0.878768078759247
LOC111128707,0.133187852078801
LOC111131439,1.00065863507139
LOC111100380,0.280695090030534
LOC111105587,-1.00230585709821
LOC111137514,-0.329242934642692
LOC111099660,0.130457245752022
LOC111135571,-0.0975661760991772
LOC111138208,0.168961725910949
LOC111124629,0.16235794179767
LOC111118247,0.0376437159368342
LOC111107400,0.164372689911938
LOC111133728,-0.367501628937856
LOC111128045,0.116495840926291
LOC111135293,0.0605613670566481
LOC111134761,-0.0189944307896384
LOC111103820,-1.85802483577037
LOC111105897,3.03062815213721
LOC111118912,-0.463476360262446
LOC111125050,-0.795252194212241
LOC111116019,-0.394858876954179
LOC111126215,-2.31827817849924
LOC111106853,-0.0788234726069854
LOC111106644,-1.83581746615937
LOC111099040,1.63420708300118
LOC111137135,0.00781398307707508
LOC111107156,-0.93898957291939
LOC111121429,2.05783459687597
LOC111130659,-0.178751023225503
LOC111130808,0.307773778841982
LOC111130151,-3.5959076333167
LOC111125307,-0.901951675928461
LOC111134255,1.09130214293125
LOC111099755,-1.51831421058857
LOC111129023,0.087661368480796
LOC111108684,-0.345493988403767
LOC111127410,-9.27695086689031
LOC111128054,-1.18228714608457
LOC111100236,-0.0817398750475903
LOC111130743,-2.38139088779795
LOC111127584,-1.71794508088649
LOC111124494,0.0104554088479984
LOC111104570,-0.779836745705019
LOC111105636,-1.46928649868044
LOC111123718,-1.57392279819129
LOC111117335,-0.0276513128035057
LOC111131840,0.250184395253787
LOC111119398,-5.72786295519295
LOC111099706,0.0313972997508558
LOC111122814,-0.380524957271016
LOC111101478,-0.955552301087605
LOC111113410,0.37512166779745
LOC111121916,-1.39553366579957
LOC111130641,0.292415305741216
LOC111135686,1.22637377108026
LOC111113091,-0.356246611322042
LOC111102485,0.114531611396261
LOC111104680,-0.0599315741206504
LOC111110239,-0.205535815288945
LOC111112659,-0.742243414762238
LOC111124699,-2.1154161443596
LOC111101827,1.12449134179672
LOC111118200,0.678711731706458
LOC111102941,-0.388985118035258
LOC111137498,1.15833013353386
LOC111110504,1.77104800114061
LOC111125830,-1.14083060471225
LOC111117289,-1.40962866146325
LOC111136596,0.133589606295368
LOC111122237,-3.34525629648923
LOC111135082,0.734260090995841
LOC111107807,-0.0925729676864972
LOC111124698,-1.32903806810536
LOC111110197,-0.11773215594753
LOC111136722,2.16263166034354
LOC111125759,-1.08113194365111
LOC111138262,-0.415327185463901
LOC111133464,-0.47510946183457
LOC111131644,-0.16841125261611
LOC111123889,-1.25307753465658
LOC111111493,0.181464754263776
LOC111133129,0.0493414055733311
LOC111106368,4.1990321789088
LOC111135124,-1.53797450864037
LOC111104464,-0.331446768047751
LOC111128294,-0.338525076657711
LOC111132210,0.0236778100412996
LOC111135665,-1.36904164230636
LOC111137720,-0.268538604312722
LOC111111980,0.174490509471102
LOC111137006,-0.00317169813445938
LOC111113026,-0.17832703115604
LOC111109975,-2.06860178832679
LOC111108594,3.30996293346533
LOC111111873,-0.704314168099607
LOC111099818,-0.241287581710611
LOC111111015,-0.594440478870582
LOC111121618,-0.260509147413379
LOC111104352,0.243332708673967
LOC111114587,0.217725817379288
LOC111137014,-3.98123185334607
LOC111103061,-0.397264640678001
LOC111102259,-2.2421898617221
LOC111112892,0.0341285994740427
LOC111099735,1.16698363568369
LOC111121606,-1.01053773613229
LOC111119801,-0.298134280853738
LOC111116863,-0.617205965298548
LOC111100325,2.18651246730656
LOC111116467,0.158183774844191
LOC111125868,-3.14343815190142
LOC111136740,-0.878204026337975
LOC111138428,-0.104995070593281
LOC111132645,-0.944197781055504
LOC111114075,0.58920233828782
LOC111138107,-1.57156512618335
LOC111125567,0.180397457514338
LOC111137057,-0.192559323778389
LOC111105684,-0.0722387065583082
LOC111134558,0.199992522856075
LOC111123322,0.576826413234001
LOC111120887,-0.37507340274461
LOC111123058,0.710244872119286
LOC111110105,1.68591056717603
LOC111104066,0.0475639021740555
LOC111134427,-0.307927277119113
LOC111109980,1.42764911513277
LOC111132731,-0.234918828839112
LOC111131858,1.5315118583031
LOC111133770,-0.0814329050050124
LOC111125754,0.281230523871618
LOC111135951,0.411044132072868
LOC111137099,-0.0579110415274202
LOC111126643,-0.468969379408199
LOC111112926,-0.412717724402226
LOC111127858,0.0582931817959226
LOC111133823,-0.107055780247793
LOC111101072,-0.883212555420332
LOC111124177,0.598569123887564
LOC111101135,-0.890221317501491
LOC111104019,-0.752869620281285
LOC111116232,0.30511963027092
LOC111129028,-5.31890631669202
LOC111122815,-2.85828895326438
LOC111114988,-0.105638238490633
LOC111119915,0.356592961306127
LOC111133042,0.197766721834544
LOC111130444,-0.332370012315098
LOC111103956,-3.4557520067764
LOC111104517,-1.74478124413287
LOC111111658,0.588117080588002
LOC111134705,-0.157272918102588
LOC111129107,0.296035098188709
LOC111099862,-0.277396489979137
LOC111103765,-1.61498819865147
LOC111113452,-0.221974407930919
LOC111111105,-0.770977946166927
LOC111130663,-0.0384332428175633
LOC111102139,0.881162717530304
LOC111110027,-6.32094873954373
LOC111125061,-0.258418936462263
LOC111136151,-0.525679304774038
LOC111138343,-0.197713785987966
LOC111111442,0.218777178157484
LOC111101470,0.0401584532170623
LOC111134548,0.81535310838757
LOC111125999,-0.582360204652344
LOC111127464,0.412998307128155
LOC111108217,0.772010804366802
LOC111131172,0.772153219852773
LOC111135597,-1.41113425903327
LOC111118260,-0.898684339927441
LOC111111826,0.564910985975656
LOC111110897,-0.551858329267888
LOC111110896,-12.8932937895691
LOC111134547,-0.821037775132504
LOC111109916,-5.1085424949029
LOC111102444,0.304333633837144
LOC111130288,-6.6388731055315
LOC111137239,0.192590763232542
LOC111136780,-2.73015923648253
LOC111125944,-2.11824912846277
LOC111126934,-0.96283203798888
LOC111108268,-0.310780221965129
LOC111120951,0.153332366980018
LOC111104472,-0.445602627161061
LOC111120968,-0.207044231302043
LOC111130833,0.0542763231823022
LOC111121759,0.356687636612517
LOC111101438,0.092438796155963
LOC111120568,-4.0364644275674
LOC111101037,-0.38289532385204
LOC111120364,0.925308483498292
LOC111105277,-1.21739480471944
LOC111136496,0.0416608048145898
LOC111100596,-0.0521729728795702
LOC111117952,0.348723299898226
LOC111136566,-0.656595507181348
LOC111126783,-0.252743105407293
LOC111124509,-0.348726724238903
LOC111125332,0.188164477619032
LOC111125305,-0.483304728609814
LOC111137727,-0.784141781572131
LOC111119588,-8.56962728350778
LOC111116462,-0.695182108947574
LOC111100317,1.38199856599826
LOC111100293,-0.95936029902242
LOC111129877,0.337535926317693
LOC111120385,-11.5461847657807
LOC111123033,-0.0309001788668965
LOC111129461,0.315039270008616
LOC111102004,0.426224628827009
LOC111109272,0.0522470169363529
LOC111107258,2.12097514837241
LOC111128846,-0.135089639391358
LOC111132870,-0.143815289076677
LOC111127368,0.867497853986712
LOC111111098,-1.00352498598895
LOC111099106,0.190151048488995
LOC111138365,-1.42109758684725
LOC111100022,-1.54899525806468
LOC111132633,-0.201397048447561
LOC111103656,0.00821815488886123
LOC111116830,-0.349374824205496
LOC111136802,-3.78270738055406
LOC111119087,0.338069987787783
LOC111117974,1.26682881022755
LOC111124157,-0.338544881355714
LOC111129286,-0.130728651778947
LOC111109747,-2.49622994917671
LOC111121369,-1.53147709301994
LOC111123951,-1.28487505651448
LOC111106107,-0.881782634066497
LOC111126969,-3.11511261680985
LOC111121107,-0.108586085287264
LOC111117685,-0.390962271947791
LOC111111396,-0.426003833143437
LOC111110743,0.455054387732919
LOC111127379,0.560642474475628
LOC111120754,-0.57985322162739
LOC111136870,0.0665702244989054
LOC111112890,-0.316891311892589
LOC111130876,-2.53312029470896
LOC111120103,-0.146155564843158
LOC111102233,-0.348947571498366
LOC111131333,-0.0776966791469019
LOC111099132,0.167486266729631
LOC111121418,0.915966728905206
LOC111105788,0.00941538209197079
LOC111122396,0.00118914699927693
LOC111125708,1.01590578059127
LOC111112581,1.14097078506008
LOC111118096,-0.557379795084119
LOC111107500,-1.33932859249754
LOC111113359,-0.752222282642643
LOC111121998,-0.891380691660443
LOC111124956,0.0315547093878956
LOC111127782,-0.106798106388264
LOC111129586,-1.04045211165819
LOC111102357,-3.45554031755857
LOC111120947,0.266441297592666
LOC111136855,-0.0665820402143782
LOC111136190,-0.600473653121482
LOC111132055,0.224550539169269
LOC111099469,0.316203291771084
LOC111126361,0.017882059717386
LOC111134391,-0.50140848215528
LOC111105409,-0.0197617778330147
LOC111135538,-0.457199624793002
LOC111136503,1.19091633463967
LOC111135822,0.239500136966996
LOC111127242,1.53900791164131
LOC111128292,-0.0250505082318684
LOC111135245,-0.131270544051463
LOC111135489,0.310058965023687
LOC111108591,2.36063050421493
LOC111115401,-0.0765457156777653
LOC111124986,-0.92989034590284
LOC111105839,-2.27928082940751
LOC111134760,-0.0695187284250746
LOC111130587,0.0215029002706623
LOC111105703,-0.597121049017967
LOC111119221,-0.187599717179359
LOC111135878,0.133216646380076
LOC111128590,-0.0708393318875025
LOC111138128,-1.99181382799182
LOC111128956,-0.332940039763823
LOC111125156,-2.63265095148088
LOC111122911,1.28030194411981
LOC111111227,0.679090788373283
LOC111132133,-0.0844725057984198
LOC111113428,0.701276413991317
LOC111123133,-0.76311427124233
LOC111131516,-0.15124791100144
LOC111112989,-0.150483417357957
LOC111099866,-5.98429032677423
LOC111136607,-0.648908352793471
LOC111128634,-2.09272568996806
LOC111127032,-2.23417681320007
LOC111102686,-0.523684257731626
LOC111099740,-2.35552921579036
LOC111136034,0.373765479689999
LOC111104852,-2.4628462931502
LOC111108704,-0.542476033211696
LOC111124169,-0.232340976863453
LOC111111675,0.100433852640842
LOC111129607,0.749835688315725
LOC111130094,1.1781193020051
LOC111120702,2.43990474359418
LOC111136513,-0.544232795519289
LOC111116941,-0.737563456809388
LOC111112177,0.431460556481251
LOC111100910,-0.112463402066356
LOC111123584,-1.17066632794775
LOC111126296,0.189866757201339
LOC111136075,0.535113231501293
LOC111125866,0.0595167628553639
LOC111118079,-0.180933383090409
LOC111136677,1.3580942913515
LOC111131498,0.566953961848197
LOC111102459,-0.216936517627654
LOC111107287,1.416779494156
LOC111111564,0.0600041896117589
LOC111110323,0.445040978782345
LOC111116750,-0.704477028010251
LOC111129613,0.400438896280814
LOC111128979,0.372051842445516
LOC111127601,0.617624995195724
LOC111113505,-0.498101308566442
LOC111104713,0.556236226986416
LOC111127781,-0.287955592735642
LOC111118876,0.0457705309914465
LOC111110116,0.00678619652236889
LOC111127274,-4.72993981955257
LOC111125952,-0.219583916121948
LOC111123047,-0.749833548259687
LOC111135992,-0.719720315318231
LOC111119180,-1.21596529349768
LOC111125671,2.1764158497704
LOC111134957,-0.934058372489295
LOC111125340,-0.640870080463539
LOC111099628,-0.527951571893598
LOC111121671,0.0566946535772867
LOC111110187,0.117834275975833
LOC111126243,0.0558931693641447
LOC111102995,-0.0501777841143604
LOC111127861,-4.16967095903189
LOC111134786,-1.31426813757024
LOC111106934,-1.58435304512456
LOC111118293,-0.47399595333175
LOC111126869,-0.189014121066793
LOC111125179,-1.11413831626387
LOC111129522,-0.109341659020766
LOC111138232,-0.838890906728205
LOC111128572,-1.03815446568173
LOC111126995,-2.09421898851384
LOC111121905,-4.72018602519526
LOC111135420,-0.901830978685959
LOC111111446,0.0560676455302158
LOC111136327,0.33200402160411
LOC111132314,-5.66414767510862
LOC111112558,-0.181093175205066
LOC111127744,0.356556461183261
LOC111135152,-1.19600999085693
LOC111126263,-0.251555093383136
LOC111122121,-0.681868682049764
LOC111132872,0.00997811081823355
LOC111110122,-13.529973783322
LOC111122130,0.686687715968443
LOC111125348,0.978729365164012
LOC111133995,0.471601798772421
LOC111130593,0.333733468880504
LOC111116616,-0.794747812028496
LOC111118209,-0.509065550609861
LOC111122015,-0.0655333511668637
LOC111101378,-2.75563957608995
LOC111123479,-1.43333086635249
LOC111122291,-1.22767876512903
LOC111119929,-6.9229168901197
LOC111114914,-1.3412489705975
LOC111122817,-0.334274558312202
LOC111115823,-0.0156858071342565
LOC111135862,-0.0308839737531889
LOC111104926,0.0426389524485122
LOC111129747,-0.295076679441953
LOC111116111,0.343968807642937
LOC111132136,-0.152622751011367
LOC111132672,-1.51156343541779
LOC111100068,0.329042307126265
LOC111116457,-0.0864592404285481
LOC111122500,0.232873479783175
LOC111108846,-0.320455958951438
LOC111135056,-2.79206651389059
LOC111099176,-1.23618103552019
LOC111129879,0.848712533077464
LOC111138137,0.378895558311301
LOC111135620,1.16039773607745
LOC111119857,-0.00159727486448205
LOC111104376,-3.21114183222602
LOC111130951,-0.16968957239579
LOC111117425,-0.43074270381278
LOC111136585,-4.73435226378431
LOC111120034,-3.89467171774004
LOC111118393,1.20654760662083
LOC111137550,-2.97919293795854
LOC111133398,-1.91518083688516
LOC111120251,-0.134629576589707
LOC111128921,-0.404761446933619
LOC111137940,0.27138889601561
LOC111104294,-0.374620470157368
LOC111127106,-1.64771025563174
LOC111120234,-1.0836026636585
LOC111124424,-0.34862411047062
LOC111108683,-1.07637590795568
LOC111134553,0.467068532924506
LOC111119281,0.33388680800302
LOC111124745,0.185380902085599
LOC111099054,-0.978249402532136
LOC111107463,0.40823202038946
LOC111135695,-5.81445110371389
LOC111105531,-1.49771249161002
LOC111121219,-1.27138011193478
LOC111113371,0.67718262501585
LOC111135779,0.520419905982443
LOC111121699,-0.369546867346235
LOC111123816,-2.20552556468803
LOC111125622,0.333409679423143
LOC111121109,-0.664391373764409
LOC111121032,0.0129536309569223
LOC111136442,-0.198216537097067
LOC111119114,-0.644021051077812
LOC111099450,-0.490411206549588
LOC111118333,0.450010550930446
LOC111120474,-1.16908573563802
LOC111114579,-0.249385383674771
LOC111130676,0.20698418436144
LOC111103835,-6.44501893963253
LOC111111679,-0.530218001749426
LOC111117374,-0.377096923782759
LOC111110146,-0.18723990881111
LOC111124622,0.0613278583145926
LOC111103493,-1.38027564487933
LOC111103492,-0.760708201877421
LOC111106509,-0.0965514537977348
LOC111134781,0.338583500335772
LOC111117525,0.884635323854719
LOC111135887,-0.157624364385003
LOC111106298,0.0846892586920162
LOC111132045,-3.23674976039868
LOC111134529,0.0874724192083985
LOC111137257,-4.95094204317955
LOC111107425,-4.4197350138914
LOC111138405,0.0610585821124433
LOC111112794,0.915874111598248
LOC111120208,-0.112313259863956
LOC111124682,-0.476680797293771
LOC111127820,0.682494435618573
LOC111106466,-0.794689484944018
LOC111115395,1.02591838238601
LOC111105741,-2.44050390006057
LOC111104799,0.117750980389491
LOC111135719,-0.291250649799803
LOC111109835,-2.8744718870477
LOC111127219,-0.85600473013221
LOC111110371,-0.897644016500897
LOC111131243,-0.939746790420922
LOC111101387,0.847589001395818
LOC111109778,-0.532806892246169
LOC111121320,0.0576100514628574
LOC111108597,-1.2267156899958
LOC111115671,-0.644333590708897
LOC111137068,2.2553138722301
LOC111126521,-1.85284059656775
LOC111133276,-0.562107229836004
LOC111131034,-0.6266406340724
LOC111135929,0.0325945510413093
LOC111136297,-0.186194457552569
LOC111118680,0.0808747133176941
LOC111111615,-0.284350650282271
LOC111117869,-0.299924112770092
LOC111104002,1.82795079403047
LOC111112359,-0.418967660552652
LOC111127759,0.635225191424898
LOC111111511,2.1717183894433
LOC111103018,1.43390302701182
LOC111100604,0.0598790239985807
LOC111116486,-0.219326320502241
LOC111138104,0.157763415244576
LOC111111562,-0.0101391709433172
LOC111116950,-0.444035404950076
LOC111113274,0.086676134311491
LOC111112593,-5.04784669611931
LOC111114553,-0.701148252043365
LOC111121848,0.123917770841122
LOC111104419,-0.264622635093016
LOC111125451,-6.22317313939687
LOC111121879,-0.249372496160568
LOC111119875,-0.00363340555192005
LOC111122643,1.18403961734014
LOC111116715,0.787104512025758
LOC111133983,0.54358351163613
LOC111130350,0.648127109365563
LOC111127772,0.462425265667571
LOC111110292,0.102348590005457
LOC111126545,0.0460585155439069
LOC111133349,0.764817387706602
LOC111126295,-4.90060337130484
LOC111125409,0.778059914437292
LOC111129903,0.47855048694586
LOC111138521,0.437169678372985
LOC111135993,-3.27673647838547
LOC111111733,-1.66576981992139
LOC111136602,-0.59224126868168
LOC111106292,-0.477992363804761
LOC111109716,-0.654439865268257
LOC111125412,-0.95655133975447
LOC111136288,-0.0342619733156839
LOC111131170,0.0215325113914186
LOC111111233,1.68309630887184
LOC111126109,-0.568093613863699
LOC111130129,0.694672724263348
LOC111116382,-0.49582839937303
LOC111133224,-1.06057424507497
LOC111137772,0.25040687746484
LOC111130282,-0.412552195358695
LOC111128280,-0.0239318029083754
LOC111114642,-2.07374789757903
LOC111114460,-0.829984609047698
LOC111108679,-6.64818036866791
LOC111129838,0.640269734531755
LOC111109825,-3.19193801950803
LOC111127816,-0.606647373619231
LOC111104655,0.999052765621444
LOC111107892,-0.810891844527042
LOC111127202,-0.309976531302596
LOC111121666,-0.539656159263174
LOC111122899,-5.41160792805182
LOC111128728,0.189020893693684
LOC111128727,-0.687291707685839
LOC111123035,-0.378697056803915
LOC111099825,-0.235898580170559
LOC111138224,-0.0235077790988388
LOC111120998,0.937242165067768
LOC111121244,-0.0866901049626194
LOC111122639,0.0774678395167686
LOC111100899,0.194787275135443
LOC111128893,-0.137596631989173
LOC111134394,-0.145264610055426
LOC111124941,-0.0468996246431969
LOC111100509,0.393673097614191
LOC111124643,-0.835217414804905
LOC111106261,2.10536792530914
LOC111121538,-0.709487114611627
LOC111110070,-0.410940639261162
LOC111121866,-0.0669897509677296
LOC111138247,-3.22483348133413
LOC111103629,0.238292528359625
LOC111128860,0.387331957559604
LOC111128026,-0.999691355227495
LOC111109878,-0.0636001056456054
LOC111126507,-0.170206480875571
LOC111136478,0.00679692325356551
LOC111138081,-0.178040803875406
LOC111103048,1.14331720633587
LOC111131602,-0.0222747196739346
LOC111134682,-3.87655032112659
LOC111101410,0.194922331407864
LOC111122306,0.128222659405042
LOC111110486,0.2179549494381
LOC111100904,-1.3441160863987
LOC111130697,0.301416715226953
LOC111107996,-0.932344147937095
LOC111104451,0.149582852615432
LOC111118124,-1.38693248887462
LOC111134620,1.06528815618415
LOC111106523,1.24007377892115
LOC111134100,-0.304544879614123
LOC111104644,0.704343507035684
LOC111132623,-4.39144480189789
LOC111107106,-0.236269728369713
LOC111127249,0.189330892664885
LOC111103561,-0.388797985664727
LOC111133718,-0.437037176316484
LOC111126760,0.706838574058651
LOC111129317,-0.409742524393115
LOC111106932,-0.166745098035813
LOC111131411,-0.20592311931623
LOC111114528,-0.997756613740665
LOC111129143,0.0677157370650827
LOC111125826,0.835864215484985
LOC111132032,-0.353182780153288
LOC111135345,-0.387771517562304
LOC111136106,1.41460645922585
LOC111127860,-1.08685315027647
LOC111135888,-0.0775660351684218
LOC111135886,0.454551896910578
LOC111131070,-0.236065635728359
LOC111117038,-0.965511670068441
LOC111122995,0.602823270398456
LOC111128398,0.582167589003201
LOC111109224,-0.485813583900921
LOC111101773,0.841296359126611
LOC111115745,-0.998708431834725
LOC111103185,-0.224055741183711
LOC111111780,-0.309582649170113
LOC111130343,-0.155220060416533
LOC111126463,-2.56552439555218
LOC111123208,-0.73911176319686
LOC111117340,-0.0904325388731605
LOC111138327,-0.220008094735169
LOC111126304,-0.126134062023902
LOC111106092,-0.102052155187385
LOC111119080,-0.522236495474151
LOC111132884,-0.918925386313167
LOC111118786,-0.819863081437649
LOC111128472,-0.230361185844432
LOC111113358,-1.01832526069289
LOC111128246,0.105234410926096
LOC111119845,1.90467270075291
LOC111121161,1.18690580771261
LOC111130622,-0.129480380502251
LOC111119785,0.118985905651733
LOC111125596,-2.12922042286885
LOC111129605,0.85062621877946
LOC111133363,-1.28100500795064
LOC111119251,0.498732135144258
LOC111104122,-0.644082213130645
LOC111110811,0.944597417105851
LOC111100339,-1.14725038033525
LOC111110395,0.308515095361821
LOC111136170,-0.205148071739378
LOC111138219,-0.669127906591843
LOC111134199,-0.983027957837808
LOC111103339,0.0651985515561994
LOC111137277,-2.06852827592172
LOC111131849,1.00005153679542
LOC111106432,-1.51824284396878
LOC111126865,-0.391759912699363
LOC111101459,-0.308738284449313
LOC111124768,-1.16199349599772
LOC111125741,-1.73487845947421
LOC111104055,-1.45941225841254
LOC111124472,-1.13229056918207
LOC111128805,-0.336812900010293
LOC111106668,-1.83290809921627
LOC111127143,0.0125402954013419
LOC111113698,-0.434532742913776
LOC111136956,-0.866960223072401
LOC111114840,0.0268680239132738
LOC111112362,-0.410044544194868
LOC111136290,-0.325407375739368
LOC111134774,0.777104560463299
LOC111134522,-0.35762933963131
LOC111134521,-2.33176378505044
LOC111121480,0.858920905546782
LOC111126294,-0.430340005846617
LOC111100944,-0.231768759817232
LOC111100673,0.956548678620464
LOC111137693,-0.375884525165971
LOC111131229,-0.146104232338889
LOC111103434,0.366514125305962
LOC111118904,-0.323435355649736
LOC111100937,1.16129489725934
LOC111112496,-0.682808287686397
LOC111136215,-1.03571013499438
LOC111135153,0.411434430793845
LOC111124316,0.495925142875826
LOC111121281,-0.0360935343515269
LOC111128802,-0.182069301910588
LOC111113293,-0.135111751645043
LOC111100518,-0.28595010984655
LOC111113162,-0.437694563769637
LOC111131763,0.403935087154855
LOC111115158,-0.44469970802848
LOC111119010,0.0266258254016599
LOC111126465,0.11654902544559
LOC111118388,-0.840597561165528
LOC111104172,-0.33435189845305
LOC111124265,-1.10714177543188
LOC111124679,-0.17467051857745
LOC111127173,1.04620867922153
LOC111123032,-3.58890941936966
LOC111132991,-0.94394139130507
LOC111122366,-0.251956549600016
LOC111137218,0.225787462235728
LOC111133779,0.784849626366539
LOC111099589,-0.235898207866522
LOC111119240,-2.35606516308398
LOC111126737,0.0696234185436466
LOC111119325,-0.593811740886429
LOC111113435,-0.55886821128042
LOC111134127,0.115679599826237
LOC111104586,-3.75177905643087
LOC111134928,-0.919274229782335
LOC111112599,0.0944538096308718
LOC111136279,0.318418263319908
LOC111115695,-1.12592283114782
LOC111107088,-1.50529075889368
LOC111125576,1.55478016601398
LOC111127864,0.857538288650413
LOC111126305,-0.062286630530062
LOC111137238,-0.537054548483514
LOC111111471,-3.42054450261623
LOC111111397,0.579019127684957
LOC111126136,-0.869954912223032
LOC111124649,1.65183713464994
LOC111120783,1.27321233703519
LOC111125779,0.852968297195803
LOC111136990,-0.125577991181382
LOC111122696,-0.645465686991478
LOC111123378,-3.06393264006328
LOC111119368,0.23043568955497
LOC111104440,-0.689987796117625
LOC111108025,-0.433424936773071
LOC111133943,-6.21349291565642
LOC111137702,0.353952851802648
LOC111132914,-0.446624078077719
LOC111110135,-0.788152817564234
LOC111136144,-0.277519249232926
LOC111130251,-16.1546224684
LOC111134866,0.0745724524482266
LOC111101289,0.350603096263731
LOC111108335,0.792182069607766
LOC111104075,0.911873441475566
LOC111116204,-0.637070148214504
LOC111102001,-0.81441385480521
LOC111131342,0.432637040371291
LOC111107268,-0.685899952222146
LOC111128350,-0.114286298744229
LOC111112905,-0.414518553319844
LOC111120725,-0.604851810184186
LOC111126893,0.08523816693671
LOC111102518,-2.74705408792226
LOC111118756,-0.255070944102771
LOC111115269,0.195486535164151
LOC111099754,-0.43015449729237
LOC111119734,0.0775282200342342
LOC111128057,0.130848345919674
LOC111126785,-1.61050164975569
LOC111126186,-3.34655741226404
LOC111102393,0.108377069709868
LOC111122210,0.295859548411576
LOC111128873,-0.0983163677113383
LOC111124227,-0.0285267876552174
LOC111136143,-1.95630469346204
LOC111105437,-2.15920060358809
LOC111131506,-0.474159742649784
LOC111112987,-0.123112303268024
LOC111113067,0.15482795919346
LOC111129189,0.204599031765107
LOC111132944,-0.0101941672413538
LOC111118086,-0.607190462887792
LOC111129840,0.549579389973151
LOC111099097,-0.473225495624478
LOC111113134,-3.89569508394801
LOC111111969,-0.631988727562939
LOC111120932,-0.326768147368067
LOC111107300,0.471491652831422
LOC111123848,-3.27059131421722
LOC111117565,-0.602587977839907
LOC111127008,-0.253220244295766
LOC111127570,-0.315773005150775
LOC111132432,0.595329899546304
LOC111135618,-0.519459428155395
LOC111118500,-0.60587490953825
LOC111129078,0.7804306443721
LOC111136381,-1.78778307041949
LOC111127662,-0.634719542224418
LOC111126548,-0.38979583130541
LOC111133878,0.2942829958054
LOC111119953,1.93026572526571
LOC111130005,1.21539956267513
LOC111115499,0.414237862287309
LOC111112602,-4.97675030393116
LOC111130208,-1.19506812192572
LOC111119837,-1.59377137321293
LOC111125713,-1.25824766569866
LOC111133733,-0.714108246528613
LOC111102756,0.400147390236769
LOC111136624,-0.418920209415513
LOC111101802,-0.396358804102828
LOC111121884,0.183169058719017
LOC111111104,0.258375700685682
LOC111130604,-1.4393864572294
LOC111111337,0.238816094526782
LOC111137192,-0.653481659009598
LOC111133701,-0.0741566325103172
LOC111126607,-1.59351079546748
LOC111099995,0.14795858423892
LOC111114090,-1.45500955653901
LOC111120801,-2.05186846646684
LOC111104671,-1.72744225388002
LOC111118045,-0.937883004334887
LOC111136391,-0.438849402930786
LOC111134286,-2.0275950622097
LOC111120118,-3.35368761824865
LOC111121732,-0.123952751686043
LOC111126510,1.22962893518107
LOC111133429,-0.268876611280511
LOC111123303,1.2202905427426
LOC111124136,-0.382227097463627
LOC111101673,0.150764564616475
LOC111120781,-0.445614408081146
LOC111113612,0.0754013060276313
LOC111121828,0.368405312298803
LOC111102881,-1.07929552595726
LOC111102892,1.83657626148197
LOC111129104,-0.462502928219198
LOC111106252,-1.94617123047033
LOC111131221,0.0300899291244682
LOC111115771,0.785740258180139
LOC111104872,-0.551775319424479
LOC111112095,2.5266059016454
LOC111129745,-0.38051584216867
LOC111119202,-0.429720256138353
LOC111117733,0.805463010696619
LOC111131022,0.862338215379052
LOC111132626,-0.790670778879322
LOC111107611,0.356985780944768
LOC111125315,0.231899574566176
LOC111119647,-1.86370608761599
LOC111128672,-1.5901789672072
LOC111112873,-0.293949143988643
LOC111102761,-0.0701058203043287
LOC111123758,-0.95505697516734
LOC111137671,-0.100363169034416
LOC111128011,-4.41831765773865
LOC111134737,-1.63231614197309
LOC111128650,-0.20467864408093
LOC111119222,0.817888118272812
LOC111115692,-0.538229682105266
LOC111106153,-0.187305152905983
LOC111135877,-0.335379632932535
LOC111099894,0.779684538962669
LOC111099937,-0.389233293626235
LOC111100364,-1.10735806156449
LOC111122800,-0.609423512387571
LOC111130498,0.731827757704641
LOC111101385,-1.49541061245699
LOC111124596,1.69455633710316
LOC111126406,-0.268080680348239
LOC111113272,-0.184805625323874
LOC111135728,0.571272429139448
LOC111128988,-3.63072162082878
LOC111121562,0.0831025513127699
LOC111135017,-0.819059708958262
LOC111126838,0.411882061785351
LOC111121626,-1.02633928351862
LOC111114951,-0.713401780355475
LOC111119850,0.133202774455339
LOC111122895,-0.0347690000058251
LOC111126214,0.484250808890271
LOC111114644,0.746386389675909
LOC111135498,-1.03570046489241
LOC111122429,0.123042924672268
LOC111128531,1.32264655782777
LOC111115111,-0.689889656346807
LOC111116984,0.000938119125711948
LOC111130255,-1.95602019889048
LOC111118563,-0.658876109292628
LOC111125236,-0.359733479408283
LOC111106360,0.370001849397683
LOC111117134,-0.457356010613399
LOC111118375,-0.610152645078698
LOC111130084,0.20473919928728
LOC111102980,-1.16121308919985
LOC111133590,-0.419143304334705
LOC111107422,2.38493274780213
LOC111129829,-0.755370374037942
LOC111111815,-4.91365555962084
LOC111129669,-0.111836754157835
LOC111106512,-0.0650392915010654
LOC111119540,-0.384027154430406
LOC111132366,-5.18927073607042
LOC111106451,-1.71656676044202
LOC111119687,-2.5097761127659
LOC111131244,0.236458597434581
LOC111135845,-0.874910538090872
LOC111120939,0.696202244291943
LOC111106659,0.0577182918792105
LOC111112779,1.04831501342235
LOC111112541,-0.03042499436672
LOC111108768,-1.92712718201901
LOC111138066,-2.93136618305001
LOC111106842,-0.208402126132563
LOC111116634,-0.267448985810569
LOC111133482,0.577418260888706
LOC111125546,-0.380449682066527
LOC111131611,-1.58669676629521
LOC111135361,0.827742512796756
LOC111126570,0.0309360516737591
LOC111138031,-5.30857899689163
LOC111125063,0.476555495433597
LOC111108341,-0.987002743119751
LOC111127655,0.138913627490822
LOC111116162,-2.60329368098118
LOC111134445,-1.53606153984083
LOC111128623,0.712881055313161
LOC111102958,-1.29054711174589
LOC111133086,-0.829230338035309
LOC111131488,0.507177229418125
LOC111126261,-0.778719081019556
LOC111104246,-0.170312305891928
LOC111118835,0.205400574637064
LOC111112650,0.305588396474529
LOC111136397,1.30678605953899
LOC111134502,-0.166948167863058
LOC111116929,-0.183065231577702
LOC111138403,-0.323495994181848
LOC111102711,-3.01014159307525
LOC111123690,0.419397812386869
LOC111138064,0.0682522155604664
LOC111127398,0.553285768023676
LOC111129352,-0.179292704798632
LOC111130920,-0.745308394673202
LOC111125138,-1.24881977385844
LOC111108515,-0.741535528471598
LOC111123031,0.0589272487031669
LOC111117417,-3.03712614745884
LOC111104097,-1.17048369251337
LOC111109471,0.299894510760622
LOC111126393,0.00584249560593365
LOC111121564,0.14683363147661
LOC111118567,0.549419255181962
LOC111104278,-0.111814417507255
LOC111130954,-0.41555087316165
LOC111138362,-1.04314318351179
LOC111115540,0.0314643795974545
LOC111136459,0.130659567616443
LOC111135899,1.94250387247013
LOC111130148,0.672638299996547
LOC111105503,-1.42392198629628
LOC111120689,1.47091280713406
LOC111131166,-1.34612019899574
LOC111135709,-0.286472974617321
LOC111126091,0.136731858011588
LOC111099553,-0.996457354755305
LOC111103279,-1.0042670768147
LOC111136757,0.662676412894199
LOC111121498,1.03408940655691
LOC111122980,-5.0570020639956
LOC111137756,-0.905825359921786
LOC111101409,-2.58903437900056
LOC111124644,-0.141672218817829
LOC111129249,-0.0609619736470749
LOC111109436,0.359907847873963
LOC111129498,-0.0559846644169513
LOC111105892,-1.42808969787074
LOC111101855,0.327658557757912
LOC111103653,0.11191198805867
LOC111129239,0.796710465394295
LOC111118136,-0.171565489039127
LOC111104110,-1.05670392328852
LOC111118746,-0.0653133534039395
LOC111136462,0.0112190747424284
LOC111102890,1.18192938303553
LOC111137602,-2.1595290714868
LOC111125019,-0.554618920660013
LOC111114592,0.166240236020031
LOC111103579,0.318894318592373
LOC111105485,0.638614286964993
LOC111104275,-0.238764968958707
LOC111138307,-1.18757726169018
LOC111109783,-0.524994182672907
LOC111112664,0.422392455438215
LOC111122380,0.322398570403835
LOC111120800,-6.3355058657
LOC111107307,-0.521791235081217
LOC111129593,-1.44966965002095
LOC111129512,-0.357436885329575
LOC111123821,-0.939430093819827
LOC111133851,-0.385029558338307
LOC111130126,0.3928477067117
LOC111111472,0.0123720234762959
LOC111123773,-0.488623224287709
LOC111120530,-0.757836844274891
LOC111134458,0.0056052404505141
LOC111124296,-0.334978860641917
LOC111127773,-0.136805369307954
LOC111110601,2.54950046241088
LOC111112027,-3.08367517116679
LOC111121601,-1.14162234569447
LOC111111058,-1.01843279100717
LOC111135976,-0.184750971281849
LOC111116610,-5.02787294529541
LOC111129428,-0.471519047869289
LOC111125385,-1.35416696378504
LOC111129632,-0.562393097298736
LOC111116614,-0.700622660506509
LOC111131631,-2.73762704210333
LOC111133075,-2.16809902152903
LOC111136005,1.03745160227791
LOC111109769,-0.371608382110672
LOC111121594,-0.62489865044235
LOC111108493,-5.64026683410532
LOC111127725,-0.65693462352607
LOC111131056,-1.17888772563086
LOC111107927,-1.0785746191098
LOC111107448,0.208780281224542
Trnad-guc,-5.22302838338129
LOC111123276,-1.03562616387469
LOC111118734,0.53713848627696
LOC111138051,-0.2666084678415
LOC111135648,-1.45899243577435
LOC111102921,0.038313655607842
LOC111134306,-0.0290748781300488
LOC111134074,0.391011329153289
LOC111136949,-1.06802483385185
LOC111136941,-0.238521462621317
LOC111123813,0.126465836469403
LOC111136251,-1.62422773777501
LOC111124558,0.542777397247462
LOC111128779,-0.353964820912876
LOC111111593,0.197266618062338
LOC111115444,-1.69424650934565
LOC111136727,0.871406493338385
LOC111136036,-1.09982399099624
LOC111136313,0.291283061550348
LOC111115213,-0.0684757266839652
LOC111126207,0.359067436869988
LOC111137963,0.657107494021037
LOC111121983,0.532212010340314
LOC111119089,-3.30024327796699
LOC111134809,-0.0224315527903936
LOC111109392,-0.845721966039092
LOC111129883,1.5382417091146
LOC111105754,0.0504055856795465
LOC111135095,-0.0153805282927824
LOC111130467,0.278102314168806
LOC111132855,-0.480914474232753
LOC111109748,-0.0822279490719079
LOC111137561,0.140286598177365
LOC111101190,-1.63877888991867
LOC111138024,-0.0360417405074412
LOC111100968,-0.101610141026705
LOC111114722,0.181651788774569
LOC111112101,-0.65798823563318
LOC111118126,-0.680340541224346
LOC111118845,0.579954250241523
LOC111105578,0.0336830585548436
LOC111107021,-0.225931443109938
LOC111129469,-1.15812030517229
LOC111104208,-0.524767170801292
LOC111130228,1.83184617191995
LOC111104108,-1.0104059595806
LOC111102070,0.479457750394024
LOC111099443,-0.195609039907731
LOC111110856,-1.44656343986148
LOC111127899,-0.686571154082637
LOC111120603,-1.40324049705544
LOC111127138,0.553610519248707
LOC111106819,-0.118083454798187
LOC111128801,0.949694024457159
LOC111123579,-0.0618911743666755
LOC111101867,-2.4288827259256
LOC111128800,-0.166629596404494
LOC111104356,-0.0981745327078613
LOC111121319,-1.02907612084033
LOC111106599,0.187931741769729
LOC111101002,-0.0647096121197245
LOC111114918,0.476287153197556
LOC111136654,-0.265140775353153
LOC111111907,-1.52627554132319
LOC111103598,0.0280348563348809
LOC111115539,-0.322140614134933
LOC111125806,0.296657648878347
LOC111136733,-1.60676409908873
LOC111116617,-1.45513228795073
LOC111119209,-2.44489356546444
LOC111104325,-0.231751963571678
LOC111134005,0.250258112930478
LOC111130903,0.119398952104318
LOC111120785,-0.723031564644293
LOC111118304,-0.175312687027535
LOC111115894,1.1648750526921
LOC111109418,0.272210393681292
LOC111136595,-0.329999307688328
LOC111120949,1.61967334032464
LOC111113090,-1.03592983691185
LOC111112751,-0.528562425399475
LOC111121878,0.314877131880855
LOC111108513,0.0152752928852507
LOC111122830,-0.67912791609449
LOC111105525,1.28059005515705
LOC111104062,0.098159125121156
LOC111129733,-0.178764818475679
LOC111099147,-1.24032200408703
LOC111125281,2.26251225384675
LOC111110793,1.28923214146579
LOC111113926,-0.00112908001936182
LOC111131580,-1.19809493347631
LOC111136789,-0.955749255382529
LOC111106044,0.0439924961363834
LOC111126265,-2.15993827820626
LOC111129346,-6.63747615822862
LOC111114230,-0.797189583443651
LOC111099897,-0.436492886114492
LOC111100796,-0.753296411227162
LOC111135935,0.413553406621034
LOC111136561,-0.36554603847589
LOC111124619,-0.316216844059928
LOC111121182,-0.555240626315135
LOC111133413,-0.107595644835873
LOC111126244,-0.249004706096955
LOC111116407,-0.359138530545061
LOC111136298,-0.113370748798253
LOC111127959,1.17133560524753
LOC111118776,-5.63780109957281
LOC111127263,2.37059988638397
LOC111106522,0.24542899303517
LOC111114825,0.741498445706448
LOC111126213,0.0892217865067422
LOC111127458,0.358413991155078
LOC111117529,-0.329880439192199
LOC111122003,0.0491885217880765
LOC111129969,-1.78562233877703
LOC111102243,-1.29183359446351
LOC111128678,-0.0490545789365157
LOC111121899,-0.320665529371772
LOC111102167,0.624483445418517
LOC111104132,-0.872937625970869
LOC111136481,-0.377432173429418
LOC111115113,-2.07205838710567
LOC111120015,1.03648232515634
LOC111130981,0.0197404389783336
LOC111124202,1.22333158076141
LOC111121134,-0.100896789773282
LOC111109743,-0.224553555952745
LOC111122589,-1.10533516846719
LOC111121111,0.41702390485231
LOC111112071,0.349434174654403
LOC111121000,-0.700293919201188
LOC111133063,0.835521934130866
LOC111125672,-0.498467666297309
LOC111126084,0.192394215287366
LOC111119103,-1.44198420262864
LOC111128780,-0.496596011547308
LOC111112685,-1.3922245574444
LOC111136013,-3.25075774419986
LOC111103074,-0.486054150872703
LOC111103076,-0.0717523294969846
LOC111129116,-0.24760552458293
LOC111106987,-0.630023941836286
LOC111101036,-0.731367857157022
LOC111108723,-0.461735766359811
LOC111107947,-0.248508226268463
LOC111111522,-0.990602328843172
LOC111104085,-0.445521138185879
LOC111130436,0.175064830851259
LOC111104021,-0.348265061853626
LOC111118325,0.0429893065585367
LOC111134435,0.0795796498520334
LOC111128471,-1.35165861716514
LOC111136762,-0.0388157491546645
LOC111124833,-0.105869541547143
LOC111127232,0.113174531448394
LOC111101420,1.03247394543668
LOC111138330,0.20014353142847
LOC111122097,-0.159051958068067
LOC111129048,-0.382332797446334
LOC111114865,0.12064722294407
LOC111114655,-0.454444968337936
LOC111118157,-3.18307505309104
LOC111115424,-0.383934555835982
LOC111129066,-0.302540692334426
LOC111129946,0.349619375712163
LOC111130553,-1.04226649668165
LOC111117044,0.789896150959168
LOC111136775,0.10571740580443
LOC111124884,0.0955208429154427
LOC111118070,0.123490005132343
LOC111114966,-0.732415813907263
LOC111116015,0.190144968549926
LOC111106719,-1.48628930852915
LOC111126648,-0.285317438702563
LOC111121160,-1.08943932983119
LOC111133641,0.292192660097675
LOC111105103,-0.537925443541673
LOC111130509,-1.10098629428151
LOC111127540,-0.446082451771518
LOC111111589,0.434204275316304
LOC111099604,-0.919036200797703
LOC111132804,0.867640519157252
LOC111133030,0.550107843640444
LOC111129610,-0.665066921742388
LOC111121388,0.17384859285697
LOC111125058,-0.279092090145703
LOC111125389,-0.139397603099263
LOC111109470,-0.632511113608583
LOC111129971,0.0176064634370629
LOC111115259,-0.133984691111541
LOC111106016,-0.0904542581999328
LOC111136053,0.647598554492919
LOC111136052,0.486615362995202
LOC111127738,0.0853539760089559
LOC111106545,-0.16440870836349
LOC111131759,5.09872595281718
LOC111130882,0.557083230160411
LOC111107646,0.489469517710051
LOC111112742,-1.55674468872963
LOC111121920,0.651119478619902
LOC111124990,0.0695330324056651
LOC111106770,-0.149273128589702
LOC111137464,-0.424991911518117
LOC111136180,-1.14983120599904
LOC111131686,-2.62904369789982
LOC111136125,-0.182343334715972
LOC111135492,-0.696220806552897
LOC111126699,-0.336880094627269
LOC111124091,-0.0767650300497672
LOC111135751,0.617304308726116
LOC111100634,-0.091324400108258
LOC111106152,0.0656039509040329
LOC111131822,0.205004700902854
LOC111122166,-0.80810735970859
LOC111137371,-0.0346973615705744
LOC111117464,-6.48556364943445
LOC111119421,-0.0079292176166661
LOC111138199,0.0533799909044636
LOC111134743,-0.200724673850981
LOC111135002,0.0621748924351481
LOC111100888,-0.149243044482983
LOC111120609,0.151201303708311
LOC111125838,-2.72966385840039
LOC111106464,0.0625516280189498
LOC111136635,0.39726941043172
LOC111134370,-0.578695826438144
LOC111120593,-0.120163103069006
LOC111124132,0.0549534781019146
LOC111105153,0.174759268829703
LOC111122957,-0.0282074988508483
LOC111101795,1.78882190849239
LOC111108696,0.131497998735821
LOC111100329,0.125634518613968
LOC111106254,-7.79221319103791
LOC111118392,-0.814641172082469
LOC111106519,-0.33966109829504
LOC111123478,0.483084716275621
LOC111119702,-0.983701017439675
LOC111133188,-0.00608560353404551
LOC111103693,-2.99006563168867
LOC111099189,0.129786623918644
LOC111137048,-1.02388097399865
LOC111118797,-0.566796905425105
LOC111113924,0.646281723172873
LOC111135773,-1.96228082665893
LOC111135975,-0.41810758640403
LOC111101788,-0.892957682772593
LOC111107775,-0.566042721722103
LOC111117753,0.239124903043462
LOC111120020,-0.258693294519912
LOC111128976,-0.537692849877606
LOC111107501,-3.0310623565921
LOC111125141,-0.292707939351904
LOC111127288,0.0420450045178458
LOC111100696,-0.376284751859207
LOC111122499,-0.0479566134151444
LOC111124266,-0.105681030623687
LOC111124330,0.309834280266715
LOC111121567,0.113960121436848
LOC111133741,-6.67628527029467
LOC111113016,-0.138800611521422
LOC111106072,-1.53213555493107
LOC111119062,0.0348487494123164
LOC111103430,2.0405603803961
LOC111104383,-4.21728212234794
LOC111133144,0.100897719723415
LOC111102942,-0.252722061130414
LOC111109462,-0.186670521870922
LOC111135634,-0.393646938394825
LOC111128297,-0.402324060755383
LOC111130826,-0.0529787705428101
LOC111127011,0.822529670983468
LOC111111510,0.0508466803273146
LOC111119228,0.356987808141688
LOC111135077,0.0340147433059512
LOC111103514,-0.033781691253777
LOC111126060,-0.413387314845454
LOC111122694,-0.379866532789116
LOC111128406,-1.13799705211878
LOC111133382,0.663186763717682
LOC111100629,-3.39747891207767
LOC111120970,3.49862905898817
LOC111108204,-1.39652999378701
LOC111109684,-0.0305093279785824
LOC111108847,-1.05230412125545
LOC111105129,0.0937070021291762
LOC111134231,0.490400808954781
LOC111108574,-0.191557803733412
LOC111115336,-0.170095178979405
LOC111132467,-0.196892832294651
LOC111131383,-0.125747052221397
LOC111131294,0.196729500667625
LOC111120833,0.488444276810177
LOC111108835,-0.524586697738828
LOC111119885,-0.221732701448945
LOC111119538,-0.823003569554524
LOC111127868,1.9022890899336
LOC111100138,0.670554391214024
LOC111101860,-5.56123388498843
LOC111120981,0.647506637633053
LOC111107254,-0.735309111449011
LOC111123558,0.0742381290286726
LOC111104020,-3.26562631558592
LOC111101840,-0.417946329318887
LOC111129076,0.00035588604236885
LOC111099150,0.51605871290245
LOC111131049,1.50750818148126
LOC111109696,0.101219936907141
LOC111135757,-0.653230028002049
LOC111115204,-0.132064205552126
LOC111119718,-1.33679820269443
LOC111107245,-1.31787450585587
LOC111135551,0.245018417461997
LOC111127078,0.93735721952996
LOC111123201,-0.672304476250557
LOC111132231,-1.22223069438089
LOC111117749,2.13039275589268
LOC111127553,0.0908663245284852
LOC111119756,-0.541016196595429
LOC111135343,0.373835407537828
LOC111116369,-0.19342168517975
LOC111123296,-0.136404984702992
LOC111123565,0.118211100340812
LOC111124511,-0.0947834043867466
LOC111117759,0.171053945765535
LOC111134354,-0.638124692977181
LOC111135565,0.119396702572337
LOC111109516,-1.09983631912975
LOC111105731,-0.244694627145536
LOC111104109,0.0786614543504573
LOC111118006,-0.0424457155095039
LOC111109330,-1.11825774979951
LOC111124019,0.577360817073232
LOC111119424,0.4905437450666
LOC111106320,-0.214423397257526
LOC111120535,-0.073085067578395
LOC111136906,0.681813372007332
LOC111127561,-0.734075266987881
LOC111119620,0.607121513813365
LOC111100528,0.0714378335506303
LOC111112653,-1.54354484836032
LOC111120563,-0.586162674233324
LOC111125453,-0.237687062397605
LOC111108185,0.690473136839478
LOC111103248,0.381349219747425
LOC111121707,-0.843354769279193
LOC111105809,-0.0183670994555681
LOC111130422,-0.403535879972505
LOC111125905,0.161179116917407
LOC111117430,-7.15883682506129
LOC111124887,2.48839260248713
LOC111112207,-0.266931513602628
LOC111109639,0.419431376608864
LOC111100920,-0.792369022588287
LOC111106326,-0.515682943578242
LOC111104490,1.33063013883
LOC111123877,-0.918293326460387
LOC111137626,-0.0149219673464132
LOC111107768,-0.227654147538406
LOC111128725,-0.432189479575739
LOC111099080,-0.0803094208899452
LOC111103519,1.43371342556673
LOC111133473,-0.978403600482532
LOC111117764,-0.0262278858320669
LOC111134405,-0.46396920866785
LOC111126239,-0.605450998000124
LOC111106694,0.952509064574051
LOC111117704,0.32100918525167
LOC111130532,1.59686789940864
LOC111118350,-0.271035646421356
LOC111106324,-2.68439833524674
LOC111101435,0.50576376129435
LOC111127276,-0.254056842692112
LOC111128060,2.18995575797503
LOC111113037,-1.07066442024744
LOC111135193,-3.56658591098621
LOC111128532,-0.145281017879082
LOC111113220,0.604122882747916
LOC111135656,-0.442967924926194
LOC111129136,-1.00038535228188
LOC111124905,-0.7175798467689
LOC111124535,-0.393123029804457
LOC111135122,-0.897609791674298
LOC111114030,-0.216210293202813
LOC111121351,0.181851353302617
LOC111134230,-2.53056031574758
LOC111103984,-0.742397568973034
LOC111116594,0.220545891402971
LOC111132699,-0.20782092659115
LOC111133194,0.355248324236546
LOC111124332,0.220893026794418
LOC111134974,-0.272086814794488
LOC111119429,-0.448347543869744
LOC111100257,0.158876810510326
LOC111113616,-0.00262324416059002
LOC111129083,0.532126643956246
LOC111133401,-0.595986637614515
LOC111121087,-0.269323828928951
LOC111102889,0.118262720099635
LOC111102560,-0.538560250635675
LOC111125490,1.10569252410514
LOC111099841,-3.2983986985403
LOC111099677,-0.592498302175179
LOC111135857,-0.997308217009833
LOC111137896,-0.129743546023146
LOC111134120,-1.40286122931557
LOC111124890,-2.16038059487991
LOC111124891,-0.376154258402793
LOC111133336,-0.0728562305143926
LOC111120718,-0.371073882188148
LOC111120523,0.906354304343905
LOC111118068,-0.172732843315085
LOC111116611,-0.550435474424705
LOC111104775,-0.0497827836909226
LOC111128085,-4.21646347093229
LOC111113165,-5.77224442825482
LOC111127485,0.448983794526646
LOC111112743,-0.271066742575019
LOC111101764,-1.24652322450775
LOC111138293,2.49944112373665
LOC111114283,0.144958258507472
LOC111111072,0.900557918935055
LOC111111945,-0.125328722506645
LOC111131375,-0.502437382863913
LOC111107924,-1.11893474251009
LOC111112034,0.20234146937264
LOC111115085,0.436333229615966
LOC111127186,0.349273647364466
LOC111114631,-1.47206263294611
LOC111137682,-0.314075570660938
LOC111137681,0.185341885645265
LOC111137680,-2.27436447745718
LOC111101432,-0.0512799077182502
LOC111122577,0.324257655901683
LOC111132643,-0.247093172216766
LOC111101787,0.317979264722098
LOC111107274,0.453564621669232
LOC111103793,-0.00383481934510619
LOC111132416,-0.567908821610928
LOC111133324,-0.0820306424392787
LOC111123875,-0.15803578973801
LOC111112619,0.0300366359471104
LOC111101552,0.516985385812542
LOC111115179,-0.304243693721935
LOC111138113,-3.30436395782555
LOC111100835,1.26164267281294
LOC111138514,-4.28498879837706
LOC111132463,0.699221818557652
LOC111125605,0.121904883192125
LOC111113535,-0.404016234453376
LOC111124721,-1.71106640055935
LOC111127509,-2.99074615612467
LOC111129874,4.24954815442061
LOC111133045,-0.96634336023109
LOC111136403,-1.31111419452146
LOC111130325,-1.90819422147851
LOC111131545,-0.207684895524643
LOC111137022,-0.401482772874511
LOC111125047,-2.2421515373735
LOC111108358,0.302214611411317
LOC111119868,0.607093680230409
LOC111104078,-0.352627547664153
ND6,-0.368410233189295
LOC111132604,-0.0667675189721244
LOC111100071,-0.600922280563932
LOC111099229,0.0257785407048406
LOC111128968,1.34996579926205
LOC111128400,-0.100013917875416
LOC111137229,0.477092928724008
LOC111135225,0.282462224358278
LOC111135252,0.0729974975161915
LOC111120522,2.54790773510995
LOC111102289,-0.240835766590982
LOC111123261,-0.307128956091215
LOC111100755,-0.735588627850582
LOC111111136,0.139919788403733
LOC111122634,-0.241021732709928
LOC111130378,-0.767617693076254
LOC111129697,-0.234335156425525
LOC111129731,0.0338247200819507
LOC111109646,-1.15932323607849
LOC111115300,-0.31360780407721
LOC111107064,0.0346545398841371
LOC111119457,-3.90269796690724
LOC111122739,-1.38135188614983
LOC111105791,-3.39448997736504
LOC111138386,0.0624305375830655
LOC111110575,-0.854734051821181
LOC111135137,0.013602185907916
LOC111137503,1.28638881425688
LOC111134618,0.511012621033878
LOC111121782,-0.0704464739056991
LOC111119126,0.37297812015112
LOC111121518,-0.0438164343743494
LOC111125095,-0.70408771160041
LOC111122017,-0.385359684400976
LOC111117958,-0.00236428129497665
LOC111117451,-0.072936838950314
LOC111136768,0.596531267625995
LOC111112615,-0.120544300690675
LOC111124992,0.569269724802024
LOC111136652,-0.0983683801646774
LOC111130820,0.710150536367778
LOC111101147,0.816633991414865
LOC111135602,0.685283470977837
LOC111124525,0.480994122419564
LOC111112226,-0.436845585739607
LOC111130179,0.819139426490164
LOC111120472,2.16828994554448
LOC111112253,0.545191551149141
LOC111135945,0.0624526116269343
LOC111105312,0.429860134692144
LOC111133798,0.285946266227508
LOC111129520,0.707424888485786
LOC111106797,0.899813513971472
LOC111109396,-0.254129540919293
LOC111112564,-0.0901314096338857
LOC111116196,0.068159960848149
LOC111125433,0.273465826637367
LOC111101853,-0.0183255939154888
LOC111101852,-1.79642572025874
LOC111115921,-1.58039772107395
LOC111117816,-1.59956529493333
LOC111130626,-0.485778003458435
LOC111136636,0.215586606960077
LOC111116022,-0.106464083493181
LOC111109931,0.118212577870141
LOC111135679,0.556893616907633
LOC111101223,0.428507624237162
LOC111110066,-0.383754858287169
LOC111128402,-3.09950027540396
LOC111135606,0.324336466252227
LOC111115381,1.40690697570653
LOC111113424,-1.80621377896249
LOC111111342,-0.518808196282708
LOC111116060,0.0557518779192268
LOC111135476,0.111296167292909
LOC111128912,0.0837449370350858
LOC111134460,0.893368366864592
LOC111133297,-0.291345411297535
LOC111128683,-0.341628720393096
LOC111136153,-1.95231825679605
LOC111112821,-0.428797352206192
LOC111105238,-0.214973998077116
LOC111117859,-0.242563817512461
LOC111107050,-0.0222585253899094
LOC111138181,1.39960998571055
LOC111101979,-1.19403119837766
LOC111100713,0.689392648924096
LOC111120763,-0.65226385971129
LOC111119689,-0.0211281026830519
LOC111126774,-0.815100974428627
LOC111110373,-2.77399259775411
LOC111120104,0.123667561659069
LOC111133721,-3.37028897241635
LOC111100874,-1.22733934863551
LOC111101595,0.599776055708219
LOC111107722,-0.377732205051479
LOC111129367,-0.0285925158862785
LOC111125965,0.779593466611184
LOC111110032,-0.463953366143075
LOC111107602,-0.0386439477762127
LOC111110731,-0.357722667953325
LOC111113315,-0.70351798136262
LOC111101946,0.299216895239058
LOC111117866,0.531185672613546
LOC111118688,-0.818957680021672
LOC111100838,-0.303717612101719
LOC111110716,-0.049246357088968
LOC111115001,0.369682919643845
LOC111137422,-5.04368477659809
LOC111127922,-0.0714817015335897
LOC111124313,-1.3839363542918
LOC111101228,1.30364918456551
LOC111121925,0.0775542072130512
LOC111116883,-1.28494185644968
LOC111109700,-1.33732865589364
LOC111136546,-0.564290610054355
LOC111132469,-2.31326054405941
LOC111127332,-5.41135798570531
LOC111105504,0.192574790928621
LOC111118878,0.546195834460745
LOC111112368,-0.873605355709331
LOC111103594,0.467471661058076
LOC111132299,-0.808224707432914
LOC111125789,1.22156399112428
LOC111118341,-0.084531571617459
LOC111103749,-0.115716222910808
LOC111118504,-0.469623843281716
LOC111126495,0.921342901087073
LOC111126560,1.06710762123644
LOC111113309,-0.182741468752657
LOC111133465,0.235210464541656
LOC111131084,-1.02781169051049
LOC111112305,-0.44586242697155
LOC111116315,0.676089050198827
LOC111121164,0.413320257558029
LOC111108948,-0.406666888651484
LOC111107827,-1.28155806888121
LOC111118323,-0.447980097954469
LOC111123091,0.399701662533724
LOC111128089,0.237169070616567
LOC111100014,-0.204277889606029
LOC111130648,0.209100073621554
LOC111117728,0.538732949623419
LOC111108743,-0.295557874343522
LOC111112271,0.306167632685022
LOC111107407,-5.98991414313433
LOC111136078,-0.0156669820619771
LOC111102805,0.493795224741633
LOC111129054,-0.332791382448304
LOC111123963,0.297673100072535
LOC111134672,-0.0316007300072582
LOC111122420,-0.74160637108564
LOC111136901,0.0693412417506853
LOC111134359,-0.809033241724392
LOC111112991,-0.0678391989074157
LOC111126935,0.747262095948226
LOC111126164,1.38885543142416
LOC111129448,-0.166185454391499
LOC111114524,-0.471694828904573
LOC111101205,0.229190482810717
LOC111138287,0.0804075590683328
LOC111112185,0.402957765011953
LOC111121152,-0.0171533995775468
LOC111100103,0.260714311994031
LOC111119762,-0.161414528227684
LOC111134437,-0.310373678243703
LOC111100915,0.832184048717631
LOC111111663,-0.671533918813599
LOC111116825,-0.783026109009132
LOC111127857,0.880488733439273
LOC111133304,-1.45168659439388
LOC111121202,0.0151741183681024
LOC111126918,0.0424085015436906
LOC111103288,-0.234772479638301
LOC111108769,-0.0628731452801458
LOC111134037,-1.03490886501641
LOC111107548,-1.7757491350089
LOC111104147,-0.112103690374031
LOC111131212,1.95003380828738
LOC111115873,0.37704850803194
LOC111103312,-0.345707555122455
LOC111106150,-0.0622587857518471
LOC111130932,-0.808808445758608
LOC111112498,-1.05986240684654
LOC111114831,-0.224431715568504
LOC111128654,-1.33006895047116
LOC111121850,-6.97942991956541
LOC111135986,1.1385673832037
LOC111118129,0.578013013982157
LOC111113242,0.601434461578772
LOC111133061,0.968822390397621
LOC111120756,-1.24917126656861
LOC111135243,0.561445345149688
LOC111134069,-0.0115840514146006
LOC111133168,-3.46249827728961
LOC111125926,-0.0169414331070166
LOC111121034,-1.05559539515894
LOC111132104,-0.66452063664001
LOC111099544,0.624367235475012
LOC111102755,0.953388849689479
LOC111127559,-2.81154259168408
LOC111111017,-0.216005738475141
LOC111137018,-0.0194157453135192
LOC111123599,10.7444545428741
LOC111114131,-0.0362686513693984
LOC111124653,-0.270347594784452
LOC111117099,-1.15722149839078
LOC111114576,-0.371095865814284
LOC111133543,0.34018766217151
LOC111115801,0.86158649726278
LOC111122412,0.0582144231461849
LOC111124850,-2.29399249189555
LOC111124059,-1.46736243213764
LOC111126791,-5.37294382193466
LOC111123145,1.49691704189514
LOC111104804,0.787216217625665
LOC111123474,0.381912505070937
LOC111130043,0.149576126014714
LOC111133782,0.641839359684924
LOC111099107,0.121076701074916
LOC111128155,0.583548826932341
LOC111101293,-0.468248166222469
LOC111124747,0.0945457398101813
LOC111121414,1.07922465246152
LOC111133526,-0.774792777353128
LOC111100144,-0.464088408235735
LOC111135641,-1.76269663341141
LOC111134859,0.565322537458813
LOC111137803,-0.334755457328983
LOC111120182,-0.0112708171124905
LOC111120516,-0.0954300482854309
LOC111127647,-2.87589939377533
LOC111136948,-4.62385170742887
LOC111121196,-2.28402411219541
LOC111123956,-0.0961243880310087
LOC111127444,-1.85464420672209
LOC111137481,-0.804957215533326
LOC111126543,-0.727153121606371
LOC111134713,-0.176612127542451
LOC111126687,0.293953761170838
LOC111131029,-0.477396192027593
LOC111135274,-0.178549462141197
LOC111105438,-0.287367672865488
LOC111131151,-1.60527750087092
LOC111118970,-2.13689806356658
LOC111123964,-0.524624788786944
LOC111104023,1.52968346642331
LOC111114163,0.755786990388985
LOC111105498,-0.584091432198172
LOC111119088,-6.33483825442179
LOC111106766,1.00284710775257
LOC111116237,-0.0135525466871135
LOC111128530,-3.68275786906969
LOC111115129,-0.103498710319477
LOC111107282,4.55533729531833
LOC111132637,-0.239762641168014
LOC111127918,-5.64173551238583
LOC111135853,0.13896494920048
LOC111129964,0.395429395085352
LOC111113020,0.697579136709192
LOC111122592,-4.54171838456639
LOC111099886,-0.195898684562669
LOC111102511,-1.86990649296082
LOC111117583,0.0362064221500261
LOC111121469,0.0515937153078124
LOC111117370,0.0208478064382425
LOC111114369,0.0760904616872395
LOC111121703,-1.50299691096221
LOC111124693,-0.914120852621228
LOC111124756,1.67967601042148
LOC111132319,0.73833922838536
LOC111125627,-0.517694477584395
LOC111103779,-1.25246714733688
LOC111121635,-0.112985015430131
LOC111123946,0.102980758400616
LOC111137296,-0.307124839138586
LOC111118317,0.294953112642903
LOC111103708,-2.04782279504186
LOC111122368,0.157000603004848
LOC111104711,-0.313787185684478
LOC111128461,0.369736463674481
LOC111118875,0.662257662135329
LOC111112511,-0.0967819461989177
LOC111137542,-3.7986144400429
LOC111113216,1.49697705320126
LOC111130538,0.828984072560093
LOC111124530,-2.06694370478163
LOC111126010,-0.362090276583032
LOC111125083,-2.62780034984208
LOC111127760,0.0300332790397784
LOC111109074,-2.02918302037039
LOC111123337,0.372682904738744
LOC111125788,0.609498951615129
LOC111123093,-0.390827599621276
LOC111128301,0.850394015472893
LOC111133279,-0.674500120135019
LOC111117921,-8.82416325661405
LOC111128352,-0.792587082328903
LOC111121409,-0.303055564946105
LOC111134293,0.567570207679263
LOC111104029,0.273648024828864
LOC111100819,-0.909098035002574
LOC111133313,-0.589555304782362
LOC111108138,-5.63689098126302
LOC111128949,0.474785172315124
LOC111118181,2.36072187395129
LOC111104536,1.24168269382078
LOC111117584,-0.0797897820579885
LOC111132167,1.05566385302624
LOC111115186,-0.273126026649669
LOC111137299,0.0939687987351471
LOC111124897,0.329164971288854
LOC111129002,0.236546051235341
LOC111136199,-5.8550584280903
LOC111100546,-0.322401874808543
LOC111129622,-0.803889752301202
LOC111101048,0.18364428057815
LOC111108224,-1.68514767671085
LOC111127517,0.478962816776971
LOC111121745,-0.0514185443852935
LOC111113443,0.307602095894072
LOC111115132,-18.9827428264013
LOC111119855,-0.263118994107494
LOC111119818,0.940093871049035
LOC111125275,-0.148120465240489
LOC111115046,-0.791099287414506
LOC111127327,-0.0611706816264392
LOC111124428,-0.332106387365149
LOC111124948,0.286391989270357
LOC111122247,-0.429225746480779
LOC111125258,-0.289139061242645
LOC111109442,0.500204325208461
LOC111111811,-2.02687951073635
LOC111114203,0.0886495991415994
LOC111122177,-0.00304991053390472
LOC111100033,-0.294757101607999
LOC111103981,-0.00575053246516408
LOC111133400,-0.051031022356975
LOC111131868,-0.836427239636811
LOC111121073,2.79769330860695
LOC111130075,-4.2737984466903
LOC111129901,0.766911924290367
LOC111118280,-0.269563780721618
LOC111100849,-1.01914856695418
LOC111101530,-2.90588096252032
LOC111113564,-0.2520004189851
LOC111138281,-0.0886870224149037
LOC111136306,1.38203118103983
LOC111120072,-1.63716929248207
LOC111126977,-10.400229270078
LOC111111742,0.333808411605336
LOC111106907,-0.0401952096990261
LOC111102733,-0.23818843239282
LOC111108475,-1.63227268254935
LOC111122020,1.4176550983599
LOC111119750,-2.63258934655043
LOC111109131,0.597107118935029
LOC111124977,0.878917541959004
LOC111100615,0.107095659615049
LOC111103930,-0.143658682704074
LOC111112489,-0.708566260482666
LOC111132860,0.177213481904832
LOC111116461,0.455408747625331
LOC111111662,-0.120868367684726
LOC111102095,-0.740079647565927
LOC111132184,-0.0189562266190293
LOC111100499,0.558215893731974
LOC111121384,0.779637591074831
LOC111119910,0.185098903373918
LOC111125443,-0.054026141355027
LOC111127525,-1.11586139634382
LOC111121053,0.860773178545023
LOC111132175,-0.220659606185614
LOC111102413,0.241093469168007
LOC111123989,-0.78396088231528
LOC111107786,-9.69919839551045
LOC111118550,0.00407883992623507
LOC111121241,0.4283891337578
LOC111128857,0.612432962959212
LOC111132417,-0.54547210833478
LOC111129816,-1.8849599695713
LOC111135917,-0.0194268000632839
LOC111110645,-1.05920524841171
LOC111135500,-4.20548312182348
LOC111122887,0.623907668891023
LOC111114021,-0.210956321348015
LOC111113042,-0.525107644073351
LOC111129820,3.22891462441693
LOC111134890,0.649845412784635
LOC111134891,0.0209561876648253
LOC111119487,2.20699482004406
LOC111132099,0.814638500583552
LOC111103695,0.955211088691232
LOC111106208,-0.0955302553721032
LOC111132535,-7.47916402154087
LOC111117995,-0.443653129458331
LOC111109817,0.426132024921971
LOC111121818,-0.97307976753678
LOC111101215,-0.0666053143073107
LOC111108191,0.647842666347945
LOC111120566,-2.58042991942685
LOC111129334,-3.92899591450324
LOC111120131,-1.60169376168123
LOC111109548,1.26201880772913
LOC111118351,-3.35145891032646
LOC111136714,-0.217231979668109
LOC111104387,1.68112433633065
LOC111112043,0.659782662767739
LOC111101832,1.67940641063122
LOC111134753,-0.0393646126269386
LOC111138289,-0.0731204729044768
LOC111103872,-2.15785894284441
LOC111107175,-0.369710285571554
LOC111128470,-0.933881645466127
LOC111106973,-0.767362620060625
LOC111116574,-0.381710245051236
LOC111133585,-0.846892622286912
LOC111136896,-0.50545629250944
LOC111117819,-0.17161515265511
LOC111117905,0.936554037146112
LOC111116202,-0.0850097636095276
LOC111137062,-1.28965916951293
LOC111110228,-0.18210566482716
LOC111135950,0.241960253093341
LOC111114657,-3.29574166508326
LOC111125119,0.361929106929563
LOC111134039,-0.335418980114848
LOC111099898,-1.87758776518334
LOC111118758,-0.825856833810173
LOC111100504,2.30183043427176
LOC111116030,-1.09754419632551
LOC111137091,0.490360831094589
LOC111100792,-0.763124852394854
LOC111131525,-1.3790098085576
LOC111104617,-0.0391026720431959
LOC111114134,-0.383007821290676
LOC111106618,-0.229249019721967
LOC111119896,-0.328149520795237
LOC111124350,-8.04943868648511
LOC111103347,-10.8288914675681
LOC111124322,-0.7200058086688
LOC111132883,-0.103807793810406
LOC111119207,-0.267698181553584
LOC111127537,1.29209289378761
LOC111108194,-0.214764853759525
LOC111129719,-0.391441883864408
LOC111123038,-0.403048688765516
LOC111109793,1.48136912203755
LOC111115566,-0.176088293063014
LOC111134026,-1.99451342673715
LOC111116001,0.45974366811065
LOC111129212,-2.27806744637802
LOC111134356,-2.06900916086411
LOC111136763,-1.44513916919079
LOC111138022,0.0648280900652648
LOC111123892,-0.102045828293707
LOC111130971,-0.273874204264651
LOC111115069,0.610989710606692
LOC111112109,0.509256238013785
LOC111137601,0.660810234632428
LOC111116356,0.0736109208240227
LOC111132777,1.54658057992955
LOC111121156,0.688944197221868
LOC111112631,-0.111112027544663
LOC111132174,-0.270849926252965
LOC111112344,0.0711750586387191
LOC111121333,-0.462786267344005
LOC111101148,-0.297708038266685
LOC111131510,-0.205018136713864
LOC111113364,-1.88177504990589
LOC111135085,2.49113054277262
LOC111128075,-3.06123767387428
LOC111130367,-0.719234717971927
LOC111138206,0.290342565443402
LOC111122106,-0.394470895141248
LOC111127194,-2.58651614760314
LOC111115659,0.952109357925754
LOC111136782,-2.92852099189956
LOC111120965,-3.91251060868409
LOC111127951,0.00105532357460716
LOC111128793,1.63238763195173
LOC111118660,-0.596222820528759
LOC111133238,0.104245335415953
LOC111107112,-0.685191058547833
LOC111130160,-0.38593262385039
LOC111102274,-1.83863080213573
LOC111135472,-5.03074911231918
LOC111134953,-1.12442307632181
LOC111134071,-0.875805151931382
LOC111115722,-0.622006998326304
LOC111103905,3.02746505100121
LOC111125882,1.2191074657571
LOC111118514,0.51328814844654
LOC111134694,1.0701924572461
LOC111100409,-0.987377315399537
LOC111121673,-7.13547195607309
LOC111128584,-0.239041476262694
LOC111107342,-1.18889257865771
LOC111123772,-0.412064369041101
LOC111121944,0.00216367557562505
LOC111132811,-0.3216496940683
LOC111108957,-0.145720059362577
LOC111132965,-0.541209920976245
LOC111117954,0.920155215087946
LOC111136672,0.0720336322572209
LOC111123025,2.66408006590428
LOC111120888,-0.430335132984833
LOC111101513,-0.350481313194757
LOC111136575,0.163379129909248
LOC111133107,-0.341917204411866
LOC111112598,-1.01408186442799
LOC111099494,-2.14043989066549
LOC111117192,1.66510325922845
LOC111133683,-0.284991914808208
LOC111125540,-0.56878114837365
LOC111103487,-0.0824509903240421
LOC111132202,-1.77071154830208
LOC111122881,1.42461635497515
LOC111119778,-1.35920096234867
LOC111110871,-2.04192105709916
LOC111100706,-8.0335353404952
LOC111107962,0.262660580798234
LOC111125631,-0.464035460227325
LOC111128788,-1.27445230589558
LOC111115914,-0.180033782638665
LOC111105223,0.0989770386283129
LOC111135821,-1.18363199366736
LOC111129059,0.42640231731776
LOC111117459,-1.23962458003448
LOC111119670,0.0687037065551383
LOC111117570,8.24568416474712
LOC111106049,0.0537709301543145
LOC111103707,0.219573507392764
LOC111124684,0.664461933304508
LOC111109205,-0.341826340337417
LOC111112291,0.540878292816846
LOC111128399,0.454220599914961
LOC111114363,-0.409076540414041
LOC111135088,-0.675768406040338
LOC111137100,0.329039823609501
LOC111126242,0.136755770418755
LOC111117298,-0.127700220514699
LOC111106257,0.124639823734106
LOC111128120,-0.135010971003051
LOC111133253,-0.55077103582971
LOC111100608,-2.32366500111347
LOC111123339,0.234576947346874
LOC111106501,-0.00299740772123515
LOC111117446,-0.193056897754233
LOC111127244,0.321709399415853
LOC111103247,0.562444770556496
LOC111129995,0.0325499596518596
LOC111117925,-0.226827374549585
LOC111104629,0.482423333665625
LOC111112965,-0.223677217558421
LOC111106914,0.201188521699363
LOC111103482,-1.59498541288475
LOC111133067,-0.513361178140537
LOC111116328,-0.0464880555347104
LOC111102174,0.0459816084116352
LOC111113683,-0.0494832584060626
LOC111127427,-0.523917155919725
LOC111115372,-0.0497634166492639
LOC111113836,-0.410340744473028
LOC111103380,0.195530145203809
LOC111109924,-0.288368272264997
LOC111130975,0.622996547895013
LOC111118139,-0.0339981218728693
LOC111107876,-0.624768489474474
LOC111132557,0.604140517891978
LOC111128140,0.663694048918365
LOC111100625,0.508511460910501
LOC111108001,-0.959303364958527
LOC111137607,-0.0901802790819035
LOC111136419,0.119304483353471
LOC111119218,-0.771987541426516
LOC111132519,-0.993836791738766
LOC111110890,-2.3328798114513
LOC111116535,-4.76240486008786
LOC111101192,0.319675417307055
LOC111117093,0.0140466211173147
LOC111131541,-4.52487516876783
LOC111112897,-0.310330284343443
LOC111101129,0.5535686735427
LOC111130359,0.311358488745924
LOC111132496,-0.147276544781625
LOC111130505,-0.177532736749531
LOC111128557,-1.16971713613593
LOC111119016,0.675407696868819
LOC111120496,0.0155731076751731
LOC111115363,0.824822909890114
LOC111130170,-0.718949241028717
LOC111133706,-0.0287750914499417
LOC111108216,0.546696746291023
LOC111115870,-3.91832264632899
LOC111117692,-0.35279558741984
LOC111106014,-1.85146442769761
LOC111133181,0.680574774351472
LOC111126117,-3.69378141728487
LOC111101778,0.59234299387044
LOC111101375,-1.37405659325809
LOC111115532,0.163535605190835
LOC111121616,0.0514129592648159
LOC111121237,-0.148594904159571
LOC111135237,0.00678784881591222
LOC111129311,0.0564262223946235
LOC111125212,-1.75426823139239
LOC111117760,0.344422889027196
LOC111104762,-0.437780810967901
LOC111121964,0.509080662833469
LOC111118224,0.0325561534000944
LOC111128850,-1.22653537045123
LOC111130865,-0.863493278615591
LOC111134507,-2.62482337626347
LOC111123236,-10.8881011147274
LOC111111157,0.586339141391135
LOC111122940,-16.9955458581219
LOC111100951,1.28545893444662
LOC111118040,-2.30267207322576
LOC111104080,-0.694087909758101
LOC111108274,-5.47664542983838
LOC111128055,0.462228386366809
LOC111133594,0.260222304483108
LOC111137325,0.559495702652877
LOC111129455,-0.965518253694495
LOC111119753,0.885069660772871
LOC111120941,-0.175395369001571
LOC111136188,0.18939845670858
LOC111118552,-0.947098064419555
LOC111102415,0.0481530484484559
LOC111135807,-6.96976454955021
LOC111137929,-0.466845665259923
LOC111100427,0.0127593901481153
LOC111106222,-0.713521876576983
LOC111118438,-0.471149316686707
LOC111123836,-0.369874229955201
LOC111135954,-0.063316709548799
LOC111100935,3.02470896895614
LOC111112880,0.0918938862442753
LOC111131168,-0.475620225485034
LOC111108251,-0.452830764486245
LOC111136867,-1.23039655464563
LOC111108856,0.0421780457792749
LOC111109613,-1.87825425550032
LOC111130064,1.591663075878
LOC111125581,0.203581387658805
LOC111131771,-0.10980136915298
LOC111130348,0.800182154773838
LOC111125206,-1.17416939852045
LOC111131308,-0.398457133323629
LOC111121071,-0.542600464626696
LOC111117649,-2.67094945575673
LOC111134161,0.981638268237111
LOC111110438,-0.090257346571987
LOC111133216,0.878160455167689
LOC111116403,-0.605582883788381
LOC111121184,0.745170949182011
LOC111109348,-0.399326203641733
LOC111117717,0.133102433825279
LOC111122847,-0.585257307258161
LOC111118410,1.11482176141795
LOC111101237,-0.568843571796601
LOC111130700,-0.333124557466392
LOC111101313,-0.1431644108276
LOC111106795,-3.29897496393335
LOC111110859,-0.112634702226174
LOC111117756,-0.00875964219861426
LOC111112050,-0.102020668812257
LOC111129672,-0.261769847671977
LOC111128425,0.583479224540324
LOC111123791,-0.706366775022201
LOC111118613,-0.196573267275505
LOC111135186,-4.23537714339065
LOC111103881,-0.0899001436316546
LOC111117803,0.522228325709103
LOC111133736,0.0342724830445652
LOC111123515,0.338017368154537
LOC111122946,-6.5374544682835
LOC111099812,0.275020311411852
LOC111100408,-0.890324301042815
LOC111110781,-0.191539107041117
LOC111119968,0.36151575502759
LOC111126892,-0.145059603702069
LOC111129635,0.179705713633283
LOC111126730,-0.412166721278741
LOC111122057,0.540300411500784
LOC111112732,0.244455826336581
LOC111104236,-0.0772509964943258
LOC111113177,-0.25607968205801
LOC111106028,-0.433246593072473
LOC111124701,1.42423049004792
LOC111138350,0.295482388915038
LOC111103592,-1.18545900744684
LOC111131417,-0.385095281152574
LOC111125216,0.21570550134506
LOC111126722,-0.134658654993511
LOC111120140,-0.588616944153014
LOC111135583,-0.0166083530207668
LOC111101117,0.862986654862405
LOC111100599,0.090072165736353
LOC111110434,-2.17632816588263
LOC111134418,-0.0978167366391003
LOC111125648,-0.767756940876262
LOC111131529,1.06811563922455
LOC111120085,-6.50950628431526
LOC111132080,1.22349938403849
LOC111107879,0.815577386646583
LOC111103570,1.59514019680854
LOC111137690,-1.27809707908889
LOC111127943,-0.670831590506216
LOC111128974,0.57218991599521
LOC111106224,0.12721794552836
LOC111110780,-0.195651728190269
LOC111130248,-0.665647595884809
LOC111137669,-1.48826990875299
LOC111110174,-0.170093925749383
LOC111126579,1.06378645688372
LOC111116287,0.134601961784747
LOC111107256,0.156963513875536
LOC111126209,0.786027401263447
LOC111117700,-0.239669381603215
LOC111128457,0.0421726056077018
LOC111102031,-0.519591839870712
LOC111118907,-0.143149551239279
LOC111109186,-0.373829019637015
LOC111120868,-3.23837911870126
LOC111099194,1.50482789299318
LOC111112299,0.24054843142303
LOC111125688,-0.482728023013412
LOC111101141,-0.510992363525103
LOC111137566,0.114912326631937
LOC111103635,-0.180975120007867
LOC111129283,-2.24001935620872
LOC111137058,-2.49219973882052
LOC111119912,-0.778754050286301
LOC111130263,0.0948920401825023
LOC111106904,0.411554257113783
LOC111137800,2.27699692805464
LOC111122541,-0.0862571033612741
LOC111131682,-0.691857538588467
LOC111127126,-0.0187092050463889
LOC111121770,-0.502559369296204
LOC111119404,-0.0301082404116679
LOC111131103,-0.101844037422516
LOC111136490,-0.49428272843079
LOC111114842,0.568386073815286
LOC111111332,-0.50224329835953
LOC111120592,0.107125582333748
LOC111116104,-0.264724673541766
LOC111101699,-0.922053977148183
LOC111133665,0.125083147314235
LOC111129724,-0.549767586369118
LOC111135996,0.406812512117752
LOC111130861,-0.492883261347176
LOC111113542,0.262737255497186
LOC111101356,-1.44552462957165
LOC111125022,-0.491559540983989
LOC111114463,-0.131977839211091
LOC111134721,0.483965920963419
LOC111112899,-0.828675816690777
LOC111127405,1.47301215508257
LOC111126080,-0.70618020244949
LOC111136484,-0.238895673120092
LOC111120591,1.8654569888417
LOC111107104,-0.97990593296288
LOC111133441,0.918495546533266
LOC111111194,-0.0144870947788405
LOC111128595,-0.927186880073253
LOC111120391,0.776576268544193
LOC111108791,0.146669954371433
LOC111131211,-3.13848355641055
LOC111123732,-0.910394944840526
LOC111119619,-1.26257938505938
LOC111113311,0.132844947315194
LOC111136175,-6.35616800931752
LOC111102925,0.0153042526594231
LOC111134907,0.0396941598200884
LOC111116894,0.0610369563229711
LOC111135007,0.0756589524968447
LOC111116109,-0.741976788368938
LOC111119867,0.602253583311886
LOC111137540,0.148358911844401
LOC111122837,-0.936256043108824
LOC111103527,-5.74620180272986
LOC111136454,-1.21661151318855
LOC111104742,-0.239705033935007
LOC111136759,-0.125939997011676
LOC111112762,0.0613835560269709
LOC111120017,-1.22453188082336
LOC111131329,0.075317183141879
LOC111135516,1.14972867202594
LOC111127440,-1.14133900972022
LOC111115769,-0.02142757456275
LOC111121923,0.159131451947572
LOC111127041,2.6454328271484
LOC111122705,-0.933496781668454
LOC111115995,-0.150106545374991
LOC111134191,-0.0320648401058643
LOC111135381,-0.428470351078391
LOC111115321,-2.57179065650854
LOC111129058,0.231870703570699
LOC111107607,-0.00169933617382968
LOC111124710,0.483110423528679
LOC111131073,-2.69591871812559
LOC111128566,0.50888989616774
LOC111127585,-1.44522578545331
LOC111109134,-1.30369018248233
LOC111134994,0.0135890178132714
LOC111102913,-0.883743712270746
LOC111128762,-0.469560172622864
LOC111113019,-0.365037730499724
LOC111123184,0.318815400888085
LOC111121431,-1.99972522657336
LOC111126742,-1.48011121284394
LOC111129155,-1.51955131029904
LOC111112301,0.649744136639667
LOC111104450,0.0578678032462637
LOC111129718,-0.464550658772976
LOC111135431,-1.08769202670642
LOC111125865,-0.181951952745299
LOC111136741,0.115144548109911
LOC111109752,-0.360445507337686
LOC111127024,1.16464259514254
LOC111117862,-3.95075979955577
LOC111134566,-0.35283582127106
LOC111122494,-0.211295041149393
LOC111108232,1.24245736730877
LOC111132278,-0.348673241327129
LOC111124146,0.344308572544826
LOC111132824,0.583406570601045
LOC111118114,-1.27896991401174
LOC111129781,0.0554941525103558
LOC111125752,-1.04493080147237
LOC111120572,-1.29853384650827
LOC111103021,-3.36619886692446
LOC111116803,-0.838304133070698
LOC111101720,-0.114546396415054
LOC111101361,0.270982470472984
LOC111105250,-0.456159944189239
LOC111128770,-1.14240248758195
LOC111103387,0.764035015143044
LOC111102085,1.69927591264425
LOC111125049,0.808607377825691
LOC111111584,-0.380579694560417
LOC111125755,0.0647959389185884
LOC111117701,1.19078566537739
LOC111130755,-0.710332047973105
LOC111126586,-1.88487484424787
LOC111136916,-0.462788551425158
LOC111129394,0.0964675779583759
LOC111101525,-0.0195031291620774
LOC111133339,-2.5092265566593
LOC111099035,-1.52830566380888
LOC111113256,-0.120156269392812
LOC111138270,-0.225109668769999
LOC111134998,1.01688562911914
LOC111106645,-0.635482031605426
LOC111122122,-0.439797105359973
LOC111103474,1.3545304913262
LOC111128966,0.16070387598713
LOC111133758,-0.456953272261113
LOC111110204,-1.17846558699893
LOC111118761,-0.09466848401617
LOC111100242,-0.452957464366426
LOC111125730,-0.19424440373941
LOC111104114,0.903625628235339
LOC111114705,0.323679642398081
LOC111125431,0.0395277400430727
LOC111138300,-0.67970487323582
LOC111130632,-0.450300191875407
LOC111104049,-0.365862835411011
LOC111118558,0.231970122500593
LOC111114799,-0.643308669176079
LOC111120594,-0.198790578915236
LOC111103782,-0.319196623347056
LOC111108491,0.795071990227888
LOC111100896,2.58234532569995
LOC111126198,-0.241726686379903
LOC111118814,-0.0815399696388332
LOC111113366,-1.4920400780477
LOC111115057,-0.219627201590965
LOC111123115,-1.21404724797358
LOC111119204,0.880669358610478
LOC111120600,0.716756098752501
LOC111116754,-0.940484486344546
LOC111136189,1.0045556828719
LOC111118898,-0.0369862313012567
LOC111104245,0.311454364212542
LOC111132126,-0.580964405979494
LOC111121876,0.724931876538952
LOC111117282,0.537729110788231
LOC111129072,0.227963622032794
LOC111125006,-0.960490052407887
LOC111121256,-2.45569125315423
LOC111132798,-0.414674552991054
LOC111120524,-0.777481131413391
LOC111133434,0.0266687662937081
LOC111115329,-1.1826469476462
LOC111125030,0.357650281652149
LOC111132670,-0.50665582196505
LOC111112415,-0.426533712072925
LOC111106204,-0.273979011265699
LOC111132842,-0.37585010693583
LOC111109654,-0.373287346176031
LOC111106638,-1.15370083791933
LOC111104623,-0.605678538783114
LOC111107757,-0.969809902539548
LOC111125995,0.289641591924995
LOC111133735,-0.569788552188426
LOC111129377,-0.0770468433888827
LOC111132269,-0.490112608145846
LOC111119539,-0.288826284710558
LOC111123181,0.929206632573644
LOC111128349,-2.00686931827905
LOC111121089,-0.529123059138381
LOC111101107,1.92507143173771
LOC111128313,0.02485902984573
LOC111110623,-0.148921371332715
LOC111101457,-0.0380767454626171
LOC111103785,-1.27040087533572
LOC111134043,-1.48083084108882
LOC111136697,-0.404024096439357
LOC111114096,-4.87012800434419
LOC111135134,-0.879674758514939
LOC111102135,-0.306827118072813
LOC111116763,-0.338562000942115
LOC111120466,2.57088941284891
LOC111108710,0.0794950233274569
LOC111137305,-0.468827201491094
LOC111107747,0.0783740007852385
LOC111132564,-0.162100537601616
LOC111103367,0.20079515953803
LOC111116065,1.21597530944022
LOC111104225,0.572924048844064
LOC111100897,0.504776537457688
LOC111101716,-0.202131702911857
LOC111105311,0.629908473650455
LOC111099664,-0.074811518482556
LOC111120683,-3.9621969046795
LOC111112151,-13.7201308106566
LOC111119158,2.04011032750409
LOC111134622,0.423237093882562
LOC111121209,-1.01524273427833
LOC111123705,-1.16051440322733
LOC111123146,-0.0587522503414299
LOC111123706,-0.877484076876742
LOC111100039,-0.31244925035109
LOC111123003,-0.8998122684022
LOC111128289,0.359499343412684
LOC111111513,-0.672462771527613
LOC111122158,-0.474802081574249
LOC111113277,0.036389175801686
LOC111109809,-0.696711931018964
LOC111129447,1.83706363749892
LOC111129825,-1.78299378897285
LOC111133288,-1.59397087570167
LOC111122058,0.43359416770053
LOC111103459,0.323723984727241
LOC111100318,-0.271412172422453
LOC111135467,-0.00858233097214782
LOC111119190,-0.721315161336195
LOC111100277,-0.0453570810417377
LOC111123477,-0.819778747380622
LOC111124654,-1.12626776303607
LOC111118273,0.68828968012365
LOC111124358,0.496280027960292
LOC111106579,0.161523376243501
LOC111107117,-0.0733448453711449
LOC111099552,-0.0650289745968744
LOC111105234,-0.156980910306387
LOC111121819,-0.685378240511135
LOC111115690,-1.71160646161043
LOC111130080,0.0450407083589279
LOC111108640,-0.174895262318435
LOC111105624,-1.28375217456035
LOC111110961,-0.375939639077057
LOC111122879,0.123491858527792
LOC111131268,-3.59171581581141
LOC111125064,0.245905172993282
LOC111127214,-0.251748677513294
LOC111132853,-0.914397091978952
LOC111103170,-0.00990374964158717
LOC111127928,-0.0698341220499589
LOC111104426,0.592632444230618
LOC111108171,1.33441470896312
LOC111118645,0.720718642651629
LOC111124165,-0.368647901288486
LOC111136735,2.0779518307152
LOC111135741,-0.462174225672506
LOC111113267,-0.660343189291786
LOC111116122,-0.322117472767661
LOC111122932,-0.110355516667286
LOC111119304,0.311807389930124
LOC111131404,-0.186355113873932
LOC111106273,-0.45582391042005
LOC111113861,-0.200597055186441
LOC111134599,2.00668926955335
LOC111109948,0.0279101189334281
LOC111099829,-1.68789838960263
LOC111127230,-0.850484117490662
LOC111112220,0.630250047635271
LOC111104587,-0.274758966798517
LOC111109914,-1.04577464304461
LOC111127190,-1.26412994701076
LOC111134778,-0.0233351651985965
LOC111132102,-2.21858379517906
LOC111132321,0.158493185011648
LOC111136483,2.34844576447639
LOC111124861,-3.07310040429682
LOC111113113,-1.84531686672179
LOC111106200,-0.220834573667748
LOC111136576,1.50167184700751
LOC111130124,0.0472402613651696
LOC111131210,-0.0844608204420198
LOC111108151,-0.775048273620361
LOC111133366,1.15850088057917
LOC111125600,0.729847604922478
LOC111129238,1.0047700384396
LOC111111124,-0.642391833675132
LOC111131014,-0.116992152598162
LOC111123795,0.372385690822518
LOC111112517,0.132269797171356
LOC111127974,0.573669563870015
LOC111124222,-0.21628227790268
LOC111128241,-0.385895822258087
LOC111112129,1.30062019702218
LOC111115890,0.187262539003554
LOC111127626,-0.614539276546613
LOC111131704,-0.0151764648814435
LOC111123876,-0.256346141399992
LOC111138498,-0.0576983141204613
LOC111112389,-0.736732481236845
LOC111129730,0.278371609731976
LOC111104401,0.478171774676448
LOC111136269,-0.21724810866642
LOC111136268,-0.167637415055514
LOC111137708,-1.90957797392441
LOC111133957,0.380933883533245
LOC111133558,-0.0277677423424188
LOC111114331,0.928481205799504
LOC111125503,0.854167787951636
LOC111120515,0.405591644821272
LOC111136212,2.14139392685763
LOC111126606,-2.856888372259
LOC111111961,-0.639231898140144
LOC111135572,0.585143209141951
LOC111108147,1.84409398632806
LOC111118577,-0.621326782507888
LOC111104050,-1.62848839199531
LOC111117640,0.1283405201007
LOC111119189,0.24737782225815
LOC111106342,-0.4109979026592
LOC111107257,-0.0200579403612528
LOC111102574,-1.65521996371827
LOC111134288,0.249285798005379
LOC111106339,-0.857142123800403
LOC111128206,-2.03291686310248
LOC111125480,-0.266364759146904
LOC111126882,0.086965297458348
LOC111119936,-0.0442487452896428
LOC111137189,0.402726672990602
LOC111120584,-0.12553726733401
LOC111129425,-0.507546347173281
LOC111106091,-2.60874719099484
LOC111125471,-0.122210707149921
LOC111106889,-0.353258581358748
LOC111124521,0.779089984108535
LOC111126590,0.10265102976568
LOC111120048,0.677494982957637
LOC111134850,0.357368965986819
LOC111138378,-1.25630702518496
LOC111104144,-0.244255696715786
LOC111117801,-0.316150816810478
LOC111137593,0.333539007543267
LOC111135474,0.0948474228093134
LOC111117466,0.879882105339996
LOC111118778,-0.944794596060648
LOC111105096,-0.167172023207426
LOC111102345,0.661583437938666
LOC111111893,0.485107546599939
LOC111106610,-0.465955279413075
LOC111100303,3.91557343211865
LOC111099196,0.0797761923950722
LOC111129523,0.357491649000038
LOC111110442,0.00130763530167943
LOC111110913,-3.72172240521658
LOC111134911,-0.656915968757148
LOC111111031,-1.43057302155571
LOC111130936,0.0585828732265884
LOC111128807,-0.00974688268903208
LOC111104546,0.262307847130499
LOC111132785,0.510793584787188
LOC111101447,-0.336728500161578
LOC111125130,-1.44092371166248
LOC111110962,0.199928598809388
LOC111121531,-0.831774344129305
LOC111114952,-0.918205739708448
LOC111113329,-1.7075364409493
LOC111099928,0.209793017841212
LOC111135804,-0.782818795499693
LOC111134869,1.40401844142075
LOC111138000,-0.400146015247782
LOC111118468,-0.431091355997753
LOC111115419,0.237493534368339
LOC111102866,0.394555857167761
LOC111124647,-0.301228845093951
LOC111134464,-2.05340848984609
LOC111102834,-0.557199079340549
LOC111112408,0.204995794075993
LOC111124836,-2.83820148760526
LOC111132142,-0.496412780320888
LOC111125015,-0.351795620544936
LOC111104165,0.179324300654587
LOC111115350,-0.185037049237154
LOC111119789,0.64799417850127
LOC111109015,0.56782271607909
LOC111138451,-1.32339685450105
LOC111128017,-0.468356252370144
LOC111108666,0.580237622919158
LOC111126216,-0.811429358508222
LOC111105674,-0.267421254077703
LOC111127528,-0.137476380370061
LOC111133520,-0.697190758390583
LOC111121530,-0.38672146072742
LOC111122935,-0.204711585587038
LOC111106939,-0.644648605537817
LOC111118296,0.867740438582135
LOC111108182,1.6791845305637
LOC111101220,0.24332347161499
LOC111124500,0.147173803499479
LOC111127293,-6.88624526061949
LOC111124503,-0.221411273135752
LOC111128772,-0.137758801778602
LOC111099101,-1.96308904584281
LOC111118047,-1.6373316439416
LOC111118855,0.170580352682821
LOC111130484,-0.712911127074734
LOC111102506,0.750013610793097
LOC111119419,-0.554451349613355
LOC111132523,0.708728114057377
LOC111131199,0.143599913690759
LOC111106419,0.799460797766251
LOC111135802,1.72495223853639
LOC111121894,-0.85988482468577
LOC111101658,-2.2102409307685
LOC111120083,-2.35404653073443
LOC111124662,0.162520905913596
LOC111130512,-0.456960196920317
LOC111109275,-1.59149628979229
LOC111128395,-0.32248089464222
LOC111105586,-0.168642195560512
LOC111135337,-0.220341225091299
LOC111128194,-0.979815456450146
LOC111099758,-0.282091341128992
LOC111101374,-2.56478720062587
LOC111124329,-0.0302678305731235
LOC111113135,-0.293128999395401
LOC111102787,0.00663154771587025
LOC111125331,0.500738289986644
LOC111118735,-0.653338185863184
LOC111099458,0.52727918916257
LOC111135047,-0.310242136217065
LOC111127827,-0.382062794278524
LOC111119612,-2.1867294167379
LOC111130259,0.460468913766926
LOC111118140,0.200015119969994
LOC111127290,-0.375485548957049
LOC111120717,-1.05350398577805
LOC111103224,0.995797694249923
LOC111130388,-0.547715131256293
LOC111130130,-2.34549225627311
LOC111130464,-0.236797865200166
LOC111120685,-0.904307731642313
LOC111108120,-0.953274128591264
LOC111102762,-0.41686905363501
LOC111115247,0.0407442242771337
LOC111122775,-0.407256859429689
LOC111113372,-0.165757177713108
LOC111130044,0.300765094311524
LOC111114693,-0.0298922736957579
LOC111111548,-1.20123562039719
LOC111100614,-2.50938823492335
LOC111100571,0.13589923023029
LOC111123125,-0.567248800811309
LOC111101604,-0.596225784712088
LOC111137225,-0.928835314743675
LOC111113015,-0.00443970573138711
LOC111135727,-0.786381592757002
LOC111118590,0.884666645541144
LOC111111941,-0.861866016111013
LOC111117356,0.786659784109515
LOC111118362,0.171208676390551
LOC111133477,0.0525337752456494
LOC111119428,0.340191178035797
LOC111117601,-0.162169810543737
LOC111130023,0.337500750389389
LOC111121228,0.569871969020629
LOC111117774,0.224389785994434
LOC111105659,-0.0810068149304893
LOC111130360,-0.139916647560947
LOC111134188,2.35597463289179
LOC111119339,-0.868378519243096
LOC111103692,0.461343348553459
LOC111115628,-0.161880144884487
LOC111137505,-3.5364982722368
LOC111122218,0.308780779327593
LOC111110905,-0.070901485918444
LOC111125638,0.504053243398093
LOC111137821,-3.02366897356776
LOC111114784,-0.634726499081666
LOC111138472,0.523178381987709
LOC111110863,-0.0323430814489956
LOC111124899,-2.05205632579376
LOC111137447,0.206209493177372
LOC111135856,1.78344003332849
LOC111118384,-1.39019389612801
LOC111138415,-0.156139210415042
LOC111107601,0.0457512462964302
LOC111132128,-1.04257470981729
LOC111126155,0.19631740995017
LOC111108041,0.803629957564202
LOC111127463,0.944524728343266
LOC111115227,-0.754087153073896
LOC111123116,0.652134998425797
LOC111130797,0.378953535478924
LOC111110682,-3.60804653705793
LOC111118967,-0.277877020106771
LOC111122441,-0.537208935325088
LOC111137197,0.0667040014601208
LOC111116331,0.186466859988546
LOC111112449,0.62685947322486
LOC111122959,0.0258507084278732
LOC111128695,-0.679407071284309
LOC111122552,0.878945355417007
LOC111114924,-0.865885427706548
LOC111114925,-1.32089672726159
LOC111114923,-2.1178445868925
LOC111107608,0.189295605709554
LOC111132928,0.0829618243349459
LOC111105262,-1.20269644221916
LOC111115796,-7.02884677327104
LOC111134190,-0.702076228082413
LOC111105432,0.1323556215823
LOC111100135,1.82738947617112
LOC111099057,-0.242973034412407
LOC111128448,-0.097513901991919
LOC111109013,-0.242239014073474
LOC111135335,-0.327751151214209
LOC111100437,1.19762083947146
LOC111115181,-0.35950012043706
LOC111130292,0.0187171794739604
LOC111119635,-0.436153793476189
LOC111099084,-2.46451173484874
LOC111130789,-1.05921479503044
LOC111124556,-1.6198876887356
LOC111106181,2.37232312028486
LOC111134724,-0.0467161979243337
LOC111126711,1.02494912605294
LOC111133268,3.46632595594063
LOC111102974,2.63724779329626
LOC111120161,-0.259214114137889
LOC111110183,-0.0945972742973749
LOC111104032,-0.152527240936458
LOC111114397,0.931999370184449
LOC111136887,0.408758720247375
LOC111125539,-1.59000999925256
LOC111121590,-0.647378839172887
LOC111104453,-0.248866326690943
LOC111134803,-0.601035944621429
LOC111108181,0.0260204363781092
LOC111107013,-0.570863481435929
LOC111113270,0.0473104435804233
LOC111107037,-0.138693981762721
LOC111125814,0.592807090145397
LOC111116077,-0.654530650882471
LOC111117073,-1.04951441066184
LOC111128498,-1.70837858254594
LOC111130394,0.196405262591231
LOC111100522,-0.997778936851065
LOC111132976,4.62901586459522
LOC111130168,0.539626768800333
LOC111121361,-0.387659602873405
LOC111130377,-4.15974428151432
LOC111116093,-0.746928074270218
LOC111125533,0.0782644609301577
LOC111112178,0.34991483898632
LOC111130380,0.922562760176179
LOC111120792,0.0513727348517869
LOC111126750,1.15201362804978
LOC111131214,-0.516838871485945
LOC111115938,-0.966916543144918
LOC111117574,-0.194780098995898
LOC111114580,-0.62951172805453
LOC111131108,-1.75103741002619
LOC111130724,0.370084063240313
LOC111106799,-1.71950379922571
LOC111106201,-0.363421658858794
LOC111115570,-0.00560898817898427
LOC111137179,0.155742042205855
LOC111132028,-0.157477013831374
LOC111107530,-1.16096391725139
LOC111125375,-0.0840430154714017
LOC111103530,-1.02247904776333
LOC111118208,0.0375927735142424
LOC111101075,-0.0889595808135553
LOC111123528,-2.13907029836008
LOC111133889,-0.395954573302136
LOC111128575,-0.217804375251452
LOC111109677,0.729040051983552
LOC111127808,-0.0060066422324662
LOC111136482,1.33743314581057
LOC111111022,1.0833473811267
LOC111100946,-0.0936753453107247
LOC111137824,-0.648439189641662
LOC111118718,0.73534523871294
LOC111119892,-2.4372252075922
LOC111125872,-0.482948092992567
LOC111114408,-0.351798244395619
LOC111136798,0.111395805150706
LOC111109865,-0.22425851240952
LOC111134685,-0.102131361716847
LOC111105858,0.028544349613967
LOC111135455,-1.44939305380048
LOC111101829,-0.0386017128193974
LOC111121473,0.0306122947842589
LOC111121405,-0.263714520408635
LOC111120006,-1.04461462974891
LOC111120421,-0.327047210823143
LOC111134057,0.801271359595319
LOC111115676,-0.319611979516856
LOC111125197,0.127457740635899
LOC111104371,0.276450650176949
LOC111106026,-0.394761372956389
LOC111114972,0.318319224100846
LOC111124244,1.77514647691684
LOC111113282,-0.175285089848515
LOC111126916,1.38497589982302
LOC111117724,-0.228464862881765
LOC111100875,-0.235366602704586
LOC111136152,-0.131693550671058
LOC111117069,-0.0624684064232565
LOC111120291,0.627722081977647
LOC111114868,-0.134378190960811
LOC111109628,-1.40460435177476
LOC111124929,-0.322114222183592
LOC111124868,-0.755605225267492
LOC111122374,-0.0360446700890991
LOC111111761,-2.4240389275454
LOC111131852,-2.20964441926934
LOC111115898,-5.48880500882836
LOC111106142,-0.103772546387315
LOC111125190,-0.611376870810984
LOC111119590,-0.308375823999327
LOC111119295,0.0425704637659118
LOC111136289,-3.40232774005166
LOC111103238,0.140927616304803
LOC111128647,-0.075686970332133
LOC111105204,-1.05762687124085
LOC111129928,-3.50078793450521
LOC111128534,-1.54032994209049
LOC111114849,-1.7329039936293
LOC111126875,-0.506574954927717
LOC111120036,0.0949785263167999
LOC111134673,0.292502352201274
LOC111099803,0.52963199881102
LOC111102175,-0.00984950870695119
LOC111138497,0.189674388906183
LOC111102601,2.96443514931917
LOC111114289,-0.992869489558856
LOC111129505,-0.00468629827978207
LOC111118222,-0.142167650859241
LOC111125188,-0.651688008939797
LOC111101207,-0.429363058200578
LOC111104785,-0.164742228012265
LOC111118025,0.112430086226955
LOC111133431,0.111038960750369
LOC111131193,-1.21542804746991
LOC111108238,0.090457273371675
LOC111126777,-0.0217179520453288
LOC111102350,0.550914898927356
LOC111103574,-1.01162633045627
LOC111110128,-0.263044325651034
LOC111111437,-0.452198541455897
LOC111105406,-2.131615685672
LOC111131963,-0.30542244031841
LOC111115159,-0.752427738706365
LOC111103191,-0.427353048054007
LOC111125526,-2.52713180538185
LOC111126955,-0.0846926455367063
LOC111121957,0.00965738709294375
LOC111103558,-0.331783183191093
LOC111125411,1.04129430371653
LOC111107905,0.0381362099841706
LOC111107118,0.220851306553395
LOC111105249,0.0996715199366456
LOC111106295,-0.00899323002245008
LOC111120081,0.224555615182581
LOC111136426,-7.89675560641696
LOC111136715,-1.59369560780956
LOC111129476,1.69491988656089
LOC111106576,-0.196803540368729
LOC111130994,-1.34809972123761
LOC111133684,-0.846760404791827
LOC111132383,-1.06418335654597
LOC111111762,-0.486042183465503
LOC111109886,0.166556726033349
LOC111112166,-0.00156093446614331
LOC111120950,0.170353457711006
LOC111125447,-0.229388976831881
LOC111132918,-0.060873598525416
LOC111103571,-0.693460038107058
LOC111113405,-1.84916107059965
LOC111137782,-0.294573994304756
LOC111109671,-0.0385227583924995
LOC111133910,-0.830763800413839
LOC111119031,-0.16834693300196
LOC111110160,0.14024509122866
LOC111136921,0.0362272109071323
LOC111136963,-0.0608332928964539
LOC111112189,0.622324387748861
LOC111134880,0.00237221241360172
LOC111115683,0.0381726209144004
LOC111109856,0.0266058855878391
LOC111119865,0.510337287166403
LOC111108024,-0.593076843021727
LOC111125833,-0.219655856616756
LOC111130816,-2.12619263534275
LOC111102022,-1.31389915876229
LOC111104610,-0.424398672605666
LOC111138259,-0.967433195559004
LOC111129256,0.947807683166858
LOC111112392,-0.115544799060125
LOC111100132,0.656668032981538
LOC111136349,-4.50199354943568
LOC111135629,-2.44738547341683
LOC111099210,-0.409390068772245
LOC111137467,-0.298964079161484
LOC111114826,-0.213786888693005
LOC111121353,-0.683385455176401
LOC111136022,-0.0284668944350566
LOC111129001,0.86063072051486
LOC111107828,0.0670901851416466
LOC111122153,-0.533633422574271
LOC111129061,0.499713064164804
LOC111101177,0.255686198460429
LOC111103709,0.587610711176327
LOC111132084,0.627007603279941
LOC111130916,-2.13577461126913
LOC111118387,-0.212566858821309
LOC111124270,0.127624307891115
LOC111112167,-0.0201928067670892
LOC111134315,-0.0733487898935795
LOC111132909,-0.546786588872759
LOC111134863,-2.26008786015954
LOC111103081,-0.0987164422010151
LOC111110249,0.939986311245717
LOC111105868,-0.101657703796904
LOC111108615,-0.679270120182204
LOC111134217,-1.29499542045076
LOC111101145,-0.706983303071999
LOC111107419,0.282601003634236
LOC111129812,-2.57409529716579
LOC111108380,0.191038390358475
LOC111130673,-1.39125777142824
LOC111120138,0.048987589008252
LOC111100017,-0.564339569668753
LOC111121302,1.60147357217319
LOC111122156,-13.5561982366157
LOC111137976,-0.231378948795453
LOC111112391,-0.404573035152785
LOC111117341,-1.00782081115623
LOC111112741,-0.87225725398196
LOC111107922,-0.679620882491583
LOC111128114,0.536859972322587
LOC111106316,-0.144084297788737
LOC111112992,0.456866180527801
LOC111135774,-0.419542509906204
LOC111117559,-0.309136393015062
LOC111134997,0.760102640188792
LOC111130435,-0.648198772647468
LOC111130338,0.149718435493922
LOC111109784,-0.618125951221762
LOC111135428,-0.0192471535241326
LOC111134667,0.0683387643965976
LOC111101130,-0.591844360575711
LOC111134888,-0.387092948141395
LOC111130161,-0.22528215817071
LOC111120045,0.694490621015055
LOC111128682,0.212760609200769
LOC111135281,-0.273583595837467
LOC111128675,-2.69454424221368
LOC111105055,1.17051295329565
LOC111126104,-0.558769483015231
LOC111132821,0.144886262071329
LOC111099060,-0.141597979792088
LOC111133065,0.377964407219165
LOC111134028,-0.703820928003164
LOC111112556,-0.0846712264422356
LOC111125796,1.86642347874688
LOC111133857,-1.40643126710215
LOC111121661,0.903395153392522
LOC111133820,-0.92524639205855
LOC111128210,-0.639002778776713
LOC111109539,-2.25667298522672
LOC111104083,-2.65963151661816
LOC111120534,0.180147204881789
LOC111130549,-0.0878856728783061
LOC111104131,-2.86434676905912
LOC111133295,-0.121525376254976
LOC111136817,-0.336465723039782
LOC111135069,0.646062673580272
LOC111118215,-0.652468227871973
LOC111121130,0.230681900442251
LOC111123256,0.351824489358432
LOC111135942,-0.158700729260674
LOC111109626,-0.22651031088779
LOC111111993,-0.383482330808448
LOC111120498,0.298968782011158
LOC111129853,1.65842197000789
LOC111109100,0.000219833450379373
LOC111127142,0.774056254422793
LOC111130681,-0.101360885520867
LOC111106508,-0.115516498362682
LOC111118022,-0.508845952864404
LOC111136705,-1.31352859110076
LOC111121170,1.26632290647385
LOC111108685,-2.00530175478984
LOC111125474,-2.23800045775176
LOC111103270,1.73721435417066
LOC111130132,-1.20729230733887
LOC111125182,-0.0612363929289176
LOC111135579,-0.330188566254997
LOC111132320,-3.14870309941842
LOC111117543,0.66140034459344
LOC111099959,-1.60894710695805
LOC111130122,-0.237877176104689
LOC111114583,-0.576511473428877
LOC111109064,-0.493435627799848
LOC111126669,-0.985831204911343
LOC111105980,0.217673063715685
LOC111107094,-0.569575394689737
LOC111131860,1.09128887976612
LOC111121831,-0.142139390361022
LOC111120630,0.778262320926137
LOC111137272,-0.831118285765754
LOC111135829,0.46462125746282
LOC111111107,-0.0906833501077751
LOC111125734,-0.333456815618086
LOC111113895,-0.531020152945086
LOC111130555,-0.91417787324351
LOC111124501,-0.0526971827670109
LOC111136991,-18.2943080695578
LOC111127313,0.025819668655794
LOC111126798,0.77941644759252
LOC111109812,3.26383008211802
LOC111126698,0.0518491041796904
LOC111130909,-0.228448159090849
LOC111118617,-0.0012505519907244
LOC111133241,-0.286482164550926
LOC111104328,0.179580617254499
LOC111134830,-0.524055903222839
LOC111138454,-0.984703755749176
LOC111125864,-9.05203853532987
LOC111119453,1.40052875663385
LOC111126739,0.343733539947073
LOC111106391,-0.414490993455835
LOC111136563,-0.287542482237324
LOC111134646,-0.361534736624051
LOC111108981,2.60172886495225
LOC111134516,-0.368005976046432
LOC111117723,-0.479201051676117
LOC111132172,0.542296071421894
LOC111136242,1.12935057636548
LOC111100916,-0.390093574941599
LOC111118016,-0.271014319728019
LOC111128771,0.543124906353852
LOC111126262,0.272226257769923
LOC111128420,-1.23353529161892
LOC111116888,-1.32417588114701
LOC111133548,0.0568823495498127
LOC111110271,0.392312177171758
LOC111129191,0.258456237877695
LOC111100406,0.774541445187702
LOC111124421,-0.130968126077092
LOC111124700,-0.0314129335183524
LOC111120736,0.228957018448808
LOC111128069,-0.285750858483206
LOC111125564,-0.30442945748179
LOC111135396,1.86741467946051
LOC111100230,-0.26835532059278
LOC111102665,-0.422500252921118
LOC111100581,-1.57609139608078
LOC111129062,-6.3875856086922
LOC111100788,-1.10539933857666
LOC111122519,0.327808697258198
LOC111106531,-4.42544286667439
LOC111112023,-1.16453890529246
LOC111116924,-0.292009211278288
LOC111128032,0.263556867876973
LOC111120962,-3.38980149257315
LOC111120963,1.29411608340899
LOC111110171,-0.284381753601381
LOC111121838,0.0243253206788816
LOC111104126,0.207696819550487
LOC111134668,-0.265393827626945
LOC111138030,0.332600022767624
LOC111137176,0.927195295545789
LOC111115097,0.148188498692328
LOC111107833,2.01316390644876
LOC111120186,-0.0698034758369754
LOC111106947,0.168810628573166
LOC111127308,-2.40293862255798
LOC111107395,-0.207131813457777
LOC111128061,-0.0629063155046309
LOC111100449,0.306473735224473
LOC111136273,-1.40585952819315
LOC111114468,-0.901970579124686
LOC111120758,-1.6119933775266
LOC111121829,-3.52116447069525
LOC111118328,-0.316952687290645
LOC111114156,0.109136209020361
LOC111101224,-0.632338749999289
LOC111103117,-0.90867918115841
LOC111119790,0.345657454588448
LOC111118846,0.203489454597528
LOC111119547,-0.205389269519277
LOC111115144,0.161741619251723
LOC111136300,0.529690816377847
LOC111104540,-0.46442149147691
LOC111120625,-0.324355223777544
LOC111110124,0.0099702891112537
LOC111100589,0.458868209531958
LOC111105635,-0.231034637327609
LOC111111758,0.0300229346752039
LOC111120418,-0.343456536716294
LOC111117528,-1.09184854596889
LOC111137222,1.73143811656453
LOC111128193,-1.36392697087539
LOC111104514,-0.525043906973168
LOC111128863,-0.297484988932517
LOC111131413,3.02151327489169
LOC111106484,0.100417916214824
LOC111125440,0.149056828646863
LOC111118960,0.395158391112469
LOC111127306,-0.0178603964903028
LOC111130396,0.250921310908688
LOC111103649,0.282469695204234
LOC111105857,-0.168972354632439
LOC111119766,0.876949898820894
LOC111104695,-0.814970851392077
LOC111116302,-0.0136145224646081
LOC111107543,0.136583456153745
LOC111123123,1.08373928334901
LOC111106677,1.70745083941474
LOC111118093,-0.51707122046825
LOC111129611,1.01602431996232
LOC111116400,-0.0736536224986085
LOC111119176,-6.01572569322415
LOC111115922,-2.33315129608575
LOC111105063,0.0177458113634877
LOC111105095,-0.138973236492313
LOC111106041,-0.0474468507345376
LOC111119342,-1.08286853587389
LOC111121017,0.218182133779036
LOC111103965,-0.488811641416722
LOC111130141,0.544859543668737
LOC111129084,1.71706775627023
LOC111133151,-0.0290816726271333
LOC111117587,0.202618964143959
LOC111122217,-0.196850122722487
LOC111137232,0.439666855161111
LOC111114993,-0.64486408567215
LOC111120176,-0.0376882063081161
LOC111102580,0.869223031217852
LOC111131440,0.110006696231301
LOC111112582,-4.49819249429174
LOC111120441,-0.365984001154722
LOC111103543,-0.289357424245758
LOC111128792,-0.101284312624682
LOC111133098,-0.0974124131414668
LOC111099519,0.335389150445281
LOC111123102,0.495424800543672
LOC111135775,-0.460320205756483
LOC111135098,-0.823911986355445
LOC111135834,-0.861384413064364
LOC111138118,1.47355320913778
LOC111123148,-2.1907913806537
LOC111103411,0.0505056242178019
LOC111109110,0.303511144782046
LOC111105091,-0.800876401033461
LOC111119206,-5.14095966574135
LOC111114089,0.173421564382303
LOC111130552,0.168586933113152
LOC111135330,0.286522339930718
LOC111104395,0.626996285785009
LOC111107054,-0.169995348948628
LOC111135713,2.39625811138681
LOC111119602,-0.213069398665517
LOC111122691,2.83233354701777
LOC111136186,0.458506222571742
LOC111112099,-2.82777466464418
LOC111119998,-0.403317257494203
LOC111101613,-0.445132341649212
LOC111112025,-0.289028007178947
LOC111125390,0.492986760234835
LOC111109584,-0.27543752135144
LOC111121428,-0.583985985106044
LOC111132934,-0.860789011060649
LOC111116843,-0.992307871968397
LOC111115984,-1.36330276514384
LOC111115442,0.636981353944352
LOC111122155,1.9328170100203
LOC111129598,0.218062717574111
LOC111135285,-0.135174489346158
LOC111130024,0.796273024621555
LOC111125945,-0.199745473980745
LOC111118883,0.165055596880772
LOC111134572,1.17588784336122
LOC111128814,0.523627695726379
LOC111122969,-0.211066364057663
LOC111134020,0.0579536243543684
LOC111117207,0.378904319806632
LOC111118572,-0.242607186573621
LOC111103311,-0.980098700536877
LOC111117647,-0.655298830465524
LOC111118527,0.853934366707133
LOC111129656,-0.34163100732393
LOC111122313,0.294039956500603
LOC111126530,0.120354208339106
LOC111106732,0.0552901659293968
LOC111117648,-0.240248547009715
LOC111111303,-0.794573066700169
LOC111100093,-0.193929056871274
LOC111104712,0.0770408904330186
LOC111103623,0.0227722395740484
LOC111109519,-0.154190761344199
LOC111128819,-0.241862638990511
LOC111134851,0.525921728732837
LOC111101112,0.102941123756875
LOC111123824,1.87976986510088
LOC111103049,0.0403035017882452
LOC111102133,-1.2165052876382
LOC111121339,-0.875955758505848
LOC111111399,0.764057626860566
LOC111121896,-0.0241092076352697
LOC111118394,-0.174399378501099
LOC111119027,-0.0638830349192832
LOC111120111,-0.474051250519678
LOC111107622,-0.0521465721458372
LOC111119582,1.37074715333272
LOC111106350,0.505964917609575
LOC111133004,-0.390621038686511
LOC111114346,-0.252037270389943
LOC111121176,0.321788490061689
LOC111110127,-0.128065599840537
LOC111102978,-0.512912863259913
LOC111138122,0.0728997392931786
LOC111111534,-0.647308008394952
LOC111113914,-0.898089938855889
LOC111133922,-0.0140884512895748
LOC111134795,0.0710497255990451
LOC111101864,1.36791956369447
LOC111137861,0.0187294950199117
LOC111137362,-2.18375169007962
LOC111129080,0.163978523813766
LOC111127422,-1.21596324346718
LOC111100221,-3.99490784513914
LOC111099741,-0.432480107872988
LOC111133108,0.162970791533366
LOC111102407,-0.524497273750358
LOC111134497,0.191105855835994
LOC111135739,0.2680606988386
LOC111126976,-0.0228762600723829
LOC111128225,-0.0490936679008193
LOC111102291,-0.921307361106085
LOC111102294,-0.128820491153992
LOC111121515,-1.00368986546959
LOC111119320,0.235153821041349
LOC111111395,-0.06628483310653
LOC111102409,-1.98774004782277
LOC111112266,-1.23002534950341
LOC111109190,-2.59880268180485
LOC111119372,-0.424536577000432
LOC111126008,0.352657925231538
LOC111137484,0.268130212247936
LOC111105619,-0.353094191032518
LOC111129530,-2.52850131853232
LOC111099703,-0.386618085350884
LOC111137563,1.45467078369268
LOC111125344,1.18691709485061
LOC111106076,-0.0422380881008761
LOC111129950,-0.0520402500120689
LOC111101273,0.297191495026843
LOC111107877,-0.204967346438658
LOC111135619,-0.795602849793375
LOC111138375,-0.409411077508563
LOC111133498,-0.241093606800749
LOC111107553,-1.59667915590897
LOC111134371,0.89724013487577
LOC111116393,-0.190988686894414
LOC111106457,1.8290103320543
LOC111123881,-0.622782369476155
LOC111103972,-0.178570547833132
LOC111135520,-0.359168196320988
LOC111135871,0.0901488076717708
LOC111121919,-0.860296606222948
LOC111110217,-0.245512378074604
LOC111119415,1.72664965137875
LOC111103870,-2.06352214584958
LOC111118339,-6.19212414079101
LOC111120826,0.646827041433489
LOC111099954,-0.327678153421843
LOC111101712,-0.0293636461233272
LOC111112763,-0.380957747323291
LOC111116031,-2.36868992487216
LOC111137775,0.342011205783485
LOC111135491,-5.46920108181609
LOC111137402,-0.299071621898862
LOC111121061,0.500245215232218
LOC111118369,-2.41704377482609
LOC111136540,0.048124256077599
LOC111103910,-0.392149017465565
LOC111118154,-2.39871895537362
LOC111130716,-1.00666928102206
LOC111136926,0.975063978193248
LOC111099133,-0.184799248789015
LOC111119369,1.04390531945001
LOC111125674,-0.263065827107063
LOC111137079,-0.249418544557936
LOC111109326,0.0870194108681515
LOC111115148,-0.310044341445842
LOC111108410,-0.787679948313238
LOC111134330,0.0389315849409829
LOC111121054,0.365840589809336
LOC111110526,-2.61985646553691
LOC111120026,-1.57808562680172
LOC111102170,-0.146333438941092
LOC111133233,-0.306379866473897
LOC111119231,-0.49288218571869
LOC111120567,-1.50175899203129
LOC111123765,-0.892521511025048
LOC111101137,0.74835235575744
LOC111121399,0.763518005856756
LOC111116493,-1.13073011389845
LOC111102475,0.555826790832431
LOC111129411,-0.916578703036263
LOC111119662,-0.131869388647674
LOC111119660,0.744818553442654
LOC111114403,-0.0739038708112351
LOC111122320,-0.105452002640126
LOC111136801,-0.274730096379805
LOC111127520,-0.744531692267326
LOC111102423,-0.344116177910548
LOC111122495,-0.882779461800884
LOC111112797,-0.679090820052128
LOC111126405,0.0295475034674201
LOC111128868,0.668612367713544
LOC111115743,-2.56309380695772
LOC111131167,0.046660250197546
LOC111114844,0.0593717124877954
LOC111114529,-0.111148040374911
LOC111100013,-0.00801536034486919
LOC111120708,-0.0224532389625408
LOC111135160,1.29798996120298
LOC111110858,0.220552984675612
LOC111122229,0.133255406340107
LOC111110907,0.703074031341525
LOC111137017,1.01383222782527
LOC111120290,-0.913092439072009
LOC111105205,0.455060241916646
LOC111099045,-0.103214063792518
LOC111133628,0.0102778896140058
LOC111128875,-3.53727755235576
LOC111107212,-0.00701043860941581
LOC111133947,2.18100551257997
LOC111122801,-0.106618211281211
LOC111111041,-0.337706102530134
LOC111099702,-0.965879558338344
LOC111119343,0.134560746027166
LOC111136655,0.536457026641999
LOC111108203,-0.285913564635511
LOC111123172,-0.0280382115476619
LOC111120860,-0.367341280313514
LOC111128750,-0.220527505204886
LOC111116928,-0.073338103146146
LOC111121247,0.675710592211731
LOC111105721,0.167361010482493
LOC111115408,-0.602989374712029
LOC111111416,-0.260904732530286
LOC111131642,-0.429008387602639
LOC111106141,-0.511611952455172
LOC111105507,-1.04010188053053
LOC111099195,-0.15044886213747
LOC111138504,-1.11968142901615
LOC111122904,0.194469662632756
LOC111116707,-0.489066704227843
LOC111123561,-2.13309208217917
LOC111123906,1.36390399691865
LOC111103262,-0.0970498510374474
LOC111099802,0.524749344293421
LOC111108483,0.00320249742499939
LOC111113919,-0.329120488376433
LOC111127146,-7.08677534268781
LOC111111246,-1.44189256715417
LOC111120089,-0.373827708533319
LOC111113641,-0.214745547975258
LOC111124908,0.161094925598495
LOC111122171,-0.22032606774776
LOC111109391,-4.3512503869873
LOC111129292,-0.027443689383466
LOC111125353,3.00460682019188
LOC111135078,-1.50423071440153
LOC111126464,0.648276466009416
LOC111125663,-0.293450371589363
LOC111123052,-0.224966671027504
LOC111119830,-1.3948510279061
LOC111111801,-0.519135947083521
LOC111099476,-0.272077751479513
LOC111107737,1.01139853005896
LOC111118371,0.96108702423993
LOC111125035,0.149996923602909
LOC111103885,-1.08232032170983
LOC111106957,-0.158501556855528
LOC111136808,2.18373631030884
LOC111133143,-0.579015343214056
LOC111133199,-0.862637945099424
LOC111122667,-0.0750129350954773
LOC111102826,-1.07798798398993
LOC111125554,0.167654926113299
LOC111127406,0.612762437466
LOC111103795,0.280081003246833
LOC111107209,-0.385859936385756
LOC111124830,-0.203576648118853
LOC111107356,-0.087749273077877
LOC111136631,-0.472573108485848
LOC111113922,1.00742638087697
LOC111126328,1.56975388396027
LOC111136933,-1.09088157970162
LOC111129082,0.214094407207734
LOC111110786,0.1624641985445
LOC111123546,-3.28874864577226
LOC111117351,-0.545099332346249
LOC111101792,1.5794085227414
LOC111104343,-12.6975702824536
LOC111100993,0.369534702571929
LOC111099118,-0.308806032322722
LOC111119738,-0.760629024918719
LOC111102530,-1.82239109307835
LOC111121809,0.786237827079814
LOC111119586,-0.169852120507468
LOC111115517,-0.61013616339865
LOC111099484,0.909777700932953
LOC111130381,-1.27344355003523
LOC111123941,-0.0798894336073262
LOC111105840,-0.116024552881725
LOC111129939,-0.0602828005553214
LOC111121922,-2.3491935437775
LOC111122471,0.0931123045869119
LOC111101726,-0.454512030340702
LOC111104601,-0.316122289583139
LOC111112860,-0.505045852773318
LOC111123691,-2.33728518096628
LOC111126546,0.232900851615637
LOC111106634,1.63136720299919
LOC111132378,0.0252963958957077
LOC111136839,-2.64916650476016
LOC111102731,-0.748550105378404
LOC111113022,-1.11925058075336
LOC111099108,0.527256654419656
LOC111120955,0.249761005292656
LOC111129166,-0.206950701561903
LOC111137027,0.384641958231223
LOC111112437,0.903973691452995
LOC111106164,-0.099840885920555
LOC111137297,-0.127668897218497
LOC111122350,0.58585079627264
LOC111135423,-0.524803439943793
LOC111122905,-1.53372381535204
LOC111137873,-4.58924356495954
LOC111111322,1.34459096270673
LOC111125962,-2.1165957130868
LOC111113202,0.28103980168883
LOC111102241,0.399760797096049
LOC111128642,-0.267645929274119
LOC111100839,-1.70452116776644
LOC111123976,-0.67694043409659
LOC111099878,0.3377872255924
LOC111112655,0.0795281835077241
LOC111135123,0.734978118719682
LOC111112656,-0.883748786481648
LOC111137996,-0.326549676081865
LOC111120701,0.379550852434674
LOC111138356,0.256002571214243
LOC111104276,0.288740091909817
LOC111128426,-0.385335581693818
LOC111119239,2.53872038289899
LOC111137805,-0.469905357158271
LOC111135253,0.0975008676898119
LOC111131032,-0.616558173962992
LOC111108519,0.198016644413823
LOC111112955,-0.0501706351108753
LOC111122143,-0.0355265409781042
LOC111135140,-6.34984950391989
LOC111120849,-1.84084698518382
LOC111102429,0.363956220231946
LOC111121452,0.0430478861846646
LOC111131790,-0.8057759569658
LOC111122437,-1.08841679381917
LOC111107350,-0.123165639797258
LOC111128953,-0.276870703164152
LOC111121454,-0.454108304273753
LOC111127851,0.631236664193587
LOC111131560,-0.06933405761298
LOC111137309,-1.90082344417339
LOC111137856,0.587613990043447
LOC111102611,-0.374131998715272
LOC111134801,-5.70679724591753
LOC111116810,-0.29332917296332
LOC111114538,1.95847933844355
LOC111100375,-2.56773431995516
LOC111121589,-0.164903584376383
LOC111102765,-0.29911785400565
LOC111107627,-1.5390693741469
LOC111123547,0.536249161327731
LOC111131119,0.867957298231123
LOC111105911,0.799598322184863
LOC111119694,-0.892203766294243
LOC111133357,0.363536159862527
LOC111127121,-1.41491109783861
LOC111122008,-0.376137747151616
LOC111101328,1.96696865176859
LOC111119371,0.605293000883784
LOC111115939,-1.96782109065559
LOC111137007,0.809029308280076
LOC111101198,-2.24065350311601
LOC111100884,-0.393012870634074
LOC111119201,-9.63920645719529
LOC111101460,0.635004469547115
LOC111121366,0.206393124839483
LOC111099048,-0.412341596247256
LOC111125231,-5.21996474756423
LOC111103626,-1.6886084236267
LOC111111773,-0.144785803825178
LOC111126116,-2.59545245683251
LOC111111542,0.569567338853432
LOC111115088,-0.583655323496111
LOC111133518,0.434888344252172
LOC111121935,-0.537429438634216
LOC111134873,1.14565460563468
LOC111122675,-0.0275873221304638
LOC111135296,-0.933837906075356
LOC111119823,0.595456996440936
LOC111118239,0.591604140411458
LOC111122163,0.482255953288539
LOC111138360,-0.671990846273371
LOC111131533,-0.826784537907749
LOC111124470,-0.526285673170178
LOC111120471,-0.11341003990207
LOC111124134,-0.279076742733094
LOC111111978,0.0395822686819656
LOC111108463,-0.0397564656155458
LOC111104030,-2.42537660566163
LOC111137622,0.278208876118918
LOC111101948,0.784709336918637
LOC111128128,-0.704249730963962
LOC111117719,-1.17455952187969
LOC111123800,0.512767549923662
LOC111115008,-1.36188774985923
LOC111126435,0.799327774080269
LOC111124593,-0.132490030775434
LOC111125538,0.196263046423173
LOC111134426,-2.54756333379655
LOC111132941,0.625667197670345
LOC111138209,-0.120300509766086
LOC111136467,-0.0212484224347067
LOC111109107,-0.501831134277644
LOC111119403,0.517653445368948
LOC111102904,0.289951194898271
LOC111121074,-0.205097853434437
LOC111121076,0.404302945313311
LOC111134645,-0.3447736313487
LOC111132071,-1.00963145920596
LOC111116839,1.70121666016361
LOC111138321,-0.139197582595115
LOC111108143,-2.49150526745498
LOC111102251,1.06669664995939
LOC111135504,-1.22396997852853
LOC111135213,0.0339396896486681
LOC111131430,-0.240609154717655
LOC111135544,0.148918932888521
LOC111106244,0.460908453034707
LOC111103370,-0.261079015514342
LOC111108764,3.5127426863894
LOC111116587,-0.0529517451203805
LOC111133399,-1.05526740934209
LOC111133789,-0.281300026423781
LOC111123700,-4.02311021038331
LOC111101027,0.185442000848546
LOC111107841,-0.758589458894049
LOC111128100,-0.395332687182619
LOC111106821,0.0556905106165997
LOC111121098,-3.94394247369949
LOC111123286,0.252010059568159
LOC111100574,-0.20143408790007
LOC111100287,-2.73794926890394
LOC111119693,0.0304088830072465
LOC111114536,0.51118312317142
LOC111136634,-0.225373642303142
LOC111119710,-0.184560221609686
LOC111107625,1.22513294415724
LOC111116632,-0.0424651271910832
LOC111116040,-0.0527087224565069
LOC111108357,-7.45568232378307
LOC111115118,0.181631601585351
LOC111121022,-0.790066280125043
LOC111120585,-0.129730504043791
LOC111135566,0.976418962693419
LOC111130066,-0.133855241086032
LOC111132688,0.0816536202261727
LOC111118769,-1.54712893354932
LOC111124759,-5.15031306422224
LOC111124057,0.834927606248827
LOC111135525,-0.281894112658928
LOC111118152,-0.0864429799472182
LOC111133134,-0.25213696946558
LOC111109816,-0.0148587889474251
LOC111100646,-0.329201252308135
LOC111133856,-1.72135893119894
LOC111119514,-0.450230923170615
LOC111115487,2.61711973358271
LOC111124176,-1.5514726962779
LOC111102604,0.427343951558603
LOC111121947,0.232943554016469
LOC111121125,-0.98865664954058
LOC111110843,-0.404849976672424
LOC111128922,-1.58403225062697
LOC111100447,-0.174666232519465
LOC111110744,-0.448337063781643
LOC111130929,-0.0651123453765371
LOC111101828,0.151557258970319
LOC111114053,2.13796071430983
LOC111116480,-0.139054356697694
LOC111128847,-0.2527552840521
LOC111100679,-0.840670733581515
LOC111127844,-2.31591206852747
LOC111125052,-0.571638113263661
LOC111108496,0.425314592389071
LOC111134960,-0.025400028880648
LOC111105582,-0.511267153978934
LOC111113397,-0.529722380840281
LOC111103547,0.109306033226591
LOC111133330,-3.28698621412721
LOC111122082,-0.442738580850483
LOC111119607,0.290331727354053
LOC111134113,-0.151846642162761
LOC111113248,-0.252436271151979
LOC111132273,-0.398406650070491
LOC111120878,0.418624543380879
LOC111137052,-0.15976819835778
LOC111105600,-0.313824904600316
LOC111122623,-0.226678826728441
LOC111119646,-0.364764658492776
LOC111128226,0.165748357831245
LOC111133404,-0.651218536807192
LOC111120078,0.753298388841053
LOC111115439,-0.245066277492181
LOC111135852,-1.16284798304759
LOC111111998,1.34529599402502
LOC111101197,0.452950929284499
LOC111110518,0.807997158486109
LOC111128451,-0.335714722835948
LOC111126998,-0.479808049038571
LOC111101373,-0.111809434370533
LOC111122159,-1.1319353606845
LOC111131398,1.425905230217
LOC111125647,0.527133026864904
LOC111126787,-0.22078916275209
LOC111132438,0.0638162984524988
LOC111106037,-0.163991643836562
LOC111102099,-0.471931344582351
LOC111137927,0.227903730962474
LOC111102609,-1.40087408189715
LOC111110719,-0.66113697159252
LOC111106916,-0.721499876177956
LOC111118301,0.295103811159648
LOC111108229,0.183695045784422
LOC111135733,0.664683972866062
LOC111108096,0.418478004443665
LOC111101265,2.07241476878214
LOC111122854,0.173220544839542
LOC111129715,-0.057696675281232
LOC111113360,-0.797810562141656
LOC111105549,0.0973287444401885
LOC111121476,0.823668511904181
LOC111134002,0.165841681800609
LOC111129091,-0.647826244726812
LOC111134389,-2.34474023797764
LOC111101850,-5.15468851346448
LOC111106462,0.575844120967231
LOC111099082,0.600781672208383
LOC111134904,-0.885047626896278
LOC111110642,-0.367981249936915
LOC111107224,-0.159979734287686
LOC111114618,-0.475178614073727
LOC111137152,-0.607129925793911
LOC111132219,-1.4001148538868
LOC111126902,-0.951225777204081
LOC111111228,-0.0674211685112206
LOC111129886,-2.92901914099736
LOC111133794,-0.540624898456562
LOC111106399,-1.97419831430618
LOC111106628,-0.412394431885974
LOC111107359,-0.549717875296187
LOC111134802,-0.238892083836566
LOC111114728,-0.874665002858374
LOC111108338,-0.126075806883749
LOC111120713,-0.916242104394283
LOC111102582,0.708106522057289
LOC111112663,-0.898206206927782
LOC111137609,-0.48429761087978
LOC111125990,0.643537890879851
LOC111116592,0.172822562467308
LOC111130953,-0.0501179526551955
LOC111117680,-0.509503269074088
LOC111113584,-1.04881650018357
LOC111116151,-0.288130642847707
LOC111127637,0.261196218022673
LOC111133057,-1.18722350157516
LOC111104770,-0.614069376370713
LOC111104326,-2.04325236050587
LOC111134137,0.0321103413596483
LOC111117591,-4.77800924681779
LOC111134812,1.67385147673455
LOC111130272,0.759302893034863
LOC111135181,-0.323568062411416
LOC111127783,-1.22304219581063
LOC111099876,-0.337305032691277
LOC111110677,-0.194677359682575
LOC111123790,-4.97914819546446
LOC111121311,-0.00199799756539095
LOC111120175,-0.189381996419562
LOC111135055,0.187862952910825
LOC111110875,-0.124151992646046
LOC111123796,0.10225111430223
LOC111128722,0.248133831017313
LOC111131242,0.0386444027561314
LOC111136380,-0.507180847828118
LOC111126810,0.0212961719541206
LOC111129399,0.340616581920408
LOC111099123,-0.337796847277705
LOC111104038,0.413206283528268
LOC111105521,0.537037368264922
LOC111130624,-0.656369771852024
LOC111131766,0.252299828414611
LOC111099446,-0.573407389472051
LOC111110940,-0.209873991704999
LOC111118569,0.662754094741392
LOC111133808,-0.511749922509074
LOC111113575,-1.3456376828582
LOC111136227,-1.15758033220188
LOC111133327,-0.0713229530057836
LOC111133319,-1.48363860281457
LOC111116795,0.0491998218408201
LOC111135721,0.0650403108932247
LOC111123987,1.55631059231229
LOC111106411,-0.327584709291384
LOC111136559,0.173687850408182
LOC111130279,0.193401618763778
LOC111135506,0.0924519411734417
LOC111104082,-0.200460131398853
LOC111132595,-0.557954783669018
LOC111128488,-0.455045189030292
LOC111108947,0.308818352279794
LOC111099489,-1.75413569610526
LOC111109904,0.569428986086116
LOC111130374,0.987858725411002
LOC111110356,0.198390436321581
LOC111136889,0.708000854720446
LOC111114609,0.633936448148804
LOC111124533,0.458538753546327
LOC111108451,-0.315058309812793
LOC111136238,0.817997447466968
LOC111114532,0.249230821839445
LOC111100350,-0.265144616734769
LOC111119397,-0.359324244556508
LOC111130874,-0.197965501624134
LOC111119682,2.15635791316719
LOC111125196,0.366648807186237
LOC111127060,0.951715746077849
LOC111129193,-3.7496124934203
LOC111102211,-0.712460333136722
LOC111128962,-3.23718482713441
LOC111128109,0.369977563798438
LOC111102852,-0.716770030950102
LOC111102285,0.371188192497099
LOC111130629,-0.548182328709346
LOC111113401,-0.100026563056524
LOC111129275,-0.908377982935129
LOC111122375,-0.196837414042056
LOC111127550,-8.92745441158139
LOC111109128,-2.55060454361085
LOC111109129,-0.260890915340085
LOC111128589,-0.914219360172332
LOC111127811,-1.22063569879724
LOC111129147,0.330151832387373
LOC111132343,0.329414710111153
LOC111101199,0.104637896890744
LOC111102234,0.167912654606715
LOC111125649,1.29312135606768
LOC111128840,-3.84475557609795
LOC111133948,-2.41504974912163
LOC111111572,0.213427433199695
LOC111136434,-0.11073278686586
LOC111138461,-0.45956413968916
LOC111123197,1.04701480300883
LOC111109557,0.737643664052361
LOC111133858,-0.52393195772517
LOC111134887,-0.0125279338643183
LOC111128179,-0.162985975719942
LOC111126139,0.255722127278969
LOC111110039,0.340569037800532
LOC111108501,-0.478453430831384
LOC111105579,-0.629506454872591
LOC111138306,0.889903793449361
LOC111121762,-1.87044922139344
LOC111111939,-1.27708623307787
LOC111104970,-0.19552809025438
LOC111128851,-0.918506013755003
LOC111119442,2.72494632776316
LOC111130621,0.220555449608653
LOC111126544,-0.345083334284204
LOC111102090,-0.221539839677803
LOC111109084,0.33155034882383
LOC111106703,-0.605275918869814
LOC111114879,1.02459434894772
LOC111120554,0.555126337435155
LOC111130121,0.256897344878057
LOC111101639,-0.495257723678426
LOC111121105,0.632647235570078
LOC111123251,-0.403441825513154
LOC111127739,-0.762983004099409
LOC111125005,-2.7458440237657
LOC111107260,-1.48217415956812
LOC111130595,-1.32441185841262
LOC111120777,0.64979631106488
LOC111130289,0.378003059218668
LOC111114829,-0.390069827157772
LOC111108423,0.344913865849852
LOC111121581,0.142114830989278
LOC111129789,-0.122248620790096
LOC111101023,-2.65935759385841
LOC111123837,0.497158445316773
LOC111125566,0.576536626063746
LOC111106006,0.283988953620022
LOC111122653,0.104441764939239
LOC111131867,-0.203502671545
LOC111134617,-1.23568144299233
LOC111101628,-0.0584214079761889
LOC111100845,5.23929755856328
LOC111099949,-4.57722992648553
LOC111132134,-0.198560515063404
LOC111119585,0.537082634640234
LOC111118600,-0.507457899055699
LOC111119198,1.02258606653843
LOC111123753,-1.4071858487073
LOC111107289,-1.77661714196076
LOC111119345,-0.45964679646432
ND1,-1.85600750436704
LOC111134206,-0.762542481692423
LOC111112172,-0.172942162991729
LOC111109757,-1.22690418350988
LOC111113126,0.0749326818577832
LOC111103889,-1.06059938227616
LOC111132809,-0.567129511632738
LOC111126624,0.377240602850212
LOC111112747,-0.263327985926912
LOC111135539,-0.404375440543883
LOC111104996,0.175513407647832
LOC111118463,0.412973437633538
LOC111128509,-0.520632385070789
LOC111118464,-4.06774669097222
LOC111113717,-0.0734994242699941
LOC111120829,-0.0319216434146947
LOC111109590,0.0446137169355618
LOC111111120,-0.382429571723232
LOC111114107,-0.122664283076805
LOC111119063,-0.798669613096858
LOC111131437,-0.244734574987739
LOC111136393,-0.669030668040376
LOC111131722,-0.161811067189364
LOC111115993,0.731587631721126
LOC111100451,1.34912202315117
LOC111136779,0.692173413381925
LOC111110143,-0.391455689041806
LOC111100514,-2.57169534260476
LOC111107499,0.378742528852123
LOC111136621,0.0397613054760535
LOC111112169,-13.6306642854225
LOC111133089,0.434131844401877
LOC111133565,-0.0688584107950373
LOC111122435,-1.97068616663586
LOC111102292,-0.324354593680656
LOC111102030,-0.929329931228163
LOC111129692,0.18397525076336
LOC111129821,-0.0426434302325224
LOC111134776,-1.02872995461693
LOC111128165,0.514038501000481
LOC111104285,0.292951494446817
LOC111120511,-1.56239175955541
LOC111137981,-0.564473523051372
LOC111130037,-0.109480740592164
LOC111130036,-0.324155623799177
LOC111101115,-2.84770208912735
LOC111108177,-1.07585061317126
LOC111099887,0.0921042877901504
LOC111118112,-0.255885815951855
LOC111138282,0.347738589308599
LOC111113398,-3.58834064264368
LOC111102188,0.382499480512652
LOC111137838,-0.0794524083493342
LOC111126659,-0.29919502573818
LOC111128038,-10.5648648909947
LOC111125767,-5.02869699807583
LOC111114673,-0.791779505855336
LOC111122846,-0.135329020427444
LOC111109657,1.375764462431
LOC111111260,-1.06468774390554
LOC111103781,0.833421840062544
LOC111110485,0.324198487510577
LOC111124855,-0.0148842231340074
LOC111107584,-0.532392580628089
LOC111103915,-0.06042572430971
LOC111132603,-0.185251077195769
LOC111130420,-0.371119003450098
LOC111134564,1.8275686912086
LOC111105286,0.698981769190452
LOC111102420,-0.545685976440814
LOC111099526,0.20008958746297
LOC111125610,-0.00200156362904197
LOC111136450,2.13155482687722
LOC111124740,-0.314469297617488
LOC111131263,-0.625544711772021
LOC111118485,0.0258548646086691
LOC111099708,-7.73223034614394
LOC111114607,0.270805387936572
LOC111103485,0.117562620212044
LOC111117488,-0.838652891415847
LOC111112580,-0.660333647880142
LOC111123120,-0.156425136165569
LOC111137291,-1.27586455346979
LOC111104834,0.170934373367317
LOC111135359,-0.816038795993086
LOC111102337,-3.8403965745736
LOC111107575,-0.679717644753572
LOC111120475,-1.13132566870971
LOC111116791,-0.529556487440297
LOC111133678,-0.100446911405102
LOC111117835,-1.17417768721271
LOC111118606,-4.43835967310696
LOC111121749,-1.56302242699147
LOC111124612,-0.843904908182839
LOC111126852,-0.682140338321692
LOC111104636,-0.220892281099958
LOC111106672,-5.0582770654778
LOC111118298,0.316245854141888
LOC111125249,-2.46105519364821
LOC111128811,0.0605881572633042
LOC111108629,1.07573335433041
LOC111117846,0.00290767402471054
LOC111132384,-0.051968164366887
LOC111135300,-0.302820480090955
LOC111119454,-0.919628659451135
LOC111121614,-1.34801043438171
LOC111121252,0.0139511952272478
LOC111137269,0.0671467503433275
LOC111120183,0.0478986438413703
LOC111132110,0.149279764416886
LOC111106867,0.546957240315229
LOC111124961,-0.608032401295894
LOC111135687,-1.91579293490136
LOC111137366,-4.08660069267725
LOC111106884,-0.0251061111583693
LOC111132893,0.339464910786591
LOC111102572,-0.0522493500815149
LOC111122896,-2.42480261546126
LOC111109940,0.0536237596520169
LOC111113180,-0.482626699844094
LOC111125592,-1.54020731504621
LOC111103784,0.239258680910901
LOC111123804,0.634099930879108
LOC111133119,-0.732684879734146
LOC111112924,0.0749744015801243
LOC111117310,-0.817200878632288
LOC111131603,0.640901136105962
LOC111126660,0.628850855342107
LOC111103697,-0.413047580596417
LOC111135150,-0.568485579543661
LOC111102912,1.17962582854031
LOC111119672,0.294094869117918
LOC111111357,-0.418103629783502
LOC111126856,-0.0410849225031808
LOC111101820,-0.1198657255394
LOC111104081,-1.22026946106249
LOC111103150,-1.30150564266502
LOC111115526,-0.768350432662071
LOC111127317,4.66190696400621
LOC111111203,-0.0806597421363055
LOC111126966,-0.74229150172884
LOC111101479,-0.422441964614779
LOC111109038,0.372163683844157
LOC111110315,-1.58160632056039
LOC111126642,-0.532618521270326
LOC111108930,0.483023296484927
LOC111133605,-5.30652332451699
LOC111136276,0.160324214125154
LOC111134800,-1.11161987214177
LOC111130767,-2.90761769321401
LOC111115047,0.218313446146784
LOC111132831,0.116879564072743
LOC111118232,1.1726147734532
LOC111125056,-0.714019111368238
LOC111121586,-0.00985457407501806
LOC111108552,-0.596432930123944
LOC111104016,-1.20248404188877
LOC111103216,-4.06020164341381
LOC111130167,0.0692909183153454
LOC111104657,-0.601116824049328
LOC111136644,0.148991791780971
LOC111114119,-0.364720828615667
LOC111129345,0.0671339080200895
LOC111138363,-0.573825849368548
LOC111125419,-0.247346232723707
LOC111104571,-0.179603709930624
LOC111121639,-3.54021556460748
LOC111137338,-0.142044671810042
LOC111099192,1.3256581121833
LOC111111386,0.197822640488344
LOC111129487,0.274846962026827
LOC111105580,-3.3958531856457
LOC111136783,1.38806379928198
LOC111132073,0.351730404532573
LOC111138256,-0.178177027086766
LOC111108072,-0.310478854740463
LOC111130515,1.86327411053755
LOC111104513,-0.768949059404823
LOC111125980,0.617886695254599
LOC111116422,-0.121471887622498
LOC111134879,-0.1694564374213
LOC111127896,1.2873263296731
LOC111104927,-0.562154841802002
LOC111118494,-0.404694845985984
LOC111132983,-0.0829954546448282
LOC111125406,-0.0794801235912714
LOC111131527,-1.07621372910367
LOC111129209,0.717162759887702
LOC111116973,-0.111073782284893
LOC111107785,-0.306520258923081
LOC111100219,-1.04170592655212
LOC111124446,0.25215539302216
LOC111115278,-1.17239554754009
LOC111102699,-0.697713864745007
LOC111132480,2.52719333521025
LOC111129390,0.248747925547301
LOC111106734,-1.27470606784957
LOC111130519,-0.172363148190986
LOC111114864,-0.464949051125412
LOC111102221,0.108171453070804
LOC111104633,-0.83597434739545
LOC111135944,0.330108409342622
LOC111100881,-2.40506387944439
LOC111122853,-1.80439118520194
LOC111119918,-3.99074670838772
LOC111101042,0.181273688622824
LOC111137858,0.96846547011428
LOC111137519,0.0692408769995968
LOC111137450,-0.214547826517965
LOC111121483,-0.214507344810426
LOC111102455,-0.482251909218194
LOC111108360,-0.106493023587485
LOC111103512,0.151022393790321
LOC111125136,1.43016271848489
LOC111107187,-0.678752890369623
LOC111114660,-1.85755648544326
LOC111129846,-0.52601388183651
LOC111131066,1.50481306528698
LOC111137917,-0.647908019423901
LOC111132156,0.283638627749176
LOC111132545,-1.6819027900918
LOC111110179,-5.32500149082613
LOC111131784,-2.5334454396945
LOC111109591,1.03432850950865
LOC111116874,-0.244733941938903
LOC111132039,-0.101498042573402
LOC111124156,-0.0895521746648076
LOC111136913,0.674760099891954
LOC111136315,0.391590765699015
LOC111132913,-0.557261655695312
LOC111100995,0.343359994640934
LOC111131668,0.0833163948317948
LOC111119145,-1.63708499534631
LOC111133970,0.588684326952237
LOC111131487,5.11080183432003
LOC111109373,-1.01981998112585
LOC111120582,-0.60839692791841
LOC111101605,-0.263064747213145
LOC111108065,0.279449762197943
LOC111101301,0.891366483846643
LOC111113968,0.661555321154267
LOC111118320,-0.561986271098249
LOC111123594,0.286223860864852
LOC111116827,0.0603797342413928
LOC111119444,0.193183508879147
LOC111137672,0.137508677673851
LOC111138464,-0.273990741236096
LOC111124931,0.0335762540677689
LOC111133131,-0.259976666010189
LOC111115194,0.511609544624544
LOC111111030,0.0173145182391467
LOC111107298,0.328366964227791
LOC111119780,-0.833553056139496
LOC111133837,4.31556658690837
LOC111100385,-1.30784551228204
LOC111137172,-0.471628109393666
LOC111137712,-0.774807383141467
LOC111125738,6.26254867696697
LOC111113063,-0.0424239788278557
LOC111132317,0.351071139160831
LOC111112909,0.296800358864358
LOC111128607,0.187928376135254
LOC111128232,0.616315508000954
LOC111116419,-0.13808440474286
LOC111132077,0.156534792660669
LOC111138170,0.680228388128688
LOC111126683,0.00530503928195642
LOC111105370,-1.27244657795699
LOC111119651,0.245160619945172
LOC111136465,0.984337927398964
LOC111118115,-1.19824719237527
LOC111108626,0.759298861882156
LOC111127431,-0.27842124470219
LOC111112438,-0.448653289597025
LOC111136718,-1.18330744465234
LOC111111800,0.00304700325354197
LOC111138146,-0.0923741365830965
LOC111118257,-1.60321136703521
LOC111099098,-0.378810596713249
LOC111100461,-0.00336727541052912
LOC111108356,-0.537947370994769
LOC111137354,-0.0154966284992292
LOC111136584,-0.199784743446214
LOC111115810,0.117003847412303
LOC111103886,0.437535139306581
LOC111103803,-0.0550228357470681
LOC111111127,-0.502012970426063
LOC111118829,-0.69703882555021
LOC111116772,0.166888910474745
LOC111101275,-0.933173237367619
LOC111112668,-0.147543039231035
LOC111128889,-1.34473581305464
LOC111106715,-0.167628595935493
LOC111123412,-0.263581046196544
LOC111136305,1.06217395479142
LOC111131272,-0.549064440989498
LOC111100979,-0.340326327913303
LOC111131293,-0.533992793235203
LOC111135999,-0.335914082477346
LOC111137228,-0.0605104378852326
LOC111136749,0.210181726191902
LOC111133790,-0.573512839513944
LOC111134793,1.06715808067908
LOC111132439,-1.48692365815997
LOC111126188,-0.361729797818342
LOC111115460,-0.886447720807117
LOC111111479,-0.30570335838884
LOC111123620,-0.0683525454635965
LOC111110162,-2.43153278657303
LOC111109422,0.507572940183017
LOC111109144,-0.079987540858559
LOC111108892,-0.21577114091929
LOC111113271,-0.262253707977851
LOC111114929,1.21891919779268
LOC111105676,-0.823958681320396
LOC111114811,-1.94443339313114
LOC111133214,-3.67513381710064
LOC111119781,-0.261092423963274
LOC111111223,0.265313940479609
LOC111121305,-0.451809511142413
LOC111108758,0.189048538512776
LOC111133908,-1.63285898679246
LOC111137842,-2.43272877558369
LOC111103676,0.487879924024668
LOC111130451,-0.417724199451223
LOC111115342,0.706873100076192
LOC111129938,0.230321358341837
LOC111100383,-0.625430697565577
LOC111100605,2.17746661845086
LOC111117821,1.06992485307848
LOC111105132,-0.0237802116125802
LOC111132971,-0.312069739889984
LOC111127133,1.3777147119837
LOC111111638,-0.169366332525591
LOC111107020,-0.139171218847915
LOC111114010,-0.261558785423271
LOC111131403,0.146934877207357
LOC111118591,-1.22807683602416
LOC111136070,0.118715956516409
LOC111120899,-0.134076971747348
LOC111130725,-0.37151490899512
LOC111121914,-1.2624227918879
LOC111103104,0.046542190378697
LOC111128984,-0.645765053386485
LOC111113153,0.435965143736868
LOC111131555,0.0854534933470252
LOC111117442,0.296304608256578
LOC111112768,0.235201004221443
LOC111127955,-1.31216615382331
LOC111133600,-4.16422238812478
LOC111117562,-0.262475755436488
LOC111119248,-1.31801489725724
LOC111115427,-0.241058036779927
LOC111118654,0.787125517895267
LOC111117522,-1.55750383675806
LOC111110188,-0.390528851310488
LOC111133647,-0.552623261253485
LOC111100360,-0.0945638427617938
LOC111124618,-0.432880812658184
LOC111129149,-1.68196081107345
LOC111113580,-6.9804212334205
LOC111135754,-2.58372970713857
LOC111110860,-0.322286214721719
LOC111120822,-0.431840909811999
LOC111107264,-0.000129237009627567
LOC111136728,-1.54536041387214
LOC111122294,-1.42150963057491
LOC111121536,-0.245529987895361
LOC111130709,-0.0607806644932728
LOC111119203,-0.776087026595774
LOC111112277,-0.328653835816384
LOC111106587,-0.2748679300238
LOC111105165,0.0952671594218491
LOC111111297,1.2551546750591
LOC111126049,-0.25352081902201
LOC111134600,1.49049238902058
LOC111128320,0.197840411627468
LOC111099570,0.461883387901786
LOC111130047,0.208851020862915
LOC111102583,1.21613408374798
LOC111137042,-0.467610616839653
LOC111130280,0.649609633726061
LOC111112216,-0.36998615031673
LOC111122654,-0.0467571184632504
LOC111118326,-0.426908282068101
LOC111106759,-0.65290572249867
LOC111112148,-0.341823560986634
LOC111110787,1.15176095087755
LOC111133195,-0.0280742190883439
LOC111136035,-0.813495553060357
LOC111124898,0.5428222223902
LOC111133036,0.578384564092022
LOC111122356,-0.520853588796706
LOC111114585,2.12361875108913
LOC111122276,0.370994590981079
LOC111113754,0.428291107931453
LOC111104525,-0.724290137275378
LOC111114978,-0.61505191003247
LOC111136433,-2.03244492915261
LOC111112115,-0.34206110173504
LOC111121141,1.42865817771245
LOC111123568,-0.0869458336654985
LOC111103409,-2.06314051776085
LOC111120063,0.235737103071882
LOC111113356,-0.132398970478566
LOC111137108,0.0682636295529918
LOC111115973,0.0673695380087236
LOC111117555,0.225501282017101
LOC111128660,-0.108271651598476
LOC111121157,-1.65290277593789
LOC111101193,-0.101490967667036
LOC111115946,-0.386610086667936
LOC111104833,-0.044217117601938
LOC111111673,-1.45069064370716
LOC111129006,0.826174287269387
LOC111100232,-0.0426553386360999
LOC111108905,-0.466359459750369
LOC111132629,0.166315059758257
LOC111113946,-0.443807822289032
LOC111122421,0.066405519843855
LOC111109745,-0.291516219517608
LOC111103465,0.365623543218608
LOC111101772,-0.116532276524165
LOC111125915,-0.198522536573021
LOC111110132,0.00196286746476185
LOC111124531,-0.619161386185347
LOC111111736,-1.67217879374529
LOC111115959,1.18181729172299
LOC111101929,0.308339122478936
LOC111123090,-3.82601079295626
LOC111107084,-1.4180257848478
LOC111114696,0.256601046534217
LOC111125543,-0.377520937517184
LOC111125545,-0.577304290318036
LOC111134398,-0.628704276913375
LOC111107375,0.840227558050041
LOC111134392,-0.645497124408437
LOC111104651,0.0504196674599742
LOC111133420,-0.0747152567448167
LOC111125048,-1.86095022028958
LOC111128763,-1.31799593871611
LOC111124512,-0.00539820317336161
LOC111128580,-1.88389355926144
LOC111128177,-5.30578798214723
LOC111118419,-0.475163504103928
LOC111113004,-0.443248721942119
LOC111130076,-1.21400685668095
LOC111131785,-0.216421652531472
LOC111130471,1.73493835940352
LOC111135442,1.44055487261535
LOC111118155,-0.880312848681369
LOC111105252,-2.67060361542625
LOC111138344,-0.631706312784032
LOC111121359,-2.0386204733427
LOC111113011,2.56029448452636
LOC111100927,0.508923946136428
LOC111127220,-1.24624199418475
LOC111133369,0.421031536126066
LOC111125150,-0.0504260614376585
LOC111099490,1.01655639091144
LOC111119297,1.0069300818657
LOC111123593,0.24378159802177
LOC111118771,-1.20002114980281
LOC111107577,-0.0281685811112556
LOC111105086,-0.348596407813474
LOC111134752,-0.410204316067705
LOC111131685,-0.266727932309974
LOC111127385,-4.42876910130148
LOC111134929,-0.0379505921234294
LOC111135352,0.14616666753568
LOC111103843,-0.276336948340908
LOC111117094,-0.226858238947412
LOC111133080,-0.932936614712882
LOC111127404,-2.14960238685073
LOC111117742,0.151440042922508
LOC111100653,-9.14031525241569
LOC111103994,-0.164014847587472
LOC111132923,0.0632078446968817
LOC111136720,0.0711886736000475
LOC111123491,-1.92693329004003
LOC111110728,0.356964858962312
LOC111103628,-0.124592729719884
LOC111119691,-0.960248937525797
LOC111128926,0.846552267858965
LOC111134119,0.166392243947641
LOC111137090,0.473032742478764
LOC111114917,-0.2465315215008
LOC111117913,-0.294591843187884
LOC111110503,-0.788373951458792
LOC111134787,-2.69138367323826
LOC111116852,-0.0666234144821725
Trnaa-cgc,-1.06192394070784
LOC111137537,-0.388816794163667
LOC111134045,-1.4063479706373
LOC111126177,0.198074160392782
LOC111101467,0.72537766376826
LOC111106839,-0.873430828110909
LOC111119807,-0.0977938051110124
LOC111126736,1.53911867518366
LOC111134365,0.163277534713076
LOC111112613,-3.02583785626701
LOC111136097,1.32760963744529
LOC111129625,-0.380603992721296
LOC111110172,-0.218971536524859
LOC111125194,-1.43477231246505
LOC111100470,-0.992251719431325
LOC111138083,0.826216966722324
LOC111134885,0.496174331804564
LOC111114025,1.16541921806903
LOC111116529,-1.06433185644085
LOC111100980,-0.992044750469304
LOC111112212,-0.284601277091946
LOC111122961,0.271927246853784
LOC111125199,0.251590196945438
LOC111132076,0.0861840282366556
LOC111135479,-0.487914411639547
LOC111135949,0.859318592110333
LOC111112331,-0.701453015534881
LOC111131026,-3.31158922487439
LOC111135118,-0.624753047096471
LOC111111772,-0.369356752106051
LOC111111144,-0.836676365524387
LOC111133301,-2.21318078660378
LOC111131019,1.06456030120745
LOC111101411,-0.396486441889752
LOC111131749,0.0877897767796594
LOC111102074,-3.7267589386375
LOC111128934,0.331114814505373
LOC111120508,1.63932297015343
LOC111109689,-0.150788256629782
LOC111103908,-0.093075449610142
LOC111103662,0.23204809185152
LOC111102262,-0.641428268538685
LOC111121222,0.993977112314257
LOC111126423,0.131258929712505
LOC111134260,-3.5378276925165
LOC111120306,-0.690081735080716
LOC111107956,-2.42645315003706
LOC111109003,0.741681197237416
LOC111134762,-0.855307516542308
LOC111118405,-0.505909273264144
LOC111107784,0.224644284079859
LOC111122662,-2.28156990233333
LOC111105282,0.166439011531318
LOC111128719,0.377094190214598
LOC111112526,-1.56356108525728
LOC111129858,0.64386879669318
LOC111101901,0.037399854784709
LOC111137595,-3.89152546362741
LOC111118279,0.280374790292195
LOC111110316,-0.158394289922413
LOC111127297,-0.776265194854489
LOC111118416,0.448271002818827
LOC111106168,0.388662621584532
LOC111110993,-0.165104209353496
LOC111134501,0.231275003921465
LOC111133998,-0.476671360004213
LOC111127814,1.76584644906281
LOC111099612,-1.2609893983814
LOC111129008,-0.0403526353535342
LOC111103158,0.0522361505830045
LOC111137036,0.613336994804624
LOC111120447,0.187022557833809
LOC111131726,-1.73464025719363
LOC111123572,-0.468774630984579
LOC111130791,-0.3561089509055
LOC111111451,-0.0197931600540041
LOC111133996,0.038109943897614
LOC111102944,0.0148072425470457
LOC111114158,0.0856311589579431
LOC111100148,0.156406160022624
LOC111099410,-0.265947742446304
LOC111116864,-1.51961184728168
LOC111103778,0.247771069799155
LOC111116910,-0.461806388094634
LOC111137943,1.08446712320286
LOC111126439,0.00332034037927862
LOC111117177,-0.179842492840039
LOC111132955,-0.787476993257687
LOC111109208,-0.125654011155247
LOC111116308,-0.268162066588156
LOC111107223,-0.124465082373511
LOC111125810,-1.45131454107766
LOC111135443,-3.52502900382319
LOC111138101,0.293221176326634
LOC111115632,-0.703428127004195
LOC111125044,-0.406614200920319
LOC111127855,-0.521940951268723
LOC111137987,0.19826415486995
LOC111115433,-0.354289046441949
LOC111118009,-1.84238116739394
LOC111129022,-0.0731473942598345
LOC111114926,-0.00915040245607184
LOC111127180,0.0690934793631192
LOC111111383,0.0553530888662159
LOC111130222,0.212624626651938
LOC111128895,0.839241081944862
LOC111100393,-2.22379687501721
LOC111119716,-0.462379613616222
LOC111114035,-0.280818711495759
LOC111133503,-0.615179529588041
LOC111107483,-0.702388669611156
LOC111133877,-0.0544695184335146
LOC111117947,1.14950229912827
LOC111112596,-0.974423101997752
LOC111114928,0.0014001800797281
LOC111099029,-0.407010266792269
LOC111119632,-0.482869655028051
LOC111135603,1.26302147500575
LOC111108693,0.310381713618547
LOC111103646,-0.552985516147852
LOC111104399,0.10123924730589
LOC111120704,-0.757712671836433
LOC111104305,-0.0757268655013912
LOC111118435,-0.653404492452538
LOC111118949,0.0824512185746724
LOC111099143,2.44888150867044
LOC111123030,-0.883775666185564
LOC111101509,0.649482647664926
LOC111137703,0.267994659818735
LOC111122937,-1.39664096000708
LOC111118834,0.102007453374589
LOC111125379,-0.290131534526974
LOC111107520,0.73728486568188
LOC111136413,1.54820287808452
LOC111128578,0.244489692725705
LOC111132147,-0.289444347859928
LOC111116096,-0.299507861403014
LOC111117288,1.27725211765259
LOC111138131,-3.26162657453874
LOC111127733,-1.4855408273583
LOC111106959,0.574652936748298
LOC111137543,0.72469862940567
LOC111122423,0.415757433794571
LOC111120435,-2.48442169110053
LOC111101549,-1.5833384390687
LOC111106216,-0.131501138420424
LOC111130077,-0.210326393963032
LOC111128175,-0.678265701886393
LOC111129916,-0.916413266633402
LOC111120514,-0.174069521883173
LOC111103004,-1.14965996334632
LOC111108816,-0.647250143750878
LOC111132197,-0.431399013837645
LOC111104119,0.274844898260958
LOC111118292,0.704979666136451
LOC111132803,-0.338677017165114
LOC111119510,-2.76193626709539
LOC111136517,0.236129580827772
LOC111120867,0.074758432727556
LOC111136032,-0.058304707719854
LOC111121833,0.72562228263126
LOC111105229,-0.15986206001347
LOC111116782,0.209979962551421
LOC111130912,-0.437277050452283
LOC111118418,0.452297012668304
LOC111122249,-0.313842294763774
LOC111109040,0.30339684331113
LOC111115607,-0.108595524101897
LOC111100355,-2.32884792298089
LOC111114847,-0.69325179896368
LOC111103463,0.351130337353088
LOC111119147,-0.72391606162411
LOC111124025,0.0300242247922759
LOC111123988,0.524419217266209
LOC111109132,-0.229215013458305
LOC111137356,0.814840818722626
LOC111099511,-0.036007273122895
LOC111130707,-0.48344727087878
LOC111111657,0.772323412594401
LOC111109058,-0.373289399120041
LOC111109056,-0.253271876649809
LOC111132692,0.42051135795377
LOC111115832,0.145585985088592
LOC111101710,-0.649653195411589
LOC111107022,-0.685521990378996
LOC111099471,0.150605685577441
LOC111106408,0.381788185308261
LOC111137571,0.699330702695531
LOC111137653,0.53629422629201
LOC111135657,0.453888863973686
LOC111113265,-0.817455958790046
LOC111117509,-2.10658153220524
LOC111106012,-3.29416371538301
LOC111118423,0.0434832130662
LOC111133494,-1.73319205236456
LOC111121690,1.08793407423361
LOC111130927,-0.344984310361696
LOC111124493,-1.71242439201834
LOC111120767,-0.0109042435921007
LOC111135454,-0.43375867326781
LOC111135761,-0.0273704030125601
LOC111099680,0.380454892539533
LOC111123580,-0.198218243215175
LOC111133560,-0.252807720207162
LOC111104654,-0.176261140104184
LOC111137603,-1.39011398983658
LOC111130955,-2.048009252616
LOC111132704,-0.697497756976203
LOC111137560,0.0178288647855916
LOC111138329,-2.32503812446291
LOC111106338,-0.697954811352381
LOC111104709,-0.00256122096219529
LOC111118429,2.20970598968823
LOC111109838,-1.74674384310895
LOC111116792,-0.0559043043007223
LOC111100207,-1.24992106748287
LOC111120132,-0.00147864723400302
LOC111102644,0.254081713437893
LOC111120886,0.267787215685016
LOC111103486,1.07258593711327
LOC111138099,0.310667382159043
LOC111126378,-0.15968251644514
LOC111128216,0.935783476550918
LOC111122951,0.266925706093368
LOC111129196,0.376002120867068
LOC111133575,-1.62150732477941
LOC111133507,1.93989135075986
LOC111136914,-1.05770989110261
LOC111119908,-0.0198781879489354
LOC111132576,0.105295696448967
LOC111121341,0.358065648870281
LOC111106663,-0.485324728239707
LOC111129972,0.0412830840766636
LOC111118072,0.349996042338431
LOC111130727,0.419485146451508
LOC111131338,0.258528323168329
LOC111108971,0.161470921460914
LOC111118013,0.471147119694517
LOC111104092,0.745938901864837
LOC111105896,0.0338894658528318
LOC111101138,-0.280610082871547
LOC111121181,-0.463708891850834
LOC111112949,-0.297457491072085
LOC111132345,-1.04047299796429
LOC111113826,-0.20425933034614
LOC111101201,1.28526319876625
LOC111117976,-1.25217327246167
LOC111110060,0.0860343541077164
LOC111121592,0.0968612939876563
LOC111111234,0.419817762350399
LOC111126005,-0.444620312899982
LOC111122250,1.11805480501674
LOC111108040,-5.09023636631792
LOC111125971,0.0856496092757003
LOC111124656,-0.073169691941166
LOC111123097,0.751251657551733
LOC111134401,-0.020380271860081
LOC111112110,0.101180634124759
LOC111123153,0.423453802782573
LOC111131044,1.11160589385045
LOC111125978,0.0566266288509173
LOC111115883,-1.22525525220146
LOC111127752,-0.517123825082958
LOC111100691,1.56037512863362
LOC111127803,0.266329175261947
LOC111130101,0.272283774071406
LOC111104162,0.171811571623787
LOC111135421,-5.54679068676901
LOC111108516,0.186916547791598
LOC111119256,-0.273391325596076
LOC111111289,-0.489950284030936
LOC111109955,-1.3169184789639
LOC111109956,-12.2073477191794
LOC111135286,0.163501758086253
LOC111118427,0.48021893685038
LOC111127378,-1.7619482653034
LOC111113028,-0.825186786610198
LOC111116046,-0.355149881340883
LOC111117985,-1.2855293006126
LOC111118367,0.0522251850042808
LOC111122496,0.651975335490918
LOC111112497,0.154492795867782
LOC111130150,-0.540969252232874
LOC111128841,-0.42025185600889
LOC111138095,-1.03936860519915
LOC111135645,-1.09719446629213
LOC111129167,-0.906914042194332
LOC111110453,-0.687526514118479
LOC111106175,-0.484611289212977
LOC111110263,-3.69695503936163
LOC111122415,-0.881329956287223
LOC111122072,-0.812401298859205
LOC111119639,-1.99652335261452
LOC111135858,0.012304466244171
LOC111102110,0.133018983615127
LOC111119482,-1.045123817117
LOC111107945,-0.0122976418507225
LOC111113559,-0.513572110753775
LOC111132440,-2.23410239399194
LOC111137186,0.971708079215539
LOC111101925,1.02537287573177
LOC111121255,-0.0894846681004905
LOC111135559,0.386568544327666
LOC111137486,-1.22076253162422
LOC111118910,0.918065003894568
LOC111115082,0.222671525916042
LOC111117731,0.583293673907798
LOC111130948,0.825235766002398
LOC111101468,0.13613118202066
LOC111110507,-0.748193863846415
LOC111136598,-0.0361865414952839
LOC111133550,0.338016697935956
LOC111123588,0.679419550503915
LOC111128077,0.319775066558179
LOC111116996,0.0108289804637104
LOC111103978,0.832461306714117
LOC111131390,-0.184182181315909
LOC111109515,-0.247881240333669
LOC111121382,-0.410842729205587
LOC111114244,-0.572883411586109
LOC111104515,0.173613953349685
LOC111137009,0.556900735264839
LOC111129436,-2.787436969423
LOC111133156,-0.616260792894555
LOC111114063,-0.452422905176546
LOC111099649,0.392853623038723
LOC111126656,-0.30991577200574
LOC111130605,0.715485126210953
LOC111104489,-0.514092405189963
LOC111123229,-0.691497002478193
LOC111116156,1.17014247704085
LOC111113607,-0.172054436274914
LOC111132503,-0.0552020313675626
LOC111132098,-1.91518591228726
LOC111123650,-0.514421227747623
LOC111114934,1.37605085678197
LOC111127291,-0.75442283899394
LOC111132791,0.122495834044716
LOC111109803,0.248478676114663
LOC111134975,0.190168189514382
LOC111129470,-0.355296802757356
LOC111131768,0.109563943606622
LOC111135378,0.942684705106115
LOC111134925,1.05011861552873
LOC111122172,0.109903584385288
LOC111129369,-0.0757592877000474
LOC111112506,-1.23805058986645
LOC111117695,-0.278226019938676
LOC111104186,0.471610327525685
LOC111127372,0.145817306528812
LOC111119496,-0.0309288835387166
LOC111122975,-0.0150160793349994
LOC111126389,-4.31051888915299
LOC111136062,-1.86758374064448
LOC111120160,-0.121660163943507
LOC111125716,-2.10488090994135
LOC111126466,-0.0794721752725093
LOC111106775,-4.09295761033566
LOC111114104,-0.268802924945334
LOC111106776,-1.25543581705217
LOC111128295,0.326057783761145
LOC111107637,-0.910569797155877
LOC111125357,-0.0738520336711072
LOC111126352,0.570262101957862
LOC111106486,0.0736478502016959
LOC111130356,0.576043118738602
LOC111112698,-0.189135404016087
LOC111132116,-0.206042552511523
LOC111128439,-0.738296500638862
LOC111120115,0.270350671165992
LOC111107495,-3.97893520126498
LOC111120022,-0.00839037603043312
LOC111099638,0.177631881683441
LOC111117491,0.667234824867795
LOC111135050,-0.424888322619709
LOC111125616,-2.6029584559807
LOC111112280,0.629217524355744
LOC111111296,0.935600856747409
LOC111137730,-0.784418717083444
LOC111127001,0.308565976095097
LOC111137319,-0.18634172990249
LOC111121846,0.799576975678905
LOC111115415,-0.133004517980428
LOC111123284,-0.256421485544917
LOC111137088,-0.0020043022296738
LOC111103837,-0.0136016519196054
LOC111129085,0.192099211531579
LOC111129086,0.0370231380777737
LOC111125936,-4.62282577549315
LOC111113900,-0.431094782878322
LOC111119516,0.639492334193762
LOC111120125,0.366124443961688
LOC111109766,0.872102461986586
LOC111129323,-0.0153569324373088
LOC111100977,0.440843961732809
LOC111111841,-0.61617609882122
LOC111106633,-0.922901732373017
LOC111135358,-5.73270394944486
LOC111133682,-0.207148659890182
LOC111121197,-0.122363150382977
LOC111127641,-1.84261780417922
LOC111114680,-0.629980910884204
LOC111137614,-0.78087690017733
LOC111106925,0.0566045991429793
LOC111106952,0.410569697058776
LOC111135925,0.423970063573578
LOC111135364,0.418001145083023
LOC111128319,0.275641453316306
LOC111120946,-0.0431217904576033
LOC111131195,0.0667413158828448
LOC111118088,-0.249639932982476
LOC111120439,-0.386631568052318
LOC111103934,0.0343051468354176
LOC111134143,-0.253509264568744
LOC111122631,-0.0576584257457057
LOC111125155,-0.231003460886205
LOC111129459,-2.22778753066819
LOC111134594,0.821121286859792
LOC111134910,-0.782938518625603
LOC111104382,0.124577202531682
LOC111131795,0.100309506098899
LOC111133618,0.186991628960895
LOC111104752,0.0844752454455364
LOC111124634,-0.100713723048087
LOC111134877,-1.70830407919225
LOC111107262,-10.1415479954235
LOC111133738,0.177180904556174
LOC111102300,-0.184448588611631
LOC111126023,0.902066862611652
LOC111118426,0.171846083842032
LOC111130091,-0.200154440078963
LOC111131862,-0.1301394857417
LOC111136128,2.33586411327045
LOC111102335,0.127039271084012
LOC111100330,0.661736242444095
LOC111106005,0.948119478161632
LOC111132123,-0.494047560609993
LOC111128236,-0.23189787428468
LOC111104123,-0.193482759692158
LOC111136318,-3.89385182759926
LOC111123735,-1.75347956696257
LOC111107348,-0.446598070412282
LOC111120988,-0.453248057657679
LOC111103531,-0.112507374136134
LOC111134742,-0.442498172545672
LOC111114983,-0.245790364874835
LOC111123202,-1.15922248147178
LOC111136271,-0.717292038077234
LOC111122223,-0.502870160512507
LOC111120276,-0.201760984800877
LOC111122882,0.0775806979484335
LOC111130221,-0.730405010157503
LOC111100746,0.690543852460242
LOC111120643,-0.0438288525407572
LOC111117445,-1.30551505970967
LOC111127729,0.509735727921107
LOC111128753,0.901475651958361
LOC111106838,-0.168201949011528
LOC111115709,0.57035756331714
LOC111099110,-0.761122071741529
LOC111110720,-0.0504842505237448
LOC111125211,-1.11471372894535
LOC111104820,1.46191880820486
LOC111104615,-0.427640878543644
LOC111099749,-0.0595753542696636
LOC111129590,-0.284823146329202
LOC111133475,0.462003361188885
LOC111105632,-0.088038472590084
LOC111128834,-1.16909157840871
LOC111110551,0.117955929631431
LOC111136814,-1.59660398586738
LOC111131657,-0.578668863923865
LOC111104112,0.274536225996187
LOC111105720,0.714017056469587
LOC111106313,-0.221358762933677
LOC111100432,0.225862006979472
LOC111138059,0.216219566086849
LOC111125621,0.164399743819488
LOC111123973,0.39000595445694
LOC111125378,0.821990528210412
LOC111137548,-0.0764205846775817
LOC111121802,-0.229045640099984
LOC111112557,-0.482263398508944
LOC111105303,-0.0496518154564733
LOC111128735,-0.5908746917957
LOC111134102,-2.22525038203253
LOC111129866,0.313305104201562
LOC111136216,0.167106210779648
LOC111131379,0.440993275772972
LOC111120407,0.183794611487237
LOC111114716,0.0833610629124427
LOC111103518,-1.0458483080486
LOC111104402,-0.173669672623392
LOC111131810,0.0746601784914652
LOC111101619,0.665511208005636
LOC111110318,0.942165391337268
LOC111116421,-0.564301419506867
LOC111108566,-0.3890018438073
LOC111103189,-2.04858757520824
LOC111116177,0.270629048742078
LOC111100667,-0.093890271119631
LOC111136703,-0.18404021335842
LOC111102727,0.162723683336801
LOC111126457,0.0261691933199758
LOC111111840,-0.617870772553654
LOC111136953,-1.33969082370557
LOC111137618,-0.154170171926213
LOC111111470,0.0107868542154537
LOC111104669,-0.10190887020493
LOC111138103,0.499674323645986
LOC111112135,-4.46772599690784
LOC111101179,-7.59055365431681
LOC111119422,-0.414243064727381
LOC111121158,-0.59227499689522
LOC111103992,1.16370099822219
LOC111102492,0.0082874021316456
LOC111138410,-2.25175651547564
LOC111116440,-0.435217068316583
LOC111136679,-0.144267822134972
LOC111107341,-0.787416387383624
LOC111108340,-0.719719501275062
LOC111099475,0.386502947344846
LOC111119991,0.318310105367392
LOC111131490,0.148017989246105
LOC111115297,-0.16347258728812
LOC111107363,-0.177647796778623
LOC111133861,2.07441440720334
LOC111119946,1.18845128333783
LOC111105389,-5.47568804130184
LOC111134806,-0.78901384782618
LOC111122524,-0.192700990370107
LOC111128577,0.254145193346283
LOC111129707,-0.150141209119602
LOC111104136,-0.0900724183668819
LOC111134813,1.29044883230722
LOC111111975,0.0182544571633148
LOC111123845,-0.224789998753865
LOC111107886,-0.340239497727382
LOC111109912,0.167254470422632
LOC111118237,6.38783825725785
LOC111113257,1.09848775236682
LOC111131872,-1.744418987057
LOC111106792,-0.586450716829064
LOC111133712,-0.0270455064142197
LOC111099631,0.138562601701772
LOC111137041,0.909273797288633
LOC111100957,0.658462804248146
LOC111125904,-2.71102698037173
LOC111128882,1.04949752063698
LOC111108510,-0.197346485463766
LOC111117026,0.72018532132455
LOC111137767,1.62013433273598
LOC111125444,-0.0149791008264799
LOC111131564,0.0486308516789171
LOC111103838,-0.251681033555751
LOC111121261,-0.13797689802374
LOC111105450,-0.259672126880795
LOC111137857,-0.247082714077459
LOC111136220,0.0260762113631565
LOC111128736,1.03690014628897
LOC111118796,0.596540832901536
LOC111126514,-2.32774992667872
LOC111117682,-0.512701219307737
LOC111105329,-0.11454585609941
LOC111122548,0.741412161094016
LOC111119091,-0.194493568797706
LOC111120580,-0.434354395521973
LOC111131450,-2.82331217598742
LOC111137334,-0.637467156976603
LOC111100255,0.0536174652260348
LOC111113085,-2.11806418673396
LOC111110409,-1.62366889596149
LOC111110346,-0.0210905167114555
LOC111125957,-0.0474365061577563
LOC111120486,-0.320441381049454
LOC111112319,0.47809917348315
LOC111127842,-0.421241413579597
LOC111122823,-0.369806779061251
LOC111132316,1.09263921709311
LOC111129327,-0.0939629973967921
LOC111124282,0.947803917392828
LOC111134962,-0.122598640289837
LOC111131550,-2.67761062569603
LOC111121733,-0.517961175889884
LOC111117296,0.0723485936771729
LOC111111066,0.106040913345024
LOC111128913,0.402580206698565
LOC111128685,-0.475136204484435
LOC111112583,0.282153050868611
LOC111135795,0.360736896846526
LOC111125368,0.365819212761397
LOC111106133,2.60935492511037
LOC111109249,-2.14419499858304
LOC111115407,-0.670146896667219
LOC111114522,-1.10766795128841
LOC111107290,-0.300037236549229
LOC111099624,-0.246452409796085
LOC111109115,-0.677893883479939
LOC111129000,2.7291194798643
LOC111105717,-0.299760552880628
LOC111113292,0.449649430431715
LOC111120615,-0.932061421806601
LOC111127630,-0.300321363042191
LOC111125043,0.0256166609189532
LOC111120506,-0.0783196619307781
LOC111107735,1.61061565113229
LOC111130385,-0.796207385731196
LOC111116153,-2.23863052552725
LOC111103131,-0.243895233595247
LOC111114293,-0.224960262110174
LOC111103501,0.464536934639942
LOC111138058,1.72735366785874
LOC111137273,-0.886228307270787
LOC111103343,-1.38837570178216
LOC111121423,-0.217324455584715
LOC111102870,-2.64464476946339
LOC111100676,-3.22497276607558
LOC111111535,-1.6454418962012
LOC111120989,-0.188409966618693
LOC111132471,-0.105619233464566
LOC111105440,-0.315621350678988
LOC111133418,0.0764304842608641
LOC111117352,-3.64100839295986
LOC111117929,-0.194610775414535
LOC111136895,0.248822465541972
LOC111129053,0.318000438322579
LOC111137107,-0.160599799804436
LOC111100100,-0.785645330175969
LOC111112490,0.0963468920548168
LOC111135074,0.280393869401775
LOC111131391,1.53637259637044
LOC111113039,-0.260613107161595
LOC111125036,-3.77103182544141
LOC111134874,-0.187902100637041
LOC111124178,-0.0320840426979018
LOC111103330,0.401939904467278
LOC111104260,-0.14849174460508
LOC111130399,0.796313073623933
LOC111118302,-2.00074729657607
LOC111127401,-1.16558071545254
LOC111108442,-0.848787822556034
LOC111108281,-0.488438452706033
LOC111107595,-5.92513586405211
LOC111132840,0.348610163192489
LOC111118457,-0.732245372683945
LOC111099487,-0.136277618344045
LOC111113408,0.79854574970769
LOC111121317,-4.76210698271759e-05
LOC111125820,0.997631881938399
LOC111122849,0.269736189925819
LOC111117437,1.00698733235075
LOC111101891,0.0931484918380403
LOC111113671,0.118121720034456
LOC111101300,-0.76074913474434
LOC111128224,-0.105876768727738
LOC111107081,-0.287253949818037
LOC111131323,0.715238226076842
LOC111131104,-2.12418386795955
LOC111138060,-0.265104675965079
LOC111123005,-0.480881820283407
LOC111126355,0.163099386732824
LOC111128288,-0.209263289697506
LOC111130684,-0.954869895944754
LOC111128975,0.0614472230244236
LOC111113961,-0.0784087618020877
LOC111102570,-0.810526960875192
LOC111117811,0.453283793253204
LOC111118315,0.815335487809154
LOC111137951,-0.175791996391013
LOC111111551,-0.601402194141706
LOC111116352,-0.257983733068852
LOC111121532,0.335707549642408
LOC111105696,-1.27031491640647
LOC111111744,0.0973992398229728
LOC111110394,0.569233240065338
LOC111134817,-0.994176051694005
LOC111105074,-2.13373594472305
LOC111103516,0.596744486978135
LOC111122525,-0.290770306544815
LOC111120895,-1.27446589297708
LOC111111809,-0.0286619084478513
LOC111111077,-0.779563341267718
LOC111104334,0.137644739120454
LOC111112764,-1.78724727142654
LOC111122591,0.537531708351808
LOC111135750,-2.27290657632626
LOC111104148,-0.330659701602711
LOC111116253,1.8851167269844
LOC111132686,-1.1765862945883
LOC111099839,1.20968703237143
LOC111131653,-1.08624923143915
LOC111126874,1.12347343276435
LOC111114969,0.0311648333417486
LOC111123291,-0.16873064875326
LOC111120536,-0.993904765011599
LOC111119692,-1.07731966615951
LOC111132064,-0.166866095831755
LOC111128579,-0.00209498857556905
LOC111121642,-0.703794748258254
LOC111131783,0.405371143292642
LOC111108563,0.0550413151432122
LOC111120503,1.00420310391498
LOC111106661,0.155463097128512
LOC111116349,0.0218535322412833
LOC111133035,0.647595409521422
LOC111116619,-1.05948079076411
LOC111102569,-0.535413353972617
LOC111101428,0.0760119734626201
LOC111111940,-0.259390330418678
LOC111129898,-1.41822643724453
LOC111137044,-0.406798653075302
LOC111117743,-0.507352782984094
LOC111138389,0.752494366846595
LOC111127906,-0.799973099014849
LOC111135689,-0.200146636104711
LOC111138512,0.045313150897235
LOC111113298,-0.389967691268239
LOC111122326,0.586620156284866
LOC111135599,0.0331716156361973
LOC111133367,0.0413226990565088
LOC111118185,-0.0983135392770568
LOC111107931,-1.45790108421742
LOC111108271,-1.18616804092252
LOC111119678,1.31780492723536
LOC111131075,-0.0249003160309253
LOC111115559,-0.63515595983778
LOC111102052,-0.60108421800811
LOC111126158,-0.0711224631749542
LOC111129168,0.395191844711211
LOC111119069,0.219743267918739
LOC111101690,-0.446756786714461
LOC111127221,-0.556098711074957
LOC111115190,-0.0510769487703282
LOC111133140,-1.64145333532876
LOC111109332,-1.63621188548392
LOC111125739,-0.489962452695409
LOC111129263,-0.0703764551716364
LOC111132297,-1.83713062650342
LOC111103394,0.234330782016784
LOC111131433,-0.158332822804595
LOC111110857,-0.416329314621133
LOC111117324,-0.375189693152387
LOC111136398,-0.0669163624072646
LOC111100154,-0.176265466991
LOC111130025,1.15707162653965
LOC111104211,-0.264341391764188
LOC111130369,0.0270000928120015
LOC111129591,2.2494760709957
LOC111100510,-0.60868961806344
LOC111135704,-1.48374484586902
LOC111126723,-0.155038643501659
LOC111099115,-0.00515118052571841
LOC111118265,-1.12250921021137
LOC111108114,-0.532054282206407
LOC111122836,-1.13839594878154
LOC111111407,0.010331949698635
LOC111128154,1.27459937484671
LOC111121921,1.75100136154328
LOC111108388,-0.915717287080066
LOC111112639,0.380572726532181
LOC111129533,-0.226852154483551
LOC111103810,-0.159792955896251
LOC111130778,-0.879985237744328
LOC111123535,0.353153520585707
LOC111127483,-0.269908640036862
LOC111114011,0.206196857810252
LOC111133539,-0.20143719386648
LOC111134895,-1.26129657851204
LOC111122824,-1.49491861956356
LOC111126537,-0.48530925696159
LOC111111068,-0.194756200817754
LOC111135893,0.506542851734474
LOC111099867,-0.250682547548312
LOC111131814,-0.165598459442216
LOC111099763,0.401087016529131
LOC111121664,0.475672647940939
LOC111104198,-0.0388906190347849
LOC111116304,-1.51657931647295
LOC111132041,-0.288658726025075
LOC111136799,-0.190159430753234
LOC111099990,-0.265799673082108
LOC111104164,-1.12774729429773
LOC111120113,-1.11040504444112
LOC111122953,-0.440522521360608
LOC111115005,0.100916246030584
LOC111103264,0.773515811014445
LOC111109977,-0.387144373846296
LOC111135545,0.0447617897123207
LOC111122597,0.110643349031553
LOC111106115,-0.292545721106315
LOC111124658,-2.46252897673235
LOC111113701,0.232748456723021
LOC111114232,-0.376865076412313
LOC111129888,-0.185282631064523
LOC111117010,-0.531393121086246
LOC111122819,-3.01090946944727
LOC111122791,1.21994406751762
LOC111118849,-3.36607635679509
LOC111105513,-0.184217009557037
LOC111126022,-0.498783634077931
LOC111108382,2.01806782718256
LOC111100120,0.14779394951078
LOC111107449,-0.553452789090385
LOC111126536,-1.20294132359984
LOC111128942,2.28981004191943
LOC111110965,-1.28394441594129
LOC111116848,0.153253715096648
LOC111113724,-0.0740891751398796
LOC111130908,-0.33278955457339
LOC111136187,0.494494575254691
LOC111137051,-2.87804519886439
LOC111136079,0.666703299655288
LOC111100513,0.436755530280106
LOC111117788,1.05900426372252
LOC111101122,-0.337089715042361
LOC111121814,2.65238840790061
LOC111111102,-0.304733573386397
LOC111105510,-0.0829880955166171
LOC111118073,1.08832743639197
LOC111109693,-0.569446438354265
LOC111126036,-2.60374999543547
LOC111117720,0.124030233414483
LOC111129799,0.257370084450089
LOC111130085,0.662976596725505
LOC111131518,-0.281213617430462
LOC111116029,-0.81503799454337
LOC111119064,-0.301759436694341
LOC111101564,-0.858781731982568
LOC111133807,2.72033031620066
LOC111120459,-0.0820710398649564
LOC111115983,-0.132012967625169
LOC111116429,-0.299369619734972
LOC111102619,-1.82783962469416
LOC111101836,-2.30882374815186
LOC111117679,0.248566328137101
LOC111115108,-0.147265400412643
LOC111134047,0.227918101392686
LOC111100258,0.0707238906042679
LOC111125413,-2.33538000755
LOC111126841,-0.791969912063675
LOC111111860,-0.476568235233887
LOC111136247,-1.52695946149189
LOC111107196,-1.1767131026928
LOC111123828,0.00677245053926299
LOC111135471,-0.186196056470484
LOC111131325,0.088101220149135
LOC111125441,0.0296761812024796
LOC111137814,1.32462968030137
LOC111123693,-0.446268978250076
LOC111136548,-0.482975914144018
LOC111130335,-0.599298734777541
LOC111109079,-0.0605558942166131
LOC111126383,-0.0637931384104123
LOC111127515,-0.455438760441481
LOC111130139,0.309334456834095
LOC111113331,-1.03472139137658
LOC111131647,-0.912485171303299
LOC111123279,-0.759461599953162
LOC111131466,-1.49300522543097
LOC111119768,-2.0531975773605
LOC111130793,-4.6965370098237
LOC111137774,-0.469323013698206
LOC111114588,-3.37547220186954
LOC111120662,-0.708258513412583
LOC111108068,0.832695581308657
LOC111136208,0.129458387760524
LOC111120852,1.46500298124884
LOC111125780,0.358283847673919
LOC111128455,0.0961066786113798
LOC111121162,-0.103644838547081
LOC111102949,0.138833497274141
LOC111122334,-2.62684214978834
LOC111121287,0.256062942106267
LOC111102676,-0.710543947476421
LOC111135521,-0.14860694979801
LOC111137652,-4.88505562737882
LOC111135249,0.0563894420137732
LOC111138371,-0.106821707795078
LOC111123436,0.199815159786579
LOC111124507,0.079906166616987
LOC111130362,-1.08535599156753
LOC111119810,0.354427099671874
LOC111137583,-0.807194028659886
LOC111120314,-0.726131411797416
LOC111130913,-0.403381776290633
LOC111127384,-0.119095300125783
LOC111101210,0.434165092002933
LOC111126121,0.100866558869968
LOC111133634,-1.14118527300334
LOC111135444,0.320817479765406
LOC111125477,-0.665834614266538
LOC111103517,-0.816647519133987
LOC111115212,-0.20906874405159
LOC111129329,0.188835120874831
LOC111103573,-0.598864564323422
LOC111130328,-1.37763074281041
LOC111115915,-0.266121549320162
LOC111123613,-0.173422248692774
LOC111120504,0.454024182529759
LOC111136042,-0.216089859870469
LOC111131855,-0.0218966554447166
LOC111099724,0.343737300764575
LOC111136767,-0.0878914748094812
LOC111136311,-3.07601543073588
LOC111110723,0.813938207256407
LOC111122493,0.92743793842178
LOC111117444,0.0547483935006068
LOC111106190,0.893126524755203
LOC111128587,0.0435310904806357
LOC111125840,0.833456770737235
LOC111115702,-0.0462011630287906
LOC111137641,-0.595931081371782
LOC111100747,-0.381866709943826
LOC111137121,-0.125498116609126
LOC111107339,-0.393329036226511
LOC111123013,0.12457140423768
LOC111111897,0.300920975276525
LOC111102759,0.163427363359169
LOC111107955,0.000338339129838848
LOC111105866,0.141713024752808
LOC111118376,-0.0393309174176153
LOC111116436,-0.950624513280655
LOC111109429,0.252182131882496
LOC111130275,-0.754064043145268
LOC111107012,-0.758838609688654
LOC111119728,-0.546598918312493
LOC111123819,-0.0338654063900587
LOC111111168,-0.270005048916204
LOC111128365,-0.284356852742831
LOC111130181,-0.662494797447712
LOC111136246,-0.0355524110345431
LOC111123211,-2.27314052557343
LOC111115219,0.59480218083003
LOC111107230,-0.666645191705085
LOC111108279,-0.65090869968298
LOC111136987,-0.126410897485854
LOC111117092,1.08199855143269
LOC111126768,0.157574687471563
LOC111124722,-1.8664111029555
LOC111105710,-0.098998576784936
LOC111120861,0.932393383258148
LOC111136404,-1.37273423115303
LOC111123268,-1.13680104090364
LOC111136657,0.434091203350015
LOC111138377,-0.597043300010192
LOC111123835,-1.14137938809812
LOC111112276,-1.83577697728794
LOC111108359,3.54914172016836
LOC111120836,0.854390055290837
LOC111127316,0.58404542652608
LOC111103024,0.993890168264177
LOC111130636,-0.238001491473698
LOC111126293,-1.1832875701005
LOC111107470,-0.137252399727501
LOC111133842,0.383229475452916
LOC111136296,0.0993856129504977
LOC111130096,-0.252718466614405
LOC111121271,1.1384633172348
LOC111111766,-0.395387640448096
LOC111112231,-0.0702398667786451
LOC111127055,-1.88916841041551
LOC111112516,-0.652327170885066
LOC111126557,-0.117943362155592
LOC111121036,-0.106483681001845
LOC111108337,-0.376730093929243
LOC111103490,-0.57348148934677
LOC111103499,-0.692686497112054
LOC111136335,-0.0514048688587872
LOC111102278,0.613571699521816
LOC111099066,-0.0868195247150264
LOC111131499,1.70458562014998
LOC111130722,-0.447942279786451
LOC111138250,-0.0637807008073277
LOC111104107,-0.408589789512009
LOC111106046,0.0761477228468097
LOC111118671,-0.0417678642451802
LOC111107928,-0.312307253059799
LOC111135840,0.0552659925050978
LOC111137482,0.111926961890961
LOC111107849,-0.775751044129967
LOC111130950,-0.061554387188197
LOC111100322,-0.250666205877559
LOC111106583,-1.36062395554312
LOC111104102,0.422975890818032
LOC111122078,-0.0481394155121154
LOC111124760,-0.206392653861899
LOC111130914,-2.27868006529119
LOC111133166,0.262197217837566
LOC111115953,0.0323655408335632
LOC111129919,-0.368721470984049
LOC111108305,-0.675161494023822
LOC111106236,-0.589493131671807
LOC111111050,-3.93638062378303
LOC111138400,-0.608714754504954
LOC111106036,-0.157354438620101
LOC111100512,-2.03115810622083
LOC111133337,0.570538613417072
LOC111108349,0.969121752659201
LOC111137221,0.517454826962262
LOC111105228,-1.19184141787627
LOC111106183,1.14555101957811
LOC111114543,-0.207142190480519
LOC111136658,-4.19942846593556
LOC111136283,-0.190119438930193
LOC111102418,0.993430321089396
LOC111099910,-1.01859458362189
LOC111125111,-0.26201895045718
LOC111129956,-0.287975843564604
LOC111106722,0.0874457359368788
LOC111133833,-1.00877340369919
LOC111118971,0.284584763127526
LOC111119435,0.742554464686004
LOC111115343,0.237723519176366
LOC111112670,-0.0649165240708224
LOC111137675,-0.0157954087608723
LOC111113185,0.0204113734858381
LOC111107446,1.38536050410466
LOC111128353,-0.383613728113345
LOC111128212,-0.0348139134987106
LOC111120163,-0.939215252925377
LOC111129849,0.00781698547431499
LOC111135324,-0.284516561198248
LOC111127071,-0.82944860356612
LOC111110360,-0.299858900766214
LOC111123658,-3.42945853036983
LOC111121434,-0.0239106339043645
LOC111132178,-0.0861201583083686
LOC111107099,-0.311499207791313
LOC111109466,-0.15283285891127
LOC111108650,-0.327820970198374
LOC111107727,-0.428699441384325
LOC111125051,-0.199781357892412
LOC111127518,0.243788038515757
LOC111120308,-0.312086524652856
LOC111116128,0.126236139599497
LOC111135290,-1.00355000925681
LOC111104813,-0.425021614677373
LOC111136562,1.01672414761814
LOC111112481,-1.73857740937318
LOC111116217,0.447501550930203
LOC111138392,0.492112072588314
LOC111107714,-0.589243411218719
LOC111101302,-0.564193766133561
LOC111123357,0.64769284701262
LOC111112730,-0.372815298750874
LOC111137594,-0.0522489916705778
LOC111121883,-0.283894057748819
LOC111124704,0.550147342879141
LOC111122840,2.04366601051373
LOC111137588,0.386704789891327
LOC111109949,0.836602139462533
LOC111127284,-0.1422062892195
LOC111106718,-1.51777018555352
LOC111127341,-0.350525106029458
LOC111118242,0.0706493985524929
LOC111138351,-2.18146971740209
LOC111134148,-0.594476255540699
LOC111125777,1.14123874312901
LOC111114061,-0.315146298165791
LOC111107514,-0.280147649106515
LOC111130597,0.169888169838494
LOC111122642,-1.62078066887809
LOC111119874,-0.00785737283335794
LOC111118927,0.388232495373175
LOC111120776,-2.08501975867974
LOC111122942,-1.1541591794078
LOC111108425,-0.166388294465046
LOC111111213,-0.144757205653682
LOC111129914,0.0686283545337455
LOC111122680,-2.98179027896331
LOC111135182,0.77395951247151
LOC111133699,-0.725872212254466
LOC111113278,-2.27086636849158
LOC111108064,-0.0304746298151176
LOC111118732,0.325334612774247
LOC111136105,0.402003698922004
LOC111129274,0.493877162664498
LOC111126285,0.0749413455534225
LOC111133985,-0.505675913439663
LOC111109589,0.107508372516296
LOC111099548,-4.47065794713987
LOC111134419,-0.00874941090964761
LOC111129293,-3.72736437879573
LOC111129025,0.53951097383304
LOC111135586,-0.374865138659209
LOC111128354,0.277395833189496
LOC111135419,-3.22328840866921
LOC111117681,-3.25445462483479
LOC111103204,-2.10502379070169
LOC111106945,0.340380880175766
LOC111133698,0.723659526632877
LOC111119887,0.726140982235186
LOC111135084,-2.08638592868431
LOC111127987,0.997103847412151
LOC111124642,0.0867734083465494
LOC111123621,-0.00265329086343335
LOC111136929,0.427180049149432
LOC111125358,1.18701983860363
LOC111115386,-1.15697816705798
LOC111104084,0.145664803659363
LOC111100868,-0.328355174779756
LOC111134110,0.0085787499460248
LOC111122652,1.17774893361491
LOC111127164,0.0208217612374566
LOC111136063,-1.01689650041988
LOC111122699,-0.615752414223806
LOC111119153,1.10883863065875
LOC111126326,-0.179158307525267
LOC111110026,-0.403340875948799
LOC111126951,-5.87521639544834
LOC111110589,-0.362973477289348
LOC111100906,-0.441552905096238
LOC111125574,2.50058924888579
LOC111128307,0.492569627561732
LOC111126949,-1.43337020053646
LOC111106173,0.233488408432788
LOC111111219,0.516186853985076
LOC111121069,-0.224823714334874
LOC111108044,0.177554791805252
LOC111115707,-0.366793118220563
LOC111130881,1.12126781680767
LOC111120339,0.230495918481814
LOC111129416,-0.392111325782709
LOC111137478,-0.521328202224607
LOC111122822,-3.32508141867588
LOC111127299,0.0970164703752979
LOC111107950,0.101728555809196
LOC111125757,-1.11774342980792
LOC111128030,0.198642749485379
LOC111113496,0.0989510673027152
LOC111118917,-4.47901672505684
LOC111118914,-0.0989805329151826
LOC111118120,0.297231151541675
LOC111103229,0.336855949951687
LOC111120327,-0.316090001234237
LOC111123489,-0.269565538472019
LOC111120992,-0.223026001379477
LOC111106300,0.0727905946653288
LOC111110406,-0.490202894602589
LOC111121273,0.870823291718092
LOC111120937,0.611871377027089
LOC111136819,0.604322978960491
LOC111116876,3.88251061256627
LOC111121124,-0.482297542255304
LOC111135207,-2.41856288557955
LOC111120247,-0.195901844015127
LOC111134973,-1.85829379307977
LOC111103495,0.600380587107757
LOC111124510,0.248271795167925
LOC111118576,0.416941438277186
LOC111125330,-0.877932489776052
LOC111110381,-1.34646345131716
LOC111128714,-0.35140729996963
LOC111124193,0.0367748075309926
LOC111122671,0.374221139459447
LOC111138503,-0.364317107613992
LOC111133002,-1.9015964552424
LOC111130262,0.107854128963499
LOC111137275,-0.252523237807534
LOC111135490,-1.35376246734187
LOC111101510,-3.15943831774494
LOC111125961,-0.712607898646941
LOC111105837,-0.304945899167445
LOC111132346,-0.37087140221996
LOC111129242,0.91009038045651
LOC111132887,0.692526197902824
LOC111113997,-0.337179960352671
LOC111137363,-1.28370863911742
LOC111107346,-0.270846963213902
LOC111111557,0.311630027199426
LOC111127393,-0.520480673161624
LOC111129243,0.566508777802099
LOC111136060,-0.92648720367974
LOC111119711,-0.509911124916928
LOC111128928,-5.81635391911339
LOC111126315,-0.180697383749864
LOC111121997,-0.119684035505204
LOC111137129,-0.0396526637835664
LOC111125160,-0.0462100417017
LOC111119245,0.0739794583612774
LOC111099601,0.0647721237040408
LOC111108521,-6.22336447333691
LOC111108914,-4.89291730283161
LOC111136989,-1.08851950674451
LOC111132095,-1.33663635475288
LOC111117793,-1.65666670220031
LOC111130687,-0.266688203657137
LOC111135995,-0.200205679859693
LOC111114509,-0.4578673504321
LOC111136023,-0.0227311193039635
LOC111129270,1.02520075443606
LOC111132042,2.97283249109911
LOC111126547,-0.189949055503867
LOC111124139,-2.59719107635277
LOC111127841,-0.712650859312236
LOC111122989,-0.128714099361535
LOC111128883,-7.16110012177856
LOC111137155,-2.3688492366415
LOC111120597,-3.28317476442603
LOC111134886,0.3691206372446
LOC111135514,-0.870090079640247
LOC111112803,0.4461766299082
LOC111114111,-0.195723681864718
LOC111134649,-0.842084705897551
LOC111108202,-0.305133907002207
LOC111120122,-0.249000026025595
LOC111134481,-1.92862618620237
ND4L,-2.30235270914489
LOC111130925,0.131565467223766
LOC111118471,1.98336723187536
LOC111100741,0.813850013352384
LOC111108276,-0.560280632977952
LOC111130518,-0.0596535395215724
LOC111131299,-0.517773323727183
LOC111127514,-0.521481516170764
LOC111135587,0.0441205228499933
LOC111108240,0.140938558816863
LOC111109947,-0.323853433209018
LOC111135406,-1.68417807688553
LOC111131706,-0.111902597040201
LOC111136831,0.28821324405149
LOC111117299,1.40656645120286
LOC111112874,-1.51941527226676
LOC111115253,0.740219234426505
LOC111123554,1.94079142999932
LOC111107560,-0.227875026580795
LOC111100058,0.318467398945632
LOC111104142,0.855577462860907
LOC111120454,-0.213953770596768
LOC111120497,0.524157795375431
LOC111118994,0.39962069803926
LOC111109022,-0.34535217986376
LOC111109869,-0.570099815486796
LOC111129746,-0.303774675233459
LOC111100472,-1.64649305511111
LOC111125646,-3.01645745473468
LOC111128388,-0.310640039644326
LOC111104017,0.591106486357201
LOC111110384,-0.578579009034855
LOC111132950,1.41517557582886
LOC111137054,-0.452185221629233
LOC111099692,-0.00539222787711979
LOC111109992,0.150877595576472
LOC111104127,0.0135395880038489
LOC111109576,0.442974710501254
LOC111108577,0.800614857338158
LOC111105122,-0.615069150293035
LOC111106575,0.0248974505878186
LOC111132903,-0.335383028292665
LOC111110278,-0.337288940014172
LOC111114204,-0.827530531290692
LOC111124351,0.122478758354867
LOC111110049,2.7096280866089
LOC111125114,0.856789550678691
LOC111120346,-1.34036397207475
LOC111106110,0.153983299718566
LOC111115230,0.0618461417893889
LOC111131102,-1.43592489865997
LOC111099926,-1.05431346885946
LOC111103666,-0.926588749676323
LOC111128317,-3.25634463372275
LOC111105190,0.671118426339181
LOC111130239,-1.30405024832669
LOC111123922,0.72290044377448
LOC111132053,0.506007920699365
LOC111122929,0.879758215760166
LOC111138369,-0.892492187496193
LOC111126805,-0.23639587120859
LOC111122168,-0.297973570019626
LOC111128906,0.110539659295505
LOC111127667,1.31973336524742
LOC111119466,1.25541540281179
LOC111136994,0.0484056793000717
LOC111132726,-1.19541518959957
LOC111104359,-0.691540453708111
LOC111113287,-0.354709587631539
LOC111120722,1.25129777433167
LOC111110979,-0.285614970011263
LOC111132613,-0.404891295277685
LOC111130568,-0.0485734048191623
LOC111128235,-0.438744285945374
LOC111110976,-1.85908748354047
LOC111118919,0.295266433803408
LOC111114779,-1.38816426422222
LOC111120236,0.274695638430051
LOC111116530,0.105345168790336
LOC111128977,1.5913445273382
LOC111130020,1.08888671883842
LOC111128260,0.127258462732131
LOC111100452,-0.40005847383758
LOC111123657,-0.704268573180057
LOC111119132,-1.0587295659779
LOC111103720,-0.137136361985418
LOC111115423,-0.0450708897097225
LOC111119191,-0.547748756970485
LOC111107606,0.841908680623195
LOC111110328,-0.263712252127839
LOC111119359,-0.419495916505865
LOC111117045,0.520328391354128
LOC111121263,-0.660767735577843
LOC111104758,-2.01435505760348
LOC111135546,1.24544387115228
LOC111131841,-0.44877492678446
LOC111117755,-2.2687647541588
LOC111114448,-1.34087262946517
LOC111127872,-0.131960339321799
LOC111127153,-0.884446121491602
LOC111121973,-3.22507932941046
LOC111129569,-0.994296400876507
LOC111136852,0.0786279538411702
LOC111114899,-0.970076085500345
LOC111138139,-0.811260103731054
LOC111131765,-3.05301464971397
LOC111131636,-1.35658990434007
LOC111116890,-0.578363382009355
LOC111116443,0.848773139874356
LOC111117081,-0.329719792286259
LOC111132795,0.389525318204891
LOC111137832,-0.603299696911531
LOC111118459,-1.80863266416409
LOC111101837,0.030403512637083
LOC111130999,-0.481919252422696
LOC111115402,-0.104368910130992
LOC111133312,-0.349797412443746
LOC111120993,-0.631010411030331
LOC111107333,2.49863258091816
LOC111103022,0.346612514004734
LOC111119927,0.139715957212666
LOC111129474,0.339281248333245
LOC111107019,-4.90080444914223
LOC111122413,-2.34323160576582
LOC111130964,-0.472986084223733
LOC111133662,0.10970100683042
LOC111130961,0.0207605095253111
LOC111122094,-0.682045245238762
LOC111122369,-3.28474360240276
LOC111122618,-0.278179932158115
LOC111110250,2.81258728652634
LOC111102290,-0.530591761880724
LOC111119921,-1.12912484385183
LOC111133331,-0.0170623390374067
LOC111121254,-0.66747750343341
LOC111124464,0.133823829513965
LOC111113865,-0.194904314197407
LOC111112008,0.179549562027971
LOC111107708,-0.849989053413834
LOC111126400,0.170123002132922
LOC111133282,-0.0487504547127944
LOC111136965,-2.39004100026059
LOC111108467,-0.00417099025851436
LOC111103869,-3.79786396076061
LOC111119740,-3.15119628626558
LOC111110618,-0.473015955135191
LOC111138438,-1.98045978024781
LOC111102997,-0.435207564898523
LOC111112320,-0.720631213697831
LOC111112831,-0.333674803212669
LOC111133028,0.134934939407966
LOC111124692,-0.136609636263981
LOC111136420,0.194675915276936
LOC111136123,-0.271056436136852
LOC111113324,1.87282129449421
LOC111100981,0.436580481237317
LOC111118908,0.318552375813727
LOC111117103,-0.566570163191724
LOC111137605,-0.411873579417263
LOC111137604,-4.04715871609903
LOC111114114,0.0197778282517909
LOC111125664,-0.107524995239477
LOC111102697,-1.31406327345235
LOC111132274,0.439556364685274
LOC111126568,1.70477047055887
LOC111108198,0.193826314838918
LOC111100553,0.107477104153443
LOC111122855,0.178810821725502
LOC111125225,-1.13671231954711
LOC111117761,0.301546449325206
LOC111103556,-1.89265282927388
LOC111127813,-2.30099080134451
LOC111107609,-0.550514612242366
LOC111110417,-0.0815018658946204
LOC111131035,-0.707320023238842
LOC111103599,-0.516847405344744
LOC111116058,-3.16754941276737
LOC111132500,-0.43450486852832
LOC111104553,0.068719982196279
LOC111108706,0.343491659970084
LOC111119020,-0.691244164248229
LOC111132129,-0.784831361122366
LOC111114485,-0.750778145775242
LOC111114664,0.168231186706162
LOC111136551,0.125936969234573
LOC111114072,0.136871780611866
LOC111135584,0.378373054494924
LOC111100853,1.24704678680723
LOC111126108,-2.56655427189232
LOC111130800,-1.32507605708857
LOC111100479,-1.73110800829541
LOC111125835,0.0176602712671487
LOC111118699,-0.0477771245217837
LOC111127110,1.38795777060485
LOC111118562,0.479651012678543
LOC111125771,-0.124635713250959
LOC111109741,-0.295475946428505
LOC111100568,0.244141169022875
LOC111125507,-0.0282258583739081
LOC111133163,0.955156749065481
LOC111111171,-0.675654101013349
LOC111137592,-0.311006001995697
LOC111117605,-0.434696068739265
LOC111111387,-2.67424081894295
LOC111117941,-1.11031460715853
LOC111117942,-1.46014976073299
LOC111128996,-2.00576106439409
LOC111133639,-0.129572389563645
LOC111132411,1.00049755569539
LOC111114420,-0.215894262715201
LOC111102987,2.07813267779975
LOC111124909,0.948052563888734
LOC111114191,-0.55103356275285
LOC111118167,-1.03219020481799
LOC111137103,0.0934307065585332
LOC111111377,-5.12449605010045
LOC111138382,-0.339616712781258
LOC111128909,1.76087985826849
LOC111123500,-0.98470142935292
LOC111107673,-0.165563801817985
LOC111127973,1.89033122091966
LOC111135716,-1.06901937712247
LOC111110352,0.400652542837817
LOC111106675,-0.0577388842792785
LOC111120716,-0.249464306547607
LOC111135383,-1.36994476871204
LOC111136764,-2.95383968207317
LOC111101698,-1.94219028178394
LOC111128476,-0.204035869110418
LOC111102933,0.0370319210744005
LOC111130620,-0.961797793175421
LOC111135523,-12.2662878973926
LOC111124242,-0.714391293076584
LOC111119860,-0.413842416682315
LOC111113912,-0.175712158637582
LOC111131344,0.277080711236089
LOC111137612,-2.98325138754867
LOC111123255,-0.55987504668758
LOC111123529,-0.659901399685959
LOC111103219,-0.465993731599593
LOC111110908,0.525911518149959
LOC111110616,-0.111880891596659
LOC111119604,0.294454268951128
LOC111128042,4.55477958191113
LOC111116972,0.16432266121023
LOC111111230,0.00762617125870221
LOC111124485,-0.358147250121443
LOC111128742,0.506599375836961
LOC111125536,0.252103941674457
LOC111111891,-0.432874828352657
LOC111126561,0.678302012319563
LOC111127998,0.116540797994736
LOC111125870,-0.106440709781494
LOC111113521,-0.258526309750297
LOC111135485,-0.46052599574955
LOC111121059,0.515259504521111
LOC111128758,-0.161642311515367
LOC111104048,-0.247442168134682
LOC111129280,0.321028035204871
LOC111123672,0.296295093600599
LOC111122362,0.0477615848989564
LOC111132514,0.0632683806905788
LOC111115428,-0.573633760352363
LOC111119053,0.570662630456113
LOC111126571,-0.361452927527934
LOC111136688,-6.40077485168279
LOC111116577,-0.274170345309236
LOC111125747,-0.301998742492533
LOC111129438,0.643046606940692
LOC111126322,-3.41895403396217
LOC111131824,-1.70887938466495
LOC111102662,0.198306035770427
LOC111118646,-1.34195956854634
LOC111105779,1.31405497282353
LOC111134416,0.70268961960366
LOC111123034,0.0464029373433092
LOC111114322,0.167863906403859
LOC111104575,-0.264801046294082
LOC111108725,-2.31140988643515
LOC111119935,0.214399683678089
LOC111134726,1.13966271188855
LOC111111128,0.0969264564387076
LOC111127572,-0.501204069440805
LOC111104555,-0.594980933255131
LOC111120669,-1.24720696585333
LOC111124325,-1.68348180798685
LOC111122529,0.37368090840493
LOC111119333,-1.45264460818439
LOC111101534,-0.0681915792386997
LOC111119094,1.01627203332927
LOC111121827,2.02363143192284
LOC111132162,-0.969687709253799
LOC111110835,-0.907199830368665
LOC111110673,2.315580719605
LOC111104239,-0.0930294359809591
LOC111104206,-0.294380267416908
LOC111135810,-0.0841523799295319
LOC111129997,0.290565667380942
LOC111122916,-0.0304716816252505
LOC111129144,-0.380803635204084
LOC111125941,-1.50206582611215
LOC111104620,-0.283509170850262
LOC111129312,-1.19296314020195
LOC111127847,-0.351332226627083
LOC111100133,-0.113159897459291
LOC111108844,0.238870498329332
LOC111106991,-0.0515900105607113
LOC111138015,0.591814069209583
LOC111104264,0.213944156740331
LOC111112963,-0.188205025940264
LOC111128774,0.0838963074002774
LOC111117206,-3.13341559511866
LOC111120850,-1.06821763108052
LOC111132155,-0.499269399126733
LOC111124917,-1.03962229931717
LOC111109758,-0.844331318754597
LOC111129893,-0.241018165507456
LOC111127354,0.605776966310734
LOC111119157,1.31339687312193
LOC111134088,-5.61403623919797
LOC111136865,-1.91156866888261
LOC111134589,0.0616428301303519
LOC111119625,-0.0929635015958459
LOC111134108,-1.31065700181613
LOC111131101,3.30277791089458
LOC111119388,0.539297600650748
LOC111136399,0.887642350130191
LOC111126148,0.852860908111368
LOC111115390,-1.0350267734495
LOC111138138,0.949557388369141
LOC111128661,-0.0585406245850553
LOC111126504,-0.157226287218515
LOC111120244,1.50349826662157
LOC111125513,-0.100103429429549
LOC111131185,0.0230658907578262
LOC111131039,-0.0850186626642911
LOC111137262,-0.0685167365713989
LOC111100901,0.138704968661494
LOC111109910,-0.336895867489417
LOC111127437,-0.519959591848031
LOC111128505,0.0297147100262439
LOC111133145,-0.55652714960868
LOC111101052,-0.292573247529845
LOC111133452,-1.12368481315139
LOC111135096,0.0468201163296356
LOC111111643,-0.477282816853104
LOC111137679,-0.952336791374275
LOC111100797,-2.26566981419757
LOC111102795,-0.261034836017248
LOC111129959,0.0589837462333883
LOC111104125,-0.624581156057621
LOC111120991,-0.635058635454029
LOC111113110,2.52139597963001
LOC111110313,-0.393463727155817
LOC111109233,0.294587148679904
LOC111119015,-0.159381661435636
LOC111133435,1.78744052693153
LOC111105499,0.278121218164185
LOC111137349,1.54219940251716
LOC111127795,-0.157610239483929
LOC111118911,-0.469027125767829
LOC111108457,-6.29929818380156
LOC111101611,0.381224290083772
LOC111132685,-0.111895449701174
LOC111125552,-0.159138399463196
LOC111115068,-3.09020346487428
LOC111110747,-1.36351724407151
LOC111126932,-0.540349170420614
LOC111114909,-1.71799023425486
LOC111107429,0.537902220131656
LOC111108233,0.447833792051122
LOC111115292,1.48303192265559
LOC111137485,-1.93348359293625
LOC111117997,0.0732128006950913
LOC111114893,-0.267390931558111
LOC111126331,-0.712012970703017
LOC111136522,-1.91771135036095
LOC111112957,0.0686778484135032
LOC111133318,1.5527395602688
LOC111136639,2.11557881125307
LOC111136725,0.609986085802645
LOC111105808,-0.0360463377312101
LOC111099154,-0.118235423461466
LOC111132498,-1.20472785087733
LOC111128096,0.722954458063548
LOC111137304,-0.00921109452092872
LOC111103999,-0.755474392804587
LOC111118888,-0.540746904526147
LOC111116476,-0.39666230636034
LOC111127646,0.0135013366413632
LOC111135004,-0.279732126940772
LOC111115147,0.670291551663685
LOC111125096,-0.0848959274190653
LOC111100934,0.0521291133259035
LOC111129291,-0.829471457983581
LOC111130618,-0.174407871315458
LOC111137769,-0.123718628601859
LOC111137770,-1.42854756130499
LOC111126388,0.125603292968125
LOC111114816,-1.92504363582577
LOC111130245,0.338780514779948
LOC111111930,-0.0880104997371285
LOC111102613,-2.85569221272412
LOC111103226,-0.444249905968921
LOC111124857,0.350711248015501
LOC111111076,-0.478515011461205
LOC111133451,-0.255512114412945
LOC111135697,0.226992583239873
LOC111103363,-0.577270444951226
LOC111102861,-0.21986517821684
LOC111122278,0.719807079837896
LOC111118614,-1.53564307680378
LOC111110236,-0.0197106410228208
LOC111125107,-0.126936249573788
LOC111125666,-0.051769172654378
LOC111135411,1.18883008023775
LOC111115819,0.647775230357656
LOC111116802,-0.405634993119731
LOC111101377,-3.06604901988037
LOC111110611,0.131750704257836
LOC111127513,-0.765875277566023
LOC111124498,0.442370206826538
LOC111100956,-0.252577336687935
LOC111131340,-0.375063726442475
LOC111107430,-0.664378550393212
LOC111106330,-0.727970770800701
LOC111121860,-0.24217454274736
LOC111112426,0.652482799399345
LOC111119757,-2.87924910731545
LOC111127936,-1.59036147562397
LOC111100692,0.379367246105357
LOC111115369,0.049671228769854
LOC111105905,-0.244281788975135
LOC111108676,-0.231008048267748
LOC111127006,0.681809183703877
LOC111108801,0.562023172814002
LOC111132807,-0.350796466389203
LOC111123983,-7.93532726348425
LOC111136113,-2.28073249662611
LOC111133245,-1.25067242025283
LOC111134404,-0.0528840130726662
LOC111108150,-0.702970943042095
LOC111099166,0.389668837380687
LOC111124108,-0.996580546675868
LOC111130463,0.0173369680069042
LOC111120478,0.618258601294548
LOC111122683,-1.23284849161795
LOC111137691,2.49015330878033
LOC111100197,-0.466932033974408
LOC111127192,-0.615640080101067
LOC111126324,-0.209330799521811
LOC111105367,0.196919623111638
LOC111102143,0.211900153178016
LOC111114677,0.593457960773706
LOC111104670,-0.280350415223732
LOC111108011,-3.46258373174769
LOC111132268,0.171637911474403
LOC111133160,0.00896136574048797
LOC111114467,-0.262760583502971
LOC111117507,-0.206641804719798
LOC111138518,-0.355326398229241
LOC111130556,-0.0972509406236721
LOC111138388,0.573832224591726
LOC111112920,0.774818995202562
LOC111126292,-0.336077851839399
LOC111118486,0.93640470060059
LOC111125907,-0.227552970609716
LOC111116983,0.225483275735479
LOC111119458,-0.978824819424074
LOC111125913,-1.95895141919955
LOC111102546,-0.445185593315476
LOC111114604,-0.374605086715348
LOC111136185,0.108309519272548
LOC111125837,-0.701033375707212
LOC111102468,0.56643452138491
LOC111125242,0.0648660832977407
LOC111135616,-1.88959525671358
LOC111118492,-2.17215945554759
LOC111110582,2.32237714976055
LOC111129358,0.185350433305305
LOC111118709,-0.627250933913716
LOC111115244,0.616315873314887
LOC111111209,-0.347665910686871
LOC111122562,-0.0231352515878878
LOC111116412,0.426179076970879
LOC111108362,-2.58671739637163
LOC111104864,1.48808357830739
LOC111113808,-1.35236365912142
LOC111120642,0.0568421306343459
LOC111136612,-1.55470876305103
LOC111116258,0.268999814822801
LOC111104729,-0.0049475401695453
LOC111117151,0.0786258499023127
LOC111125803,-1.39870251994908
LOC111137367,-0.617365296980784
LOC111125359,-0.55594290922774
LOC111133846,0.146185635850099
LOC111106038,-3.35662836161164
LOC111124056,0.0941534576184874
LOC111115653,0.25147792309431
LOC111137145,-0.61815350197936
LOC111131717,-1.45559967396083
LOC111132962,-0.859314553662891
LOC111103195,0.18123189515161
LOC111136748,0.125299735021537
LOC111113637,0.152579428244585
LOC111136352,1.05539533740632
LOC111105744,0.567850185659287
LOC111119613,-2.42865840129984
LOC111126152,-1.11672336314898
LOC111125241,-0.384637116273365
LOC111108254,1.00031822176705
LOC111108066,-0.0966097438779975
LOC111102411,-1.09400363067578
LOC111131666,-0.381311929388931
LOC111121288,0.305552686909088
LOC111131613,-1.89852479347192
LOC111118264,-0.460248143190238
LOC111125942,0.257208906393414
LOC111136248,-0.907738490548851
LOC111121323,0.644851687441677
LOC111138298,0.139999750690087
LOC111121102,-0.407258867891105
LOC111115824,-1.11415235619367
LOC111126658,6.11821561723791e-06
LOC111105243,-0.521109550846127
LOC111109885,-0.0152558934354023
LOC111134946,-0.348495402653488
LOC111100661,-0.159214520960242
LOC111129484,-0.359441699051553
LOC111108255,1.31498528299815
LOC111135969,0.874646880584612
LOC111134456,-0.752999316736874
LOC111112951,-0.0395209226623874
LOC111136230,-0.554220634161301
LOC111133546,-15.4628292081626
LOC111108455,-0.46919728205761
LOC111116744,-0.165473655901828
LOC111133128,-1.43387888483253
LOC111131423,-4.14257718082337
LOC111123443,0.148318219832212
LOC111133069,1.25473702982714
LOC111127650,-0.0643713190339169
LOC111117868,-0.118217392563446
LOC111101947,0.0824388247334894
LOC111121420,-0.267084836649691
LOC111100011,0.250063928066998
LOC111133172,-2.72950950254342
LOC111126851,-2.27255452050814
LOC111123183,-0.265116353692103
LOC111116415,0.151792637933418
LOC111113595,0.0591136105605613
LOC111113168,-4.84321646467086
LOC111118711,-0.372529461782032
LOC111099721,-0.139692534385477
LOC111107565,-0.0337674792196602
LOC111124342,-0.132642328101998
LOC111130416,-0.368630574952768
LOC111133694,-2.72217360904415
LOC111127452,-1.07826365259353
LOC111099882,-0.175421121796418
LOC111114461,0.376200965771439
LOC111105394,0.646704620552669
LOC111121463,-0.395210476058328
LOC111132296,-1.17787749359335
LOC111136541,-0.204389175689366
LOC111135302,-0.608786716975025
LOC111099127,-2.26328374504533
LOC111133285,-3.83109993469885
LOC111135752,-0.325847485839108
LOC111110350,-1.02034480554493
LOC111121541,-0.619646992770775
LOC111103962,0.571111776529421
LOC111136751,0.609763327722797
LOC111129306,-1.91919773300245
LOC111133462,0.0670370138241521
LOC111130828,-0.428877123279195
LOC111137159,-0.347505398966436
LOC111125057,0.129394579080022
LOC111126409,-0.100824535122277
LOC111109395,-0.0119420931333727
LOC111110861,-0.242479888561729
LOC111127862,0.108968198596472
LOC111125318,-1.49439381624319
LOC111121068,-0.297008731689232
LOC111127905,-1.08495324766154
LOC111131255,0.0534627156955288
LOC111128756,-0.0723892027784424
LOC111123659,0.779455767481229
LOC111135843,-0.978995508427327
LOC111116905,0.152027079595647
LOC111136424,0.186523856763628
LOC111122314,0.157793053854222
LOC111108432,-2.01374433359696
LOC111134517,-0.623579949093768
LOC111103275,-0.455867139345204
LOC111100080,-0.284689017928171
LOC111104734,-2.14201769218932
LOC111109954,-0.35257591335602
LOC111102253,0.127535298297745
LOC111108994,-3.51660351003068
LOC111130302,-0.0470401986504765
LOC111106023,-0.798039167645165
LOC111130832,-0.131500961951618
LOC111111238,-0.329338912155847
LOC111101492,-0.29322497113513
LOC111104484,0.137608744562606
LOC111131441,-1.78493637312131
LOC111104481,-0.0372366630103594
LOC111116273,-1.68697933099363
LOC111099556,0.237761784267187
LOC111134378,-0.199919308219283
LOC111116777,-0.618601608168132
LOC111108973,-0.142077075915559
LOC111133015,-0.493625532994658
LOC111107228,-2.48076735547957
LOC111099635,0.331041083695884
LOC111118282,1.1105702376764
LOC111127357,-0.0628507957522969
LOC111112590,-0.0132908111876862
LOC111126046,-1.3189684211959
LOC111137149,-0.932841406310344
LOC111126045,-0.51451412364588
LOC111120654,0.680896699149232
LOC111120655,-0.068534109586853
LOC111111519,-1.79436585238704
LOC111105742,-0.178893563528908
LOC111124683,-0.131412221120522
LOC111108549,-0.422899269776643
LOC111132897,0.281605680752085
LOC111108938,-0.295712833197917
LOC111111739,-0.250572077035633
LOC111111913,-0.55049126393747
LOC111119213,0.14588424178538
LOC111122986,-0.593004040531606
LOC111126830,-0.110810576851261
LOC111103422,-0.172954661499223
LOC111114039,-0.399351341819226
LOC111130660,-0.146186779071708
LOC111109481,0.883475964249757
LOC111102162,-1.07451832107729
LOC111106035,0.265589898988446
LOC111103005,-0.0180203330114731
LOC111119418,-0.0568840007366993
LOC111130970,1.67851301227269
LOC111110708,-0.057609146918748
LOC111121191,1.50643709676391
LOC111103058,-1.87680094016059
LOC111110087,0.285776281076944
LOC111128518,-0.0420987238900631
LOC111135168,-0.0877285324858435
LOC111100855,-4.20352321717827
LOC111127651,-0.217116660429385
LOC111106085,-0.301220222217067
LOC111123878,1.19993852822435
LOC111110012,-0.627310932556261
LOC111129176,0.170189419133129
LOC111101136,-2.36297623563793
LOC111104825,-1.28057674405582
LOC111106139,-0.156741184187394
LOC111122530,-0.0364524297522567
LOC111120705,-3.8713290780212
LOC111133767,-1.42698709109355
LOC111132570,-0.12403141113442
LOC111107932,-0.838897268320455
LOC111131432,0.407060515977538
LOC111134336,0.437560070458915
LOC111124255,0.0638151613828198
LOC111113890,-0.424452654869641
LOC111134611,1.57667200566219
LOC111099656,-2.12249347637031
LOC111129777,0.0927236267959603
LOC111126973,-0.404963924656803
LOC111106803,-0.0458027552631376
LOC111104400,0.337545152180361
LOC111112427,0.79103576052563
LOC111132362,-0.0139319281212433
LOC111101434,-0.296945899834797
LOC111128600,-0.3006271443961
LOC111105429,0.506462310971162
LOC111100018,0.0372583103684187
LOC111126298,-0.218543428009222
LOC111129146,-0.821401131731315
LOC111132682,-0.965192788310233
LOC111099924,-1.66088517454998
LOC111118015,-0.130832328700767
LOC111119057,-1.6330453394653
LOC111136414,-0.178450816156294
LOC111113599,-0.41158687103369
LOC111105298,-7.80930672236386
LOC111133824,-3.60961735070593
LOC111114466,0.381635619066607
LOC111099547,0.865283937398908
LOC111127972,-0.538229702913334
LOC111120046,0.833537695870011
LOC111132904,0.0478839824717356
LOC111102600,0.438059375620142
LOC111132878,-1.22510786043001
LOC111130432,0.3758494525924
LOC111120128,0.6867607079798
LOC111119501,-0.137047484950399
LOC111124306,-2.35657648178971
LOC111103093,-0.24236287615797
LOC111118615,-0.999362830496836
LOC111112942,-0.182486281412848
LOC111111220,0.289510049144203
LOC111137081,0.209129961718192
LOC111106938,-0.467850285927404
LOC111120794,1.03521584365311
LOC111124120,0.0184727470435701
LOC111134396,-0.764382823083739
LOC111136463,0.13468510125627
LOC111133039,-0.616745748432949
LOC111138028,-0.206338991793223
LOC111134733,0.10742018051358
LOC111107322,0.135457878864379
LOC111123295,-0.231281136920079
LOC111121444,-4.08254162538607
LOC111118496,2.16939496921138
LOC111114469,-0.589587054228265
LOC111133235,-2.18100279610431
LOC111103169,0.0971505779883697
LOC111104446,-0.262054480013351
LOC111099558,0.401990433466092
LOC111110568,-0.681119842194105
LOC111113891,-0.583037903141746
LOC111136256,2.58445650154305
LOC111128044,-0.285742255299206
LOC111114450,-0.906292186058498
LOC111134106,0.311288663168684
LOC111134789,-0.395869011026213
LOC111126728,0.41651427388698
LOC111118437,-0.174672279153309
LOC111138013,0.630501057991148
LOC111125783,-0.073771414529382
LOC111129014,-3.07010639410336
LOC111133419,-1.91743049045673
LOC111099099,-2.1335010820941
LOC111100034,-1.35341850923955
LOC111131020,-1.27305248260756
LOC111121621,1.54003759654767
LOC111128845,-4.62459076073478
LOC111105845,-0.0534326850455557
LOC111102451,-1.14645309543826
LOC111124951,-0.60490054246209
LOC111111167,-0.55389213271994
LOC111125512,-1.7821195600894
LOC111119468,-2.59664220350284
LOC111128610,-0.126858330589824
LOC111132668,0.307112860121475
LOC111107284,-0.414291221043973
LOC111134003,1.30304637926487
LOC111128034,-0.307039214574901
LOC111119748,-0.330555445885561
LOC111127461,-0.594635900689423
LOC111112370,-0.264312939907006
LOC111115203,-0.0709147110547485
LOC111130323,0.0789599330456595
LOC111107309,-0.6792013546375
LOC111103855,-0.139549435331661
LOC111132711,-2.3259108093375
LOC111134632,-0.31753142568153
LOC111118712,-0.219170685655265
LOC111105799,0.0174264570376219
LOC111123354,-3.7400379067705
LOC111113958,1.03691801425622
LOC111137039,-1.13354321516117
LOC111126300,0.272361710989954
LOC111100104,1.28072382019076
LOC111129315,-0.602953877360158
LOC111119560,-0.299091832747832
LOC111133611,-0.502541693835291
LOC111128364,0.0961703433874073
LOC111121519,0.377193837962178
LOC111137452,0.771697345869146
LOC111100101,-0.196078147386667
LOC111115410,-0.123313421284549
LOC111126589,-0.117302005903754
LOC111136586,1.94796944555507
LOC111113264,-1.52671979296577
LOC111105802,-0.153226361233859
LOC111112893,-0.174769034511139
LOC111110684,-0.00540191896759519
LOC111104978,-0.0505492801303657
LOC111104013,-0.646126304389345
LOC111106468,-2.61928221251706
LOC111119485,0.276961018812057
LOC111103230,0.186899957217164
LOC111110821,-1.25811922364245
LOC111130889,-0.373695117326077
LOC111107711,-0.764558537029365
LOC111136968,4.82254156596781
LOC111136675,-0.186222256148741
LOC111120120,1.56660981982974
LOC111121360,-0.572751391041808
LOC111118297,-0.467023712977177
LOC111103740,-2.23283463837854
LOC111108396,-0.176896062850195
LOC111137549,-0.799400871530066
LOC111133966,0.336991941275374
LOC111129589,-0.025110491593417
LOC111106936,1.198043628579
LOC111117744,-1.93569421324941
LOC111104474,0.124048454190338
LOC111107296,1.61286344630755
LOC111125198,0.0747526330527007
LOC111117881,-4.75218805597481
LOC111119848,-1.94109660294629
LOC111103071,-0.21923594433473
LOC111134748,-0.737278453679625
LOC111131568,0.240209039894791
LOC111112624,0.978138126641124
LOC111128754,-0.753738535563832
LOC111111161,-0.253326132593408
LOC111134441,-2.68757152841462
LOC111125912,0.0221680286444742
LOC111101744,-0.603221882332831
LOC111123692,-0.00663702569907931
LOC111106269,-0.214268909623203
LOC111134619,-0.0626572018523444
LOC111107881,0.421613673258787
LOC111124118,0.153133018139129
LOC111106100,0.798223351720009
LOC111109321,-1.34297070744587
LOC111124807,0.473814690679931
LOC111131588,-0.436694642707899
LOC111102781,-0.797924224676194
LOC111105879,-1.54185272582485
LOC111118386,1.35800833557266
LOC111120526,-3.02766799343876
LOC111136626,0.0426282324013517
LOC111127940,-0.266694200995642
LOC111118752,0.406418137458008
LOC111118207,0.190378145601554
LOC111123485,0.952262551948594
LOC111102595,-1.23866490204888
LOC111138040,-1.37219096299862
LOC111103963,0.7033435804293
LOC111118864,0.858809671848646
LOC111105398,-0.465767404022707
LOC111132169,0.0513634218209478
LOC111119332,-0.132465591882125
LOC111108576,-0.155983168713205
LOC111128933,0.114890790967212
LOC111126118,-0.341457573711133
LOC111137181,-0.0679658527585874
LOC111127468,-3.61529452277493
LOC111122527,-9.50059515052968
LOC111121246,-0.117350039672273
LOC111115839,-0.742673807697939
LOC111110823,-5.23255353856119
LOC111130805,-0.131132821214421
LOC111137169,-0.812286639106171
LOC111118982,-3.00150331740315
LOC111125214,0.600873279297013
LOC111108326,-0.385749427136395
LOC111115782,-0.624002223934403
LOC111099896,0.342715168410527
LOC111127425,-0.192646091338606
LOC111123839,-0.969609131838253
LOC111131616,-1.61153315842182
LOC111102388,0.640076917093095
LOC111104790,-1.17325173882591
LOC111126308,-0.0496288722751693
LOC111138178,0.165958950214523
LOC111118305,-0.639185411601577
LOC111137916,-0.0278779254788554
LOC111131594,0.013122055397153
LOC111121628,0.337809138411575
LOC111119336,0.332074785948228
LOC111137506,-0.183992868462781
LOC111113537,0.291303387621745
LOC111135626,0.048266533350744
LOC111111401,-1.81674034613895
LOC111114903,0.253961530117219
LOC111135210,0.0878748016655343
LOC111110844,-0.442805902453569
LOC111106753,-0.349338686350436
LOC111138213,-0.0758093880865843
LOC111113104,-0.569968011220418
LOC111106774,1.5215960545351
LOC111105835,-2.29094765025797
LOC111131017,-2.79643607055536
LOC111107479,-0.214517126139335
LOC111105617,1.0920832307996
LOC111112533,-0.0215751158995787
LOC111099585,-0.526516496513626
LOC111123733,-0.867902451716357
LOC111130046,0.042534096262558
LOC111121365,0.0015977094618497
LOC111106424,0.0377228211406033
LOC111119263,0.369026925365144
LOC111125131,-1.126291153104
LOC111135791,-2.17944402261117
LOC111111156,0.528126866565302
LOC111129300,-0.672960987767716
LOC111126110,0.235262337065114
LOC111102374,-3.55132109961689
LOC111102819,-0.624311167806588
LOC111104793,-1.15908751817125
LOC111128311,-1.47714586814243
LOC111125203,0.35070634810049
LOC111124627,-0.234116219441809
LOC111131596,-1.90051236773934
LOC111118810,-0.636977821961759
LOC111116705,0.239640772512866
LOC111118947,0.480658290229237
LOC111103080,-0.000257244838306387
LOC111132780,-0.939877699430905
LOC111105859,0.816005360330097
LOC111118089,0.205515682396262
LOC111112022,0.167962060698352
LOC111101182,-0.854846853901217
LOC111115726,-2.79696554641056
LOC111117613,-1.70170366787149
LOC111108183,0.814603036655095
LOC111114174,0.608538457041288
LOC111101308,1.26667475405157
LOC111106885,0.623902187793152
LOC111128732,-0.169844914100596
LOC111125494,-0.292287794893646
LOC111130329,-0.159933224981581
LOC111131504,0.362880003455996
LOC111122636,-0.939050763946563
LOC111136828,0.432068695981619
LOC111136325,-0.182130339253037
LOC111134099,0.585565069145095
LOC111128302,-0.752269902835783
LOC111103555,0.0381792945281136
LOC111126197,-0.588957632437796
LOC111124744,-1.2034018799609
LOC111113136,-0.691180115854646
LOC111136567,-0.50758174649906
LOC111100616,0.301495942441681
LOC111102988,-0.763117114823921
LOC111113206,-1.05896615956452
LOC111135664,0.315882641245603
LOC111117786,-0.221370742282914
LOC111118439,-2.86533556597126
LOC111121655,3.70902521132637
LOC111105767,-0.164432550203298
LOC111124392,-0.380627713427707
LOC111124711,0.352172918680583
LOC111121056,0.0322556476032177
LOC111128862,-1.62844660987743
LOC111137655,0.545098672070945
LOC111122852,1.12841248971036
LOC111119227,-1.31904281814235
LOC111126119,-0.435155574786087
LOC111128310,-0.479361871788481
LOC111135446,-0.815951859486324
LOC111104168,-1.90656693853016
LOC111134592,-2.70944679614638
LOC111128993,-0.341011484001911
LOC111138264,-1.62707639871847
LOC111106779,-0.131988271638985
LOC111109581,-0.991845003743782
LOC111130358,-0.221514934234762
LOC111110593,1.18549649349438
LOC111123249,-0.409158104536998
LOC111107432,0.554720643367293
LOC111134784,-0.0582183057428522
LOC111119473,-0.195022744326299
LOC111137342,-0.0983964124138089
LOC111106664,-0.221743329949658
LOC111123398,-0.394676390899777
LOC111113212,0.817900150153854
LOC111137984,-1.8521828383175
LOC111126670,1.06234295402275
LOC111131674,1.85078265116074
LOC111126527,-0.401578042242207
LOC111135785,-0.853993030443519
LOC111103866,-2.22979041290624
LOC111122650,0.759925015992261
LOC111136402,-0.0492151684380148
LOC111131802,-0.214552477622505
LOC111126623,0.325610110010584
LOC111125645,1.49985809676638
LOC111118535,0.565088865412397
LOC111126382,0.0645162472044947
LOC111120168,-0.0853930269356081
LOC111133748,0.840320883208893
LOC111125951,-1.598747938843
LOC111119851,-0.65071467146054
LOC111123179,-0.381596918809457
LOC111135226,-0.572148204672999
LOC111099193,1.13697435363951
LOC111133171,-0.154016213855732
LOC111129475,-0.0802335229739998
LOC111120771,-1.0444972043276
LOC111123232,-0.360185454624178
LOC111127828,-0.525069462314217
LOC111102426,-2.44416017738334
LOC111110564,-2.28722628688437
LOC111110333,0.122450127602264
LOC111134048,-0.225816281637068
LOC111102173,-0.519800642269629
LOC111132507,-0.453025008509309
LOC111138420,-0.109221724141329
LOC111104018,-0.193256208043906
LOC111122851,2.15665107888089
LOC111105175,-0.290826356007824
LOC111120700,0.395200948225887
LOC111104642,-0.889563029182357
LOC111135162,1.59958291708689
LOC111125491,0.0068312916054775
LOC111107816,1.10200308119049
LOC111113980,-1.0374615479921
LOC111111580,-0.339510034713131
LOC111126782,0.07591550642255
LOC111116595,-0.242039230220183
LOC111103378,0.168587261408554
LOC111108379,-0.445020503596158
LOC111108692,1.49197639339612
LOC111109756,-0.0481350898821223
LOC111099470,-2.4168406146418
LOC111107191,0.631387115690077
LOC111119162,0.108436659088634
LOC111111950,0.266459189863342
LOC111103225,-1.20650263220904
LOC111108813,-0.358710792995138
LOC111135643,-0.925583174682319
LOC111133414,0.534452644661818
LOC111121283,1.00518563241023
LOC111114355,0.220439522438239
LOC111123635,1.292257959722
LOC111106681,-0.265444003067078
LOC111133125,0.112173612226459
LOC111113338,0.476869189434598
LOC111129029,-1.56285657755448
LOC111114087,0.644265926558036
LOC111122649,-3.30448650422526
LOC111129817,1.21319443891761
LOC111102710,0.227231979901595
LOC111119351,-0.734425739863852
LOC111134346,1.65559369573416
LOC111128544,1.07531620936797
LOC111116875,0.0214510129247029
LOC111120055,-1.3864833939962
LOC111136407,-0.320604057167601
LOC111112016,-1.75530386163157
LOC111110067,0.352966368959649
LOC111134248,-0.44108294221444
LOC111101057,0.196357853869031
LOC111116285,-0.0688644495059099
LOC111126904,0.465042747665366
LOC111135835,0.519938864147915
LOC111114686,0.144122962174023
LOC111122727,-0.547604604337984
LOC111128692,0.3163849157068
LOC111112616,-0.928280456131146
LOC111104688,1.11404023637619
LOC111126212,0.876590432275508
LOC111101551,0.620307348352163
LOC111117741,-0.882413369559132
LOC111111321,0.0600559435959605
LOC111109511,-0.741559089817739
LOC111133774,-0.0888158666047777
LOC111123262,0.406532103110983
LOC111104860,-0.293812269407439
LOC111117836,-0.221619270473497
LOC111130992,0.378987756673173
LOC111120638,0.47508629311882
LOC111111109,-0.195350743167485
LOC111108058,-1.11894807754843
LOC111121155,-0.0545137079545436
LOC111110851,-0.0388944607188534
LOC111117391,-0.952772692455566
LOC111101466,-3.12816026367615
LOC111120698,0.181451017026876
LOC111138304,-0.810251285264671
LOC111114955,1.03459695724568
LOC111128125,-1.28376300097154
LOC111138055,-0.527142986009852
LOC111125011,-0.108420057270768
LOC111120167,0.200999377602057
LOC111100444,-0.698012866066833
LOC111123645,-0.175572999969407
LOC111114919,-0.0497140978289918
LOC111102815,-0.724086367436106
LOC111125976,0.56250595887337
LOC111113092,0.823607325510723
LOC111104149,-2.71935969034394
LOC111116845,-0.00258068553929226
LOC111119698,-0.0935389375221816
LOC111132948,1.51181863591881
LOC111129503,0.215125622155637
LOC111134531,-0.685919122807785
LOC111104386,-0.32175944671736
LOC111100307,-0.763744870082112
LOC111118221,0.336012607711846
LOC111121299,-0.776030334201164
LOC111111917,-0.418251626092683
LOC111131188,-0.415531660630684
LOC111133938,-0.998060273421279
LOC111117809,-0.0721732678333617
LOC111128855,0.038407406856867
LOC111135617,-0.039084171213179
LOC111117746,0.636720258513936
LOC111125367,-3.40593531107396
LOC111125832,-0.394480758702366
LOC111102344,-1.30638940601002
LOC111132693,-0.658190717452334
LOC111132035,-0.613168565806762
LOC111135509,-0.200808189383049
LOC111135820,0.314028804703111
LOC111105739,-0.717779252906526
LOC111111318,-0.142023846442706
LOC111129565,-0.29520570062392
LOC111134265,-0.147716063538576
LOC111135233,1.19575043308872
LOC111106274,-0.0222101687706257
LOC111127091,-0.117843930837426
LOC111125502,0.45983500938479
LOC111112691,-0.257354123906853
LOC111118377,-0.75600941593557
LOC111132201,-0.241938205256164
LOC111135604,0.916805563311865
LOC111103444,-7.5271866848221
LOC111119469,0.0557561371135138
LOC111117278,-1.27618600148822
LOC111123273,0.01335511508559
LOC111135120,0.268144183224358
LOC111108722,-4.67102130319911
LOC111130162,0.90493424960587
LOC111122521,-0.109708205632657
LOC111105900,0.466851896479472
LOC111120179,-0.153563083279501
LOC111119916,-0.699927957342846
LOC111117971,-0.250344958805363
LOC111110420,-0.457494234535771
LOC111109218,0.546387181696964
LOC111110885,0.0428364640214643
LOC111137660,-0.450414981051057
LOC111103046,-1.0361931548386
LOC111100638,-1.41691532747681
LOC111128939,0.0161245308606074
LOC111137860,-0.620069695057478
LOC111104254,0.51252576100259
LOC111101789,-1.09995637627368
LOC111101249,0.100348867160234
LOC111123770,0.0785487560887345
LOC111101707,-0.503617971036384
LOC111106780,0.285172484669096
LOC111134103,-0.958708180666128
LOC111108748,-0.266065955336632
LOC111108428,-1.61887859397327
LOC111120637,0.0464929093597334
LOC111101153,-0.147547188224352
LOC111135400,0.260839035644672
LOC111126878,0.516870206697278
LOC111120960,0.332907889830789
LOC111119205,-0.75358509124652
LOC111132070,-0.10656324655616
LOC111103593,-0.732690227223661
LOC111121608,0.190820744708094
LOC111109258,-0.298200167154569
LOC111112204,-0.306919571870788
LOC111125723,0.32233951957325
LOC111105225,-0.0320402182112293
LOC111128116,-2.42215513358581
LOC111107326,0.00425990293484025
LOC111114608,-0.200612011288545
LOC111136167,0.0874515357973175
LOC111100429,0.918170400938109
LOC111125850,-1.76189686925003
LOC111100346,-0.109620285324782
LOC111132977,-0.408864544116705
LOC111115003,0.778856159273105
LOC111128163,0.111472036036975
LOC111100860,-1.06730339327789
LOC111122576,-0.284588681589785
LOC111108309,-0.190972273070186
LOC111117924,-0.452848415012863
LOC111122917,-1.44487200802314
LOC111130483,0.0167308026538507
LOC111114452,-2.34652893371019
LOC111126752,-0.337795900193644
LOC111122302,0.533178930517362
LOC111114012,-0.834921250545658
LOC111121587,-0.112881980036397
LOC111124528,-0.537306786462453
LOC111100274,0.281783216028975
LOC111132157,-3.17343842205877
LOC111126317,0.0502330365172024
LOC111119881,-2.2026142694841
LOC111128861,0.0901064865601509
LOC111134174,0.233191899324561
LOC111109121,-0.218865764004783
LOC111137859,0.431131172626527
LOC111119373,-1.63648322013334
LOC111125329,-0.0763765302680077
LOC111109620,-0.227772461725958
LOC111115062,-0.327216705559113
LOC111124093,-0.235183255058783
LOC111107787,-0.439369880436268
LOC111121566,-0.0979535595232899
LOC111123119,-0.529488999189537
LOC111110657,-0.746627350686253
LOC111138109,-1.10914767151582
LOC111130850,-0.2434638663479
LOC111106064,0.168938444890425
LOC111111197,-1.28888681123661
LOC111130956,-0.374960153284858
LOC111131414,-4.11237329021905
LOC111118425,0.480760895330524
LOC111100431,0.735228499716515
LOC111138492,-6.07542883310706
LOC111138490,-1.02876759269294
LOC111104306,0.0555693037387152
LOC111102296,-1.03779069846794
LOC111120999,0.425879218356087
LOC111106822,0.517358507707264
LOC111116447,-0.568966715612539
LOC111118229,0.120358891933189
LOC111130866,-5.58059746154614
LOC111130196,-0.420131507460005
LOC111114591,-0.489596982333449
LOC111116358,-0.439521040653145
LOC111117252,0.0328116429562814
LOC111137869,0.601451169951463
LOC111126146,-0.124644515551491
LOC111136811,0.299869366434384
LOC111137191,-0.218500852084118
LOC111115665,-0.155588118489494
LOC111119809,0.0112254881702214
LOC111129087,-0.516822612827362
LOC111106689,-0.859898960782796
LOC111121825,-0.197863150987187
LOC111102044,-0.69998005138928
LOC111128496,-1.51696193055566
LOC111109860,2.16344243516986
LOC111121207,0.147265306962915
LOC111114201,1.24529335127934
LOC111114501,1.62141551437272
LOC111126799,-0.424464703013669
LOC111132817,0.062343940633248
LOC111134967,0.163884679751086
LOC111136285,-0.476186441096313
LOC111105728,-0.0651514615517542
LOC111135177,1.33337966081896
LOC111130642,-1.73131362934893
LOC111113326,-0.979870567821609
LOC111101120,-2.52821734925866
LOC111108505,0.0718506595236898
LOC111129994,0.225569176093758
LOC111128527,-0.166459427863544
LOC111118948,-1.0437743476863
LOC111123868,-1.5059999306558
LOC111105453,-0.40254620981139
LOC111130184,-0.110199702033109
LOC111100457,-1.29695976767994
LOC111101039,-0.156058269016829
LOC111103789,0.188187099713433
LOC111106943,-0.197022815066296
LOC111101541,-0.192020777243294
LOC111118854,-0.183854902050042
LOC111110433,0.198152182072621
LOC111111501,-3.71240734422459
LOC111115136,-0.00627714640197232
LOC111137432,0.695374177177319
LOC111122689,-2.29161918632941
LOC111131275,-0.217579531789913
LOC111136064,-1.30306467025218
LOC111128910,-0.61980269137125
LOC111128693,-0.221797243190957
LOC111113508,-0.320139210867658
LOC111101175,-0.588904073600543
LOC111102146,-0.270681961483306
LOC111124300,0.145324508423641
LOC111126885,-0.0669311094634916
LOC111115500,-1.92372715446329
LOC111113178,-5.64828499376523
LOC111107030,-0.246055821088665
LOC111100651,-1.02143803353863
LOC111125273,0.4245300652068
LOC111136378,-3.38598870502523
LOC111101353,-3.1045826664874
LOC111112272,-0.327321720650218
LOC111128890,0.772523406652559
LOC111138393,0.613849497597215
LOC111118723,-0.218202524466722
LOC111103936,-1.08390862516622
LOC111102539,-0.222726125669225
LOC111136487,-0.120483242766331
LOC111101701,-0.26009282040631
LOC111116628,-0.570053861791302
LOC111123794,-0.659654550121357
LOC111112360,-0.637211479584239
LOC111133471,-0.0254165560536646
LOC111125572,-2.4176185847626
LOC111127394,-0.353643752113741
LOC111113904,-0.374336429408007
LOC111100647,-0.0360662347964373
LOC111134374,0.334901182827579
LOC111103799,-0.00319230866881967
LOC111104281,1.7984651300231
LOC111133207,-0.0516142350041348
LOC111128549,-0.247839928964315
LOC111132109,-1.00489455467981
LOC111104156,-0.339813383975941
LOC111114462,-0.453424662187838
LOC111130431,-0.33022970209184
LOC111129129,0.240923981679637
LOC111121752,-0.523154657232588
LOC111130423,0.189833090264586
LOC111135416,0.535738376078283
LOC111127856,-3.47095496583854
LOC111135313,0.327371613604135
LOC111112636,-1.19669451730511
LOC111133210,-0.070603220431939
LOC111116926,-0.369516360887695
LOC111118753,-0.0185186612618611
LOC111132141,-2.10636254402005
LOC111102833,0.779721081768776
LOC111119562,0.166086282450015
LOC111117028,0.775660853343177
LOC111104590,2.75931242710471
LOC111112057,1.08093033721672
LOC111120862,-2.22216389354979
LOC111123492,-0.00162957003994715
LOC111128101,0.964050958264911
LOC111114654,-0.215779202690813
LOC111124536,-0.0493911249235739
LOC111122918,0.971977264343765
LOC111120897,0.0886101348729836
LOC111106917,-0.724682429465271
LOC111126926,-0.501616278281703
LOC111136642,-1.62119915532756
LOC111107659,-0.0117824675684504
LOC111125884,-0.189349855573095
LOC111119341,0.774841825672843
LOC111135624,-0.288540906969948
LOC111134480,-0.103773879270015
LOC111132905,-0.0876601970720583
LOC111101725,0.271332864730369
LOC111115456,-0.179574706005571
LOC111137721,-2.24931960143117
LOC111121548,-0.384854039814927
LOC111134424,0.295354529084993
LOC111100010,0.549180490656382
LOC111119640,-3.50882278747971
LOC111107093,0.332116496796737
LOC111112888,-1.73485013357966
LOC111136777,-0.072172951255469
LOC111100041,1.09635592473746
LOC111100926,1.05243926708014
LOC111122857,-1.69431532972459
LOC111120855,-0.99814076919073
LOC111119006,-1.99141080149336
LOC111107058,-0.565846956131536
LOC111134503,0.38430901383223
LOC111124813,0.448673090080526
LOC111108212,-1.29883679876006
LOC111106639,1.84420637064243
LOC111127021,0.257005113902334
LOC111102385,0.647624514135814
LOC111125458,-0.0870731715652985
LOC111105158,-2.56418404947754
LOC111103338,1.88089534282994
LOC111136935,0.359762879845692
LOC111134605,0.525517605129979
LOC111137586,0.168587165481892
LOC111132925,0.207122064755782
LOC111137494,-1.42392090077902
LOC111106171,-0.860150691889269
LOC111123151,-1.57855155432338
LOC111128306,-1.57890840740618
LOC111131292,-2.25113704905134
LOC111132195,0.629291907435473
LOC111110173,0.0811904345701679
LOC111127436,0.0111452324630031
LOC111121220,0.254637423178207
LOC111138394,-0.647483061868745
LOC111138318,0.358518246398056
LOC111129976,-0.176061715663595
LOC111112112,0.682884533093708
LOC111129310,-0.178896890859786
LOC111100410,0.395583567859283
LOC111120627,-0.261239308991942
LOC111138210,0.113193484693941
LOC111128484,0.0655209077613767
LOC111125489,-0.245250785789822
LOC111101365,-0.8434447882346
LOC111100559,0.697001907797957
LOC111125202,-0.58933276064824
LOC111130580,0.13407685993273
LOC111130461,-0.261886642641573
LOC111123144,0.338909233305699
LOC111135332,-0.56233764567934
LOC111131853,-2.20481727774105
LOC111113970,0.0438787013346074
LOC111124234,-0.289490864021171
LOC111123831,-0.529528172836359
LOC111114212,1.71284561362889
LOC111117735,-0.369299891106679
LOC111120025,1.02966568094579
LOC111110451,-0.226553878016678
LOC111128058,0.205389874603334
LOC111112448,-0.0889254039502496
LOC111100671,0.829703564839058
LOC111125851,-0.66390511847503
LOC111124867,-1.66005662621403
LOC111136387,3.84926755613251
LOC111102873,-0.506886370052071
LOC111124395,-0.335984654849395
LOC111132751,-0.0894665533361499
LOC111124324,-0.255782032437815
LOC111126230,-0.504641661766748
LOC111117678,-0.718894298943115
LOC111101754,0.180495146299843
LOC111133553,0.435861100802147
LOC111099881,0.218486134375035
LOC111112773,-0.69511915253932
LOC111109171,0.717051292964982
LOC111127374,-0.336180508334515
LOC111122584,-0.863623162350139
LOC111108551,0.506256342345136
LOC111131687,-0.332396503725964
LOC111100753,0.802681041648233
LOC111119486,1.32152134433277
LOC111138155,-0.550335691658062
LOC111125405,-0.791296672353782
LOC111113391,-0.262693226266165
LOC111133091,0.105319501300125
LOC111134319,0.268374369532694
LOC111109997,-0.568149326353726
LOC111099139,0.498166220935469
LOC111137696,-0.249560472619908
LOC111123452,-2.29097089632627
LOC111099821,-0.031673775755063
LOC111104232,-1.68627576550516
LOC111099038,-0.346909317668483
LOC111137677,-0.194834999036998
LOC111131240,2.03191170434933
LOC111109944,-0.3478298905841
LOC111102092,-0.126910302783549
LOC111133049,-1.2409541914642
LOC111123552,-0.648625281903086
LOC111107214,-0.123260209293178
LOC111125268,1.63448003431771
LOC111130696,-0.171039190471057
LOC111117771,0.979674896486244
LOC111125165,-1.12731881130615
LOC111133911,0.241054345599574
LOC111132050,0.0821506348404781
LOC111133333,0.670205017214088
LOC111100534,-0.225379745048557
LOC111112782,0.437884246393431
LOC111122807,1.06277166879434
LOC111125313,0.438482466966452
LOC111133267,-1.03175201857273
LOC111108029,0.254285807497233
LOC111134476,-0.182298482020613
LOC111131793,-0.199175972295361
LOC111123738,-4.97993437255523
LOC111135653,0.0826858541291095
LOC111104838,-0.612401856443277
LOC111124328,0.12016486208069
LOC111120809,-0.130871937434683
LOC111134993,0.0551659009539804
LOC111118327,0.074688597298264
LOC111121303,-0.0515921811605239
LOC111124715,0.259517810044869
LOC111124631,1.6561533241652
LOC111104749,0.516098719251729
LOC111126954,-0.760004871383117
LOC111105354,-0.202969655974085
LOC111108264,-0.319714465913686
LOC111119431,-0.419371661077952
LOC111099722,-0.251308006382489
LOC111132590,-0.265504482093979
LOC111102306,-0.134048414982012
LOC111131297,-1.74222358325324
LOC111119515,-1.10254821540159
LOC111109989,-0.172871686222059
LOC111138173,-0.851180073688822
LOC111130625,-7.0367587291804
LOC111120604,0.278996465554786
LOC111129077,0.232518788217606
LOC111117161,0.048829179270431
LOC111120661,-0.643691913580936
LOC111135850,0.702581110495815
LOC111129600,-0.391317648324827
LOC111125869,0.371352872239313
LOC111131844,0.677118775110921
LOC111131732,0.0471712162594048
LOC111119775,0.139290382223819
LOC111128826,0.224971918975444
LOC111127148,-0.310182633708188
LOC111125105,-1.1675070691358
LOC111137777,-0.310985256484128
LOC111100929,0.016292579128568
LOC111122777,0.236977104912961
LOC111116819,0.375938028352394
LOC111108088,0.0463864420584699
LOC111129700,-0.280376224292908
LOC111107138,1.84470561270732
LOC111126979,-2.77483521854096
LOC111128739,-0.450443711135113
LOC111115715,0.190580474762376
LOC111099569,-3.23723937800107
LOC111135937,0.0722894068728283
LOC111125000,-0.0174552428196702
LOC111136995,0.458729087232426
LOC111131828,-0.872472371038577
LOC111131455,1.16909368014691
LOC111100239,0.545519629713396
LOC111106013,0.460230341896355
LOC111114744,0.541682616922509
LOC111117931,-1.66220833999204
LOC111133437,-0.265297814195235
LOC111100167,-0.140039494574129
LOC111102989,-0.0454940664069408
LOC111107338,-0.11080526524985
LOC111122534,-11.0328674750346
LOC111128854,-1.51331797599322
LOC111132108,-2.03503362736779
LOC111127325,-0.817755032604795
LOC111114629,-4.4753739661501
LOC111120863,-0.0236141556204036
LOC111106923,-0.579325497539912
LOC111119305,0.112859080159604
LOC111137648,0.0823775394581459
LOC111103529,0.100230951411534
LOC111137619,-1.12713593674067
LOC111125115,0.0611751477062105
LOC111133073,2.25961045370686
LOC111130835,-0.612686951497128
LOC111109833,0.179248258002007
LOC111112683,-1.74688040581808
LOC111112817,0.142307170741391
LOC111112674,-0.452878224450748
LOC111134561,-0.216914204942554
LOC111129126,0.300278292145041
LOC111108606,0.60285056020739
LOC111108027,-0.549262314930902
LOC111119246,-1.08967016390601
LOC111105505,-0.225018889478935
LOC111129516,0.864628988405891
LOC111128430,0.685793348293774
LOC111113003,-2.15452230645321
LOC111126256,0.642878554575557
LOC111128360,-0.83708405366335
LOC111122665,-0.0691273971134638
LOC111106001,-0.347031616118523
LOC111114246,-0.261439728512283
LOC111119200,-0.130519043722586
LOC111114663,-1.08789491071555
LOC111118133,-4.28712323491363
LOC111137473,-0.0268808849049297
LOC111136444,-0.261283542839079
LOC111125943,-0.498280699141817
LOC111101545,0.399360131237888
LOC111112595,-0.583948651188808
LOC111134111,0.0156212535053123
LOC111102917,0.60319135111993
LOC111116091,0.0623449107875501
LOC111105362,-0.383297971773031
LOC111124561,-0.828087639681872
LOC111137265,-0.213393670567082
LOC111121229,-0.46390189374684
LOC111133458,-1.60973931421373
LOC111120225,-0.106959384866409
LOC111108332,-0.0879475003707145
LOC111099359,0.112708781658743
LOC111129868,1.02479900921486
LOC111135770,-0.099182927605443
LOC111126518,-1.00833994054363
LOC111116952,0.165209412379658
LOC111113582,0.127982863162408
LOC111102435,-0.490849099681799
LOC111135574,-0.340959425442532
LOC111099111,-0.00176769174296627
LOC111117871,-0.205583810435528
LOC111122587,0.728593428449345
LOC111124726,-0.0912614302483491
LOC111121630,1.32753553704597
LOC111119127,1.1370461917632
LOC111120353,-1.028144885303
LOC111110536,-0.202895720472125
LOC111101191,0.464641589128291
LOC111134429,-0.288850936578851
LOC111126795,-0.0431241154736216
LOC111135505,-1.37822701668311
LOC111118169,0.0638258561059825
LOC111134291,-1.56980400161903
LOC111136531,-1.74856493334799
LOC111107402,0.523326275177165
LOC111118592,0.966443593066713
LOC111131486,-0.449263245215432
LOC111102179,0.308520863592401
LOC111099514,0.716535037729021
LOC111134763,-0.585411022276567
LOC111132611,-0.82275790491606
LOC111110627,0.000641702537302013
LOC111131621,0.916360841524839
LOC111120381,-0.42932547286079
LOC111110275,-1.55989602569934
LOC111105379,0.363031021685206
LOC111107351,-0.0831471401732506
LOC111129694,-16.8653064719261
LOC111119758,0.56347286538255
LOC111124540,-0.672923743105027
LOC111129841,1.72481170411191
LOC111119683,-0.911064420308208
LOC111100992,2.4337208577952
LOC111131623,0.506000552954525
LOC111133660,3.56009870458345
LOC111101884,-0.715061545255612
LOC111105039,0.536187527369789
LOC111134463,-6.51143820094636
gene38282,-0.264564474815874
LOC111100539,0.481025611338056
LOC111126829,0.0433718511399806
LOC111106265,-0.0623557215875766
LOC111118630,-0.451237031626071
LOC111118241,-0.503269135573788
LOC111127870,0.510491013688406
LOC111108115,-0.29084421237069
LOC111102623,-0.257546995459463
LOC111137237,0.20223842674721
LOC111117531,-0.899616921314074
LOC111102677,-0.278535843821374
LOC111125856,0.140154032825328
LOC111104138,0.54861381847155
LOC111122517,-0.288597644680774
LOC111104982,-0.38381237283058
LOC111118702,-0.294991360017815
LOC111127119,-0.267127933286946
LOC111103214,-2.78054890458694
LOC111106448,0.261854766818891
LOC111117820,-0.648206606153833
LOC111130145,0.222256051507821
LOC111104096,-0.0777552450573882
LOC111120920,-0.0616165246715553
LOC111103767,-0.595743847230744
LOC111101794,-0.0763613703150854
LOC111112086,0.0404880493459919
LOC111118719,-0.0902916877372809
LOC111103901,-0.345223887120712
LOC111110572,-0.257769390430265
LOC111123366,-0.195312671586749
LOC111136263,-0.442360958953559
LOC111136266,-0.273354972110571
LOC111133305,-0.247682361249563
LOC111132047,-0.614586033426418
LOC111108492,-3.07907909989321
LOC111117984,-1.43031139283193
LOC111136127,0.33444823123097
LOC111119144,-4.84257059047656
LOC111134769,1.01813499944954
LOC111112412,-8.32410736055728
LOC111135647,-0.110002207675369
LOC111130783,0.755613164000737
LOC111114881,-4.31344276679276
LOC111130984,-1.01776936377164
LOC111100369,0.308658483917816
LOC111111214,0.0438120693041949
LOC111126839,-0.214281120626374
LOC111125205,0.758328074644248
LOC111110030,-1.54266944646104
LOC111115477,0.0126423705501064
LOC111128700,0.134620907496963
LOC111109260,-0.490205930223116
LOC111120810,-3.36506462549815
LOC111134406,2.66655334429596
LOC111108310,0.0238726092571252
LOC111114922,-0.470428584756647
LOC111107324,0.226735938784289
LOC111108649,-0.692802773482022
LOC111124873,0.576869505925804
LOC111138510,-1.31858128729923
LOC111117361,0.63588437663234
LOC111105566,0.191161415000903
LOC111117650,-0.586983965288023
LOC111116134,-0.0553046906767894
LOC111125677,-0.542777401690594
LOC111138519,-1.3700185928329
LOC111134027,0.695603875583246
LOC111137343,-0.497895968727958
LOC111125911,0.86864149467904
LOC111122897,-1.27476391763018
LOC111125145,1.1604124894445
LOC111124423,-0.202700192730847
LOC111121064,0.0708523043130479
LOC111129688,-0.477566429725719
LOC111117669,0.272077178158344
LOC111131503,-2.84086910859322
LOC111119346,-0.782733195952695
LOC111104551,-0.89689639611105
LOC111134933,-0.822717034903926
LOC111117748,-0.22857641578149
LOC111118748,1.00540443187016
LOC111133954,-0.776543692072924
LOC111126641,0.339532368377113
LOC111125263,-2.14561893951834
LOC111116895,-0.0393394459118342
LOC111124310,-0.065590351348868
LOC111119704,0.974537253875546
LOC111130072,2.28321978686794
LOC111106992,-1.94001269094145
LOC111099723,-2.39312905187934
LOC111136713,0.00560642080264641
LOC111137086,-0.18278422276484
LOC111119532,-1.11282117603275
LOC111134055,0.308739485496112
LOC111103590,-0.213597266748111
LOC111118701,0.339471056261941
LOC111117747,-1.50163736643068
LOC111133695,-0.0316336286123486
LOC111114800,0.389595548850406
LOC111137426,2.24310119659832
LOC111113323,-0.785427323031366
LOC111108243,-2.62449862681205
LOC111109631,-0.233338121536747
LOC111118195,-3.0020246530601
LOC111123360,-0.140917529771677
LOC111100082,0.950667996289658
LOC111102794,1.88044985868101
LOC111120482,1.51579360994844
LOC111115893,-0.293253032831907
LOC111118480,-0.931339857966274
LOC111100587,-1.42412333369971
LOC111129482,-0.0548880236252432
LOC111117188,-1.98751202629909
LOC111107930,-1.45803272464271
LOC111126479,-0.0679918950920188
LOC111131435,0.805739608104633
LOC111119292,-0.209938479577201
LOC111119296,0.161493448340848
LOC111103393,-0.0710166760086156
LOC111129019,0.543719360332126
LOC111138495,0.0151536581609421
LOC111109806,-0.96197385388799
LOC111121600,-0.0835093380477968
LOC111132868,-0.478734787704481
LOC111133854,0.238805217614662
LOC111100621,-10.177903483698
LOC111116023,-4.51489897040706
LOC111107462,-0.599781369700499
LOC111133261,0.0877700647263845
LOC111109329,0.130041983790011
LOC111136936,-4.60572219682397
LOC111106309,-0.113102045302052
LOC111106625,-6.83704354552389
LOC111120552,-1.46044520456653
LOC111120834,0.708316897086708
LOC111115346,-1.00823175438627
LOC111135023,-0.339430388532287
LOC111137806,-1.67557774730009
LOC111112515,0.0946517186009453
LOC111123482,-1.52145856965484
LOC111105173,0.0632986823714794
LOC111099559,-0.551780518514538
LOC111125544,-1.79777210120949
LOC111115522,-0.014680453950981
LOC111126845,-2.79649652541889
LOC111124089,-1.06981820143628
LOC111130102,0.255638373010308
LOC111104179,-0.442992218955808
LOC111119066,0.508312332773202
LOC111100562,-0.591106778967218
LOC111136231,-0.68830849356528
LOC111118627,0.246249158950267
LOC111106856,-0.0823406720287372
LOC111121334,-0.684989192576553
LOC111109479,0.203173977571704
LOC111124006,-3.09697562659783
LOC111108006,0.836724799194481
LOC111124013,-3.19502443805141
LOC111114786,1.01774008634852
LOC111121697,-0.487873559376273
LOC111125102,-0.130472502254056
LOC111120780,-1.82643083131356
LOC111130993,-5.68859458729582
LOC111138462,0.713691554990857
LOC111133334,-0.626336778863071
LOC111126379,-0.717415091497196
LOC111111793,0.00186370126666898
LOC111133264,-1.26957879523868
LOC111121322,-0.186575467836347
LOC111116961,0.399035562931869
LOC111135156,-0.32222203518479
LOC111106908,0.413419584873548
LOC111120982,0.0576925219917965
LOC111118431,0.0244105252465347
LOC111127494,-0.0924452756237715
LOC111128747,0.188598467637766
LOC111129340,-1.66470702163218
LOC111114165,-0.271999509903319
LOC111120392,-0.0241913553323091
LOC111108776,-0.334716114717196
LOC111122309,-0.533674626194721
LOC111125020,-0.356315204303076
LOC111135722,-0.270910709817821
LOC111123110,0.795411339436799
LOC111126032,1.62394708383355
LOC111114721,0.595144676829988
LOC111132960,-0.265410215833226
LOC111117141,-0.372802205743555
LOC111128374,-1.16555449840523
LOC111126191,-0.827014245787075
LOC111100584,1.01107399598456
LOC111121719,0.545513302901816
LOC111136851,-1.50043693722148
LOC111136277,-3.37620950120263
LOC111107159,-0.165142527666113
LOC111110007,0.261387527748986
LOC111114590,-0.475043167981339
LOC111133527,-2.92641683883778
LOC111103342,0.0517839939601643
LOC111136934,0.284860434469245
LOC111106221,0.148902321140112
LOC111130544,0.548214592119273
LOC111121425,0.709089991215762
LOC111103077,0.553150868827616
LOC111105775,-0.26300435095986
LOC111120628,0.671652077224655
LOC111123257,-0.298419814695495
LOC111114807,0.015554428992158
LOC111132858,0.41328042839443
LOC111119011,-0.128299021396922
LOC111135179,-0.334696380234624
LOC111111820,2.00576424720496
LOC111125079,-0.433078518409844
LOC111132989,-0.434925971874036
LOC111130790,-0.504246800162769
LOC111125482,1.36790362042395
LOC111123709,-0.200408209420344
LOC111134595,0.268225738061346
LOC111109982,-2.18770074281917
LOC111114905,-0.537388996896472
LOC111137922,-1.28710957870848
LOC111129479,-0.496408293734865
LOC111106866,-0.996041833669079
LOC111136320,1.42690972422474
LOC111118869,0.219171111357065
LOC111118704,0.0129022261845358
LOC111109360,-2.12263777389399
LOC111117244,-3.8071171205527
LOC111111467,0.215756028956713
LOC111100613,-0.0534936341617903
LOC111126734,0.33813474422347
LOC111125887,0.0842155001851068
LOC111134771,-0.135403653143057
LOC111134770,-0.696818950318438
LOC111132464,-0.44493097154298
LOC111128238,0.440609166945702
LOC111120961,0.741909058369393
LOC111138201,-0.708530905839244
LOC111137745,0.140054554129729
LOC111136874,0.283578024367617
LOC111115645,-1.30537927171149
LOC111109514,0.221571357566325
LOC111121301,0.0942510109117628
LOC111117589,0.52101927179914
LOC111127298,0.00471666974120794
LOC111136618,-0.191321606950885
LOC111130303,-0.979670235253988
LOC111116460,-1.09298319671404
LOC111109762,0.115572760023225
LOC111103115,-0.874918330638133
LOC111118856,0.0836802435948783
LOC111105322,-2.37274024966351
LOC111104701,-2.70008962692246
LOC111115597,-0.859922656804055
LOC111106463,-0.12639525326381
LOC111101950,0.350968919881493
LOC111121736,-0.0348006045234095
LOC111104634,-0.497963329976899
LOC111107308,-0.630693360445252
LOC111119151,-1.47919011841956
LOC111122909,-0.231763091401386
LOC111119786,1.04840923187475
LOC111109443,0.467255693412636
LOC111111588,0.630740221808759
LOC111128143,-0.0163701074203005
LOC111120499,-1.75010814500547
LOC111115889,0.192004561455656
LOC111131586,-1.63520223917401
LOC111116727,-0.370955781320482
LOC111127376,-1.19294734496775
LOC111100882,0.560272439452241
LOC111112818,1.3460451963052
LOC111099590,-5.10313381201817
LOC111132284,0.0946841310357827
LOC111103721,-0.0412789222130404
LOC111133460,0.891283939762243
LOC111099069,-2.94431826420908
LOC111104415,-0.926931060881805
LOC111135461,-0.241408253525993
LOC111120323,-2.30209441949971
LOC111119729,-3.78389600756353
LOC111105727,-0.160109848609176
LOC111131133,-0.0203971309221422
LOC111134814,0.636280570154412
LOC111105880,0.487098473817319
LOC111133196,0.438347742601024
LOC111111116,0.0326633419758539
LOC111130485,-0.978690005504893
LOC111099161,0.579012711321708
LOC111123111,-0.0446824585956783
LOC111134580,1.17876708951194
LOC111108459,-3.85670604866673
LOC111104063,-1.90002305674914
LOC111135531,-0.405670800268957
LOC111136691,-1.14911851968376
LOC111120008,-0.703905436597329
LOC111122892,-0.360671776055878
LOC111121267,0.281877940912919
LOC111119299,-0.112938973844037
LOC111123010,-0.317034204624271
LOC111126538,-1.00881588527258
LOC111130575,0.0416820984572005
LOC111118467,0.293336109170367
LOC111135851,-0.674737469629868
LOC111131649,-1.24833890229601
LOC111124637,1.13452245013603
LOC111130682,-1.09492300642124
LOC111121777,0.0780615385989781
LOC111116765,-0.375784083091762
LOC111130417,0.0739862881591374
LOC111137383,-0.58610820510674
LOC111123808,-0.179565401274571
LOC111138280,-1.15371811438971
LOC111117469,-0.124977345118657
LOC111100858,-0.0453566354171829
LOC111127721,0.348773067859156
LOC111121315,0.0361804453008046
LOC111104519,-0.157053436035756
LOC111107250,-0.167446477936018
LOC111119000,-0.859360597749074
LOC111105585,0.13089665188359
LOC111134858,-0.685496431639997
LOC111102238,1.84887929000867
LOC111114067,-1.77318267168942
LOC111132758,0.316401354290436
LOC111114987,-1.06792033977589
LOC111114037,-2.61556284288922
LOC111135189,0.131653258710662
LOC111132753,0.147216820528999
LOC111112667,2.76012391736273
LOC111126456,0.782233120430774
LOC111126617,0.596090943094419
LOC111117283,-0.184487947790093
LOC111133281,0.300529158102526
LOC111131782,-2.64279537571898
LOC111100220,0.615775736389975
LOC111113390,-0.787304928750835
LOC111099182,0.796972466981764
LOC111112544,0.215368755342938
LOC111108524,-0.744397932881667
LOC111100227,-3.14902735806173
LOC111135649,-0.131321980507327
LOC111136350,0.405011526334619
LOC111109196,0.622677911674381
LOC111118726,0.0306838482918221
LOC111118809,-0.305055555994313
LOC111118873,-0.345438041108596
LOC111099844,-0.485348861732091
LOC111129031,-0.0668651057317523
LOC111129561,-0.455207997985181
LOC111131288,1.34148495768483
LOC111129398,-2.33491567386534
LOC111109964,-0.707936180115486
LOC111124438,-0.00374405165923145
LOC111112603,0.037264851240638
LOC111110377,-1.10214514231736
LOC111117872,0.7504367756303
LOC111121735,-2.02616522905018
LOC111136148,1.2256934474747
LOC111132689,-0.238122444861862
LOC111109304,-0.436672094094047
LOC111122956,-0.788762975537025
LOC111124885,-0.427242977403697
LOC111103193,-1.39947105177564
LOC111123909,-2.71575800921658
LOC111101735,-0.129975909997219
LOC111106052,-0.218631289710397
LOC111126288,0.0949587973660715
LOC111119637,0.452189650072905
LOC111109726,0.161043064962935
LOC111102020,-1.32979111826773
LOC111119870,-1.48849632428949
LOC111127536,0.00620905024543256
LOC111126038,-0.0460042070998109
LOC111121310,0.532845114014501
LOC111116025,-1.36018485344981
LOC111137516,-0.463160308106429
LOC111127459,0.175986546711266
LOC111134571,-0.232810606191097
LOC111123891,-2.48417220991921
LOC111104304,0.104341249073404
LOC111117745,-0.40337268350513
LOC111117016,-0.99989068544842
LOC111106869,-0.21364746204159
LOC111126584,-0.748730144236877
LOC111129381,1.31715365252371
LOC111132256,-0.0506482639905123
LOC111105003,-3.90500276435705
LOC111102829,-0.392025201838881
LOC111115100,-1.50118615466481
LOC111104026,0.0227907219141148
LOC111119492,-1.28645772562671
LOC111119749,1.82148367685899
LOC111106588,-0.198913896847592
LOC111118113,1.18944954135202
LOC111117050,-1.19730778498433
LOC111101743,-0.688027283536542
LOC111131501,0.766608468160614
LOC111124308,-0.433627985735152
LOC111132593,-0.474397033547269
LOC111115273,-3.3994208738737
LOC111134096,-0.417639834238456
LOC111106039,0.213801943996783
LOC111134462,0.409500014554969
LOC111134439,-7.01909102339163
LOC111132037,-0.0584070793521517
LOC111125920,-0.47262191587494
LOC111105713,-0.0648334279080457
LOC111120095,-0.477364848210014
LOC111136776,-1.24459806144182
LOC111121537,0.507121124814806
LOC111099880,-0.222845370375787
LOC111133265,1.29988363685032
LOC111124672,1.81583186440946
LOC111106189,0.206556918830597
LOC111120073,-0.515285613456435
LOC111119391,1.17718310994878
LOC111138265,-0.526211006697766
LOC111107510,-0.0374343174124175
LOC111099591,-0.203359936074979
LOC111123774,-0.54671497760321
LOC111122518,-0.00789549858569835
LOC111125899,-0.360167847827138
LOC111135570,-0.0765809926598975
LOC111114853,0.652233850793017
LOC111101119,1.08824109445448
LOC111130406,0.0320579050674313
LOC111135009,-0.584489257125508
LOC111136699,-1.44932161843863
LOC111117095,-0.927602506043075
LOC111122205,-0.130625302679615
LOC111105342,-4.6075730189217
LOC111108445,-0.301901980981426
LOC111135265,-9.85236093325096
LOC111107948,1.00808740879366
LOC111132882,-0.559936442515248
LOC111137247,-0.772908947438611
LOC111129042,-0.0302448526147512
LOC111136846,-0.970786187317344
LOC111133914,1.10581497706855
LOC111130249,-0.276400806571257
LOC111103139,-0.671084042788955
LOC111126254,-0.189085782535722
LOC111135299,0.0665890541709947
LOC111120542,1.62216402696447
LOC111112862,0.283812784495682
LOC111135065,-0.153972959756242
LOC111118596,0.00725669483619851
LOC111129957,-0.411838969665473
LOC111110509,1.05435540137452
LOC111105527,1.08338354477672
LOC111119812,0.637430433941334
LOC111121028,3.34016194759009
LOC111106364,-1.57073088068401
LOC111134078,0.143631177972245
LOC111116784,-0.175331429502931
LOC111112973,-5.506749548439
LOC111126184,0.165808443518809
LOC111110058,-0.131900893261704
LOC111106852,0.80452355571847
LOC111133663,0.681078232450158
LOC111131312,-0.963743662935627
LOC111122214,-0.260189807345208
LOC111108433,-0.29193460200663
LOC111111065,-0.0333288632697604
LOC111111466,-1.2884421044659
LOC111112336,0.309856458815758
LOC111135221,0.637693581527182
LOC111106307,-0.0537962318230078
LOC111128605,-0.271572494133546
LOC111116788,0.197932520694276
LOC111113070,-0.376269388469211
LOC111109760,0.131969262470564
LOC111119906,0.399473795148039
LOC111121597,-1.67659687361436
LOC111136950,-3.98218265144599
LOC111115885,-0.0430053237668717
LOC111135702,-0.375294770913678
LOC111119821,-2.04060253992209
LOC111130120,-1.70949418141362
LOC111123715,-0.645717887741695
LOC111114582,-0.639778922755252
LOC111125934,0.944081997858758
LOC111138477,1.01840900895163
LOC111111656,-0.649141246316469
LOC111125230,-0.242030076372965
LOC111104307,-0.416767577458177
LOC111120180,-0.414576159662176
LOC111105366,-5.1023934050413
LOC111109526,-0.045984641943073
LOC111128755,0.266488079241307
LOC111100644,0.26677302463034
LOC111112425,0.190697445806065
LOC111126470,-6.24318126487849
LOC111122264,-0.586718707537844
LOC111114648,-0.155698374739254
LOC111120820,-2.41011816070638
LOC111134438,0.647872583712425
LOC111120561,-7.66211040286891
LOC111138154,-0.714744759702498
LOC111126468,-0.732258559610972
LOC111132990,0.0900165364690947
LOC111114727,0.0934276220312577
LOC111130530,0.270965921977889
LOC111113056,-0.0861989643589649
LOC111124294,-3.72393347708051
LOC111117266,-0.136160117023792
LOC111136353,0.63065147718215
LOC111126603,-0.262962917634286
LOC111109510,0.646424937121767
LOC111135374,0.943019437664479
LOC111137901,-2.19806049473521
LOC111104470,-0.732515233828721
LOC111114554,-0.578692875523853
LOC111136090,-0.838589725088216
LOC111101476,-1.68599732743776
LOC111125728,0.234128766628934
LOC111128315,-0.408642952585635
LOC111135784,0.514682595696213
LOC111118755,0.625636465316481
LOC111101354,-2.26007728936748
LOC111101270,0.519940370984562
LOC111110334,-2.47987843719229
LOC111138046,-1.11716438945199
LOC111129370,-0.240589730953593
LOC111101763,0.220044677484466
LOC111124032,-0.856951840659416
LOC111114518,-0.0284650793020611
LOC111122574,-0.989118000214673
LOC111130192,-1.1599039822158
LOC111134321,-1.23821371450061
LOC111107109,-0.303915959073217
LOC111133094,2.85679250695298
LOC111137570,-0.216784940752791
LOC111102414,1.57782869588396
LOC111137932,0.190327913621438
LOC111117147,-0.0412922072090349
LOC111127866,0.0263370515568425
LOC111132966,0.856877807053459
LOC111125142,-0.655498431515856
LOC111111371,0.220524970068219
LOC111099158,-2.67860256172392
LOC111106182,-0.0642164805738761
LOC111118533,0.231114069263455
LOC111136326,0.854692527210034
LOC111122549,-0.122968690905371
LOC111130873,0.0364050970578778
LOC111137133,-0.207334118202673
LOC111132648,-0.424214895876219
LOC111130962,-0.0463070079830221
LOC111125356,-0.457226239641723
LOC111101405,-0.0756373455801516
LOC111136510,1.60428020796476
LOC111124630,0.34811363503516
LOC111121276,-0.51946713674344
LOC111125191,0.724417324625322
LOC111102200,-1.39526670672987
LOC111113708,-0.198480416216957
LOC111134740,0.187748524512555
LOC111105131,-0.00804210213273523
LOC111113467,-0.381381118426991
LOC111122418,0.1143069934124
LOC111108489,-1.06204781654583
LOC111099178,-0.282594384355716
LOC111136162,-0.659547166018653
LOC111102474,0.283366739931971
LOC111114493,-0.715117962086102
LOC111136338,-7.65759507437719
LOC111111549,-0.401738301090698
LOC111123746,-1.60918499922702
LOC111117105,0.109189812746431
LOC111114122,0.0189275334878724
LOC111101811,-0.278582805443637
LOC111119950,-0.250836565997982
LOC111120901,0.452343188719354
LOC111110738,0.309213636127323
LOC111110947,-0.00873415397358707
LOC111125092,-0.623582958718502
LOC111137076,0.42357230549384
LOC111127277,1.3837062429362
LOC111107165,-0.58605349714165
LOC111127193,0.292369274591342
LOC111127598,0.836411341638852
LOC111136240,0.0126180834819188
LOC111109958,0.152620117670471
LOC111138053,-1.66438707197895
LOC111134675,0.064037674870441
LOC111121223,0.290491710217074
LOC111135275,1.33754833207501
LOC111134680,0.130087255948396
LOC111131522,-1.85180475436824
LOC111103003,-0.388338175208644
LOC111131147,-1.98422158686051
LOC111112355,-0.868954990135596
LOC111138041,0.144510993301711
LOC111120221,-0.268946291813
LOC111102571,-0.0530778955910098
LOC111102252,-9.52297923684693
LOC111131201,-0.766146516471532
LOC111124633,2.0729724368028
LOC111128186,0.334102338193506
LOC111131259,1.41801848866008
LOC111131349,-0.643784290079344
LOC111134465,-1.25181092472354
LOC111126520,7.55071062850225
LOC111103652,-1.17862883708652
LOC111101093,-1.28276342070502
LOC111121464,-0.0327671748765695
LOC111129524,-0.0385991156097514
LOC111137718,-0.177319963639661
LOC111129922,0.770075308774465
LOC111119123,-0.321114154119805
LOC111125841,-0.00775507154904265
LOC111125286,-9.62265097556957
LOC111103663,0.885046047893241
LOC111104009,0.179464348613998
LOC111106021,-1.93789067372408
LOC111103638,0.334654828466079
LOC111113499,-0.830886999855354
LOC111135493,-4.63999507313183
LOC111121717,-0.398037762725926
LOC111125924,-1.37774974504847
LOC111107832,-0.096200210412015
LOC111120583,-0.944631091278554
LOC111121954,-0.306810205250033
LOC111135896,-0.0351456186788598
LOC111101719,3.31132281706264
LOC111128329,-1.12013895058101
LOC111119262,-0.475672289989501
LOC111138068,-0.0875010229512129
LOC111136898,0.0709894961958065
LOC111110424,0.0461288250352923
LOC111120774,0.55070982441574
LOC111101471,-1.60874850488677
LOC111103087,1.48420770929564
LOC111101349,0.0948025337024364
LOC111122704,0.093071985011289
LOC111108343,-0.639062582777214
LOC111130762,-2.18734332021278
LOC111113203,-0.43251341476006
LOC111102678,-0.18385176013331
LOC111133500,-0.710206987456711
LOC111103641,0.0676635103642324
LOC111103269,-0.214001300863626
LOC111108373,1.6689462864852
LOC111137061,-0.18593771801831
LOC111136015,-0.323903897052197
LOC111132779,-0.432002820254055
LOC111111188,-0.205376178330455
LOC111107528,-0.388595257049111
LOC111135900,-0.303113970741671
LOC111106030,-2.1413290753617
LOC111137308,0.0860341703253711
LOC111102986,-0.0739443971454175
LOC111117765,-1.18059303093787
LOC111100040,-0.773316854970904
LOC111131445,0.234529648616162
LOC111104213,-0.366991815073372
LOC111115472,0.0242112900284975
LOC111126384,0.0673089909868684
LOC111118069,0.14915706745656
LOC111115673,0.693748478864744
LOC111126905,-0.574772361182594
LOC111129030,-0.153070984227637
LOC111130430,-3.73136826179943
LOC111103614,0.322738386177145
LOC111113291,-0.209292115011737
LOC111122231,-0.192942912064576
LOC111105622,0.13843050788859
LOC111114937,-0.325397762812796
LOC111114564,-2.73038031745637
LOC111131181,-0.306292856391729
LOC111126821,5.1388600328168
LOC111121929,0.796438742973528
LOC111104955,0.767672666042818
LOC111113348,0.380100739609076
LOC111126057,-0.021718542026234
LOC111136930,-0.917849213486413
LOC111121051,-1.06583882228961
LOC111129127,0.523110409601582
LOC111130059,0.337504504091013
LOC111127904,0.385034145553676
LOC111128812,-2.39338059146226
LOC111128733,-1.11448297202242
LOC111112032,0.878650578920733
LOC111109640,0.321054413045285
LOC111105679,0.386109296015364
LOC111110180,-0.949712534306531
LOC111137975,1.29832001217082
LOC111111659,-0.0834238533964823
LOC111108814,-0.345550809616891
LOC111133372,-3.45031146796634
LOC111122099,0.503477386190896
LOC111124854,-0.373394740137428
LOC111128795,-3.12642804309002
LOC111103926,0.852392668445233
LOC111118920,-1.29369315441555
LOC111118921,0.224913742679883
LOC111118923,-2.95936357491677
LOC111101941,-1.11316370412573
LOC111126802,0.0963695951934361
LOC111105183,1.46517110396783
LOC111104234,-0.268047267521448
LOC111136394,-0.442960522282649
LOC111109879,-0.296945620515721
LOC111137258,0.48512006779271
LOC111109666,0.403984900699646
LOC111108589,-1.12452880118567
LOC111119086,0.608130718658029
LOC111136429,0.778923217872002
LOC111135610,-0.51093479222667
LOC111133669,-0.167899148103293
LOC111137282,-0.140162478754703
LOC111113342,0.895654463943242
LOC111102891,0.0168350454156638
LOC111138142,1.22414273411528
LOC111107170,0.716173247197807
LOC111107171,0.458810753464163
LOC111126733,-1.79949712388392
LOC111112675,0.821769406688535
LOC111109963,0.280371809107908
LOC111122272,-0.247640748945661
LOC111120747,-1.71131603068126
LOC111129185,0.0925500022814302
LOC111122222,-0.262962807496011
LOC111112585,-2.81040753590003
LOC111111745,-0.0621886006784462
LOC111123006,-0.298676700105286
LOC111120976,0.868931129890078
LOC111125573,-0.181288624155409
LOC111123642,-0.146377679508101
LOC111138125,-1.62250891504
LOC111127225,-3.10337101373704
LOC111127481,-0.529217180219915
LOC111122443,0.961488708935406
LOC111120815,0.216379069723256
LOC111106151,-2.98558370296173
LOC111136785,3.03034942420348
LOC111135655,-0.656505954492701
LOC111106994,0.527991758560935
LOC111111325,-3.26336426390657
LOC111108339,0.538726894286597
LOC111109713,-0.0841016935212818
LOC111130481,-0.648624119584854
LOC111120807,0.164019764034778
LOC111122677,-0.539369871561797
LOC111127645,1.87207063342652
LOC111111329,0.323709568450393
LOC111126203,0.381239782844865
LOC111118582,1.32116589295483
LOC111131563,-0.126042259410541
LOC111108771,-0.462246890932879
LOC111121148,-0.944086230187403
LOC111134177,-0.343146852764799
LOC111133542,-7.28484651087851
LOC111136364,-0.0350779964521641
LOC111116641,0.092573386892191
LOC111123822,0.0332546241148211
LOC111105592,0.0100827301123393
LOC111119143,0.327264874364506
LOC111114812,-0.739273972382205
LOC111117537,1.49253276397643
LOC111111117,-0.0161744986571055
LOC111125655,0.135305840228598
LOC111106596,0.166887775860656
LOC111114901,-10.6036039474972
LOC111137905,0.365773994660878
LOC111125916,-0.414070984790649
LOC111109621,-0.370547113333146
LOC111127971,0.634144380575348
LOC111112414,-0.235440721457022
LOC111123426,-0.10511728235684
LOC111122318,-1.18845927520391
LOC111125979,0.358249863811676
LOC111110915,-0.218457071646308
LOC111125076,1.63470450633286
LOC111125062,-2.28556992269809
LOC111102688,-0.225409630261725
LOC111136302,-0.187053529979428
LOC111118479,0.590271406246791
LOC111133113,-0.704114828963303
LOC111125333,-3.05680330267113
LOC111132089,0.45374804788357
LOC111127465,-2.21539716781067
LOC111111680,0.192747041667656
LOC111132956,-0.802852496802353
LOC111129466,-4.77595060842704
LOC111121640,-0.0111590045398085
LOC111137201,-0.221750866483103
LOC111129440,-0.281828978097776
LOC111126483,-0.0493953229267871
LOC111109688,0.373588865787719
LOC111114835,-0.507639972553802
LOC111136609,-0.706957711793318
LOC111108646,0.203393760387031
LOC111109953,-0.290524677927851
LOC111117404,0.264941416591857
LOC111135998,0.241234431335045
LOC111109103,-0.844719037819066
LOC111136813,-0.283322225443974
LOC111134270,0.34229678315159
LOC111138249,0.147034199255912
LOC111129468,-0.0614689305675246
LOC111101443,0.204579785956505
LOC111134978,-0.655376603727046
LOC111122726,-3.73722694344389
LOC111135111,0.658975399554346
LOC111123907,0.091103931437387
LOC111133390,5.55317825021585
LOC111101017,-0.427993823783412
LOC111115670,0.352107466010811
LOC111112867,-0.47650851366518
LOC111101268,1.08849022956182
LOC111132189,-1.19575523721471
LOC111123636,-0.840608187669324
LOC111127516,-0.390460021726949
LOC111135916,-0.310529970674623
LOC111123338,-0.481091806610432
LOC111121004,-3.9384098641957
LOC111122327,-0.352511751478055
LOC111127042,-0.0878173594717799
LOC111129413,-7.81510499382392
LOC111124581,-0.756953953250095
LOC111128160,-0.117487228825913
LOC111137629,-0.0133061103745724
LOC111110256,0.346955690309459
LOC111104268,-0.940341238331627
LOC111120596,-0.760402235370684
LOC111110448,0.31015843714639
LOC111135564,-1.38524658828688
LOC111129899,-0.0198625233956908
LOC111126302,-1.58519143983551
LOC111130592,0.0749161257204802
LOC111124799,0.162294237253057
LOC111100825,-0.379129464961599
LOC111099483,1.31006751613212
LOC111121370,0.597410439775042
LOC111130894,-2.14896438281884
LOC111119513,0.137540753889668
LOC111113262,0.105109271610247
LOC111123985,-0.0179681429258394
LOC111135282,0.0427722004657205
LOC111105687,-0.249802101812641
LOC111100382,0.722230114815539
LOC111128598,-1.68652383839308
LOC111113100,0.190759388390307
LOC111124036,-0.268166580189858
LOC111113388,-0.551081155171757
LOC111113093,0.162976598943417
LOC111133742,-0.4038206020064
LOC111125295,-2.13907103127174
LOC111136304,-1.7392336311107
LOC111121080,-0.452698843920699
LOC111124632,-0.457286405654549
LOC111112119,3.80959357665167
LOC111118357,-0.0931599135751281
LOC111104128,0.70860708971486
LOC111131691,1.5329153593934
LOC111136545,-0.151585589675372
LOC111116268,0.812834154325867
LOC111115368,-0.0891325676773868
LOC111114494,0.539397918953631
LOC111104006,2.62973039972451
LOC111115738,0.233381868407051
LOC111110984,0.404079770150233
LOC111132349,-0.00558315562046914
LOC111122889,-0.842502065910514
LOC111106617,-0.439304742184596
LOC111120927,0.611658192281267
LOC111113260,-0.399351937437453
LOC111110678,-1.78193367024286
LOC111114713,0.290723021359229
LOC111136615,0.14108667218234
LOC111135867,-0.00588841331951443
LOC111123744,0.168443814531003
LOC111115133,0.506029849022433
LOC111122627,0.0616649306824047
LOC111121991,-0.464391036200667
LOC111102114,-0.199792669216108
LOC111131442,-1.3978947358425
LOC111116043,-1.36074726121576
LOC111124549,0.483453018740292
LOC111128376,-1.285322322084
LOC111109178,-0.0147687357444693
LOC111108080,-2.26094964880202
LOC111116360,0.0735903744162784
LOC111119633,-0.689159040983362
LOC111111824,-0.544658485362979
LOC111131866,-0.578041036647495
LOC111130870,0.186948306494759
LOC111134223,-0.834688690741717
LOC111136408,-0.122689536519577
LOC111111839,-0.0172321775756849
LOC111124279,-0.0842919651987184
LOC111121854,-2.12062971276475
LOC111128952,-1.03375868468305
LOC111122036,-3.13746980857157
LOC111115452,-1.41093269207744
LOC111105945,-0.328988202080044
LOC111114023,0.401232174028821
LOC111114022,0.578869068073905
LOC111134185,-0.844746208542518
LOC111119990,-2.41848022443504
LOC111119535,-0.833400542341784
LOC111135149,-0.432871881565315
LOC111133378,-0.837394417878801
LOC111111249,-0.447587095368664
LOC111107345,-0.0548811947373614
LOC111133637,-0.390580792949768
LOC111123936,-0.339751354524756
LOC111099496,0.200270909994783
LOC111101841,0.513728955149816
LOC111101388,-0.541221899975414
LOC111100784,-0.770818062700038
LOC111100042,0.307405787899256
LOC111107686,-1.98705221735853
LOC111133393,-0.668149382421478
LOC111118553,-1.42663395792162
LOC111127364,1.06469651886663
LOC111103364,-3.98238845670298
LOC111109893,-1.45248809763693
LOC111116216,-4.24231011116424
LOC111121239,-0.0342045823821061
LOC111127028,0.335960952401757
LOC111125643,-0.254019766651037
LOC111110076,-1.27233724102246
LOC111106695,0.556455298959278
LOC111112068,-0.814457402296723
LOC111100857,0.581771481782779
LOC111137802,-0.169530737890239
LOC111137300,1.48378564662052
LOC111133853,-3.31957102969679
LOC111137585,-0.0509174447050586
LOC111131714,-0.0905627041613434
LOC111131715,-0.669133959265044
LOC111130900,0.46134666579427
LOC111130901,-2.07534769613012
LOC111119321,-0.265551113108206
LOC111110886,0.410790421619735
LOC111126020,-1.3478935909898
LOC111112440,0.0135574235993943
LOC111129515,-1.04936122428464
LOC111136816,-1.17751149653972
LOC111138106,0.249347825268563
LOC111121096,-1.82957482817955
LOC111130918,-3.15975041225083
LOC111116449,1.81004579249945
LOC111122828,-0.0417439447188403
LOC111133731,-0.984774613323661
LOC111105390,-0.40072727572139
LOC111103436,-0.153041468204224
LOC111133969,-0.144100895787932
LOC111112161,0.82751731522972
LOC111103802,0.547680962883721
LOC111133554,0.0467804197872257
LOC111122049,-0.863011135038539
LOC111123190,2.58366546281806
LOC111100031,-0.731358067907207
LOC111127652,0.449767426959803
LOC111102373,0.162309937368787
LOC111126758,-0.359361595457503
LOC111102248,-0.0618769056592419
LOC111118262,-0.455145386581974
LOC111117426,-1.8307649928637
LOC111135748,-1.9870691423573
LOC111131741,-0.511885411462205
LOC111117304,-0.889746346643291
LOC111123469,-0.322561021744639
LOC111136832,-3.99459210441558
LOC111134613,0.495702548094236
LOC111113172,-2.37757201005124
LOC111107675,-0.0684843228556533
LOC111099136,-0.783956736704858
LOC111122042,-0.271309035596269
LOC111124882,-0.211723528138793
LOC111102816,0.575923534800551
LOC111101493,0.298500372831385
LOC111108560,-0.99767586971679
LOC111127590,-0.0767801121317559
LOC111115153,-0.141048936342604
LOC111116698,-0.653020271594248
LOC111114601,-0.305394493085013
LOC111129169,-0.616580854221547
LOC111138511,2.2529607259292
LOC111138499,-0.436771589271438
LOC111099112,-0.647328481035662
LOC111134324,-0.310032480677781
LOC111134560,-1.46765493992772
LOC111124375,-0.588593546735113
LOC111118717,0.350889024147226
LOC111099904,0.25267688518939
LOC111111514,-0.282709089353042
LOC111106782,1.33093549150875
LOC111120423,-0.111459955476925
LOC111108124,-1.80585164761277
LOC111137589,-0.658087607321404
LOC111124052,0.659923066971297
LOC111123306,0.346652933376125
LOC111105462,-0.708289489246449
LOC111119460,-0.757494435244935
LOC111110261,-0.251273706655272
LOC111127564,1.06173687655698
LOC111133988,-1.16412412781797
LOC111122745,-0.997353747134416
LOC111127791,-0.141354770489476
LOC111135380,0.170330594817495
LOC111120624,-0.120286852804921
LOC111137903,0.00260174306619457
LOC111117065,0.271897547801182
LOC111136674,0.0465142958088209
LOC111126473,-0.0143975599171349
LOC111111248,-4.13158306137435
LOC111126194,0.23587066472645
LOC111111852,-2.70787186614719
LOC111133967,-2.03826820348674
LOC111125940,0.151518006151451
LOC111105773,-0.869946612634687
LOC111118271,0.154674983891405
LOC111106969,1.10274419563171
LOC111106890,-1.37874348670951
LOC111118368,-4.30694773159199
LOC111103602,-1.64740117050972
LOC111118583,0.242598735581505
LOC111103028,-0.0495794844282539
LOC111099835,0.133449398505152
LOC111120606,-1.31743988492291
LOC111099713,-0.655530353492933
LOC111106790,-0.314419016317597
LOC111106791,-1.28083055481739
LOC111110750,0.25275792592273
LOC111120808,0.558673120397998
LOC111113223,0.527529714260859
LOC111124919,-0.180231415272819
LOC111136919,0.0419468185461648
LOC111119684,0.213147187120007
LOC111112765,-1.16996185462684
LOC111112270,-0.81168429273022
LOC111121404,0.416642754808148
LOC111119884,0.213172806869451
LOC111102824,-0.134667692156318
LOC111113381,-1.87574193973635
LOC111133829,-0.822790818631545
LOC111128092,0.0598349061364884
LOC111122731,-4.7718366541857
LOC111114442,0.48488984865397
LOC111119226,-2.12114011140487
LOC111101751,2.26424617326051
LOC111120491,0.498233827994785
LOC111126391,0.164388541257671
LOC111130923,0.0379922697903536
LOC111135782,-0.484054225480756
LOC111111884,-0.424143289367665
LOC111124957,-0.304017477353165
LOC111121236,-1.01031171896496
LOC111106376,-0.182011874558677
LOC111133154,0.432885954799003
LOC111132931,0.259068081106819
LOC111136085,-0.688282090734425
LOC111134730,0.26981801834148
LOC111125255,0.3498673564862
LOC111130298,-0.328290852576391
LOC111127365,-0.3758419938733
LOC111125186,0.458081142013751
LOC111115917,-0.131965932234041
LOC111129624,-2.92436385914488
LOC111113574,-0.20850102641641
LOC111133449,-0.380223667921299
LOC111121262,-0.378691271811988
LOC111121644,0.0453399133746819
LOC111124762,0.459805526554584
LOC111101286,-0.447942041036831
LOC111110605,-0.669637996754016
LOC111105643,-0.328927445466022
LOC111125717,0.0171778460862747
LOC111135931,-1.11527090676473
LOC111137106,-0.070145562723823
LOC111128106,0.248398030968299
LOC111109440,1.05784486638953
LOC111128723,-1.49665392648169
LOC111137477,0.735425651907792
LOC111123106,0.44092550406151
LOC111109546,0.25350387589637
LOC111125398,-0.0290369004752102
LOC111117498,2.14413439991629
LOC111121119,-0.370152784248292
LOC111109656,-0.239163206017378
LOC111107656,-2.01700921795442
LOC111136610,-0.398426785576104
LOC111120049,-0.326734683026696
LOC111099179,0.0547839945115234
LOC111133430,-2.90083051547736
LOC111123012,-12.8391221587293
LOC111125527,-4.1339811643808
LOC111106050,-0.477435044319336
LOC111105794,0.329377094480416
LOC111128258,-0.256921962804886
LOC111135436,-0.36794709821826
LOC111114488,-0.275152839804662
LOC111111425,-0.512698089264916
LOC111136412,-0.863952245739952
LOC111109431,-3.13000094248826
LOC111134999,0.679568877816373
LOC111121020,0.104065581561927
LOC111126428,-0.235856042544628
LOC111124538,-6.14020295102818
LOC111127749,-0.2492985132736
LOC111106205,0.400464425899399
LOC111137287,-0.348240830222885
LOC111121659,0.120480424019397
LOC111120891,-3.02269489501405
LOC111108015,-0.551386276833568
LOC111120129,-1.19854433732717
LOC111108695,-0.0188898270681857
LOC111126558,-0.0462060125171837
LOC111125485,-0.607864615366779
LOC111118442,-0.0690205556368893
LOC111133286,-0.269189650282178
LOC111117802,-0.451208333686383
LOC111129033,0.342920927187874
LOC111129501,1.93316346798095
LOC111134754,-1.28171535988711
LOC111125415,-0.149258976634992
LOC111109389,-0.344596532603188
LOC111109553,0.576681590261836
LOC111109973,0.335683809969108
LOC111118335,-2.26861100366222
LOC111118128,-0.318290146080585
LOC111127151,-1.92979198481903
LOC111132820,-1.22679349997476
LOC111125847,0.860636926425223
LOC111122274,-0.586188894044531
LOC111127439,-2.61205886503007
LOC111127262,-0.400839658961313
LOC111110661,-0.495336720915477
LOC111111344,0.118379659646798
LOC111135747,0.274406687057067
LOC111114623,-1.42835898781831
LOC111135178,0.503261348066833
LOC111106372,-0.0438574571033784
LOC111101013,-0.184205959884018
LOC111123128,-2.26273825608626
LOC111106527,-0.457692824971448
LOC111100061,-0.930401896193042
LOC111123481,0.438660213957648
LOC111111596,-2.75226995937448
LOC111114895,0.836629945760785
LOC111101091,0.443088946127438
LOC111102465,-0.320953041042595
LOC111119374,-1.56199977154319
LOC111125858,-0.219070255806005
LOC111126694,0.258987246396674
LOC111115943,-5.19734369839408
LOC111122611,-1.31579139187793
LOC111121758,-0.0293124596967888
LOC111133722,0.130297252307955
LOC111132875,-1.17412604970116
LOC111130777,-5.32717905739444
LOC111100263,2.00055632682347
LOC111107132,0.699761944165634
LOC111125727,-0.904468698924041
LOC111126411,0.553599760469179
LOC111125588,-7.99073119678323
LOC111134722,1.8230951641882
LOC111111517,-1.03913410493447
LOC111136945,0.467590359436572
LOC111128121,0.151459092216354
LOC111135097,0.816060366915129
LOC111117305,2.28882828984112
LOC111118031,0.240686695155245
LOC111126511,-0.111402500045438
LOC111125930,0.012462908934751
LOC111102276,-0.412927641052785
LOC111123283,-0.556377333988955
LOC111128037,0.845828125220686
LOC111134428,0.0689550244232292
LOC111132877,0.531634142867902
LOC111103438,0.00325574479115059
LOC111101817,-0.961170730631738
LOC111121807,0.18131625181715
LOC111118417,-0.172979594182576
LOC111131068,-0.0314780105974274
LOC111108395,-2.0284572808888
LOC111126034,1.30833492581555
LOC111126443,-0.224523571595647
LOC111137203,0.311789644981689
LOC111121306,1.02966377804894
LOC111129222,0.0348226190888958
LOC111130985,-1.46107662961671
LOC111099690,-0.433062932640019
LOC111118891,-0.231985396819977
LOC111118452,0.478667781363848
LOC111128355,-0.864225737942355
LOC111138324,0.25470390895624
LOC111105988,-2.48378617613103
LOC111124467,-0.61752699665315
LOC111115042,0.78793860548461
LOC111134971,0.308233860123106
LOC111137175,0.746546650732984
LOC111108600,0.270339480371852
LOC111120906,-1.37432736135563
LOC111111543,-0.921293554457085
LOC111122045,-0.538357160715413
LOC111102277,-1.61668342181279
LOC111107795,-0.134129952630938
LOC111133885,-0.00934278184347472
LOC111121755,1.39420623696987
LOC111117766,-0.0864713025116756
LOC111114675,0.913962958619067
LOC111135049,-2.07201476633231
LOC111121775,-1.02481991333822
LOC111101603,-0.289372696667238
LOC111117652,0.625858829926054
LOC111107373,-1.08492370997937
LOC111122979,-0.260376698476204
LOC111113572,0.300064660251685
LOC111128971,2.21494513288596
LOC111108477,0.113923328614033
LOC111104756,-1.98332121265359
LOC111115619,0.523392721345253
LOC111126968,0.0179392610913958
LOC111125314,-0.423966081169802
LOC111133740,0.469863395226611
LOC111122972,-0.173250502043396
LOC111129405,0.0510483077984746
LOC111132079,-1.28096780860808
LOC111099502,0.117238930939468
LOC111123305,0.29916320140804
LOC111111059,-3.52640867731102
LOC111135340,0.672277551108607
LOC111130884,1.08866479659992
LOC111136310,-0.102163739042549
LOC111120241,-0.239030287757693
LOC111137977,0.169181811556939
LOC111114747,0.2478197804004
LOC111114534,-0.260103204427767
LOC111102509,0.226277767850676
LOC111133993,0.283294114912913
LOC111116971,0.149082223323162
LOC111106209,-0.116100922867259
LOC111101415,-0.000703125672760169
LOC111108304,-1.34477140618529
LOC111125264,-0.662673956097905
LOC111122216,-0.164240729001677
LOC111100790,1.77908514046793
LOC111136723,0.177552819926147
LOC111104028,-0.827331983536603
LOC111137276,3.71412541805146
LOC111134012,0.337928001106154
LOC111114531,0.550089688406666
LOC111122616,-0.380490444293398
LOC111113057,-0.40868359557185
LOC111137104,0.133470362506814
LOC111131262,0.566692961745947
LOC111107032,0.0946824085724115
LOC111124666,8.05062634704429
LOC111135961,-0.162088581104321
LOC111110909,0.215455793105262
LOC111113576,1.07321713833763
LOC111116867,-1.87802462253084
LOC111127953,-0.261540162496597
LOC111114900,-0.0406128231834025
LOC111119284,-0.150322882329145
LOC111102830,0.548682886829983
LOC111101440,-1.28531535319515
LOC111115079,-0.315208942286968
LOC111132850,0.610329557290217
LOC111102353,-0.330268130620741
LOC111124697,0.214162244901837
LOC111100244,0.420541132647275
LOC111135462,0.364349979203209
LOC111125311,-2.20023479676559
LOC111133781,-0.00139295756380967
LOC111112358,0.0160000046246304
LOC111117328,-0.0823443871898068
LOC111129118,-0.276935235904534
LOC111132220,0.226027880298014
LOC111099262,-1.1181931431831
LOC111137045,0.311969428024898
LOC111104324,-8.25434669978481
LOC111132308,0.110017183790056
LOC111103815,0.690840706205547
LOC111126467,-0.0822549000413445
LOC111126340,-0.211117107045711
LOC111136197,-0.468181059677981
LOC111120670,0.0696704186230879
LOC111129648,0.71275577921244
LOC111130486,0.487798030811097
LOC111124708,1.38271253845857
LOC111120285,0.145776753067158
LOC111111465,0.386129340688527
LOC111118338,-0.0795092205586046
LOC111118939,-0.0763491645531531
LOC111102525,0.959399980023796
LOC111112711,-0.0918427537164015
LOC111126365,0.0776879569115402
LOC111107883,-3.64815875345523
LOC111106356,0.00479924292621581
LOC111121005,0.504522962819744
LOC111127109,-1.33558503279561
LOC111119545,-0.189076694392942
LOC111129467,-1.40904827528024
LOC111129157,0.799788619962988
LOC111102717,-0.400617256120275
LOC111126225,-0.401463026245908
LOC111118542,1.03592057898224
LOC111134717,-0.169631195098105
LOC111129814,-2.85300560302854
LOC111118231,1.60533188056783
LOC111119709,0.00140256976383104
LOC111134320,0.202357381850618
LOC111126914,-1.48330645097931
LOC111101110,0.324842892687729
LOC111110103,0.219509913196417
LOC111099953,-0.923735318969212
LOC111103331,-0.175947291650626
LOC111136159,1.54331477947988
LOC111100407,-0.00362163074500236
LOC111123017,-0.285208888591215
LOC111124486,-6.13943123544869
LOC111130349,1.43784921587874
LOC111122645,0.303686884468236
LOC111100186,-0.509600850072416
LOC111134766,1.10885334713569
LOC111122676,-2.33141949295608
LOC111122273,1.30354624058128
LOC111112100,0.00458182021348569
LOC111109071,-0.130097090145869
LOC111109403,-0.955302494742981
LOC111126757,0.789577838031807
LOC111136107,-0.352189835865216
LOC111133537,-0.306038240689674
LOC111129978,-0.768075769111931
LOC111132921,-0.697377653922682
LOC111106899,0.281140089278393
LOC111118324,-0.118291519391084
LOC111132786,0.154401257275689
LOC111120312,0.551423999683143
LOC111111053,0.058646180805628
LOC111101194,-1.07591487434845
LOC111133839,0.456156427083852
LOC111126663,-0.0621520351711814
LOC111113592,-1.06868297361804
LOC111137930,-0.48471454946936
LOC111122043,-3.90009786969703
LOC111105890,-0.556583192932343
LOC111111122,0.699229150002411
LOC111099464,-0.582848854259599
LOC111137870,0.318144703543792
LOC111099739,0.0243514312732617
LOC111122068,1.66816765514842
LOC111120818,-0.496861719126974
LOC111103832,-0.342757301470655
LOC111116201,-1.08621083301078
LOC111134759,-0.00847756005182286
LOC111106631,-8.70847954655612
LOC111136091,-1.20342232323093
LOC111130278,0.587670706526579
LOC111112799,-0.502961110067623
LOC111125932,1.82008765806101
LOC111136573,-0.374668151150007
LOC111137047,0.619933477129171
LOC111124122,-3.62632720636836
LOC111119156,-1.9677839292885
LOC111120090,-0.0619889835231974
LOC111130545,0.55520254732253
LOC111116481,-0.155898949010173
LOC111116992,0.000423978111847758
LOC111129704,-0.148126917330065
LOC111124783,0.00224328912314548
LOC111133231,0.199503755033651
LOC111122674,-0.877835910532132
LOC111107049,-0.572230200546228
LOC111132470,-0.850664744800364
LOC111121144,-2.80611075562624
LOC111124401,-0.0831252806794303
LOC111130187,-3.14539679119889
LOC111110804,-0.455527890446785
LOC111118408,0.306075485334599
LOC111118858,0.203952563785821
LOC111137060,0.409107858188551
LOC111100212,-0.783697354307992
LOC111136651,0.17014533253168
LOC111115051,-3.53088807511434
LOC111115637,0.278157894011274
LOC111101526,0.472593762272558
LOC111119338,1.11230959893277
LOC111136683,-0.554400971034421
LOC111099090,-0.746818127942629
LOC111137558,-0.438368869701443
LOC111135578,-0.271548052974261
LOC111101678,0.438014148931187
LOC111131012,0.646995316733983
LOC111103156,-0.965105145050441
LOC111108754,-2.05288059876832
LOC111125733,-5.28112912165645
LOC111136943,-2.42831870315399
LOC111120510,-0.886129170119225
LOC111126335,1.41663084026481
LOC111118071,-3.33099600663968
LOC111112269,0.0193260791247052
LOC111129419,-0.328083415919455
LOC111108074,-0.516490436859312
LOC111135897,0.764928399940778
LOC111123775,-1.01713085532027
LOC111111276,-1.08165815790827
LOC111129386,-1.25825962310739
LOC111100332,-1.16313830509893
LOC111125014,1.74742215091201
LOC111100619,-0.507085521829971
LOC111106011,0.611815701823272
LOC111125577,-1.23016391207598
LOC111132040,1.07105624645949
LOC111130867,0.711589530539207
LOC111133422,0.17170806521497
LOC111135001,-1.52886645422428
LOC111100991,-0.471565478879662
LOC111130185,-0.66097210431773
LOC111104545,0.650657743782502
LOC111124502,-0.20252453600672
LOC111113334,1.03879413153695
LOC111123972,0.412015630628558
LOC111100467,0.216354375185367
LOC111138458,-3.94535000259916
LOC111134225,-0.456349263315283
LOC111104056,-0.188889360119229
LOC111135316,0.133835554510131
LOC111131235,-0.476976339094267
LOC111128142,0.298807127424712
LOC111109447,-0.309552509122768
LOC111118205,-0.0865842006360088
LOC111107831,-0.111212818704513
LOC111106982,-6.67944117999576
LOC111122107,0.961149106641642
LOC111107934,0.740992520150583
LOC111116716,0.0262232150352311
LOC111114521,-0.199841769857326
LOC111124727,0.678357343672192
LOC111100179,-0.141832334717672
LOC111117071,-1.82743202535021
LOC111126871,0.00466941203522149
LOC111106898,0.601744429987978
LOC111108726,0.152641207753034
LOC111129813,1.61492531246113
LOC111137627,0.603742970588195
LOC111127871,0.546947479484749
LOC111102802,-0.898902253699987
LOC111123885,-2.10105659526914
LOC111137625,-4.21859587810148
LOC111130029,0.126402412951559
LOC111118053,0.0594353573830466
LOC111107085,-0.925691744403409
LOC111134979,-0.808898011516229
LOC111115576,0.0849164353779552
LOC111126563,-1.96437266538597
LOC111125765,0.00637557051546986
LOC111100036,-1.85098560853413
LOC111125844,0.663217928774293
LOC111135478,-0.172519782975221
LOC111099582,-0.869133259836892
LOC111110538,0.585939898358546
LOC111136469,0.0932420473084471
LOC111115405,0.761844727240914
LOC111106539,-1.33929236151256
LOC111118581,0.601668032546891
LOC111117550,-2.46805884454538
LOC111103356,-0.047539261686497
LOC111123028,0.279044879031039
LOC111135032,0.0722338102821772
LOC111101769,0.091859924799038
LOC111134736,1.06252604080152
LOC111103515,1.54283280979451
LOC111117303,-0.0440623238560338
LOC111137314,-0.047024293412349
LOC111119102,-0.385823106456253
LOC111109558,-0.349195267005028
LOC111118806,-0.439058096205412
LOC111102671,-0.618938688532077
LOC111135611,-0.000364765612686912
LOC111137734,-2.13441313924567
LOC111126622,-0.296053127420307
LOC111118255,0.15946477683987
LOC111131060,-1.90837416258527
LOC111123918,-0.302943318176319
LOC111128203,0.443063948548739
LOC111122061,0.126607626216257
LOC111100949,-0.210048603362707
LOC111115458,-0.126901911737293
LOC111117454,0.0469299423371735
LOC111100430,-0.885046478436857
LOC111118227,0.354014601134816
LOC111118446,-0.145302468313041
LOC111104252,0.0736501694826455
LOC111104786,-0.333996601718506
LOC111128228,-0.312632005174796
LOC111129507,-1.41110506578178
LOC111135712,0.702548024603513
LOC111107552,-0.877989807320693
LOC111129325,-0.376782003278368
LOC111126368,0.399819415302517
LOC111136156,0.829747182302081
LOC111099073,2.57112460413305
LOC111101632,-0.147030071354155
LOC111113783,-0.031773878398543
LOC111106786,-0.363979384769264
LOC111127131,0.0876937645563038
LOC111121284,0.61078760932516
LOC111136985,-0.489345275394982
LOC111136986,-2.14733855520794
LOC111105831,-0.90323844435581
LOC111109675,0.466459149816766
LOC111133616,-2.47994299330588
LOC111125227,1.42491085247076
LOC111115296,-0.67823911927435
LOC111133509,0.266221199560947
LOC111129131,-0.354872980530129
LOC111104059,-2.26916521831762
LOC111099796,0.0197405937388464
LOC111124016,1.14417419834005
LOC111128168,2.68891026014069
LOC111134247,-4.0362573250598
LOC111120660,1.11575165688599
LOC111115061,-1.00177538678068
LOC111129194,-1.63528604456352
LOC111111919,-0.170868499897182
LOC111120866,-0.989513582307566
LOC111121875,-1.64196810619665
LOC111130079,0.185305626803144
LOC111137921,-1.01079056216605
LOC111129285,0.0169079726305711
LOC111131538,-6.68216031503675
LOC111121344,-0.410906069991054
LOC111101630,-0.721861183496386
LOC111125787,-0.0102432404111873
LOC111115733,-0.127312238959654
LOC111126834,0.160246125189971
LOC111113403,-0.64720012601311
LOC111129666,-0.318409422317619
LOC111113524,0.218127414660136
LOC111117953,-2.22027116510241
LOC111123368,-0.287133398457427
LOC111131107,0.299671904837052
LOC111129882,1.36228072634386
LOC111099053,1.05032626172267
LOC111135230,-1.21221414892199
LOC111108295,0.24305253207797
LOC111111192,0.205969958643963
LOC111138326,-0.11485240809353
LOC111099135,-0.502183540053731
LOC111104279,0.160936234689428
LOC111116731,-0.00429912419646703
LOC111112106,1.56780424500655
LOC111112604,0.514244511234643
LOC111119669,-7.70153345739342
LOC111122724,-0.783437929663322
LOC111103177,-0.460913241390149
LOC111111854,-1.58242048278452
LOC111133289,0.0613522490352665
LOC111121380,-0.968072875967955
LOC111133652,-0.634185837112272
LOC111132873,-3.96725353232959
LOC111117505,-0.463849079991825
LOC111115750,-0.573894927498149
LOC111134872,-1.9569353731091
LOC111120378,0.155536988867997
LOC111111799,-1.66593159065281
LOC111120069,0.213855831093975
LOC111107508,0.217826738447919
LOC111128859,-0.813176260031901
LOC111118101,-0.964873030311047
LOC111119118,-1.28393682450256
LOC111113301,0.172175336184745
LOC111112588,-1.55003730999994
LOC111138063,-2.26164865095897
LOC111129973,-0.091936451380592
LOC111126369,-1.20241396460489
LOC111111037,-3.75149884429977
LOC111136057,-0.363072115834412
LOC111133428,-0.0137480059555737
LOC111126143,0.734715317206788
LOC111103200,-0.467835905141079
LOC111127731,0.316618302478824
LOC111124728,0.425118363836461
LOC111123933,0.749085107281379
LOC111120575,-0.690923713900072
LOC111117432,0.632087096810039
LOC111138489,-2.33669506722362
LOC111107997,-0.134799057113393
LOC111105512,-0.603141812263676
LOC111136886,-0.558917520952325
LOC111112885,-0.228666667544119
LOC111134340,2.21514210144604
LOC111127025,-3.53252871949959
LOC111116637,0.269099444380968
LOC111135180,-0.181926609676032
LOC111125517,-0.0095590392613903
LOC111137683,0.647364854056469
LOC111112476,1.1725656430367
LOC111126478,-0.0728638515015643
LOC111106288,-1.26418936017052
LOC111136360,0.396105244394815
LOC111138274,0.130309447816108
LOC111119600,-0.166170178232221
LOC111115616,0.324964911573806
Trnaa-ugc,-1.39800757629114
LOC111132216,-1.60415275637987
LOC111128338,0.668434952840687
LOC111131497,-0.0897266701463829
LOC111134836,0.0697006938232436
LOC111109740,0.097559361826978
LOC111103659,-0.110675401577548
LOC111099061,0.0448568313736959
LOC111127541,-0.444895821987363
LOC111118511,-0.986154477423857
LOC111108997,-1.16620333903151
LOC111130470,-4.86696832338326
LOC111124427,-0.0114989862553622
LOC111131854,-0.171773204629401
LOC111115327,1.12726017380572
LOC111120139,1.08635319488412
LOC111111284,0.264730845076928
LOC111138238,-0.27475770796433
LOC111122539,-2.15422224786097
LOC111107893,-1.0697378415545
LOC111104798,-0.0246384564958208
LOC111117664,-0.022569594084573
LOC111101473,0.176364349995998
LOC111108133,-2.8359278043363
LOC111112085,-0.341854942716044
LOC111125123,-0.285490897899783
LOC111119842,-0.552952966461637
LOC111113027,0.678123406949603
LOC111106299,1.07530354840715
LOC111133364,0.327985190474385
LOC111114897,-0.0788304876176875
LOC111100757,-0.40856796680953
LOC111133179,-0.49483495764925
LOC111105760,0.0842845110128597
LOC111136815,-2.026086645662
LOC111127800,-0.989329362205106
LOC111134707,-0.669417227176671
LOC111130699,0.962333608279136
LOC111135828,-1.17827149755701
LOC111126512,-0.5371493858282
LOC111103190,-0.17098374739864
LOC111136695,-0.449582643707303
LOC111134587,-1.24706421886321
LOC111130817,-0.44142102508122
LOC111114921,-1.03338225643029
LOC111106800,-9.55776511435387
LOC111112748,0.118593025719801
LOC111107709,-0.018040883295245
LOC111133408,-0.190867551016609
LOC111114243,0.145515819042705
LOC111122604,0.197536616932313
LOC111112972,-9.44524801539796
LOC111136842,-0.304874829996399
LOC111126068,0.0301407507648813
LOC111114850,-0.0366309805869173
LOC111138328,-0.158933897138771
LOC111101870,0.0192368954809712
LOC111117833,-0.458855917148596
LOC111134139,-4.60444986153163
LOC111131360,0.0301691219507352
LOC111109932,-0.418578861759714
LOC111115985,0.0914755624238599
LOC111113579,0.055102031392668
LOC111127005,0.0257568602781363
LOC111104989,-0.292013490302909
LOC111100327,-0.81467918121802
LOC111120525,-1.10665088411768
LOC111136291,-0.16058101411987
LOC111122601,-2.06858113830785
LOC111119695,-0.576012825631329
LOC111115725,0.629111523112517
LOC111138455,0.0079979283692572
LOC111099642,-0.143878093277157
LOC111101924,0.344068202437337
LOC111137174,-1.14828402476459
LOC111120974,0.101290262001536
LOC111125991,-2.92285246057599
LOC111137520,-1.15440523700386
LOC111100743,-0.554482063114436
LOC111128149,0.707252900795642
LOC111110341,0.691185132030451
LOC111108766,1.84876571648537
LOC111111183,-0.489871342650534
LOC111120738,-1.56658217692467
LOC111119617,0.110445754435221
LOC111133492,-1.48304214757456
LOC111103287,1.1797556461739
LOC111134699,-0.433301557428385
LOC111124588,-2.85010814781734
LOC111134198,-1.29304283004346
LOC111119805,0.0543610524504329
LOC111106801,-2.33747468489632
LOC111102818,-1.27641723155754
LOC111116725,1.11061691347421
LOC111107815,0.523691032280201
LOC111126729,-0.0775939770700026
LOC111121025,0.0647202056872404
LOC111126605,-0.0801924922206152
LOC111116381,0.118922213711167
LOC111128540,-0.174087082857553
LOC111124506,0.0897526213281458
LOC111105758,-1.8826165406857
LOC111131678,0.0361325859291189
LOC111100254,-0.223065133282564
LOC111122805,-0.448399901947019
LOC111125707,-0.649576870784954
LOC111138426,-0.226807207188098
LOC111119592,-0.112595976393201
LOC111102634,-0.324535854728721
LOC111136628,-0.395302038743152
LOC111104224,-0.434389942512466
LOC111111592,-0.279127782683434
LOC111122919,-0.460608165817176
LOC111099515,-0.34409219720575
LOC111128982,-0.580134580522246
LOC111123910,-0.215655494748555
LOC111126376,0.617117713523479
LOC111126620,-0.286032334564885
LOC111100143,-5.33819492831428
LOC111106235,-0.730049834732167
LOC111129216,0.0306125910868626
LOC111135158,-0.358564695179401
LOC111125010,-0.227098818442981
LOC111124927,0.571710159906848
LOC111105161,-0.31535691616839
LOC111118790,0.28667489962257
LOC111106469,-1.82098984695844
LOC111117064,-0.614697346058905
LOC111108946,-0.595022727356102
LOC111123971,-4.1076409198119
LOC111119434,-0.0657192149459468
LOC111100354,-0.767925494090872
LOC111124695,-0.34838495355792
LOC111134473,0.364529472722508
LOC111129568,-0.310099797743061
LOC111102960,-0.986140295306502
LOC111103528,0.582147145033044
LOC111106459,0.0428829994694814
LOC111106696,1.02197299965496
LOC111112622,-0.297944477576396
LOC111101724,-0.319273439478497
LOC111128369,-1.11084209174886
LOC111133274,-0.0588794854983556
LOC111133443,-0.115113443342609
LOC111135036,-2.95060540114794
LOC111133886,0.315692749413395
LOC111108070,-0.240007820625876
LOC111122148,-1.19292182142947
LOC111133104,-0.375190269747863
LOC111117297,1.14298774788099
LOC111117138,0.484602348485517
LOC111104792,0.633584474463317
LOC111120502,1.32504018234899
LOC111119794,0.351371072567294
LOC111102798,-0.620126237975667
LOC111122109,-0.763464887454372
LOC111134097,-0.133009712251297
LOC111133046,0.131126733562456
LOC111121376,0.915526254599669
LOC111117904,-3.27592160529958
LOC111115563,-0.81516312833759
LOC111110586,-0.0187086330355609
LOC111103163,0.288523084389391
LOC111127475,0.221617940730395
LOC111101800,-0.398569072885585
LOC111108559,-0.0156730064091586
LOC111105680,0.367128007815767
LOC111113121,-0.0263958325327646
LOC111108664,1.12596695857432
LOC111111368,1.18644170637727
LOC111100742,-0.151111542864768
LOC111123380,1.77005105964146
LOC111103376,-0.391404387165261
LOC111117959,-0.689701895255805
LOC111124450,0.10081248841695
LOC111117963,0.691098817966796
LOC111124021,-3.96091074325801
LOC111133389,0.0751510354048615
LOC111107070,-0.363793190553028
LOC111130794,-0.938798117711396
LOC111132691,-0.139268435138114
LOC111137198,0.423954131533972
LOC111129776,-0.66489677150677
LOC111120854,0.16294760527909
LOC111126863,0.748978915053806
LOC111113546,0.329036929547461
LOC111112990,0.262265621216676
LOC111125302,-0.938476094819658
LOC111134706,0.956279662115917
LOC111130658,-1.34209311231541
LOC111104045,-0.340485020547452
LOC111117696,0.963807847261435
LOC111111269,0.705514343939471
LOC111116459,-0.00429128000672
LOC111101818,0.523548264694942
LOC111126141,1.05260975477697
LOC111135826,0.183330346297434
LOC111129453,-3.9150856994136
LOC111114882,-0.469738882780836
LOC111118398,-0.678339766780839
LOC111116813,0.00847603751032771
LOC111132859,-2.2466646029139
LOC111112943,0.0412988570784841
LOC111134076,-3.9291743903888
LOC111110751,-1.27381280306278
LOC111138048,-0.958022249723574
LOC111115758,-0.488247132660659
LOC111100515,-2.21569058789613
LOC111109438,0.233161417754276
LOC111127147,-0.598299372127152
LOC111110214,-1.43244100450083
LOC111135736,0.299644508614376
LOC111125228,-1.08371920821149
LOC111130000,0.443331067443064
LOC111111812,-0.441926678394225
LOC111112791,0.433597340301711
LOC111128195,-0.290409552861524
LOC111135401,0.83551791016783
LOC111127429,-0.588528752445241
LOC111100579,-0.0313325893807016
LOC111123095,-1.29805783818701
LOC111106422,-0.214849672490548
LOC111133900,0.768358942361933
LOC111108745,0.672531094103598
LOC111099916,3.03152144817709
LOC111117421,-1.61183297420507
LOC111129294,-0.252533223428138
LOC111116677,-2.79772371136826
LOC111120091,1.07505588970979
LOC111134058,-0.589937617642077
LOC111113407,-0.300202540061851
LOC111128994,0.209819690141585
LOC111103268,-0.817149609007343
LOC111125007,0.224689051893979
LOC111106559,-1.73294806796114
LOC111128593,-1.14959217831919
LOC111117219,-0.280822695310201
LOC111112637,-0.238286241250908
LOC111104696,-4.34824817765367
LOC111100208,-0.998927782129628
LOC111112733,-1.18892790100376
LOC111106207,0.325920579741171
LOC111124314,0.308250744093469
LOC111137925,-6.11028414787885
LOC111100424,2.41161950912057
LOC111134660,0.561144847332834
LOC111134941,0.0839064695937455
LOC111121540,-0.267010202317395
LOC111136217,0.7272014513813
LOC111102584,0.155354372483349
LOC111103179,0.0923462528999549
LOC111105240,-0.137482742338425
LOC111129490,0.689004714710664
LOC111123514,-2.79708609479162
LOC111107507,-0.476010712347061
LOC111134518,-0.176817174725027
LOC111103884,-0.190938410035324
LOC111107938,-0.411539859980962
LOC111122011,1.76594346827008
LOC111129200,2.12335171544747
LOC111111019,-0.734930834784301
LOC111135753,-1.10991762976372
LOC111138043,-0.285489401529928
LOC111127779,-0.612318161778337
LOC111110445,-0.931924743694952
LOC111117740,1.12068310893946
LOC111110355,0.295151676221072
LOC111127065,-0.658723736912564
LOC111111553,-0.222721887805769
LOC111103305,-0.0478941435203457
LOC111130352,-2.03870799396288
LOC111101188,0.268090352918386
LOC111128267,-4.85362562817649
LOC111104677,-0.071901142547798
LOC111128222,0.557577667812533
LOC111124519,-0.155028407580199
LOC111136073,1.41658633441212
LOC111129947,0.46405609607105
LOC111110199,-0.0596631213898877
LOC111131597,0.662268416679404
LOC111123329,1.11840190604414
LOC111121168,-1.4367557391008
LOC111135161,-0.323414330573448
LOC111102258,0.871199603755594
LOC111112548,0.745716227239717
LOC111102493,-3.75415040950347
LOC111113768,-0.171124936472759
LOC111134257,-0.120102664703731
LOC111119287,-0.896116591015335
LOC111130476,0.22544836918208
LOC111100798,-6.5678882732231
LOC111136019,0.860470901374527
LOC111128535,-0.73113606011908
LOC111124804,1.11529757724807
LOC111122928,0.154656332361581
LOC111121332,-1.60592590258573
LOC111114415,-0.0690745206433181
LOC111101000,-1.15208629530137
LOC111131207,-0.0682384197609832
LOC111123348,-0.61124574799219
LOC111122018,0.361332059578144
LOC111121013,-0.577545437488271
LOC111120401,-0.172172319337239
LOC111104495,1.03954771045071
LOC111118892,-1.24325611069243
LOC111110541,-1.24079283526401
LOC111114060,-3.18474108888842
LOC111114933,0.58216029772167
LOC111110421,-0.00497857527117297
LOC111122768,-0.238343273028013
LOC111124058,-0.3917560749711
LOC111135967,1.11732322225273
LOC111137008,-0.602750834540493
LOC111138227,0.187306177271649
LOC111131152,-0.29983895120826
LOC111129359,-1.8292802689786
LOC111115520,0.592876732933361
LOC111118936,0.0614771712070116
LOC111110687,1.63435285382948
LOC111110980,-0.203374986364137
LOC111100885,-0.118045794750603
LOC111102147,-2.08953784610016
LOC111134232,0.409690191902249
LOC111101553,-0.239214058473683
LOC111107134,-0.288125049406534
LOC111113321,-0.0615794810805403
LOC111136449,0.790606470399594
LOC111133219,0.235618533083015
LOC111124996,-0.405122614474278
LOC111117024,0.175749214483086
LOC111119408,-0.334369577042519
LOC111100883,0.697454992741643
LOC111118186,-0.297484751515947
LOC111134314,-0.368027091765823
LOC111136026,-0.448131764874923
LOC111126454,0.47152226478084
LOC111130074,0.180866211651845
LOC111130164,-0.353895721225828
LOC111126416,-1.29598787951549
LOC111128056,-1.58213446685401
LOC111105018,-0.646854355596786
LOC111103584,-0.330740050024342
LOC111115303,-0.0480813509324104
LOC111105293,0.539632551213034
LOC111112792,-3.68911806898645
LOC111126714,-2.6727046170281
LOC111105860,-1.05826581623472
LOC111103990,0.498829962710538
LOC111134189,-0.0214095029160548
LOC111105832,-5.74897157963007
LOC111133506,0.104914881250641
LOC111106561,-0.0682115305242333
LOC111136793,-0.19216765582503
LOC111138163,-1.21288267891364
LOC111100043,0.111592142889206
LOC111114540,-0.403739231540235
LOC111121165,-0.350359621385289
LOC111132571,-0.107985462852051
LOC111133850,0.523436070750365
LOC111125879,-0.0610788029207196
LOC111102608,-2.87787177732212
LOC111120573,-1.34163803909148
LOC111123152,0.148156367173708
LOC111123767,0.565018576542462
LOC111119690,-2.72793285255156
LOC111132600,-1.07390675685544
LOC111102734,0.191462431382922
LOC111132029,-0.162776068781831
LOC111133711,0.19666689608093
LOC111134640,-0.749856673108982
LOC111130760,-0.179379026876113
LOC111107756,-0.413980763513914
LOC111114994,0.277089262456605
LOC111133555,0.675513073549356
LOC111121058,0.104642113424291
LOC111127658,-0.843806336654629
LOC111109781,-1.70908205878962
LOC111099911,0.348649441918403
LOC111111380,0.931214133676403
LOC111129331,-0.688139507673345
LOC111112645,2.97954729546517
LOC111138292,-0.146731075766384
LOC111110487,0.559782091606847
LOC111110676,1.20718356135897
LOC111117917,-0.629706771314662
LOC111106226,-0.224340989260071
LOC111102363,0.104644340691641
LOC111104272,-0.342920326520718
LOC111124878,-3.9191647141528
LOC111106863,0.406610011462799
LOC111103771,-0.234358269719193
LOC111134431,0.769456950418761
LOC111130504,-3.13925259182894
LOC111112108,1.26802227864599
LOC111105458,-0.46224941382646
LOC111100780,0.064977282869796
LOC111127723,-1.71868857682878
LOC111138357,-0.371072734171343
LOC111115753,0.260351360788928
LOC111115569,-0.76711596208832
LOC111109437,-0.919551425616712
LOC111128734,-2.26080254897314
LOC111099756,-0.774303133494758
LOC111124544,-1.12389179109479
LOC111128721,-1.08105214238281
LOC111119733,0.2385282852955
LOC111109668,-0.0659951263647824
LOC111126614,-0.380583109180613
LOC111117237,0.656359594393712
LOC111109841,0.618697286868885
LOC111130675,-0.267635476464238
LOC111131799,0.929250710075704
LOC111124605,-0.120622007030507
LOC111114225,1.98270079584655
LOC111122502,-0.004143645332566
LOC111099795,-0.37820253264625
LOC111109690,1.37969848142176
LOC111135024,0.28483923135637
LOC111113887,2.60642262354431
LOC111136466,-4.37578279548543
LOC111113195,0.282576555620748
LOC111130021,-2.19055116551978
LOC111135556,-0.179454799427838
LOC111122390,0.366096084760469
LOC111123957,-2.05349247662029
LOC111134965,-0.360188237487027
LOC111128815,2.18924875758585
LOC111118537,0.198580275983228
LOC111109705,-0.625004472980068
LOC111101160,0.50915366776522
LOC111121385,0.0553401783812607
LOC111124111,-0.0417499327440398
LOC111121546,-0.0651307370463313
LOC111112809,-0.327633920270407
LOC111111857,-0.0940033285469321
LOC111125773,1.59353360040903
LOC111134794,1.21605147728467
LOC111133078,-0.696589099448351
LOC111108128,0.572732004873562
LOC111122988,-2.81968801347883
LOC111102965,0.0169176936501377
LOC111102061,0.327875832935022
LOC111133242,-0.190700711668345
LOC111136055,-0.87487894841298
LOC111112064,-5.98799779885393
LOC111137640,-0.289714228780058
LOC111110846,-0.2661821519217
LOC111109950,1.06186960235022
LOC111123407,1.35723057910933
LOC111116713,-2.22785452218605
LOC111138290,-0.176065544823272
LOC111137761,-2.9632126946015
LOC111122661,-1.51250561338768
LOC111133127,0.210456961930534
LOC111110554,-0.21487271408502
LOC111122023,-0.443320073342541
LOC111099059,0.336384304310936
LOC111121381,-1.22431145614686
LOC111134305,-1.31658914958917
LOC111130731,-1.03782295727833
LOC111120158,0.725636362735584
LOC111131321,-0.808129508247042
LOC111100275,-0.761877095610339
LOC111127211,0.190879528130376
LOC111131651,-3.56496439665334
LOC111130333,0.863994069923426
LOC111126678,0.159517540956684
LOC111125681,-1.57588769297425
LOC111121106,-0.146215802141174
LOC111100309,0.280197156935647
LOC111118356,-0.307054052328527
LOC111123289,-1.52125075712859
LOC111135683,-0.0233101243520816
LOC111130598,0.568249864440134
LOC111110339,-0.68001586846072
LOC111127370,-0.18417147572677
LOC111136629,-4.6321016315857
LOC111125823,-0.0970345110018352
LOC111138272,-0.13242084431415
LOC111109623,0.352379800848434
LOC111103013,0.425484800993981
LOC111100030,0.188861846117704
LOC111127350,-0.744198235984706
LOC111103912,-0.462255947779838
LOC111127170,0.778287589672796
LOC111118935,2.86694961521952
LOC111100859,0.201385579140185
LOC111108218,-1.67498574918152
LOC111127080,-1.40173959013833
LOC111134750,-0.134477279164538
LOC111127565,0.870574851138948
LOC111101555,-0.385509512577994
LOC111127670,-1.16746583539915
LOC111138500,-0.633708784748498
LOC111134275,1.14295236762143
LOC111121764,0.292049146383234
LOC111124354,-0.354324711443747
LOC111137714,-1.10394705238907
LOC111122678,-0.441464912030738
LOC111134196,1.04324365689445
LOC111120667,0.186616475057894
LOC111130415,0.0464487684249533
LOC111134608,0.32963079272639
LOC111130138,-0.351754860727026
LOC111101502,-0.228610801403722
LOC111132609,0.275154568202522
LOC111107113,1.67014474361506
LOC111118104,-1.03192876987346
LOC111135021,-0.415594442778902
LOC111131705,-0.38660736378466
LOC111109945,0.0330768196718503
LOC111106762,0.404550430002677
LOC111137846,-0.123755455814349
LOC111109808,1.30071548844193
LOC111126350,-4.75690003708406
LOC111102785,-0.614228228376327
LOC111104581,0.351730604925478
LOC111129374,1.49940871074035
LOC111122108,-0.0526030328543255
LOC111136592,0.235688835902781
LOC111130542,-0.678874426265704
LOC111109918,-0.396805923942181
LOC111126003,-2.15859485740797
LOC111100657,0.41659803321144
LOC111123748,-2.83826700019036
LOC111112012,0.566614646789994
LOC111111497,-1.17435774645675
LOC111102299,0.147659555338659
LOC111113276,-0.312591724588151
LOC111112058,-0.551893349044906
LOC111123652,-2.83684783225713
LOC111115356,-0.3692652515279
LOC111104271,0.532843144073269
LOC111131112,-0.724010396622359
LOC111127462,0.305527258287959
LOC111133158,0.170351201291317
LOC111131624,-1.12975383496236
LOC111101111,-1.46889177524015
LOC111135006,-0.422575309643689
LOC111102651,-0.0297738299453589
LOC111112703,0.154893959211551
LOC111123696,-1.7741464343062
LOC111103610,-1.81578835944871
LOC111108090,-0.520772981903519
LOC111132549,0.372680447033343
LOC111122640,-0.173175317879618
LOC111109545,-1.62674877943286
LOC111129295,-0.562736210522808
LOC111129356,-0.0513562525400502
LOC111126888,0.193566233817338
LOC111107136,1.08065495338713
LOC111122285,-0.162282843072671
LOC111119131,-0.0585211962859538
LOC111108618,-0.0226349010706113
LOC111131831,0.017766440347846
LOC111115146,-1.03388347878882
LOC111127947,-0.156634800945831
LOC111121435,0.651512230400662
LOC111136750,-0.00459699719932482
LOC111127582,0.469038735964004
LOC111137815,-2.55453480296683
LOC111108682,-0.177246688780846
LOC111125883,-0.391929960521924
LOC111115875,-0.0629506148020294
LOC111132784,0.179094184690532
LOC111130810,0.39518391554786
LOC111131405,-0.318044776592691
LOC111121485,-4.01516370680115
LOC111101540,-1.91796544122286
LOC111131361,-0.208004893895541
LOC111114750,2.41103846457966
LOC111128776,0.254721037178874
LOC111125101,0.0938512002558888
LOC111128332,-0.285265663635623
LOC111100983,-1.03456087793305
LOC111117381,-0.261997594160733
LOC111110235,-0.310970508776111
LOC111112846,-0.0388771269214659
LOC111115792,-0.505390721296044
LOC111120432,0.371608176560787
LOC111133310,0.413923900178619
LOC111125382,-1.28861820388287
LOC111110223,0.230604833516937
LOC111120479,-0.173053265828117
LOC111102505,-1.59072825243041
LOC111103090,1.18471968382709
LOC111137670,0.225157716788649
LOC111109676,0.151922237887691
LOC111100570,-1.20322455443484
LOC111128401,-0.159343743306377
LOC111102585,1.85471905598818
LOC111127342,0.266306357441355
LOC111135548,-0.582317840743244
LOC111130004,-4.67539709799467
LOC111104448,-0.0901409197053239
LOC111113430,-0.613421355295708
LOC111114426,1.08933183355632
LOC111126394,-2.64513238077047
LOC111119413,0.50983107366638
LOC111126559,0.737133468956327
LOC111130027,0.0534754344073925
LOC111119014,-4.73082587631385
LOC111112503,-2.10130366624055
LOC111106607,-0.204128576258595
LOC111102747,-2.69414651302237
LOC111118490,0.816210648055701
LOC111115403,-4.73755558772083
LOC111117982,-5.48731873091107
LOC111102386,1.33640831120741
LOC111135890,2.72271401535892
LOC111110800,0.201510434250209
LOC111111598,-0.479904463750279
LOC111111802,-0.313409147722995
LOC111119893,-2.09976431582508
LOC111134579,-1.19881400779423
LOC111130083,0.528705703136954
LOC111135127,0.439297288783011
LOC111124239,0.381103949763737
LOC111105231,-5.53426950210826
LOC111111185,-0.426468828026481
LOC111117463,0.0275470637211893
LOC111129165,0.294604391258589
LOC111124838,-1.11291356733687
LOC111102924,-1.09736420300254
LOC111102607,1.71187499938235
LOC111099595,0.54561572717304
LOC111127581,-1.56403845024695
LOC111134032,0.738442700978125
LOC111134664,0.0336830075982514
LOC111102464,-0.170292869329095
LOC111137250,-0.149299677805199
LOC111119405,-0.894572166980475
LOC111113263,1.02761433247353
LOC111135130,0.137608501691329
LOC111137259,-0.128873822142703
LOC111130373,-1.39899599710081
LOC111118023,0.394161323374286
LOC111106669,-1.15959968256788
LOC111131384,0.0797990324957263
LOC111131373,-0.456581611976241
LOC111104155,-1.84159713674159
LOC111115157,-0.193466594073508
LOC111119917,-0.824606435032428
LOC111137835,-1.96892874304373
LOC111107940,0.29956519161246
LOC111124694,-0.841280700659536
LOC111100032,0.080678356226012
LOC111125449,0.511355103674119
LOC111134927,1.15111221679609
LOC111108760,0.18691172795382
LOC111117477,-0.745813007464029
LOC111119004,-0.408687855486944
LOC111137125,-11.1118526832353
LOC111109407,0.287590932419041
LOC111121118,-0.0386328481229631
LOC111107773,-4.7884331249211
LOC111129889,-2.23716852817411
LOC111126651,2.86640973278077
LOC111112076,-1.32408183617934
LOC111115093,-0.962499598391672
LOC111137551,-0.335219572669227
LOC111107353,0.116918249498877
LOC111121329,-0.0117581759679877
LOC111126790,1.1427248499633
LOC111106641,0.489979306439102
LOC111128810,-0.582134415047377
LOC111130591,0.348179897699136
LOC111129156,-0.948011562700214
LOC111103997,0.536798480349154
LOC111131839,-0.895177625618747
LOC111133486,-0.047540576425482
LOC111110403,-0.434157232395827
LOC111114769,0.471809465142247
LOC111119498,-1.62465603834573
LOC111107163,0.501247709016156
LOC111107347,-0.354481814454305
LOC111137029,-0.956980932431715
LOC111136292,0.0210678082673586
LOC111132203,0.802262571484191
LOC111133448,-0.291977012016217
LOC111110152,-0.342427556406813
LOC111110941,1.12375292299622
LOC111114500,0.28902374695331
LOC111130118,0.152958589184696
LOC111135304,-0.958862884984069
LOC111105575,-0.887631861542929
LOC111126092,-0.358808426666791
LOC111120228,-0.0883907058489475
LOC111103329,-3.64871853257682
LOC111134086,-0.715804693681951
LOC111128781,-0.18636159136091
LOC111101621,-0.43579421678602
LOC111127885,-1.69810246105032
LOC111119941,1.5060751621486
LOC111101307,-0.122608720258453
LOC111126460,0.596899637577711
LOC111115556,0.142759236084716
LOC111135011,-0.64064534981192
LOC111118450,-0.154411640394049
LOC111130562,-0.0639713924704219
LOC111123240,-1.07014203408891
LOC111116531,-1.05909589519348
LOC111128123,-1.39684432662522
LOC111105220,0.101100524712388
LOC111110884,-0.259571276820346
LOC111112836,-0.255331170432147
LOC111101173,-1.44582729808595
LOC111133395,-1.52780031228574
LOC111118714,-0.099185691827898
LOC111108677,-0.0295005580850779
LOC111127889,-0.118691852335502
LOC111116512,0.109032562234788
LOC111118730,0.1362081673656
LOC111108370,1.26466592997853
LOC111136707,0.211108530486378
LOC111124404,0.0678512729649025
LOC111126676,0.953590966689177
LOC111134524,-0.136409331340525
LOC111113622,1.3507984985358
LOC111106571,-6.34476980594244
LOC111099584,-0.916023830019139
LOC111102973,0.427305121530008
LOC111123676,0.876436001068273
LOC111122605,-0.366341788258462
LOC111118882,-0.437517815940537
LOC111102929,-1.61078691234003
LOC111131280,-0.0153223368241664
LOC111120697,0.057406065644783
LOC111136698,-0.0839714351399062
LOC111112126,-0.100541795708777
LOC111138039,1.59182063263633
LOC111105716,1.28906571277588
LOC111125630,0.339875918072419
LOC111136666,0.53803704054473
LOC111135987,0.0823306882121801
LOC111113194,-0.980354002275103
LOC111109530,0.143603228193394
LOC111118937,-0.466214665145227
LOC111130438,0.737529670794735
LOC111117020,-3.41918936137436
LOC111124669,-5.51317998979514
LOC111120545,-0.422148273904477
LOC111135218,0.351252800127716
LOC111100185,-0.601202951926922
LOC111111204,-0.86949511071297
LOC111103546,-0.158726470080828
LOC111134350,-2.17944638247469
LOC111128992,0.0384870257471565
LOC111124720,1.75489460938666
LOC111128219,-0.0149632073701453
LOC111123512,-0.865371191283805
LOC111128410,-1.67911754149543
LOC111137704,-0.635757552257852
LOC111104526,-0.676176076473837
LOC111114019,-1.92954944444725
LOC111122843,-1.38483496133902
LOC111109680,3.44346536790739
LOC111106061,-0.266067482529455
LOC111127902,-0.124036423073015
LOC111118817,-0.933839908564689
LOC111103763,0.129456055589591
LOC111136829,-0.236662037381527
LOC111100445,0.401191495502086
LOC111114006,-0.283611737912729
LOC111127728,1.86488987855087
LOC111108738,0.34326774296121
LOC111106650,0.749584193127994
LOC111129296,-2.49526083665574
LOC111132866,0.0557102338237912
LOC111134894,1.35487684323406
LOC111125437,0.687961119782428
LOC111110311,2.29353435037885
LOC111135403,-5.57805628577992
LOC111132431,1.03658619850611
LOC111125726,-4.09924581101905
LOC111103941,-0.0430670245650279
LOC111103931,-0.0122438731061293
LOC111101748,0.0252005119099793
LOC111121937,-2.01389414785714
LOC111134081,-0.941097547574317
LOC111131676,-1.08018984527215
LOC111112758,-1.83371021397966
LOC111108989,-0.480659908609897
LOC111138502,-0.379987546504146
LOC111100637,-0.772980469641162
LOC111121104,0.590174598793103
LOC111108277,-11.4192793501594
LOC111111923,-0.994628426153647
LOC111134905,1.91507325622623
LOC111136638,0.0546641655297752
LOC111109592,-0.305509478169084
LOC111133811,-0.34300704096135
LOC111138333,0.224175283005238
LOC111123827,-0.34488751264804
LOC111133029,0.244275902912349
LOC111100918,-0.902780001289048
LOC111127874,-0.0327798142386519
LOC111110097,-0.275299576386597
LOC111136323,-1.09292016920102
LOC111102729,-0.0884642176245747
LOC111135870,-0.530688116579462
LOC111109271,-3.01269283488563
LOC111106765,-0.27307617581233
LOC111106905,0.235162832561116
LOC111118225,0.0992623713108374
LOC111133944,-1.66771698431971
LOC111135079,-0.0602331447138766
LOC111121232,-0.668764035366151
LOC111122968,-0.280678712824924
LOC111113511,0.435779470767996
LOC111116914,-0.179652636485429
LOC111119982,1.20852897975454
LOC111132747,-0.249309476161088
LOC111131286,-0.125743812862821
LOC111119843,-0.647564487866184
LOC111114193,0.144210819003616
LOC111132033,-0.024990928919147
LOC111118142,-2.00648450567993
LOC111116428,-0.221227336448965
LOC111121817,1.60612517632559
LOC111125074,-1.23272318665063
LOC111136322,-1.57909821196387
LOC111111563,0.313625925813884
LOC111111432,0.944846876664812
LOC111112649,0.0361352670691657
LOC111121533,-0.116350411342871
LOC111120613,0.454343898596205
LOC111125117,0.222300552543044
LOC111136319,-0.409171762741697
LOC111115301,-0.909337842798195
LOC111123756,-0.121520913961297
LOC111106094,0.837342770798614
LOC111104303,-0.202510179904844
LOC111118772,-2.65418630875697
LOC111118832,0.141398242093682
LOC111100321,-1.18740922131632
LOC111136791,-0.449006392875327
LOC111114913,0.0328264761742063
LOC111106510,0.603240967995512
LOC111129495,2.26137568992295
LOC111121324,-2.85782879850093
LOC111110964,-0.195595789524855
LOC111122319,0.159089156499771
LOC111118713,-3.4158039153446
LOC111111545,1.65050823642806
LOC111113880,-0.418946236568828
LOC111102992,-0.25692924763737
LOC111108408,-2.24717898516835
LOC111125287,-6.21648104228989
LOC111134382,-0.157180040942521
LOC111116434,0.294342526656061
LOC111110310,-0.339679385367123
LOC111127183,-0.254849759859167
LOC111114482,1.3760851931806
LOC111109105,-0.333638766969132
LOC111129999,-0.10113662341747
LOC111114593,-4.56211608695412
LOC111126162,-0.0944979170942066
LOC111113198,-1.46468740173098
LOC111110038,0.154102847556577
LOC111104494,-1.65233025805459
LOC111133384,-0.184955186148699
LOC111138345,0.0506871491411814
LOC111116484,-0.0293201834755137
LOC111135473,0.986406539175912
LOC111106219,0.0739045181863732
LOC111119841,-0.907720257996438
LOC111115830,0.0530747370081515
LOC111131641,-0.742172410133857
LOC111101414,-1.66096299266609
LOC111137348,-1.18683912287075
LOC111127012,0.143217705772265
LOC111117552,-0.23067223482669
LOC111099138,-0.641406306345409
LOC111119181,-0.27145842949206
LOC111114624,-0.29903555201085
LOC111120123,0.0358889158354968
LOC111111461,-14.4116115022081
LOC111124809,0.702812427124543
LOC111107154,-0.385116346312978
LOC111135091,-0.435150862613698
LOC111112620,-1.09085196556316
LOC111128384,0.600965465644145
LOC111128383,-0.17268998862539
LOC111112174,0.179378598490662
LOC111121072,2.8392758631205
LOC111102384,0.162316118562373
LOC111110755,-0.461556374754664
LOC111120577,-0.361429252442541
LOC111114290,-1.01698078876789
LOC111122888,0.758600015437863
LOC111135487,0.858647971949475
LOC111131707,-0.700276574412665
LOC111104640,-0.366749306264408
LOC111099459,0.191146029465885
LOC111124928,-0.523992753925622
LOC111123131,0.0620999648568294
LOC111124504,-0.0611645739209085
LOC111127007,-0.0343444416803608
LOC111108645,-0.126706088450322
LOC111106378,-0.747021131355302
LOC111124563,0.15094278573632
LOC111106903,-0.262421931189169
LOC111129862,-0.187650854075851
LOC111113600,-0.371142237722253
LOC111131013,-0.149225774735769
LOC111129930,-0.471749496335471
LOC111136581,-1.22070297515019
LOC111112947,-3.24414656701101
LOC111124547,-0.374813117824777
LOC111125328,-2.34426374278867
LOC111134195,-0.775884967053303
LOC111130397,2.32262467289066
LOC111129372,0.457751552665559
LOC111108377,-1.1762125396933
LOC111121052,-0.406309702831841
LOC111101105,-0.142999406399697
LOC111113409,-1.79731319719003
LOC111118491,0.908166883709521
LOC111125262,-0.182133413259283
LOC111138431,-0.309150042828029
LOC111112863,0.603315826760704
LOC111104995,-0.444651863360162
LOC111114625,-0.642946739371124
LOC111134083,-2.21292537243929
LOC111110255,0.36141438339968
LOC111105059,0.000271313909919434
LOC111137735,-2.16100955333107
LOC111111844,-1.03147556927792
LOC111113279,-0.453356500711651
LOC111128293,-1.34441692630309
LOC111121205,0.134334753062062
LOC111099964,-1.15029529112094
LOC111118913,-0.190138632078453
LOC111102014,-0.400765339211713
LOC111101474,0.151497985405617
LOC111106304,-0.352387112027316
LOC111127117,-0.00213873962130693
LOC111107813,0.396727125845404
LOC111125947,0.071322177811792
LOC111117998,0.152672799296014
LOC111124626,-13.2725152466723
LOC111108144,-0.522737521942164
LOC111120387,-2.71159597693867
LOC111136879,2.8372170614058
LOC111137699,-0.780700323985649
LOC111108043,-1.78310400981828
LOC111114076,-0.249851201176073
LOC111117013,-0.439704438354654
LOC111101080,2.7859922645357
LOC111121137,0.0432149754766711
LOC111118458,-0.21561671089468
LOC111135588,-5.95415679879908
LOC111123100,-0.248686981394549
LOC111108397,0.532659049903503
LOC111115505,-0.105178550661242
LOC111133687,-0.706354611702895
LOC111136301,0.531508272912124
LOC111110569,0.299930318644277
LOC111100284,-2.69879470210571
LOC111138310,-1.41489369119942
LOC111133750,-2.82867047856461
LOC111121367,-0.585639643512251
LOC111126347,-0.111124289725868
LOC111136431,-2.29294040813565
LOC111121330,-0.782967396215276
LOC111121575,0.127466286407163
LOC111134436,-0.0202911043837577
LOC111105825,0.120700915657382
LOC111105399,0.640072745153197
LOC111115087,-0.143338338085361
LOC111113506,-0.441232622262983
LOC111134818,-1.53008827405043
LOC111109698,-0.0876438928877264
LOC111104803,0.324749339999759
LOC111125774,-0.386789543152067
LOC111105216,-2.27041741209789
LOC111119099,-0.591218718485654
LOC111103307,-0.0607784089037325
LOC111110125,-0.195672010869423
LOC111132158,-1.21420713407149
LOC111134739,1.03944606374048
LOC111129712,0.22807925231401
LOC111125122,-1.07653270560234
LOC111099058,0.0785087128070299
LOC111123103,0.769088479435047
LOC111131309,-1.52239318547213
LOC111126682,-0.123035844517492
LOC111121224,-1.36667457463074
LOC111124017,-1.6301896376199
LOC111105338,-2.75364275416633
LOC111132052,-0.566009968363333
LOC111114614,0.449528488136488
LOC111117758,-4.08129319647918
LOC111137522,0.03700945253388
LOC111126686,1.32615178632313
LOC111135654,-2.12244453501736
LOC111122208,-0.109253812609104
LOC111120645,-1.02554118301881
LOC111134862,-2.57145802429068
LOC111111162,-1.98631403952823
LOC111125243,-0.617078093648774
LOC111112628,0.0942845475108861
LOC111122885,0.640907125615857
LOC111124900,0.925472809560829
LOC111125350,-0.324324040447391
LOC111127150,-0.149067387416625
LOC111110923,0.237497975072069
LOC111124560,-4.67030612896791
LOC111105211,-0.834042367310328
LOC111119326,-0.0216181956840642
LOC111136405,0.550238934018121
LOC111131303,0.830997806720883
LOC111132114,-1.33076192589946
LOC111109350,-0.366270373136271
LOC111133582,0.0561538393709808
LOC111111674,0.0133431009929296
LOC111120675,1.01689617329204
LOC111120184,-0.0809549825814035
LOC111132318,2.06831830469353
LOC111117806,-0.260130361769757
LOC111136111,0.359646731972259
LOC111137037,-8.92580121525603
LOC111124252,0.243317635070572
LOC111107069,-4.96954052916252
LOC111123734,0.998290281819305
LOC111117159,0.307105239377375
LOC111102529,-0.967938392278258
LOC111136988,0.36250655667255
LOC111105589,-0.681125569255374
LOC111138188,-12.1894166192719
LOC111104140,-0.193366900941207
LOC111137274,-0.477432235696715
LOC111101997,-0.235922485959283
LOC111126597,-0.940966602851996
LOC111111606,-0.736511703633454
LOC111129313,-0.337023109779941
LOC111100633,-0.335089967022288
LOC111109863,-0.0698965168009021
LOC111133189,0.48670987079177
LOC111132060,-5.58621749338102
LOC111119822,-2.73113092225055
LOC111128159,1.55844616212184
LOC111136160,-0.758922517946386
LOC111130657,-0.289587360327587
LOC111129514,-0.0238476141412026
LOC111131775,-1.04598657612931
LOC111100049,-0.396666126749264
LOC111130097,0.441499235460368
LOC111133050,1.03873872932853
LOC111122798,1.29736291211428
LOC111117367,0.0345965996869367
LOC111123456,-0.487511648589294
LOC111125224,0.248672894792347
LOC111103445,-1.04765367727768
LOC111131745,-0.182984392456075
LOC111119576,-1.14835483456484
LOC111103560,-0.23753396166277
LOC111137654,-0.931480734433861
LOC111131579,-1.04902299536322
LOC111100129,2.17832071538951
LOC111116576,-0.219468671685627
LOC111105899,-0.601415180420857
LOC111136611,0.292844540882793
LOC111136456,-0.966976750917153
LOC111099190,-0.0571255000128643
LOC111124196,-0.223141874323186
LOC111116758,-1.10758888870004
LOC111124600,-1.15883331046998
LOC111130842,-0.310664936722803
LOC111113197,0.868692271738465
LOC111119591,0.791574273909234
LOC111104521,0.71667007444417
LOC111113347,0.404407270964043
LOC111129418,-0.14548632409079
LOC111111632,-3.52778285634482
LOC111138215,-3.12930206952121
LOC111106502,0.361534681153441
LOC111107360,-0.289859374763461
LOC111134146,0.171905980004135
LOC111126043,0.00343419599779801
LOC111101587,-0.101784056926613
LOC111112227,-0.429422781866669
LOC111134841,-0.211040076928625
LOC111121456,0.0108020889798521
LOC111120540,-0.154638896538358
LOC111134864,-1.26601823257935
LOC111131011,0.0282434537017015
LOC111108698,-0.148574954149506
LOC111115754,-0.445078418226918
LOC111134865,-1.63195443971916
LOC111118767,-3.27397838864847
LOC111111829,-0.200125336277328
LOC111137194,-0.103273223827211
LOC111101966,-1.26015353743551
LOC111134162,-0.499101201435442
LOC111120874,-1.61045125192737
LOC111121972,0.0186887689959665
LOC111105637,-1.78056365369079
LOC111106700,-0.748771945016991
LOC111108061,-2.32756362712391
LOC111114112,0.319163148665274
LOC111126907,-0.025613646490477
LOC111138335,0.0147446859033053
LOC111107283,-0.378316894961229
LOC111125319,1.71490610305805
LOC111136239,0.139806160053832
LOC111131136,-1.40258730253037
LOC111122446,0.0828609936261426
LOC111121535,0.272085655790025
LOC111124650,-1.92885798853303
LOC111120252,-1.10468956381278
LOC111104463,0.00898224768770096
LOC111126380,0.0144142416303496
LOC111111400,0.263240620075743
LOC111124863,0.625461277482329
LOC111114866,-0.0852360644088116
LOC111114760,1.15691521432655
LOC111128691,-0.0877656169283953
LOC111101400,-3.5808534734263
LOC111101230,-0.12492762452395
LOC111111123,0.624897860932191
LOC111110326,-0.59717106808049
LOC111101448,2.67022239767619
LOC111113303,-0.26576171097102
LOC111121406,-0.336065445774592
LOC111135309,0.251120704166556
LOC111123272,-0.616608587707837
LOC111111070,0.191962514742944
LOC111138338,-0.134767034166987
LOC111114561,0.67956360922335
LOC111120623,-0.979559525343244
LOC111112993,-2.3169831925278
LOC111124295,-0.181462768053735
LOC111131140,1.15771539580256
LOC111107719,-0.27846586903944
LOC111114394,-0.476048430217991
LOC111115498,-0.0209051814864744
LOC111119495,1.13054691266305
LOC111137063,0.0799758338628393
LOC111122169,-0.306072086992182
LOC111115086,-0.309990305225767
LOC111116966,0.0513911865677442
LOC111119125,0.0995359093564533
LOC111116071,-0.0687081801837928
LOC111126842,0.16947963727286
LOC111137123,0.129778820785773
LOC111118132,-0.753512164145073
LOC111120875,1.26290857951099
LOC111137765,-0.205536842994299
LOC111131539,-0.668523297594991
LOC111113288,-0.280274956109514
LOC111130623,-1.52213880110287
LOC111120273,-0.469279015265982
LOC111099737,1.65186218303088
LOC111107699,-0.709059475082802
LOC111130146,-0.801873408147106
LOC111135672,-0.281006334171797
LOC111118051,0.945052710997648
LOC111111375,0.406504752233403
LOC111132105,-0.426384434172409
LOC111124411,-0.111685514790206
LOC111110232,-1.40266196377549
LOC111116661,-0.480909925706946
LOC111129960,-0.00513294965087176
LOC111129407,-0.189497067072234
LOC111128680,0.158331253686862
LOC111103966,0.156901632167577
LOC111107844,-2.22151922295094
LOC111121573,2.8278095305665
LOC111119593,0.376606112202825
LOC111115896,-0.216527847948291
LOC111112153,0.124056685949393
LOC111107536,0.19317161195575
LOC111133549,-0.115152350291092
LOC111134819,-0.167165014047231
LOC111135605,-0.72942723664874
LOC111123960,-0.300893909731492
LOC111106210,-0.324835010182162
LOC111116197,-0.75924304902875
LOC111128305,-1.30384649236227
LOC111119567,0.102795728232821
LOC111103589,-1.82801908972741
LOC111130031,-0.0420854809046421
LOC111116041,0.0525832829941428
LOC111112211,-0.0625305260574139
LOC111125402,0.795919987628401
LOC111123267,-1.49347919901954
LOC111122779,-0.416873229204947
LOC111118721,0.377279580668407
LOC111105017,0.411627212766406
LOC111121421,0.0400514491107512
LOC111121070,-0.892674408258357
LOC111120898,0.927225862299681
LOC111126433,-1.36621741078432
LOC111114573,-0.432854281776014
LOC111123965,0.435934309220841
LOC111119348,0.753802348076712
LOC111118049,-0.252555876802501
LOC111134980,-1.54671790272374
LOC111127898,1.50603516267312
LOC111137483,0.484520981187003
LOC111117611,0.0636646448065815
LOC111130061,-0.0958659752226766
LOC111118570,0.8349361693461
LOC111100594,-0.22571597129307
LOC111135030,-1.02113194717946
LOC111115524,1.06356941512857
LOC111137187,-5.39104322659592
LOC111126482,-1.47962921914966
LOC111110101,-0.332309070455753
LOC111107238,0.00819170929561542
LOC111111915,0.138016676285342
LOC111105333,0.00911726915484002
LOC111122732,0.794417331008357
LOC111133499,0.220818835177979
LOC111135333,1.65314507428551
LOC111112745,-1.38150572186209
LOC111106570,0.297951758074858
LOC111099946,-0.941116649919419
LOC111101113,-0.227361208869121
LOC111134112,-3.76480653503808
LOC111106548,-1.1207543724727
LOC111106830,-0.232381746396748
LOC111131409,-0.824259138071738
LOC111108663,-0.453549395572054
LOC111099068,0.110567516100026
LOC111118406,-0.540470688491341
LOC111127343,-0.296024044770916
LOC111106387,-0.215318874394498
LOC111131519,-0.00505111289229684
LOC111118137,-0.0865826746911822
LOC111133228,0.171602747988269
LOC111135263,-0.373836425125064
LOC111101589,-0.00965177565368395
LOC111101588,0.0695296260575708
LOC111100817,-2.98205611438568
LOC111131756,0.216520684173266
LOC111119360,-0.535316602205841
LOC111104747,0.361749240641667
LOC111112729,4.22801268721948
LOC111132304,-0.378537168781716
LOC111123214,0.897746826434006
LOC111130443,0.0295894732655079
LOC111135417,0.110752374266549
LOC111122588,-1.40164425035931
LOC111111254,-0.608420546494839
LOC111125871,-0.890996770471934
LOC111137128,-1.20259792744228
LOC111136600,1.02235349732875
LOC111125135,-0.278833777307606
LOC111137529,0.827398547808497
LOC111118364,0.475499077449174
LOC111110153,0.232330877714353
LOC111114571,-2.77021901007949
LOC111133719,1.31087562223123
LOC111133901,-1.21660803788981
LOC111105826,0.382699131732983
LOC111119177,-0.424423730768454
LOC111124794,2.2810133753257
LOC111132912,-0.645703008045044
LOC111126211,-1.18463769374014
LOC111100344,-0.888423413181496
LOC111100396,0.0952804530055957
LOC111120505,-3.94449983472618
LOC111128440,-1.18698345840163
LOC111105990,-0.226552944899154
LOC111099849,-0.179358316303873
LOC111113261,0.263774277189571
LOC111137733,-0.290536627964544
LOC111121336,0.239825480535421
LOC111113389,-0.65312847370856
LOC111105083,-0.394843924084404
LOC111108901,-1.41438918742213
LOC111119629,-0.318238829275821
LOC111122044,0.104224690718296
LOC111132978,-0.435176063944326
LOC111125831,1.0357705300589
LOC111114288,0.184334740017388
LOC111118787,0.723686586367571
LOC111109061,0.158378637600006
LOC111133071,0.433837265376139
LOC111138261,0.382796752323904
LOC111111165,-0.597310752149629
LOC111110006,2.41024508732041
LOC111127524,-0.77929649816589
LOC111136706,0.755324347086535
LOC111121133,-0.693263987225154
LOC111138009,-2.98593080798056
LOC111110527,0.634188664301621
LOC111127222,-0.518975248540937
LOC111115633,-0.169204097395879
COX2,-4.67914816454868
COX3,-0.142151925160894
LOC111117840,-0.829690004490542
LOC111116776,0.193478633299726
LOC111128740,0.0968531217554894
LOC111102235,-0.00802163197342935
LOC111137845,-0.306356114134663
LOC111121171,-1.73698606057791
LOC111137993,0.01660041398561
LOC111131285,0.527798038037518
LOC111130158,-0.313571597368101
LOC111134966,0.210757367270389
LOC111106538,-0.297206077167392
LOC111135883,0.321432099328115
LOC111108469,-0.573116420498911
LOC111133666,0.157973661428171
LOC111124963,-0.694153782638811
LOC111102687,-0.907197392414919
LOC111137920,0.960435145430799
LOC111138478,0.11060279202007
LOC111135865,-3.59572893085124
LOC111132819,-3.21110957823333
LOC111109787,-0.463666186889134
LOC111107672,0.038837312460222
LOC111103952,-0.747603196963871
LOC111106365,0.310180090191424
LOC111126156,-2.49344827228759
LOC111125027,-0.32860482132449
LOC111100305,-0.180392040322682
LOC111112435,0.331536715334997
LOC111102531,-0.244504073562555
LOC111118340,-0.116576245112887
LOC111125763,-1.25519890064253
LOC111099789,1.14552429208243
LOC111110243,-0.71991113806814
LOC111112137,-0.929958328448495
LOC111123538,-0.436432978664737
LOC111124989,-0.0462042521042756
LOC111128279,-0.489916800592295
LOC111104012,-3.65856146294013
LOC111133734,-0.493150058682606
LOC111101062,-0.387212233108617
LOC111136479,0.00354672789058777
LOC111123786,0.130555660059938
LOC111135600,0.254304366900526
LOC111137281,0.618441885306917
LOC111109965,0.966661544807905
LOC111130062,0.325458381128078
LOC111137816,-0.796573379775742
LOC111101902,-0.419368665012215
LOC111121185,0.196253228208102
LOC111120305,-0.0431564728806356
LOC111137118,-0.37997397032873
LOC111116965,-3.80514211222403
LOC111134573,0.435809393605307
LOC111126088,-0.347807509891562
LOC111101527,0.376076313010689
LOC111100763,0.0432493100695754
LOC111127043,-7.24434306898936
LOC111129335,0.214131984957883
LOC111100846,-0.633557607166674
LOC111103612,-0.927770299134174
LOC111135592,0.459200913415836
LOC111127227,0.208137505877037
LOC111138244,0.283259032352419
LOC111117428,0.574505864155157
LOC111107901,-0.141529330985502
LOC111126313,0.00146848197535759
LOC111117318,-2.16075279782442
LOC111111624,-0.696332558528283
LOC111136261,0.0329894765598075
LOC111127633,0.388208758088875
LOC111135301,0.0461538144105989
LOC111109813,-0.507401135714505
LOC111124445,0.102788927050884
LOC111104781,0.128133387778165
LOC111107255,-0.894969472499068
LOC111107486,-1.8597928279449
LOC111117716,0.0469519032544195
LOC111125896,-5.71662091669129
LOC111114974,0.536589701524136
LOC111108399,-0.160716078515005
LOC111120229,-1.18422865721832
LOC111137667,-0.231051272092183
LOC111112499,-1.09762785429973
LOC111111153,0.290531288999846
LOC111136871,-0.177630729566148
LOC111128290,-2.15747612910706
LOC111116761,-2.7393900256841
LOC111103624,-0.995512062805148
LOC111103625,-4.67853653507301
LOC111124755,0.70601728761082
LOC111134693,-0.0614224570065208
LOC111127802,0.681003307293225
LOC111109126,-0.62023075594432
LOC111110880,0.0249130793648789
LOC111101424,0.842225675049918
LOC111131447,-0.384463371218581
LOC111112338,0.151214029761563
LOC111121491,0.185142429898328
LOC111108050,-0.559975288841543
LOC111128606,-1.22823353410855
LOC111135238,-0.154912622276698
LOC111106893,-0.445339481661675
LOC111136681,0.438876491834701
LOC111129878,0.429046276172023
LOC111114430,0.527340699523628
LOC111126684,-0.664375894606963
LOC111126112,-1.1535165530382
LOC111118275,0.621271783328319
LOC111123757,0.144119092128167
LOC111119236,-1.23564730564881
LOC111136807,-0.741526945583147
LOC111126753,-0.466795039726509
LOC111125892,0.819578679951916
LOC111106902,-0.253575695860941
LOC111120031,-0.288901550476032
LOC111131801,-1.41681819535972
LOC111138151,-0.2120169152223
LOC111137713,-0.596067416231598
LOC111134642,-0.679853967417966
LOC111106332,-0.679279216272444
LOC111105629,-0.516490445579355
LOC111107237,-0.164977847350013
LOC111127750,-0.166407945744381
LOC111128444,0.737002291547408
LOC111122000,0.474012321331909
LOC111129620,-0.164513466213171
LOC111103700,2.82580517761277
LOC111122809,-0.0669947664187864
LOC111099729,0.898825562574848
LOC111118308,0.0598643300796124
LOC111128808,0.475793142901237
LOC111135699,-0.348768506697426
LOC111100786,1.27974389114117
LOC111131316,-0.0934671477134998
LOC111130662,-0.813725399209513
LOC111115027,-0.746964859404329
LOC111101041,-3.46762135280418
LOC111110620,0.787982882572001
LOC111105693,0.365002578356005
LOC111108667,-0.205211088915764
LOC111120562,0.39119197739617
LOC111116220,-0.64327625394887
LOC111122550,0.542968442775553
LOC111117511,0.217864149932644
LOC111118604,0.158118797707279
LOC111128418,0.785342096848473
LOC111136515,-0.396130868235643
LOC111126707,-0.136944588846275
LOC111099500,0.0060470150385814
LOC111121510,0.550346083326727
LOC111127257,-0.855811880452339
LOC111114313,-0.689257052574478
LOC111115908,0.0225060315804412
LOC111099565,-0.592900132237116
LOC111131120,0.310643290306016
LOC111122901,-0.316676839277097
LOC111137333,0.165062180368064
LOC111121412,-0.440841263110404
LOC111103534,0.586248005535529
LOC111115400,-0.439671966745089
LOC111120013,0.234224283767893
LOC111131174,1.26034913534908
LOC111130001,-0.258011209859883
LOC111102592,-0.526874123573078
LOC111105305,0.151392925014821
LOC111131389,-0.417480586263792
LOC111100412,0.0721644391178581
LOC111120363,0.246025873365504
LOC111130940,0.410092589809609
LOC111117987,2.22731549659129
LOC111112607,-1.50693355587139
LOC111134878,-0.931206048206601
LOC111132745,0.75413975110979
LOC111101520,-0.0160442331770298
LOC111133918,0.094503858244602
LOC111124657,-0.623202904549316
LOC111130183,-1.71452487841985
LOC111114766,1.3733277399518
LOC111107408,0.600350082890925
LOC111101295,-0.111553860743159
LOC111130475,0.246455827357361
LOC111136343,-2.7438198434692
LOC111109265,-0.00794785112046398
LOC111112895,-0.388472204464376
LOC111108991,-0.585733682413511
LOC111122778,-0.443792552823629
LOC111116418,-0.176191809700476
LOC111101340,-0.303963907889564
LOC111122301,0.0865422797875257
LOC111138242,-0.0803667077084673
LOC111134709,0.8732650802211
LOC111100391,0.987070991563585
LOC111117970,-1.76118312959959
LOC111124518,-0.866467919754744
LOC111100045,-1.01092992710596
LOC111114611,0.215750106847276
LOC111134264,-0.311633369391981
LOC111137034,-0.635273509268516
LOC111136017,2.54778378432838
LOC111107135,-0.701354148956615
LOC111110297,-5.06699685259206
LOC111102494,0.294424270764641
LOC111138267,-1.00664750920256
LOC111138141,-1.98828236551187
LOC111132954,0.34768037174126
LOC111123409,-0.486833203358604
LOC111125303,1.69971172365939
LOC111099225,-1.82004071453944
LOC111104121,-0.111949410294295
LOC111129534,0.222014092483287
LOC111134604,-0.0935520262224034
LOC111108825,0.560819604709835
LOC111121172,-1.50985248260188
LOC111126472,-0.295225183711837
LOC111101232,1.45612965890375
LOC111106070,0.176031456189617
LOC111135550,-0.566474232197518
LOC111129748,-1.11731947106074
LOC111113406,0.0849920745513163
LOC111107023,-0.402511135268344
LOC111125234,-0.3301943213524
LOC111132907,0.331991176980766
LOC111130599,-0.462350008171596
LOC111128182,0.34273372310513
LOC111102878,-1.67471069866656
LOC111104702,0.574050273970244
LOC111124224,-0.334231030537914
LOC111105722,-0.407846282388863
LOC111100695,-1.08023632629971
LOC111119727,1.52582518673487
LOC111107809,2.88124062412806
LOC111113179,-0.242826293021721
LOC111115961,-0.728121742835991
LOC111135061,0.648975999677181
LOC111102240,0.162712765384783
LOC111120724,-0.311034150471549
LOC111106754,-1.90788517296389
LOC111123490,-0.339291670673113
LOC111128073,0.16783795947244
LOC111118705,-5.33388889095044
LOC111105102,-7.43735459053777
LOC111103888,0.447879033998366
LOC111138230,-0.383196999041461
LOC111135569,0.308402702300894
LOC111110072,0.118087819280694
LOC111132520,-0.971362978237663
LOC111113161,1.78359471139493
LOC111129483,-0.198743000605697
LOC111127846,-5.61158330911287
LOC111103955,-0.308099308365159
LOC111138486,-1.19614737767685
LOC111118995,0.484736027049391
LOC111099648,0.513289823642072
LOC111124399,0.377438217822232
LOC111123274,-0.230059226089115
LOC111136781,1.56009588921274
LOC111123254,-0.720162685593983
LOC111109525,-0.428466724648129
LOC111135594,-0.65058329229381
LOC111129839,0.473295659434957
LOC111123797,5.78228297415734
LOC111100398,0.396924076447837
LOC111116911,-0.361102530705223
LOC111122668,0.0417892226452151
LOC111133797,0.385628012752658
LOC111124119,0.00282571797434023
LOC111111552,-0.040984118946516
LOC111105316,-0.223993910922478
LOC111112168,-0.206509723145098
LOC111109974,0.145877738161431
LOC111112019,-1.70609954588394
LOC111134440,-1.10391721453232
LOC111125112,-0.89519580350966
LOC111137784,-0.528391705311119
LOC111128757,-0.0213927566585558
LOC111126349,1.2478704910348
LOC111132250,-0.29102293450496
LOC111108572,-4.06165743995919
LOC111132338,-0.358220403418742
LOC111135083,-1.08319786308609
LOC111113929,0.0161472383494427
LOC111114771,-0.466109737348122
LOC111137347,0.0954708703182013
LOC111105567,-0.680871333773482
LOC111128323,-0.622818243808698
LOC111105882,0.389828013871389
LOC111126442,0.0453361196786514
LOC111101851,-1.17915062524296
LOC111104333,-2.77302438553325
LOC111124469,-0.78375792096236
LOC111128070,-0.79220476357455
LOC111124098,-1.22114548602591
LOC111111575,-0.259085690697766
LOC111122135,-1.97473937997787
LOC111101974,-0.0840078029949228
LOC111105694,-1.38864309801514
LOC111125782,-1.42335963704485
LOC111132113,-0.83329388120705
LOC111113953,-0.0763436230255619
LOC111100372,-1.77762295005801
LOC111132796,0.12279599426797
LOC111121225,-2.06446507798336
LOC111125418,0.139302000910792
LOC111119659,0.222373329313689
LOC111138355,-0.489427176833868
LOC111101371,-0.0695832545404431
LOC111124652,0.193513818937199
LOC111100256,-0.0537073669034541
LOC111106359,-12.3797104639653
LOC111103129,0.677561712272611
LOC111126555,-0.0535845486186919
LOC111101495,0.625172020804356
LOC111117471,0.415185038856743
LOC111136384,-0.322810098215604
LOC111104130,-1.71736734653855
LOC111109536,-0.0386865886121545
LOC111135706,1.02952798178555
LOC111111458,-1.1084151049211
LOC111125692,-2.81141856134805
LOC111113173,-1.13120081872987
LOC111138246,0.183548243587235
LOC111134532,-2.05183973155716
LOC111126133,1.7151730375683
LOC111112618,-0.529199000746936
LOC111125691,0.268842089528969
LOC111123270,-0.148086536448167
LOC111112500,-0.660960615017918
LOC111109123,-0.0827233334584404
LOC111111622,-1.15853012645231
LOC111107859,0.0451974695820157
LOC111102751,-1.39414806073486
LOC111135019,-2.37028530680004
LOC111134834,-0.58126020022787
LOC111106138,0.569629678347581
LOC111106108,1.90033715864646
LOC111137867,-0.31739628495549
LOC111105591,0.399919156003197
LOC111106704,1.01202578628447
LOC111123188,-1.21792307155669
LOC111108256,-0.501313883331313
LOC111136668,-0.0377538842228928
LOC111127101,0.19264082763357
LOC111121440,-5.58030984197398
LOC111118720,-0.110394275171415
LOC111124573,-0.445008038685522
LOC111107620,0.295759770985079
LOC111128103,-0.527548420457233
LOC111102532,0.203394366815978
LOC111111424,-0.683583897491678
LOC111134017,-1.10245392193493
LOC111128918,0.257130438550833
LOC111113124,0.31829148071347
LOC111135977,-0.466914623866788
LOC111112260,-0.387060289577839
LOC111129395,0.417321350651622
LOC111119286,-0.197142157101809
LOC111131274,1.31016673176631
LOC111107689,-0.31479908287968
LOC111129298,0.125693049021992
LOC111135155,-0.625664760014104
LOC111125801,-0.488477525158839
LOC111114855,-0.48446105638575
LOC111100265,-4.35523919328056
LOC111130030,-0.165230384661427
LOC111133237,-0.867846723658511
LOC111133803,3.76621775820345
LOC111120853,1.092228439179
LOC111125984,-1.45541514492874
LOC111131015,-0.34626235311513
LOC111128341,0.55051762046859
LOC111133691,0.319738340576214
LOC111100419,1.52952705983276
LOC111113130,-0.502370131179815
LOC111106193,0.455689208472712
LOC111106319,-0.181841600268104
LOC111105471,-0.463647215349096
LOC111129094,-1.73343481055085
LOC111112970,-0.333938027572607
LOC111110652,-0.500731247579744
LOC111119657,-3.11072062995002
LOC111107837,-0.393420117531386
LOC111129693,1.34604898367733
LOC111125602,0.358019710264488
LOC111125386,-0.960476629463677
LOC111121563,-1.43942378078609
LOC111133513,-0.0468310603083527
LOC111108701,-0.415656582265021
LOC111107280,-0.940853190403509
LOC111134466,-0.235064007022116
LOC111119400,-0.301373404972542
LOC111123990,0.307387957920915
LOC111135427,-1.33680699106836
LOC111135426,-4.6418745490995
LOC111132223,-0.701336651336456
LOC111137136,-0.685653238783577
LOC111113363,0.4839793125328
LOC111101532,-1.73903660216855
LOC111128458,0.25867427382572
LOC111110545,-0.420662529095471
LOC111130688,-1.2417098261032
LOC111111515,0.0580420949896887
LOC111124400,-0.223188781090621
LOC111122139,2.92544312348214
LOC111132056,-0.923137903238762
LOC111109815,-0.222723390329301
LOC111125100,-0.395584272235469
LOC111121387,-1.27931265073084
LOC111109504,-0.399184502032659
LOC111109527,0.125735282116294
LOC111121815,-0.195151311866205
LOC111124371,-0.0645754157622505
LOC111108636,-0.353287335429248
LOC111125338,-3.64028436015499
LOC111133752,0.539024123324
LOC111112420,-0.806507665247085
LOC111120442,-0.434927318394678
LOC111117220,-0.403234725472168
LOC111126675,1.08651241651002
LOC111127799,-1.34079235724249
LOC111108173,0.709111884531285
LOC111137552,1.05886118556102
LOC111117217,-0.2816603345274
LOC111108540,-0.0536794742126962
LOC111131864,-0.00235975913214566
LOC111133511,0.201186771652148
LOC111106666,-0.204079644743256
LOC111128473,0.705057618410763
LOC111103418,0.398241246282117
LOC111133092,-5.7860408673801
LOC111137678,-0.601241604184013
LOC111124144,0.120967277466735
LOC111133835,0.127359486070284
LOC111137000,-0.31325209647135
LOC111108511,0.127758948805063
LOC111099621,-0.208764798679007
LOC111106051,-0.392584385392164
LOC111101170,-1.58397084104892
LOC111132398,-1.15767336386337
LOC111116456,0.695162660798306
LOC111137255,1.1243286180016
LOC111101524,0.321269162229846
LOC111130257,-1.09414445917982
LOC111111189,-0.227700022662877
LOC111137475,0.0440570077680128
LOC111099806,-0.820113193736706
LOC111101806,-2.04775565318241
LOC111132227,-0.629101221051295
LOC111106258,-0.268767988009259
LOC111117429,0.512566477828145
LOC111111696,-0.684802209102427
LOC111134728,0.812831514014258
LOC111123450,-0.385187243525244
LOC111124967,0.392582955949462
LOC111134500,-4.29002989140597
LOC111137510,-0.0283704479798908
LOC111133968,-0.256229832701478
LOC111113918,-0.752697341823669
LOC111099657,0.715323961368356
LOC111100389,-0.00806568983324475
LOC111137410,0.0861330326749548
LOC111099922,-0.32042257720905
LOC111133822,-1.56943915943664
LOC111120394,-0.45904816911943
LOC111132325,0.0335115998895653
LOC111129760,-0.511117083623172
LOC111136336,-0.502694809704687
LOC111137323,-2.03535851479547
LOC111125017,-0.855977278177894
LOC111123365,0.0397298663368538
LOC111137031,0.722409459035889
LOC111118851,-0.204884458939589
LOC111121198,-2.32054794555998
LOC111131216,-0.182834864174544
LOC111102336,0.54295268975492
LOC111110988,0.980325028684168
LOC111124223,-4.38110506540901
LOC111136274,-0.754408820684339
LOC111102457,-0.452406378124459
LOC111121468,-2.73525146895868
LOC111123915,-0.114316000310668
LOC111113066,-0.360700953904561
LOC111119208,-0.652201843632523
LOC111129130,0.856940728513585
LOC111109742,-2.05003226963393
LOC111136163,-0.315358772952741
LOC111133409,-0.46856343830958
LOC111120997,-1.54800868681972
LOC111104064,-1.33816764842331
LOC111105529,-0.326887477939686
LOC111112886,0.414260873191374
LOC111120766,-0.354307306550993
LOC111115177,0.619260499658663
LOC111114202,-0.952249903562451
LOC111107200,-2.04687153548924
LOC111106767,-0.208553924843652
LOC111137986,1.34839332548347
LOC111116703,-0.89931249767756
LOC111138093,-1.48814502489048
LOC111129918,-1.05302896006181
LOC111136502,-0.95924503281312
LOC111134842,0.871123297257188
LOC111104424,-0.210484097380513
LOC111101421,0.04436063159224
LOC111117316,0.157295764800989
LOC111129187,0.238924248649467
LOC111107491,-0.0452698160645527
LOC111135662,0.247355776258992
LOC111115587,-0.23287459741549
LOC111107003,0.174384457125192
LOC111129985,-1.55470202801551
LOC111131315,0.631371788446541
LOC111133939,-0.55649901871089
LOC111108920,-0.477699127618108
LOC111137532,-0.306917801499244
LOC111131067,-0.165096960773558
LOC111112767,-0.0845060428702668
LOC111104287,-7.57113973577906
LOC111128269,-1.5515073187496
LOC111108023,-0.107710266822762
LOC111115580,-0.333521296420946
LOC111099517,-0.129971985726085
LOC111131659,-3.46244986511196
LOC111134278,0.185393801142225
LOC111132420,-0.0328178934146222
LOC111101068,-0.757456880359553
LOC111108631,-0.625376089342189
LOC111123694,0.213739284211796
LOC111137374,-0.225255972481042
LOC111124844,0.608584921990271
LOC111107332,1.07867838957106
LOC111100912,-0.317281145336894
LOC111104014,-0.409395687918283
LOC111111315,-0.536691021118144
LOC111116230,-0.829102141148709
LOC111104166,-1.06184686984256
LOC111123550,-0.223656860772799
LOC111126613,0.235870863989904
LOC111102060,-0.454402172353637
LOC111126450,0.910319371569168
LOC111119307,-0.995651129030922
LOC111101350,0.169981810384779
LOC111108762,0.535202286794083
LOC111100204,-0.678958240106264
LOC111125665,0.855062919690963
LOC111122497,-0.232766295139334
LOC111107739,1.43668862062636
LOC111112477,-2.41550243709524
LOC111118918,-0.104759662451423
LOC111130099,0.592138167140708
LOC111113350,-0.519925138512929
LOC111103029,-0.0949083813673019
LOC111138111,-0.934726426542153
LOC111101752,-4.09381197214858
LOC111104310,-0.617305717230043
LOC111116085,1.31986367349862
LOC111099531,0.0941673804040706
LOC111119124,0.182071180998363
LOC111116087,-0.639596480222539
LOC111100852,-2.2039939599746
LOC111105852,0.669569020132994
LOC111138422,-0.49452760425552
LOC111133814,-0.612283552467399
LOC111132177,-0.0154908490644738
LOC111130081,1.76846785424495
LOC111126767,-1.01840782195757
LOC111134425,-0.936155611718133
LOC111127415,0.893043824675217
LOC111117154,-0.530167727277087
LOC111120200,0.303436984596655
LOC111130792,-0.291138904266043
LOC111115838,0.201164308232208
LOC111124055,0.977525853588488
LOC111132222,0.0414661353770773
LOC111122522,-0.272343125910139
LOC111134510,-1.29614896186307
LOC111120719,-0.312390299446556
LOC111119746,0.327580236411009
LOC111135915,-1.29404522194426
LOC111127967,-0.721907542757755
LOC111138235,-0.937358795352935
LOC111138056,0.971021898105408
LOC111131719,0.0698819764752837
LOC111128389,0.396124728041906
LOC111135833,-0.879983155452306
LOC111106586,-0.153534986052287
LOC111113333,-0.0177128925254434
LOC111122235,-0.292531729617743
LOC111137244,0.273182098793639
LOC111133407,0.954006901919432
LOC111135482,0.704214486002305
LOC111130973,-0.723299189988298
LOC111134253,0.377441655326347
LOC111123071,0.0334836996225179
LOC111134591,-0.474969066824071
LOC111109928,1.89835063149859
LOC111106496,-2.39223281914494
LOC111121910,-1.59865660314596
LOC111106441,-0.449745324323185
LOC111129677,0.0410068534774558
LOC111100911,-0.215358486471279
LOC111128539,-0.508226238124854
LOC111130194,-0.0275328642139676
LOC111120994,-0.338544730611456
LOC111101749,-0.107446552558622
LOC111115357,-0.828894410970905
LOC111107222,0.298538193237076
LOC111113829,-0.0924700065298585
LOC111129705,-0.254902890632478
LOC111123191,0.31256465076647
LOC111103374,1.18329679274007
LOC111123192,-0.0136224342341979
LOC111107328,0.576283235123609
LOC111138390,0.00270025087781796
LOC111119675,-1.04468319077503
LOC111131382,0.0151166108797703
LOC111119214,0.319351732922012
LOC111101380,0.622513280989389
LOC111101266,0.248668566127751
LOC111124258,-0.179617843045893
LOC111100465,0.719681005731699
LOC111115777,-0.162653823993727
LOC111132176,0.212076035053044
LOC111135796,-2.2706196908526
LOC111119767,1.32796349482392
LOC111102405,-0.304685504450466
LOC111129337,0.641500754200647
LOC111119814,1.00742633111384
LOC111119024,-0.244757547671937
LOC111110912,-0.116522135468349
LOC111130840,-1.26578077562951
LOC111117149,-0.0216809805783642
LOC111130664,-0.571659618265969
LOC111126585,0.217915978048888
LOC111134180,0.745777074979926
LOC111137248,0.62054772436998
LOC111119517,0.698029871272562
LOC111115920,-1.31137689257485
LOC111109364,-0.0514117552364809
LOC111129729,-0.0515117312332402
LOC111104269,1.94986599158631
LOC111119541,-0.189310845640818
LOC111104745,0.57182218140277
LOC111112843,-0.456210540232189
LOC111109473,-1.41370023216691
LOC111133365,0.22382592730932
LOC111103879,-1.00718127542799
LOC111131074,-0.646234858982365
LOC111121542,-0.723843721406054
LOC111125374,-0.842382331347499
LOC111107482,0.100603147433755
LOC111127642,0.309839113103554
LOC111135880,-2.56980579277432
LOC111101253,1.11215473708641
LOC111100336,-0.804353252485314
LOC111124552,0.561508964028968
LOC111131397,-1.44022025173808
LOC111135075,-0.253604952442662
LOC111138463,-2.00011481795542
LOC111112796,-0.0199108456261684
LOC111106568,0.127318371446285
LOC111109087,-0.803011045892782
LOC111105474,-0.267271488267957
LOC111125388,-0.247734879066405
LOC111138205,-0.370364408704754
LOC111126161,-1.38406684510597
LOC111105133,1.03453190851892
LOC111130888,-1.56289187198345
LOC111125575,-1.71367539165368
LOC111136838,0.342418461136759
LOC111128784,-2.33575036102807
LOC111116164,-0.181328693690388
LOC111100847,-0.0462040936319593
LOC111125561,-1.7738321068421
LOC111122944,-0.235180459366566
LOC111133309,-0.151767487181868
LOC111131781,0.967364891538981
LOC111108342,1.17947934487169
LOC111099830,-0.52352262663389
LOC111132658,0.532935338712104
LOC111135743,0.575491234105362
LOC111134154,0.0774469277749891
LOC111120023,-0.697835456176058
LOC111110929,-0.138021912674855
LOC111127155,-3.11018100601144
LOC111105266,0.420385179546957
LOC111125193,0.213427780217005
LOC111125192,-0.266727225791751
LOC111130125,-1.54039401564722
LOC111114565,0.163390408700271
LOC111136599,0.203801209875397
LOC111111252,-0.734300781244779
LOC111121326,-0.538333383047082
LOC111111121,1.48148256214748
LOC111125245,-0.181583749392324
LOC111129859,-0.697021658400956
LOC111120690,0.526978047981849
LOC111108195,-0.723457471817927
LOC111117567,-0.0904884876364062
LOC111119101,0.531466148626705
LOC111131493,-0.203623658178414
LOC111117934,-0.406900188314094
LOC111129856,0.215967178301084
LOC111108558,-0.816620059447125
LOC111122167,-0.652848913706535
LOC111118774,-0.228388925103044
LOC111111926,-0.114570588282471
LOC111128718,-2.29709337435002
LOC111120019,-0.744788269787321
LOC111137312,0.217718526598242
LOC111133950,-0.0747949015622574
LOC111123104,-0.490560705483502
LOC111121504,0.145359589551649
LOC111111586,-3.12139503967854
LOC111110212,-0.0811505227722172
LOC111099561,-0.821626178043879
LOC111125476,-0.425099530152157
LOC111129618,0.0287034412997498
LOC111127949,-0.416620693124364
LOC111124431,-1.40225566690393
LOC111132137,-0.732676927405454
LOC111129213,-0.39533019640434
LOC111127224,-0.0371089504845898
LOC111102340,3.52588055634581
LOC111134430,0.0459873971135619
LOC111137971,0.0382237869248583
LOC111133813,-0.759163533246019
LOC111101044,-0.625772600438747
LOC111133271,-0.151664663797429
LOC111135930,-0.0113336087305061
LOC111117019,-1.34014882953505
LOC111125077,-0.12789061339347
LOC111104730,-1.68666689649087
LOC111128816,-2.81329111356975
LOC111127254,-0.458871972135969
LOC111128088,-0.135679930715129
LOC111129695,0.552147450571186
LOC111136891,0.598083943068251
LOC111136875,0.657097093265588
LOC111104217,-0.413162115888477
LOC111107043,0.24295776440625
LOC111121419,0.432900555319408
LOC111115793,-0.338264514250145
LOC111100744,-0.499216356950997
LOC111132651,-0.224693149636414
LOC111135173,1.57960405969934
LOC111132772,-0.487507071891844
LOC111103991,-0.390957183164867
LOC111122389,-0.593391730596989
LOC111114854,-1.7661476479713
LOC111138275,0.953586736200729
LOC111137716,-1.66795864927264
LOC111120467,-0.579980806554971
LOC111133800,-1.1774970519982
LOC111110185,0.286345738635097
LOC111106521,-0.717706667145966
LOC111120984,-0.48557613799271
LOC111131248,-1.5151124052093
LOC111136505,-0.106073379981079
LOC111105828,0.280937630772084
LOC111123939,-1.81855182427717
LOC111103890,0.241645927306793
LOC111104284,-0.247808394399911
LOC111113102,-0.0983584650428909
LOC111131059,-0.767889159724727
LOC111128021,-0.627526245987928
LOC111111119,0.2387024995338
LOC111132899,-0.926429697706637
LOC111119002,-0.212069227685046
LOC111117604,-0.116920205987282
LOC111102679,-1.33872044048988
LOC111137204,0.14775441967194
LOC111118008,0.966904174369028
LOC111123507,0.0914370643875373
LOC111120338,0.426490795016307
LOC111119042,0.16727168850171
LOC111111765,-0.181914580344324
LOC111110062,1.23217247463999
LOC111129517,0.203065973679936
LOC111125427,1.52403360765669
LOC111138089,-0.0968912672158786
LOC111136470,1.23593949647034
LOC111100804,-0.64623698771326
LOC111119241,-0.278569804960708
LOC111134091,1.00229472969795
LOC111124505,-0.830172235472647
LOC111133686,0.140728739095721
LOC111126224,-4.88812557400237
LOC111138315,0.252349762558186
LOC111115624,0.0483663576123795
LOC111126937,-0.092359269671127
LOC111104311,-0.417949783466345
LOC111125104,-2.18120036893328
LOC111118653,0.142434790370021
LOC111113756,-0.516513406214933
LOC111113817,-0.141573989201689
LOC111130454,-0.178207983542885
LOC111137580,0.597432636345298
LOC111119173,-1.07682395925683
LOC111116746,0.540930699037186
LOC111136272,-0.0359209937288847
LOC111137411,0.0542459787524434
LOC111126047,-0.0934245354525006
LOC111125352,-0.0236549334870825
LOC111127198,-3.36159488218745
LOC111130173,-1.03628574906102
LOC111121645,0.333427456961556
LOC111131050,-0.659177583457563
LOC111122686,-0.223989335288263
LOC111106452,0.183738198297702
LOC111118515,0.0909365831261512
LOC111134563,-0.358305389291917
LOC111112201,0.104759739716697
LOC111125134,-2.08838265543021
LOC111126358,-0.556562212637487
LOC111125753,-0.438689418484354
LOC111129408,-1.91842845102002
LOC111105162,-0.0356569508029673
LOC111100898,-1.16659335225121
LOC111134520,1.87970526694278
LOC111127775,0.676683745825044
LOC111136258,-1.30331875680366
LOC111118744,-3.29559007491045
LOC111119220,0.762323235620222
LOC111131106,-1.516185165718
LOC111126461,0.469482921624717
LOC111105336,-0.0966673167039483
LOC111117850,0.256898169267318
LOC111123534,-0.433456329969491
LOC111108148,0.416503041148617
LOC111101781,0.681049116217372
LOC111131834,-0.50641831605647
LOC111105714,0.0243726029808959
LOC111101776,0.87727400067548
LOC111119571,-0.0763714992365891
LOC111099772,-0.431595752503482
LOC111115732,-0.159237144041875
LOC111101025,2.19711886106375
LOC111121430,-1.88203332915561
LOC111117300,-1.69556368699812
LOC111110619,-0.889083270543531
LOC111106752,2.91232885919551
LOC111108458,0.174061641205054
LOC111100209,-1.44727128527881
LOC111103443,0.0300270651193711
LOC111123890,-0.738959074946085
LOC111105353,0.54108777953331
LOC111103660,-0.633454758667544
LOC111102303,2.41995265328942
LOC111099872,-2.09077306707082
LOC111128099,-0.383215581982896
LOC111135696,-0.435891595436669
LOC111112549,-0.682245055594869
LOC111099184,-1.1627890802789
LOC111103000,0.584531375350984
LOC111121153,-0.510527469617842
LOC111137546,0.041795573465967
LOC111111531,0.00639069364255156
LOC111135613,-0.262839443276029
LOC111118886,-0.770146705060975
LOC111108111,0.163222357450267
LOC111122212,-0.0267163532668399
LOC111133469,-5.85104532298647
LOC111131696,0.643090445720049
LOC111134126,-1.82516329405634
LOC111109461,-0.431071212440802
COX1,-9.25944780359949
LOC111136492,-0.775242519279862
LOC111112839,0.515371016242843
LOC111120589,0.110980326444192
LOC111134051,0.353093247365529
LOC111110724,-4.90038026472343
LOC111103348,1.85187616454394
LOC111137994,-0.832378934230995
LOC111137935,0.578217139038956
LOC111102737,0.0140849631805966
LOC111122870,-0.190711841186571
LOC111134258,-0.651483153702521
LOC111136351,0.194524190447104
LOC111134926,0.953268164879257
LOC111108126,-0.358916852226382
LOC111115950,0.025428117925102
LOC111110615,1.49785950297397
LOC111105207,-1.14270547212615
LOC111135107,0.440336634234753
LOC111102638,0.815017294977251
LOC111114577,0.113654315495181
LOC111102351,-0.0119918972921097
LOC111109290,0.707581822437195
LOC111100004,-7.53409841193664
LOC111109404,-0.0304953607638088
LOC111106231,-0.518190326426147
LOC111130780,-2.80482488266459
LOC111133762,0.245620351871194
LOC111116824,4.70095770326999
LOC111119631,0.14157308310601
LOC111105419,-0.461287808283823
LOC111136809,0.584693403012999
LOC111137526,-1.142512053038
LOC111106119,-3.51275256024464
LOC111104266,-1.03817440814762
LOC111111508,-0.336746373450815
LOC111116700,-0.0566215272785459
LOC111099504,-0.219736893432178
LOC111111539,0.0279037432339304
LOC111100240,-0.361507659801367
LOC111117943,-0.373135770017608
LOC111121672,-1.5278094762792
LOC111120057,-0.489716801258469
LOC111118470,0.371394062766007
LOC111120942,-6.20199807613276
LOC111126083,1.63375441129531
LOC111131301,-0.267137503058676
LOC111108231,-1.6846745152102
LOC111125337,0.236011523717599
LOC111134475,1.15451871802456
LOC111129412,1.22470257097637
LOC111117054,-1.50178590195318
LOC111123601,-0.613508374412192
LOC111103647,0.238303281543272
LOC111115065,1.32523033258893
LOC111105961,-0.537517960449873
LOC111112752,0.511318798573252
LOC111114808,1.65015823105549
LOC111103323,-0.479518798042969
LOC111101152,0.442134968631338
LOC111112469,-0.345943006770766
LOC111125003,0.0148794594553497
LOC111099122,0.591952727888574
LOC111137395,0.669822746079518
LOC111131754,-0.423671658832011
LOC111134768,0.437832573036592
LOC111106620,0.819956052682483
LOC111135541,1.58540122187772
LOC111124080,-0.303784762578945
LOC111102430,0.216405498780061
LOC111128459,0.694475778733006
LOC111102272,0.797758063628315
LOC111114947,-0.195908494210092
LOC111124346,0.0262786900112651
LOC111120507,-0.158630310655622
LOC111137599,-0.0998193857137359
LOC111100729,0.18089667184987
LOC111137982,0.188878517010058
LOC111104449,-0.692615521036646
LOC111131838,-0.522109798847301
LOC111126987,1.5206771037929
LOC111137418,0.277041466762647
LOC111123167,-0.288087079570101
LOC111133671,0.024107721260295
LOC111109968,0.382481817467222
LOC111104700,-0.250655092423472
LOC111137030,-0.332625211879502
LOC111135958,0.497802776431461
LOC111108307,-0.535868544890597
LOC111128041,1.48330596875221
LOC111111754,0.878049150652996
LOC111132361,0.340492720776459
LOC111129223,-0.12087394493201
LOC111108101,-5.67064559808615
LOC111128196,-0.855599281408839
LOC111102565,1.5214873041161
LOC111111263,0.163061805904153
LOC111102893,-0.318572784280088
LOC111134525,1.11064085358737
LOC111118977,-0.732702419173798
LOC111117708,0.213664778214099
LOC111104157,-0.0421684302592946
LOC111122808,-1.14468050329021
LOC111122184,0.559349251613082
LOC111117363,-0.402543076908689
LOC111105304,-0.752668214113336
LOC111102229,0.020573482118379
LOC111112744,-0.342876534084743
LOC111134969,-1.83737045398246
LOC111136204,-0.172803175274075
LOC111128831,0.463453690568512
LOC111133142,-0.167937043912824
LOC111099909,-1.71155157218365
LOC111114886,-3.28441107251495
LOC111130939,-0.215858931805474
LOC111110772,0.622823857918475
LOC111137555,-0.739741047976761
LOC111125506,0.168342782131589
LOC111106215,1.01140850461288
LOC111138035,1.38044768051819
LOC111112367,-0.337818485651618
LOC111114880,-0.9559282837899
LOC111122858,1.3637890531019
LOC111127432,-0.259255741150846
LOC111138078,0.158279227773146
LOC111130189,-0.00733301682597691
LOC111127217,0.847234681232894
LOC111134485,-0.0444775073339276
LOC111130499,0.438169384469362
LOC111130387,0.146969686817566
LOC111121568,-0.167160764738354
LOC111124922,0.731194025821616
LOC111126227,-0.741780413174829
LOC111101298,0.783043759380014
LOC111125403,0.810371858539044
LOC111137226,-0.11309064180814
LOC111102396,0.143776743521789
LOC111124047,-0.246177106606051
LOC111118696,0.839365295594997
LOC111104744,0.257571829916025
LOC111124923,-0.0706897223005949
LOC111118593,-0.482420540955443
LOC111121859,-0.394618814246056
LOC111135389,-0.113327507045436
LOC111114465,-1.78917136873486
LOC111101363,-0.229066302466129
LOC111124339,0.272675446678699
LOC111106242,1.2431005000916
LOC111138187,-0.429508361858739
LOC111113158,-0.256853455493168
LOC111119249,-0.78338273589068
LOC111111741,0.0258809165919763
LOC111137528,-0.3872298691699
LOC111137889,-0.735396640969977
LOC111133287,0.191558990882713
LOC111135558,0.646038544916462
LOC111129026,0.816848897595033
LOC111120656,-3.13848341779265
LOC111132497,-1.66927403106765
LOC111113488,0.142615990655212
LOC111112770,-0.256941575227304
LOC111120769,-0.0123974269433378
LOC111116643,-7.867632459631
LOC111116708,-0.675394878148069
LOC111114062,-3.15499422061958
LOC111115317,-0.156190711587397
LOC111128677,1.54891233906979
LOC111132461,-0.259308797079245
LOC111100110,0.00173348456450095
LOC111112812,0.199788149690422
LOC111123879,-1.04247387550117
LOC111114308,-0.869533153934554
LOC111116780,0.371178696326386
LOC111136140,-2.23291092376742
LOC111133926,-1.67659107615594
LOC111127456,-1.02185454691008
LOC111123203,-0.260345125323966
LOC111102758,-0.917597274727169
LOC111100294,0.482306368817875
LOC111135344,0.603131008823112
LOC111132940,0.134072846235922
LOC111118513,-1.05292413155535
LOC111130548,0.10792940249979
LOC111135260,0.170914619675983
LOC111117441,0.493562887032952
LOC111128198,-3.43306762601496
LOC111133763,0.160396998793594
LOC111106308,-0.523835477228812
LOC111099043,0.320589745155254
LOC111133696,-0.472796000032348
LOC111121357,-0.217456590815653
LOC111124661,-0.00636354000166753
LOC111120892,-1.6806280405447
LOC111103791,-6.53123267464538
LOC111124978,0.302180554234708
LOC111110221,0.135822359186146
LOC111116962,-0.258282258012846
LOC111125309,-0.804280749780272
LOC111124326,-2.86031832751977
LOC111124409,-0.221961367081611
LOC111102480,-0.777968723818312
LOC111123677,-1.02319273215712
LOC111099079,-1.43452231318695
LOC111099956,-1.06736713821005
LOC111119569,-0.120976348956067
LOC111100867,0.0263324009096948
LOC111129790,-0.274640680339825
LOC111100459,-0.00531262269880729
LOC111118874,-0.0569203529098618
LOC111117948,1.04566374777411
LOC111138286,0.0673463273223186
LOC111121683,-0.46567711316221
LOC111126572,0.245772507436217
LOC111101304,-0.264477960686677
LOC111121975,-0.133225258863546
LOC111117248,-0.219453155668359
LOC111137040,0.0218568932862806
LOC111100588,0.77999241295708
LOC111120936,-1.32963943468641
LOC111133544,-0.858996937634518
LOC111110259,0.532209529714674
LOC111127097,-2.13281020095168
LOC111136640,0.0348068333670601
LOC111122007,0.0623350705519233
LOC111107573,-0.754830335095995
LOC111120188,0.402352652615586
LOC111125016,0.944508444404875
LOC111125845,-0.15930293306703
LOC111125668,-0.15292199115033
LOC111112921,-0.0833861598731609
LOC111107215,-0.165800097070956
LOC111122124,-1.0032476499888
LOC111103067,-0.532864436429367
LOC111119904,-0.579443625119979
LOC111100075,0.0806600200994935
LOC111136475,0.710364889562303
LOC111138440,0.419877164096493
LOC111114977,0.109825045391672
LOC111125294,-0.312130224409757
LOC111102911,-0.423132458458803
LOC111131007,-0.878908797583251
LOC111114612,-0.280470942663636
LOC111113013,-0.316366628535063
LOC111133164,0.376047954866466
LOC111111062,-0.95707920915751
LOC111124083,-0.155465418979291
LOC111122984,-0.11981496921874
LOC111113545,-0.867267060919743
LOC111105026,-0.154541039617832
LOC111127160,-2.12697195574997
LOC111113827,0.0565408584222397
LOC111134585,0.597073541772356
LOC111120709,-1.00530869198614
LOC111108142,-0.369358438981384
LOC111115705,-0.142472212756039
LOC111123543,0.153231645276422
LOC111112529,0.170611986758708
LOC111100116,-0.264789526692752
LOC111104592,-2.38205775809598
LOC111136908,-0.189177008789376
LOC111135270,-0.17981725161514
LOC111129987,-0.297768512259643
LOC111121021,0.123001083241772
LOC111128998,-0.223000524167172
LOC111115954,-0.269390517921631
LOC111106698,-2.07588951139646
LOC111119905,0.0590169393586844
LOC111128930,-0.868071384618954
LOC111109560,-0.152978373213419
LOC111108712,-0.66450618068756
LOC111124594,0.113708156801235
LOC111111373,0.357480901264729
LOC111127079,-1.06757260532627
LOC111112592,-1.13141462298375
LOC111129073,0.100956106051465
LOC111112969,-9.37568700874502
LOC111119493,0.453182201175896
LOC111119407,-0.447809378003177
LOC111106444,1.35456145514173
LOC111117388,-0.433771006337036
LOC111129057,-0.988828562293823
LOC111116059,-0.019841204685601
LOC111114292,-0.191586285721362
LOC111136432,2.65026972902816
LOC111100524,-0.49863774517336
LOC111123212,-0.444644973454347
LOC111113404,-0.0805451605359305
LOC111129273,-0.230624192967932
LOC111132563,-0.280081221839919
LOC111133444,-0.802525406927981
LOC111125046,-2.01149928892901
LOC111128185,0.652129378831842
LOC111105027,-0.051230563201162
LOC111119438,-2.54472475555189
LOC111137059,-3.11200704166383
LOC111115050,-2.45595456321163
LOC111107185,0.147858980197723
LOC111105786,0.688334564976892
LOC111101422,0.274537724642842
LOC111120032,-2.28265619104817
LOC111111413,-0.643046648009654
LOC111119483,-0.543108726851356
LOC111118276,0.0418904307118168
LOC111099733,0.925118961151476
LOC111109685,-0.0621826908955076
LOC111099468,0.338190713637172
LOC111135141,0.171408720345542
LOC111119903,0.256953594042188
LOC111127004,0.543459079202099
LOC111104000,-0.754094261646058
LOC111121201,0.743554776695283
LOC111111747,0.302754910127103
LOC111099917,-0.171382157221122
LOC111128247,-1.7540066326548
LOC111121352,0.118200521859772
LOC111116789,0.446305187395135
LOC111116492,-0.341281542796052
LOC111119739,-1.00384930187252
LOC111123575,-1.97885358544277
LOC111137360,-0.226729173722427
LOC111100516,0.743448336956448
LOC111124645,0.00836699131651304
LOC111106525,0.125440225689234
LOC111107834,-0.465342999114737
LOC111132698,0.0780931168320199
LOC111123239,-0.0536519830636618
LOC111135255,0.980078691874599
LOC111109901,0.330417189336937
LOC111099427,0.279112590087038
LOC111128822,0.124572385529063
LOC111121747,-1.94713647279793
LOC111101071,0.395588989443834
LOC111101568,0.321992270079047
LOC111104705,-0.057850416805083
LOC111117973,-1.36130852259171
LOC111134615,1.75925572989861
LOC111124302,0.656843302257896
LOC111129117,0.258842680622113
LOC111119654,-0.247522749665432
LOC111137747,0.290424551525354
LOC111109155,0.125029692165138
LOC111106788,0.375712434229234
LOC111120814,-2.60415829738082
LOC111134030,0.612876344420323
LOC111120752,-1.28983381761221
LOC111126042,-0.295677367345503
LOC111133847,0.566210225624055
LOC111130412,-0.0141180285289705
LOC111113068,0.220153579508567
LOC111127201,0.140707875797646
LOC111130656,-0.682538354267456
LOC111122509,-0.1193637432617
LOC111131177,-0.0508696553095305
LOC111099936,0.291908351868439
LOC111133243,-1.82313959865583
LOC111133883,-0.139255471740597
LOC111129564,-0.11311865221927
LOC111132782,0.110497476185017
LOC111137098,-1.38586254945951
LOC111104658,-0.246472655017444
LOC111124527,0.94587790691157
LOC111134829,0.43247224173744
LOC111127933,0.0942148130893719
LOC111126492,0.227284748329339
LOC111120797,-0.424673178406816
LOC111100347,-0.518821933763452
LOC111136833,0.295187089351687
LOC111136571,3.62949629609772
LOC111128361,-0.407219917976001
LOC111105612,-2.03968909652814
LOC111125740,1.15551795941399
LOC111135966,0.843440129277589
LOC111122660,1.18671941463851
LOC111127602,-2.42550816583018
LOC111130672,0.0892257145257873
LOC111123493,-3.17048777559936
LOC111105753,0.107182015603729
LOC111112736,-0.17449788311844
LOC111119309,-0.932963147831861
LOC111119306,-0.198314562490491
LOC111130628,-2.56692980687839
LOC111122876,0.112053704570248
LOC111101184,-1.30413944551358
LOC111134468,-0.323772095206917
LOC111136202,-0.0992189398166228
LOC111121097,-0.569615008570954
LOC111137562,1.44668811067601
LOC111129047,0.539153087857289
LOC111137875,0.0804619386545802
LOC111101238,-0.205310543930908
LOC111100714,0.14456367730109
LOC111101100,-0.638072687918557
LOC111122371,-0.049013665622774
LOC111116026,-0.24343648151383
LOC111129587,-0.067246223096964
LOC111122454,-0.351393571700448
LOC111121988,-0.32035633514265
LOC111104703,0.236662126172658
LOC111134855,0.228724133034989
LOC111117968,-0.0166747040366315
LOC111133992,0.899354848801906
LOC111115720,-0.879765546221507
LOC111107393,0.213879978792818
LOC111125656,-0.0205910222861414
LOC111138026,0.325417574296308
LOC111137270,1.45221375587123
LOC111102614,-0.124905152279306
LOC111108460,-2.21930323878009
LOC111101086,0.72593308530003
LOC111116857,-0.485000300190178
LOC111123856,-0.552596258296984
LOC111121304,0.404584640606274
LOC111102645,-0.610074587519199
LOC111117284,-0.26916737496402
LOC111114368,0.769380194496549
LOC111114597,0.7096433886702
LOC111128170,-0.163313059359438
LOC111112925,-0.720610247948152
LOC111113357,-0.77730334902751
LOC111129935,-1.18785864222971
LOC111119322,0.707013933097314
LOC111120322,0.0740595351116825
LOC111115257,-1.05060665565239
LOC111126007,-0.956017953538402
LOC111135575,0.184425945751871
LOC111101808,1.139113957053
LOC111133322,-0.145504532814431
LOC111114428,-0.36332021335029
LOC111135261,-1.63620568385259
LOC111114455,-0.0851354319304908
LOC111121583,-0.347237667442444
LOC111135694,-0.335655920047892
LOC111125519,-3.87636840143814
LOC111117490,-5.39332068092206
LOC111110733,-0.208236331157573
LOC111123321,-0.928416803635761
LOC111122417,-2.20640686147675
LOC111114986,-0.183153910254352
LOC111105130,-0.123561809555702
LOC111112037,1.06322175934614
LOC111122173,0.072247580040683
LOC111123243,0.431871858647548
LOC111129464,-0.109630756155814
LOC111107847,-0.260250719563727
LOC111114743,-1.79851928856499
LOC111130346,-0.390527560636989
LOC111100286,-0.838544820394296
LOC111111974,-0.229561050788078
LOC111130967,1.12573221136372
LOC111135029,-1.10176754514775
LOC111129685,0.0607771418750747
LOC111116396,0.190281761449217
LOC111110163,-1.53659109613756
LOC111110477,-0.301772425012023
LOC111129065,0.472506814421228
LOC111101485,0.607441242623386
LOC111136205,0.520360097573495
LOC111120791,-0.13244411242728
LOC111123623,0.909396716642008
LOC111135363,-2.21408480452724
LOC111118461,-0.451764896399694
LOC111118258,0.14530249110636
LOC111108487,-0.0593636364435345
LOC111109277,0.0648030946559663
LOC111118246,0.0042242552176453
LOC111128127,-2.38669224144516
LOC111121478,-1.21743596372902
LOC111130744,-1.37052702478166
LOC111117241,0.443606772062729
LOC111100381,-0.133251782663522
LOC111109425,1.05540547051316
LOC111137178,1.5192941952522
LOC111107130,-0.897618271409652
LOC111123792,-0.296086906110874
LOC111133751,0.371370063325168
LOC111127421,0.506984089973971
LOC111108239,-0.62821513641969
LOC111131134,-0.409124323971615
LOC111104355,0.163577000459111
LOC111132026,0.755362300038722
LOC111108623,0.243171011767662
LOC111131656,-0.0364781203477341
LOC111113419,-1.83863028703993
LOC111106396,-0.672477458551568
LOC111103595,-0.436715062401577
LOC111128006,-0.180481766919586
LOC111129060,-0.413536416144084
LOC111100710,-0.369290446024184
LOC111110051,-0.31713291641314
LOC111105189,0.0419630162372885
LOC111124168,-1.45454359921137
LOC111123587,-0.169033110221454
LOC111100642,-0.322537968986525
LOC111135235,-0.0633302275372309
LOC111106019,0.358178870749803
LOC111131038,0.0668819131881275
LOC111130571,-0.208751216189618
LOC111130344,4.93882993274983
LOC111131343,-0.271286169476347
LOC111135994,-1.77966410453576
LOC111121040,-1.72573365950502
LOC111116946,-0.350843736219326
LOC111130747,-0.802327294315211
LOC111109311,1.34163670558068
LOC111116747,-0.0206058482436139
LOC111118727,-0.0174156013557391
LOC111114667,0.394468739768701
LOC111104292,0.869434584589629
LOC111117130,-0.0189083290678101
LOC111103427,0.56837629679611
LOC111116088,-1.7555077836923
LOC111108787,-0.16862684275437
LOC111123641,0.286477770139519
LOC111123447,-5.48225993906679
LOC111111063,-1.01249426258603
LOC111136061,3.04127595090767
LOC111132939,-0.300837477255071
LOC111114491,0.0184844847315829
LOC111113987,-0.0233603422011226
LOC111126925,0.676004944593201
LOC111134121,0.534818478852164
LOC111111272,-0.206580079271442
LOC111099790,-0.520107787325328
LOC111119420,0.182544314608977
LOC111124298,0.965162371012725
LOC111128067,-0.653953727734696
LOC111116497,-0.431697795629302
LOC111115154,-0.0109129974662701
LOC111104317,-0.464193732096379
LOC111126247,-1.27247961477771
LOC111121471,-0.253363148370764
LOC111115740,-2.47482353222649
LOC111134077,-0.581568498166258
LOC111131583,0.0800249377606884
LOC111114643,-0.391294286703288
LOC111113297,-0.311774594447358
LOC111101623,-0.196018166604272
LOC111110475,-0.662972697579552
LOC111129668,0.0351894918306826
LOC111137596,1.64050478101929
LOC111104124,-0.4501180105371
LOC111108272,0.058992048859099
LOC111133501,-0.083504360373623
LOC111128428,0.901615303454751
LOC111112923,0.000147016273965874
LOC111119866,-0.922007549282026
LOC111121897,0.561657213232769
LOC111126238,-0.45320584479965
LOC111135086,0.0859012446292957
LOC111120386,-1.59665013714788
LOC111111566,-0.493432079194679
LOC111129975,-0.478336437260877
LOC111102053,0.426943113218812
LOC111113176,-0.10832610954602
LOC111114559,-0.664528617238623
LOC111119833,-0.205003698451173
LOC111134666,0.225088876961793
LOC111124237,1.81929442410155
LOC111122590,-0.185565948218434
LOC111125091,-1.8623034984222
LOC111135959,-2.75977507090986
LOC111105199,0.804204720087023
LOC111120255,-0.190204489452661
LOC111106647,0.115997738970437
LOC111129560,-2.40441091651679
LOC111137843,-0.623493860371996
LOC111136925,-1.16609947842846
LOC111126284,-0.12995122748967
LOC111104998,-4.12572109455635
LOC111125223,0.827308322861049
LOC111116650,1.63380461081279
LOC111111633,-0.0608077989714852
LOC111134629,-0.205885681700912
LOC111114231,0.195571468706964
LOC111115220,0.777962131810263
LOC111119947,-0.0378564364113052
LOC111131837,0.0592162264238379
LOC111120745,0.235851665194139
LOC111119472,-0.021131403107568
LOC111101883,-4.0458318185755
LOC111120320,0.0187959604306841
LOC111128464,-0.232059863601574
LOC111126132,-0.653253111439092
LOC111135983,-0.107899461284816
LOC111115964,0.179200958864183
LOC111118499,0.288014673700579
LOC111099183,0.295685333176634
LOC111115571,-0.227324092118678
LOC111111431,-0.203209054737282
LOC111126052,-0.346554556133065
LOC111108639,-0.279088516750531
LOC111123422,-0.265983663469818
LOC111108955,-10.7247020728687
LOC111112931,0.130504299004077
LOC111113416,-1.28987509602669
LOC111136341,-0.00406370521120598
LOC111120422,-1.79153429623963
LOC111129480,-1.0777429444322
LOC111099736,0.551916026544287
LOC111125247,1.07679962292157
LOC111137849,0.484675437994859
LOC111099516,-0.288148682964764
LOC111128202,0.18612080899978
LOC111114737,-0.0432915689742787
LOC111107578,-0.206884042707424
LOC111101575,0.248652239342312
LOC111099171,0.330140492523937
LOC111128454,-1.05855134522075
LOC111132283,-0.068313893205027
LOC111121103,-0.280261026739495
LOC111127162,-0.547498014341536
LOC111121335,-1.46865361252199
LOC111103202,-0.117434321154923
LOC111130537,2.3374308027175
LOC111127882,-0.198264093431326
LOC111118054,-0.686027137358214
LOC111132979,-0.0049373566317161
LOC111127503,-0.239100961852786
LOC111134549,-0.0371926335933205
LOC111111195,-0.281774066825957
LOC111101359,-0.599166431471853
LOC111129013,-0.428148320425285
LOC111126185,-0.219593787270796
LOC111101256,1.13306996477732
LOC111110057,-0.577587847799619
LOC111133773,0.1874213467979
LOC111119502,-0.576846319379006
LOC111136845,-0.761938262072287
LOC111119166,-0.680785671972518
LOC111105539,-0.00175797046257082
LOC111120537,0.00814217707841862
LOC111105213,-5.57967427973791
LOC111138513,0.519708989356175
LOC111119721,-0.397667401272252
LOC111120805,-0.458838081639154
LOC111135879,-0.0823295205662174
LOC111137834,-0.209190909514096
LOC111125653,-1.52140876569696
LOC111115537,0.103713730376696
LOC111129989,-0.598677401277349
LOC111122289,-0.786759249104791
LOC111120297,0.713759220135361
LOC111112038,1.88210851287531
LOC111100793,-1.57124485440641
LOC111116947,-0.599531761063376
LOC111127243,5.53979139206455
LOC111122035,-2.31753742277926
LOC111130529,0.696901404747462
LOC111115544,0.17402474814089
LOC111130933,-0.261516338413254
LOC111135973,0.297781713858828
LOC111128588,-1.20372273046517
LOC111116236,0.197015033201474
LOC111118026,-1.25224905206209
LOC111111083,-1.96038745858383
LOC111099503,-0.720002434495747
LOC111130368,1.64859252284222
LOC111131236,-1.05881233320303
LOC111117874,-1.84050636878938
LOC111120803,0.898285335860206
LOC111137016,-0.0889587472725682
LOC111125334,0.112303301095706
LOC111109647,-0.0883862672776159
LOC111124010,-1.10705417287244
LOC111134342,-0.336526634965676
LOC111128684,-0.0127844095339008
LOC111099687,-0.679827923936955
LOC111106660,0.244451409642612
LOC111119412,1.2149577809507
LOC111132894,0.174617866988599
LOC111121122,0.834884854070371
LOC111126732,-0.197849150364473
LOC111128309,0.625117684891822
LOC111106253,-2.39740805897736
LOC111108724,0.0193379350015702
LOC111137301,-0.0923198188035893
LOC111109288,-0.293326469494521
LOC111129738,-0.0596373298964261
LOC111116097,0.0830554493763841
LOC111138348,2.24119267450479
LOC111131330,0.824279847599862
LOC111101918,-0.342455775378555
LOC111130165,-1.70401115057306
LOC111130015,-2.01165388352643
LOC111130703,-1.79110536996648
LOC111123459,-0.11013285183423
LOC111099571,-0.156066358187779
LOC111099169,-0.190678300553196
LOC111109896,0.034620418680278
LOC111121377,-0.395611576183458
LOC111137606,-0.0115243936576751
LOC111107041,0.0974066313961888
LOC111106289,-0.706893923883707
LOC111110224,-0.864344280524871
LOC111099093,0.341408844770065
LOC111109697,-0.676525794140257
LOC111106954,-1.82811368704216
LOC111109653,0.353410418383127
LOC111120739,-0.377170851983918
LOC111111338,-0.263815144222669
LOC111124862,-0.480084592361391
LOC111114024,-0.910541015578082
LOC111113024,0.0849138059136027
LOC111113031,-0.364787899655471
LOC111129977,0.447376903577253
LOC111129420,1.05754345097869
LOC111133034,-4.69652097409789
LOC111103357,2.5922085753625
LOC111120620,0.879326574562003
LOC111120621,-1.58716761924294
LOC111114248,-0.362966402781135
LOC111100583,0.926803126650353
LOC111102745,-0.216914956151859
LOC111107431,0.164297819435201
LOC111128324,-1.07180203444902
LOC111131637,-1.81841778296502
LOC111129872,0.580438955882297
LOC111123467,1.46434732305188
LOC111137331,-0.536397115992265
LOC111126217,0.427944805997106
LOC111121610,0.852324098313999
LOC111125891,-0.0431008042866028
LOC111122790,-0.476965062114026
LOC111121702,-0.125821940478002
LOC111104362,-3.36418488878903
LOC111125425,-1.30079055325741
LOC111104760,0.0790208798639953
LOC111112833,-0.483522077569743
LOC111110090,-0.723000647542934
LOC111123974,-0.910927907309452
LOC111122103,0.524009641486317
LOC111132933,-0.0108721703414047
LOC111129328,-0.0635993503192778
LOC111102109,-0.20960284815073
LOC111112206,-0.277764674090493
LOC111107639,-0.276964031335038
LOC111119171,0.716135407743354
LOC111130307,-0.282607153021251
LOC111123101,0.259117701265379
LOC111125168,0.0179858124815328
LOC111137094,-0.820917704989674
LOC111125149,-1.20539641188997
LOC111100724,0.0511557600729996
LOC111107808,0.545717140664085
LOC111108781,-0.612912882591845
LOC111101477,-1.36897754171008
LOC111113369,0.609828027462702
LOC111136039,-0.353602775388545
LOC111128751,-1.19620964505
LOC111136543,1.12103819584512
LOC111121086,0.0951937829455113
LOC111115712,1.13081550702066
LOC111121465,-1.80465343129533
LOC111135350,0.698118254863468
LOC111132985,-2.31073055463336
LOC111100259,-0.0201002745743106
LOC111101216,-1.1196826909716
LOC111122449,0.844384745862061
LOC111099460,2.67665820400245
LOC111136952,0.0503269116044654
LOC111114843,0.224125600029322
LOC111138488,-0.366674645298818
LOC111111607,-5.88505511836704
LOC111108381,0.516429077925482
LOC111126953,-2.47148456076999
LOC111130526,1.07736968215487
LOC111107320,0.300401809035054
LOC111103567,0.116747334978815
LOC111130428,-0.579992992708071
LOC111123435,-2.01753511625047
LOC111111418,-0.202440406501726
LOC111135071,0.320505939432424
LOC111120907,-0.823501488051431
LOC111122785,0.132334952752487
LOC111120249,-0.643928160026244
LOC111129210,0.272616231364387
LOC111121834,-0.180689127426955
LOC111131422,-0.100520122052592
LOC111135837,0.325076570755977
LOC111112209,0.590898504058429
LOC111114506,-0.29723445762314
LOC111138221,0.215954054804924
LOC111120035,-0.357578064801214
LOC111136342,-1.95117448413864
LOC111122037,-0.102272258921853
LOC111108020,-0.429441542281393
LOC111108336,-0.552558688728673
LOC111106955,0.092204848763638
LOC111130643,-0.355083144243927
LOC111127643,-1.21205683260574
LOC111136687,0.950213111069389
LOC111100450,-0.244771702867667
LOC111133343,-1.57776234809567
LOC111135459,0.04807637762516
LOC111100299,0.167898076349004
LOC111109264,0.102568079929585
LOC111108184,-0.0337256909776142
LOC111127034,-1.3458118882879
LOC111115306,-0.593254434606995
LOC111100341,-0.165667220087991
LOC111120169,0.440943796398925
LOC111135968,-0.708480342971553
LOC111112559,-1.05665374686007
LOC111130872,-0.78648038985506
LOC111131052,-5.02038416086284
LOC111126100,0.0616443487928253
LOC111133495,-0.0571325808391662
LOC111099694,-0.396200840650707
LOC111135412,0.295911384425215
LOC111115506,-1.58441371748173
LOC111127964,0.698610303503274
LOC111115149,0.158211898951764
LOC111106895,-0.208606554876528
LOC111109846,-0.197761719885239
LOC111106277,0.0096300478543046
LOC111104666,0.316063959913609
LOC111101634,-0.503596940099391
LOC111130583,-0.716504861148341
LOC111121173,-0.192336701328701
LOC111117586,0.53352360747094
LOC111113001,-0.934953431282788
LOC111113317,-4.74737042989584
LOC111135622,-0.0745318753445012
LOC111111509,-0.127101288145695
LOC111099216,-0.803067213057072
LOC111104074,0.146378814245985
LOC111115992,-0.527892128291824
LOC111103057,-0.565232490781632
LOC111134046,-0.854626781351636
LOC111133872,-2.02225359972455
LOC111123088,0.307706053068503
LOC111106598,-0.763632217077852
LOC111103502,-1.38342627101435
LOC111137844,-0.119075225069666
LOC111135749,-3.37276242920894
LOC111126399,-0.93861181086125
LOC111137853,-0.711961279432495
LOC111118955,0.0522441889714553
LOC111122566,0.280292750779096
LOC111114687,0.15304820890563
LOC111117475,1.011310918956
LOC111134568,0.647196375535376
LOC111117180,0.63480319608312
LOC111123667,-1.09195012018887
LOC111113084,-1.49814039394945
LOC111130365,-0.227515320940042
LOC111130478,0.149609650389641
LOC111124936,-2.40336897402088
LOC111101094,-0.00442528311107872
LOC111106260,0.197752771726831
LOC111108665,0.570520460697095
LOC111119529,0.0713021194109572
LOC111124777,-0.387806260793245
LOC111118190,-3.3170953583828
LOC111106383,0.908905027099041
LOC111122579,0.138134759015853
LOC111136265,1.87400355638196
LOC111116627,-0.310064865779147
LOC111106434,-0.222142035814055
LOC111113786,-0.141499872091126
LOC111123333,-0.706810019382956
LOC111105339,-0.143779014796522
LOC111132124,0.111993413224384
LOC111111504,-2.97736497366828
LOC111131182,0.300521937155145
LOC111118110,-1.0824083278319
LOC111134700,0.0966522535585441
LOC111101753,-0.317608378989811
LOC111100965,-1.59634162513291
LOC111129865,-0.371331294988452
LOC111099745,-1.35910907205766
LOC111100871,2.11298392494428
LOC111134414,-0.663739232152983
LOC111114610,-2.45002862247903
LOC111127999,0.742579189402433
LOC111109823,-1.26479091326776
LOC111103246,0.0191367798527078
LOC111117922,-0.37021475592589
LOC111138245,-2.70421511947374
LOC111136112,-1.46954625826746
LOC111108658,-0.198530661009951
LOC111103051,-0.29268418944104
LOC111133953,-0.14112084350066
LOC111106022,0.484309719199661
LOC111106824,-0.778648103787374
LOC111138412,-0.396713496114217
LOC111112352,-0.241370893578888
LOC111110606,-0.585993590447622
LOC111122204,0.0197579434366476
LOC111100693,0.55430574472663
LOC111114896,0.511959706973126
LOC111135208,-0.211876848057436
LOC111130175,-0.0964926409696172
LOC111133766,-0.59129913080912
LOC111133942,-0.968620734892615
LOC111123776,-0.491805275658698
LOC111130661,0.671446193722736
LOC111099766,0.825359383765911
LOC111118585,-2.45605227079349
LOC111117041,-0.0524609102173576
LOC111103121,0.326346822868631
LOC111110608,0.768669649209693
LOC111109441,-1.31438402272268
LOC111103144,-0.314432039529705
LOC111103143,0.824929441544926
LOC111130690,-1.30668534254867
LOC111129290,0.488499203990437
LOC111137387,-2.30326191514106
LOC111129556,-0.58068965567352
LOC111135671,0.253640160322174
LOC111132861,0.134283784684594
LOC111126876,-0.253640599323859
LOC111099047,-0.268907059771246
LOC111136643,0.843528586826033
LOC111113269,-0.522406591368298
LOC111118766,-4.08743665695882
LOC111114606,-0.551817994006363
LOC111129910,-0.416346154440132
LOC111136043,0.0476480435589715
LOC111132975,0.255742748497521
LOC111127836,-9.41561658655869
LOC111115385,-0.0558882337106798
LOC111117500,0.231463479381968
LOC111103542,-1.0824726077009
LOC111104407,-0.381660315775916
LOC111101943,0.555961065161431
LOC111109463,-0.161438932506487
LOC111110798,1.04866388659307
LOC111109031,-0.23866915733272
LOC111109006,0.344796775143935
LOC111101617,-1.09564227455433
LOC111108180,0.0205854590345439
LOC111133667,0.676452256008863
LOC111110974,-1.04030645769179
LOC111109309,1.1419834877294
LOC111136731,-0.460420767677486
LOC111114560,0.422136670864859
LOC111099679,-2.46193418291558
LOC111100598,2.27715091113107
LOC111109862,0.5157045893141
LOC111131599,-0.0729540971083594
LOC111104244,-2.34632185261673
LOC111101511,0.584403933817573
LOC111115255,-0.847708802978122
LOC111135239,0.0881507895288219
LOC111131718,1.41264465074495
LOC111109201,-0.686375023503343
LOC111110989,-0.220445510413255
LOC111119673,-0.779922236247864
LOC111123001,-0.183366615627722
LOC111127837,0.772768510491826
LOC111102860,0.11874630902735
LOC111137947,-1.45002985820813
LOC111109388,-0.00979903670836163
LOC111120650,0.825982624202396
LOC111108963,-0.185464421737752
LOC111123884,-7.65674610173619
LOC111114790,-0.0794457739006163
LOC111117510,-0.334387870756375
LOC111102661,-0.230428576603413
LOC111129788,0.464750566180835
LOC111117877,1.24995459356723
LOC111123751,-0.0937585949388189
LOC111124559,-1.56993682806573
LOC111100861,0.174983808055879
LOC111126915,0.729638552712711
LOC111130858,-2.54890102491844
LOC111130510,1.28938381103089
LOC111136836,-0.399955794037908
LOC111135661,1.43014197461137
LOC111135590,-0.557592509865253
LOC111134816,0.355547137252029
LOC111119012,-2.3916284702516
LOC111119216,1.62741114245879
LOC111121578,-0.838946032744381
LOC111131630,-0.102826515642774
LOC111110729,-0.458478816173988
LOC111136287,-0.0969317379266851
LOC111109768,-0.100288381017244
LOC111133442,-0.148250483105757
LOC111124436,0.0671220310904542
LOC111130825,-0.467841064502212
LOC111101529,0.0354208358641591
LOC111111951,0.130899835497627
LOC111132186,-0.0484308975702808
LOC111118161,-2.95119078156554
LOC111136083,0.837962282416075
LOC111135326,-0.396022586524713
LOC111120911,-0.129799380693235
LOC111111555,-0.0878258509190023
LOC111137126,-0.350833372810476
LOC111128523,-0.749596614214887
LOC111122382,-0.905517517250924
LOC111109195,0.355982510095409
LOC111106362,-1.11354328430992
LOC111120028,-15.9172922299365
LOC111129088,-3.92456486348111
LOC111135903,0.117957970480837
LOC111134949,-0.23845523647767
LOC111120397,0.709216827161793
LOC111128839,-0.450836166388264
LOC111110016,-0.165172743593238
LOC111127758,0.591964647688219
LOC111130546,-1.69469023338463
LOC111116160,-0.499937073321036
LOC111123210,-0.201595165131483
LOC111116326,-1.87968466310599
LOC111135148,-2.39017416725566
LOC111111776,-0.474787691754991
LOC111119508,-0.0765180586138957
LOC111118894,-3.16289105036299
LOC111137900,2.26130335137593
LOC111106095,0.387070278759524
LOC111129393,0.116237800281734
LOC111107123,-0.107328086347627
LOC111117317,-0.0399129137914093
LOC111122379,-0.118241982502807
LOC111116168,-0.615295081466449
LOC111119416,-1.22667311283809
LOC111133176,-4.56718704376761
LOC111128576,-0.381886355287198
LOC111109648,-0.228799360953264
LOC111108652,-0.667655329036047
LOC111120395,-0.0587671402582808
LOC111121321,-0.586651792767054
LOC111110666,0.493757008994942
LOC111113737,-0.384674720663682
LOC111111483,-0.412509129379462
LOC111108303,0.16512904706513
LOC111108378,-1.21059032048308
LOC111100476,-7.63867357070744
LOC111117800,-0.241602343724175
LOC111103220,-0.266227762992266
LOC111136209,-0.758078364461112
LOC111126061,0.569590368040922
LOC111113421,0.879669981143545
LOC111128094,-0.454703146205395
LOC111134364,-0.509511433754648
LOC111135518,0.176037961579309
LOC111129897,-0.0945056721320987
LOC111137536,0.743286019274532
LOC111135382,-4.41531067181896
LOC111136278,-0.438550894086941
LOC111107144,-0.206241022302057
LOC111135703,0.0590389181316073
LOC111101099,0.0141361647708201
LOC111126828,-0.094396273980026
LOC111131367,0.174844508927648
LOC111111866,-0.815774545785412
LOC111100928,-1.49565715104894
LOC111112429,0.181762043393852
LOC111125560,-0.544238535618667
LOC111104367,-0.722474098906047
LOC111105035,2.89392826345494
LOC111101873,-0.18975120425207
LOC111134157,-2.92094392678814
LOC111107115,-0.36934622021524
LOC111127351,-0.577856522473904
LOC111127843,-0.902280254391275
LOC111136961,3.57834918816051
LOC111132171,0.859119804246981
LOC111134366,-1.12121502475804
LOC111121014,-0.0400185879562562
LOC111112121,-1.6185583329117
LOC111119072,2.71797284339442
LOC111134757,-0.283350717130172
LOC111108770,-5.07779768612243
LOC111104676,-1.33399931974312
LOC111130853,-0.213626937512807
LOC111132715,-3.45732210672847
LOC111099731,-0.61312382986212
LOC111122224,-0.354347299653406
LOC111114393,-0.553966003823815
LOC111123008,-1.90107734792842
LOC111100352,0.113299757856549
LOC111123958,0.194276487909824
LOC111126627,0.0896825355955303
LOC111101799,-0.232311659572457
LOC111128134,-0.55166527279607
LOC111118042,-0.384465997398917
LOC111125323,0.0181576120527525
LOC111122157,0.176982926324756
LOC111135070,-1.72869245307529
LOC111104349,-1.10503693823971
LOC111118505,-0.506738304633234
LOC111127175,-0.69818710518985
LOC111131267,0.194802745514138
LOC111111660,-1.17714776743285
LOC111102902,0.302126391658058
LOC111108062,0.346757635563376
LOC111125966,0.754527968782666
LOC111128646,0.175494496695104
LOC111120576,-0.822305616601503
LOC111121986,-4.21808725117402
LOC111119402,-2.62599376841563
LOC111101550,0.30586618172451
LOC111106611,-2.78997999985016
LOC111110775,-0.247959572844622
LOC111113167,-3.73893562521447
LOC111104221,0.227789339627012
LOC111128164,-0.805621430715908
LOC111118482,0.189837527049991
LOC111119932,-0.0188629174888056
LOC111099077,-2.52284400164625
LOC111114632,-0.00800211781791076
LOC111134031,2.6061341257095
LOC111102434,0.212976055277424
LOC111106355,0.0839673285590708
LOC111100403,-0.0362490024821692
LOC111133403,-1.02450558741541
LOC111136471,0.155176369317067
LOC111128830,0.538860714780601
LOC111128005,-1.63337796092085
LOC111102207,0.34402836336312
LOC111119229,0.311367702457857
LOC111123367,-1.15258737727537
LOC111114715,0.331977533680002
LOC111105198,0.182290233625479
LOC111113239,-0.820433298854765
LOC111106157,-3.15477456518178
LOC111113825,0.497055905589747
LOC111119448,0.409762410881142
LOC111136172,0.259332771112425
LOC111107172,-0.551513699746334
LOC111137509,0.506285233695804
LOC111105030,1.42070851419258
LOC111132543,-0.402698528409293
LOC111127017,0.330774325228585
LOC111127016,0.882752249064841
LOC111100503,-1.79097153637105
LOC111101031,1.00961915528538
LOC111111003,0.993091728519762
LOC111110981,-5.39007920885189
LOC111123379,-0.445222466850961
LOC111111231,-0.36917059617236
LOC111126386,0.53046446993079
LOC111132340,1.04922405205733
LOC111100191,0.142594083572061
LOC111116906,-0.314403606530715
LOC111123086,-0.196803721241073
LOC111110628,-2.68596379914273
LOC111127419,-0.125454049976962
LOC111104428,0.133593757414688
LOC111126494,-0.0781815553391051
LOC111133010,-0.816444581147747
LOC111120975,-0.0540245326415473
LOC111115124,-0.216554807605096
LOC111136747,-0.97716147934351
LOC111107278,-0.191645546308055
LOC111133658,-0.9427407161018
LOC111126444,1.31066565028502
LOC111110150,-0.00774753442432885
LOC111124765,0.243091057843009
LOC111111024,-1.42859320422347
LOC111120433,-1.0809418619084
LOC111135018,-0.658787907661679
LOC111126280,0.0409160826572863
LOC111132418,-0.423620848470117
LOC111109352,-2.51675672444503
LOC111100789,-0.141898514427872
LOC111118587,0.144439302063428
LOC111133651,1.30223898578756
LOC111116710,0.0437832307268376
LOC111136951,0.0476754068069744
LOC111112810,-0.389090804380423
LOC111120799,-0.194624179945967
LOC111128095,-0.736777177901779
LOC111117033,-1.92723088797317
LOC111134316,-0.223163620799926
LOC111115927,-0.102404550390102
LOC111118841,0.0892761851300789
LOC111120106,0.354656095193737
LOC111099863,-1.2858597654248
LOC111109737,0.161297223285892
LOC111121264,-0.478325490998225
LOC111115822,0.187337010305816
LOC111118597,-0.551764233434828
LOC111128697,0.239598265984971
LOC111127471,0.592390969511182
LOC111136613,0.26765252976371
LOC111135093,-0.0215444790987467
LOC111112141,-0.483009442497089
LOC111100088,-0.000556895071077947
LOC111100809,-0.477222529132382
LOC111100003,-0.342777958663144
LOC111136696,-6.68452132760814
LOC111129962,-1.78218951477912
LOC111100171,-0.848637599633232
LOC111117930,-0.616667963539419
LOC111117059,2.45282552408321
LOC111124789,-0.498933835853535
LOC111122431,-0.120011653048329
LOC111135780,0.201589685705982
LOC111110398,-2.26078240383512
LOC111108786,-0.277625345361215
LOC111134013,-1.11092471654101
LOC111129570,-3.81574347117785
LOC111115731,0.300185622759682
LOC111107599,3.7593864415872
LOC111137416,-0.283399527802239
LOC111131400,-1.13079619732365
LOC111113554,-0.326117127399977
LOC111099168,0.260423534963054
LOC111123644,0.499860715754397
LOC111138088,-0.428721572411309
LOC111126967,1.29801926929787
LOC111123061,-0.286384856521656
LOC111117344,-0.39242957312689
LOC111130293,0.214240274568559
LOC111137373,-0.320162784103919
LOC111133229,-0.462601165473852
LOC111128708,-1.46780528476533
LOC111112629,-1.92835136944057
LOC111106980,0.622341487306336
LOC111137969,0.11168775564644
LOC111136993,-2.12994191215379
LOC111126320,-0.341160781826013
LOC111126886,0.04116709039339
LOC111101285,-0.653953370066014
LOC111121257,2.77359947025214
LOC111110978,-2.7007632890544
LOC111107958,-0.896033514520209
LOC111104523,-1.49103157145911
LOC111126220,-2.25839152986703
LOC111119826,0.840341986408514
LOC111129348,0.437163185375282
LOC111127912,0.50257469106657
LOC111116881,-0.268188731653638
LOC111118050,-0.547683235327153
LOC111122141,0.400306808979697
LOC111136236,0.146062084065053
LOC111126333,-0.299042877576923
LOC111100836,-3.60837804231199
LOC111134140,-2.30377617629826
LOC111101507,-0.102886191424844
LOC111120819,-5.35090631289092
LOC111101497,0.477943788702915
LOC111120816,0.376054330697869
LOC111113892,-0.478334730183942
LOC111124713,-0.376470717123075
LOC111132723,0.953801386110164
LOC111100585,-0.264928459776286
LOC111111995,-0.428744579379379
LOC111128601,-0.0211156577693485
LOC111133545,0.863807015395196
LOC111103776,-0.781934361543799
LOC111099775,-1.61307740793546
LOC111118976,-0.208658391240664
LOC111138179,-0.643418157579676
LOC111129100,1.46381272196999
LOC111133153,0.70362815779734
LOC111109291,-0.117143731574826
LOC111109292,0.344796775143935
LOC111124805,-0.527012105416901
LOC111112985,0.389402204061976
LOC111117732,0.933627486916518
LOC111124321,-0.905923186691219
LOC111107796,0.251121928317242
LOC111128477,-0.842446882501193
LOC111120298,-0.174661039047686
LOC111122934,0.0212563618147666
LOC111124219,0.890439686919002
LOC111135681,-1.05351558091843
LOC111112446,-0.571414812776051
LOC111131865,2.39949499671788
LOC111099603,-2.06236915584189
LOC111124773,1.23365474523905
LOC111130318,1.04036727988843
LOC111103180,0.447279447716144
LOC111111936,0.73661605520038
LOC111110414,1.50766168349584
LOC111132232,-0.325947676152894
LOC111124188,-0.534705172750959
LOC111131009,0.613923212395957
LOC111118683,-0.144158119074632
LOC111101881,-0.228499042952303
LOC111121063,-0.24013168337832
LOC111130711,0.0724264841181219
LOC111118397,-0.603366411608845
LOC111119605,0.550495747944759
LOC111112866,0.948793997531641
LOC111138237,-2.05530772724447
LOC111124487,0.0248898797522623
LOC111136970,-1.72954098645487
LOC111112210,0.298752982919174
LOC111100363,0.226677658825466
LOC111108067,-0.621614200936524
LOC111124335,-0.2684991179065
LOC111100446,0.159055877969886
LOC111123002,-0.0717931005291417
LOC111130768,0.0400667113801405
LOC111123731,-1.23602582343272
LOC111127392,-0.803717901629539
LOC111109149,-0.592364211640958
LOC111120400,0.623673584779731
LOC111112150,-0.218043816965008
LOC111136126,0.678841315594392
LOC111116649,-0.140644974503095
LOC111120077,-0.649304313450024
LOC111131751,-1.76197242644945
LOC111117017,-0.143537526568891
LOC111136955,0.305645895086845
LOC111126137,-0.360951318353329
LOC111134805,-0.202272939297533
LOC111134804,-1.08259275456377
LOC111107387,-0.549891471370089
LOC111130713,-0.214753389051526
LOC111119606,-1.32876015413641
LOC111101449,-1.99250293731895
LOC111111718,0.268439397719486
LOC111120359,0.13044825225027
LOC111116804,-0.30625828385953
LOC111126972,-0.231368363681907
LOC111122434,-0.649241460281694
LOC111137657,1.03387233046104
LOC111131031,-1.98657651072397
LOC111112133,-0.502741608297845
LOC111099580,-0.926696670445607
LOC111099650,-0.687316769384133
LOC111114341,-0.830870491123286
LOC111111096,-1.60766448558215
LOC111123562,-0.169401790889968
LOC111134807,-1.15105149365978
LOC111110252,0.421366480819673
LOC111110376,-0.169663211531829
LOC111121647,0.0169358965880493
LOC111114180,-0.158037589768895
LOC111125993,-0.209299603693224
LOC111109397,-3.0764985796251
LOC111109797,0.0682691805664424
LOC111136004,-3.80810093903555
LOC111107588,-0.0340010830752805
LOC111135331,0.481687104623991
LOC111117072,-0.128393506765676
LOC111129942,1.01483049804051
LOC111114985,-1.71742279663585
LOC111137005,-0.415480971783667
LOC111130340,-5.1834408062543
LOC111128904,-1.35569617674284
LOC111115640,0.150132351972337
LOC111138317,0.650076887836064
LOC111123516,-0.0885174695343264
LOC111129488,-1.12351838058915
LOC111133572,-1.03787355473271
LOC111108121,-0.100967881586724
LOC111099535,-0.282763497635049
LOC111107210,-0.0497321092131149
LOC111136146,-0.292186320775442
LOC111119096,-0.639544057835379
LOC111134952,-0.073287716319042
LOC111134839,-0.216475936880237
LOC111129421,-0.077930419075158
LOC111115217,-2.363243885041
LOC111102936,-1.20724301538296
LOC111127610,0.577418174598105
LOC111120851,-1.68963135014148
LOC111127179,-0.400863335450735
LOC111138020,-0.882130211667961
LOC111100611,0.337635761376082
LOC111109161,0.565352458178632
LOC111128568,0.291185590080017
LOC111112877,-0.16447119283056
LOC111130741,2.93111908852773
LOC111128076,-1.03449350340463
LOC111131098,-0.36120938181892
LOC111114411,-0.253483913897819
LOC111129451,0.310428879213226
LOC111106697,-0.170052328515307
LOC111137948,-0.139658390636547
LOC111132911,1.58442882101357
LOC111133284,-3.29183002326681
LOC111135911,-0.203141407830167
LOC111123862,-0.819025479249796
LOC111112875,0.0866946941875863
LOC111136604,-0.14644572294801
LOC111111043,-0.00678535849265241
LOC111135257,-2.90758112627444
LOC111128560,2.71065101914597
LOC111131808,-0.36070712751275
LOC111137665,0.759403234751913
LOC111128130,-0.276948715095006
LOC111106465,-1.25742899422597
LOC111126002,1.41166434049572
LOC111136927,-2.27077068743147
LOC111130086,0.648023306509765
LOC111136882,-1.39946521475585
LOC111103217,-0.287626855769969
LOC111126037,-0.906472481515786
LOC111136794,-0.182714176362461
LOC111119301,-0.308748905618346
LOC111114549,0.227787869377447
LOC111111354,-0.813299884741188
LOC111099711,0.152262073146355
LOC111100765,-1.17847737143112
LOC111129357,-0.00418689777990977
LOC111123633,-0.281509643258598
LOC111136880,-3.06980075549122
LOC111110674,0.0752928938999581
LOC111125026,-0.29489527080809
LOC111112669,0.170101705556658
LOC111129365,0.234616503537161
LOC111112666,0.107872245604477
LOC111104550,-0.0487007699595912
LOC111124189,0.923109799467077
LOC111121248,-0.428618734928064
LOC111099845,-0.270289937023714
LOC111104347,-0.158548069820141
LOC111109540,-0.575918908318116
LOC111120137,1.85164776467946
LOC111123242,-1.180041114744
LOC111136910,-0.662416693233481
LOC111121346,-0.403346899213224
LOC111110314,-1.73753222299505
LOC111105029,0.0796311942278237
LOC111134940,-1.84265058446235
LOC111125817,-0.231345819255527
LOC111110630,-1.67482211003201
LOC111135022,-0.424049034736482
LOC111121081,-4.6094786053224
LOC111114033,-1.10626584178337
LOC111107840,-0.183838253564268
LOC111125812,0.208221318052178
LOC111108653,0.0642958979748435
LOC111118002,-1.91166203734833
LOC111123029,0.284633190664042
LOC111120345,0.798247437783463
LOC111118372,-0.0662643609882462
LOC111137069,-0.463942029998366
LOC111112434,-0.249433059695233
LOC111108247,0.199350552276062
LOC111125499,-3.98620378705397
LOC111130274,-0.671002424762378
LOC111103914,0.879632096375929
LOC111125618,1.48825568348992
LOC111112627,0.307626695858126
LOC111118957,-1.23654300224677
LOC111121266,0.221671005274288
LOC111110393,-0.303887968145178
LOC111128435,-0.627017743569705
LOC111107814,0.128612395728223
LOC111116726,-0.220458925056928
LOC111138257,-3.47710357144519
LOC111103848,3.36174918704994
LOC111108372,-0.189610971375272
LOC111109569,-0.472524478588923
LOC111125148,0.592624203992519
LOC111126562,-0.35482056627478
LOC111100065,1.23636779816265
LOC111126883,-2.3007000760863
LOC111124613,0.988435407116292
LOC111118352,-0.688866278841072
LOC111112808,-0.930542584785863
LOC111119907,1.99885441542261
LOC111129961,-0.078684600322897
LOC111134704,-0.239761958292714
LOC111100628,-0.305904365408006
LOC111114741,1.41561881670374
LOC111126226,1.55523576112698
LOC111119116,-1.24452195019524
LOC111121657,-1.2103354661752
LOC111126706,0.309487805974843
LOC111112180,-0.190381776106537
LOC111124534,-0.232669309434643
LOC111128029,-2.0097413780192
LOC111130671,0.804389604435916
LOC111136200,0.705642825494928
LOC111102064,0.180553382967189
LOC111105291,0.0294923603888496
LOC111131758,-0.0653219247942916
LOC111105810,-2.93003760467119
LOC111130742,-0.823919136683693
LOC111105144,-0.114395410931043
LOC111128872,-0.32021011289203
LOC111137740,-2.55178731002164
LOC111119119,-0.243918425847346
LOC111128436,-0.79196293134329
LOC111138185,-3.19565824464097
LOC111136072,0.354921613587245
LOC111124938,0.451170400914706
LOC111107537,0.00485472450509608
LOC111122308,-1.69254544030044
LOC111110028,-1.77660494518654
LOC111121093,1.20687312020897
LOC111127804,-0.334582886540798
LOC111137862,-0.465268512954441
LOC111135755,-0.799155668501667
LOC111136121,0.0822739593865913
LOC111117384,-0.291371710784246
LOC111129145,-0.186229936243059
LOC111127863,0.448987064449342
LOC111136028,2.40313556593131
LOC111128278,0.724544274525046
LOC111124348,-0.307520162261579
LOC111117179,-0.767547222163433
LOC111125992,-5.49108281516383
LOC111136917,-0.650125168795389
LOC111133257,-0.137520680389158
LOC111132787,-6.89172991947466
LOC111125769,0.414850466742099
LOC111114102,-0.0240750608440424
LOC111134025,-0.944628689013655
LOC111113160,-2.6488844202945
LOC111105590,-0.743864166047038
LOC111109876,-0.142307645362961
LOC111105378,-0.145606610700906
LOC111112405,0.174965327141801
LOC111119175,-0.00948676826237705
LOC111112409,-0.801720941778125
LOC111126395,-0.882749840865343
LOC111128393,-0.0653613399346399
LOC111129400,0.0471537639010584
LOC111137530,-2.47419919094483
LOC111119122,-0.310003768364423
LOC111106516,-0.335716646563411
LOC111099794,0.000173166346355383
LOC111114851,-0.295931085558256
LOC111105708,-1.22442953132319
LOC111133006,-0.978829493466825
LOC111123563,-0.870318815814698
LOC111121082,0.249071593591396
LOC111119536,0.383605679467055
LOC111136692,0.159503453720182
LOC111135357,-0.316698872731228
LOC111129429,-0.928116876238053
LOC111136877,2.07593807613327
LOC111135386,-0.579301826927246
LOC111114162,-1.19998378677072
LOC111127888,-0.579273419779021
LOC111126357,-0.188624026246523
LOC111100418,-0.231877316276853
LOC111128375,-0.800532754990547
LOC111136826,0.91889370806702
LOC111115201,-0.0792586699882009
LOC111136827,0.0759076917650152
LOC111117672,-0.587406663745441
LOC111137633,-1.09996584030428
LOC111126636,-0.264756092755723
LOC111113023,-1.97129762493823
LOC111118413,-5.70939649655596
LOC111111831,0.792199370618816
LOC111115224,-0.513560781584857
LOC111133184,-3.12797887747766
LOC111113008,-0.0623920714234315
LOC111110353,1.7622922623012
LOC111134696,1.23264594415116
LOC111134304,-0.91494856002624
LOC111135112,3.55534085879736
LOC111102616,-1.79887256557029
LOC111130353,0.700612267364899
LOC111126076,-0.155699860463779
LOC111117194,0.819861879387967
LOC111102695,-0.356015112268216
LOC111138194,-0.882339402662074
LOC111118090,-1.65403972418877
LOC111138032,-0.773575687231703
LOC111125238,0.423118850292308
LOC111133496,-0.0561155537666198
LOC111131173,-1.20770661297539
LOC111105480,-0.257916658778657
LOC111112436,-1.76481872294415
LOC111106544,-0.316161647243609
LOC111101936,-0.13470238815384
LOC111138223,-0.292176068850976
LOC111100677,-1.58519093812935
LOC111134772,0.187320068391805
LOC111123708,0.102942282546554
LOC111099577,-0.480375072417733
LOC111123701,0.26356146683943
LOC111131769,-2.33129154407373
LOC111128978,0.0514058133907098
LOC111130779,-0.0851093338676447
LOC111108470,-0.953398246477794
LOC111102051,1.69712924504268
LOC111118536,0.533486234799093
LOC111135094,0.845640928551731
LOC111133981,0.726405381131468
LOC111128925,-0.177134250538602
LOC111118857,0.610991247142993
LOC111113018,0.129536545538104
LOC111130052,0.0201660595204102
LOC111116981,-0.630060106469863
LOC111102837,0.200445637281651
LOC111126233,-0.242305055779387
LOC111109308,0.724369373012324
LOC111123483,-1.43820175510567
LOC111120051,-0.966927897629524
LOC111125629,-4.07987794664918
LOC111119417,-1.81691111725203
LOC111132867,-0.386529350270682
LOC111136850,-1.25741522325806
LOC111119770,-0.0295358871549388
LOC111130996,1.43931921642722
LOC111118445,-0.227783938509026
LOC111133150,0.23580543444101
LOC111106495,-2.28159581463364
LOC111119478,-1.23125032458105
LOC111128818,-1.56193746077998
LOC111131730,-0.481171186351431
LOC111121716,-1.75692658779989
LOC111114996,-0.798145779234784
LOC111135881,-0.312106073995661
LOC111134085,0.0337036413767786
LOC111130082,-3.48635677094736
LOC111132339,-1.20548473998905
LOC111138342,-1.26909550834598
LOC111134311,-0.442005894219679
LOC111132556,-0.17476593621307
LOC111114797,-0.365871148567202
LOC111129264,0.617647952059411
LOC111113319,0.285778369345713
LOC111119146,-0.294301273510858
LOC111134535,-0.233439521793327
LOC111111818,0.382796773620849
LOC111128799,-0.241192992433402
LOC111123720,-3.95345695960755
LOC111122503,-0.0366209516215695
LOC111129198,0.737301374673723
LOC111111262,0.160386079451046
LOC111124788,0.176046773054151
LOC111101251,-0.139594214612692
LOC111118433,-0.537059261982649
LOC111129226,-0.310871202760457
LOC111133646,0.0857057505535104
LOC111117144,-0.453701233177717
LOC111119432,-0.960597337474609
LOC111108820,-0.477534103327127
LOC111101097,-0.36227491940793
LOC111126103,-0.178465548129641
LOC111099846,-2.99657382289353
LOC111118543,0.181018781431423
LOC111125604,-1.73672898881515
LOC111129936,-0.404272505124683
LOC111134958,-0.396803231417865
LOC111137577,-0.0690968234269929
LOC111126860,0.13576507408914
LOC111104001,0.59746602201422
LOC111115575,-0.340473011585268
LOC111136417,-1.75212282582892
LOC111135941,-1.87569157149963
LOC111113423,-0.66751132056248
LOC111128791,0.083996663084496
LOC111117844,0.0356592400885624
LOC111108861,-0.187131588736512
LOC111104101,-2.00696913390833
LOC111125900,-0.893819635749677
LOC111136435,-0.446219867891417
LOC111111782,0.260043711821009
LOC111135278,-0.939373702665997
LOC111136568,-0.359758795826616
LOC111108376,0.537761614488658
LOC111099103,-0.446422914698164
LOC111126702,-0.166559854924033
LOC111123044,0.859127929515641
LOC111110279,-0.837173435811435
LOC111116790,-0.0508153945601958
LOC111129675,3.28915537503389
LOC111135524,-1.4253418597585
LOC111123356,-0.15990098048242
LOC111107554,-0.340948688499824
LOC111107555,0.559700986547228
LOC111132932,-0.487306894426729
LOC111114976,0.021502051000475
LOC111103388,0.195759672487607
LOC111118564,-0.241858599345359
LOC111118005,0.0498644022405452
LOC111135614,-0.966771708188565
LOC111117124,-0.519482010201046
LOC111132086,-0.132253293459365
LOC111107241,-2.55899170719064
LOC111114484,-0.306137863817578
LOC111121328,-0.355225695110789
LOC111127822,0.908606301010147
LOC111107952,-0.59913775936671
LOC111123352,-0.80051939174717
LOC111102183,0.529829320488053
LOC111138067,-0.229075873945613
LOC111122921,0.479553990335137
LOC111137219,0.169810498080894
LOC111132221,0.0965723483050207
LOC111132802,-0.243199658439732
LOC111135115,-0.0641159739084674
LOC111111018,0.369343121747643
LOC111136971,0.16566279375242
LOC111105459,0.597896738882854
LOC111138325,-0.87868390684282
LOC111123293,-0.0888603768007114
LOC111131424,-0.290019170626602
LOC111102496,-0.0878356798533769
LOC111105246,-0.861847124336412
LOC111102250,-0.800237565627873
LOC111114602,0.64517470410606
LOC111133632,-0.187248421533281
LOC111135477,-0.355239571151539
LOC111124859,-2.12281351759916
LOC111135402,1.4561286813746
LOC111115682,0.355919019878425
LOC111107767,-0.255185937921499
LOC111116737,-0.326080871466859
LOC111106310,0.733667758231192
LOC111111685,-8.99540880979254
LOC111124880,-5.19111342176466
LOC111125636,0.687445269097137
LOC111108536,-0.0420683854540304
LOC111126371,-0.544690157646079
LOC111113538,-1.12977860102938
LOC111102931,0.30287392385528
LOC111135666,0.197549058092779
LOC111105297,-0.244047100810549
LOC111106977,-0.495400597709282
LOC111131353,-0.734414165710663
LOC111113352,-0.191213635030634
LOC111125139,0.249985887539272
LOC111109717,-1.17713148452308
LOC111137456,0.115672827323094
LOC111102932,0.0151844345426219
LOC111130003,-3.04870774108865
LOC111113190,0.280609673617091
LOC111133796,-0.400693153151786
LOC111100869,0.125901770456488
LOC111110141,-0.0623384962145452
LOC111100709,-0.478469448164807
LOC111138049,-0.197876558022329
LOC111136270,-3.24032876397088
LOC111111544,0.409601070473737
LOC111110140,-1.91596025446832
LOC111127260,2.58578975997473
LOC111137666,-0.555601019528144
LOC111108119,0.346543775711946
LOC111123852,-2.05488186730757
LOC111103786,-3.71938600452473
LOC111111650,0.237722945540863
LOC111128231,-1.27200192831766
LOC111125472,-2.81166183332265
LOC111122252,0.0467679763084397
LOC111100349,-0.22033973460145
LOC111103996,-0.344976365559683
LOC111129140,-0.759570483036131
LOC111135988,0.287435452032036
LOC111117623,0.346427388822426
LOC111137241,-0.342020540250293
LOC111106361,-0.336131606464433
LOC111137487,-0.192055139835984
LOC111126715,-0.203550686161499
LOC111109534,-1.00205528209215
LOC111119555,-0.773260762516998
LOC111106835,-0.302283274827131
LOC111135884,-0.54345597568379
LOC111134001,-1.17379459267782
LOC111103928,0.000596298307667292
LOC111103012,3.13718928826589
LOC111105435,0.0959589553202177
LOC111103906,0.514411537563619
LOC111127659,0.275721444541726
LOC111129876,-0.0327041799617666
LOC111120967,0.738137957090663
LOC111106381,-0.16123059723812
LOC111123171,-0.303277731740933
LOC111101222,-1.02894785064077
LOC111127052,-2.93960205123894
LOC111134697,-4.16177433035547
LOC111133023,-0.310357138313018
LOC111110055,-0.173203648842436
LOC111109608,-0.957567191588436
LOC111137833,-0.0749051620539709
LOC111099564,0.710998802260642
LOC111118850,0.0519452681158623
LOC111103155,-3.58985484142534
LOC111130291,-0.154089584454824
LOC111122893,0.0783749002074906
LOC111129937,0.1815806603405
LOC111136732,-0.543307327812007
LOC111123697,0.153100634128549
LOC111122077,-0.741589366275403
LOC111109002,-0.69784686191666
LOC111134073,-0.912404501775017
LOC111117279,-1.00428900912716
LOC111123966,-1.82681495966487
LOC111117684,0.722319845280301
LOC111118038,-0.0648576779725979
LOC111136178,0.980533202793898
LOC111127587,-1.08929429374854
LOC111136958,0.954441867437792
LOC111123198,0.0709321377252786
LOC111123233,0.398044867546755
LOC111129250,-0.297483163831073
LOC111130712,-0.426534640433277
LOC111123864,0.186031347605862
LOC111113797,0.164331852410536
LOC111099985,-0.212338315105287
LOC111133254,-0.463844488018535
LOC111126232,1.02311759784165
LOC111099528,-0.201318396453586
LOC111121436,0.258950403998027
LOC111132916,-1.0259072301336
LOC111109941,0.888204912591599
LOC111130070,-0.202606051525993
LOC111134133,-0.168738992144717
LOC111130569,-2.11038696835933
LOC111112553,-0.386740682595005
LOC111137023,-2.13301923958173
LOC111136864,0.274582456489644
LOC111133700,-0.337227405821339
LOC111101515,-1.65663033955278
LOC111122016,-1.37320769740185
LOC111108007,-0.335110010012202
LOC111107048,-0.479722541478339
LOC111138450,-0.990704443502335
LOC111134274,-5.34663607747283
LOC111128638,-0.315693918165221
LOC111123140,0.491846502210433
LOC111116665,3.73014186961891
LOC111129537,1.07230342720848
LOC111136281,0.0559925541497769
LOC111107039,-0.429454184996519
LOC111104823,0.0468649338695728
LOC111112865,0.765619024157497
LOC111137271,0.304400557008147
LOC111135323,0.234434891013776
LOC111105765,0.301434441695271
LOC111133592,-0.131791377670035
LOC111129240,-0.112801906806367
LOC111116640,-0.897683294626521
LOC111138183,0.602717422901492
LOC111102770,-1.58357507448818
LOC111126332,-0.0380148207544899
LOC111127756,0.186738935035156
LOC111135460,0.438176746373899
LOC111108571,-1.21992771893174
LOC111107420,-0.0465931969418378
LOC111122528,-0.37973919955845
ND5,0.356403489293052
LOC111106103,0.106448351382156
LOC111110632,-0.410341009214095
LOC111125342,-0.144764350146106
LOC111121622,0.419297967221468
LOC111131446,-0.156558430940486
LOC111109097,1.4901283565258
LOC111115584,0.128031665871396
LOC111131701,-0.519790417312706
LOC111135219,-1.08080708887583
LOC111108225,-0.720149880932707
LOC111102366,-0.660200728408737
LOC111099218,-0.224194879739565
LOC111116431,-0.30927859058657
LOC111116749,-0.152788203912039
LOC111124870,-0.405289367072169
LOC111137429,-0.525921239657748
LOC111119032,-1.50705675636942
LOC111132794,-0.0165002233424647
LOC111111795,-0.976415259847073
LOC111104643,0.327427175800997
LOC111100924,0.48847795738079
LOC111126157,-0.515783429234196
LOC111133058,0.0646092911711819
LOC111135336,0.194635235265522
LOC111106223,-2.64053440933826
LOC111120517,-1.48177834780865
LOC111118545,-0.129943828873266
LOC111122394,0.560689209525557
LOC111130065,0.365584263904062
LOC111108237,-0.699545279628476
LOC111136946,-0.832388534896263
LOC111101123,-1.32380613269718
LOC111132924,1.53436694357641
LOC111119846,1.6248836218185
LOC111135819,-0.20019730820951
LOC111101212,0.755493865311598
LOC111138077,-1.86875265551972
LOC111136866,-0.236592760683116
LOC111103149,-1.94401346820379
LOC111118802,-0.535044565246821
LOC111118844,-1.60752570439377
LOC111099186,-0.491226220216186
LOC111121077,-3.06062012966966
LOC111131406,1.61237540908551
LOC111099457,1.16333503566885
LOC111115955,0.720500439722119
LOC111121368,-1.67578485534263
LOC111108164,0.0180398777112559
LOC111116438,0.218386228551753
LOC111131551,-0.0915110983075778
LOC111115171,0.216220968464418
LOC111116931,-0.132981070542779
LOC111137150,0.859078556636063
LOC111137725,0.87138357644918
LOC111119242,0.47685770342418
LOC111120170,0.121481471688664
LOC111136869,-0.525804841530343
LOC111126221,-1.00522084654605
LOC111105139,0.389403650128334
LOC111108199,-0.330300055861
LOC111122487,-0.179558502224463
LOC111127542,-2.78148681820707
LOC111134683,0.312833626369918
LOC111118188,-0.280217480098526
LOC111115208,-2.76548342054863
LOC111119022,-0.251028079081302
LOC111106373,-0.672962142021531
LOC111114765,-0.434475209795067
LOC111122663,0.711461251205032
LOC111108139,0.267246822872945
LOC111128396,-2.33282414493469
LOC111122996,0.0141455718643874
LOC111114998,0.0374424991370681
LOC111132917,-0.171405020927504
LOC111134610,0.124824128064317
LOC111123688,0.0787687051564475
LOC111116586,-0.79875172655235
LOC111127746,-1.41217525807933
LOC111110099,-0.181460154981563
LOC111112308,0.275123486083625
LOC111138002,0.0420521232601941
LOC111108575,1.32593138744078
LOC111126125,-1.45621526829788
LOC111114456,-0.150000709742302
LOC111121992,-0.177941047925101
LOC111101629,0.0530625066603323
LOC111136080,-1.14482073225898
LOC111126372,-7.45108513163676
LOC111129253,-0.529779997492955
LOC111114371,-0.303571049159195
LOC111104507,-2.3767135056937
LOC111137624,-0.00996515606167565
LOC111126906,-3.90705719734313
LOC111135746,0.0443700228653893
LOC111122941,0.965206788760414
LOC111138408,-0.137904095832684
LOC111113174,0.695716264608806
LOC111126240,-2.52836702112129
LOC111111341,0.163625652482681
LOC111128597,0.0799193082237298
LOC111136458,-0.42277073838862
LOC111137139,1.27154682466137
LOC111117031,-0.513525825796481
LOC111133007,-0.172005227593861
LOC111136724,-2.39631384690731
LOC111130426,-0.737252643516585
LOC111134954,-0.199173262487661
LOC111128950,-1.2588226468844
LOC111119644,0.203843440218607
LOC111103655,-1.22836124644265
LOC111113281,-0.0969738808003436
LOC111103954,0.312976253334985
LOC111129900,0.46288730272998
LOC111132869,-0.280282182951703
LOC111130320,-0.693644958556648
LOC111132194,0.987624268513586
LOC111131764,-0.700753681558531
LOC111133022,-0.09808973034403
LOC111134765,-0.116591821760001
LOC111121917,0.0619592784146044
LOC111137251,-0.853436331646963
LOC111137254,-1.54024260137688
LOC111129885,0.0696823405897994
LOC111101211,-0.236609041550058
LOC111105150,-0.00198108507220203
LOC111126616,-0.597106493430451
LOC111127345,0.327977865521364
LOC111113417,-0.921562423118771
LOC111131500,1.06432797166549
LOC111105603,-0.36190369495417
LOC111106453,-0.14915803973124
LOC111129845,0.150772435072807
LOC111137910,-0.554362089962806
LOC111137264,-0.482430825953199
LOC111119254,-4.09099728756726
LOC111115678,-0.60734291647175
LOC111123263,-0.851965621250066
LOC111111118,-1.02976014503565
LOC111122076,0.134733487601803
LOC111109301,-1.99362789645995
LOC111116363,0.844072621275015
LOC111130147,0.5494910735135
LOC111119700,0.501881968531493
LOC111132540,0.0608362998180792
LOC111108448,-0.25799635878026
LOC111128016,-0.781396902255431
LOC111134153,-0.720812825840676
LOC111129142,0.665422189711871
LOC111118733,0.209105648974035
LOC111136902,0.0096813539803378
LOC111135191,0.250294264408597
LOC111103095,-0.885654803453901
LOC111119919,0.0599786244969267
LOC111103249,-0.491801166984875
LOC111104381,-0.125986888544151
LOC111130738,-0.892558836947393
LOC111117851,-1.09590856251235
LOC111127664,-1.16358488886127
LOC111127166,-0.140500843865212
LOC111133340,-0.90684908847133
LOC111129525,-0.297952206414371
LOC111101127,-0.739554319037174
LOC111111367,0.0617850120297488
LOC111106088,0.0930368644403501
LOC111102926,-1.86322398941643
LOC111105326,6.29892934239004
LOC111103772,-1.33742872089734
LOC111122626,-0.06544628187514
LOC111102454,0.445237043074265
LOC111110321,-0.203664695603102
LOC111119668,1.66295429094805
LOC111120224,-0.0539656566394227
LOC111107770,-1.00262812314474
LOC111117132,-0.0947522806820135
LOC111138395,-0.31684708235364
LOC111137368,-0.00739481248723396
LOC111131132,-0.245014301989458
LOC111127418,0.624266228405592
LOC111118764,0.792649127718126
LOC111118765,-2.4935586850579
LOC111118763,-2.15150305992049
LOC111115122,2.0912485541166
LOC111107980,0.876460879934506
LOC111114566,-0.135949819964349
LOC111125511,-1.1592879293285
LOC111113108,-0.270988633451506
LOC111137332,-0.191655448548519
LOC111136800,1.11828319416505
LOC111127592,-0.624244449664613
LOC111132292,-0.454242748569594
LOC111119112,-1.74371199425596
LOC111136837,-1.4835520508408
LOC111123099,-1.54379166270024
LOC111128652,-0.809909775014683
LOC111126334,0.581950898730831
LOC111115359,-0.294334787756169
LOC111129392,-2.14943534612323
LOC111106783,0.868358723126967
LOC111102596,-0.202692506908709
LOC111132034,0.373168734062408
LOC111115635,-0.575048899444745
LOC111111155,-1.59081828376043
LOC111102962,0.0154400755526581
LOC111130693,-0.853142541863127
LOC111100253,-0.0196796391291526
LOC111129709,-1.402889738869
LOC111114516,0.667623971621777
LOC111109328,-0.245115977033543
LOC111125948,-0.417343248720337
LOC111125805,0.0221745256122712
LOC111131024,0.678571588032521
LOC111128870,0.257564402417466
LOC111129342,-0.521570814547277
LOC111127883,-2.23679371454547
LOC111114780,-0.124465307776862
LOC111132031,-0.405284211406457
LOC111110748,-0.564741932125724
LOC111134732,-0.648364648441255
LOC111120917,-7.22117541520446
LOC111133394,-0.815649321227785
LOC111131291,0.269302859358776
LOC111119524,-2.56504709065829
LOC111127724,-1.81129564513952
LOC111125312,-0.29138317278446
LOC111138084,1.00698442923382
LOC111107225,-1.25914971745134
LOC111136981,0.454155750483152
LOC111111716,0.416541567542846
LOC111126297,-0.197488934754103
LOC111123137,-0.544873170546037
LOC111116203,-2.56285764273717
LOC111118532,-0.378857157538491
LOC111110324,-2.10377478565327
LOC111135710,-0.364685873980648
LOC111114645,-0.929153927087973
LOC111119595,-2.9001970304245
LOC111113432,-0.0552622357044137
LOC111112407,0.46264781450904
LOC111120622,-0.934187472868386
LOC111099715,-0.151561982672651
LOC111111922,-0.664343653888854
LOC111114787,-0.734926999173902
LOC111101316,0.611179463111025
LOC111104845,-0.440724433635568
LOC111129502,0.214834704552021
LOC111109670,-0.131578765612023
LOC111125597,-1.49543716553463
LOC111135680,0.177811484511368
LOC111109333,-0.0225062270533132
LOC111108486,-1.43390710680051
LOC111106988,-7.37182665990614
LOC111099067,-1.76367146176113
LOC111118363,0.988446993543214
LOC111124939,0.666135730524592
LOC111108265,-0.550813064417216
LOC111130765,-1.64437740099926
LOC111113610,-0.161987318099138
LOC111132094,-0.903788756475595
LOC111126502,-0.286907769865672
LOC111130209,1.53012182062424
LOC111116172,0.00681446969877712
LOC111111617,0.362936904863858
LOC111127289,-0.678851893729463
LOC111132473,-0.0177770656831898
LOC111135982,-2.16723326776722
LOC111123844,0.487952615454277
LOC111130159,-1.20590641013778
LOC111107913,-0.409312305856042
LOC111138359,-0.835832592026399
LOC111120879,0.86024087005974
LOC111109549,0.303448312799666
LOC111125821,-0.211727343363922
LOC111128245,0.175419518669659
LOC111125362,1.55990656683327
LOC111118083,-1.82069261476773
LOC111105449,-1.53006683995301
LOC111129491,-1.01997459769277
LOC111110756,-0.043320338825319
LOC111129260,0.783054646478905
LOC111135534,0.126217720207307
CYTB,-1.2386732656694
LOC111135537,0.515572836028486
LOC111136774,-0.233154055632298
LOC111135496,0.266340752432775
LOC111124866,0.0958261203797082
LOC111120746,-0.487311540048171
LOC111105172,-0.0242411078301001
LOC111123059,-0.016946556045175
LOC111103873,1.30215315743714
LOC111136656,-0.336871344224793
LOC111138052,1.40290266145015
LOC111113446,-1.30966286321823
LOC111120281,-2.40580108493398
LOC111122030,0.106540661375194
LOC111106757,-0.148583655836797
LOC111120617,-0.328416701942178
LOC111099610,-5.81043238440806
LOC111104753,-0.30118581934868
LOC111134156,-0.191405481325618
LOC111114575,0.146192789428403
LOC111132680,-1.81715753354388
LOC111106154,0.495057158986937
LOC111110785,-0.125609726649907
LOC111119561,1.38103221348716
LOC111133307,-2.34916288521716
LOC111120831,-0.253868596434799
LOC111116598,-0.269141030722502
LOC111133997,-0.135038595062389
LOC111117754,1.89191725678
LOC111129717,-0.449102205273229
LOC111120649,-0.427816756406555
LOC111111287,-0.134257494872613
LOC111120216,-0.595519168405276
LOC111138092,-0.939982731953818
LOC111103373,0.487685891948395
LOC111136472,-1.88308892919004
LOC111113727,-0.107035446450639
LOC111135625,-8.65382104745197
LOC111126631,0.803215884022615
LOC111122189,-0.433270236914908
LOC111129277,-0.589935938200812
LOC111115168,-0.0721936713226205
LOC111133440,-1.5568786087834
LOC111133785,0.28093472136955
LOC111101956,0.157850313619149
LOC111136676,1.27875718797151
LOC111105755,-0.742318439021563
LOC111104133,0.241820016612142
LOC111130300,0.549121975344773
LOC111099145,-2.00608356896565
LOC111113182,-0.96157114009383
LOC111099942,-0.401538367440314
LOC111136014,1.13420997670066
LOC111127597,-0.728189031961402
LOC111132856,-0.221335092877891
LOC111118193,-0.173216412204579
LOC111137311,-0.32562131171603
LOC111123583,0.814725711948017
LOC111116567,-0.29469036048483
LOC111099100,-1.4395012827183
LOC111129982,0.0991621131626505
LOC111105748,-1.90626520827498
LOC111115406,-0.820811218170645
LOC111127203,0.264620594246983
LOC111121163,-0.952728676460167
LOC111106714,-0.448581683690661
LOC111099095,0.0857636814965381
LOC111129644,-0.360438294034341
LOC111104835,0.152309022643982
LOC111122325,-6.22714285571846
LOC111134968,-1.79983581869404
LOC111133084,-0.986628163976204
LOC111103856,3.27006012800386
LOC111119285,0.416165355894747
LOC111124864,-0.1420867537402
LOC111129220,-1.70119823660884
LOC111122821,0.0591769853931705
LOC111104462,0.140519427430744
LOC111110089,0.161500708200281
LOC111115904,-0.168833250178286
LOC111127788,0.0259655685421192
LOC111111579,0.532624925450444
LOC111126210,-0.00368232588628333
LOC111132825,0.61170030153191
LOC111121624,-0.818937067790157
LOC111123994,1.56699257791839
LOC111101458,0.514821611787666
LOC111118556,-0.303202834988928
LOC111117530,-0.43919772509334
LOC111110854,0.732735988784107
LOC111100481,0.431301241255807
LOC111101297,-0.0225669657042244
LOC111104990,-0.0757171036010996
LOC111107490,-0.166212434841196
LOC111137755,-0.575207908963693
LOC111108384,-1.57361825735645
LOC111133217,-0.193438755114473
LOC111123328,0.05647807083395
LOC111126301,-0.712249895547628
LOC111137444,-0.333331364544226
LOC111101830,-0.960450292782158
LOC111100620,-0.166331661347655
LOC111128244,0.397086636562564
LOC111110734,-2.03077230092742
LOC111110208,0.478838977034393
LOC111135356,-0.852187348691079
LOC111104396,-1.90686490199228
LOC111116794,-0.833437871187082
LOC111136219,0.298415690057076
LOC111119445,-0.969629639887818
LOC111100985,-0.76763220661964
LOC111120996,0.283142597029538
LOC111117152,-0.337697534455683
LOC111121343,0.250904984114553
LOC111111133,-3.04984889827947
LOC111131819,-4.43138341966341
LOC111101195,1.00234643314374
LOC111117657,-0.57771079556491
LOC111125921,0.1913860903931
LOC111121210,-0.0170492421273398
LOC111108878,-1.64691425030092
LOC111134970,-0.352192068777135
LOC111126835,0.0204418638589511
LOC111126554,0.258111576989449
LOC111138019,0.598853068963181
LOC111100498,-0.292706240182528
LOC111137252,-0.293227697462813
LOC111133488,-1.14816008886569
LOC111126077,-0.0826655198908036
LOC111105796,-5.43733392285578
LOC111128115,0.573982459414646
LOC111130492,-0.0229538763091362
LOC111129190,-0.460153506612751
LOC111124474,-0.00347151183339931
LOC111102513,-0.0245904783187905
LOC111104698,-1.58037955151423
LOC111109435,-8.20674323451232
LOC111113183,0.713297665715351
LOC111111334,0.340402874594675
LOC111136760,-0.610893130104473
LOC111108579,-1.27510129410657
LOC111103521,-2.03581525033441
LOC111101140,-1.06369893093832
LOC111116233,-0.285817319276309
LOC111130619,-2.87819841702806
LOC111135691,0.236164095271331
LOC111125556,0.550872333422289
LOC111126900,0.292023173192087
LOC111118595,-1.16649357407013
LOC111119579,-1.17969175903597
LOC111131650,0.184799864552868
LOC111120068,0.763996758028331
LOC111104409,-2.84820067944689
LOC111104589,-0.585930793318958
LOC111129103,1.06659719536735
LOC111103020,0.394119501188948
LOC111129958,1.63945001682403
LOC111136907,0.0976276287387408
LOC111112868,-2.04856090828074
LOC111114817,-2.02752310970995
LOC111137213,-0.355186614864604
LOC111116942,-0.138978213712558
LOC111129314,0.0851137943139178
LOC111129952,-0.654115436019981
LOC111102820,0.0166466726885599
LOC111125667,3.84952613435588
LOC111108537,0.0845636687713427
LOC111128242,-0.0847488662168982
LOC111106102,-0.160220350429876
LOC111110791,0.473548204765456
LOC111130054,-0.211143439555211
LOC111107263,0.472402365674722
LOC111108394,-3.44166490436605
LOC111124975,-0.798244979599449
LOC111112471,-0.269353685847043
LOC111108355,1.2814084691365
LOC111106649,-0.143918656215383
LOC111099522,0.578553583315141
LOC111135501,0.393829386476111
LOC111121514,1.95925947980898
LOC111125479,-0.306215747257445
LOC111129477,0.0790113858705979
LOC111103916,1.09131265751351
LOC111135860,-3.23583732910761
LOC111100426,-6.73542093635735
LOC111119920,-1.22355052742402
LOC111124154,-1.07586470275799
LOC111118267,0.654117854978272
LOC111102882,0.100371653184686
LOC111110272,0.179246354941938
LOC111122695,-0.274974998348391
LOC111124985,0.00967293897684708
LOC111119676,-0.854235206342593
LOC111120551,-0.978807674931759
LOC111133352,-0.639543184821145
LOC111107423,-0.740751609025011
LOC111105807,0.0283842670807196
LOC111124702,-0.745057784599469
LOC111132957,-1.19249590953248
LOC111138023,1.56318686536485
LOC111120086,-2.55120919750923
LOC111134459,-0.514638247812396
LOC111113186,-0.169744297064136
LOC111135503,0.209593118810709
LOC111108773,-0.559780439116827
LOC111106915,-0.154113412755633
LOC111114858,-0.299715734862422
LOC111131153,1.0371224026796
LOC111119533,-3.50335164380144
LOC111120664,-0.307920316045751
LOC111100548,-0.579146405291872
LOC111124376,0.0213674569392493
LOC111130995,0.760040257270617
LOC111113845,0.838571991076763
LOC111126817,-0.384220552784331
LOC111123358,0.24051492632855
LOC111103360,-0.547659817642746
LOC111100975,-2.85492752837
LOC111112296,-1.13023155233225
LOC111118268,0.228010696973216
LOC111121235,0.512804575427728
LOC111118884,0.518557601684465
LOC111126101,-0.389816421796167
LOC111109552,-1.92065822272469
LOC111118270,-0.0524501708882653
LOC111105784,-0.414902980324641
LOC111113581,-0.197008394533306
LOC111114282,-0.57065186896162
LOC111133613,-1.14363874681751
LOC111106777,0.323475496542462
LOC111117879,1.07081513661628
LOC111100864,0.0821608345609528
LOC111118602,-3.49637262414355
LOC111126127,0.290536414653863
LOC111133693,-0.34121222309956
LOC111124198,-0.666542773092952
LOC111136553,-0.0237190937882804
LOC111103995,0.46174747297135
LOC111130363,0.616132319149874
LOC111133810,-1.26817416277216
LOC111108504,0.425170400948477
LOC111123141,-0.574819423318105
LOC111133578,-6.30371995718042
LOC111117470,-0.0924785026541764
LOC111107247,-1.08568291698044
LOC111134357,1.14911431609976
LOC111120064,-0.415462966221319
LOC111100590,-0.300781060096454
LOC111132428,0.106783013900807
LOC111107704,-0.307849780358637
LOC111122630,-1.15970256547646
LOC111106709,-1.64024721241228
LOC111130425,0.536889021704303
LOC111131850,-0.225373591290462
LOC111102275,0.266703842615054
LOC111128285,-0.297378172495138
LOC111138425,-0.136987530198816
LOC111130730,-1.33636854941241
LOC111137631,-0.218487627615205
LOC111119459,-0.421160862994031
LOC111120082,0.589008951189778
LOC111135718,-0.853876203330622
LOC111131826,-0.278227311309685
LOC111131638,-0.763956535042758
LOC111134875,-1.402697575362
LOC111120678,-2.35793860596942
LOC111118250,0.434966390470668
LOC111137818,-3.04351446758825
LOC111128907,-0.746606891149797
LOC111138322,-0.110310990313123
LOC111128596,-0.339775111939562
LOC111115900,-1.06220906274678
LOC111133980,-0.0757401902918746
LOC111128663,-4.56996131537536
LOC111117772,1.46744672061861
LOC111128080,-0.00867863958631823
LOC111109905,-8.0476477178707
LOC111102422,-2.85664815211845
LOC111136176,1.03181093355046
LOC111118295,-0.982275062715849
LOC111115294,-0.301485800101837
LOC111130784,0.641832753253596
LOC111131643,0.175559550643769
LOC111121259,-0.549388436784183
LOC111110343,-0.760221258198409
LOC111100142,-0.446999020526092
LOC111136663,-0.128398441752034
LOC111134614,-0.378265382118965
LOC111111609,0.32321417405104
LOC111133941,-5.39960828789859
LOC111135844,0.0283318371962429
LOC111130450,-0.420187377918531
LOC111127223,0.635618793659402
LOC111138027,-0.124520760750458
LOC111133043,-0.25266409596877
LOC111100436,0.858106208014021
LOC111130974,-0.163230884445309
LOC111100390,-1.96973775612168
LOC111120954,0.573199596258383
LOC111134267,0.218134365616291
LOC111115698,-0.00216312140986866
LOC111114682,0.0268535890002954
LOC111126884,-0.164109824573112
LOC111129621,-1.63756572097052
LOC111111984,-0.526217738490169
LOC111128382,0.6808502425531
LOC111104100,-1.41788167373716
LOC111130100,0.0883455409907976
LOC111103265,-0.422880642978428
LOC111134492,-0.360577826574471
LOC111111025,-0.820277512081786
LOC111122733,-1.24432616105238
LOC111119531,2.83898848107646
LOC111135135,-1.87013810201495
LOC111131077,0.49317138055978
LOC111103865,1.86897187347548
LOC111104539,1.13812870782487
LOC111100815,-0.0559326475782496
LOC111103002,-0.486430374484413
LOC111115772,0.272973335338819
LOC111122833,0.553545204750206
LOC111127081,-1.49609538702026
LOC111114859,0.128895146240908
LOC111100137,-0.359032811579118
LOC111101132,-0.977739310990167
LOC111101260,-0.538605656847425
LOC111129272,0.419450828459087
LOC111137093,0.319069908107085
LOC111118619,-0.282599591927108
LOC111102920,-0.396737198307462
LOC111130788,-0.00621405712109506
LOC111099919,0.262442280548386
LOC111136155,0.928545412551449
LOC111109594,-0.475100651765098
LOC111118165,0.277195144631565
LOC111131803,1.54383444538538
LOC111137242,0.182259808393893
LOC111108110,-0.460635081065557
LOC111103325,0.136743250181858
LOC111126575,-0.615892374116815
LOC111103050,-0.100459571281565
LOC111109197,0.696249748763056
LOC111136840,0.785186202600967
LOC111113720,-1.45614893876881
LOC111108689,-0.45312505136891
LOC111115495,0.00656814113021346
LOC111123683,0.708514422691802
LOC111119479,1.1548304715246
LOC111112952,0.334199265954202
LOC111136116,0.302897603208459
LOC111114627,-0.911507483943382
LOC111126426,-0.833410106748344
LOC111117358,-0.395185299680676
LOC111132892,-1.5958165307942
LOC111135848,-0.234595409853573
LOC111131137,-0.895737989953813
LOC111128465,0.155856044616837
LOC111107942,0.314904773634465
LOC111101722,-4.8570275860958
LOC111137965,1.95218853975026
LOC111114302,-3.12115433386189
LOC111118404,-0.494364721912754
LOC111115492,0.0791096248011919
LOC111123079,-0.0814817780244066
LOC111100718,-0.0980109242526077
LOC111130517,-0.535538408333373
LOC111099734,-0.772753802894705
LOC111118219,-6.61754936178132
LOC111136778,-0.185311297062517
LOC111101018,-0.0272561616304031
LOC111107758,-1.53794600531307
LOC111127241,3.0339313235178
LOC111121686,2.2268914340605
LOC111122199,0.00931909633948266
LOC111106122,-0.450131258237085
LOC111123666,-1.44420896638689
LOC111114547,-0.0419956288362197
LOC111104316,-1.35980874506114
LOC111129217,3.3447093497954
LOC111136684,-0.464751667444534
LOC111111492,1.25544522583138
LOC111136617,-1.09584768154072
LOC111132115,-0.844143851980631
LOC111103826,-1.54683890546213
LOC111125509,-0.730396548135359
LOC111125421,0.379373871161289
LOC111104565,-0.426915605207801
LOC111121095,-1.51564601627082
LOC111134708,-0.269733324589779
LOC111134647,0.770077333879202
LOC111115680,-1.16527236678941
LOC111114527,0.354574809406692
LOC111103167,-0.185754220937621
LOC111109702,0.222026980522737
LOC111135948,-0.191242380586753
LOC111136884,-0.241853051421566
LOC111116582,0.427465613053486
LOC111115757,1.29089631940934
LOC111110286,0.117557906454059
LOC111124942,0.353279970017906
LOC111107427,-0.977834073683858
LOC111127944,-0.443204645197415
LOC111101728,-0.02622814293965
LOC111106263,-7.51531307327396
LOC111123292,-0.0608696277932994
LOC111110788,-0.175837144512353
LOC111118443,-1.65249344643872
LOC111138416,-0.146720761264732
LOC111114902,-0.279834879796622
LOC111135711,-2.99254505793631
LOC111102981,-2.70733464489549
LOC111133161,-0.131382202103156
LOC111117757,-0.204909974098749
LOC111117621,-0.417313538667335
LOC111115600,0.612778068784489
LOC111135918,0.864440489704768
LOC111120267,1.50809229352323
LOC111118906,0.195460970065413
LOC111136661,-0.27700705624606
LOC111112738,-0.0834164371572583
LOC111125836,-0.0439037054501991
LOC111110042,-0.23217418997237
LOC111112261,0.391249024250175
LOC111102504,2.05869774845021
LOC111137620,0.159133509889199
LOC111107057,1.17443635773111
LOC111121670,-3.57852873963584
LOC111117043,-0.0752275368826904
LOC111118012,0.675721982791017
LOC111121024,-0.457667597318391
LOC111128586,0.0436825148117016
LOC111133244,-0.017009709556555
LOC111115724,-5.24561615883276
LOC111127215,0.233690371171069
LOC111134022,0.104872738573018
LOC111112381,-0.845501590882766
LOC111133016,0.665395792574584
LOC111114968,0.195683534819848
LOC111119888,0.375672465286831
LOC111113429,-0.902283975150662
LOC111105215,0.181977474149618
LOC111113658,-0.163084296501247
LOC111132246,-0.158107670179156
LOC111114832,-0.473752357166139
LOC111110033,1.01822709247621
LOC111128417,-0.502728401673149
LOC111121221,-0.569277009100991
LOC111120812,-0.0223768174872183
LOC111135241,-0.413697333290167
LOC111114173,0.00443819127260919
LOC111132379,-0.0317236297170841
LOC111133260,-2.72921521198012
LOC111122340,0.334168473310411
LOC111109795,-0.0287017402223488
LOC111131585,0.00612103960953197
LOC111135445,5.2207433973421
LOC111126107,-3.91378298499804
LOC111128345,0.49275072932247
LOC111117880,0.262909324992036
LOC111123689,0.0436145427429266
LOC111129629,0.124012645326523
LOC111119862,-0.577586485517341
LOC111117698,-0.224307955469845
LOC111116131,-0.552247803919287
LOC111134093,-0.317771987606005
LOC111138076,0.00598521823797476
LOC111124394,-0.125858995324949
LOC111113318,-1.16621479735151
LOC111115106,-1.4594538395984
LOC111132959,-0.213026888243226
LOC111121408,-0.403618358764017
LOC111115226,0.866422814975684
LOC111101863,-1.24055520639281
LOC111118648,-3.98737154161653
LOC111129478,-3.57272257714619
LOC111108207,1.34201167638709
LOC111119193,0.378595746737243
LOC111106534,-0.2135688104543
LOC111101464,-0.721015288779614
LOC111100592,0.208571268770827
LOC111100051,-0.655202978430268
LOC111130294,-1.18647953825993
LOC111130050,0.376095165616005
LOC111133784,-0.786801039010076
LOC111136275,-0.0171401932843361
LOC111125917,-0.77144902561199
LOC111111521,-0.523720576878808
LOC111119484,-0.421236414220095
LOC111126956,0.154499841949152
LOC111133690,-0.330892491406683
LOC111116954,-0.105621706379584
LOC111101076,-5.61601297792638
LOC111108346,-5.22079201518204
LOC111127997,0.561231331133333
LOC111123962,-1.32376488256558
LOC111122832,-0.442253424198975
LOC111118959,-4.94834073470186
LOC111122606,-6.52749502369926
LOC111113547,1.03286212025559
LOC111125548,-5.27483688403898
LOC111137786,-0.0469618945121894
LOC111133769,-0.36779448579375
LOC111110182,1.35796049326472
LOC111112605,-0.487454229120593
LOC111126053,0.369060835200297
LOC111133483,-1.42577857080259
LOC111100376,0.302181331348439
LOC111119401,-0.0384745739245173
LOC111101078,-0.197997644098708
LOC111110025,1.01538752310452
LOC111122902,-0.81443989208977
LOC111106665,-0.925639837625756
LOC111111308,-0.580300372598762
LOC111103038,0.764216010885766
LOC111115504,0.169759532428858
LOC111135943,-0.136994411442272
LOC111113715,-0.0527313905343523
LOC111126529,-0.5187759211842
LOC111135484,0.0253678902039566
LOC111104604,0.0260754807725652
LOC111111208,-0.167202599129096
LOC111104875,-0.228620804608633
LOC111114242,-0.110778725100885
LOC111135732,0.156666413326083
LOC111131245,0.767596542358213
LOC111113780,0.149565896182134
LOC111126398,-0.576073881970705
LOC111103159,-0.212604091342475
LOC111122620,0.211137455988724
LOC111109603,-0.875027053753788
LOC111136795,-0.649507110289924
LOC111107987,-1.11738506817251
LOC111124734,0.355509919859933
LOC111103668,0.462376377428635
LOC111101521,0.705633700687331
LOC111120665,2.67077371893169
LOC111134808,-0.0859329969167194
LOC111099199,-0.312538883470738
LOC111133704,-1.89242533831738
LOC111117646,0.202253967527575
LOC111132044,-1.131739709637
LOC111132815,0.291254666710949
LOC111109599,-0.0388719942828275
LOC111128424,0.417906799306171
LOC111108580,-1.30591215795101
LOC111101082,-0.154199865484946
LOC111105235,-0.915091249061733
LOC111137742,-0.738196997686173
LOC111128937,0.100059561937596
LOC111120107,0.493410332702407
LOC111108775,-0.247027390189234
LOC111130892,-0.189917414743336
LOC111115094,0.0861488677782357
LOC111136923,0.0453250960649036
LOC111106506,-0.73177089304985
LOC111102610,0.562237022896632
LOC111123545,-0.221980493736255
LOC111135294,-0.844408705447361
LOC111123778,-0.498752087674332
LOC111137942,-0.612583560538967
LOC111126200,-0.0560046457530961
LOC111123894,-1.58840654539338
LOC111102894,-0.446627798023319
LOC111099997,1.17899775436122
LOC111111786,0.34788338798247
LOC111114910,1.56976306355633
LOC111107691,-0.0546482001827321
LOC111130246,0.552777554388329
LOC111119385,0.0085026955437547
LOC111137211,-3.85425808113843
LOC111126797,-2.91259725165944
LOC111113382,-0.0251905346325193
LOC111114619,-0.0604456305406936
LOC111131806,3.59805877372875
LOC111136909,-2.55902055974479
LOC111136295,-0.984460876627847
LOC111114347,1.68794881986654
LOC111122998,0.0018764007569478
LOC111129215,0.802518060486701
LOC111104650,1.63510839182242
LOC111135437,0.0855175182292111
LOC111125492,0.990093652468256
LOC111104040,-0.248345824202081
LOC111123419,-1.29479110188015
LOC111136493,0.237375072407769
LOC111127980,-0.302097094438315
LOC111117394,-0.431689338173185
LOC111119480,0.58899516350645
LOC111108498,-0.605078318217885
LOC111106573,-0.14879124155018
LOC111137223,0.322026409047021
LOC111126151,0.637466732904234
LOC111131131,-1.32819024596297
LOC111130157,-0.432907032208183
LOC111099429,-0.944545350547749
LOC111113917,0.00289274681642704
LOC111120171,-0.186491107549302
LOC111120555,-0.197015479130081
LOC111130452,0.598704862785265
LOC111124778,-1.78187536027342
LOC111110574,-2.62527076440943
LOC111121443,-0.487036168083452
LOC111137001,-0.523341983091424
LOC111110225,-1.72899590202872
LOC111112819,-0.336737456074089
LOC111103550,-0.536959106709896
LOC111099870,-1.21147704065046
LOC111137480,-0.562487934052253
LOC111119142,0.0177057906154141
LOC111111600,-1.7744190727631
LOC111126338,-0.00191899394886113
LOC111130225,1.39245084469271
LOC111110739,-0.119958174007614
LOC111125289,0.129411239229576
LOC111102673,0.48953817378166
LOC111120757,-0.756025101523251
LOC111113512,0.330838508222779
LOC111108797,-0.654768660818785
LOC111128901,-0.18833368882933
LOC111113103,-0.353711222555419
LOC111122329,-0.56089382300217
LOC111125288,0.909138614037446
LOC111104482,-1.32974983702166
LOC111117238,0.0874009133782661
LOC111138384,-1.33661876363485
LOC111119707,0.0854481171096961
LOC111110264,-0.214664266940164
LOC111125689,-1.87696066596313
LOC111101614,0.0876583920180581
LOC111101242,0.642823659164931
LOC111132135,-0.31583823371072
LOC111117334,-1.0382323461602
LOC111112939,-1.16010350336529
LOC111099438,-1.01242161563594
LOC111108004,0.131844500503301
LOC111106010,-4.61777204926176
LOC111119323,0.669429176968497
LOC111101548,-3.42694927170041
LOC111121008,-0.324720687765451
LOC111130051,0.681145119901931
LOC111130143,-0.776733156782415
LOC111127909,-2.01027926838247
LOC111109744,0.156301398383325
LOC111119772,-0.151645991520868
LOC111109849,-3.48714256868088
LOC111106421,0.501774721912033
LOC111102489,-1.37473718379827
LOC111125118,-2.02513650758409
LOC111108697,-0.615211773635586
