GeneID,neglogpvalue
LOC111108586,-0.225967710191842
LOC111123850,1.6250990915683
LOC111119799,-0.308235818841415
LOC111108596,-0.054758576120369
LOC111134853,-0.182534958627295
LOC111125093,-0.385356936543132
LOC111126079,0.256948007568589
LOC111115470,0.501546981941035
LOC111116974,0.56493590442422
LOC111135972,-0.084015122975944
LOC111119859,0.217509812833418
LOC111110274,12.8856028348183
LOC111106249,2.83767038698173
LOC111136067,-0.873543514958508
LOC111125720,0.616998990723133
LOC111120529,-0.512965745035093
LOC111123598,0.714013333576937
LOC111133529,-0.522712691678991
LOC111104259,-3.38208773882056
LOC111100821,-0.0156489790433757
LOC111106363,0.0893639953133611
LOC111128777,0.58473400550921
LOC111117055,-0.108007757508086
LOC111120558,-1.30811112550502
LOC111117203,3.10059500772516
LOC111121607,0.2955036804685
LOC111138336,-1.00180719326962
LOC111107783,0.551625593248457
LOC111115979,-0.0232093100030951
LOC111135126,-1.11265455519232
LOC111107644,-0.221279912627552
LOC111119224,0.0800668592742144
LOC111112131,1.88452263500151
LOC111134136,-0.15381551670059
LOC111134272,0.175556409024408
LOC111131186,-0.18233468058753
LOC111104535,0.186267189349518
LOC111112953,-0.878387242039962
LOC111138446,0.215931270482432
LOC111130759,-0.309916286277822
LOC111108434,1.65090831667294
LOC111113850,-0.368469165548082
LOC111130361,0.383952265026668
LOC111104582,0.0934755585219858
LOC111119115,-0.473529014288626
LOC111130938,1.60180409384447
LOC111137819,0.152471489583237
LOC111120010,-0.256077808601401
LOC111111661,0.178548517963009
LOC111111115,-1.56034902547594
LOC111131224,0.540056834602095
LOC111130414,0.452910360008233
LOC111135595,0.335224460414929
LOC111102922,0.0832128214861764
LOC111128433,0.78286293126486
LOC111128592,-1.42828203204768
LOC111129036,0.0413421811881091
LOC111111450,0.638470616272502
LOC111124462,0.169901078568569
LOC111118402,-1.51243191853439
LOC111100766,0.460696535891374
LOC111099426,-3.56218289176803
LOC111119134,-0.47355840319966
LOC111127026,1.83893259656108
LOC111134641,0.145847187533962
LOC111132999,0.404571190643874
LOC111108717,0.506981974900646
LOC111131124,1.30788063200856
LOC111131412,-0.739504065907621
LOC111135297,-0.0791201282673002
LOC111108249,-0.795372754641099
LOC111102157,-0.0918009931822165
LOC111111438,-2.38898448591797
LOC111117415,0.0101393265908152
LOC111110281,1.66338349663606
LOC111110520,-0.0814708520335214
LOC111134913,1.88317033832753
LOC111107547,0.731058209877539
LOC111137346,0.546785870581239
LOC111099289,1.1536596296519
LOC111121375,-0.835230157544284
LOC111137215,-2.13546619814484
LOC111121772,3.92212779346001
LOC111131183,0.999281531615567
LOC111114870,0.136001736806515
LOC111124551,0.136919104793129
LOC111102862,-0.231127677608711
LOC111099925,0.423420099813355
LOC111108136,-0.278736057194335
LOC111112811,-0.038444805200387
LOC111124393,-0.0393143907564142
LOC111105705,0.584613712734173
LOC111120352,-0.981595674076615
LOC111106351,-0.480836134373414
LOC111102879,-0.212666123983268
LOC111133755,-0.343258399770792
LOC111119092,0.642365988884751
LOC111113322,0.0792157572190456
LOC111116479,-0.0583840841213255
LOC111118127,-0.997095318920908
LOC111130009,0.179193895665211
LOC111124724,-0.205049602325645
LOC111136447,0.59436058776257
LOC111129784,-0.0271311001015249
LOC111131461,0.105018079875838
LOC111121187,0.306227988223863
LOC111114920,-2.16454794441026
LOC111112587,-0.624462808079689
LOC111099439,1.80539390560567
LOC111137757,-1.92114137654432
LOC111129254,-0.373382150925412
LOC111136488,0.0863011329951389
LOC111115807,2.3423774650554
LOC111114635,-0.124811659394576
LOC111133827,0.0234198728043363
LOC111131058,-3.16309207931601
LOC111137991,-0.212308329810327
LOC111132146,-0.274963639710391
LOC111110119,0.125903187511411
LOC111136680,0.894109962526256
LOC111125181,0.315796484593325
LOC111133867,0.0364558822886557
LOC111128813,-0.163820328959277
LOC111119587,-0.528945942627899
LOC111135334,-0.0273042747030972
LOC111110924,-0.0547594234921257
LOC111104241,0.71505342081589
LOC111131728,-2.15185644999589
LOC111103859,-1.11002360049004
LOC111132946,0.110406789324115
LOC111105683,-1.55134000456874
LOC111100540,-0.379332326415972
LOC111125683,0.11284898220356
LOC111129355,-0.782749629863108
LOC111131531,0.132882149062033
LOC111111983,-0.280735967314149
LOC111103903,-0.46610008030936
LOC111114133,0.314472896366777
LOC111123098,0.148234590687471
LOC111128348,-26.7402016445939
LOC111122151,-0.325054548068515
LOC111133008,-0.103669675946554
LOC111122296,0.534601241400784
LOC111119034,-1.26561680305241
LOC111122422,0.278128410993989
LOC111113249,-2.56240160918915
LOC111102515,-0.995562524201548
LOC111102134,-0.225126442421388
LOC111122567,-1.84743719225614
LOC111100840,0.0628592507478403
LOC111135229,0.304099958464486
LOC111117202,0.19595835880477
LOC111133577,0.668936293583895
LOC111112783,0.172909117336983
LOC111112922,-0.054429051694289
LOC111118087,0.0541533513991517
LOC111129284,1.24687814343598
LOC111131359,-2.22953923531562
LOC111112900,-3.45643427819172
LOC111127619,1.45745321236648
LOC111115429,0.445788552218387
LOC111101161,-0.302691716706249
LOC111134328,1.37759065056644
LOC111117560,1.80491111810371
LOC111100029,0.961622855158841
LOC111103564,0.173535267462637
LOC111124413,-0.580661970750933
LOC111115142,0.260168143561396
LOC111117447,0.44792469116348
LOC111112956,0.523728488466698
LOC111115956,0.070636612711124
LOC111134710,0.0410845046432821
LOC111138404,-0.865010002711848
LOC111126556,1.84095065768347
LOC111110624,1.2805104791025
LOC111126600,0.258536687282313
LOC111129881,-0.0155460495030301
LOC111114224,2.07718085738912
LOC111099230,-1.05658108142929
LOC111138220,0.291509195910364
LOC111128019,0.631712218680012
LOC111106458,0.208237030062045
LOC111132100,1.62101965051268
LOC111106813,-0.182001572205853
LOC111125955,0.721659313123034
LOC111114738,0.423376950524853
LOC111127323,-0.751897121206669
LOC111122146,-0.29156678862285
LOC111120720,0.982063255938935
LOC111134325,-1.08329291314442
LOC111115748,-2.25216639145367
LOC111106574,0.122327396985343
LOC111105518,0.483259150640132
LOC111110276,-1.54322077405722
LOC111100291,0.0345088860188418
LOC111101288,0.322526172446053
LOC111117281,-0.657838527073268
LOC111130841,-0.0238775040023292
LOC111100231,-0.969813454412366
LOC111130460,-0.708531949870925
LOC111132525,0.715402790254493
LOC111110359,0.0178601918473414
LOC111103377,-0.945165915680481
LOC111106317,-0.573488307847251
LOC111134422,0.133842930770359
LOC111133047,0.486424885873999
LOC111123147,1.36284023917437
LOC111119055,-0.445534803429194
LOC111110309,-0.103796227587322
LOC111101306,0.00518563955229883
LOC111136591,4.64345479693259
LOC111121565,0.867497205303045
LOC111130576,-1.26474036558972
LOC111131348,0.31257630107797
LOC111119655,-0.0628379153082481
LOC111112084,0.952645820970477
LOC111133387,-0.230117500998286
LOC111119130,0.221183219538354
LOC111128724,-0.49934182995692
LOC111112145,4.09635805273982
LOC111137433,-0.344868430419749
LOC111109563,-3.04417565006531
LOC111135963,0.0108989700976097
LOC111125132,-0.465966360137565
LOC111125811,-0.324789906254619
LOC111117932,0.535395698040715
LOC111100866,-0.666904089568367
LOC111104422,-2.04372290762176
LOC111124946,-0.131012959492024
LOC111136244,-0.0951783213055214
LOC111131472,-0.0236667619032252
LOC111132511,-1.27429007170984
LOC111124801,0.363153450955897
LOC111117608,1.4350551111931
LOC111137738,2.1294062491192
LOC111133627,0.110606447492884
LOC111118421,1.69973689405619
LOC111135196,0.0670620455595754
LOC111135612,0.24721175968012
LOC111100423,1.30073692727419
LOC111133893,0.132522938949902
LOC111099116,0.0278636354067732
LOC111135280,-0.0223785953797021
LOC111126818,-0.747883033197125
LOC111107061,1.60621368329594
LOC111117889,2.53259373780422
LOC111111054,0.0971996811066869
LOC111118946,0.0973747114120797
LOC111099050,0.14687699271536
LOC111125351,-0.510485729143468
LOC111136234,-0.483025112186605
LOC111126367,0.354503340432256
LOC111128486,-0.0551194765536839
LOC111118312,0.120836728966154
LOC111111569,-0.325758756723349
LOC111137056,-0.101748902050431
LOC111099851,-0.234480485393437
LOC111134454,0.526730537120869
LOC111104699,1.71350126636099
LOC111136856,0.38705158434604
LOC111101516,0.0958136725290106
LOC111110270,0.0426040641313876
LOC111100089,1.60955633508311
LOC111106530,-0.194503777277191
LOC111100580,-6.231439674476
LOC111137015,0.24395376082393
LOC111133296,-0.054602204177924
LOC111136673,0.20114842779674
LOC111117449,0.286089866973356
LOC111123810,0.627425540868776
LOC111110273,-0.00842880742089272
LOC111130140,1.08189695793074
LOC111121714,-2.0220747656631
LOC111104022,0.476309127927299
LOC111135895,-1.81801379449635
LOC111132025,1.22489838637691
LOC111110622,0.208000502852029
LOC111129834,0.803938002707217
LOC111124426,-0.298974879325676
LOC111125113,-0.779528232557471
LOC111113871,1.24278191297833
LOC111117882,-0.249306090072596
LOC111109234,0.672998839111232
LOC111100994,0.220400391850111
LOC111116209,-0.319478813109133
LOC111124723,-1.50854047833131
LOC111123454,-0.153892108397391
LOC111101089,-1.65014812004841
LOC111115396,-0.59127713886298
LOC111115333,-3.26555370007347
LOC111103181,0.16488852135472
LOC111131341,0.101258501888902
LOC111120164,-0.0357385810254547
LOC111113009,0.768476057191331
LOC111112807,2.02879124620861
LOC111124362,1.0379059915733
LOC111104598,0.374755893880273
LOC111101077,0.459304045522921
LOC111137615,0.439571267035474
LOC111122448,-0.108785166690428
LOC111108149,-0.634124901278864
LOC111128025,-0.203213544550224
LOC111130677,0.361519941228386
LOC111122966,3.59665444689522
ATP6,-4.18335693661804
LOC111127482,-0.11743184367662
LOC111117978,-0.027493136790073
LOC111131327,0.167408008696977
LOC111118838,0.808749188432096
LOC111125594,-0.36871652485046
LOC111131748,0.820177620539133
LOC111120979,1.12148121962374
LOC111111256,-0.92305923381243
LOC111105112,0.884112432026447
LOC111101142,-0.13498075531625
LOC111113425,-0.0798709347634815
LOC111099913,-0.72402916194751
LOC111133225,-1.95959145393519
LOC111124583,0.879533371208874
LOC111105134,0.148502679840718
LOC111115165,-0.133030360065297
LOC111128809,0.304421929515707
LOC111111618,-2.59129530453724
LOC111115747,0.241347501391035
LOC111132217,-0.0470999693958339
LOC111110828,-0.280883108315856
LOC111118677,-0.55458430539928
LOC111135171,-0.296916223003428
LOC111133635,16.3943464333752
LOC111117726,0.0377171674738609
LOC111104710,9.44303590709458
LOC111110379,0.25149063411541
LOC111120744,0.310410806736993
LOC111115626,-4.84463208936998
LOC111108671,-0.240737694414548
LOC111115840,-3.543732041305
LOC111127924,1.3387844551825
LOC111115392,-0.487296020499126
LOC111132213,0.613695715413159
LOC111117369,2.3533999843319
LOC111126069,-0.025353108670439
LOC111107413,-0.393704218618334
LOC111130270,-0.984372768096399
LOC111100105,-2.34651244980177
LOC111106965,0.45095554520043
LOC111123238,0.1422960955029
LOC111135801,0.200790366573299
LOC111108479,2.44155033882424
LOC111132306,0.0849274534365049
LOC111104418,-0.512299060088113
LOC111127985,-1.94147967431405
LOC111118220,-0.639017580176462
LOC111101486,-0.256291933257768
LOC111132573,0.196195626433474
LOC111111938,-0.0812236430425096
LOC111100319,0.07421476741176
LOC111129818,1.02813141733908
LOC111101053,-1.14632092796943
LOC111116555,-0.370814590561928
LOC111131875,-1.01549987968539
LOC111123040,-0.367547031618739
LOC111111449,-1.06938051549083
LOC111118650,0.234019770505968
LOC111101236,0.42705266830081
LOC111107208,-0.782900863728165
LOC111129811,0.629932124770646
LOC111102132,1.52022195621281
LOC111126726,-2.2459803247027
LOC111115533,-0.089757423591039
LOC111106684,0.673883682525515
LOC111118041,-0.831004103253766
LOC111111374,-1.71730572355433
LOC111112031,-0.0395465595717402
LOC111134930,0.0706186143104832
LOC111132968,0.104406705866421
LOC111122825,0.664145414954196
LOC111129558,1.46966377351227
LOC111103375,-0.878423636804929
LOC111108010,-2.18340455098919
LOC111110186,-0.0543538791189519
LOC111102121,-0.416673646514667
LOC111124746,-2.22785637014542
LOC111136284,-4.61609435776039
LOC111133570,1.27395793353967
LOC111135868,-0.266274008827852
LOC111109575,-1.1410660232272
LOC111132038,0.912165906532831
LOC111135422,0.637002620919958
LOC111107343,-4.94836907301251
LOC111129828,-1.02621012256976
LOC111129970,-0.990656707973016
LOC111133971,0.487962381471852
LOC111136396,0.575176734311604
LOC111122281,-1.96557216734246
LOC111128411,-4.54791898231879
LOC111133515,0.635670994791
LOC111121893,1.91934082389593
LOC111101240,-0.514099085688391
LOC111112980,0.162751106126632
LOC111112417,-0.120744935812029
LOC111131462,-11.0230894301665
LOC111122232,-0.561329666214037
LOC111135581,-0.574785742522478
LOC111126166,0.961059061338509
LOC111133834,-0.145828448788091
LOC111131592,0.182622850975786
LOC111133747,0.269788370630155
LOC111099131,1.04527281276176
LOC111100052,-0.0667554446080989
LOC111136792,0.65205681864565
LOC111128515,0.0723692149496816
LOC111126074,-1.14610833473869
LOC111126062,-1.1944975238977
LOC111109712,0.539044720282928
LOC111099300,0.633856435216111
LOC111122211,0.239997733733003
LOC111121806,2.47793282898247
LOC111103256,-1.38605647001414
LOC111132583,-1.40365294051305
LOC111104616,-1.46764163836781
LOC111134040,0.302145127690226
LOC111100365,0.605581329200177
LOC111099481,8.82483115257859
LOC111135192,-1.83644447131426
LOC111122913,-0.989169615169981
LOC111125557,0.183189899854674
LOC111106712,-0.324796872617411
LOC111123525,-2.94575691380278
LOC111127968,1.11269366952147
LOC111103642,-0.259982125619287
LOC111121138,1.80573868848408
LOC111127757,-0.104430266289808
LOC111101723,-0.181384815595068
LOC111118028,-3.0776987845251
LOC111114684,-0.945632944512743
LOC111119449,-0.470315516904741
LOC111100801,-0.615676485394711
LOC111123809,-0.669439295204625
LOC111120531,-0.727392681611149
LOC111117416,3.06063285687599
LOC111136790,0.367263508663941
LOC111138038,0.389348958589611
LOC111118783,1.37248513311824
LOC111133350,-1.00455642277072
LOC111115172,0.642428643027317
LOC111110151,0.0976238682835465
LOC111107835,0.112044056427776
LOC111104789,-0.401205166815656
LOC111117533,-0.131181608410499
LOC111109605,0.462303527313916
LOC111116490,-0.625710552334537
LOC111129049,0.047239086936965
LOC111130155,-0.100981188029549
LOC111109801,0.13238465642471
LOC111100666,0.131775864018084
LOC111135142,0.462168287881132
LOC111138144,-0.054838893858973
LOC111122787,-0.742772373716018
LOC111121989,-0.0920509588050793
LOC111126150,0.631144852168983
LOC111124843,-11.9057722609215
LOC111135528,-0.796143103018883
LOC111116368,0.222820282021438
LOC111122354,-0.497712148575834
LOC111137294,-0.0137922795759553
LOC111104697,-0.952162931729377
LOC111130541,-0.567376750271523
LOC111124305,-0.371355190507117
LOC111133283,-2.00313426359592
LOC111121270,0.132263601594311
LOC111122265,0.473638170164987
LOC111125013,-4.91003754795422
LOC111123161,1.22137689398917
LOC111123955,3.55648953147297
LOC111130887,-1.86488333532349
LOC111102847,-0.210157016807775
LOC111105588,-0.165976690466432
LOC111135849,-2.87168901666534
LOC111127935,0.485637286626417
LOC111130708,-1.25082558978049
LOC111103819,0.126316333490231
LOC111121006,0.315315666809468
LOC111118355,-1.50517480113005
LOC111112793,1.08532618544054
LOC111108542,1.93075631764695
LOC111136597,-2.79029531298143
LOC111137019,0.328828290130013
LOC111107857,0.516169174093616
Trnas-gcu,0.147902349809577
LOC111135214,-8.30093449923099
LOC111112842,-0.221904760380943
LOC111112400,-2.75398208772457
LOC111108778,4.22356321028199
LOC111135560,-4.10548434671163
LOC111133631,-0.200310002860029
LOC111101014,-0.0542292028169274
LOC111122793,0.279179121592741
LOC111119645,-0.245810391005576
LOC111137021,0.581839406791812
LOC111108278,-1.39786609091117
LOC111133890,0.11449382870135
LOC111119070,4.37157852957664
LOC111111669,-0.0935215689813701
LOC111114943,-0.289492960042778
LOC111134268,0.265440960553493
LOC111100373,0.668962469769529
LOC111126970,0.89197802962282
LOC111126059,0.858512576231916
LOC111130554,0.956619761409159
LOC111125949,-0.666569987774812
LOC111130720,0.843624723405066
LOC111120883,-2.37092287332139
LOC111103989,-0.286764119679299
LOC111130976,1.70476179107721
LOC111124586,-0.192493237943859
LOC111122859,1.27455715505941
LOC111129616,0.254729512931523
LOC111102102,-1.25479491961799
LOC111119503,0.136571924107488
LOC111124590,-0.947582381066988
LOC111105356,-0.250373258119034
LOC111130852,-0.0641225500015806
LOC111122069,0.220115345422138
LOC111129437,-0.208682521411256
LOC111113819,0.28850527580971
LOC111125084,-2.68011312970924
LOC111122059,0.0415623090129391
LOC111126111,1.3654794236777
LOC111128699,-0.150641660009132
LOC111118226,2.02756228666009
LOC111124958,1.18884628778112
LOC111130565,-1.00576986739131
LOC111109936,1.00188932751176
LOC111113864,6.95502415478543
LOC111111585,-0.962127026588855
LOC111130446,0.0183020272303784
LOC111113170,0.113171050158074
LOC111112403,-0.334234840352199
LOC111119940,0.81031622262977
LOC111125097,-1.27151669161472
LOC111124640,-0.542756560159438
LOC111105025,-0.0408256107606906
LOC111120825,-0.349203606387793
LOC111120062,0.818854345597362
LOC111102486,0.185124805032832
LOC111129174,-0.421806751597845
LOC111130384,-5.08853398763733
LOC111103520,1.83954159178636
LOC111114975,0.132718527041882
LOC111120075,0.634530508201931
LOC111108441,-0.0594917660904808
LOC111125761,2.70300004140434
LOC111130268,-0.155907470468959
LOC111111285,-10.2070980139996
LOC111105532,0.313467581050738
LOC111134409,-0.968815983313097
LOC111107027,-0.12678755735317
LOC111113899,0.206641284776221
LOC111131051,-0.698544692074715
LOC111105470,-0.340756087051131
LOC111131427,0.213941732810031
LOC111111871,0.278016502575714
LOC111126741,0.207126093265605
LOC111120066,0.545206057271247
LOC111133354,-0.69071975013936
LOC111099091,-0.557185643667871
LOC111129843,-0.899408106369921
LOC111122333,-2.26886947959787
LOC111101689,-0.196687055046941
LOC111104524,-1.04064711918537
LOC111101642,-0.073159825084335
LOC111125550,-0.791994317405615
LOC111107936,-1.26463435809983
LOC111123684,-0.336110385503589
LOC111128157,0.853351120630725
LOC111117379,-0.0398282687886015
LOC111131690,-0.578585983210278
LOC111102490,-1.78768270090954
LOC111133898,0.0466595245497185
LOC111132106,0.499584458395589
LOC111123434,1.11050576213776
LOC111119504,0.239712978378159
LOC111130650,1.78840578987859
LOC111134590,0.106047853243322
LOC111106250,0.968108064756404
LOC111128478,-0.240998932491309
LOC111126377,-0.0544973885893616
LOC111100395,4.26522394367998
LOC111120773,-0.186748882962551
LOC111136331,-0.875996882301988
LOC111133423,1.04824039789115
LOC111104580,-0.461124739806684
LOC111100541,-0.704917326872948
LOC111123471,0.160558269226444
LOC111125589,-3.44803489940817
LOC111115545,-0.587051000904521
LOC111109101,-0.461710975852924
LOC111124516,-1.14687176509962
LOC111104649,-0.378610846839283
LOC111101116,-0.899338171673173
LOC111123437,-0.28367977859688
LOC111115210,-1.88774231142578
LOC111116816,-0.115590265217047
LOC111111044,0.128213016363454
LOC111109494,-0.397197748331919
LOC111131546,-0.00754063566093769
LOC111132151,-0.763591667937425
LOC111111947,-0.184053739901036
LOC111113036,-2.73529252082975
LOC111110831,0.457728839002653
LOC111127264,-0.113966686882325
LOC111136139,2.54013368320712
LOC111132673,0.242663275551112
LOC111131100,-0.371899658969843
LOC111136662,0.151745254265704
LOC111123539,-0.0539242664050959
LOC111114708,4.97957992968476
LOC111123853,-0.311724964499228
LOC111119931,-0.0432403727122673
LOC111131731,-0.491649993136486
LOC111115980,-3.33399034054617
LOC111133504,-0.892279438389863
LOC111137729,-0.453271228498071
LOC111124639,-2.07031340825192
LOC111130305,0.241509503785144
LOC111135700,-0.427831142023353
LOC111101397,-0.0544182493678792
LOC111112964,0.505114547410971
LOC111112881,3.69731931794099
LOC111106699,-0.0341119668886852
LOC111114845,-0.349229477721767
LOC111114649,-0.32661889866113
LOC111137807,-2.88227749312423
LOC111105457,-0.246909426534747
LOC111103581,-0.757382247976474
LOC111133580,0.2100256848432
LOC111133949,2.43825839304638
LOC111125154,4.41289804367259
LOC111135463,-2.3393201757594
LOC111138191,1.20518803573489
LOC111116855,1.30257665753543
LOC111114946,-0.0406795705912359
LOC111116596,1.10514556682935
LOC111102112,-0.0301283486395723
LOC111113990,0.0832776171501628
LOC111117174,-0.240197383807745
LOC111135904,0.338077787951549
LOC111109987,-0.132870740966791
LOC111138175,-0.370873869539909
LOC111134977,0.51055969918927
LOC111112113,-0.714637753986693
LOC111121489,0.963582916744024
LOC111121345,0.110617306876582
LOC111132902,1.92060905617999
LOC111135393,-0.750930159121583
LOC111100466,0.287041153606931
LOC111110075,0.207651963526246
LOC111124262,0.0322741856724105
LOC111103075,7.31436579342945
LOC111114894,-0.0130602720798175
LOC111137350,0.788706225704458
LOC111109445,-0.872873644992109
LOC111129720,-0.606639495252396
LOC111107244,-0.224668145636454
LOC111117597,1.0944153512964
LOC111105541,0.674869848610544
LOC111131230,-1.74622041891284
LOC111133468,-1.04863529162229
LOC111124264,-0.870413791256629
LOC111118149,0.701357732382809
LOC111102946,0.0853881989126131
LOC111113556,0.227901213015763
LOC111099831,-1.40560511082531
LOC111109804,-0.399785355532456
LOC111120893,-0.234135659871249
LOC111119135,-0.201190181772255
LOC111107046,0.246836032161699
LOC111121932,2.78916059944182
LOC111114773,-2.88211619329893
LOC111136267,0.223896296736059
LOC111116817,-0.0327872137778832
LOC111109686,0.453312261586789
LOC111101777,-0.317574971217663
LOC111125563,0.712346669490797
LOC111102886,-0.0549252859163916
LOC111135327,-0.0771264041646551
LOC111121638,0.119568956436847
LOC111099801,0.261347614611128
LOC111110021,0.496618293294293
LOC111106066,0.275698011982305
LOC111133391,0.434256389554254
LOC111126803,-0.906517986446464
LOC111123541,-0.0782509898200659
LOC111138509,0.546445661408457
LOC111101339,-0.860632474491197
LOC111109458,0.0990825049620915
LOC111126881,-0.0724049648030016
LOC111124412,3.17058439694082
LOC111138487,0.289470829177108
LOC111130582,-1.28028586284618
LOC111108670,0.654022993725387
LOC111136982,1.45211769031233
LOC111108533,-0.443455634240056
LOC111106600,-1.75027665551944
LOC111129271,-0.337144114282986
LOC111135803,0.311947665905254
LOC111099693,-2.34522110624922
LOC111129303,-0.257247069910785
LOC111130134,-1.31375400951814
LOC111111713,-1.82289746031054
LOC111107207,0.153490821453274
LOC111116859,0.0358564124631527
LOC111121591,-3.00082174086232
LOC111121890,-0.437501347863746
LOC111135015,-3.03189258823471
LOC111117946,0.701164308800149
LOC111119163,-0.474855205467414
LOC111104167,0.00357305034223819
LOC111100756,-1.59907742288696
LOC111137499,0.667080416591086
LOC111126516,-0.247716150657661
LOC111114281,-0.807536872479804
LOC111126716,0.358610629795097
LOC111135628,0.538674996285451
LOC111104267,-0.353195235889529
LOC111104370,-0.515915424196472
LOC111125815,-0.31723259036896
LOC111115391,0.538420377262669
LOC111100177,0.792377563581559
LOC111134650,-0.765964523600481
LOC111107935,0.280299237467735
LOC111108543,-3.75282949126346
LOC111124580,-0.178262247405117
LOC111133368,0.734292307726817
LOC111130535,-4.12701908535783
LOC111127499,0.725576555201007
LOC111126345,-0.222768216185265
LOC111115741,2.5761716357979
LOC111099327,-0.388835543161192
LOC111124473,1.04374939799195
LOC111118643,-0.037628258885878
LOC111133213,0.713304721848751
LOC111100047,0.156467061053596
LOC111126012,0.43833143309598
LOC111126168,2.6977892239927
LOC111101711,-2.74440305142862
LOC111117438,0.830797862342357
LOC111114967,0.344361870065103
LOC111131351,1.34445460207501
LOC111131787,-0.049243710605032
LOC111135175,-0.11423410854715
LOC111124175,-0.0537138269295093
LOC111116683,0.0102954381878933
LOC111138424,-0.0884108038826713
LOC111102466,0.0253709324417648
LOC111128503,1.46827183911775
LOC111115739,-0.486177437382049
LOC111119409,1.1687830809842
LOC111100668,-0.5597495350921
LOC111134122,0.417946446011927
LOC111125445,-0.522782593724208
LOC111123745,0.018071278865557
LOC111130234,-0.12064464632412
LOC111118484,-1.00429153839599
LOC111101734,-0.0537354468027135
LOC111122794,0.580113359770476
LOC111115949,0.0388694439116666
LOC111130818,34.366978717178
LOC111113014,0.708387864299143
LOC111103508,-0.331262693349498
LOC111118584,-0.332608233505347
LOC111100812,0.0593777931539836
LOC111117040,0.898637894907142
LOC111114306,0.164707428803061
LOC111102827,1.13397139972801
LOC111122270,-0.520375128131727
LOC111118493,-1.81788395037251
LOC111135632,0.73350473295936
LOC111113927,0.0242147881476256
LOC111121427,-0.287852577793508
LOC111126505,-1.29493298009965
LOC111107033,0.213750990980342
LOC111125299,0.11322591570008
LOC111127605,0.138009826272197
LOC111124550,-0.054938235891987
LOC111124068,-0.282319579106401
LOC111138196,-0.600577723824794
LOC111125881,-0.688940505124738
LOC111130848,-1.20154034027645
LOC111121776,-0.861970156141189
LOC111111245,0.864876835046687
LOC111136038,0.129408310331984
LOC111110963,-0.383329188690902
LOC111111965,0.592082715667495
LOC111114416,0.0477046477001928
LOC111110559,-0.140560395962553
LOC111101969,0.797053744503666
LOC111107772,-0.0393053277441377
LOC111135914,-1.08921497205952
LOC111123764,0.0949191521973251
LOC111115968,-0.375457109433782
LOC111115730,-2.1326346298022
LOC111126437,1.31946336939296
LOC111119872,-2.45996689766917
LOC111134939,0.107662129420119
LOC111111561,1.45141103255608
LOC111130042,0.394153301292175
LOC111130827,-1.06230362555458
LOC111115013,-0.128768493317328
LOC111122578,2.08468632179438
LOC111111973,-0.0793905761740978
LOC111137886,-0.744849534104367
LOC111130067,-0.293466614623655
LOC111102967,1.43052316579376
LOC111101367,-0.114341692131129
LOC111106975,1.39740081608197
LOC111129326,0.980019043338372
LOC111121613,-0.561766096713313
LOC111121521,-0.223125017387705
LOC111119234,0.309465271221951
LOC111136700,-0.521394321780673
LOC111125745,-2.04009001770713
LOC111105568,-3.87906626613689
LOC111120646,-0.556800591378605
LOC111111141,-3.72331517068787
LOC111137284,-0.181155841264108
LOC111111853,-0.897135053838308
LOC111105851,0.822676740578984
LOC111136805,-3.95874933810271
LOC111137327,2.0500379894653
LOC111119661,0.136768436229926
LOC111110216,0.291351061377083
LOC111132592,-1.10745078669137
LOC111133183,1.26352430918222
LOC111116011,1.44769998490638
LOC111105768,-0.410061821647759
LOC111129276,-0.306225955513781
LOC111136506,0.0135597972652198
LOC111128671,-9.38382598176689
LOC111129875,0.162424698554131
LOC111108082,-0.504041367749474
LOC111114544,0.260352009973314
LOC111123628,-0.347500739153359
LOC111120569,-0.0586241881570345
LOC111099428,-0.146012042420615
LOC111113949,-0.136128150727881
LOC111108086,-0.729213485635678
LOC111129007,0.0898791426239266
LOC111128833,-5.64775541489326
LOC111134397,0.6990005889901
LOC111135889,-3.51792276190884
LOC111128051,-0.220497211224891
LOC111133523,0.304290064944287
LOC111118667,-1.00356696230393
LOC111134348,-0.00898050658517797
LOC111122580,-0.0535167973749561
LOC111134224,12.3369552227776
LOC111133121,0.153060119692847
LOC111110671,0.232997624654082
LOC111118800,-0.534154208409664
LOC111110091,0.482706250134065
LOC111115756,-2.32025942510417
LOC111125129,-0.052154319802132
LOC111104754,2.13044255642624
LOC111106854,-0.208932436814103
LOC111125906,0.0870755214995092
LOC111122952,0.105753125727168
LOC111129554,0.0826997582657713
LOC111122025,-0.0101743759477862
LOC111129024,0.116246608682464
LOC111104491,-0.91076400373213
LOC111130902,0.0747705104350203
LOC111099579,-0.351778330944357
LOC111133534,0.662583349345991
LOC111100578,-0.214857148647222
LOC111115104,-0.085218652596326
LOC111099170,-0.0287365866919173
LOC111122710,-0.301228719017024
LOC111129050,1.77930237323024
LOC111117403,0.296637217029664
LOC111123749,-0.505044776465659
LOC111113959,-4.45879399460132
LOC111118095,-1.57396225229879
LOC111128920,-2.08277457198384
LOC111109043,-1.94554674195557
LOC111108389,-0.15668795281157
LOC111122939,-3.85935946015153
LOC111120673,0.205591038129908
LOC111118478,-0.182646256040172
LOC111110287,-0.287653495049516
LOC111109130,-0.882808871618754
LOC111103231,-0.427195255823017
LOC111119686,-0.435807613015098
LOC111120682,0.0258537876778107
LOC111129354,-1.34317906278571
LOC111115053,-0.132798285387252
LOC111123326,0.77579033581634
LOC111107103,0.363412468324146
LOC111136477,-0.110049841374018
LOC111133538,-1.16170922109773
LOC111136979,0.213728757499242
LOC111132512,0.579673353800028
LOC111108573,-0.361572349914376
LOC111102883,-0.0514718730899705
LOC111130322,-1.52430397602786
LOC111122516,-0.0545271019465179
LOC111119225,-0.0941733976493998
LOC111132754,-0.0754286555428906
LOC111105984,-0.262968116292347
LOC111103549,-0.0867272723111298
LOC111120762,0.235745138236423
LOC111134313,0.646720629553964
LOC111123453,-1.62140571725981
LOC111135557,2.35161737332305
LOC111104286,-0.196965241198739
LOC111115508,-0.779493254788811
LOC111133849,0.691627636016888
LOC111131281,2.42799387684816
LOC111119467,0.333339602496719
LOC111109520,-1.17274992258906
LOC111118508,-0.828571602180606
LOC111133656,0.640324501518269
LOC111124280,-0.349916993864902
LOC111128659,-0.541536306655385
LOC111119230,-0.377972360593398
LOC111118063,-0.826577321312427
LOC111110437,0.342323280544227
LOC111129017,-0.21910453000391
LOC111126179,-0.0638130748869135
LOC111134128,-0.179614895797525
LOC111104429,-0.475576252260826
LOC111134472,-0.55593442526315
LOC111133059,-1.31497528403107
LOC111138082,-0.218418112953168
LOC111130715,-0.802273948597592
LOC111122238,0.0782066662168232
LOC111121099,-0.039333201603667
LOC111131196,-0.000683765515904746
LOC111103969,1.30171719038245
LOC111120905,0.587600039810062
LOC111114548,-2.10984887021612
LOC111133795,0.969180188066588
LOC111137162,-0.497393207295238
LOC111133732,-1.37583360945357
LOC111119500,-0.25545495447687
LOC111106742,0.217167450997436
LOC111123923,-0.0613371044293477
LOC111121204,2.58099057348331
LOC111127877,1.42737262970345
LOC111126700,-0.555882501696244
LOC111116150,1.5448534681071
LOC111138372,1.12201020361266
LOC111119939,0.0102967073124369
LOC111135946,-1.05770230259741
LOC111117933,-0.953332791283814
LOC111112225,-1.4544136040944
LOC111125012,-0.482269841556652
LOC111124675,0.369471958716572
LOC111118640,-1.41543642476592
LOC111110595,-0.17083674563912
LOC111108690,-0.306555561470849
LOC111122568,-1.38403918867496
LOC111135714,-1.10065610671791
LOC111125933,-0.0782508344788001
LOC111132244,-0.554125036937144
LOC111124636,-0.778567904381071
LOC111136737,-1.45023164912471
LOC111119911,0.146176934860213
LOC111106325,-0.390536991023547
LOC111133920,-0.015262936374911
LOC111126877,-0.0100014439085058
LOC111137662,0.351448496436446
LOC111133385,-2.507134535063
LOC111118661,0.665547552531462
LOC111101029,-0.946401854055222
LOC111119327,-3.28666998372983
LOC111135346,-0.204053901020354
LOC111124167,3.35744247920445
LOC111135596,-0.193176110353955
LOC111118451,0.984698251560163
LOC111124299,-0.164909833611161
LOC111103466,0.548176388826599
LOC111124304,0.0396238259598698
LOC111138340,-0.908848747406671
LOC111114668,-0.868099862476215
LOC111125410,2.10909266308242
LOC111132252,0.0154628643361904
LOC111113312,-1.46855474914247
LOC111135360,1.31124086268641
LOC111135811,0.168856639518222
LOC111104721,-0.27571477393581
LOC111104740,-0.145357785976969
LOC111125277,0.282791657717242
LOC111127184,0.02439252905883
LOC111108472,3.61173712690467
LOC111114502,-0.14650433263762
LOC111112625,-0.675323452982028
LOC111130087,2.39419129334098
LOC111116840,0.328687798667983
LOC111135298,0.0912866791192666
LOC111123873,3.8717104113379
LOC111127493,0.838285116411569
LOC111135413,-0.115717565517711
LOC111101809,-0.049925946152915
LOC111103836,-1.10462683349434
LOC111137381,-0.255128016499022
LOC111104549,0.323018606445821
LOC111127794,1.90957698004234
LOC111133074,-0.665397163018257
LOC111133895,-0.290716888205196
LOC111121987,-0.414608494653395
LOC111109452,-1.34313584064059
LOC111138367,-0.310899068651132
LOC111125534,0.17371165944518
LOC111128938,-0.379905827086466
LOC111136745,0.0203341207013962
LOC111135354,-0.279794161191564
LOC111136863,-1.59434554419099
LOC111127069,-0.0247502689106545
LOC111119450,2.44685874595425
LOC111125209,0.436819573362324
LOC111100228,-2.30138541586683
LOC111121629,-0.442840895804681
LOC111124907,0.639500612980803
LOC111115718,0.541496842437357
LOC111126422,-0.0621910661449252
LOC111124858,-0.24070969990669
LOC111117325,-1.08071574608947
LOC111115546,0.0143324931411434
LOC111106529,-0.586058863400992
LOC111110789,-0.112660571018156
LOC111108365,0.269962324208102
LOC111101430,0.0158048648870008
LOC111134575,-0.101382545701816
LOC111106294,-0.281771014195957
LOC111129499,-7.83247700837742
LOC111126477,-0.810233492390891
LOC111129041,-0.758702838397127
LOC111116263,0.219926056582964
LOC111104434,-0.66446825943787
LOC111099063,-0.839528741295846
LOC111109898,-0.182315341999635
LOC111106750,-0.350392394562903
LOC111117622,1.9748383814136
LOC111136010,-5.01571683971192
LOC111111251,-1.06636315335796
LOC111111170,-0.018390741286167
LOC111119384,0.496310883260454
LOC111104588,-0.0668174795235197
LOC111112750,1.9324606754245
LOC111115790,2.17278386171945
LOC111101579,0.0472655213109978
LOC111122789,-0.572812924572019
LOC111118997,-0.320704667722653
LOC111128716,0.126342703512447
LOC111125937,0.26104810816073
LOC111120351,-0.28545229315577
LOC111120782,-0.474662387500891
LOC111122861,-0.2290524264723
LOC111110826,0.658162127352268
LOC111111182,-0.798971661823125
LOC111129680,-1.36921711746191
LOC111115339,-0.110779227509706
LOC111135497,-0.409416965574398
LOC111126635,-0.0730426540692496
LOC111121822,0.0567113392903666
LOC111100028,3.44665174796998
LOC111135232,-0.887350784319393
LOC111110396,0.526342219935042
LOC111134621,-1.17223740903485
LOC111138427,0.149029790278794
LOC111124517,0.769844495846978
LOC111118881,-0.060700100982923
LOC111119800,0.0294943065049024
LOC111122647,1.24022630929198
LOC111135640,-0.453381353056164
LOC111115978,0.365102678709168
LOC111113745,0.0393102976350929
LOC111125042,-0.0856967081607703
LOC111107592,-0.0108365946347346
LOC111100547,-0.137234432806995
LOC111119914,3.45682922969546
LOC111121327,-0.0761211164311639
LOC111110463,-2.30279214727689
LOC111125041,1.14745319795767
LOC111113365,0.0428202075314151
LOC111104686,0.118380381204371
LOC111104848,-0.529197317151211
LOC111130502,-1.46025935034289
LOC111124301,-0.106015442198925
LOC111116945,-0.0273256785665566
LOC111136766,0.0640303390983095
LOC111119581,-0.676504359622053
LOC111135964,1.38688185171697
LOC111128609,-0.0542820484236452
LOC111110178,-3.81871557852544
LOC111124624,2.09894564612701
LOC111122185,2.26403964383788
LOC111115857,0.0585238608404954
LOC111134423,-0.196034675952218
LOC111125246,2.20168423649323
LOC111108415,0.297327025017267
LOC111125018,0.0456476870442761
LOC111129403,-0.444466168900607
LOC111109073,-0.227425187315827
LOC111116361,0.587474207460479
LOC111118194,-0.915833318113469
LOC111136650,1.42586463391671
LOC111125450,1.48688638825886
LOC111129177,-2.30592213389267
LOC111131335,-1.32698404452397
LOC111113058,0.0587713947022998
LOC111118147,-0.34231702464156
LOC111104061,-6.69621886562147
LOC111102387,-0.220011164501182
LOC111118725,-0.737930339512128
LOC111109537,-0.938150217322551
LOC111104385,0.160491169956215
LOC111138197,-2.44391161680488
LOC111117450,-0.317796603800979
LOC111126910,0.051894800665617
LOC111104871,9.41064922414852
LOC111102456,0.121916964928261
LOC111134828,-2.27969082635054
LOC111135317,-4.30193211347414
LOC111112694,-0.348911883378726
LOC111131126,-0.516607333465355
LOC111120071,0.692769592832254
LOC111135277,-0.192960607070473
LOC111101183,0.144338287092396
LOC111123455,0.640826129874588
LOC111126073,-0.74138397049089
LOC111130521,-4.58739076156171
LOC111132009,-0.190115531002078
LOC111103379,-0.595789807116999
LOC111106248,-0.629477123310458
LOC111111353,0.115586965199027
LOC111122707,0.388827085827952
LOC111117670,-0.46889967601734
LOC111113354,-0.675325423928903
LOC111128529,-0.0769628191962652
LOC111138429,0.495483620650456
LOC111129219,-1.78686294079611
LOC111137692,-0.435894723007791
LOC111115436,-0.145784866740253
LOC111111179,2.50080979333614
LOC111100683,-0.712269885992985
LOC111132179,4.00487216441681
LOC111134747,0.138285595599808
LOC111103245,-0.128724203481171
LOC111135789,-1.38922356995186
LOC111117557,0.222004654922672
LOC111125103,1.26502500900892
LOC111121441,-4.81207603029603
LOC111133891,0.560726149273985
LOC111118900,8.2827320032296
LOC111123026,1.23440171550665
LOC111112679,0.330146094748039
LOC111123870,-0.0297007782179427
LOC111111541,2.20106810099935
LOC111120559,-0.723808862069284
LOC111123596,-0.431928673268736
LOC111126120,0.564378349537498
LOC111121685,0.0357641288169299
LOC111111023,0.981034380458829
LOC111135495,0.0216887191143544
LOC111124341,-0.188450495787701
LOC111125748,-0.0206774094743141
LOC111130924,-0.116425651502067
LOC111125607,-2.42777051346376
LOC111124218,2.42370423609583
LOC111134749,-0.426177510952492
LOC111113400,0.571948961248314
LOC111101276,1.40854580011677
LOC111133405,-0.597597314978079
LOC111101381,-0.434399278270935
LOC111110011,0.316495999430601
LOC111130500,1.81104565152827
LOC111119909,-0.484965100431342
LOC111121888,0.949335428133595
LOC111133147,-0.0397849368286781
LOC111118084,1.34383801196073
LOC111108252,-2.55015319103712
LOC111136377,-1.7041981824066
LOC111135693,-1.22526661504143
LOC111106156,-0.020403745520454
LOC111110156,-1.14772768717926
LOC111126115,0.342465797509875
LOC111106566,0.475401472508383
LOC111102476,-0.298156780871964
LOC111103439,0.696580673748961
LOC111108749,10.6344503083454
LOC111135965,0.467232721154429
LOC111123045,2.58719994643662
LOC111102797,-2.93061253246466
LOC111124748,1.88359627741861
LOC111120157,0.405361341020007
LOC111110553,2.38467394987978
LOC111109469,-3.0038313743574
LOC111112283,-0.362365990994645
LOC111111524,-1.46014445736878
LOC111100184,-0.312902430138514
LOC111121450,1.16502077934841
LOC111133323,0.532219924186849
LOC111131805,-0.930279051011301
LOC111119425,-1.26827192401092
LOC111115884,-0.312983384410553
LOC111100213,-0.962981491474477
LOC111120094,0.354589681437703
LOC111131154,-0.146774927542652
LOC111102630,-1.39678147507698
LOC111103244,-2.50077804090491
LOC111127088,0.0559392586437185
LOC111129304,0.527773016476443
LOC111101241,-1.27017407353329
LOC111113982,-0.0110128840565143
LOC111134471,0.167481016502914
LOC111106933,-0.0338894284431325
LOC111134870,0.143315840658599
LOC111134871,-0.696331536099046
LOC111124585,0.805719740256118
LOC111104423,-0.630912688990506
LOC111102268,1.47923198252644
LOC111100079,0.164625316772485
LOC111135809,-1.56716032101548
LOC111119570,-0.1321552549911
LOC111127849,-0.0362536652809564
LOC111099915,-0.036042886748436
LOC111126277,-1.43829573689567
LOC111126279,1.65015438470995
LOC111120761,1.26036965423878
LOC111123898,-1.52576073935148
LOC111110975,-0.0267973358687179
LOC111106271,0.343862265222624
LOC111109848,-0.251891930539972
LOC111119873,0.209104851760295
LOC111132832,-0.44985530145152
LOC111106450,1.5351885224262
LOC111130177,0.88134265851489
LOC111100894,0.0729385094481397
LOC111138316,-0.616115677012123
LOC111120470,0.289707703061071
LOC111110649,0.430698550201019
LOC111120938,-1.26686780923437
LOC111128838,-0.863582982324587
LOC111123785,-0.166272714469066
LOC111138025,0.637085443269885
LOC111099527,0.349955721125079
LOC111100152,-0.558134849514614
LOC111113335,-0.325655008072728
LOC111118030,0.173736435032583
LOC111125180,-0.626486616078459
LOC111110059,-2.47152446745674
LOC111131142,0.279889076186206
LOC111136501,0.0710850783273398
LOC111125021,-0.054393247683887
LOC111117465,0.468929198669031
LOC111115446,0.355949590174086
LOC111108287,0.217927312169657
LOC111130685,-0.468224761613761
LOC111122071,0.354560461624201
LOC111130098,0.642546457033285
LOC111112977,0.104485144097854
LOC111136962,0.233438666212169
LOC111116089,0.764432393041374
LOC111125746,-3.14323412446785
LOC111135825,0.453558574243401
LOC111134208,-3.781327873495
LOC111115744,0.733226460968643
LOC111130635,-0.720269728794185
LOC111110298,-1.08181660769232
LOC111136821,-0.548118125188431
LOC111121934,1.13531054627895
LOC111105929,-2.83796116159304
LOC111116622,0.431986852750624
LOC111137146,-0.841278144176065
LOC111119367,0.77461542219458
LOC111138119,1.01135958735303
LOC111113122,6.36697569282408
LOC111128794,0.147023151892675
LOC111119603,-0.110346544649983
LOC111115416,-0.903316414278925
LOC111108656,1.37067117006529
LOC111138044,0.292313864691087
LOC111113939,0.621544585301733
LOC111130896,-0.0811397124099391
LOC111108659,-0.232667435816802
LOC111133031,1.33283078965942
LOC111126927,-0.445597808015541
LOC111109946,1.78160315861828
LOC111109600,0.793789867171974
LOC111114519,0.0820683138771924
LOC111137850,-0.053242525430931
LOC111137724,0.242279332229725
LOC111135830,-0.414825901390206
LOC111133713,-1.5261832406105
LOC111099865,-0.990678001017402
LOC111126013,-0.472125405385012
LOC111125603,-0.965551578012406
LOC111116995,0.298694209289103
LOC111122802,1.92884639188533
LOC111113633,-0.402596752898021
LOC111118791,5.2260261594052
LOC111130729,0.0702915518105934
LOC111117966,-1.67541192831425
LOC111117433,-0.637139264677656
LOC111118794,-1.32209543690147
LOC111125446,-1.99704350427571
LOC111104979,-0.180153527209347
LOC111127867,2.88449419978862
LOC111136382,0.436534797190116
LOC111117496,-1.20879576308613
LOC111131861,0.902651668027048
LOC111135962,-0.451212047602157
LOC111137839,-0.235416011345806
LOC111112522,0.218621450966785
LOC111101059,1.33617223414605
LOC111118690,-0.0324211723783098
LOC111110117,-0.0621499434138941
LOC111135670,0.810140053951846
LOC111132766,0.506602779967034
LOC111136196,-0.25533641203909
LOC111133865,-2.03128071467571
LOC111115251,-0.353242473788175
LOC111099510,-0.207565693915764
LOC111130008,-0.146252168940256
LOC111112614,0.184375538978168
LOC111120135,-0.201309284615211
LOC111130969,0.500848046421959
LOC111126491,-1.99990583908668
LOC111130108,0.94994468435837
LOC111132736,-0.583776757764778
LOC111122102,0.622328138772824
LOC111126836,-1.0925926442244
LOC111130761,-0.57403394411532
LOC111120293,0.229446756090932
LOC111099506,-0.413218762428209
LOC111132294,-0.613116234559886
LOC111109270,-4.01518654382612
LOC111138482,0.237362901037538
LOC111102713,-0.993494547625756
LOC111115117,-0.0422800126115261
LOC111113936,-0.318632539738242
LOC111127103,0.178245341669368
LOC111136653,-0.973232437767268
LOC111107792,-1.59508126372106
LOC111113921,0.316601197027123
LOC111109502,-1.29442107013215
LOC111109509,0.972742937079771
LOC111106251,0.419847964336699
LOC111108348,-0.694640143099082
LOC111116932,-0.0440810229595277
LOC111107444,-0.0580214608355113
LOC111101903,4.07593364757986
LOC111134527,-0.341857825568588
LOC111124659,0.538267140052897
LOC111134509,-2.25143246743826
LOC111124877,0.671353863394954
LOC111132183,0.117228984539463
LOC111113672,-0.184917395292688
LOC111115225,-3.2394853068701
LOC111127218,-0.0012204037296522
LOC111105279,-2.3995085578115
LOC111122551,0.186570117646565
LOC111101451,-0.142415550577424
LOC111099479,0.054084508913571
LOC111104369,0.27966131586639
LOC111106891,0.622704136118362
LOC111125488,-1.15670644357189
LOC111121349,-0.357652428909874
LOC111104681,-0.295170703342723
LOC111114690,-0.773408281989322
LOC111115434,-0.412013663310974
LOC111121289,2.1555689779638
LOC111135110,0.11487049996573
LOC111111402,0.321662966014238
LOC111132218,2.45163082521328
LOC111128924,-0.0348205745924909
LOC111107760,0.600833125640536
LOC111120100,1.30736570050296
LOC111130040,0.653956629749166
LOC111128886,0.413045653578674
LOC111136518,0.425477355887857
LOC111117472,1.03112264969209
LOC111119901,-0.542027926750265
LOC111110681,3.06413013974029
LOC111120889,-1.19886869428966
LOC111120299,0.953487825640425
LOC111120924,0.49349653876654
LOC111131200,-0.104123503639219
LOC111105850,-2.24708810170708
LOC111118700,2.2048429347298
LOC111129241,0.811397760292638
LOC111130749,-0.155429470166341
LOC111118539,0.273624363243963
LOC111100520,-0.470528438794409
LOC111134658,0.708757706414115
LOC111103146,0.967263212237665
LOC111105597,-0.126161097895165
LOC111133453,-0.0473650321703455
LOC111100563,-0.0906032529411002
LOC111105408,1.0254931143366
LOC111131562,0.165778571138249
LOC111120056,0.0986280566491586
LOC111118641,0.389048805066594
LOC111138161,0.0731265034129322
LOC111120513,1.03359090598846
LOC111125466,-0.409314282192673
LOC111116532,-0.375028363867477
LOC111118162,-0.635476819379714
LOC111118631,-2.36078356609518
LOC111128370,-0.155788852276008
LOC111118950,-0.282886951167383
LOC111114457,0.830769282330975
LOC111106670,-2.39391554328034
LOC111123335,0.453779323021316
LOC111135668,-0.0868742262944498
LOC111132096,0.401893800821134
LOC111126289,-0.0476432135868379
LOC111137361,-0.199825056758001
LOC111107506,-0.390141856167427
LOC111108246,-0.576931297706303
LOC111129509,0.0430748888899815
LOC111134861,0.45073215145354
LOC111105834,-0.368106059859212
LOC111126004,-0.129427549277307
LOC111115548,0.34444671921482
LOC111110866,-0.365244680059343
LOC111107995,-0.407984762153882
LOC111102823,1.44475656190023
LOC111136358,0.783660976144771
LOC111115441,-2.84379281030758
LOC111109162,0.253507678653052
LOC111131589,-0.989214384787375
LOC111103178,0.683801520461179
LOC111119685,-3.43476519532646
LOC111111833,1.05190331261311
LOC111114724,-0.357926595821641
LOC111129175,-0.197885627190393
LOC111103974,-6.98826076805495
LOC111132371,-2.35456922887512
LOC111123815,0.88218958247855
LOC111127833,1.91773140851375
LOC111100096,2.17238852504565
LOC111137743,-0.644345591976791
LOC111132528,-0.816988117440688
LOC111130612,-0.987507088972486
LOC111116239,0.264429863171953
LOC111134844,-0.969929539090795
LOC111100278,-0.554503019524078
LOC111121175,2.07606304259514
LOC111136307,-3.57667557324847
LOC111109490,-1.14112438648194
LOC111106096,4.00373917044312
LOC111127785,0.02005477365911
LOC111130613,-0.0546785941284833
LOC111125448,0.401005770586606
LOC111138140,0.0886439479104632
LOC111122738,-5.35728089412111
LOC111115338,-0.439777997435475
LOC111126990,0.928244468791004
LOC111132961,1.21273991388527
LOC111109067,0.380508783685449
LOC111132800,-1.0541976137941
LOC111114630,-0.0147415166346253
LOC111105561,-0.0342033363492406
LOC111135947,0.353046581319092
LOC111109483,1.42001706460313
LOC111112642,0.0766783912331393
LOC111108454,0.0260389795512055
LOC111131392,-0.990920612304442
LOC111103630,0.140811375501181
LOC111133439,0.125915743004985
LOC111128333,-0.617693917627279
LOC111133923,-0.417018442737727
LOC111115256,2.21342819101688
LOC111108668,0.10156684063213
LOC111108607,-1.08295948994956
LOC111133906,0.241114063406002
LOC111108554,-0.169451973730196
LOC111101258,-0.0592950961818636
LOC111131324,0.853143297256519
LOC111126429,-0.00878693845393374
LOC111126321,1.20047827739409
LOC111113426,0.12482187591587
LOC111116718,-1.6542667871667
LOC111133912,0.906564679177007
LOC111126039,-0.0971396864178464
LOC111128951,0.0785308055895556
LOC111123721,-0.219191714431082
LOC111113489,-4.76148740086587
LOC111124578,-0.136414868332956
LOC111128035,0.933320728098916
LOC111133146,9.44476929464219
LOC111108298,0.454533396691899
LOC111130501,-0.0155754366606382
LOC111117357,1.79763418612821
LOC111126171,0.166241100924488
LOC111112968,-1.45842011253417
LOC111112699,0.440095513663866
LOC111106552,-0.651215996224025
LOC111125867,-0.967388862694935
LOC111117790,-0.316341782615697
LOC111134684,-0.937824521086272
LOC111136389,1.71749137883753
LOC111131449,0.016331305793392
LOC111133764,1.54331896566148
LOC111100097,0.0349211942126227
LOC111121804,0.680762826592023
LOC111101168,-0.423123110958818
LOC111117431,0.192090227485667
LOC111113838,0.128389686789302
LOC111127248,-2.48563938377945
LOC111133072,1.11873281504902
LOC111114517,-3.10424729122843
LOC111117120,-0.127246041355977
LOC111101894,0.840312500511996
LOC111124750,-1.73242760252763
LOC111119650,-0.824027544191117
LOC111120904,-1.25618511906981
LOC111123997,-4.98590646899476
LOC111126993,1.44381368762239
LOC111101257,-0.266388235420721
LOC111102120,1.40407342385699
LOC111132127,-0.513961981460458
LOC111113208,4.61764393812646
LOC111101904,0.119132584419726
LOC111137559,-0.768892321334999
LOC111131669,1.97325730226654
LOC111105769,-3.80396944937835
LOC111127777,-0.064933401300746
LOC111129236,-0.050076040181596
LOC111129988,-0.469065900014142
LOC111137415,0.502445480644087
LOC111121240,-0.499787881738287
LOC111123838,0.216506900447046
LOC111115155,-0.102689754441634
LOC111135254,-2.44425529820161
LOC111122190,8.93106956254463
LOC111131176,0.796958818550557
LOC111136550,0.905757258173936
LOC111103960,0.825519794972849
LOC111132066,-1.19181299045424
LOC111124152,-0.185035648528108
LOC111117516,-0.749903223064279
LOC111117870,0.393861644554188
LOC111125232,0.274062341282064
LOC111107105,0.126906143105157
LOC111133124,3.96122285331764
LOC111137649,-0.350546920505218
LOC111135788,-0.0366580164360946
LOC111101951,-0.158891744668833
LOC111116000,-0.657487935385444
LOC111137280,-1.05398806542535
LOC111116639,0.432162220327853
LOC111115135,-0.384883109629469
LOC111122920,0.375544371543393
LOC111108711,3.33126318638288
LOC111120440,0.255327508340752
LOC111134538,0.547660840979395
LOC111135303,-1.12395815301774
LOC111104689,0.293340200204251
LOC111135744,-0.373270125166087
LOC111119120,0.0758158515264262
LOC111116720,-0.154587072433588
LOC111138116,-0.288306919541576
LOC111130127,-0.0776176888361597
LOC111115804,0.184948338309701
LOC111123637,-4.19101852190558
LOC111105951,4.08555544373875
LOC111099539,-0.0534694838363219
LOC111113893,-0.254518574410455
LOC111137298,-0.243347450527997
LOC111123064,-0.310552865168045
LOC111106286,0.205353469054318
LOC111107570,0.993147409388444
LOC111111108,-1.07197905928168
LOC111112024,-0.869641142552045
LOC111121527,-0.649870899138463
LOC111137097,-0.506523180442879
LOC111115355,-0.27310457656594
LOC111136476,0.108151102817969
LOC111125298,-0.215380396999799
LOC111126424,3.01761168770248
LOC111127901,0.488733372166507
LOC111133356,0.0342052397845181
LOC111123114,0.0456709811783965
LOC111117070,1.25825068618583
LOC111122134,-1.35688487010799
LOC111116264,0.310777556651679
LOC111127157,0.90876679630945
LOC111099615,-0.509935443495697
LOC111113025,-0.0283085286256472
LOC111123221,0.0822972893368951
LOC111099209,1.64578100750022
LOC111136580,0.79048396759617
LOC111114669,0.0915731829173632
LOC111103358,-0.637118271305196
LOC111134908,0.153498786334115
LOC111120804,1.52276235275831
LOC111133940,-0.367146546843651
LOC111123406,-1.49250153583213
LOC111126779,0.122222115691904
LOC111103397,0.318234664181456
LOC111101103,-0.934653469025507
LOC111122164,-0.583733958668218
LOC111136430,0.423563762660052
LOC111101976,0.226301123711467
LOC111110911,0.138776325679041
LOC111105348,0.5610756182369
LOC111120105,0.00554780636328003
LOC111127640,-0.442541118501745
LOC111106199,5.35754625262429
LOC111103920,-0.170643991806674
LOC111102668,-0.0023738562108293
LOC111126848,1.23651282916851
LOC111104817,0.119442735832419
LOC111136507,0.900630530739631
LOC111113840,-0.684528507651184
LOC111105222,-0.185921162917213
LOC111130702,0.671326065753922
LOC111129492,1.70269934604981
LOC111099914,1.92810256301616
LOC111120956,-1.21047908318496
LOC111127914,-3.58403448167066
LOC111124441,1.93501118304021
LOC111124360,1.07564864559868
LOC111132501,0.625374006613292
LOC111124137,0.669850667337161
LOC111100199,1.04216770973649
LOC111130507,1.58699145859174
LOC111131198,-0.67062808406256
LOC111102553,-0.227562217364418
LOC111136445,-0.198869877667014
LOC111116137,0.239844776950085
LOC111134838,-0.153638210193331
LOC111114777,0.965304764007446
LOC111119350,-0.24762925492039
LOC111104293,1.7169304274035
LOC111102105,-0.200827638305172
LOC111120469,-0.697000914467349
LOC111116399,-0.449077526170751
LOC111120564,-0.94374885765897
LOC111135450,0.485642178678369
LOC111099524,-0.421863936539295
LOC111104430,1.6199478624367
LOC111111443,-1.38543464937383
LOC111121907,-3.07675214708726
LOC111112028,-1.04411880604445
LOC111101896,0.00325269275728054
LOC111125094,0.368455006245076
LOC111126354,0.389671918431894
LOC111132387,-0.0542750476039149
LOC111125750,-1.45934256572603
LOC111104051,0.36294000898229
LOC111136574,-3.02561424731016
LOC111122891,-1.18546783500407
LOC111129192,0.725416205384189
LOC111135256,-0.324635660294792
LOC111100939,3.05684136258829
LOC111132653,0.289939531229292
LOC111113163,-0.746594026979419
LOC111127801,-0.0324122194728011
LOC111137999,0.0278824281999226
LOC111133659,0.485892496045535
LOC111112480,-0.230063517586563
LOC111124757,-0.988947345657141
LOC111133278,1.23130959052941
LOC111131843,1.83433131431634
LOC111135106,2.43205334889363
LOC111104457,0.212555548363501
LOC111136667,-0.292661348061381
LOC111109439,-4.05798018995174
LOC111134023,0.339976825431843
LOC111100557,1.68291294292629
LOC111129309,1.50554460597246
LOC111101038,0.115449409353612
LOC111107845,0.953027797430896
LOC111133076,7.43630953282033
LOC111136031,-2.33586228785732
LOC111118272,4.58985910101072
LOC111100701,1.5548108846963
LOC111127396,-0.0695865536647443
LOC111100545,-1.42154614958062
LOC111129500,2.27365487118409
LOC111110795,-0.054027482749478
LOC111108757,-0.940890166735277
LOC111101544,-0.745377945891586
LOC111099746,0.592651225254789
LOC111136243,-0.527427732313231
LOC111123950,-0.0543065606349092
LOC111100873,0.0960570823718618
LOC111122880,-0.157269384075716
LOC111123798,0.355998840215849
LOC111115281,0.484851311501623
LOC111123473,-0.0785831300192704
LOC111103971,0.634147074109794
LOC111113157,-0.710297702768035
LOC111108051,0.141322204831919
LOC111119081,-0.0438192973149234
LOC111105335,4.25720532671397
LOC111129027,0.273055389463116
LOC111117829,1.05585093135347
LOC111113065,-0.210891444010472
LOC111121114,-6.44275546214285
LOC111121785,-0.287980863579095
LOC111130330,-0.0761909067516271
LOC111101610,0.817299687789709
LOC111115912,-9.57855634309436
LOC111137013,0.98276897103431
LOC111132407,-0.341638814013073
LOC111104443,-0.00941704548060746
LOC111118390,-0.0961661321320589
LOC111133432,0.100717887205042
LOC111138358,0.696806585016615
LOC111123612,0.906765544796219
LOC111114307,0.221487418669083
LOC111137888,-1.41708257722107
LOC111120835,-0.832757914745667
LOC111114603,-0.0508321690804194
LOC111100053,-0.245478174085608
LOC111131047,-0.505248128437714
LOC111125549,-0.978215287012438
LOC111104113,-0.368145684834225
LOC111137141,1.74462024513213
LOC111137330,-2.17119424615825
LOC111123156,-1.23045156642469
LOC111106186,-0.172008955563181
LOC111125267,-0.0045858032709867
LOC111111608,-3.47276281433993
LOC111127040,3.06148633626606
LOC111121411,0.733717853592997
LOC111135651,-0.321264373852025
LOC111120639,-0.211067701824331
LOC111137758,0.616142141018289
LOC111123872,-0.0110254690323029
LOC111112786,-0.217903932261521
LOC111135707,-1.70319585688984
LOC111118346,1.3116813156362
LOC111110052,0.662815766847543
LOC111117153,2.49369512305566
LOC111132900,-1.65572172604154
LOC111118973,-0.0157053257118205
LOC111109983,-0.6183703182102
LOC111121150,2.98722013169461
LOC111123926,-2.3645445247698
LOC111116054,-0.13476998366974
LOC111115480,-1.31424608781431
LOC111118465,-2.48526108864406
LOC111111814,0.212715125576306
LOC111104262,-0.934627139141415
LOC111125635,2.20280118903386
LOC111118032,-0.477154005214966
LOC111120848,0.167614300319564
LOC111132030,0.188346505527847
LOC111122140,-1.18089654799755
LOC111136857,-1.27394109034028
LOC111118669,-0.620993705790987
LOC111133017,-0.507735404848778
LOC111130935,-0.0609951899446366
LOC111114184,-0.140557056799759
LOC111135777,-1.35591881222242
LOC111124646,-0.0241502156028819
LOC111127165,-0.970332365221012
LOC111123158,0.164726940374656
LOC111123248,1.15430348449329
LOC111109533,-4.48754450522738
LOC111128941,-0.44794969102052
LOC111117231,-0.0557616846306823
LOC111122349,0.291799940266518
LOC111107075,-0.61312183544052
LOC111118233,0.431396574289477
LOC111138012,1.44186780178082
LOC111121824,0.168083635402625
LOC111108140,-0.161131663612367
LOC111110129,0.0246428654553104
LOC111136303,-1.25345738606947
LOC111100280,0.418321776927218
LOC111104693,0.654942609010325
LOC111103429,-0.081728338334712
LOC111132027,0.0918986826444937
LOC111104877,-0.28864525732915
LOC111128064,0.0713689686831425
LOC111137460,-0.345179357632779
LOC111121835,-0.0230591306434068
LOC111127635,-0.23595944506754
LOC111120201,0.666645169815356
LOC111106382,0.365166621322841
LOC111114796,-0.155654987096126
LOC111100420,-1.74567067378466
LOC111124480,-1.19762105350008
LOC111130345,1.18467261557277
LOC111137092,-0.865076352360567
LOC111138475,0.371664796394086
LOC111110284,1.51924003344368
LOC111135513,-0.00122578028038552
LOC111114718,0.994402816530326
LOC111133547,-0.208058188718516
LOC111103540,0.279679800570208
LOC111125960,-0.128580732643895
LOC111105260,1.84621078683387
LOC111132465,2.49254042378467
LOC111114613,-2.95539752747221
LOC111135347,-0.606339659232972
LOC111105526,-0.895809948629327
LOC111134307,0.466382403655646
LOC111107059,-0.0506870231134078
LOC111118373,-0.195348660708724
LOC111130413,-0.0922120354085338
LOC111133345,-0.130002066210333
LOC111106497,0.0717415211643244
LOC111107872,-0.00178456591340755
LOC111135292,1.68815615461444
LOC111124105,-3.01832263868154
LOC111107082,-1.72658686464381
LOC111138075,-0.295240754032968
LOC111101691,-2.42436970587811
LOC111122028,0.495300710241902
LOC111108767,-0.269802971637227
LOC111117955,-2.53535131163099
LOC111128172,0.35561788966759
LOC111126705,0.830723781170099
LOC111133680,-0.16472151346868
LOC111118313,0.626639879614411
LOC111106740,0.791578359525205
LOC111131454,-0.22434291139126
LOC111135008,-2.20079390864904
LOC111112660,0.447163236385583
LOC111131118,0.33788854245798
LOC111107235,0.523867408646477
LOC111118808,0.252148004679829
LOC111106648,-0.29436546832983
LOC111105236,0.173112335523471
LOC111134375,0.127012571047724
LOC111136753,-0.393195270049602
LOC111137158,-0.844303188392607
LOC111135373,-0.148919154099642
LOC111118534,0.139372239517051
LOC111109408,0.0368074637033757
LOC111130879,-0.106515630489184
LOC111108018,-0.835084880486073
LOC111122848,-0.965851492061467
LOC111107692,0.277665768649043
LOC111126307,-0.96904161653603
LOC111138439,-0.256282916957844
LOC111131694,-0.0932726698858029
LOC111116734,-2.30751512136674
LOC111121832,0.686774362340939
LOC111109819,-0.116222607465207
LOC111128330,1.09976333567689
LOC111136632,-0.489655495257851
LOC111112093,1.37455512578863
LOC111102573,0.397428342720478
LOC111121549,0.224221307055904
LOC111102970,0.459299922187111
LOC111137352,0.508773108265226
LOC111103310,3.13210507219163
LOC111120964,-0.530596974653696
LOC111103535,0.412252978292911
LOC111099597,-0.239568894664954
LOC111132713,0.294694929090684
LOC111114245,0.200539595932053
LOC111105047,-1.48840715240798
LOC111099773,-0.623411200632428
LOC111129051,-0.126054439139114
LOC111131633,1.05903783715169
LOC111103552,0.195293776864685
LOC111118916,0.144832294841348
LOC111109650,0.170799992946339
LOC111137157,1.08085884009066
LOC111129010,0.0538402960461209
LOC111133275,0.0470714253124909
LOC111107545,0.15247663717078
LOC111109652,-0.0902780834419955
LOC111122978,0.375985341475662
LOC111112844,1.06587707471741
LOC111138417,0.929956247736966
LOC111105812,0.521321253038262
LOC111109643,0.75588075082938
LOC111121900,1.34898740578899
LOC111119273,2.88447221660103
LOC111131061,-0.759996899923333
LOC111109706,-0.79919691337941
LOC111137959,0.000261719972245323
LOC111125430,1.52796838434019
LOC111105241,0.594760862636446
LOC111113862,1.01057413928316
LOC111130269,0.518391236860851
LOC111126469,-0.1053802721656
LOC111108016,5.31400479363332
LOC111125452,-3.89701462469257
LOC111136557,0.97966103263869
LOC111110535,1.21238271626541
LOC111122117,0.104434927682172
LOC111117027,-0.767820929583532
LOC111122165,-0.382629855236736
LOC111107111,0.114827252609266
LOC111123320,-3.21880162621348
LOC111137166,-0.187909329660886
LOC111100060,0.848538267597444
LOC111120050,-0.698565554129897
LOC111127085,0.77866447506415
LOC111108798,0.0148802404858142
LOC111106540,0.0200112702346355
LOC111123669,0.036345108756778
LOC111130421,-0.128666893965263
LOC111129124,-0.937955053957564
LOC111121116,-0.610641323548562
LOC111130550,1.97989640663478
LOC111112981,0.669929544155263
LOC111124790,0.335626950183171
LOC111114020,0.239314239064361
LOC111125215,-8.88349466683805
LOC111105926,0.14010979313335
LOC111117988,-0.700266946686746
LOC111125439,-0.0630730447502616
LOC111110142,-0.696695430602488
LOC111135439,0.139326504379712
LOC111133994,0.881650141189814
LOC111101547,-0.685678113556603
LOC111130574,0.473364263374889
LOC111118624,0.811484180045206
LOC111130354,-0.824421893617339
LOC111137049,-1.98198426980483
LOC111101846,0.519268733122881
LOC111121166,-0.199727429462464
LOC111128181,-0.0424663624213901
LOC111120952,-0.104713814544965
LOC111130429,-0.0880328364711845
LOC111099223,-0.390076676185104
LOC111119808,0.390205380397985
LOC111129350,-1.24777041201701
LOC111100117,-0.0014117621836416
LOC111111323,-0.171065758113288
LOC111113166,-0.276226692977598
LOC111099617,0.522770300985511
LOC111101133,0.834559341897298
LOC111121432,0.0502016504303685
LOC111133472,-1.21189178265567
LOC111135738,-1.49477417383341
LOC111103250,-1.75942622376834
LOC111101768,-0.12571060994585
LOC111120248,-0.0464512763584984
LOC111117641,0.254372185495044
LOC111136647,0.0451879401124096
LOC111133664,0.71755897289626
LOC111110164,-0.653616511734654
LOC111117553,0.264858855518821
LOC111121780,-0.751682414849853
LOC111103845,0.277275330557268
LOC111130006,-0.281008563167026
LOC111121529,-2.10824279854378
LOC111133379,-2.18834119350772
LOC111130606,0.135444670529952
LOC111133768,-1.47997079660459
LOC111137812,-1.78915153957715
LOC111104477,-0.268243474219139
LOC111102840,-0.57518182421718
LOC111124566,-0.509837092177165
LOC111127498,-0.481031704427925
LOC111130163,-1.99856191928429
LOC111137438,-0.250995020358835
LOC111104007,0.107594952099883
LOC111130216,-0.873147853958855
LOC111137127,0.443489860253195
LOC111122100,-1.25714632214064
LOC111103710,0.0242891570072045
LOC111118611,1.26849020878719
LOC111105869,0.337165285331045
LOC111135644,0.950613889762111
LOC111137876,-0.130678656861096
LOC111133563,-0.808580495610304
LOC111135682,0.340871712952788
LOC111132188,-1.14096170479637
LOC111102406,0.103178310324004
LOC111118839,1.29158031042294
LOC111125207,2.0119824593296
LOC111100715,-1.12423747591505
LOC111119382,2.12732243842296
LOC111124257,0.454047220388807
LOC111116815,-0.790897621207824
LOC111125562,-0.772869801597909
LOC111106818,1.4639166435597
LOC111112876,1.7507786561939
LOC111118134,1.05990163985027
LOC111115496,1.50744991816003
LOC111115926,0.259286745520535
LOC111110522,-0.461621334962827
LOC111112997,0.105672587181733
LOC111109633,-0.0633293132717276
LOC111138473,1.09139891262048
LOC111126630,0.371552573047943
LOC111128618,-0.0695527715862986
LOC111106493,-4.6303284354883
LOC111101810,-0.563688394932622
LOC111105245,0.60361944099952
LOC111099982,-2.03674082013206
LOC111107967,0.0465663752736866
LOC111102779,0.770054384473708
LOC111137050,0.702953042523107
LOC111108660,0.519186123775312
LOC111108280,-2.50599067317642
LOC111115586,-0.220581009947868
LOC111124403,-0.638626396044005
LOC111100421,-0.336993020234758
LOC111130366,-0.46146810919569
LOC111131593,-0.458046925807726
LOC111113119,-1.36124353751353
LOC111114723,0.510601791802364
LOC111138319,3.90622323758704
LOC111112096,1.39923129011132
LOC111122215,0.0437772679223183
LOC111134755,-1.34163791769859
LOC111136115,0.68453512324937
LOC111123842,5.72274942522265
LOC111137533,0.356084049792224
LOC111126662,0.201124957770096
LOC111121060,0.150369827914724
LOC111118300,-10.5700337136625
LOC111101654,-0.270205750763267
LOC111138381,-3.15375757859377
LOC111119303,0.552251204392673
LOC111106306,-0.0764490192397522
LOC111134639,-3.69844012525035
LOC111110881,0.587001275998377
LOC111105345,0.263144730058992
LOC111137970,1.56914399351968
LOC111131393,-2.1516630913088
LOC111136564,0.435560175692056
LOC111107944,1.02165353781021
LOC111137726,0.4326413798879
LOC111121396,-0.208009532995262
gene8353,0.0972172300437858
LOC111128999,-1.0051362730839
LOC111125349,0.0467132891273345
LOC111103801,-0.443466829902092
LOC111111382,-0.243500387889417
LOC111112708,0.0492725570614105
LOC111105197,-0.285609073929994
LOC111127380,0.115825296316867
LOC111115131,0.434305744852326
LOC111123969,-0.597699194134304
LOC111137288,0.240747505676104
LOC111134024,-0.250605049495691
LOC111123327,-6.46207959009017
LOC111099071,-0.329843365906756
LOC111135144,0.777080717939741
LOC111133765,1.48872285712253
LOC111116330,-1.37869375540828
LOC111132958,-0.00638437840462181
LOC111128318,-0.376733865445087
LOC111134038,-0.693257120191403
LOC111111362,1.06563009407184
LOC111103314,-0.223797914714626
LOC111114325,0.117334260931796
LOC111116869,-1.51203039154528
LOC111119882,0.371108804836514
LOC111106284,-0.552380254586364
LOC111100348,-0.537167369939895
LOC111107660,-0.627569370521302
LOC111122191,0.271643220794616
LOC111137313,0.775178540357015
LOC111105448,3.83955446848171
LOC111123527,-3.57952972870469
LOC111136570,-0.296832607855595
LOC111132139,-1.8565112109408
LOC111128419,-0.536770011656942
LOC111103272,0.968167655816672
LOC111118568,-0.705067084099193
LOC111103849,0.289443109020815
LOC111107035,0.664927118681582
LOC111123567,-0.358026741202645
LOC111113474,0.270549032705078
LOC111129670,0.161403050785514
LOC111110120,-0.345016982669076
LOC111119188,-0.713056618361883
LOC111103513,-0.932758901144015
LOC111119530,0.648971166449793
LOC111119616,0.929526127793027
LOC111136245,1.69565883664006
LOC111099816,0.388621097567885
LOC111118385,1.57419131921718
LOC111120292,1.42465929827803
LOC111119100,0.66422017730293
LOC111105806,-0.0991345222989823
LOC111128416,-0.0398757027472711
LOC111136168,-0.595290755396963
LOC111110517,0.784062817696455
LOC111110454,0.768314324378155
LOC111128961,-0.320996855052313
LOC111125650,0.715617699741158
LOC111102230,-0.257899573711748
LOC111117321,0.37103649425575
LOC111115162,-0.918354577949166
LOC111120246,-0.282420357650753
LOC111125099,1.81109019209773
LOC111124568,-2.18576989645206
LOC111103880,0.368051354550721
LOC111130564,2.28011382453973
LOC111132486,-0.206891451529382
LOC111129426,0.0502020416222003
LOC111134453,-1.23273706721448
LOC111114284,-0.584939924028822
LOC111124529,-0.913599090089864
LOC111114515,-0.375915477483425
LOC111106474,1.21654390454998
LOC111101602,0.232451198292329
LOC111119782,-0.533662358308486
LOC111103944,-0.14309443137133
LOC111108270,0.269180695164963
LOC111115370,0.198666429565976
LOC111124048,0.333950310659345
LOC111105963,0.000200634252056531
LOC111108887,-0.389228776162441
LOC111102724,-0.0684833280441942
LOC111127107,4.76798134796104
LOC111124415,-0.264754692299324
LOC111120971,0.499906902701279
LOC111100362,0.0743982281838038
LOC111123143,-1.94061040532712
LOC111119518,-0.729413391479103
LOC111127048,-1.10641958345377
LOC111122128,-0.376045270451194
LOC111132482,0.478966678899644
LOC111123938,-0.0637190717638375
LOC111127495,-1.05671322966587
LOC111129823,1.85231002221106
LOC111126981,1.00982318325882
LOC111104295,-0.417593343684422
LOC111128644,0.158936741579246
LOC111121115,0.843767089632002
LOC111115041,-0.385215574988219
LOC111103559,-0.976292673710207
LOC111106930,-0.816695172861929
LOC111109578,0.161340946737241
LOC111120084,0.481736171173863
LOC111101967,0.814024053225313
LOC111129998,-0.191043518040581
LOC111130600,0.0455413402083071
LOC111099592,0.0302177061128001
LOC111136509,0.00149022123974971
LOC111101803,0.312810749645503
LOC111129532,0.0842007872751482
LOC111134889,-0.0140516388089261
LOC111124853,-0.565054042166903
LOC111120390,-1.33399722474454
LOC111111426,-0.175182541547395
LOC111122558,-1.26513959254957
LOC111127956,-0.0753664429356216
LOC111117354,-0.192480484292389
LOC111127059,0.799804677348221
LOC111114778,-6.84980836697878
LOC111117211,0.123904565845387
LOC111114088,-0.228922198607104
LOC111127939,-0.575169891433543
LOC111135384,2.10326079975003
LOC111136959,2.55802291966948
LOC111126134,-4.33863152532948
LOC111110435,-0.283905854291705
LOC111118956,1.58863103155514
LOC111123142,-1.64551552784695
LOC111133292,-1.47675285074374
LOC111123117,0.303923978634365
LOC111118679,-0.0541864036371274
LOC111104058,-1.3652220156577
LOC111130035,-0.233352634112666
LOC111126960,-2.83104996346846
LOC111115075,-0.0213937101196231
LOC111117895,-2.61726724038625
LOC111135499,-6.30019045844986
LOC111101051,-1.71331598766882
LOC111120480,1.06790725999835
LOC111124879,-0.549960226361824
LOC111133817,0.185778907376785
LOC111123673,-0.201995350920232
LOC111114388,-0.111163022365147
LOC111117287,-0.525519567539235
LOC111136293,1.50044559474795
LOC111113447,-0.619307196744069
LOC111122874,-0.431585082340158
LOC111135955,0.260572051389265
LOC111111307,-1.00681662256342
LOC111101095,-0.136514797935554
LOC111136770,0.163167017895511
LOC111136074,9.67125594911067
LOC111126665,-0.35780163054985
LOC111104814,1.126645811878
LOC111130055,-0.862256837656186
LOC111137908,0.415449722618467
LOC111136237,0.216561564738798
LOC111103644,0.00553764546667265
LOC111109730,-0.445692410766255
LOC111127356,-0.0962995277013131
LOC111119754,-1.99354921182769
LOC111125137,-0.0957496084570863
LOC111134656,-0.15697177166501
LOC111118430,-0.00943806506906774
LOC111112578,0.224062562173532
LOC111126582,0.0691948521516813
LOC111101290,-0.0690408609132763
LOC111133899,0.335751837426195
LOC111129330,2.40946500427103
LOC111136257,0.274775712538578
LOC111122685,1.08609750803377
LOC111132618,0.385948675740247
LOC111128502,-0.316101013252577
LOC111103756,0.223493253766329
LOC111136089,3.6193414203294
LOC111099202,-0.0935214107404037
LOC111129351,-1.45371860119174
LOC111120343,-0.0788190031397122
LOC111138432,-0.36534805381118
LOC111132225,4.82158040257064
LOC111110019,-0.329789090943513
LOC111110511,-0.338917984027613
LOC111121740,-1.80674175693727
LOC111116017,0.352541141364205
LOC111111403,0.395575345454914
LOC111120495,-3.49663715308278
LOC111124816,-0.669633833509981
LOC111108059,0.910188321787637
LOC111105707,1.24105891290352
LOC111118933,-0.154669245840048
LOC111125697,-1.06394611270292
LOC111103257,0.00589070810559379
LOC111104594,0.444063690734548
LOC111103816,0.665917022658237
LOC111119261,-1.01111496036645
LOC111125442,-0.433794619446368
LOC111101069,1.75684182972585
LOC111127977,-0.76399114891027
LOC111132173,-0.0419677484113137
LOC111136184,-1.92937403686925
LOC111102736,-1.07279792619091
LOC111120823,-0.116313066360322
LOC111137521,-2.10005688348549
LOC111113098,-2.08022238103182
LOC111115770,0.0437459718249423
LOC111107487,1.93588976094958
LOC111119610,-0.728042972208276
LOC111111428,-1.13323462238219
LOC111119701,-5.84709158376481
LOC111137469,0.945396788651934
LOC111124380,1.63442342417276
LOC111107107,1.1158497070672
LOC111119172,0.8360077385816
LOC111133821,-1.19464858098888
LOC111136765,-0.181250268695536
LOC111136210,4.11728724285541
LOC111137306,0.0367884265585893
LOC111106086,1.63176196273245
LOC111104714,0.226620212471873
LOC111135891,3.04461155675116
LOC111117520,-0.0523992580575664
LOC111116391,-0.130545510414852
LOC111125280,-0.909980441679921
LOC111122873,2.23159591051823
LOC111112088,-0.735756913912604
LOC111117506,-0.563201452861609
LOC111112771,0.951069724012938
LOC111100314,1.21378557273617
LOC111106179,0.189432438184397
LOC111135928,0.371875970524773
LOC111112914,-0.527555018508051
LOC111134442,0.197155464580237
LOC111117262,1.08532876058149
LOC111112464,-0.0297084487590562
LOC111117861,1.10157857081376
LOC111135502,-0.0720151611406861
LOC111128948,1.04826874654888
LOC111129676,0.152973498044293
LOC111138207,0.14266394329555
LOC111100292,-0.0354934409714673
LOC111108113,-0.348270320747692
LOC111115621,1.77329809922822
LOC111100323,3.74416084326
LOC111117935,0.01727830265712
LOC111115879,0.825595629495423
LOC111108471,0.485926620702065
LOC111118146,-0.178524233336377
LOC111101821,0.60697507785206
LOC111134735,-0.390953888880765
LOC111110267,0.797633974440158
LOC111103361,-0.315431884071006
LOC111130668,0.265323270378827
LOC111103605,3.58518596956576
LOC111117047,-0.00121818541552511
LOC111113188,0.277405920936569
LOC111122393,0.638214050032801
LOC111115092,0.335268531818693
LOC111135515,0.373809976467116
LOC111130253,-0.236371799161816
LOC111131241,1.38981131654202
LOC111123421,-0.8769460812609
LOC111101355,-0.313381890841823
LOC111128643,0.452385565199281
LOC111131747,0.810057545453474
LOC111112513,0.930866286150071
LOC111106671,-1.25825906363905
LOC111119779,-0.711061337232919
LOC111133932,-0.691878114645384
LOC111110402,0.00239483593976062
LOC111107806,-5.07654856415295
LOC111125893,-0.32984064633666
LOC111118770,-0.112558899430144
LOC111110304,0.0484338978157692
LOC111118235,-0.43267793097324
LOC111124875,-2.58432874629156
LOC111129321,0.465481097482175
LOC111125395,9.42531175929268
LOC111106409,3.90591741337092
LOC111120141,0.446469601131364
LOC111107596,-0.37430011534682
LOC111136511,-0.576439113073773
LOC111126930,-0.662025447515525
LOC111099081,-0.0331201231306428
LOC111100708,-0.102316645592595
LOC111130109,0.338086184074934
LOC111135319,-0.219313512942648
LOC111126740,0.348850489757893
LOC111123916,0.721252178381897
LOC111102903,-0.171178024778409
LOC111100930,0.565258184507707
LOC111136844,7.78933678902095
LOC111114911,-0.504543663274902
LOC111100471,11.3012961678943
LOC111112600,-0.143454426173564
LOC111126054,0.192537013533111
LOC111101444,0.0656686335313566
LOC111119987,-1.15072286161829
LOC111138086,0.135976823358735
LOC111133974,1.68656671062894
LOC111103277,1.28384138025125
LOC111124192,0.0657853862158061
LOC111136890,-0.6667125979962
LOC111120723,0.495405912362373
LOC111116738,-1.13177910465407
LOC111132120,1.4318412846878
LOC111121135,-0.197248523050236
LOC111123166,-2.40964055769521
LOC111119255,-2.91458035566177
LOC111133873,0.10204715655242
LOC111117773,-2.03421871985241
LOC111120197,-18.1670405834913
LOC111099219,-0.0216711247401694
LOC111138190,-0.0374544737731802
LOC111120839,-0.133288827926977
LOC111109372,-0.0372075496706835
LOC111111090,2.20421086541541
LOC111118620,-0.0967675949280988
LOC111138466,-0.42035185222122
LOC111112848,-0.436739470781385
LOC111113222,-0.0635081646063616
LOC111130838,-0.0793579911085514
LOC111114930,0.219672124124179
LOC111114505,0.0593660398919614
LOC111130837,-2.50433271987889
LOC111130142,1.05498615986129
LOC111121958,0.948503053495716
LOC111129473,2.18898577259096
LOC111126205,-0.131367662994033
LOC111137344,-0.560964935767577
LOC111129332,-0.535361186341695
LOC111114915,-0.288043506528756
LOC111121579,0.0447864004671627
LOC111116002,1.09181571927272
LOC111136704,3.12984611931287
LOC111106349,0.761857029074009
LOC111138127,1.94176914638779
LOC111120680,1.04371226168278
LOC111138346,6.37689918794224
LOC111121830,-0.338012585024844
LOC111106840,1.23862200440392
LOC111120233,0.5378400068876
LOC111122867,0.141757399658928
LOC111138042,-0.048841372216226
LOC111133380,-0.097919103381835
LOC111116593,-0.2289231817231
LOC111135926,-0.631017670802082
LOC111118811,-0.0965369338203418
LOC111134723,3.64583253620689
LOC111136029,0.98835106021104
LOC111103252,0.0779477708313329
LOC111112232,0.763106799738329
LOC111106763,-0.400583099735178
LOC111134181,-2.61806728253264
LOC111120557,-0.790608356195357
LOC111122603,-0.316442703850089
LOC111123624,1.58638129908052
LOC111100603,0.695593294933541
LOC111120827,-0.382906953078815
LOC111131145,-0.0367618099567594
LOC111117108,1.15860035575383
LOC111117107,0.172738763474754
LOC111135174,-1.69318875603165
LOC111132057,0.30744119060636
LOC111102694,0.00462989338012229
LOC111123608,12.1578346540189
LOC111125339,-1.10454426853428
LOC111112640,0.0334176259084384
LOC111133896,-0.0874953724402646
LOC111130830,-0.221533921953009
LOC111110571,-0.0807616880552864
LOC111116936,0.293073033617627
LOC111133308,-0.510790945183108
LOC111102769,-0.733621375389238
LOC111122612,0.0608169037740093
LOC111130188,-2.2753358957618
LOC111138222,2.38858895560297
LOC111108747,-0.495641626187273
LOC111102517,1.06354823882875
LOC111133202,0.261207943888258
LOC111119477,-0.768629381653892
LOC111133205,0.945486449479106
LOC111101382,0.463652680062818
LOC111128885,1.76331567651363
LOC111115711,2.0352500504852
LOC111138108,-0.0222802909639864
LOC111133255,-0.74795886296236
LOC111132192,1.08345717790479
LOC111126366,-0.0309822713614937
LOC111119849,-0.71230921378675
LOC111128497,-0.109561880427048
LOC111133033,0.126247085047673
LOC111122690,2.18326927276222
LOC111134353,0.84823744887647
LOC111118310,0.647617775413556
LOC111132247,0.456835230590098
LOC111118682,0.226976097163453
LOC111107941,0.181429149623489
LOC111106225,0.182832935937411
LOC111111339,0.504075950150308
LOC111130886,-1.27061025959998
LOC111115878,-0.850553414171158
LOC111106149,-0.0290280642965192
LOC111135532,0.610039558428386
LOC111130844,0.187174298469874
LOC111105182,-0.0482575203386904
LOC111108928,-2.14486795415447
LOC111106503,-0.798306913751205
LOC111111288,-1.85307525790114
LOC111134719,-0.978681389702359
LOC111131729,0.824086119830223
LOC111100844,-0.56530407106125
LOC111126336,-1.09614359455294
LOC111131046,0.0861791076791794
LOC111117739,-0.396969371074214
LOC111133775,0.510248808722187
LOC111123219,-0.446063905134518
LOC111133859,-5.15076361015495
LOC111124014,-2.79746525299546
LOC111137428,-0.12943353015073
LOC111126306,0.133502051804664
LOC111114333,0.259418229622012
LOC111102237,-2.92033615356109
LOC111123259,0.791475671604119
LOC111122398,-0.946519610801275
LOC111130022,0.821623231413613
LOC111137144,-0.599867333498953
LOC111103719,0.428669117965165
LOC111137582,0.24348904598485
LOC111129725,0.23511761483159
LOC111129691,-0.216624886734748
LOC111103937,1.92203131377978
LOC111124903,-1.48970583661174
LOC111134018,-0.488794191459448
LOC111122154,-0.817276280670392
LOC111121499,0.00818034274338323
LOC111137451,0.167360613081646
LOC111126499,0.073747959800468
LOC111122397,-0.626108362811218
LOC111133436,-0.157821574350949
LOC111130895,-0.338361734780375
LOC111118348,-0.319203413762243
LOC111117205,-0.951203493726589
LOC111099753,0.179711204380013
LOC111110596,-0.589966561729703
LOC111108250,-0.345363132885449
LOC111136201,-0.0720664179688527
LOC111117311,4.56921086020244
LOC111113952,0.598387550285373
LOC111124468,0.0652970500011822
LOC111130740,-0.814753325795447
LOC111131428,0.0877737814659956
LOC111107443,-1.42029204892741
LOC111099728,-7.35022460368307
LOC111137235,1.990148154464
LOC111135409,-0.20725629593518
LOC111130468,0.650992540308425
LOC111101665,-0.945099148552383
LOC111116781,-0.193058260339549
LOC111126844,-1.37407669419779
LOC111119111,-0.882902871369619
LOC111111488,0.970815944027143
LOC111133425,4.9225426506569
LOC111133793,0.257162036981102
LOC111129434,-0.138022181489211
LOC111120959,-0.331190740044162
LOC111117337,4.69268882998391
LOC111108538,-2.07736780278015
LOC111121574,-1.11440094574807
LOC111127347,0.0619798089232116
LOC111118928,-7.80147083839389
LOC111135598,-2.89444369712442
LOC111123204,-0.140729489124604
LOC111105833,0.0719579215973487
LOC111122774,0.638739907721874
LOC111119160,-2.80814054198036
LOC111109503,-0.190374918881007
LOC111124904,-3.35059255351484
LOC111101775,0.14046176867329
LOC111126447,0.24015768125014
LOC111112802,-0.0444143929852823
LOC111106025,-1.66710293572268
LOC111108134,1.99363601299786
LOC111099418,-2.03127435051091
LOC111106919,0.538105140777287
LOC111127443,1.02407511888919
LOC111123417,-0.305181308578791
LOC111118698,-0.346551004557162
LOC111120307,-0.400874569353195
LOC111119900,-0.167795155135092
LOC111121312,0.669441006713391
LOC111116696,1.50952145993904
LOC111113266,0.651663664402645
LOC111126988,-1.47352052030532
LOC111134021,-0.660143885411195
LOC111110288,-0.373800649047573
LOC111136016,-0.648405535432091
LOC111131607,-10.9265352858124
LOC111107600,-0.112926686178867
LOC111135273,-0.279127716665954
LOC111131530,-0.367590304988671
LOC111132381,-0.0478187149877571
LOC111105064,-1.19361251102727
LOC111110064,0.559457351068003
LOC111119390,1.40326389755398
LOC111122520,-3.1575776152485
LOC111137574,0.881513614819228
LOC111133136,-0.810654833270834
LOC111110713,-1.03593458998192
LOC111119618,-0.432452241498821
LOC111137810,0.52277288055297
LOC111120303,-0.270218771476368
LOC111126204,0.124557790721617
LOC111126854,-0.353297118250921
LOC111130495,-1.28836370195295
LOC111122316,-1.3257057369576
LOC111111476,-0.505017166161135
LOC111120737,0.298545854267117
LOC111118999,0.189458949502586
LOC111099921,0.0722880937131097
LOC111138054,0.321884584042211
LOC111136752,0.207552962636557
LOC111107404,-1.17631598314591
LOC111122202,0.313307825652143
LOC111107253,0.475115720508107
LOC111128513,0.700501092451771
LOC111137196,0.0735097911469152
LOC111133913,-0.608483381161708
LOC111100919,-0.852548627402925
LOC111112841,-0.315127326633763
LOC111135320,-0.523280472142602
LOC111102950,0.196063067241052
LOC111134068,-1.51110483770021
LOC111117385,1.00098692242773
LOC111136504,-1.5638004629247
LOC111105689,0.281063355083643
LOC111108545,-1.42425683681829
LOC111125662,-0.846585621967836
LOC111135981,-0.22714101464783
LOC111119149,0.177076360856976
LOC111123297,-0.0368253012538325
LOC111104965,-0.792030064371636
LOC111121787,0.486433239462925
LOC111127311,-0.216392647665667
LOC111127557,0.267755734869121
LOC111109822,0.33480045285006
LOC111129018,1.47062268803248
LOC111136120,0.713613238216817
LOC111115184,1.569658216596
LOC111134906,0.327998490235308
LOC111129258,1.33636118273767
LOC111134972,-1.39472167977543
LOC111110552,0.881470502049619
LOC111114792,-0.0538225500514115
LOC111121688,2.0224171487704
LOC111125475,1.30350087927158
LOC111138124,3.71591969356911
LOC111123952,1.13416675067628
LOC111136376,0.540256954264406
LOC111119796,-1.48805245324006
LOC111136006,0.996066521432094
LOC111134211,-0.902419560346826
LOC111134746,0.476446443045199
LOC111105497,0.0150453475382281
LOC111120490,-0.323030002225758
LOC111132970,0.428209979493692
LOC111124379,0.106225844099732
LOC111118007,2.24216119228191
LOC111137698,0.183153383611
LOC111123874,0.143609928236197
LOC111103525,0.156510737988364
LOC111109039,1.24559664360055
LOC111106267,0.121037038419993
LOC111129111,0.276179194600653
LOC111119037,1.16456292645123
LOC111101092,0.707006496449882
LOC111118004,0.545680668298743
LOC111136708,0.553175481355833
LOC111106605,0.00482246699030188
LOC111118067,-0.143244673752289
LOC111099212,-0.616854982957008
LOC111135771,-0.331204621195785
LOC111107891,0.0980627548457535
LOC111118915,-0.91624641912165
LOC111120601,0.961745436277758
LOC111130491,-0.55476130511706
LOC111112410,0.111121085268799
LOC111129967,1.5501840677581
LOC111106433,-0.197388038933718
LOC111105700,-0.0223298741107701
LOC111119871,2.16735104209064
LOC111101047,0.721017062455291
LOC111112918,-1.41727026685946
LOC111132242,1.24091320104354
LOC111127501,0.0176104913725767
LOC111123919,0.079363910697114
LOC111137891,0.711370858698799
LOC111110506,4.98583625342054
LOC111124587,0.50630708459228
LOC111112562,0.248384032840924
LOC111129003,-0.421206718727333
LOC111104609,0.0307596718925687
LOC111100098,0.32904333210867
LOC111133250,0.0383350421238494
LOC111102564,-0.0355425207370295
LOC111107878,0.156380174396833
LOC111119494,-0.230477690708009
LOC111129871,0.931315370574947
LOC111129521,-0.429530383686891
LOC111137130,-0.0730701273448429
LOC111129261,-1.80903292356427
LOC111114931,0.084890737865496
LOC111119258,0.772990946735853
LOC111125598,-0.247508067163068
LOC111130048,-0.318288655608759
LOC111100969,0.775605428733266
LOC111129307,-0.10336594244635
LOC111112938,2.24945888817163
LOC111133642,-0.303871039476233
LOC111102594,1.47532542725083
LOC111125918,0.0891166582266956
LOC111124706,-0.785309524355422
LOC111130034,-0.183638976872016
LOC111129948,1.19590773401567
LOC111110253,-0.446230716791899
LOC111120547,-0.334368193566392
LOC111106461,-3.55632814595275
LOC111111768,0.659061674406754
LOC111134000,-0.10340319428397
LOC111101050,0.00945430623472276
LOC111135530,-2.12587425628846
LOC111133302,-1.49586052961428
LOC111118092,-2.86759091196527
LOC111124681,0.275883081522723
LOC111111819,0.93499646883354
LOC111138226,-0.430481147173826
LOC111120136,-0.663877675198761
LOC111106031,4.50262030803387
LOC111124625,-0.375147272290292
LOC111136940,-1.29941376881072
LOC111130586,0.657226042691073
LOC111120493,-0.696818904743802
LOC111129953,1.00763579273516
LOC111101656,-0.554547686650675
LOC111119955,2.64527887806417
LOC111128093,-2.37140385808004
LOC111127806,-0.992620188197943
LOC111134896,0.573891263929982
LOC111111163,-0.247971431965441
LOC111111229,-0.119717077168301
LOC111117456,-1.05472706711464
LOC111119923,-0.0339254047636813
LOC111137659,-0.681432981376961
LOC111114711,0.112179946415547
LOC111131776,0.050254656248374
LOC111122669,-2.53442769821775
LOC111120648,-1.56298504697467
LOC111124545,-0.752401638268705
LOC111103326,-0.296953628041066
LOC111120002,0.998020401905861
LOC111133802,1.91753985415115
LOC111109665,-0.371969159633469
LOC111130466,0.551788101057901
LOC111122187,-0.589945948319571
LOC111125781,-1.72477843323197
LOC111119017,-0.304590092588878
LOC111136084,3.78659259334663
LOC111128612,0.124362332862367
LOC111129870,-0.231030684425022
LOC111134393,2.30688127121463
LOC111127575,-1.24755200653644
LOC111112910,-0.21471080783396
LOC111110830,-1.11924206249354
LOC111108312,0.024165819596445
LOC111132667,-1.17099911313351
LOC111136177,-0.696981604024252
LOC111131750,-0.818959710171681
LOC111113344,0.0125815682674338
LOC111121121,1.39773584099931
LOC111137026,-0.104284219094072
LOC111115735,-0.981541240319119
LOC111115734,1.70509897090663
LOC111118048,0.0114256250920677
LOC111119044,1.54672626731639
LOC111133909,-0.531850752940934
LOC111135885,0.316487804146684
LOC111138165,-0.211937684164117
LOC111103620,-0.199032609037705
LOC111121090,0.511201789595991
LOC111131037,-1.82239540749955
LOC111129798,-0.649019494637062
LOC111113175,0.225780380188445
LOC111105430,-0.0742505583937543
LOC111131575,-0.653066214302111
LOC111121603,-1.44664686483715
LOC111130371,-2.30498998624736
LOC111135258,-0.623699108749181
LOC111138070,-0.771386326651379
LOC111106438,-2.09585364840761
LOC111100760,-0.46765306335971
LOC111113055,5.13242601316954
LOC111126339,1.42815249309888
LOC111137101,-1.0374712639241
LOC111116605,-0.290595981404586
LOC111119677,-1.47972307227811
LOC111134552,-0.840809631534498
LOC111122954,0.272403350592665
LOC111126713,0.369100113254331
LOC111114759,-0.00500196037177829
LOC111108601,0.055116285173159
LOC111112365,-0.345759160579543
LOC111132121,-14.0471801011675
LOC111117002,-0.292390405126539
LOC111117658,-0.940623657644906
LOC111107576,0.158359823376714
LOC111114707,1.21382895626105
LOC111135591,0.00441746007469271
LOC111129819,1.77342266352958
LOC111128265,1.28358948765794
LOC111130456,-0.942652925676843
LOC111127145,2.28253007439857
LOC111125407,-1.97418044423558
LOC111127344,-0.188481279798346
LOC111101329,-0.126489805872088
LOC111118411,-0.0865451186229182
LOC111112453,-1.00459889971064
LOC111100933,-0.75689838387078
LOC111133291,-1.13391209710792
LOC111128136,-0.107724415220574
LOC111111439,-0.251621220825152
LOC111099375,0.282529477487435
LOC111132678,0.0501831873724307
LOC111121512,0.545501880084856
LOC111105283,-0.202184486912669
LOC111109839,-0.83785380513762
LOC111101889,-4.31262611999327
LOC111107657,1.42752227110086
LOC111099109,0.710769320038517
LOC111137895,-3.76273177773449
LOC111121123,-0.141744034003769
LOC111104972,0.179617497959566
LOC111135863,1.82499203734666
LOC111107281,0.0448734793955679
LOC111137650,0.00255584804074924
LOC111136847,-0.143974127466568
LOC111136848,-0.0566265909085183
LOC111137632,-0.468997668974782
LOC111134678,-1.79432726670639
LOC111109082,-1.38682356902768
LOC111126809,2.03195410252045
LOC111128146,-0.0479973016534151
LOC111117468,-0.273840020262757
LOC111108553,-0.612706367463899
LOC111106080,0.280363169915695
LOC111134216,1.73036595457547
LOC111112801,-0.97518692294121
LOC111130978,0.331467448291258
LOC111126646,-0.217678702336617
LOC111113368,-3.16039901167082
LOC111106467,-0.0438218526844737
LOC111130390,0.908377690246414
LOC111132058,2.45115268269122
LOC111132801,8.20033882191482
LOC111100448,0.0624139125044905
LOC111109522,-0.090709386494402
LOC111125343,0.17841752565598
LOC111107667,0.697142979094441
LOC111111797,-0.0810054780285583
LOC111120226,-0.342569897235383
LOC111107890,0.489106498378883
LOC111118106,-0.120178262014722
LOC111119182,0.840920158991659
LOC111103116,0.169365125967634
LOC111123959,-0.64533546649163
LOC111134266,1.33240893862593
LOC111099545,1.41996597830182
LOC111104632,0.199164870310137
LOC111114598,0.240024498238298
LOC111128407,-0.286571769080158
LOC111099104,-1.31673349968712
LOC111121839,1.41333676306559
LOC111132981,2.16721714473734
LOC111114965,-0.179609330646864
LOC111117191,-1.17703942134564
LOC111130418,-0.358058076445543
LOC111125846,-0.351793423375978
LOC111101877,-0.193962837369512
LOC111110447,2.75368843917934
LOC111107294,0.0717868797291065
LOC111115965,-1.38216710144707
LOC111123226,-0.464913530702657
LOC111099620,3.37913391801697
LOC111104812,0.796101268405218
LOC111126401,1.06531072246319
LOC111127051,2.01349084392121
LOC111123253,-0.00307934041793239
LOC111125514,0.0568294240240577
LOC111107242,-0.54538062880166
LOC111135283,-0.015295291278405
LOC111100290,4.60465080385408
LOC111100795,0.240101155982341
LOC111137936,-0.757828339030642
LOC111120302,-0.162209676686057
LOC111117489,-0.711123646835131
LOC111131712,0.194333007737011
LOC111136071,-0.633282110996031
LOC111107174,1.78254691951084
LOC111127408,-0.0095715744962594
LOC111118629,1.31703913244353
LOC111134368,-3.96593079547818
LOC111106243,-0.146739535877121
LOC111101668,0.196779337020315
LOC111103166,0.114706834169322
LOC111129069,1.79579823527762
LOC111135390,0.075297065196821
LOC111122288,-2.61037569976074
LOC111108282,0.586082377785746
LOC111137831,1.04666693752024
LOC111136669,1.62518337028933
LOC111115060,0.378522296758718
LOC111101124,-0.119697070101122
LOC111138260,2.0277557864937
LOC111104766,-0.0190763852806829
LOC111130683,0.345202166462889
LOC111131290,1.51756464876127
LOC111133964,-1.05208183338612
LOC111129732,1.18701511222906
LOC111116891,1.88732711990216
LOC111134455,9.41433087678339
LOC111126237,-0.45107326880145
LOC111112421,-0.56088416040711
LOC111119589,1.15949597120202
LOC111128020,0.0500518831475871
LOC111106674,0.970581455718393
LOC111109750,-0.124536065723241
LOC111129873,0.68432123198347
LOC111115095,0.00573547915442767
LOC111115399,-0.086012453077553
LOC111135783,-0.547941279196943
LOC111128299,-0.141790011702854
LOC111128252,-1.67403336399139
LOC111108952,-0.143603488714902
LOC111100887,-3.23234627180999
LOC111134758,0.145465977591467
LOC111111240,3.87079731877505
LOC111120187,-0.304596497096373
LOC111129602,-0.205169821658999
LOC111130311,0.436546397527181
LOC111121372,-3.86269264954121
LOC111131673,-0.554244381943891
LOC111123041,3.79178459483366
LOC111136122,-0.308266463226857
LOC111133654,0.551693670019053
LOC111108729,-3.03652750422482
LOC111110758,-0.477014408925897
LOC111113346,0.539227826337089
LOC111105032,0.102585051602317
LOC111137074,-0.587097871359746
LOC111105570,1.07962975640748
LOC111122123,-1.41048379618342
LOC111138251,-1.00887101862488
LOC111114748,0.294989177803022
LOC111126085,0.22890997078388
LOC111133123,-0.554250996148356
LOC111111008,0.277990086781743
LOC111113114,1.05756144514972
LOC111120759,0.650137785368141
LOC111131601,-1.6918221262524
LOC111137165,-0.584003968157673
LOC111132090,-0.506303013971203
LOC111123069,1.32668180782398
LOC111121805,-0.187758605103579
LOC111131027,0.891924248540256
LOC111100092,0.664232318123173
LOC111104416,0.856608530411392
LOC111112171,0.371311362006883
LOC111126569,2.85133292053214
LOC111123646,0.298446684294321
LOC111135089,-5.50233191647396
LOC111138476,3.5961291006797
LOC111107186,0.0240149464875618
LOC111100645,-0.468337509378698
LOC111136552,0.358794426070255
LOC111103333,-0.19411744107019
LOC111136648,0.135359508592502
LOC111137946,0.891082573585666
LOC111118441,0.539694987042268
LOC111129601,-0.0550334749596613
LOC111135209,0.0681069487015561
LOC111122160,0.383899634901243
LOC111137035,-0.145964851910038
LOC111103979,0.0534529276581961
LOC111122183,-0.115998544313397
LOC111134235,-2.88370356658859
LOC111125416,-0.393801148256725
LOC111126341,0.405881622379835
LOC111113571,0.506105706705846
LOC111128602,-0.169033366624491
LOC111118589,1.07150637775505
LOC111115975,-0.826852179866747
LOC111128936,-1.24473568207635
LOC111109343,0.656716051477517
LOC111125931,-1.94890734920947
LOC111135259,1.09826075857417
LOC111131582,-0.940553875215556
LOC111128144,0.325848699626726
LOC111130186,-2.44976513939545
LOC111111911,-0.929197872144887
LOC111111835,-2.01034690839674
LOC111100298,0.054323176863931
LOC111123781,0.394761405341089
LOC111105248,-3.0934451849421
LOC111136119,0.856053820263318
LOC111122195,-1.32688961707573
LOC111105024,0.447782383660742
LOC111104777,-0.753611885968428
LOC111125210,0.48514831871816
LOC111127116,0.0885696986733493
LOC111132906,-0.246618164020662
LOC111130979,1.5543585847899
LOC111127423,1.05621995490619
LOC111134773,-1.90917281834904
LOC111106394,-0.00143781368442888
LOC111128351,-2.65018135292407
LOC111101323,-0.759253721821038
LOC111135792,-0.752299308004496
LOC111126929,0.658923348586219
LOC111127522,-0.759298992225927
LOC111122055,-0.446987508641439
LOC111100168,-0.866362872000133
LOC111117751,-0.222012119669795
LOC111119410,-0.330059910039543
LOC111112721,0.489302982875339
LOC111100165,-0.0197985552680063
LOC111137214,0.348312366342379
LOC111112048,-0.380944172431371
LOC111134612,0.782302388322648
LOC111131113,0.411853191785817
LOC111120699,2.30014782371091
LOC111113296,-0.163640108826115
LOC111113295,-0.367432337024138
LOC111120824,0.541660311980473
LOC111115221,-0.839688557031488
LOC111119742,-0.0954789356952326
LOC111126223,-0.0955803712262586
LOC111120703,-0.300854903720471
LOC111115451,0.0835927794577899
LOC111132799,-1.49894469562189
LOC111114900,-0.6091524709583
LOC111133044,-1.90765695995039
LOC111122428,0.255294882635705
LOC111099632,-0.158972781920033
LOC111112138,1.92704380435993
LOC111133358,-0.266173232943809
LOC111128946,0.2509375598673
LOC111136572,-0.346105486357982
LOC111125372,0.647974067287324
LOC111137673,0.354739173255192
LOC111124677,0.724659773222788
LOC111136689,0.133681533945104
LOC111125320,0.907839334351221
LOC111123510,-0.0722055018868698
LOC111131337,-0.956894089133911
LOC111113273,-0.0186970470485768
LOC111110347,-0.899123890943593
LOC111107976,-0.172654742235193
LOC111116879,0.263973480580247
LOC111122744,-0.529165521401386
LOC111107266,-0.403569590831505
LOC111111473,-1.60820158135777
LOC111114661,-0.54548987287021
LOC111108241,-0.552382272923002
LOC111106511,9.41158570046155
LOC111136579,-0.163229215329909
LOC111107166,-3.11691631598016
LOC111131273,0.482963042365383
LOC111119170,1.73871322907294
LOC111111352,0.906772192748049
LOC111129005,-1.4095114806079
LOC111135392,1.54692482684586
LOC111099718,-0.000173164585748518
LOC111136314,0.297983338497344
LOC111129232,-0.248865885633566
LOC111129441,0.514231429552101
LOC111115335,0.62643907737835
LOC111123024,0.269975037701528
LOC111128316,0.323626072400153
LOC111108192,-1.09962567243191
LOC111131094,-3.90028955199968
LOC111129796,-1.75238421068451
LOC111126580,-0.73635428370329
LOC111137664,-0.249848956617685
LOC111116889,0.513037454930879
LOC111120626,-0.469533330928864
LOC111138166,3.430891725754
LOC111128063,-0.654116125984729
LOC111123282,-1.04611734003334
LOC111101090,0.295465601390027
LOC111134702,0.59430172388458
LOC111108902,-0.748703057429551
LOC111113411,-1.21598138289682
LOC111136809,-0.16943907857106
LOC111110365,0.402548032862424
LOC111129158,0.649911087050896
LOC111118046,-0.0726543986981831
LOC111134301,-2.27852339948677
LOC111118512,0.233908415635233
LOC111130437,-0.216753890828439
LOC111103014,-0.922606022007395
LOC111116327,-0.176302323476839
LOC111100982,0.0724892614607952
LOC111129071,-3.06383845419028
LOC111137147,0.0212930958885966
LOC111134922,0.0540328048268812
LOC111137950,-0.0215232589477578
LOC111118199,1.12396398933662
LOC111134648,-2.10847482958285
LOC111132492,-0.513241831410751
LOC111138331,-0.178345374968007
LOC111108512,1.71064108123569
LOC111110609,0.604998371438419
LOC111129320,0.652675381223027
LOC111126163,0.700469369574931
LOC111114672,0.191134683831214
LOC111106077,0.895317772383099
LOC111118251,1.08060186847776
LOC111121516,-0.291484534707191
LOC111123747,-0.472638025825371
LOC111131226,0.449579889516951
LOC111135637,-0.584362245294588
LOC111119965,-0.117753557017908
LOC111125459,-0.991480911259739
LOC111137217,-0.0842104236675925
LOC111106736,-0.231453309509244
LOC111126374,-1.16377913444017
LOC111123081,1.53619252128358
LOC111115907,1.67247833616263
LOC111136736,0.590844735951231
LOC111128665,4.35360173073084
LOC111111821,0.290108968331399
LOC111102433,-2.21728448231936
LOC111116130,1.70783579997073
LOC111138398,0.93025348755975
LOC111108253,0.127167258956985
LOC111100176,0.269000791203722
LOC111106040,0.308390495201843
LOC111122617,-0.116807373114915
LOC111101319,-0.314232683147723
LOC111113349,-0.125361221489226
LOC111126102,3.41706324619532
LOC111121126,3.47701992800502
LOC111123787,-0.736044035058969
LOC111135787,0.0351720470720154
LOC111112700,0.404621701824734
LOC111106751,0.196702240721137
LOC111105824,2.60600203781647
LOC111135081,-0.685043465251147
LOC111123556,-0.0782394724599397
LOC111131489,-6.00478735850939
LOC111100627,-0.0642355199460194
LOC111136169,1.45611362316426
LOC111138413,-1.14882369711359
LOC111115486,2.06994194672316
LOC111118762,0.420689827175589
LOC111129121,-1.2678910951461
LOC111101203,0.177779552720412
LOC111102117,-0.57557271939179
LOC111136395,-0.730692760382098
LOC111123590,-0.752082512474154
LOC111125613,-0.911656899022828
LOC111122047,-0.0720012035611743
LOC111103780,3.90918304818807
LOC111103453,-0.0543674792825377
LOC111136786,-2.24124867805439
LOC111122063,0.193755239075409
LOC111130424,0.51861753433492
LOC111109250,0.509376876704774
LOC111128891,0.899438032980307
LOC111105725,0.524091671716788
LOC111100012,0.47775801816456
LOC111109570,1.7559258947737
LOC111101491,-0.607478196188689
LOC111136386,-0.509181003444076
LOC111135805,-0.876195065692983
LOC111135014,0.135729982057197
LOC111104554,-1.40963705247022
LOC111114822,0.904583253670261
LOC111134633,-3.72274382903058
LOC111129519,-0.0185660881987371
LOC111100719,0.17467341287479
LOC111100650,-1.9454524778221
LOC111137111,0.476087046830645
LOC111137112,2.43673857501527
LOC111133374,-0.0286847056594395
LOC111122971,-0.482238797535718
LOC111105081,-0.277010658458931
LOC111113140,-0.284416555426928
LOC111125975,-1.28642199068888
LOC111122347,-0.113887718472871
LOC111111547,-0.128699113304321
LOC111102846,-0.758090087068957
LOC111101624,-0.153666161702356
LOC111112726,-2.7086408088897
LOC111101514,-0.337558315932224
LOC111133277,-1.54154460389643
LOC111110604,4.3559761534202
LOC111127807,0.28927718962559
LOC111123280,1.17813389865214
LOC111137038,-0.120762518572801
LOC111100268,-0.687803747975745
LOC111123648,1.10834702735307
LOC111123806,1.34999698002519
LOC111104475,0.223472392104764
LOC111111610,-0.135942435558677
LOC111113325,-0.426791675413693
LOC111137423,3.60175879434221
LOC111116070,0.00632052395733721
LOC111107276,1.24025491808766
LOC111129824,0.351840093465191
LOC111112510,-0.0360095540080711
LOC111102446,0.802571679507317
LOC111127238,-1.30310066968375
LOC111100085,-2.5641303435288
LOC111117659,-0.12733897169912
LOC111105750,-1.3951746755009
LOC111106678,0.0181690775378652
LOC111105803,-0.29013626090488
LOC111111250,-0.429618192971342
LOC111105861,-0.233854275962012
LOC111138278,1.65529383178175
LOC111129230,-0.285942832706121
LOC111111678,-0.376142451654986
LOC111114423,-1.16650550158193
LOC111138468,-2.69033866493712
LOC111131871,4.90789143428202
LOC111104674,1.15080378693683
LOC111117315,-0.0245430626780145
LOC111103055,0.291096745751896
LOC111135466,0.245970075852128
LOC111119777,-0.408528913167596
LOC111120616,0.642691441394825
LOC111108112,0.155627616746504
LOC111108633,-0.0913689156715858
LOC111114734,2.52986179878768
LOC111114599,-1.55255857124934
LOC111133192,-0.843500217478906
LOC111117074,-0.113718671649606
LOC111104850,1.61396646324003
LOC111126282,-1.46805014293801
LOC111109805,0.360834151215033
LOC111125239,1.8788515107575
LOC111112790,-0.034402524031604
LOC111118655,-0.498367325600923
LOC111124277,0.128763347602641
LOC111135638,0.382098377228515
LOC111121967,-1.13952018711314
LOC111114770,0.327808095990614
LOC111116194,0.186973014460725
LOC111137431,-2.86633303435338
LOC111136446,0.0661297069955796
LOC111101567,0.225407784994743
LOC111119280,-0.0141765667854907
LOC111126173,-0.40975001443269
LOC111099222,1.22124214970169
LOC111114885,-1.38235007444295
LOC111115373,0.347826415277767
LOC111119105,-0.415504977263992
LOC111135677,-0.501015855846973
LOC111119331,0.485413891092154
LOC111103847,-0.363682819826741
LOC111132332,1.09403170878842
LOC111107299,0.713171004396418
LOC111106043,-0.241066265173252
LOC111117254,-0.0204867647071215
LOC111113238,0.543188836583821
LOC111118150,2.84637020771776
LOC111110093,-2.66072301745228
LOC111125033,0.210539331799185
LOC111109883,0.348672040391282
LOC111127741,-0.493501517130376
LOC111100752,-1.7171122989095
LOC111104308,-0.0838358542822963
LOC111108896,0.119848553733096
LOC111136903,-0.189037810658713
LOC111107321,-0.174968829362995
LOC111132446,-0.502096361299578
LOC111123410,0.63265676784911
LOC111112130,0.580689948501381
LOC111101006,-1.25111581615888
LOC111137880,0.480143846751825
LOC111127617,-2.74834741870883
LOC111126792,9.02117723298644
LOC111123631,-1.0943766193799
LOC111125361,-0.213980666036072
LOC111099859,0.545082330805788
LOC111107370,0.29327815932321
LOC111133583,0.718252168055763
LOC111135547,-0.0585306449907596
LOC111112351,0.550930047329061
LOC111116689,-0.493045068741565
LOC111130754,0.624160449549395
LOC111114932,-1.47320560814318
LOC111125793,-0.161851255580877
LOC111111006,0.9886615180698
LOC111125059,-4.37520670529892
LOC111099088,0.0279858982333876
LOC111136544,1.14547947428902
LOC111105692,0.40681406488064
LOC111107629,1.26812130587816
LOC111136147,-2.35885441996766
LOC111130217,-1.02213875694038
LOC111111627,-1.68360990629697
LOC111129115,0.821932612106253
LOC111128394,1.09702562276863
LOC111100808,1.40667782213056
LOC111136633,-1.30667867264012
LOC111102796,-0.589668695472939
LOC111100549,-1.16336075763044
LOC111101060,2.79075692561708
LOC111118456,0.0522483086862374
LOC111131791,0.565888403456453
LOC111103025,2.6578730501972
LOC111129255,-1.2623158155259
LOC111114935,-0.580887287801254
LOC111132180,1.93971909363668
LOC111136582,-2.07664631783139
LOC111105623,0.0990890878031966
LOC111116016,0.227972551968837
LOC111109460,-0.230246310640904
LOC111114492,-0.0050452742579179
LOC111127266,-0.513800149892895
LOC111121784,0.128221129671191
LOC111100056,-0.179906334711684
LOC111102721,0.240523116158572
LOC111127595,-0.237363176729098
LOC111116309,0.920298506504925
LOC111116333,0.167844636061296
LOC111122641,0.302622865742187
LOC111114620,0.466514407865058
LOC111137249,0.217971148217
LOC111117855,-0.14982101960243
LOC111129465,-4.35077937530741
LOC111137463,0.502635902918429
LOC111112917,-0.126108279076811
LOC111112916,-0.908343102628121
LOC111113086,-1.52867422615983
LOC111124991,-0.306624740597648
LOC111101481,-0.641668312966981
LOC111134718,-0.0621964700374583
LOC111111225,3.37477677776317
LOC111136726,6.51456511386595
LOC111129762,-0.707902728815125
LOC111138239,-0.318840491599786
LOC111105838,0.12144083100278
LOC111116408,-0.0608855275759833
LOC111125699,-0.39326526451344
LOC111128347,0.0485184150753837
LOC111120696,-0.200928507594427
LOC111104024,0.502866239690063
LOC111122424,-0.686622816934434
LOC111120093,1.77346584126243
LOC111121212,-1.14153092227008
LOC111122403,1.92304348908639
LOC111135758,0.119470315590432
LOC111136206,-1.2886424241214
LOC111122701,-0.494423376924609
LOC111111843,-1.36462328927966
LOC111122621,-0.251933764677781
LOC111131220,3.10852179624005
LOC111127031,-0.366077725818325
LOC111100501,-0.0882273155255816
LOC111137554,0.759929404681052
LOC111113386,0.0569435411205602
LOC111138433,-0.717767171683212
LOC111100932,0.412361558991682
LOC111112579,-0.0352283093300579
LOC111100180,0.445661369806187
LOC111110655,-0.427085820115865
LOC111136218,0.326276009267156
LOC111129333,-0.0600178030063638
LOC111104759,1.77513163809092
LOC111100462,-0.0276684705349257
LOC111119890,-1.23036408387376
LOC111108162,0.353232074371649
LOC111109565,0.322685652303623
LOC111121885,-0.393094608177404
LOC111109908,0.875095091000407
LOC111108245,-0.00222440392302833
LOC111105276,0.331920464727572
LOC111110820,0.141421683342095
LOC111117688,0.581752608877518
LOC111131815,0.108925168073205
LOC111126065,0.701559021946771
LOC111125987,-0.50523778444015
LOC111109032,0.537242794837456
LOC111117420,3.93903690699265
LOC111138284,0.262927134926417
LOC111136179,-0.692552791822148
LOC111101939,-0.960708469825334
LOC111130983,-2.80902784559654
LOC111118922,0.415354924906369
LOC111134183,-1.23269905287834
LOC111107272,-2.96083330481269
LOC111136947,3.05366375242074
LOC111122759,0.516924970091245
LOC111133771,-0.00699691418626727
LOC111129432,0.877195516524966
LOC111111629,0.832696597317317
LOC111115697,-0.0505699706091271
LOC111127994,-0.148497621726634
LOC111125853,-0.731155114868591
LOC111107969,-0.585420526020987
LOC111107755,0.115095544157426
LOC111126231,-0.910591114719398
LOC111108672,4.70594267965584
LOC111120544,0.631184383714317
LOC111125055,-2.99663207185463
LOC111116339,0.0760050838655248
LOC111122066,-0.0898895228890252
LOC111100311,-1.12919025993319
LOC111127793,1.38646907464877
LOC111124546,-4.22518369791907
LOC111121044,0.634676730876074
LOC111135166,-0.800126028451124
LOC111117521,-0.352283133797608
LOC111125982,-1.60574146905771
LOC111099966,0.267415843870686
LOC111123742,-0.494860017004159
LOC111100739,0.91322675609943
LOC111105971,0.382381817232419
LOC111100281,0.0985889669517375
LOC111110247,0.230864875649085
LOC111130095,1.06055333525835
LOC111133561,0.163635834417061
LOC111119624,1.14055699944848
LOC111113117,-0.909942155279468
LOC111137707,0.346587809251312
LOC111109985,0.13626057889821
LOC111131279,0.78431097978821
LOC111119574,-0.514203139045508
LOC111105766,0.00517188392018478
LOC111110900,-0.133504208803296
LOC111101865,1.31967229352664
LOC111101578,-0.536963212042792
LOC111122614,0.354355991677375
LOC111114626,0.291636688814425
LOC111117828,0.0942240637897757
LOC111120900,-1.14131870431174
LOC111111628,0.208467513932723
LOC111128415,-0.0946650459410316
LOC111135831,-0.283204290138929
LOC111111038,0.107873058607939
LOC111120602,1.56171550642782
LOC111115945,-13.4562353245717
LOC111113038,0.960075294780992
LOC111118905,-0.336784476807639
LOC111131786,-3.79378352509101
LOC111115918,-0.285892257316654
LOC111130033,0.874124626115258
LOC111128432,2.33066753416411
LOC111126235,0.261585678910815
LOC111134352,-0.0262784781315448
LOC111132067,-1.16736573468111
LOC111137493,1.02064597065583
LOC111101721,0.0644097090732361
LOC111108539,-0.0749016110823922
LOC111111313,-1.37297206833967
LOC111104184,2.06033960896998
LOC111130982,0.610396232300084
LOC111117810,0.00738824878917156
LOC111137694,-0.553281604681407
LOC111122376,0.44020415077211
LOC111101975,0.283563244431196
LOC111136226,0.397062868039603
LOC111120856,3.06990895115143
LOC111137687,-0.791238592800901
LOC111127135,0.160105535842328
LOC111108132,-0.643362130756412
LOC111104778,0.910321416082367
LOC111107655,-0.0072746416030043
LOC111108669,-0.273873224352724
LOC111106386,-0.0746526187618507
LOC111115969,0.369909996030278
LOC111103532,0.357020410168971
LOC111107838,-0.293310140378927
LOC111129637,1.23077950872598
LOC111110069,0.204585399319977
LOC111118586,3.3526220218507
LOC111106844,-0.0773765321204913
LOC111111616,0.114115444568752
LOC111133170,-0.0649237963359879
LOC111138200,-0.552020651683968
LOC111117983,-0.31445829207119
LOC111113434,-0.122435672076977
LOC111106488,-0.116980335007185
LOC111124667,0.67363846081711
LOC111132854,-0.192225735404276
LOC111104093,-0.226190016159021
LOC111138334,-0.705746798502343
LOC111119649,-0.0979703983909933
LOC111120894,0.15518740140664
LOC111132942,0.38969692874511
LOC111111574,0.624410286774078
LOC111108506,-0.250861754701223
LOC111130019,-2.14789001994186
LOC111134912,-0.212179030280812
LOC111136590,0.550128593285786
LOC111099200,-3.37730192366299
LOC111115558,0.134288942522968
LOC111119488,1.97283626752349
LOC111121472,0.590202793563755
LOC111099498,-0.404133081453408
LOC111100986,0.156897801090634
LOC111115842,0.600863511123493
LOC111129494,-0.172178020274102
LOC111134530,-0.256019742771564
LOC111128256,-0.0551014172686445
LOC111124716,1.07539747180426
LOC111110476,-0.456581187267785
LOC111122358,-0.160189284247707
LOC111113171,-2.00430226056294
LOC111117338,0.00204456358998037
LOC111116143,0.760902756898173
LOC111112116,-0.296716667794939
LOC111100865,-0.642968468559577
LOC111114182,-0.273565995186892
LOC111138452,-0.0457722554214516
LOC111121791,3.47881241916037
LOC111128585,-0.0387470596987978
LOC111132160,-3.12409655728037
LOC111113700,-1.20976407806222
LOC111129857,1.91623495301923
LOC111126780,0.457304470555045
LOC111103684,-0.62917145543481
LOC111105958,-0.250641075938149
LOC111136094,-0.0341519021398166
LOC111132741,0.669727434229785
LOC111102720,0.424863087866384
LOC111135919,-2.02543986984853
LOC111133206,0.0415722333193112
LOC111134087,-1.27039281789445
LOC111099655,7.8533624303331
LOC111115367,0.443867365401727
LOC111109943,2.35915455040144
LOC111134565,0.198721963366292
LOC111119243,1.59657814101757
LOC111135307,0.0307615016216486
LOC111132952,-0.552635330790518
LOC111125384,-3.42773441560856
LOC111107907,0.412543549849033
LOC111138228,0.322859573632543
LOC111116925,-0.19958296129571
LOC111115059,0.80991764297107
LOC111125189,-1.73150656990608
LOC111109086,-1.33030374290485
LOC111138353,-0.84524209679906
LOC111108042,-0.298573212983896
LOC111130739,0.200897256769658
LOC111127532,-0.501981894467541
LOC111120189,-0.429287309842959
LOC111107155,-1.93625646642717
LOC111135508,-0.805175536612385
LOC111128167,0.0673800060352627
LOC111122582,0.0404923118164871
LOC111104406,0.144800474448397
LOC111127472,2.3380990530675
LOC111104374,0.381793668613116
LOC111118836,1.70126658528039
LOC111128997,0.0125619873471421
LOC111137766,0.362991786674939
LOC111105079,-0.797765047364303
LOC111112290,0.278591675153719
LOC111124477,1.01952745501967
LOC111127776,0.0851010302774134
LOC111116034,-0.227616074186115
LOC111130851,0.567309965977631
LOC111111794,-0.132118069313002
LOC111136756,-0.231079957412016
LOC111114884,0.614694661174737
LOC111124940,-1.10410432802182
LOC111104015,0.136011280193213
LOC111129195,0.241061563603303
LOC111112035,-0.187150455121121
LOC111101912,-0.150580997582612
LOC111137893,1.35156972198238
LOC111134243,-1.39465026326212
LOC111136001,2.45652410754676
LOC111123998,-0.0574594454041525
LOC111135510,1.57491959379978
LOC111130691,0.860303085551365
LOC111119863,-0.218989820242286
LOC111132357,-0.355609904239201
LOC111110876,-0.0384559020802453
LOC111106073,1.07294627494075
LOC111107961,0.937561053183261
LOC111118575,-0.346130067656413
LOC111129098,-0.103415439835848
LOC111135353,-0.806000226349475
LOC111119121,0.170966645401325
LOC111134056,0.0772390943450884
LOC111129016,-2.01899662344973
LOC111102005,0.113412761956706
LOC111099155,0.408528160125427
LOC111132209,-0.152408397034158
LOC111106398,-0.0469642586375298
LOC111102427,-0.948273221918906
LOC111105116,0.199173326676621
LOC111123277,-2.97552986690921
LOC111132922,0.957176785867166
LOC111137340,0.293670784230306
LOC111101360,-1.45797406205621
LOC111117380,-0.164526439719189
LOC111104768,-0.270054095026282
LOC111138268,0.112932899269428
LOC111137341,-0.0212946251853847
LOC111106924,0.109313732427075
LOC111131010,0.249669489281323
LOC111133870,1.08831143174625
LOC111138123,0.177006185764923
LOC111110597,-0.392639504226727
LOC111104930,-0.388682210801135
LOC111130410,0.531256959843456
LOC111130952,0.232778146055725
LOC111108200,0.577204428375455
LOC111123805,0.521896787696491
LOC111125240,-0.332840594338193
LOC111122659,0.974005098934242
LOC111115371,-1.89527876515947
LOC111122065,-0.224351693074802
LOC111104656,-0.6099128216661
LOC111125923,-0.170079947146566
LOC111134686,-0.16103634934773
LOC111114818,0.782237339120647
LOC111117662,0.299631373608423
LOC111127400,0.161450859274321
LOC111122728,-0.150315027163397
LOC111100453,-0.131866151999432
LOC111115891,-0.248201259676499
LOC111106487,0.0159944361209627
LOC111102479,-0.319682675964796
LOC111114409,0.37305571848086
LOC111137915,-0.709067784437772
LOC111134909,0.478938412852756
LOC111112300,1.12135674390557
LOC111120832,-0.0791728540066408
LOC111123940,0.354530261425657
LOC111123275,-0.119177819150957
LOC111124439,-0.3799981503257
LOC111131702,1.09921402596707
LOC111133888,2.60051200647223
LOC111124911,-0.262114974107056
LOC111125438,1.71085886931451
LOC111130114,1.39844100022759
LOC111125078,0.350169776653259
LOC111099447,0.269741989451149
LOC111120972,-3.84433783739403
LOC111133951,0.133683316418743
LOC111125834,-0.188081197857564
LOC111104298,0.0595437632871109
LOC111100057,-0.480541177578873
LOC111127022,-0.219085058577643
LOC111111464,-1.29429673682131
LOC111135132,-0.617506206277592
LOC111111550,0.47975386476283
LOC111121810,-0.545685155785487
LOC111130180,0.37962130759182
LOC111112441,-0.0929753963932325
LOC111115485,-0.192621972358767
LOC111103306,2.62841036936586
LOC111138508,-0.238017990251655
LOC111111266,0.179600468607844
LOC111137715,0.844071360902631
LOC111129536,-2.38373866436541
LOC111110816,-2.07049620681189
LOC111137635,0.142939162846129
LOC111135188,-3.38587568549461
LOC111102439,-0.186892588406895
LOC111131526,0.334286986416653
LOC111120755,0.259158910234502
LOC111130297,0.369864219561913
LOC111132214,-12.1269139454273
LOC111104737,-2.055719723757
LOC111114621,-0.220659861120703
LOC111123710,2.59023589311289
LOC111108146,-0.232827015962229
LOC111118507,-0.449795965046624
LOC111132910,0.687744088058148
LOC111128669,0.456663144109405
LOC111102091,-0.366555215957564
LOC111110367,-0.221949592647819
LOC111130946,0.134390944346855
LOC111114074,-0.0047651769805067
LOC111099497,0.482571140854774
LOC111125146,0.37485305788659
LOC111137781,0.420428787488735
LOC111119282,-2.2975485777555
LOC111110540,-0.393529749978796
LOC111107277,-2.84295144972871
LOC111130776,0.342124091766639
LOC111125365,-0.107403531492276
LOC111110660,-2.05232346901451
LOC111131205,0.524574740180693
LOC111103824,1.13666969060812
LOC111101028,0.329287237598359
LOC111099578,0.195966461497119
LOC111135305,-0.168988698266056
LOC111133536,-0.535313159000906
LOC111115817,-0.56534159228232
LOC111106416,0.186004490629834
LOC111122491,0.0462297507026897
LOC111133655,1.14576680981686
LOC111121654,-0.0606700904076657
LOC111111838,0.531479082453943
LOC111131451,-1.21158275491277
LOC111111267,-0.145942574860229
LOC111121373,0.498968958782701
LOC111120286,0.202581927522669
LOC111126281,-0.473234594928883
LOC111135553,-1.658688185109
LOC111101278,0.617925466566587
LOC111106855,-0.745309566072259
LOC111124955,-0.449172954340303
LOC111136603,-2.50918576829726
LOC111101040,-1.15384059370636
LOC111135974,-0.121929540220447
LOC111113813,1.65133778420386
LOC111103497,3.93388315906117
LOC111134042,1.43788922800686
LOC111108839,0.652747497966124
LOC111109116,-0.392660555771569
LOC111126804,-0.67847748800557
LOC111100345,11.7929447151956
LOC111101229,-0.368414554410641
LOC111129741,-0.128362368817148
LOC111103313,-1.44746090573834
LOC111134923,-0.234717111019477
LOC111136854,0.943072729377766
LOC111103958,-0.621058972323757
LOC111131470,0.636687837074354
LOC111126999,-0.60191058035263
LOC111136164,-0.394959071338403
LOC111137134,-0.409791409291389
LOC111114912,-0.616320243819476
LOC111123571,3.82568406198246
LOC111136645,-0.0477135917948365
LOC111129301,-1.8734953542282
LOC111125914,-0.0303904887858532
LOC111103428,0.0103232751074795
LOC111137396,0.310752137351885
LOC111102123,-0.169222193465189
LOC111134796,-0.613854294550814
LOC111113598,1.00344656366497
LOC111124780,-0.544731044796615
LOC111115058,0.34477888461518
LOC111108361,0.127361089831508
LOC111137736,1.19594925705972
LOC111099042,-0.0777130930785101
LOC111121617,0.654735714430216
LOC111122827,-0.125911746922462
LOC111104361,-0.664060438765232
LOC111114370,-0.439762522977268
LOC111118896,0.240113997878672
LOC111127917,-1.48022847046879
LOC111121751,1.08717962834105
LOC111117663,0.218678306630924
LOC111129055,0.967779052982907
LOC111136514,1.47842789873791
LOC111132187,0.134866378345777
LOC111137752,-0.593978134034385
LOC111118506,-1.84082513844473
LOC111099963,0.823731121182228
LOC111136299,-0.163149403341159
LOC111132215,-0.809448194030784
LOC111109028,-0.60026925904085
LOC111121227,-0.235406513130722
LOC111100582,2.03425513347418
LOC111130267,-0.850618621643567
LOC111131753,0.764585707226752
LOC111111721,4.54809503740302
LOC111127876,0.423228930099051
LOC111121286,0.0174580184564704
LOC111123468,2.05820983671509
LOC111123896,0.567194737018496
LOC111136443,-0.00118381473962966
LOC111108235,1.14490543450751
LOC111107279,-0.365498772205208
LOC111135170,0.220443796827792
LOC111122207,0.555629608892455
LOC111116024,-2.0732428030155
LOC111135339,0.486238251438557
LOC111137234,0.213241876667789
LOC111120821,0.820872593140837
LOC111099525,-0.0012370428858847
LOC111133221,-0.255634561607592
LOC111137140,0.125919558449777
LOC111133715,-0.625599185065327
LOC111138480,-2.37143035210143
LOC111127920,-0.490764637515427
LOC111116102,-0.0211536357042673
LOC111114702,0.32849288045545
LOC111104858,1.49156004483727
LOC111120538,0.977705868239622
LOC111137113,-4.98529483964544
LOC111127367,1.03894244368898
LOC111117991,1.53188270494353
LOC111132665,-0.588861387891867
LOC111099888,-0.236330555196831
LOC111119537,-3.00856370266251
LOC111130937,-0.137224712070595
LOC111133772,0.714295877520768
LOC111136047,0.135759538541937
LOC111134856,0.8328607974214
LOC111125852,-0.21320989134486
LOC111107403,1.95415110943584
LOC111134331,-0.443850672778116
LOC111115006,0.593930266171701
LOC111099083,-0.824860453941273
LOC111106858,-0.278631490525593
LOC111117060,-1.1078407959309
LOC111134452,0.0489983457197721
LOC111125478,-0.329857759530963
LOC111109482,-0.0145876055769546
LOC111125327,-1.19547352377307
LOC111134788,1.20758060572969
LOC111129011,0.0763272538381081
LOC111133467,0.557015650105753
LOC111130223,-1.81924746874616
LOC111127124,-0.489212707925614
LOC111111379,0.249482414319926
LOC111115923,1.18921454644466
LOC111108567,-0.799664098269868
LOC111100778,0.0832126922713584
LOC111117499,-1.12900767047466
LOC111127989,-4.70476561772746
LOC111101155,0.160479771733668
LOC111106357,6.2980609470642
LOC111100196,-0.99651268726126
LOC111133963,1.07021681045241
LOC111112181,-0.399500493682752
LOC111132293,-0.61933553497969
LOC111137884,-0.231956681144088
LOC111136606,-0.628732600223757
LOC111104795,0.0543290693973822
LOC111103263,0.0201076843906714
LOC111120943,0.00274793520845324
LOC111099992,2.91280436529927
LOC111099757,0.931433605896016
LOC111134029,-0.740232466771817
LOC111120640,-0.0781225148789711
LOC111127969,-1.26626398210473
LOC111111174,-0.0982967230898467
LOC111118697,0.0508469370602751
LOC111130231,0.127504674384978
LOC111105169,0.21289809936536
LOC111126193,0.111394226445109
LOC111136049,-0.395325525454659
LOC111138483,1.61448056609175
LOC111118525,0.621019878780209
LOC111132808,0.326642639707077
LOC111130018,-7.19051980679316
LOC111104031,-0.225711873697418
LOC111104614,-0.41913169121734
LOC111108387,-3.58258593076614
LOC111117610,9.40735332582865
LOC111114520,-0.530698584031734
LOC111115911,0.397845580486188
LOC111121009,0.351249602607672
LOC111100269,-0.614276632330151
LOC111137972,0.250322821447071
LOC111099989,-0.0545643725900738
LOC111119328,-0.881330904722859
LOC111131057,-2.35037461595944
LOC111118860,2.2108245780418
LOC111136418,-0.311878589980535
LOC111104442,1.87988714395805
LOC111125599,0.439456083055079
LOC111130355,-0.0995810918628974
LOC111113189,-0.37263512610988
LOC111119512,3.23992878079588
LOC111124038,1.50201515358393
LOC111126610,0.638978992255045
LOC111122105,3.73416317943985
LOC111129855,1.19727146203791
LOC111136659,0.315066554273955
LOC111101965,-0.572187420877039
LOC111135633,-2.73138483522587
LOC111106439,1.34758975924029
LOC111119628,1.26596055744737
LOC111118347,6.27254565963565
LOC111102239,2.66337445964695
LOC111128944,-0.954422557027505
LOC111120574,0.948724195219245
LOC111112198,-0.77198003946229
LOC111128385,1.53543639703525
LOC111126587,-2.06138646325888
LOC111114057,1.69794794545875
LOC111100425,-0.595132639693284
LOC111131150,0.00158771144524558
LOC111121448,0.041131788620257
LOC111113339,-0.361819820572246
LOC111130331,-0.398290340253896
LOC111104104,0.278829086273909
LOC111118466,-0.540168319346024
LOC111111264,-0.172255803937292
LOC111134751,-3.15736858621271
LOC111106606,1.00215780925007
LOC111115397,-0.30251875191519
LOC111130904,-0.261865687646707
LOC111125213,0.716785739963603
LOC111134577,1.06458030385689
LOC111136746,0.130489215292394
LOC111104249,0.739482290790252
LOC111118566,0.289159180464862
LOC111130213,1.08829170635785
LOC111137579,-0.345117452683365
LOC111136587,1.84967368337703
LOC111111365,0.203462569722799
LOC111109715,0.0687447344554869
LOC111133815,0.131081199243911
LOC111109059,-0.0206095944334345
LOC111126432,-0.131446212022315
LOC111104679,-0.488282583701914
LOC111134317,2.39588208770652
LOC111103607,0.390722399390743
LOC111119964,-0.212712097683467
LOC111128015,0.368871838138318
LOC111113328,-0.0374916529928401
gene20306,-0.334360586829433
LOC111137955,-7.95757833568391
LOC111129706,-3.25212730577909
LOC111103084,0.182878550068599
LOC111129497,-2.57254936306705
LOC111108783,0.957353848298947
LOC111101598,-2.04330612464127
LOC111133904,-1.0522589101931
LOC111116380,0.245640862547178
LOC111126330,-0.309103451356267
LOC111137637,0.00832462717657532
LOC111104547,4.29231688002362
LOC111122903,-6.30771278456328
LOC111118605,0.841086154626859
LOC111099623,2.51152794676071
LOC111131713,0.233634981041842
LOC111127095,-0.296555082494114
LOC111121648,-0.460348685817658
LOC111134934,0.586879332350636
LOC111113897,0.199821413146032
LOC111131614,0.0769293855330765
LOC111103328,-0.0926028031968838
LOC111108221,0.0909521996811617
LOC111103788,-0.628939290405084
LOC111130056,-0.635270156467381
LOC111121067,-0.229992233075277
LOC111136134,0.549137219795215
LOC111102728,0.195902929249235
LOC111136755,-0.607301487230036
LOC111113650,0.127719277496725
LOC111129389,0.306721685368839
LOC111116629,-0.866641876781494
LOC111101217,-2.25682476942551
LOC111103867,-0.516241483011041
LOC111125081,1.28753360357528
LOC111113294,0.774757713091114
LOC111105454,-0.886145715805337
LOC111102828,-0.941954169595722
LOC111128599,-2.58026592798272
LOC111109990,0.374012017018051
LOC111134947,-0.599388759213226
LOC111111324,0.328543513978619
LOC111121901,-1.48384208349879
LOC111110542,-0.220898921538835
LOC111118111,1.57995067430368
LOC111118862,0.211041430168505
LOC111126128,-0.78599744172109
LOC111135808,1.40541608673887
LOC111104878,-1.28051107272766
LOC111120884,-0.107358847658444
LOC111106067,-0.266745129851955
LOC111124184,0.0285242098611048
LOC111136020,-3.29695407493279
LOC111132974,0.0491270742678926
LOC111131194,-0.512922210844518
LOC111102545,-0.0864410263589976
LOC111119461,-1.21924648678311
LOC111104139,-0.240408913352729
LOC111125956,0.0192391248646085
LOC111105302,-0.466878288691313
LOC111112551,-0.0805120844389352
LOC111136486,-0.00237100035484835
LOC111100402,0.69731189575238
LOC111122307,-0.139708173944892
LOC111117139,0.0790005587629662
LOC111107933,-2.974152409617
LOC111121395,-2.05486346721347
LOC111117515,-0.574262401300045
LOC111118773,1.46658198583135
LOC111116092,-1.40011147166226
LOC111128947,0.79487906195772
LOC111108026,-4.76699471048023
LOC111136141,-1.2373112703398
LOC111115164,-4.83476668637732
LOC111113449,0.128402961791169
LOC111107586,-0.045514412003142
LOC111131720,0.506772492272212
LOC111125184,0.116998473615423
LOC111099668,0.153248737540946
LOC111106194,0.629055793674526
LOC111122684,-0.0242287920470984
LOC111100118,0.420430941438315
LOC111126766,0.839432536488479
LOC111136415,0.196787701326005
LOC111100201,-3.33658874960247
LOC111135190,0.103732145705384
LOC111112044,0.902472345697829
LOC111125383,-1.36017699296351
LOC111103188,0.436556648764377
LOC111134544,-0.297455666340989
LOC111111430,0.204350985712794
LOC111119470,-0.345709775620606
LOC111099651,-1.22126646760345
LOC111105365,4.39110271457117
LOC111122363,-0.327388047869164
LOC111102361,2.46243571892064
LOC111135308,0.831197054450589
LOC111124247,-0.458685814067329
LOC111137303,-0.994529231662928
LOC111132078,-0.732446692427845
LOC111118473,-0.489865683204227
LOC111137164,0.0789593547294302
LOC111136622,0.956656898922529
LOC111125396,0.0271334485492201
LOC111111125,-0.360439250031559
LOC111120873,0.378665377063377
LOC111132409,2.79163519906364
LOC111132880,1.22768628615803
LOC111121413,0.715492323384677
LOC111106873,-0.0900535425261512
LOC111123359,-0.120798647353231
LOC111133982,-0.954010664028339
LOC111130847,-0.333242852650363
LOC111129443,-0.231508001071885
LOC111109513,-1.30544620393313
LOC111133530,0.0469077425014841
LOC111127926,-0.15341901727953
LOC111136627,0.459028471304318
LOC111131558,-0.257090562185799
LOC111118000,0.0774990866063278
LOC111108478,-0.843620938833797
LOC111118989,0.257269383370265
LOC111105675,0.177084354334439
LOC111100669,0.731389062485253
LOC111106473,1.12869723754256
LOC111126971,1.52566745133457
LOC111116090,-0.32962850824689
LOC111120610,0.188115494498369
LOC111134008,0.599641347132714
LOC111122119,-2.38730698014005
LOC111127171,0.264057116526821
LOC111130824,-0.0949317263418719
LOC111127381,0.197632841688396
LOC111116769,0.66107389156261
LOC111101618,-0.0022650846553281
LOC111114108,-0.0252639904631864
LOC111123762,0.85615396882424
LOC111138065,-0.554528655018972
LOC111110862,0.162754397894217
LOC111114689,-0.706043883369053
LOC111114936,0.222782844945708
LOC111122875,-0.0260496726546775
LOC111126271,4.3789067883273
LOC111136235,0.611919559775967
LOC111107718,0.263808000047344
LOC111134537,-1.01362525543482
LOC111121439,1.17251603461207
LOC111115430,-0.3253008558979
LOC111126081,-2.45880057206743
LOC111112395,-0.510259158334404
LOC111109984,-0.879821038248448
LOC111128803,-0.495823183463986
LOC111100273,-0.843100815743201
LOC111138434,-0.13599770851337
LOC111103123,0.103126561953857
LOC111136660,-0.566943621836693
LOC111125070,0.478054094309056
LOC111118622,0.628928951645796
LOC111125910,-0.946783352094127
LOC111115089,-0.00183412389705288
LOC111124129,-2.98791655361925
LOC111103157,0.017313310124619
LOC111107297,-0.465694162519299
LOC111116214,-1.73388730912127
LOC111108476,-0.735343345632701
LOC111115746,-0.486142470498095
LOC111119528,2.88126727698644
LOC111112643,1.82202752946576
LOC111126745,1.39014420455326
LOC111102293,0.0354541773084446
LOC111104070,0.228528985475714
LOC111126165,0.273985450947712
LOC111122064,-0.651635485133224
LOC111118588,-1.80271318771144
LOC111109763,-0.302647517713295
LOC111103349,-0.629631832373616
LOC111107526,0.201712118031952
LOC111110126,-0.0714498938917497
LOC111119559,-0.713241165249908
LOC111126565,-1.39615429270057
LOC111127402,2.63958908182927
LOC111125967,-1.06188887657391
LOC111101033,0.374253843963148
LOC111138080,-0.0663754334590165
LOC111114706,-1.84575998511845
LOC111120268,0.313561601548769
LOC111111935,0.801871843777773
LOC111124011,-7.83020653942941
LOC111130990,0.127870382646162
LOC111115501,0.704567310234439
LOC111100279,0.168441108343409
LOC111103805,-1.23664850470576
LOC111134884,2.20413532002047
LOC111130547,0.923995426891717
LOC111130135,-6.10582897662247
LOC111134797,0.397593592321464
LOC111133990,0.426425017289393
LOC111123244,0.988844759556081
LOC111126523,-1.45412184811559
LOC111120067,-2.37790244879851
LOC111125524,-0.0723451306939568
LOC111109300,0.4462443208811
LOC111116778,0.153220474308431
LOC111133062,-0.796057509006633
LOC111122052,1.61208575501261
LOC111129884,0.401035492010899
LOC111101010,-0.0528149442771736
LOC111131339,-0.152133332996969
LOC111111630,-0.344521889928299
LOC111117512,0.357843480095566
LOC111119267,-1.41038606022155
LOC111134329,0.641319423302454
LOC111110040,-0.0931158967608914
LOC111129592,0.507623501597279
LOC111111697,-2.8407834186851
LOC111099633,0.614496506948643
LOC111103658,-10.2445145351551
LOC111130156,0.157257083410043
LOC111124318,-1.01819342463302
LOC111101854,0.441082212413389
LOC111128102,-0.732799445714249
LOC111121924,0.191125237226938
LOC111128271,2.41439089582419
LOC111120142,-0.394995961446147
LOC111106630,5.00901436719355
LOC111102869,-0.0907750823258799
LOC111113860,0.191103134146319
LOC111104042,-0.16076026024008
LOC111107734,0.0611261040392016
LOC111108100,-0.358367181742334
LOC111110317,-0.185353334016671
LOC111107251,-0.0296351394300381
LOC111104652,-0.70089406856371
LOC111130242,-0.144436298091626
LOC111113133,-2.59995821255596
LOC111129251,1.38832292068861
LOC111127296,-0.60467726253402
LOC111118847,-0.0546095555035943
LOC111123888,0.243014656253601
LOC111137266,-1.75021962531436
LOC111135475,-2.20860208424634
LOC111131371,-0.495670485500977
LOC111128259,-0.131517402784026
LOC111136437,0.598197006621367
LOC111106352,0.0181493795183581
LOC111119038,-0.4922053820167
LOC111106371,-0.17105718134359
LOC111113310,-0.0543176292916489
LOC111104299,0.421742803376066
LOC111108556,0.321935881848689
LOC111138126,-1.44554807895263
LOC111137535,0.426547931163682
LOC111122176,0.231412401135771
LOC111103829,0.681807731520469
LOC111117535,0.0342368607695125
LOC111132132,0.26756940526995
LOC111108774,-0.761381224963352
LOC111104529,-0.589375942940212
LOC111116037,-0.533645994116591
LOC111111708,-1.23111167207985
LOC111126763,-0.2104610855427
LOC111121712,-0.097136822667896
LOC111134186,0.0359909721095777
LOC111128525,-2.63676074078362
LOC111130579,-0.792130154976264
LOC111099420,0.0252366107000622
LOC111106328,0.273073372857388
LOC111134931,1.18583572319058
LOC111123739,-0.515178154802109
LOC111131448,0.116294424106959
LOC111115130,0.0489510103225892
LOC111115389,0.34406766020216
LOC111131483,0.595812728011214
LOC111131744,-0.675156858285887
LOC111126847,-1.22011102424877
LOC111130111,1.09658159032826
LOC111120468,0.432692472057866
LOC111136702,-0.0361480321410383
LOC111103744,-0.545173285497837
LOC111127067,-0.927175407823576
LOC111116898,1.0032493122813
LOC111132502,2.43289845223209
LOC111111645,1.10051716892536
LOC111112041,-0.802036074059751
LOC111121477,0.17634697871122
LOC111116094,1.35274978636384
LOC111126396,-0.3793759131845
LOC111124288,0.552559759780008
LOC111126123,0.353406641646012
LOC111133780,-1.38497352346964
LOC111100482,1.79890274406339
LOC111100886,0.332678043312614
LOC111112878,1.21133159300232
LOC111109165,0.0183537681691105
LOC111133182,0.0490069623831227
LOC111131677,-1.545081938994
LOC111102041,-0.198368983900794
LOC111101204,0.325290198292715
LOC111125988,-13.3330211579483
LOC111125570,-0.293203033860161
LOC111114813,-0.884077038780142
LOC111109567,1.47932341612192
LOC111122544,0.150942598102528
LOC111114159,0.654366060805526
LOC111128107,0.65388022898028
LOC111120033,-2.84743262921157
LOC111120611,0.0711647543593251
LOC111127281,0.199624057199671
LOC111134715,-2.57860052453226
LOC111120953,-4.59659346747095
LOC111128296,-0.335080386192255
LOC111136448,-0.00556287950544838
LOC111133826,0.870219267163386
LOC111123761,-0.49273005467365
LOC111117253,0.325387501985372
LOC111119009,-1.62826763919171
LOC111110686,0.734339359283125
LOC111106449,-0.269847429192305
LOC111121407,-2.0535902483576
LOC111118685,-0.279056795656366
LOC111107261,1.00159812897035
LOC111113205,-0.0627452212150912
LOC111118141,0.14604500535057
LOC111103260,-0.135193652942973
LOC111104323,0.888642160126455
LOC111123418,-2.48941759479175
LOC111101890,1.14525723104967
LOC111137710,0.544232256996499
LOC111106500,-0.0964090553285829
LOC111130957,0.124805348215024
LOC111117546,-0.0372917507054582
LOC111125454,-1.03124162437885
LOC111129228,1.15793862880845
LOC111109163,0.507691441627646
LOC111122985,1.22599430903047
LOC111135231,0.355560867888587
LOC111125673,0.720290929567869
LOC111119083,-2.35928711529002
LOC111111865,1.21667238430056
LOC111108443,0.279515621527219
LOC111107703,-0.363433562442673
LOC111120966,0.0346947345264155
LOC111137154,0.414887850587903
LOC111127009,2.07608347099596
LOC111100674,1.18547054414044
LOC111123846,-0.144758436391049
LOC111133801,0.28906911242945
LOC111128145,0.172732451126125
LOC111137167,2.67133749309016
LOC111110378,-0.59755259283464
LOC111103563,-0.813243230744628
LOC111111587,-0.062553877734893
LOC111112040,-0.0995281268548488
LOC111116994,-0.236128344130592
LOC111101267,0.744247564153487
LOC111137110,-2.42712830921039
LOC111126441,0.0488598540352859
LOC111135306,0.435555025081219
LOC111100805,0.246044280643647
LOC111117713,0.17213254155683
LOC111118510,-0.78013496584372
LOC111125025,0.29280436817809
LOC111137365,-0.0907961047559836
LOC111134499,5.97557966580766
LOC111132627,-2.54611328509913
LOC111137119,-0.34234057035358
LOC111128263,0.18184308651492
LOC111133884,-0.11300896390131
LOC111115167,-1.72013558628463
LOC111125317,0.16508225828074
LOC111113901,-2.36734488567078
LOC111123130,0.0149664780451542
LOC111136682,1.38927184277127
LOC111137071,0.82239198187173
LOC111101609,0.27563323933217
LOC111101996,0.10958061883866
LOC111101607,-0.0328891815907481
LOC111128282,0.305040196624664
LOC111116267,0.785244885914983
LOC111137722,0.095855984125816
LOC111104041,-0.238642557472006
LOC111114499,-0.0903185572318051
LOC111100794,-2.24590431227016
LOC111105082,-0.482804495490159
LOC111116042,2.46936578235029
LOC111110818,1.20309532233118
LOC111118663,0.221361633381625
LOC111113956,1.06403427284099
LOC111133564,0.197778964713846
LOC111109843,0.148163947383414
LOC111101413,-0.399546081700884
LOC111137507,0.656533357519139
LOC111100078,-4.78511896656211
LOC111129056,0.0609567269108859
LOC111137043,0.175640101683184
LOC111115462,0.971625487659255
LOC111136520,-0.753256404069652
LOC111109725,-1.14503802154542
LOC111133744,-0.260320161774382
LOC111117067,-0.0470283057257122
LOC111132767,2.74676977891517
LOC111124207,-1.47716130779454
LOC111118521,1.02903822616317
LOC111118102,0.335185380506621
LOC111127993,3.61110678799195
LOC111108170,0.0118005778867446
LOC111135901,-9.40587635634468
LOC111137826,0.164051148868126
LOC111126051,0.0389897195156436
LOC111116448,0.734905517736674
LOC111136577,-3.70303916698576
LOC111119247,-0.00760924463350307
LOC111128712,2.34388672296835
LOC111113127,-0.134147318104918
LOC111131664,1.39062955904596
LOC111125661,0.241689705183729
LOC111135224,-0.231845651066103
LOC111125408,0.377146806219164
LOC111113818,-0.408093706383111
LOC111100782,-0.125123933458378
LOC111119161,-0.499885269636219
LOC111129257,-2.68678069549237
LOC111135242,-1.48931604052903
LOC111135448,4.53207920437875
LOC111099627,0.394893738688862
LOC111121623,0.55314048088735
LOC111134244,-1.16303401429344
LOC111128024,0.0016559860039944
LOC111136018,-0.596643698259502
LOC111128161,-0.0899388955312578
LOC111114795,-0.468356540570813
LOC111115365,-0.0142407988003108
LOC111129034,-0.722976149831404
LOC111128908,-0.333169404889179
LOC111126632,-0.219227898160174
LOC111120674,5.29381179494187
LOC111108581,0.639323152281283
LOC111107270,0.406015654705586
LOC111125034,-0.286530462646269
LOC111120380,-2.540785607588
LOC111135894,0.23777329441078
LOC111105376,0.538030312629297
LOC111130133,1.66313200368275
LOC111126375,0.483574645579
LOC111118750,0.487004913279235
LOC111128483,-0.561532916954959
LOC111121913,0.931607202421784
LOC111136605,0.885025034078964
LOC111101088,0.995245544229969
LOC111117776,-0.028919879069536
LOC111129114,1.00901105891169
LOC111121397,-1.93214072309601
LOC111126135,0.480941322334268
LOC111120734,0.280000287448939
LOC111125873,0.692712815354646
LOC111134679,-1.08417431253998
LOC111124349,0.0229077023644173
LOC111136411,-0.602102237741832
LOC111128674,-0.678212584667057
LOC111122198,-1.2746165768482
LOC111135147,-0.135197983821154
LOC111133141,0.898904042733291
LOC111110370,-2.21955366960776
LOC111136937,0.322409286158779
LOC111135869,-0.0491165523292401
LOC111130383,1.69554431446138
LOC111133200,-0.0540353602215674
LOC111105682,1.41579795460103
LOC111112416,2.68672357972566
LOC111104492,-0.267146107433611
LOC111134833,-0.616667651695828
LOC111125278,-0.446723739603286
LOC111115341,-0.148660353590512
LOC111107318,2.13153007584016
LOC111127708,0.530117422014835
LOC111120058,-0.545907479426156
LOC111132182,0.0258952492825856
LOC111120916,-1.12213615709007
LOC111116296,-0.299119248688786
LOC111112014,-0.235681294625641
LOC111100016,0.549174045114857
LOC111133685,0.13423567526627
LOC111117293,-0.389806940297224
LOC111104704,0.754550158833621
LOC111112704,-0.188617490009901
LOC111113340,2.01057457710959
LOC111107856,0.167955752570345
LOC111120492,1.15350735901339
LOC111099125,0.0131219897445496
LOC111112746,0.410059827608678
LOC111105733,-0.742355898840417
LOC111125060,1.50879001641335
LOC111133791,-0.503120940229793
LOC111102428,-2.51918914772346
LOC111111306,3.8112662893908
LOC111136784,0.83798964068462
LOC111125455,0.535455224509127
LOC111110849,-9.13054154686368
LOC111111567,1.26596695982504
LOC111129431,-0.78067826320397
LOC111135369,-0.696795997379903
LOC111136050,-1.95843861452107
LOC111101417,0.430513673534949
LOC111110741,0.436133970160815
LOC111110474,0.439742387639205
LOC111099732,0.465303085871766
LOC111137245,0.121591157167682
LOC111104218,-0.411814053857084
LOC111110459,-1.35353983815039
LOC111108313,2.02978935191634
LOC111132479,-0.543553944585103
LOC111123967,-0.422739777599731
LOC111129489,-1.49881151874722
LOC111125391,-0.17903554637691
LOC111127234,-7.39770860005777
LOC111130404,0.245664431866837
LOC111134050,1.30387908990503
LOC111135568,0.13229721485273
LOC111126094,-0.103933439240906
LOC111123055,-0.167525941452669
LOC111132082,0.394051884516572
LOC111135898,1.17923428738634
LOC111134567,-0.0758640927139291
LOC111115288,-0.635879601968631
LOC111126595,-0.5488361837297
LOC111122328,0.0278125059146329
LOC111114183,-0.879679796401072
LOC111112646,7.03475166982457
LOC111109794,0.228961410772128
LOC111137375,-3.83128818897674
LOC111113061,0.334430700151617
LOC111136480,0.157603529703386
LOC111120426,0.0433822565550662
LOC111113060,-0.224344918679633
LOC111109060,0.30611598698425
LOC111119787,-0.184154648362625
LOC111124543,0.728530565103758
LOC111115795,-6.01280971360069
LOC111119302,-1.02452176692009
LOC111121543,-1.03744711785797
LOC111101391,0.13892810801052
LOC111108366,-0.171120896527982
LOC111118191,-0.215607004424808
LOC111124916,-0.491066548233492
LOC111122147,-1.27785220086059
LOC111129966,-1.0741274835144
LOC111125578,0.262140760771373
LOC111137638,-0.12839703938267
LOC111100818,0.100203054971561
LOC111110289,-1.88326826535681
LOC111126278,0.409740306919413
LOC111126950,-5.72372160755965
LOC111137906,-0.116936938388611
LOC111138192,-1.75447623225649
LOC111135933,1.55741161435996
LOC111124935,-2.27279980733581
LOC111108755,-1.05735088454364
LOC111107488,0.381807725872646
LOC111130536,0.452106129298908
LOC111114883,4.84687597671389
LOC111109837,-2.96801231152568
LOC111135676,2.30606928388336
LOC111106755,-0.227587000169327
LOC111130028,-0.887372291209699
LOC111137572,-0.319897323244043
LOC111137199,-0.274829418676201
LOC111105685,0.648654941654528
LOC111121363,-1.3869382702425
LOC111115971,-0.262201520046047
LOC111133559,0.358999767570702
LOC111137885,0.872259924762465
LOC111119852,0.208251055754551
LOC111137962,0.0602138200917826
LOC111128759,-0.0498392415372918
LOC111127881,0.486084427316063
LOC111138368,0.686411320499387
LOC111133424,-0.289859767864947
LOC111102738,-2.81779930377959
LOC111121275,-0.66398855866014
LOC111122720,1.98675666589971
LOC111100252,0.796565030311682
LOC111122581,1.61637999892521
LOC111118475,-0.338146623912069
LOC111115141,-1.28586490603889
LOC111112089,-3.00090935528018
LOC111116850,-0.188802619203496
LOC111123250,-0.00791705001852407
LOC111133353,-0.00356331583486247
LOC111101662,-0.116690787346122
LOC111100044,0.796641431918947
LOC111108678,-0.831675588132046
LOC111101475,-0.187935906933159
LOC111129797,1.09459216595655
LOC111129401,-0.697631572622008
LOC111115443,-0.292303132734011
LOC111111720,-0.320032156493274
LOC111120969,-0.279065750762011
LOC111130734,-1.3532494371589
LOC111137380,-0.862174132334252
LOC111125363,2.16029638904994
LOC111114755,-0.129141240431775
LOC111123199,0.544966423340372
LOC111113224,0.111236047175348
LOC111110607,0.389814980395588
LOC111103450,-0.6021805915081
LOC111131225,0.44364036781397
LOC111132406,-1.65403121526025
LOC111122806,3.28079757357171
LOC111123294,-0.522025973137857
LOC111136262,-1.86836301668596
LOC111100556,1.36245269718137
LOC111108966,1.43081503472895
LOC111138007,-0.24679523644877
LOC111120145,0.660399307226573
LOC111136646,-0.291315554575353
LOC111114334,-0.234521823139852
LOC111111505,-0.247195363719276
LOC111137616,-0.211804321357719
LOC111132810,-0.692460748757371
LOC111125420,-0.865493686985238
LOC111104025,0.284412300666812
LOC111110202,0.462697457988778
LOC111100149,-0.060542169220339
LOC111112219,-0.340574141051894
LOC111134339,0.244430644258047
LOC111130090,0.365601335830578
LOC111104661,-0.672280906055139
LOC111100656,0.398099799556359
LOC111130342,-0.431154359280578
LOC111111198,-0.0327526225508357
LOC111108588,-1.49414402222226
LOC111136198,0.956828521307633
LOC111126259,-0.158446978686914
LOC111103001,1.17867073039632
LOC111105421,-1.22093891772401
LOC111138288,-0.199839807618525
LOC111129526,-0.85427997311184
LOC111131779,0.18202841252854
LOC111112630,-0.448025492387371
LOC111132347,1.17270043734155
LOC111102390,0.315120095695183
LOC111124944,-7.00040991083821
LOC111128931,0.368228702673911
LOC111114908,0.833260282367203
LOC111106637,-0.309799541136019
LOC111114904,0.848089801194983
LOC111116224,-0.169942328939253
LOC111135582,0.852037656507261
LOC111122196,-0.611890226567687
LOC111129125,-3.17626194145868
LOC111099557,-0.564857753872377
LOC111126316,0.837055491331059
LOC111122095,0.702594555550824
LOC111134876,2.80701905413378
LOC111136920,1.08015573034068
LOC111116722,0.315023455167392
LOC111138011,1.44268573250545
LOC111123451,0.849297639175338
LOC111130815,-0.929669861713177
LOC111114170,-0.120681568650584
LOC111119039,0.358380391594634
LOC111111376,0.782051492812999
LOC111103792,1.00031908175576
LOC111126532,0.723993383531563
LOC111119109,1.12056879138718
LOC111119330,-0.142703288089777
LOC111127403,0.275635387904894
LOC111135154,-0.910038054639697
LOC111100282,0.26497161433015
LOC111112560,0.0769206284421119
LOC111127810,-0.260994246117611
LOC111127096,-1.27393748366698
LOC111121398,2.68534681686801
LOC111110238,1.48406883246688
LOC111124673,1.85646274900342
LOC111112046,0.663970310986998
LOC111104301,-2.09818986700533
LOC111116167,0.667914726596472
LOC111134593,0.209960178670287
LOC111127104,0.238614627208871
LOC111134386,0.155122434906483
LOC111129594,0.0319172627991159
LOC111123281,-0.11536191508547
LOC111099681,-0.992587931191838
LOC111135519,-0.0227686228844291
LOC111125501,-0.787420394468346
LOC111122593,0.373105914846223
LOC111099523,1.73965287207959
LOC111127593,-0.546410851233795
LOC111123760,0.0568284377494551
LOC111100190,-0.425449439191412
LOC111120134,-0.657458697345796
LOC111133463,-0.676186885784903
LOC111126430,0.295068158561958
LOC111123569,0.0989295166171119
LOC111115337,0.647641918531222
LOC111100704,0.0144519343878607
LOC111104966,0.100992626852869
LOC111135145,-0.747899438638986
LOC111117066,0.734297316051638
LOC111130723,2.36098405897295
LOC111129229,0.371620682256353
LOC111119630,-0.353411143400255
LOC111121577,0.117792489360735
LOC111114234,2.40113093827652
LOC111099217,0.398293182553614
LOC111122027,-1.69104227474719
LOC111126050,-1.61266172613435
LOC111101857,0.121157846511542
LOC111135139,-0.841311464244102
LOC111111546,-0.665743324229103
LOC111112858,0.0980091046964367
LOC111107414,-1.09342966545194
LOC111104664,0.242254903933591
LOC111102685,-0.975388183786873
LOC111119298,-0.388469568466722
LOC111112159,0.23415154253929
LOC111102674,1.48956986917941
LOC111125291,1.61723851487632
LOC111109714,-0.459811682782254
LOC111112401,1.45788995310393
LOC111115218,-0.11718268109186
LOC111130921,0.507616596614029
LOC111133386,1.06435278737625
LOC111099927,0.0751996691519649
LOC111129138,0.312432375950217
LOC111118975,-0.150069430395237
LOC111118263,-1.31124743586905
LOC111137527,-4.53761709918552
LOC111105536,0.226032150451357
LOC111126187,-0.685385783872546
LOC111111186,-0.481922489461909
LOC111103976,-0.400361249412782
LOC111108344,0.557629371397877
LOC111108848,-0.419083285011563
LOC111123780,0.10248425940326
LOC111130375,-0.238681741389557
LOC111121393,-2.09894957064328
LOC111131081,0.165402317402923
LOC111113954,-0.103491242260678
LOC111134009,0.995391213500715
LOC111108522,-0.913709765210687
LOC111100936,-0.624602161407429
LOC111138094,0.16660688821452
LOC111130391,0.887480235321938
LOC111125038,-0.317274658469393
LOC111121571,0.372224451363673
LOC111107748,0.28559090532862
LOC111137105,1.49861701604657
LOC111125644,0.777265812812713
LOC111108137,0.10730548203538
LOC111104628,-0.962722176576613
LOC111109761,-0.311720712377546
LOC111126577,2.03952760403801
LOC111136383,0.470564722701416
LOC111134976,1.19300195639248
LOC111114906,-3.487870014918
LOC111124158,-0.666519512937331
LOC111138145,0.244871567361022
LOC111135841,0.015401086949995
LOC111127970,0.166601764628584
LOC111100655,-0.412116414370937
LOC111121159,-2.25903685774485
LOC111103902,-0.818122530994872
LOC111103132,0.0884247607477421
LOC111119804,-0.291059697933046
LOC111114617,-0.166939968588594
LOC111104639,-0.535329041486704
LOC111126975,1.31088101146052
LOC111102801,1.0922888218276
LOC111120445,1.46515752172503
LOC111136233,4.44658068632692
LOC111129067,0.0264717059595197
LOC111099191,0.0172690417321337
LOC111131654,0.0236556691541277
LOC111103500,-0.27440821782523
LOC111126055,0.968583333880477
LOC111131399,-0.870247083059549
LOC111119989,0.252755284973068
LOC111118665,1.09854021921627
LOC111124495,-0.334040676860947
LOC111123432,-0.976135386962423
LOC111113214,-1.29490406428238
LOC111126731,0.512078326028316
LOC111134849,-0.153000938955596
LOC111121687,3.38010832339984
LOC111130131,2.33810790339019
LOC111113029,1.43307947723118
LOC111118359,0.282901614367705
LOC111130926,4.58646682917707
LOC111099461,-0.506825066339782
LOC111101791,-1.80514419503205
LOC111108438,0.343589079353389
LOC111101330,0.941736610271646
LOC111128118,0.368193283725649
LOC111111816,-0.185272046377003
LOC111137538,0.27473338745055
LOC111128945,0.394683844382584
LOC111119577,-0.923519685878856
LOC111137553,0.570302612593025
LOC111119159,-0.368405821716078
LOC111100810,0.841052246262926
LOC111100218,0.260913467495473
LOC111101816,0.1126739019378
LOC111130585,-4.73344535830686
LOC111123023,-0.312885105794406
LOC111106811,-0.440996373437715
LOC111138090,-0.117054576026627
LOC111106781,0.315572683213075
LOC111120266,-2.20358579917806
LOC111118469,-0.172398926133222
LOC111131180,0.568969717012446
LOC111120065,-1.90348606822777
LOC111123127,-1.97193743766791
LOC111106234,-0.0124728192284593
LOC111130178,-0.742957965534248
LOC111138147,0.644220325034833
LOC111134782,0.333519363373203
LOC111118361,1.03174927118568
LOC111122697,1.38032734002832
LOC111115816,0.96184524551589
LOC111136516,-0.0355467293862062
LOC111130401,0.341087952116902
LOC111137310,3.8787696578699
LOC111129391,0.0224399765433043
LOC111137078,-2.21024074302526
LOC111127512,-1.07342784282643
LOC111128022,-1.2563671082701
LOC111129508,0.154357462139743
LOC111133551,0.2561169890107
LOC111131645,1.21678895658766
LOC111106460,-0.105234749124194
LOC111125859,1.09250294650604
LOC111117607,-0.143861083563779
LOC111133787,1.79860188327712
LOC111118649,0.306281404410467
LOC111132712,0.445503602278329
LOC111134486,0.7211569564903
LOC111105847,-0.670192904523856
LOC111137459,0.0719947001895734
LOC111104368,1.02920113435547
LOC111128083,-0.0663912252235732
LOC111102171,1.03974413967057
LOC111106293,-0.358947406410445
LOC111134716,-1.11151706411059
LOC111124388,0.394062660183887
LOC111109775,-1.00556068988512
LOC111132130,0.0755620568391219
LOC111124284,-0.364536645789608
LOC111128027,0.187843764647659
LOC111124881,-0.204457921772332
LOC111133383,-0.0543587110878208
LOC111102380,-0.173162201117163
LOC111135593,1.23024389158809
LOC111115063,-7.4814735247801
LOC111130965,0.304625127875553
LOC111099206,-3.38291446118924
LOC111124378,1.29027552436639
LOC111109070,0.615834438341009
LOC111135430,0.874430298480008
LOC111130244,-0.132662145049964
LOC111110658,-0.855804374230048
LOC111132075,0.393478439983566
LOC111128346,-0.695324011717923
LOC111101747,0.18860396871978
LOC111116139,0.186938162086081
LOC111100607,-0.160804564422071
LOC111105396,-0.639891465438406
LOC111099605,0.636889941217856
LOC111136594,1.18934471526487
LOC111118895,-0.797804369692841
LOC111112474,-0.397473623392835
LOC111128485,0.0853906764061586
LOC111136453,-0.480242386839051
LOC111134540,0.948268733048965
LOC111109899,-0.934761310844059
LOC111129979,0.553096358061854
LOC111108426,0.226113268752645
LOC111124015,-1.75325399986117
LOC111117393,0.737198981744732
LOC111122554,0.330774702545044
LOC111112859,-0.286091928355798
LOC111113677,-0.0541495467956979
LOC111136721,-4.29014309409605
LOC111116373,-0.0539613760507593
LOC111136900,-0.00716034690236053
LOC111100974,0.312960818634048
LOC111099945,0.789802005380009
LOC111128251,0.120499729924603
LOC111128698,0.202590138905101
LOC111133703,0.849274860993385
LOC111128694,2.21512775306436
LOC111134053,-0.433025564020489
LOC111113107,-24.7532930964383
LOC111134432,-0.0451023545776511
LOC111122914,-0.635248832631891
LOC111115541,-0.377249898965541
LOC111125004,1.00879736168467
LOC111109616,-0.917352736114558
LOC111137033,0.892230301130889
LOC111120417,1.63944585171699
LOC111130007,-0.119975687584726
LOC111114360,-0.521238843625138
LOC111133986,2.17406423167458
LOC111128874,1.4306194159053
LOC111111813,1.28025446595715
LOC111132144,1.01315578871048
LOC111127815,0.134629783722962
LOC111103184,0.674462434237968
LOC111128437,-1.83619699917159
LOC111111537,0.0251645591309661
LOC111107068,-0.140812142141052
LOC111112705,0.546580967867782
LOC111107098,1.25692199132918
LOC111121455,-0.634308522699146
LOC111110879,1.53449234657912
LOC111102125,-0.274867584619613
LOC111100187,-0.480922169499131
LOC111127363,0.506867135098192
LOC111100820,1.54145187337074
LOC111116935,0.121522703654949
LOC111105170,0.949424983572438
LOC111125484,-1.31400360211841
LOC111117865,-0.73099020492634
LOC111120527,-0.283447245336598
LOC111115330,0.64786496920741
LOC111122906,-4.68760664542868
LOC111101144,0.0600433868342582
LOC111112080,-0.1820080490939
LOC111109066,1.52155776749033
LOC111132265,-0.987029348699475
LOC111119674,-0.599317802366788
LOC111119565,-0.996951891449296
LOC111126490,-0.275175441686216
LOC111130572,-1.96429643399404
LOC111137260,-1.21067758806248
LOC111120344,0.0294865829987337
LOC111101032,0.619644769961156
LOC111119406,0.481632546687761
LOC111099424,0.33054143981716
LOC111111258,0.250437227188893
LOC111117979,0.535662372581206
LOC111110519,1.16070226589086
LOC111104135,1.53046782184281
LOC111110408,0.871250809156947
LOC111120973,-0.22584502711404
LOC111137200,0.555104376876745
LOC111104099,0.684328440677971
LOC111110065,0.0781188880754874
LOC111117423,-0.391178066500909
LOC111107894,7.53825513683884
LOC111126455,-1.75544792438896
LOC111107697,2.06126588404238
LOC111125778,-2.39047694138859
LOC111132453,0.350023581025626
LOC111100938,0.263176858777832
LOC111120760,-0.333818198658041
LOC111106093,-0.971596182208623
LOC111122353,0.358424324689551
LOC111120598,0.283942396485041
LOC111120011,2.52781026512782
LOC111105763,-0.247107632574825
LOC111125380,-0.0285040271330793
LOC111114171,0.195860212307938
LOC111123548,0.0366561228914131
LOC111113905,-0.262005507112307
LOC111110161,-0.21655528415491
LOC111122609,-0.322387585402149
LOC111108568,-0.489350541045356
LOC111120102,-0.0770759243670804
LOC111133239,1.02567157296893
LOC111103736,-1.05476054201725
LOC111106015,-0.776622627915081
LOC111133521,-4.06356986289974
LOC111137388,-1.32605923808827
LOC111107313,-2.86231596558351
LOC111106632,-0.0109931749455182
LOC111129924,-0.772195985883961
LOC111108534,4.74724999104628
LOC111113132,-0.470331551823928
LOC111100665,-1.89185751811596
LOC111112487,-1.51287379985599
LOC111131129,0.0486185297863207
LOC111126090,0.365228250742598
LOC111122871,0.175580355223911
LOC111131874,-0.0381920516165088
LOC111122967,0.317242851229932
LOC111129463,0.595263065238928
LOC111121298,-0.333263325923732
LOC111116732,-1.19028478090263
LOC111107518,-2.44627542076117
LOC111101208,2.08835615429831
LOC111135723,0.587318385571078
LOC111118760,-0.0342352703034599
LOC111108364,1.64946364616624
LOC111099659,-0.563886375927375
LOC111129141,0.0461861009355251
LOC111112111,1.34869689941828
LOC111104541,-0.176199227932164
LOC111101980,-0.842772472869454
LOC111110770,0.669893447998368
LOC111121132,1.82306065254246
LOC111099211,1.30376388911886
LOC111137575,0.761047496686983
LOC111137794,-0.510381557525332
LOC111137321,0.252544730791362
LOC111137326,-0.634916834159301
LOC111123823,1.88756954038358
LOC111136528,0.793428258696077
LOC111120677,0.0566580204407707
LOC111122722,0.0195108428030338
LOC111137177,-0.243955274881018
LOC111106964,-0.0702580687693159
LOC111104315,-1.35990917835177
LOC111115497,-0.769885499095304
LOC111115887,-0.373508331665597
LOC111124373,-2.3121270256844
LOC111133280,0.130757784998301
LOC111137454,0.51734016536439
LOC111137630,-1.06902054825121
LOC111131234,0.231553904953775
LOC111135000,1.4974596944571
LOC111136092,0.12495586407102
LOC111114640,0.1234420728821
LOC111108912,1.5294039497123
LOC111136533,0.188729184425082
LOC111124104,-2.52276426085475
LOC111123779,-0.0612432785435493
LOC111134588,0.523983315270176
LOC111129951,0.0763029148297841
LOC111106427,-0.627996598388704
LOC111136087,-0.0953927336360264
LOC111136030,2.77711235015722
LOC111115662,-0.341529382670407
LOC111102463,1.8533559513856
LOC111123743,2.17196271891498
LOC111122730,0.0548650302580475
LOC111126351,0.477432035303732
LOC111105520,-0.417271398177192
LOC111125308,0.860814159625633
LOC111114700,-0.27385059344083
LOC111138129,-0.102502566560251
LOC111111732,0.19796938130835
LOC111104060,-2.27526784496033
LOC111102639,0.417007377139086
LOC111114659,0.0856199771878641
LOC111126574,0.773330461634062
LOC111100158,-3.521697509988
LOC111135790,-26.8134987187216
LOC111117750,1.29365697039871
LOC111123901,-1.34451073527516
LOC111124901,-0.14319578819112
LOC111133222,-0.846954753298962
LOC111104280,-0.698541563923763
LOC111137455,-2.82350362840811
LOC111104631,0.35911683376025
LOC111127983,1.16539292083127
LOC111126862,0.327096782301431
LOC111100379,-0.322360814142124
LOC111129660,-1.16493808778022
LOC111113120,-1.33491721297598
LOC111132908,-1.32504335300047
LOC111118601,-0.509158189484607
LOC111136983,-0.198601610535117
LOC111131552,-0.198220662266191
LOC111132656,-0.705991528550915
LOC111122251,-0.948155825916504
LOC111110123,0.103463106448607
LOC111120695,1.09997239301905
LOC111108105,-1.28846396657481
LOC111122391,-0.558031233805265
LOC111122682,-1.18606631772988
LOC111099203,-1.04211756671113
LOC111137890,0.316851111951169
LOC111108103,-0.317912127015183
LOC111119527,-1.12222477983776
LOC111114681,-3.46709009620157
LOC111123155,1.03095776393876
LOC111131818,-2.27508790320353
LOC111135836,-0.287102442912877
LOC111121738,-1.6435607651655
LOC111135414,-3.10664058031918
LOC111132303,-0.159740733764111
LOC111136918,-0.430301263570446
LOC111106423,-0.696631785060609
LOC111129282,-0.545504259238091
LOC111117538,-0.023662570967483
LOC111107788,0.929484371572342
LOC111127212,-0.916315996982465
LOC111121868,-0.127648752551434
LOC111116437,0.0798448643120425
LOC111130756,0.831054872993937
LOC111134843,0.296883379727225
LOC111137496,1.36692335884512
LOC111116709,0.184705638585699
LOC111100468,0.0679190014137627
LOC111124102,-0.201225723723323
LOC111127420,-0.144330832154194
LOC111111934,-0.173317009622871
LOC111128086,-2.10947221162088
LOC111101035,-0.0585598824473578
LOC111137706,0.683046805184699
LOC111121999,0.729030384671472
LOC111120753,-0.114598827725003
LOC111123269,-0.533681689874075
LOC111131306,-0.797123674573835
LOC111104922,0.5878931292449
LOC111117292,0.160518191713788
LOC111131374,1.34143466359702
LOC111125009,0.0416919801993738
LOC111135223,-0.479124187137535
LOC111133903,-2.61756378319723
LOC111120890,-0.0386777371903891
LOC111108587,-0.672761444375859
LOC111116005,0.0588574814261304
LOC111124829,1.92258522559008
LOC111114938,0.454576782124879
LOC111123486,-0.0988456075041683
LOC111129667,-2.58949717605994
LOC111111304,-1.3204107056887
LOC111119071,0.633881415621137
LOC111121055,0.255463821516608
LOC111111498,-0.0291775903226262
LOC111128211,-0.0762342982267304
LOC111115074,-0.336145889911981
LOC111120199,-0.168592729429332
LOC111129379,0.913563517279474
LOC111116317,-0.0654430400581652
LOC111122118,-1.0832736717264
LOC111118151,-0.238096681576677
LOC111100600,-0.0359434463883817
LOC111116844,-0.306670908202204
LOC111132419,-0.437734946821445
LOC111110565,0.526209133180343
LOC111137685,0.883784986920684
LOC111138195,1.18874431467636
LOC111134504,2.44944446666766
LOC111123818,-1.9735017937256
LOC111135842,-1.65163918735679
LOC111123911,0.668779273672104
LOC111115195,-0.169944691205649
LOC111123867,-2.81672634684707
LOC111117769,-1.8032668867624
LOC111128062,0.300798964888311
LOC111116062,-0.588486526800917
LOC111108895,-0.0679623885145905
LOC111113289,-0.421782781701061
LOC111135701,3.91744581200779
LOC111108052,-2.41036903114933
LOC111134300,2.98068465184853
LOC111100575,2.90051537006545
LOC111101056,1.27744850517003
LOC111106329,-0.355014834450422
LOC111106702,-0.280354235015675
LOC111124915,-0.0437291123134166
LOC111119277,0.373947560203192
LOC111130389,1.16026766883769
LOC111106878,-0.316260399919506
LOC111119117,0.248085080710901
LOC111102556,0.174194969504733
LOC111115260,-0.0534575437397282
LOC111138001,-3.40247999315761
LOC111132755,0.254791876800031
LOC111123953,0.0107064039046084
LOC111111499,-0.168640041783673
LOC111125369,-0.882728768699106
LOC111102993,-0.313907225238984
LOC111132885,1.03184903668165
LOC111129252,1.7999473957576
LOC111103844,1.01343372993748
LOC111133844,0.281702609687035
LOC111132208,0.0968666967334723
LOC111111130,-0.227868956997312
LOC111109412,0.588077067158195
LOC111133190,0.905090527459221
LOC111106927,-1.93133059281888
LOC111134403,0.00285335067802776
LOC111101543,0.36704475100041
LOC111119427,0.853034655665369
LOC111125584,0.418159924379644
LOC111133863,-1.16881857891576
LOC111133622,-2.45846818485808
LOC111103128,0.865296365054689
LOC111099613,0.642680909457744
LOC111117909,0.925989654493573
LOC111115052,0.550274741484757
LOC111109902,0.683309475063585
LOC111106065,0.104415220397194
LOC111120235,-0.0029470182648286
LOC111134826,-1.94153296381414
LOC111137868,1.58034513155154
LOC111119074,0.37148231531978
LOC111111832,-1.27834648758656
LOC111109993,0.751852473123074
LOC111132982,0.214720821361931
LOC111129297,-0.555697090609527
LOC111100237,0.540042929669877
LOC111119719,-0.502182061101814
LOC111112176,1.28485020096061
LOC111124754,2.16129722326713
LOC111135847,0.0305507755177773
LOC111126267,-1.50183687312036
LOC111135262,0.0350435350788033
LOC111137020,3.52984062961059
LOC111099207,-2.18898829833381
LOC111132107,0.639575966938966
LOC111133396,0.990179453569054
LOC111118097,0.351731052991643
LOC111130053,0.145694667304744
LOC111118187,-1.86371006211986
LOC111103273,0.966780233941289
LOC111132036,-0.977886109451775
LOC111108266,-1.0231283697001
LOC111112749,-2.16070651012314
LOC111134105,-3.83728828523077
LOC111130560,0.0478539825707806
LOC111124263,-0.200235732884623
LOC111102774,0.125740523093653
LOC111101008,-1.40570276965956
LOC111104057,-0.0191305759824717
LOC111118033,0.106417374007619
LOC111126994,-0.399432843858769
LOC111101554,1.04118158772546
LOC111134007,0.079287838219206
LOC111116805,-0.408985286559033
LOC111133838,5.89769520524587
LOC111100182,-0.393748624152314
LOC111136729,1.61100433352918
LOC111119741,-1.83732368100904
LOC111129245,0.926401271720401
LOC111104003,-1.02375411765821
LOC111119383,-0.225359315580598
LOC111117452,-0.151634792954195
LOC111126526,-0.148986388140061
LOC111119003,0.144873301778749
LOC111136911,-4.21070179276205
LOC111133707,-1.4228670793687
LOC111130379,-1.01093906703111
LOC111130839,0.96097726158953
LOC111116039,0.207910528846054
LOC111109475,0.148290612767409
LOC111134052,0.196007672046271
LOC111138057,-0.760617414892816
LOC111122820,0.748632106509151
LOC111113199,0.434085287096476
LOC111124117,0.311753736543523
LOC111124116,-0.600374002370393
LOC111108657,0.0597569720911214
LOC111102478,0.104375281062072
LOC111105732,-0.31327898437792
LOC111119803,-0.571752191202902
LOC111123942,-0.638437725174056
LOC111130686,-0.475916187424087
LOC111103007,-0.212724975390041
LOC111107009,1.7533456254622
LOC111113733,0.936406311960372
LOC111119642,-0.202815372122653
LOC111119643,-0.701166389191178
LOC111134815,2.30735745782142
LOC111127492,-0.277093251126488
LOC111101303,-0.650593964485618
LOC111129836,0.926393869495203
LOC111131289,-0.414743121338901
LOC111111655,-0.126262218375606
LOC111102858,-0.872652993482167
LOC111115282,-0.00169434979027732
LOC111117812,0.636712093511865
LOC111135892,-3.68487045172798
LOC111136922,0.583750192653944
LOC111133197,-0.177959930822881
LOC111136312,-0.898891346596355
LOC111119556,0.123253982087308
LOC111125922,-1.36875340220073
LOC111118210,1.08914099417851
LOC111121033,0.574172925047002
LOC111115531,-0.140213930243371
LOC111116915,-0.666776159967605
LOC111137302,-0.383552049756595
LOC111106616,-0.0270202392186251
LOC111118953,2.06218426254896
LOC111100074,0.860469254701453
LOC111113355,0.723744149750927
LOC111101121,0.795489023143212
LOC111123629,-1.55132856048865
LOC111134417,-0.958331541253567
LOC111109641,-0.924822893476351
LOC111107014,0.431202548318876
LOC111100506,0.977065229911456
LOC111117896,-0.00126004831666586
LOC111136252,-3.50089954623996
LOC111122773,-1.72801144825768
LOC111099793,0.221356707725655
LOC111105268,-0.0549851089593262
LOC111131740,-0.170362718249712
LOC111108403,0.0269691184321279
LOC111119894,-0.985912934460851
LOC111122838,0.210002580199661
LOC111136321,1.27102351553674
LOC111131266,0.706168720537664
LOC111113831,0.0232484731000461
LOC111099676,-1.33219366706458
LOC111099149,0.550452918810453
LOC111130419,-0.174760456321726
LOC111137120,-1.44423674970463
LOC111126566,0.469474985411861
LOC111100063,-0.378404667721934
LOC111130795,3.04418362668049
LOC111135404,-0.0415839599245584
LOC111122031,-0.0997722780382462
LOC111134363,-0.399021740470539
LOC111127649,-1.82572602418694
LOC111128943,-3.37841283986493
LOC111134109,-0.827141717932204
LOC111122298,0.296409939332462
LOC111135978,-0.0189724039782097
LOC111123084,-2.28454857961903
LOC111117626,-0.412271520152902
LOC111101239,0.920328557966522
LOC111137545,0.614650327278841
LOC111129983,-0.307141677157614
LOC111122335,-0.954501290985137
LOC111138387,0.687884976402369
LOC111136045,2.02802944688848
LOC111134064,14.8715994515478
LOC111111343,-0.175050286875782
LOC111099197,-0.656484023618644
LOC111130347,0.382313607040099
LOC111115123,-0.692641863109526
LOC111130295,-4.02287122271211
LOC111121307,0.936880509526949
LOC111134847,-0.552897544391103
LOC111114960,0.61389892490446
LOC111100670,-0.128121952456882
LOC111133299,0.566587783850031
LOC111105871,0.11090588766792
LOC111124190,-0.0543198083041525
LOC111108127,-2.76623297785525
LOC111118303,-0.920739498569761
LOC111120262,0.0797099271803992
LOC111125109,0.282306417780894
LOC111104088,0.677080970663985
LOC111111705,-5.76336131792691
LOC111136002,-0.451411840648784
LOC111117845,-0.217514717371447
LOC111114432,-0.651813543895336
LOC111120750,-0.995532166917629
LOC111102659,-0.248327342961465
LOC111112011,-1.63377902473024
LOC111101731,0.0885647981275651
LOC111131418,-0.66953929762916
LOC111102448,-0.257436888190361
LOC111122193,-2.3477844944278
LOC111118743,0.232945309666894
LOC111103603,-0.190433634186611
LOC111129996,-0.0361913979317246
LOC111126911,-4.43559126672234
LOC111115763,-0.0511953267450883
LOC111105280,-1.99136518929192
LOC111130190,-0.811187481595502
LOC111101489,-0.289030885220576
LOC111134060,-0.745186180489516
LOC111117928,0.882215696048209
LOC111105041,0.820515096476475
LOC111128327,-1.38176847898977
LOC111099646,-0.0369223112273299
LOC111130667,-0.378269995697427
LOC111130240,0.776969713646724
LOC111136171,1.01977022433719
LOC111135394,0.939463296551866
LOC111117616,1.19856270524704
LOC111134006,-0.734319600159495
LOC111123640,3.17622577656431
LOC111137661,0.00822300274543526
LOC111119681,0.322595568942464
LOC111130807,-0.0397146716622336
LOC111111556,0.538315370311993
LOC111135507,1.52405716532186
LOC111130497,13.7500301842261
LOC111132816,0.406462813539107
LOC111109303,0.131988974082542
LOC111129908,-1.06328021752341
LOC111106621,0.105854966309767
LOC111135608,0.754442614917729
LOC111099929,-0.820438290867353
LOC111128730,2.29371065647116
LOC111106874,-0.060141207511393
LOC111101465,-0.814783858115846
LOC111137541,2.6047533393214
LOC111100417,-0.727274912799598
LOC111131117,-0.337850818368311
LOC111108437,0.766139653811015
LOC111106170,0.0435771170316128
LOC111118768,0.468160176218005
LOC111103796,-1.42730341583503
LOC111121348,-0.0619116649736944
LOC111130726,0.477970494541914
LOC111135108,0.614162232706105
LOC111121674,-0.00123877077812894
LOC111131761,-1.39653828068108
LOC111131820,-0.30005871247449
LOC111135742,1.55980594277373
LOC111135726,-0.797399624345193
LOC111112611,-0.0540301669082032
LOC111112610,0.0647197633485612
LOC111117815,0.606694385017374
LOC111124811,-0.154510600041525
LOC111130644,0.347632198633788
LOC111130714,1.6806335038909
LOC111126041,-0.772859692822195
LOC111124910,0.325022822089182
LOC111126825,0.869456453488348
LOC111123519,-0.1254004557425
LOC111133232,-3.23277057352167
LOC111113374,-0.0470712504387986
LOC111132865,1.25674581799309
LOC111121857,-1.74671275324953
LOC111120876,0.178861089974019
LOC111138520,-0.607652764807284
LOC111129123,-1.51999970118078
LOC111135063,-8.53827641379655
LOC111118985,-1.57112577193632
LOC111119783,-0.102751626208432
LOC111137783,0.0814950748130095
LOC111128676,0.435411769251881
LOC111120817,-1.64362356333821
LOC111108468,0.406330191108425
LOC111132230,-0.341787103185234
LOC111130633,-0.0232154617338965
LOC111116114,-0.129562945560413
LOC111127057,0.153663544207726
LOC111106921,0.119700358142821
LOC111107574,1.14999543168096
LOC111120165,-0.274768181327022
LOC111129847,2.90312508844719
LOC111126142,0.0214827190477345
LOC111122091,1.88151802906375
LOC111119568,1.0779594660857
LOC111138225,-0.27644452621078
LOC111123247,-0.0705585724438707
LOC111106090,-0.749812769080727
LOC111101648,-0.506133883008393
LOC111124372,1.23927014086888
LOC111136893,0.572767576226973
LOC111127253,1.53627114324136
LOC111099174,-0.678496536500082
LOC111110903,0.261450563176452
LOC111131535,0.188125290955854
LOC111127976,0.0802042377791279
LOC111133376,4.11295344611459
LOC111108296,0.88575032167769
LOC111104796,-0.241185459373088
LOC111130615,0.370268252664188
LOC111135311,-1.68561276525234
LOC111134961,-0.0649131142110038
LOC111138050,-0.15157246929773
LOC111117068,-0.132917762854564
LOC111104981,0.0937982242817166
LOC111128339,0.125281038154764
LOC111100554,-0.330482270490986
LOC111103868,0.39785759221969
LOC111118625,-2.16509663089688
LOC111126075,-0.648947078464934
LOC111118029,-1.29157303894941
LOC111117481,-0.333860277322897
LOC111107005,-0.874169570970473
LOC111103632,-1.01676677973341
LOC111131626,-0.0327551458371104
LOC111108429,-0.0954935934385863
LOC111120987,0.624049448183605
LOC111101252,1.17690121395141
LOC111131053,0.55732247207745
LOC111117189,0.267459257381813
LOC111104414,-2.33035736351032
LOC111136077,-0.977986634395857
LOC111108480,-1.11080375261268
LOC111134935,0.195235469155802
LOC111103548,-1.27292730789022
LOC111103618,-1.02762685386586
LOC111118383,0.728677114379897
LOC111105745,2.15345668075843
LOC111128377,0.298582232306374
LOC111129548,0.746667076486184
LOC111103967,-0.585278790591115
LOC111118011,-0.200395260416794
LOC111135020,0.30804160507311
ND2,-0.159754504045975
LOC111107542,-0.210390951591813
LOC111120430,0.330672808800053
LOC111111701,0.401867700600794
LOC111111222,-0.638551232061308
LOC111132562,-0.055453118836896
LOC111126961,-0.0802356245853468
LOC111118503,-2.29453572461817
LOC111118254,1.56596732929128
LOC111101157,0.0603663783083248
LOC111127178,3.35188217981295
LOC111130578,0.226488895198384
LOC111125229,1.28515424992083
LOC111104153,-2.13328179360855
LOC111117972,-0.283680697905594
LOC111133290,-0.0564424684871263
LOC111108163,0.509758671206698
LOC111114451,-3.20371017726244
LOC111134536,-0.375402219230819
LOC111117706,-0.344454933234094
LOC111116933,0.00350441283186782
LOC111129415,-0.280284622118748
LOC111122010,4.50367003461232
LOC111121200,0.448217657109839
LOC111133973,-0.0250404981238319
LOC111101833,-0.805585222694878
LOC111133512,-0.379500064225555
LOC111124107,0.276659058395928
LOC111099994,-0.253112411668824
LOC111114196,-0.216768643285029
LOC111123604,1.73326070925528
LOC111121808,0.707787629730478
LOC111121949,-0.729943502288708
LOC111110106,-1.00413069547359
LOC111133937,-0.746332741079276
LOC111114898,0.142514072973116
LOC111136033,0.981602301298433
LOC111118710,0.0969807256883377
LOC111110931,0.201016272182864
LOC111125483,-0.435059719795559
LOC111112491,0.30480988346498
LOC111123325,1.1640677547643
LOC111112098,-0.0203482403149467
LOC111100641,1.34981951382672
LOC111132896,-0.491344665638428
LOC111111571,-0.0179311830615884
LOC111100416,-0.40558394565906
LOC111124508,1.3919642546753
LOC111115426,0.384528472851449
LOC111126611,12.5893075381926
LOC111136221,-0.444542428082708
LOC111126021,-0.378373178832681
LOC111133778,-0.0291633272635808
LOC111106128,-0.40969366041279
LOC111107765,-0.163314510103377
LOC111136250,0.648922069833171
LOC111104818,-1.04785805105247
LOC111103722,-0.494805809376322
LOC111111366,-0.583843847064355
LOC111124090,0.151457286757229
LOC111106440,-0.0474392924067389
LOC111121826,-0.738232517267003
LOC111136758,-2.10286425890207
LOC111132575,-0.67378341715632
LOC111104154,0.50955403063281
LOC111108474,-1.69025402929299
LOC111104595,1.45772206118533
LOC111121877,-0.5459315300658
LOC111125504,-0.447699096012959
LOC111137617,-0.594733420091992
LOC111134638,0.964529656439079
LOC111103175,-0.426147680580365
LOC111116861,4.54522164357004
LOC111128325,-0.389734302286534
LOC111128153,1.52324033303351
LOC111107394,0.884703824546606
LOC111112948,0.873519907441442
LOC111135522,0.33913938088992
LOC111120310,0.352159263753268
LOC111129481,0.0980938430451979
LOC111133739,-1.84659225356659
LOC111112187,0.183880116570875
LOC111124808,-0.360379488306129
LOC111132054,-1.16095572587186
LOC111129322,0.0650491174147923
LOC111138263,-0.457866681874864
LOC111100803,0.483960621753141
LOC111122706,-0.252448108591718
LOC111120921,-0.255080868914028
LOC111128761,-0.167530332467085
LOC111129742,2.48010427331663
LOC111120930,-0.462892409007293
LOC111104839,0.40563614152068
LOC111121094,-1.26568007299095
LOC111125468,-0.199961686617464
LOC111108354,1.09182634900289
LOC111106331,0.151908236077536
LOC111138493,-0.0496443523607855
LOC111116818,0.0910767511921674
LOC111108022,1.60436946008206
LOC111111173,-0.334760933883239
LOC111108643,-0.0354753005302544
LOC111099776,-1.0642334710424
LOC111105846,1.49326367414679
LOC111120458,-0.757074718571876
LOC111110566,-0.336738677485901
LOC111125256,-0.850525260210211
LOC111100639,-1.99049657689012
LOC111132413,1.11065070706463
LOC111123433,0.073094930783587
LOC111123986,0.731495211955993
LOC111137025,0.460057609185813
LOC111126403,0.125671601910441
LOC111119763,-0.0135930068155687
LOC111133848,-0.0457343730940982
LOC111122737,0.331530253274976
LOC111120978,-0.0352251774237777
LOC111135630,-5.9316005572198
LOC111117694,0.213788274174438
LOC111113336,0.208413210616594
LOC111119387,6.0789592574472
LOC111124591,0.35455278029125
LOC111124848,1.25474172630445
LOC111103959,0.625541181525922
LOC111107018,0.176296193872031
LOC111135113,0.177457588329869
LOC111104480,-1.18626140523677
LOC111138479,0.592144793344545
LOC111136686,0.145465810940099
LOC111105762,-0.249425678749023
LOC111131813,-0.108612690155862
LOC111125244,0.231485281217256
LOC111129397,1.52424389624062
LOC111122886,1.05617274103871
LOC111100921,0.157846181449087
LOC111102339,0.450701225185545
LOC111126412,-2.68561509279565
LOC111108331,0.232838560266512
LOC111106479,-0.0357686346852687
LOC111125908,2.99554145198625
LOC111109036,1.17449920888084
LOC111112894,0.0840255935828636
LOC111122046,0.643179507149137
LOC111132602,0.156230513346186
LOC111136931,0.0602602812014819
LOC111122073,0.362959905852823
LOC111110231,0.00470761030015858
LOC111102000,0.0502423603058521
LOC111109390,0.423586158455265
LOC111135517,-2.45245807125193
LOC111116829,0.208088147130348
LOC111113402,-0.0611747513113887
LOC111126717,0.789974941724771
LOC111122716,-0.876242181566889
LOC111110584,1.23018239479763
ND3,0.944441825181932
LOC111120092,-0.355518283880415
LOC111110010,-0.266438429573808
LOC111133705,0.0691867033665527
LOC111111845,-0.683032721134291
LOC111128129,-4.95598665451092
LOC111137207,-0.138721833672912
LOC111133064,1.7111271346357
LOC111113898,0.755523624026932
LOC111101446,0.340903582950328
LOC111125498,-0.628451391280624
LOC111105460,-0.580199730499558
LOC111121486,-0.0665437277462655
LOC111125153,-0.169163170772526
LOC111104805,-0.231964065935904
LOC111130721,-1.13281490516968
LOC111126724,0.615875783620903
LOC111127613,2.01870461075213
LOC111106859,1.35191939660648
LOC111099625,0.271734838339702
LOC111122287,-0.8315886310365
LOC111127334,-1.67582520673846
LOC111117536,-0.387021850288243
LOC111127644,1.48416645214367
LOC111108548,-0.00681485788708263
LOC111123265,0.740380564777815
LOC111123400,-0.971389612393343
LOC111126364,-1.20929305643632
LOC111136150,-0.285048477527995
LOC111104330,-0.522437668474799
LOC111123049,2.78259048703149
LOC111104421,-4.28561191566364
LOC111121062,-0.213672799799326
LOC111116218,-2.27268772081146
LOC111104277,0.579729293965335
LOC111130719,-2.18558928740376
LOC111137952,-1.80949686834091
LOC111127768,-1.19235054023296
LOC111119050,-0.501402377384875
LOC111135859,-0.720639470643425
LOC111129657,-0.426529532617362
LOC111134551,-2.90253114377726
LOC111118156,0.0122424292427683
LOC111112671,-0.742727041975029
LOC111102392,3.98428512737185
LOC111132495,0.892091355071758
LOC111100923,0.31068258754484
LOC111135038,-0.883915610783724
LOC111105387,0.190355289487647
LOC111131157,-0.103572236991871
LOC111114557,0.0488605683662043
LOC111124749,-1.49038269030931
LOC111125001,-1.87263756156424
LOC111125901,-0.20726037038152
LOC111103141,-0.00127697920540477
LOC111111106,-0.0373105690303075
LOC111106314,-0.301112224612195
LOC111111646,-0.762775824626188
LOC111123108,-0.873015439922604
LOC111130584,0.153919534572099
LOC111104444,-0.657053496029872
LOC111111671,0.0879569678160477
LOC111126703,0.623979302361214
LOC111135216,-2.79800021366398
LOC111112688,0.103098419242038
LOC111101324,0.988864808936459
LOC111101079,-1.40233495213575
LOC111117458,0.744569893953195
LOC111135405,-0.589988992335888
LOC111134663,0.380418315356127
LOC111113030,4.1647935179835
LOC111103811,0.244037336769104
LOC111135453,0.359759723394395
LOC111119869,-0.442151675717722
LOC111105380,-0.339190850028791
LOC111110726,0.194959723094348
LOC111137182,4.96423896589666
LOC111137132,0.123011774009074
LOC111115742,-0.0530764371966599
LOC111137267,-0.198203811420039
LOC111122178,1.23448866973225
LOC111138218,-2.84964908770167
LOC111123258,0.494359123681784
LOC111122131,-0.0463635759408548
LOC111121756,-0.728570809815412
LOC111134323,-0.784642917820168
LOC111136225,-0.501929333696788
LOC111125593,1.58441194942767
LOC111105551,0.458869937629507
LOC111111027,-0.64110311575132
LOC111134857,-1.33345563533927
LOC111135176,-1.83858878237901
LOC111104784,0.491610267741041
LOC111101940,-1.21266010679574
LOC111111706,0.0201100848411655
LOC111127450,1.09101523751208
LOC111122657,-0.58985273465643
LOC111130341,0.0474071432367449
LOC111131025,-0.32480588314979
LOC111105363,-1.33201145092958
LOC111108951,-1.19130213211486
LOC111129880,-0.981014873782809
LOC111127798,-2.23861684547503
LOC111103015,0.0368366242679126
LOC111133338,-0.496624245963737
LOC111131213,-3.45587116749483
LOC111128765,-0.125384133916317
LOC111135735,0.845573183462457
LOC111111275,1.94842136314773
LOC111132228,4.76524652466144
LOC111133819,-1.0077086487154
LOC111117350,-0.538144008645844
LOC111136881,-1.25966251747424
LOC111112218,0.597011930263009
LOC111102197,0.133130711304781
LOC111136535,-0.0766405512230838
LOC111103304,0.653074196781591
LOC111125166,-2.46782727654326
LOC111121676,-0.345944196205899
LOC111101703,-0.430988428420525
LOC111134528,0.271813250469049
LOC111111093,-0.442163718595456
LOC111111143,0.0705812865226332
LOC111119195,-1.15807290663042
LOC111108810,2.08818551316492
LOC111109934,-0.702989533892091
LOC111127320,9.77997339767611
LOC111123414,-1.32998524764251
LOC111122535,9.41777215250812
LOC111116161,-0.256211665821578
LOC111118823,-2.31731278122985
LOC111114537,0.775020366144871
LOC111105253,-0.0222881270320003
LOC111100062,-0.440333416964599
LOC111110053,0.0205053422716773
LOC111133630,-0.491617831554068
LOC111125217,-0.052609022696912
LOC111116745,0.472211117153723
LOC111111290,0.771380546300032
LOC111118218,0.13667208877143
LOC111109624,-0.324806863888805
LOC111122022,-0.111950553562093
LOC111118354,0.157012884201462
LOC111110524,-2.29709494197189
LOC111104637,0.0436075798408417
LOC111110194,0.050034780750195
LOC111126588,-0.423327390537824
LOC111128152,1.83577329584925
LOC111125807,0.248952000996999
LOC111133155,0.175615491875521
LOC111135342,-0.758933839820174
LOC111114029,-0.0795993609999982
LOC111114802,3.4195229708985
LOC111101009,1.10439303251811
LOC111129912,3.23358208129658
LOC111100502,-1.18840996093973
LOC111105633,0.182492011570625
LOC111134341,-0.543172829211471
LOC111109786,-0.146854031275655
LOC111101263,-0.0413723588797336
LOC111135772,0.523916374198033
LOC111113422,-0.162968510581645
LOC111105816,0.9472089870411
LOC111125285,-0.518553033809189
LOC111110777,-0.727074950254844
LOC111134511,-1.17330781243636
LOC111109289,1.07415927843162
LOC111131175,-0.366786330550023
LOC111131537,0.454266496243359
LOC111135872,-3.61892514531358
LOC111099156,2.08884029784392
LOC111113240,-0.138027753330976
LOC111123968,0.109735456868352
LOC111136048,-0.435900019582153
LOC111101292,-0.378233286443237
LOC111111837,-0.7864036782552
LOC111119376,-2.97327946193404
LOC111113680,0.0242275183329312
LOC111104200,-0.474342309000367
LOC111126250,0.880299038554801
LOC111133535,-0.195067538098083
LOC111137466,-0.852839133526681
LOC111135921,0.378496379231132
LOC111108634,0.869046569472968
LOC111101262,0.21055026367673
LOC111102477,-0.511715430018933
LOC111117309,-1.81217699655787
LOC111136379,-0.323369170930903
LOC111117113,0.982797340900807
LOC111124356,-0.0834154734420055
LOC111128710,1.12307246464746
LOC111125429,-2.50667327448027
LOC111099173,0.193409172408239
LOC111104902,2.69110515598166
LOC111110824,-0.0246929094192645
LOC111134659,-4.15627703808185
LOC111127826,-0.914650872495553
LOC111107556,0.0914253626470664
LOC111112039,-1.3133179652872
LOC111112036,-2.18645043095585
LOC111138176,-0.0817071285758033
LOC111135087,2.07936812713035
LOC111112015,-0.6851389275127
LOC111133256,0.755943457784928
LOC111120076,-0.617825824768714
LOC111133717,-0.0975297338475677
LOC111110514,0.414223428272711
LOC111117975,-4.43737358973334
LOC111136773,-0.224280900118805
LOC111123630,4.54931143420993
LOC111119375,0.484849970584145
LOC111104341,-0.560769455519877
LOC111103017,-1.29442420558627
LOC111118401,0.0360256024259462
LOC111129860,-0.817673138483382
LOC111104967,0.673371566001336
LOC111107819,-0.319880114526146
LOC111123227,-0.578722777436557
LOC111101831,-0.00516024971868169
LOC111105350,0.332405163463381
LOC111118943,0.919704447125675
LOC111126524,-0.0844831133166526
LOC111126644,-2.49398237909108
LOC111102113,0.187259010961435
LOC111116079,0.691711521677822
LOC111137567,-0.55989521290819
LOC111132206,-2.60459885153346
LOC111106872,-0.0928219716428522
LOC111107850,-0.0714399252289939
LOC111113586,0.0289152077037546
LOC111127397,-1.55446156513548
LOC111111112,-0.218826142620838
LOC111109832,-0.23875637717544
LOC111102923,0.459643719480072
LOC111102864,-0.630862376053012
LOC111127037,-0.340437178429757
LOC111099119,-0.134807406369967
LOC111129089,0.164514056433259
LOC111133177,-0.0685226070339177
LOC111099611,-0.238816285515485
LOC111127339,0.518799627817013
LOC111137114,-0.86734740930451
LOC111108857,-1.17380092423891
LOC111136081,0.0784189925013191
LOC111112879,2.3194537981803
LOC111132864,0.17554753137364
LOC111136051,-1.30853764902946
LOC111103511,0.0318180699719938
LOC111108220,-0.323952235460419
LOC111122213,0.241270761481934
LOC111130459,-0.0495103257670352
LOC111116050,-1.56117557449112
LOC111100517,1.26805376446306
LOC111138337,-0.113870808074292
LOC111104471,1.00207406363419
LOC111116607,1.19818149838968
LOC111132088,-0.304378165092374
LOC111129268,0.0163760453129065
LOC111129643,-5.46301494153227
LOC111101717,0.948936446697628
LOC111138085,0.297306468109989
LOC111126827,0.057179437574834
LOC111123448,0.461034821782767
LOC111133840,-1.51316624011335
LOC111110946,2.71767152274168
LOC111130611,0.770902463952414
LOC111121709,-0.235070120717203
LOC111137339,-0.336402124933203
LOC111100511,0.0698063463405655
LOC111134474,0.564830857492093
LOC111131570,2.65068536034949
LOC111106392,-0.107143298033715
LOC111108968,0.41297542723844
LOC111137980,0.421399321042678
LOC111132241,3.78699344346782
LOC111133025,-0.721102352894517
LOC111134444,-3.65235764499741
LOC111134193,-0.175223770190448
LOC111129287,0.926714092954353
LOC111130898,-0.345684016707102
LOC111121646,0.48365840754944
LOC111126859,0.570424917301175
LOC111102683,-0.791104343067916
LOC111119652,0.27193599842798
LOC111132434,-0.264462514662568
LOC111114699,0.3485951621258
LOC111108840,1.11309743065298
LOC111099799,0.419065483639302
LOC111099643,1.223348013051
LOC111136938,-0.0994949890715455
LOC111108187,-0.206948960833073
LOC111124121,0.703477483901786
LOC111137600,-0.196786076659851
LOC111123440,1.05892493427011
LOC111110659,-0.12151576071075
LOC111132857,0.507523933550117
LOC111135236,-1.23770147276139
LOC111136976,0.127589587224102
LOC111127903,0.265855906923168
LOC111127086,0.210828821863208
LOC111137634,-1.22320325719087
LOC111121316,0.178205281029402
LOC111101326,-0.476123249495246
LOC111125518,3.22545736680259
LOC111130728,-0.335700575244122
LOC111126440,-3.8645100229345
LOC111119622,0.182823626009316
LOC111102791,0.132527050860084
LOC111126343,0.538972468948715
LOC111130883,0.353207226291383
LOC111099188,-0.781840348064839
LOC111125159,-0.0538153001733644
LOC111121297,-0.175463966246096
LOC111117807,-0.441441135675121
LOC111123129,0.6532215916672
LOC111102399,-0.161978688143031
LOC111108785,-0.283897603615001
LOC111110005,-0.621888219511075
LOC111127897,2.05225310286407
LOC111107868,-0.124645659929784
LOC111126894,0.00702725298088019
LOC111101087,0.072052793277337
LOC111105392,-0.520922981360588
LOC111124574,0.652905056352827
LOC111118078,-0.334906350949786
LOC111138134,-0.199300914302023
LOC111137010,-0.737584730396236
LOC111122987,-1.02305008886722
LOC111115611,-0.903877424562669
LOC111135117,0.914628437862434
LOC111122145,0.165429035438943
LOC111114240,0.816598885157158
LOC111119608,0.621494339219022
LOC111134252,1.29669475393324
LOC111129943,3.75382534529309
LOC111100366,-0.0841274907342034
LOC111108095,-0.310090720811406
LOC111109782,-0.443949140943648
LOC111118938,-0.126642235781138
LOC111124725,-0.367340545281459
LOC111123220,-1.20440767457257
LOC111108413,0.179633272616794
LOC111108614,0.363442089724814
LOC111132072,-1.55547141570721
LOC111114542,-0.714160400438095
LOC111135338,1.62856896495632
LOC111135589,0.546066614319562
LOC111108691,0.575391298958992
LOC111136316,0.11461337314824
LOC111116834,-2.12642813849362
LOC111134903,-0.590845071789532
LOC111100111,3.35447218881305
LOC111118962,0.718950779385193
LOC111135675,0.362120498282667
LOC111128133,0.156666593859128
LOC111115398,-0.207799035904901
LOC111101254,-1.48465924948045
LOC111118501,0.468087939375803
LOC111136849,2.52206206615275
LOC111125436,1.41324686296685
LOC111103480,-0.980280979857444
LOC111137160,-0.684956180969276
LOC111135585,0.445785206414807
LOC111101007,0.0022100749949212
LOC111124407,2.21287070078708
LOC111123674,0.692477761591572
LOC111102690,0.0626111812800754
LOC111100632,-0.180188785378797
LOC111137797,0.0912519536902882
LOC111100260,-0.946949491505865
LOC111103667,-0.37089846564122
LOC111125208,-0.301087636077531
LOC111137557,-1.06271767643243
LOC111102839,-0.634272486856971
LOC111106032,-0.721836218650504
LOC111136340,-4.80261474800055
LOC111133871,1.25241438187876
LOC111118940,-0.980678340135882
LOC111128087,-1.03144928631222
LOC111114836,0.622981003519218
LOC111107854,0.181175000888397
LOC111099065,0.996795077047585
LOC111110413,-0.108176291469665
LOC111126922,-0.0548551864396574
LOC111106498,0.654099676446274
LOC111122254,-0.533030660589787
LOC111101454,-0.0889258944990874
LOC111119104,-0.761258419679771
LOC111100198,-0.0518334705197513
LOC111127580,0.0666349796136989
LOC111110043,0.734190988461157
LOC111126154,-3.70964242349393
LOC111131028,-4.01168874324437
LOC111121730,-3.3968896533872
LOC111101801,0.362402251664627
LOC111111822,-0.0582076929541864
LOC111104240,0.112517350543112
LOC111104053,1.48112761970532
LOC111103032,-0.257589780861844
LOC111105873,-0.316634132071671
LOC111110672,-0.66065694923869
LOC111138305,-0.00776691314410054
LOC111135511,-3.90582700766402
LOC111124327,2.99876823838
LOC111123687,1.84408619722678
LOC111112439,0.663152440358351
LOC111105092,-0.0783008485165729
LOC111128213,-0.682983517697522
LOC111103947,3.61667513410718
LOC111135048,0.348929573444391
LOC111099120,0.377739722598007
LOC111125718,-0.542313647943535
LOC111118546,-0.417901557421439
LOC111135217,-0.606193297059258
LOC111105842,-11.5861401655691
LOC111134616,0.43281513310766
LOC111130469,0.490395994937187
LOC111132935,0.293847774069405
LOC111135580,0.17281793685951
LOC111110446,-5.40353867265112
LOC111131667,0.208427760119172
LOC111126667,0.748891351825209
LOC111129417,-0.221616150049684
LOC111132666,-0.188896389051292
LOC111111726,-0.105744858500627
LOC111111970,-0.436477512918959
LOC111134597,-0.0623274929816743
LOC111127812,0.155106684257251
LOC111110192,0.171361292040385
LOC111114688,1.50480431747056
LOC111100913,-0.107445096668877
LOC111118488,-0.261413020913907
LOC111099416,0.591821021749291
LOC111100768,-0.265723770799661
LOC111103948,-1.4405894746465
LOC111123549,-0.0526921443261181
LOC111132394,-1.23350131601119
LOC111136975,1.95532657673289
LOC111113228,1.22636255560691
LOC111137292,-0.0329212936430692
LOC111119883,0.0788103978757076
LOC111101233,2.95656643648213
LOC111121043,0.0458369499881015
LOC111130176,-0.979186066742489
LOC111108655,0.0974785593887531
LOC111136400,-0.389314504612614
LOC111111051,2.04771446209208
LOC111126496,0.819131205473587
LOC111114323,-0.379441848846172
LOC111110712,0.238146876598245
LOC111106097,0.848627993406148
LOC111117544,0.293671420182491
LOC111103271,-0.604474061705933
LOC111128749,-0.0560060015052324
LOC111101189,-0.191925464373622
LOC111128450,-8.45886589077954
LOC111108179,-0.505205208933803
LOC111135164,0.286749536097194
LOC111101063,1.73856747710239
LOC111138370,1.96684327631063
LOC111119658,1.28194438559045
LOC111111648,0.0451276052960702
LOC111119717,-1.10502211789353
LOC111136461,1.28174158535401
LOC111133459,1.11226258522424
LOC111136264,-0.719001630123622
LOC111120278,-0.0100708333656619
LOC111106303,0.48434627023759
LOC111104694,3.57146394862407
LOC111103953,-0.655111767502446
LOC111129137,2.32703976184288
LOC111100316,-1.53096180902947
LOC111111681,-0.00921103891753167
LOC111101250,-2.40148098871505
LOC111129907,-6.2127063870626
LOC111117109,0.0494595754032477
LOC111128511,-1.07866728707234
LOC111138117,0.131733372319378
LOC111106627,-10.0898898417594
LOC111131115,-0.135307822995225
LOC111129990,-0.0149933714458997
LOC111138496,0.0830441977684647
LOC111130266,0.625043598810547
LOC111137960,-0.564676231588305
LOC111137173,1.0653423207516
LOC111118678,-0.121823949316743
LOC111113149,0.355822172229871
LOC111127607,1.23610091961673
LOC111109544,0.265684092330949
LOC111117293,0.556959410075786
LOC111137813,-0.267758500635675
LOC111103907,0.528820566541507
LOC111108779,0.0930762844792688
LOC111116764,1.51058541911983
LOC111123416,0.859918225822004
LOC111111440,0.814257656291162
LOC111129809,0.331126157801598
LOC111101403,0.665129773432629
LOC111125360,-0.57241328631337
LOC111114476,-0.508686324128566
LOC111134695,-0.574903865042504
LOC111112214,0.578305086864547
LOC111112452,0.679929286852626
LOC111115947,-0.276529838020531
LOC111135138,-0.0394827107021241
LOC111105564,-2.66900062453554
LOC111115366,0.153152712978645
LOC111121836,-0.208586447210399
LOC111101281,-1.27421751415791
LOC111108855,-0.875843055591841
LOC111125983,-0.570959072906838
LOC111115523,1.25350466636918
LOC111118256,-2.20643868848128
LOC111137701,-0.0102618120934819
LOC111134187,-1.26741575025435
LOC111123185,0.17438309762688
LOC111137792,-1.34273984018629
LOC111130265,0.0470647099119386
LOC111134767,-0.613608804316327
LOC111115930,-0.762762426996563
LOC111120707,0.759022606502829
LOC111107682,0.0228176411323403
LOC111119745,-3.07192230162502
LOC111110397,0.0687473491405271
LOC111134846,1.23976078787175
LOC111128690,0.000225284594834822
LOC111116948,1.95291669872542
LOC111120957,-0.0849471483275165
LOC111125226,-0.997906938864669
LOC111103858,-0.281056909189612
LOC111123070,-1.08309750176816
LOC111101488,-0.969121499689908
LOC111118291,0.0774582418802847
LOC111119825,0.522313482177842
LOC111126727,1.46453947066414
LOC111099159,-0.400918581575425
LOC111125304,-5.38292510283416
LOC111100091,0.322791628663726
LOC111134692,-0.921738395070823
LOC111112612,-0.0439544757864194
LOC111103401,0.475150484968016
LOC111109118,0.572191089096725
LOC111112488,3.67866386567312
LOC111135882,-4.2899219780369
LOC111118216,1.34570402745618
LOC111117330,0.728475681804831
LOC111109434,0.317057980551992
LOC111119386,0.0319704442690978
LOC111118259,-0.307071265007362
LOC111136440,-0.377557876702583
LOC111138003,0.292251547517216
LOC111112563,-0.452551016834231
LOC111132118,-0.51148164665226
LOC111121449,-2.18771536767108
LOC111136110,-2.57467819684147
LOC111132145,1.11120778960019
LOC111104065,-3.66882579422139
LOC111116265,0.0694277007880223
LOC111133892,-3.14735018224885
LOC111099748,1.24134562318018
LOC111128460,-0.239173097632821
LOC111128489,0.182820220713847
LOC111124896,1.26770853046222
LOC111111699,0.168691275729992
LOC111114550,-0.991512720688768
LOC111128871,-0.082040065041205
LOC111120764,0.203209569414997
LOC111106425,1.52302521140764
LOC111111448,-0.4774806293162
LOC111136690,-3.94834782758941
LOC111133489,1.09148930596308
LOC111122965,-1.72462170966586
LOC111137598,0.118347824704766
LOC111102015,0.151162952388124
LOC111101885,1.69483005717367
LOC111121619,-0.639989289093758
LOC111118370,-0.0708559853881945
LOC111117030,0.150093048232579
LOC111106380,1.94930983367434
LOC111136620,1.66691483099369
LOC111100038,-1.76506794429252
LOC111116908,9.44464377151257
LOC111104487,-0.832362659949688
LOC111121379,4.4620223296572
LOC111128567,0.514893959655232
LOC111113304,0.832376462843519
LOC111120779,1.93255426717984
LOC111126067,0.146680466112592
LOC111115468,1.19550008621413
LOC111131278,-0.00540778423478582
LOC111124359,0.586334970775895
LOC111134360,0.541874998819247
LOC111129844,-1.84736354692715
LOC111104504,-1.1546131788314
LOC111113994,0.133474782135907
LOC111137253,1.95751154040226
LOC111138162,3.10610177894537
LOC111110329,0.160278309287368
LOC111132707,0.643083993111982
LOC111135663,2.48923269579061
LOC111117101,-0.750547894745912
LOC111131521,0.982842081712068
LOC111106490,0.236909199434193
LOC111114753,-0.252517768429402
LOC111109847,-0.00540760463039747
LOC111137837,-0.535328585243239
LOC111127577,-0.369483663951813
LOC111133601,-0.113939301646067
LOC111126815,1.06116650901782
LOC111135099,0.332680657518306
LOC111137202,2.68625800243716
LOC111124597,1.14127809661838
LOC111103027,-0.202935316201891
LOC111103176,-0.0802955310685237
LOC111137825,-0.127708288972498
LOC111120676,0.793443368010402
LOC111103390,0.83315478728709
LOC111115178,-1.1273805309188
LOC111129992,0.36514749061078
LOC111108992,0.350345486025784
LOC111127869,-1.80871286869548
LOC111103921,-0.55171236551907
LOC111105969,0.260691250052449
LOC111131693,-1.5848833143262
LOC111129944,0.733310749649696
LOC111099666,-0.330706248672876
LOC111125218,0.946477444975364
LOC111118519,-0.125679969087671
LOC111133556,1.93750303539931
LOC111125880,-0.963092194252843
LOC111128986,-0.710555399588419
LOC111111326,1.03807410464628
LOC111135861,0.216320677269855
LOC111109495,0.93026187776913
LOC111126761,-0.17566765862365
LOC111125274,-1.14504616879199
LOC111115579,0.148755890220899
LOC111110088,-1.6226307023221
LOC111118498,-1.12625914415943
LOC111101279,0.20726644274109
LOC111134914,-0.0540209753596635
LOC111110735,0.635491405430479
LOC111118091,-0.636174662941245
LOC111128825,0.168436588742436
LOC111121479,0.0816167122707083
LOC111135874,0.114244302064199
LOC111118968,0.509031260549198
LOC111124769,2.09380833669502
LOC111122062,0.706087738558448
LOC111105230,0.480916675790356
LOC111116871,-0.25907375582075
LOC111132895,1.79476229199395
LOC111114794,0.00698222876886793
LOC111135351,0.694161357268744
LOC111127020,-4.48968282450284
LOC111116116,-0.0542242474025002
LOC111126958,1.09240415286895
LOC111114989,-0.765046391549792
LOC111135909,5.07132153752232
LOC111101954,0.140252732706011
LOC111111516,-0.0663504524410762
LOC111117487,-0.213478937745207
LOC111114326,-0.248323127423228
LOC111113073,3.10195616059972
LOC111107910,0.731407639740491
LOC111134734,0.549654070096363
LOC111137495,0.097789239783038
LOC111120983,0.386272343157252
LOC111130610,0.494485228516303
LOC111104503,0.962709456171336
LOC111109551,0.655792087526999
LOC111110372,0.287655376827307
LOC111118626,-0.3981027010891
LOC111135435,0.251499523775277
LOC111100413,1.30900098277357
LOC111118964,0.190478295590801
LOC111102391,-0.972641665543791
LOC111111455,-1.33898763749255
LOC111126786,-0.0519369434341546
LOC111099892,0.0888998687533097
LOC111133426,0.863506643792841
LOC111134273,-0.324633002704206
LOC111120885,-1.80446014604731
LOC111115572,-0.296768827899559
LOC111115723,-0.328647561947966
LOC111135128,1.25703404680402
LOC111101054,1.09251301644708
LOC111133082,-1.3743321342943
LOC111107594,-0.171868180025782
LOC111124874,2.88617332891926
LOC111116176,0.545543139266059
LOC111135291,-0.329561219387975
LOC111130016,-1.69604090864573
LOC111122233,0.317292547389885
LOC111125791,0.125149544604261
LOC111119067,-0.0012391598200368
LOC111107052,-0.0745296003937063
LOC111103234,-0.0635688754306368
LOC111101805,-0.377100481765951
LOC111116344,0.120518470343003
LOC111130540,-0.220198598812797
LOC111127280,-0.603505371154404
LOC111103174,1.32041362610957
LOC111112317,-0.799491830009096
LOC111128342,-1.24488813110515
LOC111129906,1.97665347083454
LOC111131089,-0.503570459224183
LOC111123992,0.16610313818567
LOC111129923,-0.270714768302362
LOC111125316,-0.403684324338027
LOC111114698,0.474615568940208
LOC111129904,-0.835590438694053
LOC111123799,-0.0183862664865435
LOC111118211,0.758841579000784
LOC111126484,-0.704260804356054
LOC111110966,0.435442795186058
LOC111105701,0.24355597546656
LOC111112561,0.206532967904943
LOC111117368,0.933253986472576
LOC111137470,1.27708433888904
LOC111105944,0.500138518525907
LOC111099172,-0.921422104429206
LOC111113169,-1.68975131341422
LOC111121722,0.107487093131517
LOC111132388,1.7624990461629
LOC111132874,-0.212580209981455
LOC111136114,-3.14820372523379
LOC111099670,-0.363050185332896
LOC111127446,-0.617887796747094
LOC111104593,-0.704790237623395
LOC111108172,0.377349435845205
LOC111134241,-0.00123355006865771
LOC111135433,-4.23771510178271
LOC111119001,-0.124675845643454
LOC111132081,-0.878688199825764
LOC111110668,0.20899881112855
LOC111120361,0.365272847168239
LOC111135185,-0.0533622330790683
LOC111113327,0.235681312326959
LOC111134104,-0.0325553659695851
LOC111131043,-0.866971633440782
LOC111107335,0.827048046342237
LOC111106358,0.00688495691074962
LOC111104497,1.44178662420356
LOC111113536,-0.343528954285198
LOC111138171,0.497497174697366
LOC111119436,0.0371127716591445
LOC111125839,0.479172227032389
LOC111129009,-0.395210631167389
LOC111137168,-0.0114211830432677
LOC111133868,1.04850813943093
LOC111112720,-0.0664207963467592
LOC111138311,-0.385436125452967
LOC111104841,-0.108439705431073
LOC111099246,-0.0545758145726197
LOC111132937,-1.28883584879596
LOC111125973,0.364250272043711
LOC111109814,0.335226793192072
LOC111107406,-0.804540337175256
LOC111120311,-2.46086227643084
LOC111099669,-0.24226797000539
LOC111133212,-0.104581838579487
LOC111126006,-1.76803605016949
LOC111130846,0.641827888319319
LOC111121011,-0.980163051683015
LOC111133185,0.411123038106973
LOC111112761,-1.33551853343288
LOC111113568,-0.0013592886527979
LOC111133300,-0.441521324338353
LOC111136878,-0.0921369596572419
LOC111113561,-0.0544336164528867
LOC111116432,0.343063758051242
LOC111121950,6.47224407693518
LOC111112094,-0.160660853574612
LOC111131065,-0.828855048417189
LOC111112501,-0.608487439877793
LOC111110736,-0.452860978944928
LOC111111316,0.955910512427202
LOC111126808,0.35094241339219
LOC111135424,-0.116374275740094
LOC111112303,-0.223317212636713
LOC111099934,0.118939454468874
LOC111124730,-0.828110347896725
LOC111102050,0.00793805077370178
LOC111107848,-0.444099170535717
LOC111128039,0.732167889679105
LOC111099782,1.00144177523719
LOC111104518,-0.0174000425204131
LOC111108790,0.497095922821688
LOC111136868,1.56605163219768
LOC111137997,0.418600228037006
LOC111119471,0.745838026350593
LOC111123540,-1.64361802324609
LOC111126517,0.452408869918162
LOC111133329,5.00741043157337
LOC111123702,-1.1189049945135
LOC111123246,0.461557690637126
LOC111126202,0.886090546082509
LOC111123355,-0.124738417282829
LOC111133608,-0.188952101192843
LOC111133381,1.20556546448229
LOC111100224,3.31026474931244
LOC111123999,3.42047204098021
LOC111128104,0.325611628915242
LOC111109939,0.00938282633734495
LOC111124968,0.278519094150706
LOC111125276,-0.472181233787785
LOC111130534,-0.451418602780628
LOC111114783,-0.519158938343004
LOC111133335,0.0122199260413931
LOC111116033,0.508944372383313
LOC111100595,-0.594912410146917
LOC111099747,-0.385002955183699
LOC111132762,-2.16002596276118
LOC111110814,-0.0466065955068314
LOC111126172,-0.0970479970677207
LOC111130514,-0.311439411309227
LOC111100893,-0.362249804642139
LOC111126174,-1.47428896866741
LOC111125516,-0.68212164450905
LOC111118833,-0.236233878292579
LOC111108490,-1.14113423911233
LOC111122299,1.06057757305461
LOC111118812,-0.0359595273828152
LOC111132272,0.584413222485809
LOC111121467,0.228476174527896
LOC111120641,-0.0544324027272805
LOC111120909,-0.193814520230142
LOC111137525,0.721512978519183
LOC111117711,-0.539685713799973
LOC111136438,-0.0397188424203197
LOC111106155,0.381966126519477
LOC111131591,-0.529612566701363
LOC111107780,-0.610493583547855
LOC111118909,0.522311857726429
LOC111100442,-0.632138907983053
LOC111109598,-2.1279341467631
LOC111119506,-0.66581421931274
LOC111123319,-0.950053700418094
LOC111122002,-0.241307155836861
LOC111131033,-0.397023905325796
LOC111109655,-0.472532237013162
LOC111136224,-5.71653268667902
LOC111103942,-0.0528316366553263
LOC111122220,-0.49151663449073
LOC111119041,-0.134258943128611
LOC111104348,0.197873539427541
LOC111103197,0.12893578165943
LOC111123056,0.769312443662597
LOC111135902,-0.198990742726801
LOC111132638,0.0476782679310864
LOC111109659,-1.97719929687319
LOC111100456,-0.345663641708161
LOC111117892,-0.218224792967459
LOC111099626,0.0617281094611235
LOC111136124,0.17602230419555
LOC111137055,0.32169189988392
LOC111131091,-0.432597103941415
LOC111116215,-3.43535349088583
LOC111115598,-0.572405871184387
LOC111123814,-2.22366580678893
LOC111105233,0.317890674610123
LOC111111652,1.08837506742082
LOC111128657,-0.133125382575678
LOC111114247,0.439220325216896
LOC111109602,-1.1620443755566
LOC111112740,0.849450822853356
LOC111119861,-0.155054636337158
LOC111102806,1.71249363978186
LOC111119623,0.372038724620997
LOC111134514,-0.196680438514659
LOC111138100,1.0016779672101
LOC111126275,0.514689212059486
LOC111104951,-0.00189760584994128
LOC111134676,-3.01765944138312
LOC111111590,-0.0656565740246853
LOC111115110,0.525530238245152
LOC111130339,-0.328218410071777
LOC111099850,-1.69443375998341
LOC111120532,-0.350348570253947
LOC111109424,0.000374977353674238
LOC111125580,-0.642079005316011
LOC111100475,1.26620203027255
LOC111126735,3.71675493814727
LOC111125994,0.516541031854429
LOC111121691,0.0281944695518555
LOC111127027,0.040956310028498
LOC111110470,1.38270078858858
LOC111137995,-0.105078060112422
LOC111107233,0.0919766986397402
LOC111135157,0.652134865336025
LOC111125335,0.262126359170141
LOC111116100,-0.660986616975964
LOC111110244,1.10475608348347
LOC111116311,0.185965523588397
LOC111123954,-1.50775877511568
LOC111107273,-0.906499252034253
LOC111138135,0.126128147665735
LOC111121689,1.27567416537803
LOC111137315,0.167580197931837
LOC111123441,0.170781587754467
LOC111118932,-0.403696828100626
LOC111116078,-0.301912156268118
LOC111128967,-0.187587227207026
LOC111138243,-0.0280384718085224
LOC111110943,0.443619355813179
LOC111108412,-0.920974770507919
LOC111120802,-0.141417909108927
LOC111123439,-1.99808756846724
LOC111133510,-0.243378856722784
LOC111131517,-0.473172982303228
LOC111121400,-1.36462586231151
LOC111127488,-0.977517187440887
LOC111119366,0.537582512672869
LOC111118560,-2.53269939127707
LOC111111620,-0.0997522257371729
LOC111116499,-0.0140872891047678
LOC111124286,0.0143396788357482
LOC111120605,1.79631121266366
LOC111127548,-0.448078160808815
LOC111121816,0.663328972349328
LOC111130934,0.211112382866737
LOC111114752,-0.0543248233578112
LOC111107173,-0.45917435340397
LOC111122120,0.792773149178898
LOC111136082,0.557300739761223
LOC111124577,1.36237660086515
LOC111111487,-2.18397884107307
LOC111111991,0.198142817846466
LOC111135172,-1.05880050673392
LOC111135187,0.103256861680779
LOC111130063,0.967412973430291
LOC111110794,0.0389509057635734
LOC111119864,-0.178698315496062
LOC111135375,-0.203375392469291
LOC111121290,-0.225348621879379
LOC111110307,-0.610079527047782
LOC111127122,-2.64058794691522
LOC111128923,0.807646168252634
LOC111134596,0.640843242439158
LOC111132806,-0.48659870881277
LOC111106270,-4.23490985518733
LOC111137295,-1.44202929229184
LOC111110098,1.02841338422908
LOC111123649,-0.732872885797402
LOC111111707,2.64700356887751
LOC111131571,0.776499254681745
LOC111125370,0.302168976027722
LOC111108628,0.00536807400628068
LOC111108334,-0.0447587152271317
LOC111125377,-7.95788138292453
LOC111112787,-0.175109774749226
LOC111128591,-0.410435912563986
LOC111135310,-0.789530959340952
LOC111132138,0.829654445274675
LOC111123847,0.220448922394595
LOC111102954,1.3380495580688
LOC111133137,-1.81593075966184
LOC111109478,-1.18695414170863
LOC111130441,2.64905586513954
LOC111135846,-0.675393295819168
LOC111124437,-0.0097746320614072
LOC111108345,-1.04532471564045
LOC111132730,5.62431190089519
LOC111099889,0.135908590833566
LOC111104847,0.512445050719091
LOC111124709,-0.409735818986136
LOC111137095,0.378067412118033
LOC111138233,-0.4223501836364
LOC111135365,2.32610046098412
LOC111123675,0.686466627297835
LOC111136999,4.80102487614626
LOC111118274,0.535268296219027
LOC111119743,0.103554900424632
LOC111130235,-1.29995914923077
LOC111124707,-0.120905754493152
LOC111119752,0.914467821740467
LOC111136823,7.11223649927595
LOC111118954,0.351689012158683
LOC111111536,-0.0600558634698179
LOC111111704,1.44465574047714
LOC111111647,0.188159945965047
LOC111137684,-0.332534007782678
LOC111103891,-0.934477270877707
LOC111123011,1.37293909794116
LOC111114483,-0.731518184165741
LOC111120473,-2.95922044249206
LOC111106716,0.873518844266733
LOC111120712,0.666113220058086
LOC111117479,-1.03878705444783
LOC111107110,0.134236432289978
LOC111125152,1.64901583137445
LOC111100195,0.764295537568728
LOC111114028,-0.0542366538123674
LOC111131141,-0.478933286645342
LOC111113387,-1.60719141116051
LOC111137871,-0.104146360941055
LOC111119076,-0.432229456247352
LOC111134059,-0.421656150960905
LOC111114889,-0.0543803484781209
LOC111137686,-0.153161669208063
LOC111126822,1.81007056714187
LOC111106343,0.165991360765936
LOC111100351,-1.73254408324797
LOC111132644,-0.629490128646894
LOC111118798,-1.20174839303012
LOC111114555,0.719466922910869
LOC111129711,-0.483772178985361
LOC111125481,-1.63435182008857
LOC111118978,0.451556716229315
LOC111136232,1.29199561500602
LOC111136098,0.256750819642168
LOC111132541,2.53690303583603
LOC111132196,1.42185313316754
LOC111118472,-1.83961422264064
LOC111134145,0.0642963969308657
LOC111110168,0.452762658722604
LOC111134259,-0.351055917068068
LOC111107973,0.828780432953165
LOC111124976,-1.6566345858322
LOC111127391,-0.29329924319568
LOC111129380,-0.363082617571033
LOC111137827,0.350376904127969
LOC111121981,-0.841756749795185
LOC111124584,2.88303261394354
LOC111119499,0.0533389266069641
LOC111129974,-0.110314232652676
LOC111101517,0.274392422505904
LOC111109611,1.36003843455014
LOC111137887,0.462386162518186
LOC111108911,0.802243140584016
LOC111134741,-0.934149081046253
LOC111121682,-0.143651145252431
LOC111126436,-1.62629462364712
LOC111100978,-0.359079724011456
LOC111123801,-0.455115326737917
LOC111110431,-0.592129811967537
LOC111130453,-0.499932268509664
LOC111109251,1.2927480109479
LOC111129627,0.0809979289524479
LOC111134318,-1.72811038760916
LOC111121110,-0.529267470704438
LOC111109966,0.299852092724415
LOC111110320,-0.0540462254316759
LOC111114435,-1.05441957834467
LOC111128927,1.09759563542631
LOC111120548,0.431290028381642
LOC111108257,-0.215069635023014
LOC111102079,-2.27672480521252
LOC111131178,0.761018576421045
LOC111123228,-0.466545627300634
LOC111124595,-2.10726998831
LOC111130710,0.439674066566973
LOC111133508,3.1994729830667
LOC111126195,0.1082802412803
LOC111137811,-1.00638557189345
LOC111103457,-0.0544644706857195
LOC111106055,-0.0998804840010901
LOC111116842,0.331745048501142
LOC111131187,0.764374878834184
LOC111103402,-1.75031192756547
LOC111138507,0.715217835937024
LOC111105704,0.254387506100469
LOC111105382,-0.760001735866945
LOC111113076,0.148888099157391
LOC111104054,-1.31450946780402
LOC111116590,-0.134528643142521
LOC111133371,0.686152443174384
LOC111138517,-2.39075817047541
LOC111121501,0.0319920676610037
LOC111121605,-0.940755149760885
LOC111111500,-0.249553193159797
LOC111118135,-0.249435969396444
LOC111113450,-1.18087969120345
LOC111128709,-0.560172686970651
LOC111130089,-0.556790241730121
LOC111130088,0.265115993866382
LOC111126788,-1.28635064416973
LOC111117162,0.0822833563373586
LOC111136024,-0.716477458196488
LOC111138098,-0.495430692164789
LOC111126513,-0.241462742878912
LOC111136142,-0.62733867821453
LOC111102469,0.19751279420734
LOC111119311,-1.4929181475432
LOC111136873,-1.15804184296103
LOC111118158,-0.355708649217563
LOC111118497,1.18392194955979
LOC111118647,-0.525456618443411
LOC111117699,-0.672001034152255
LOC111129161,0.467372716742812
LOC111109994,-0.648236607053335
LOC111134065,0.44889061000986
LOC111117485,0.854040507509732
LOC111126775,1.38660656936373
LOC111099857,-0.149219041714897
LOC111120977,0.00139661573070233
LOC111110296,-2.00471196679466
LOC111121845,0.56835274391683
LOC111100652,-1.28012671731812
LOC111134114,-0.467353502370456
LOC111111527,0.428064450740052
LOC111124475,0.224292205266518
LOC111114589,0.185839122486542
LOC111099868,0.237427775750857
LOC111119312,-0.298458666297502
LOC111104802,-0.103062840995356
LOC111130977,2.04777638398044
LOC111104857,-0.159559326338964
LOC111107468,1.41852459309909
LOC111107067,0.528994328672391
LOC111103484,-0.358674679070224
LOC111108488,2.45761488043782
LOC111122381,-0.112280776717477
LOC111135040,-0.496854737898916
LOC111107921,0.347569091914121
LOC111130039,-1.32456388724584
LOC111137511,-0.122498444504073
LOC111126458,0.445544510944695
LOC111135090,0.506640693967091
LOC111137420,-0.87267066127694
LOC111109109,-0.0543828394130424
LOC111106057,0.0466753533461027
LOC111131099,-2.7798158403011
LOC111136885,1.15015700523861
LOC111137318,-0.0546961883085691
LOC111133989,-0.357969606372781
LOC111134519,0.0460089243084705
LOC111117514,-0.35821615012346
LOC111106442,-32.794048333883
LOC111101849,0.511601042418081
LOC111126253,0.0861998739798841
LOC111117660,0.832622802309816
LOC111133218,0.104493497243981
LOC111104158,0.525525050081628
LOC111101835,0.385809457964168
LOC111136858,-0.11678202596049
LOC111137474,-0.324183484332899
LOC111129375,0.215556343949533
LOC111108005,-7.86028875991605
LOC111127735,1.39351187659856
LOC111127302,-0.821855686239362
LOC111109604,0.249112243701674
LOC111118996,0.952101521313534
LOC111114939,-1.06606482188909
LOC111133481,0.788198590861446
LOC111102935,-0.599503247902966
LOC111116907,-0.217025966637361
LOC111101737,-1.02294470110292
LOC111132719,-0.130949740895618
LOC111111152,0.0548672193937425
LOC111119106,-0.518448147474045
LOC111108060,-0.445983526273503
LOC111123124,-2.80228526377745
LOC111133540,3.31398968925817
LOC111134376,0.681945469119468
LOC111136388,0.222827986862107
LOC111103940,-2.37602628793824
LOC111101505,-0.156303305707922
LOC111107133,-0.766727745904514
LOC111100649,-0.660898967571952
LOC111128270,2.02750420831018
LOC111100940,0.39525491391307
LOC111107604,0.295850466050741
LOC111127050,0.169054574247172
LOC111134703,-0.0761942837301562
LOC111119217,0.229434165604222
LOC111129965,0.132768407122212
LOC111136641,-0.061082806434176
LOC111100400,1.10398172342465
LOC111122242,-0.951790341103735
LOC111129562,0.916912170228234
LOC111100438,0.303214481106236
LOC111119090,0.113970359231089
LOC111116922,-0.089916411114957
LOC111118487,-1.26946542727002
LOC111101871,-0.0573892784809956
LOC111110647,-0.21992595188089
LOC111121960,0.428108917280828
LOC111115374,1.64118274901426
LOC111099521,1.12700576950707
LOC111135660,2.69931633211928
LOC111102400,0.411338720541246
LOC111107213,1.33967323394107
LOC111107327,-0.082602257677838
LOC111100367,1.30163475402115
LOC111124391,-0.345424757341336
LOC111124390,-0.540441656610142
LOC111130324,-1.83676524821986
LOC111107946,-0.160140494511468
LOC111109854,-1.16472881617029
LOC111130875,-0.00753898377907262
LOC111124479,-0.0268319089676556
LOC111127552,0.487019312737763
LOC111101512,-0.558149548319427
LOC111124837,0.439572512124844
LOC111137240,-0.441836946175181
LOC111101064,-0.0012494349236301
LOC111116873,-0.528370237849747
LOC111126325,0.432930975418146
LOC111133361,-3.90509389683983
LOC111114814,-0.211466627109118
LOC111108453,-0.150774299069237
LOC111100602,-3.0754284158381
LOC111132235,-0.747052961238902
LOC111127134,-0.641209557287355
LOC111120121,1.89890208622089
LOC111132621,1.75345036800773
LOC111135349,0.159378275865244
LOC111106836,-0.200678751545473
LOC111102855,-2.8453055137903
LOC111136616,-1.31457419650899
LOC111117620,1.70826907811278
LOC111113017,0.291073000731686
LOC111123861,0.279072037430977
LOC111128276,-0.652617211304328
LOC111128715,0.837101142963503
LOC111125935,0.269181358862327
LOC111138302,-4.76119106406967
LOC111124539,-1.08748949895589
LOC111120733,0.115652241437837
LOC111116688,-1.05078716715834
LOC111127434,-0.0260059169567069
LOC111104204,0.52710148402015
LOC111135119,-0.961536199732074
LOC111133614,-0.768921818595759
LOC111127255,0.214590602791629
LOC111112387,-1.03068869719173
LOC111135206,-1.22300659375889
LOC111135121,-1.14602582794059
LOC111133674,0.0346267926754566
LOC111101790,0.600920599902908
LOC111112228,-0.466885195130832
LOC111135563,0.364519903793916
LOC111116807,0.0863329154006766
LOC111113290,0.439294051657639
LOC111115963,-0.19833587737974
LOC111130427,1.75826792225651
LOC111118432,1.0016383553519
LOC111123833,-0.651221141659483
LOC111107087,-0.0880762881027453
LOC111137576,-0.0670248613284567
LOC111120775,3.25142083676654
LOC111121980,-0.397370019678854
LOC111129909,-4.40063290153105
LOC111122040,1.25169882994759
LOC111132559,-0.50161405195775
LOC111133924,-0.119059177904159
LOC111101291,-0.34605741228569
LOC111112006,-1.19198848513525
LOC111133487,-3.80815701862335
LOC111130617,-0.646392906085252
LOC111122244,-1.20939897196699
LOC111136861,0.490950609821404
LOC111132988,0.23526041242604
LOC111136812,0.428201644569849
LOC111128522,-3.03607405200966
LOC111129572,-0.280660706706166
LOC111112845,1.64463339724344
LOC111117455,-0.0537708280874155
LOC111102844,1.57466063246231
LOC111128105,-4.17846175513221
LOC111099567,-0.950185012408028
LOC111127941,0.297633388373426
LOC111099804,0.0931509145176312
LOC111109720,0.206311476360883
LOC111117261,0.289447198673473
LOC111102743,0.423352555114793
LOC111099622,0.366138209391718
LOC111103136,-0.0143565871543374
LOC111110175,-1.65480184926889
LOC111132309,1.05633716863327
LOC111110868,0.305340529298871
LOC111113651,-0.923636065291771
LOC111134207,-0.133213476042216
LOC111130382,-0.0322567458325292
LOC111119257,-0.0288314106235194
LOC111104765,-0.0972352350007033
LOC111125938,2.8870070321315
LOC111127771,0.347468486274002
LOC111124357,-0.560428823286889
LOC111116469,0.430868011377588
LOC111125426,3.49692448484898
LOC111111073,-0.958362084187985
LOC111108089,0.290253325431479
LOC111118056,-2.47270777809747
LOC111126056,4.01681907568024
LOC111125282,-0.0356727213212995
LOC111119712,-0.115426348080574
LOC111102780,-0.86702909861099
LOC111127789,-0.220430872661101
LOC111118248,-2.53843865167034
LOC111107989,-0.043049295864818
LOC111112149,-0.56289918720431
LOC111109868,-1.01916142991975
LOC111132561,3.30710197886936
LOC111124220,-0.329674394272347
LOC111119666,3.14914151286162
LOC111136390,-0.209999757797844
LOC111138014,-0.315060502100768
LOC111122872,0.849379172445662
LOC111134249,-0.423897380595625
LOC111109612,-0.0423600641942049
LOC111113054,0.506932775166411
LOC111106613,-8.65585758840193
LOC111131835,-1.80599692137717
LOC111126945,0.228700862081197
LOC111103794,-0.2826247980519
LOC111119138,0.30184871205337
LOC111126890,-2.02026282016476
LOC111118745,0.386584371656735
LOC111110063,-0.0159818798456853
LOC111129163,0.112970543194956
LOC111131096,2.53151529852202
LOC111130314,1.61634549907001
LOC111106541,-0.576791389247686
LOC111105999,0.764597940546656
LOC111118740,-0.0746636606081346
LOC111121277,-1.81620830908679
LOC111128481,0.428766208844774
LOC111112007,0.159231787764011
LOC111100984,-0.136591762908263
LOC111119696,-0.281636952751485
LOC111134379,-1.64116304456741
LOC111128363,0.0821806107551857
LOC111108608,0.756941761025192
LOC111100612,0.27201015472777
LOC111128608,0.0667485323701584
LOC111133388,-4.51905938682492
LOC111111677,0.130171252419717
LOC111123264,2.6139824387773
LOC111104160,-1.19933882800933
LOC111127473,0.219635222696554
LOC111100952,-0.0554703850750843
LOC111130771,0.672187826233961
LOC111101070,-3.30293810005214
LOC111135314,-1.80630919131989
LOC111132264,0.210301229831747
LOC111106237,0.372756878065402
LOC111101287,-0.899664716729982
LOC111103026,1.98311762726036
LOC111124621,2.19996749443605
LOC111131549,0.894183476633357
LOC111107729,0.10449775823449
LOC111129894,-1.12799936738319
LOC111131425,-1.10407520808747
LOC111107822,-0.0539232481839646
LOC111125435,-0.0101968395193404
LOC111124820,-0.526944014799765
LOC111125164,0.0200523011406783
LOC111103852,-0.131630047708166
LOC111119411,0.330873320527469
LOC111122439,-0.113647105266709
LOC111111836,1.81613005949132
LOC111126564,-1.34829926380067
LOC111106158,1.6635746372003
LOC111102655,0.438364461035675
LOC111105770,0.178988614593812
LOC111100415,-0.00842730877039323
LOC111130119,-1.06667596439651
LOC111130332,0.0903527176330791
LOC111119747,-0.423001227439863
LOC111106850,-0.304647268156609
LOC111135284,1.83543333720104
LOC111107372,1.56234037127865
LOC111107080,0.622441606443773
LOC111135876,-0.814010976321896
LOC111132161,0.535312982971371
LOC111106629,0.379815182255931
LOC111107034,-0.087537624530231
LOC111106626,-0.941331789873378
LOC111137220,0.301889415308061
LOC111135767,0.762090094828108
LOC111119838,4.56655793992494
LOC111120512,-3.86916716966326
LOC111131105,0.123076685475965
LOC111110954,-0.794113101116958
LOC111106492,-1.13856063344717
LOC111105259,-0.432225358797369
LOC111124361,0.904738753897599
LOC111114148,-5.06971058033208
LOC111119621,0.339296078870095
LOC111102782,0.514611184510957
LOC111104691,0.733643742087534
LOC111136118,0.198331235521552
LOC111122990,-1.99509566221695
LOC111100577,-1.60563907771832
LOC111128253,-0.707348370728956
LOC111122001,0.0801115557185703
LOC111115821,-0.397194795631461
LOC111105369,-0.145557588749332
LOC111102436,-0.124260790461167
LOC111113316,-3.08009482754084
LOC111115629,-0.105271286268692
LOC111108777,-0.425066001172992
LOC111117813,4.83935309340965
LOC111137307,1.75785232515384
LOC111124489,-1.66832934721497
LOC111106472,0.583740066128379
LOC111102975,-0.632667293435139
LOC111121695,-0.75171269929941
LOC111116158,1.21306429114219
LOC111133692,-0.789375958119285
LOC111104011,0.638277086580282
LOC111128233,-0.380209236889824
LOC111111369,-0.344862153382561
LOC111134478,0.538288510341561
LOC111123750,1.44097992500535
LOC111103977,0.596957954747523
LOC111116663,-0.221712475882697
LOC111122138,-0.455479814017749
LOC111127033,0.964837743033402
LOC111136876,1.41500090266985
LOC111118391,0.150824884428267
LOC111108763,1.4908226957586
LOC111103797,-0.335881605226661
LOC111123849,0.390942032144944
LOC111125756,-0.201126403297639
LOC111112734,1.45313317594848
LOC111133589,-0.506576552106341
LOC111133493,7.44227120435146
LOC111116730,0.847840932296751
LOC111118825,0.239893025841269
LOC111137992,0.171978786061477
LOC111133348,-0.0103607344618817
LOC111133070,-1.18982864358643
LOC111105973,-0.486118992740176
LOC111101848,0.658820904729224
LOC111137171,1.18475336337461
LOC111111169,-1.34926429358558
LOC111123531,-0.0371821941707088
LOC111105403,-0.159919642352315
LOC111108461,1.09283915928834
LOC111109169,0.0875833428224554
LOC111117129,1.08178403918358
LOC111108980,0.15402098690383
LOC111117944,0.602737760905189
LOC111137957,0.355548415518289
LOC111107265,-0.0816336752369247
LOC111137658,-0.338277770385668
LOC111099415,-0.0960180308149778
LOC111109687,0.107954470629142
LOC111128113,-1.45525335961658
LOC111113196,2.43492077020119
LOC111127975,2.318999538334
LOC111107677,-0.755408593018653
LOC111108484,2.37953536873317
LOC111124466,-2.28055920523582
LOC111111172,-0.628418988710365
LOC111119215,-0.0904135025887514
LOC111108193,-1.72745047060564
LOC111104318,-0.0107829822864169
LOC111126370,-8.11723063684291
LOC111133148,-0.528857227224037
LOC111113793,0.183202673010584
LOC111130334,-4.61965951064897
LOC111137012,0.706383912586172
LOC111114407,0.615753453688189
LOC111120694,-0.337136816377251
LOC111114819,-0.917487626102533
LOC111137949,-5.87115120084046
LOC111136841,-1.1136060429414
LOC111107140,0.0327201837112029
LOC111102417,0.260870434588263
LOC111101671,2.87119362229999
LOC111130834,0.561593461253195
LOC111102122,0.622252259458897
LOC111130577,1.18164467774998
LOC111108439,0.745286680492141
LOC111122161,0.522960678274297
LOC111110034,-1.63018151357646
LOC111137497,0.258040376173801
LOC111110198,0.784962268920015
LOC111137109,-0.345164826818331
LOC111104552,0.368648440381284
LOC111120629,0.0646874551017271
LOC111137518,0.10735068363794
LOC111120944,5.77214586927508
LOC111129734,0.248437643197967
LOC111124008,1.18511661638202
LOC111112354,-8.96696782325172
LOC111102495,-2.49653459413337
LOC111135165,-1.01815926821117
LOC111123048,0.388633677437546
LOC111109117,0.268154332986703
LOC111124892,-0.277287632559837
LOC111106143,-0.0431957340602328
LOC111122976,0.728015567527099
LOC111125296,-0.758484121936518
LOC111106646,-1.13291899512264
LOC111103588,-0.469160354129903
LOC111103874,0.156337987661412
LOC111119505,0.139172708679238
LOC111104638,0.079038912438426
LOC111135526,0.69756593793577
LOC111126541,-1.10321831215874
LOC111130449,0.303381949312894
LOC111102718,-0.710189942685175
LOC111106033,-0.0278314040298754
LOC111134630,-0.238666322714566
LOC111112117,-4.09142409170334
LOC111124345,-0.0988191664756461
LOC111138241,-2.6565726769268
LOC111114286,1.81651744432871
LOC111111239,0.00307381608457361
LOC111126936,0.00472933859202264
LOC111106577,0.305095485662333
LOC111100401,-0.249617946296284
LOC111123777,0.123527254665061
LOC111136249,0.104470588792759
LOC111107512,1.00507338421034
LOC111130944,-1.98709519993548
LOC111128273,0.364473911208659
LOC111100662,0.400878785713614
LOC111135244,1.26239901695995
LOC111109926,0.307809745617728
LOC111116234,-0.118464508385685
LOC111118801,1.12419058998269
LOC111114332,-0.495454410322924
LOC111135650,-3.36026130620209
LOC111134289,0.200378594040451
LOC111111381,-0.638733285920937
LOC111125974,-0.657506004236372
LOC111133450,-0.255684805949376
LOC111135240,-0.51279919865499
LOC111122426,0.296122948388388
LOC111100560,-0.564596506704907
LOC111110399,0.626742041128462
LOC111126159,0.519846057641736
LOC111129092,-0.491962503860146
LOC111126982,-0.446128884439648
LOC111118612,0.0587960722712606
LOC111109052,0.505893137356983
LOC111118462,0.594350189054953
LOC111109135,-0.515207161289237
LOC111103950,1.64434710748424
LOC111132199,-0.605345910243775
LOC111136521,0.188093398973201
LOC111137256,0.864113469789682
LOC111136915,0.214344304484254
LOC111129511,-0.0960651709241573
LOC111119108,-1.27096739029056
LOC111125829,1.92502426144681
LOC111120550,0.977163948710639
LOC111113778,-3.83217521741836
LOC111127954,-0.157300519181909
LOC111137329,0.952059923322844
LOC111106880,-4.66550055657729
LOC111106883,-0.209740876211901
LOC111130351,0.479674664280406
LOC111103449,-0.109818456942704
LOC111134449,-5.00118593868486
LOC111119462,-0.433200767984616
LOC111128837,-0.517400986374322
LOC111120230,-0.311870170991499
LOC111100694,-1.11831341290678
LOC111100870,-0.137671293551688
LOC111132456,1.22235536722919
LOC111122377,3.10604108005803
LOC111104067,-1.55785285031846
LOC111121675,-0.638006995302136
LOC111120009,-1.61153055681064
LOC111099823,-0.461854197298857
LOC111128836,-0.0163976462814762
LOC111116998,-2.05259125452679
LOC111134312,-1.84083939371876
LOC111133749,-0.268906224566288
LOC111118453,1.19264549750869
LOC111123899,0.136797519445958
LOC111118879,0.338579247050706
LOC111113280,5.84645843061684
LOC111127835,0.491231433524921
LOC111103192,0.526004514269493
LOC111127399,0.0940454038158714
LOC111104574,-2.42542279851994
LOC111124451,-0.614497895077125
LOC111134545,1.108959085078
LOC111125341,-0.785937911024442
LOC111127848,-1.17915587473587
LOC111124238,-0.57093206351537
LOC111128137,1.72137353374416
ND4,-0.482711359160565
LOC111105594,-1.25832417979531
LOC111108197,1.11557783626069
LOC111104349,0.06511784523571
LOC111124902,-1.21463479230337
LOC111112591,-0.101167696659747
LOC111100108,0.0776937586989434
LOC111134691,-4.28214875772918
LOC111115910,-2.14564222686311
LOC111137161,0.262485727039249
LOC111128720,0.117073990760223
LOC111105709,0.386530779315153
LOC111133106,0.0355461726800599
LOC111125946,-0.0335193924127544
LOC111137053,1.26647685893303
LOC111122926,0.220797056465622
LOC111133522,-1.16937613006536
LOC111127049,-0.412919122418673
LOC111132341,-0.221986430993717
LOC111109506,-0.895267856472782
LOC111125508,0.829932518088694
LOC111137926,0.0344401806579958
LOC111129339,0.106742659575333
LOC111102528,4.5355793580877
LOC111113236,-0.0974872189029348
LOC111137776,0.290214937314564
LOC111107029,0.972163050243334
LOC111115156,0.200753119293916
LOC111112828,-0.497947086301872
LOC111119179,-0.2648621908252
LOC111134635,-6.00349799079413
LOC111124802,-2.32377083539677
LOC111124194,0.345054579920052
LOC111117964,0.915116868293523
LOC111100688,1.07723952396561
LOC111117852,-0.0708060971012505
LOC111134483,0.0221859177001956
LOC111115675,-2.91945095228379
LOC111118389,-0.758227884733
LOC111099520,0.528042596993621
LOC111131149,-0.0545381575789514
LOC111133298,-1.85129194350423
LOC111100971,-0.109030294585091
LOC111099697,3.55542667419701
LOC111134852,1.47444752690105
LOC111106276,0.083673790105684
LOC111103927,-0.281699149193403
LOC111127090,-0.226852746795569
LOC111107121,-0.302275347972305
LOC111100851,0.192916266128718
LOC111103322,0.115639775222281
LOC111120565,3.21415344570504
LOC111100455,0.590205783239407
LOC111123415,0.818482820361528
LOC111119253,0.222938381467547
LOC111102593,-0.623446304737364
LOC111116667,-1.95442270627847
LOC111110432,0.412009451588556
LOC111111478,0.351888091360583
LOC111120042,0.166708492904765
LOC111111300,-0.221450046732751
LOC111128002,0.531930280472784
LOC111105256,-0.0973354478919646
LOC111102849,-0.52338190071333
LOC111106569,-0.736994913214871
LOC111104584,-0.442848575736534
LOC111129221,-0.322962341286166
LOC111125790,-0.11037999278665
LOC111130551,-0.0574214552496647
LOC111129603,0.314749145672267
LOC111110920,0.621805537905862
LOC111136211,-0.0388221476592691
LOC111135494,-0.187854353234739
LOC111111867,-0.828057045486834
LOC111109922,0.0768342410758499
LOC111136787,-0.0777314082906947
LOC111124651,1.52623421061995
LOC111114295,0.4890045339941
LOC111111982,-0.528386806057414
LOC111132876,-0.00171364497106658
LOC111103164,-0.257222617921036
LOC111127424,-0.314223608016844
LOC111104925,0.769575951052426
LOC111128052,-0.441810408233281
LOC111114558,-1.87328392311008
LOC111122081,-1.11686388002746
LOC111119594,0.271175769675582
LOC111126720,-0.169411203238657
LOC111107939,0.377427711522186
LOC111117627,-0.173092369786124
LOC111103258,-0.0682962737563843
LOC111134783,2.18564440473844
LOC111116982,-0.723248859820322
LOC111133491,1.02773007895852
LOC111124079,1.72606027056471
LOC111121912,0.364823168742867
LOC111133566,-0.0831602557179526
LOC111109298,0.0382197092336616
LOC111123680,-1.86275055355198
LOC111121192,0.226695696512234
LOC111124943,0.61003050150178
LOC111128707,-0.38596088159986
LOC111131439,-0.0118666329167419
LOC111100380,0.533859315903633
LOC111105587,-1.10779320756782
LOC111137514,-0.248225812333721
LOC111135571,-0.0421121919971582
LOC111138208,0.361877327994728
LOC111124629,-0.187114776770684
LOC111118247,-2.374082018661
LOC111107400,-0.131788846789363
LOC111133728,-1.03101367822987
LOC111128045,1.04897962918963
LOC111135293,0.953899760378163
LOC111134761,-0.695624156306012
LOC111103820,0.395002555664395
LOC111105897,5.57616435641335
LOC111118912,-0.309102614143173
LOC111125050,-0.689560767932403
LOC111116019,-0.343822274792299
LOC111126215,-3.65884838097947
LOC111106853,-0.00120120886927629
LOC111106644,-1.8421056341431
LOC111099040,2.53732282192832
LOC111137135,0.0570779909275037
LOC111107156,-0.465710630100155
LOC111121429,2.8536759594976
LOC111130659,0.147016058783243
LOC111130808,0.10441940548386
LOC111130151,-3.98603437214934
LOC111125307,0.704785735072584
LOC111134255,0.585321813491552
LOC111099755,0.687775879457804
LOC111129023,0.0551973713757793
LOC111108684,-0.00460169534935249
LOC111127410,-1.73679947818554
LOC111128054,-2.69206969723921
LOC111100236,-0.227335388633284
LOC111130743,-3.05380974669803
LOC111127584,-2.65867666667046
LOC111124494,-0.22185058273877
LOC111104570,-0.462538640579101
LOC111105636,-1.76945431844816
LOC111123718,-1.16731831513135
LOC111117335,0.0857232240223185
LOC111131840,0.663647150620457
LOC111119398,0.467595803868992
LOC111099706,0.958838863029012
LOC111122814,0.18963216918165
LOC111101478,-1.22213053990705
LOC111113410,1.28557911775809
LOC111121916,-1.08171962866828
LOC111130641,-0.251113448100452
LOC111135686,1.70736702207415
LOC111113091,-0.907545117339389
LOC111102485,0.386859191400166
LOC111104680,0.393582805625736
LOC111110239,-0.272717012345428
LOC111112659,-0.390129789878224
LOC111124699,-2.41483292197019
LOC111101827,3.04047560694108
LOC111118200,-0.064930724949047
LOC111102941,-1.27063541019134
LOC111137498,0.512780347617459
LOC111110504,2.43890386807569
LOC111125830,-0.760167398592262
LOC111117289,-0.681462360816934
LOC111136596,0.290825590141774
LOC111122237,-6.75704511876693
LOC111135082,0.315351166258508
LOC111107807,-0.116118332876951
LOC111124698,-1.84250061646077
LOC111110197,-0.186905291205974
LOC111136722,1.60393701227305
LOC111125759,0.63105029750359
LOC111138262,-0.372214101033091
LOC111133464,0.499711179447174
LOC111131644,-0.183203258743295
LOC111123889,-0.533018403122712
LOC111111493,0.119138825536547
LOC111133129,2.15459613686377
LOC111106368,11.6860706486092
LOC111135124,-0.193459015767407
LOC111104464,-0.109433466001825
LOC111132210,-0.646502774745129
LOC111135665,-1.55333280731836
LOC111137720,-0.855361992860401
LOC111111980,-0.0504010969593444
LOC111137006,-0.765103395530734
LOC111113026,0.102987213574316
LOC111109975,1.4522865799204
LOC111108594,6.67868370470119
LOC111111873,-1.12062400316516
LOC111099818,-0.735221026818662
LOC111111015,-2.0044389026391
LOC111121618,0.104410840291205
LOC111104352,0.358822534723945
LOC111114587,0.0974237750249377
LOC111137014,-3.52366008277044
LOC111103061,0.6433575868098
LOC111102259,0.425205189198595
LOC111112892,0.572541330288815
LOC111099735,0.976020314442174
LOC111121606,-0.576859333225213
LOC111119801,0.500369544145025
LOC111116863,0.0171127572848024
LOC111100325,4.26164364294407
LOC111116467,0.551177132019724
LOC111125868,-6.33822644236582
LOC111136740,1.01091266448663
LOC111138428,-0.0291657563998064
LOC111132645,-0.21308296722529
LOC111114075,0.0733671123545777
LOC111138107,-1.14483713819493
LOC111125567,-0.0842674513940495
LOC111137057,-0.507464777114326
LOC111105684,-0.607250041612768
LOC111134558,-0.576610300737569
LOC111123322,1.23057349941716
LOC111120887,0.340686846328602
LOC111123058,1.28617872529324
LOC111110105,1.85044521111574
LOC111104066,0.482947045649149
LOC111134427,-1.14101652521629
LOC111109980,0.444111392430585
LOC111132731,0.102347210557007
LOC111131858,3.73071965434171
LOC111133770,0.034553075662585
LOC111125754,2.23270856245992
LOC111135951,-0.00153616370416601
LOC111137099,4.52456565045224
LOC111126643,-0.66095881070236
LOC111112926,0.037957321336206
LOC111127858,3.00211003160011
LOC111133823,0.0542585353492386
LOC111101072,-1.36305745703942
LOC111124177,0.981677726381845
LOC111101135,-0.16795090747213
LOC111104019,2.18341841650084
LOC111116232,0.677321687268804
LOC111129028,-1.05064703914963
LOC111122815,-0.31832711092244
LOC111114988,0.434538293816992
LOC111119915,1.90485679036506
LOC111133042,1.7129564220607
LOC111130444,-0.101716137210863
LOC111103956,-2.10019940661395
LOC111104517,-0.135551468049731
LOC111111658,0.384703923768982
LOC111134705,0.116825084255052
LOC111129107,-0.0424961615490407
LOC111099862,-0.158859857111217
LOC111105439,-0.543145578486955
LOC111103765,-1.35414951418849
LOC111113452,0.562217749782163
LOC111111105,-1.18982921846009
LOC111130663,0.0482892479669164
LOC111102139,0.937565074231049
LOC111110027,-4.5036277140942
LOC111125061,-0.260480275822239
LOC111136151,-0.303621725916461
LOC111138343,0.763079072318595
LOC111111442,-0.0937786516972251
LOC111101470,-0.476070123489523
LOC111134548,0.920183912477917
LOC111125999,-1.85652547746176
LOC111127464,0.0573087632025421
LOC111108217,1.16153359579973
LOC111131172,3.19468945675444
LOC111135597,1.41205896042973
LOC111118260,-0.179043071759257
LOC111111826,-0.262460100008631
LOC111110897,-1.07577900995954
LOC111110896,-10.6799030579458
LOC111134547,-0.117190798937099
LOC111109916,-2.22871912912876
LOC111102444,0.6929194368715
LOC111130288,-2.69038472739053
LOC111137239,0.74788799838575
LOC111136780,-1.09596841261081
LOC111125944,-3.29458386433457
LOC111126934,-0.212171777883859
LOC111108268,0.0641507081287283
LOC111120951,0.329568092850109
LOC111104472,3.95724724238195
LOC111120968,0.0958796315781063
LOC111130833,0.171365648892644
LOC111121759,-0.0852818431090072
LOC111101438,0.213082958013434
LOC111120568,1.58961062707465
LOC111101037,-1.14675885526106
LOC111120364,0.961591695716568
LOC111105277,-1.36645297160409
LOC111136496,-0.0211495255428752
LOC111100596,-0.316748080178959
LOC111117952,0.451557226330369
LOC111136566,1.57768305867419
LOC111126783,0.0374061270790684
LOC111124509,-0.516060636150753
LOC111125332,1.07704433182829
LOC111125305,-1.41024181016131
LOC111137727,-1.27998421573819
LOC111119588,-2.39555172143403
LOC111116462,-0.297924397441034
LOC111100317,3.61099015683666
LOC111100293,-0.568470301372594
LOC111129877,0.150829777780617
LOC111120385,-10.9202392321463
LOC111123033,-0.837873605972349
LOC111129461,-0.364217151293434
LOC111102004,0.94844661980339
LOC111109272,-0.0281290654071391
LOC111107258,1.07615151890909
LOC111128846,0.203721572643572
LOC111115706,0.555118972187511
LOC111132870,0.573033888001719
LOC111127368,0.268161753679203
LOC111111098,0.38024224441977
LOC111099106,-0.0843256621180313
LOC111138365,-0.218789175659824
LOC111100022,0.0754636367910347
LOC111132633,0.104499704487389
LOC111103656,0.0578806457005286
LOC111116830,-1.65385438061445
LOC111136802,-0.422996779804078
LOC111119087,0.642895073171152
LOC111117974,2.19946703966118
LOC111124157,-0.0961611096000501
LOC111129286,-1.24845799519113
LOC111109747,-2.81134607228099
LOC111121369,-0.602343397875649
LOC111131845,-0.439842869549799
LOC111123951,-2.10531962134149
LOC111106107,0.0899806880102622
LOC111126969,-1.28550143210468
LOC111121107,0.367822971223998
LOC111117685,-0.274679128013397
LOC111111396,-0.331662601869102
LOC111110743,4.70718116278349
LOC111127379,0.813098212301763
LOC111120754,0.613862538551357
LOC111136870,-0.06004732278723
LOC111112890,0.24861879320122
LOC111130876,-1.39858382281009
LOC111120103,-0.552035593443769
LOC111102233,-1.58665539138763
LOC111131333,-0.595541475447789
LOC111099132,-0.21588326156434
LOC111121418,-0.16801859862703
LOC111105788,-0.0612758499826131
LOC111122396,0.297690470778003
LOC111125708,0.895718479431058
LOC111112581,4.15972986151446
LOC111118096,0.082796287246937
LOC111107500,-2.85536295071873
LOC111113359,1.18623268335143
LOC111121998,-1.39105321913462
LOC111124956,0.100090896231812
LOC111127782,0.890778103851813
LOC111129586,-0.259662947735642
LOC111102357,-0.674667781226718
LOC111120947,0.705523878369309
LOC111136855,-0.171002247666137
LOC111136190,-1.27204491265095
LOC111132055,-0.288791925299307
LOC111099469,2.3528469093415
LOC111126361,-1.35549415192553
LOC111134391,-0.9059480600673
LOC111105409,0.102144895371462
LOC111135538,-0.106446835703597
LOC111136503,1.58579257744622
LOC111135822,0.0347419025858815
LOC111127242,0.519471207085018
LOC111128292,-0.00495596120004285
LOC111135245,1.84236223461944
LOC111135489,0.162786364978959
LOC111108591,1.19600628217599
LOC111115401,0.163234975086742
LOC111124986,-0.954553886919191
LOC111105839,-0.144046848313992
LOC111134760,0.104486694421123
LOC111130587,-0.0672481401833478
LOC111105703,-0.552350449450787
LOC111119221,0.0508135510615183
LOC111135878,-0.389124223755089
LOC111128590,1.11242051004321
LOC111138128,-0.899215706622286
LOC111128956,-0.419285792990584
LOC111125156,-0.748560471744185
LOC111122911,0.711542644625002
LOC111111227,-0.0382636792951564
LOC111132133,-1.26984073137536
LOC111113428,1.09356112079398
LOC111123133,-0.386231454944498
LOC111131516,0.038513316622236
LOC111112989,0.442416598708048
LOC111099866,-2.98877891240693
LOC111102626,-0.0202798763866418
LOC111136607,0.268198193231603
LOC111128634,-1.45617882399252
LOC111127032,-0.28329863676268
LOC111102686,-0.66164111393592
LOC111099740,-0.837918889088451
LOC111136034,0.818471218134076
LOC111104852,-0.445097096270282
LOC111108704,-0.57725121953594
LOC111124169,-0.120653367259618
LOC111111675,0.602847538697978
LOC111129607,3.06601946383224
LOC111130094,-0.017070003152764
LOC111120702,1.52482379940446
LOC111136513,-0.486399134253021
LOC111116941,-0.655742365795243
LOC111112177,0.263812689193001
LOC111100910,-0.67616936470124
LOC111123584,-2.73303218628421
LOC111126296,0.141702446554369
LOC111136075,-0.204767139131121
LOC111125866,0.313887793356267
LOC111118079,0.167514017209259
LOC111136677,0.78554034994923
LOC111131498,1.30475082886998
LOC111102459,0.449087948287631
LOC111107287,2.31381578245308
LOC111111564,1.35087712802103
LOC111110323,1.2181872546233
LOC111116750,0.19190222633803
LOC111129613,0.108175472796608
LOC111128979,0.257358975216654
LOC111127601,-0.0248706802886931
LOC111113505,-0.0866059355050789
LOC111104713,-0.166270532109032
LOC111127781,-0.0329626979748864
LOC111118876,-0.0652437568699802
LOC111110116,0.809763680741671
LOC111127274,-2.03526127336878
LOC111125952,0.436318954401638
LOC111123047,0.299128236038922
LOC111135992,0.344416932670668
LOC111119180,-0.0313069668050674
LOC111125671,0.45500748510997
LOC111134957,-0.715397912429035
LOC111125340,-0.101525034190542
LOC111099628,0.689762084972965
LOC111121671,1.74315530180243
LOC111110187,0.514629719860164
LOC111126243,0.672370821236718
LOC111102995,-0.0429262958095573
LOC111127861,-3.81060407664779
LOC111134786,0.419230203665787
LOC111106934,1.80327392391071
LOC111118293,-0.306930829664832
LOC111126869,1.24713059799479
LOC111125179,-0.212026218286872
LOC111129522,0.302175559777338
LOC111138232,0.395043618457797
LOC111128572,-2.51472727866772
LOC111126995,0.814729424237906
LOC111121905,-0.0706388081324285
LOC111135420,-3.3936809273634
LOC111111446,0.144980387629798
LOC111136327,0.34611105781103
LOC111132314,-1.6609531243739
LOC111112558,-0.79522265670563
LOC111127744,0.170743551859179
LOC111135152,-0.360653090670933
LOC111126263,-0.0180188972432725
LOC111122121,-1.79989836183462
LOC111132872,0.0792200456204664
LOC111110122,-11.330946968649
LOC111122130,-0.201688248555744
LOC111125348,-0.0477553426995853
LOC111133995,0.683288536685209
LOC111130593,-0.204569376632874
LOC111116616,-0.0910109110417569
LOC111118209,0.855798268862755
LOC111122015,0.507890551580042
LOC111101378,-2.28343626386167
LOC111123479,-0.906860556870351
LOC111122291,0.0650840551293528
LOC111119929,0.183268295172714
LOC111114914,-0.00756929067763209
LOC111122817,0.271346503019085
LOC111115823,0.556704675698888
LOC111135862,1.04807296727202
LOC111104926,0.0870084046309436
LOC111129747,-0.342100677154378
LOC111116111,0.281004459214876
LOC111132136,-0.134818552232104
LOC111132672,-0.179659430602599
LOC111100068,-0.379037235247569
LOC111116457,-0.5095272557725
LOC111122500,3.23534733326427
LOC111135056,-3.96591356199411
LOC111099176,-1.33372213889235
LOC111129879,-0.507452621483851
LOC111138137,1.06042346590229
LOC111135620,1.62648855154453
LOC111119857,0.182078507184809
LOC111104376,-0.577046468152569
LOC111121147,-0.536105657237117
LOC111130951,-0.845319427240579
LOC111117425,-0.748598850159499
LOC111136585,-4.27519453896149
LOC111120034,-0.653461237217417
LOC111118393,4.3279226110862
LOC111137550,-0.536550264408696
LOC111133398,-1.62932279517449
LOC111120251,-0.101799873819259
LOC111128921,0.0421217196383872
LOC111137940,0.0817019348732081
LOC111104294,-0.355019680604224
LOC111127106,-1.12690994859084
LOC111120234,0.0761008001153913
LOC111124424,-0.448692238625131
LOC111108683,-0.941028251636358
LOC111134553,-0.0164734905535927
LOC111119281,0.238236670174781
LOC111124745,-0.000170507109258022
LOC111099054,0.514692205204002
LOC111107463,0.370906645735486
LOC111135695,-3.44905308490552
LOC111105531,-0.517686054769841
LOC111121219,0.273429370092873
LOC111113371,0.774768885698744
LOC111135779,0.664195543729618
LOC111121699,-0.42363401757672
LOC111123816,-2.99581766095458
LOC111125622,-0.530746912251129
LOC111121109,-2.20320759054927
LOC111121032,0.427552707703254
LOC111136442,-0.24712245522953
LOC111119114,-1.3465392489538
LOC111099450,10.1559361252948
LOC111118333,0.298392261657237
LOC111120474,0.0207302603652396
LOC111114579,0.399942078935197
LOC111130676,0.713314125793672
LOC111103835,-5.55550822124255
LOC111111679,-0.850813579295177
LOC111117374,0.0683617763524343
LOC111110146,2.5723245640005
LOC111124622,0.953561397911925
LOC111103493,0.183969107258395
LOC111103492,-0.249689822866356
LOC111106509,0.2577082746696
LOC111134781,0.555818838889352
LOC111117525,3.30515587164889
LOC111135887,-0.780990889742671
LOC111106298,-0.491831655791346
LOC111132045,1.29768091034082
LOC111134529,-0.534627145333573
LOC111137257,-1.87623547881665
LOC111107425,-1.87397613119725
LOC111138405,0.15429160278242
LOC111112794,1.8770530926256
LOC111120208,0.10454472067206
LOC111124682,-0.362534687014684
LOC111127820,0.939009823681759
LOC111106466,-0.617065721600457
LOC111115395,0.620708884982844
LOC111105741,-5.26230772217771
LOC111104799,0.138045260376665
LOC111135719,-0.0238649490569748
LOC111109835,-0.140892255415647
LOC111127219,-1.06370594158155
LOC111110371,-0.167560875762788
LOC111131243,-0.216369342525419
LOC111101387,1.83497951558454
LOC111109778,-0.306087539795977
LOC111121320,0.332903353299557
LOC111108597,-2.34464656563961
LOC111137068,-0.370069265206252
LOC111126521,0.0906337381924691
LOC111133276,-0.375045238222284
LOC111131034,0.731177697968758
LOC111135929,-0.0609904515308228
LOC111136297,1.07087975995847
LOC111118680,-0.132654174020546
LOC111111615,-2.03132731308495
LOC111117869,-2.76591053346916
LOC111104002,1.6068215543506
LOC111112359,-0.0914857999320389
LOC111127759,1.58929866393298
LOC111111511,8.62126940882257
LOC111103018,0.483628790215234
LOC111100604,-0.311001227796992
LOC111116486,-0.122238700322588
LOC111138104,0.593327536884702
LOC111111562,0.04189940873477
LOC111116950,-0.674398807446307
LOC111112593,-2.03959208487327
LOC111114553,-0.315841607331005
LOC111121848,0.635270026727587
LOC111104419,-0.156499964695305
LOC111125451,-1.34289263245866
LOC111121879,-0.0405267392186605
LOC111119875,-0.367093801989104
LOC111122643,1.8140954518305
LOC111116715,0.570954840314361
LOC111133983,0.873544162421762
LOC111130350,1.22035107908006
LOC111127772,-0.177482229988988
LOC111110292,0.604125371803273
LOC111126545,0.515421957319814
LOC111133349,0.311072923295352
LOC111126295,-4.09463783428497
LOC111125409,0.288859646529932
LOC111129903,0.673649635359545
LOC111138521,1.02266055277188
LOC111135993,-2.91238396032779
LOC111111733,0.0401734249160153
LOC111136602,-2.37838266246979
LOC111106292,0.199460771271738
LOC111109716,-3.50766353274861
LOC111125412,-0.0817336133681401
LOC111136288,-0.873083324170609
LOC111131170,-0.140042052906601
LOC111111233,8.64384373171394
LOC111126109,-1.38615131918983
LOC111130129,1.76059147802954
LOC111116382,0.676848246134989
LOC111133224,0.00496356047734498
LOC111137772,0.346239598240889
LOC111130282,-0.460748273523337
LOC111128280,5.24811486430652
LOC111114642,-0.257020985805983
LOC111114460,1.02826050001641
LOC111108679,-0.445209343169908
LOC111129838,-0.239227540917914
LOC111109825,0.245608400528777
LOC111127816,-0.522382351878595
LOC111104655,1.34826550961932
LOC111107892,-0.146054042415692
LOC111117683,-0.429110143834615
LOC111127202,-0.231093095850993
LOC111121666,-0.654565536442414
LOC111122899,-0.710869482047986
LOC111128728,0.324818797858028
LOC111128727,-0.289948921749433
LOC111123035,-0.176101832773231
LOC111099825,-0.131294138281647
LOC111138224,-0.698205793113409
LOC111120998,2.23772314262836
LOC111121244,0.170998371042843
LOC111122639,0.245714868978706
LOC111100899,0.412337087549208
LOC111128893,-0.606463787804955
LOC111134394,-0.731060731564569
LOC111124941,-0.0317908741155684
LOC111100509,0.425224510653855
LOC111124643,-0.117701486944332
LOC111106261,2.11178340700453
LOC111121538,-0.66511793104782
LOC111110070,0.283186205543072
LOC111121866,0.767024862785938
LOC111138247,-2.10736417192837
LOC111103629,-0.00122467929991143
LOC111128860,0.789229904267622
LOC111128026,-0.810686127363713
LOC111109878,1.1651635404046
LOC111126507,-0.255567811539763
LOC111136478,0.793131778022449
LOC111138081,-0.141312488206301
LOC111103048,2.10486843562159
LOC111131602,-1.33217786894062
LOC111134682,-0.254306755321696
LOC111101410,0.0310117177421705
LOC111122306,-0.240183715840191
LOC111110486,-0.0657670480263752
LOC111100904,-0.209994091835653
LOC111130697,-0.0440168225818002
LOC111107996,-2.1501360444558
LOC111104451,-0.306032733044575
LOC111118124,-0.0157359650406822
LOC111134620,1.06287762093344
LOC111106523,1.54569346916616
LOC111134100,-0.163207424832903
LOC111104644,1.68635394177759
LOC111132623,-2.43946210177519
LOC111107106,0.0194312568856566
LOC111127249,0.402718377906845
LOC111103561,-0.0414201076840023
LOC111133718,-0.101526675954422
LOC111126760,0.41547020556846
LOC111129317,-0.1457502831049
LOC111106932,-0.0534834577583506
LOC111131411,-0.785332628377264
LOC111114528,-0.0927407436136796
LOC111129143,0.732619210021822
LOC111125826,-0.105791775756142
LOC111132032,0.0572189233527757
LOC111135345,-1.17686080599332
LOC111136106,3.41225592383174
LOC111127860,4.27278534117867
LOC111135888,0.257849979728988
LOC111135886,0.0397056394677714
LOC111131070,0.186967762812586
LOC111117038,-1.09761573576723
LOC111122995,0.0330629114563534
LOC111128398,1.81525915255071
LOC111109224,0.0683235148330293
LOC111101773,-0.494907170625111
LOC111115745,0.361429701921935
LOC111103185,-0.355384118024371
LOC111111780,-0.903933049156548
LOC111130343,-0.382620535078523
LOC111126463,-1.50986696312293
LOC111123208,-0.277077025687044
LOC111117340,-0.0558192958766865
LOC111138327,-0.0101605980141148
LOC111126304,0.324579395165069
LOC111106092,-1.20309743399632
LOC111119080,-1.57403213160384
LOC111132884,1.01874633388148
LOC111118786,-0.205869055900604
LOC111128472,-0.140917318812464
LOC111113358,-0.31188700559631
LOC111128246,0.237127778650521
LOC111119845,3.30656962958598
LOC111121161,3.26295226463591
LOC111130622,0.088850926815556
LOC111119785,-1.13139387126627
LOC111125596,-0.730392046758858
LOC111129605,2.71054528039417
LOC111133363,-3.00986431030066
LOC111119251,2.59622189681652
LOC111104122,-1.39836502089291
LOC111110811,0.254652228246756
LOC111100339,-0.703751287862904
LOC111110395,0.0250590480576137
LOC111136170,-0.123705528263182
LOC111138121,-0.00392327078231299
LOC111138219,-1.08320501253329
LOC111134199,-0.506275515997534
LOC111103339,0.645209476039746
LOC111137277,1.12719461091403
LOC111131849,1.02910820964794
LOC111106432,-1.24518906939144
LOC111126865,0.017533049637387
LOC111101459,0.482064542219601
LOC111124768,-1.66540395378125
LOC111125741,2.19327724895505
LOC111104055,-0.701342055618083
LOC111124472,0.615792488503569
LOC111128805,-2.36224194875714
LOC111106668,-1.07348326196435
LOC111127143,-0.731301457773328
LOC111136956,-0.163754936523279
LOC111114840,0.0914880400410222
LOC111112362,-0.0699960438287133
LOC111136290,-0.404682740998933
LOC111134774,1.0065633373463
LOC111134522,-0.21070968728968
LOC111134521,-0.444620620702973
LOC111121480,0.206138072964957
LOC111100944,-0.0985437136083689
LOC111100673,1.58150906994482
LOC111137693,-0.0354744208822613
LOC111131229,-0.628469472741169
LOC111103434,-1.35376598213114
LOC111118904,-0.419130799945994
LOC111100937,1.93699573711883
LOC111112496,-0.153986088991134
LOC111136215,-0.153156633531652
LOC111135153,-0.371489195852687
LOC111124316,0.752600375489653
LOC111121281,0.115870973068658
LOC111128802,-0.237259925547399
LOC111113293,-0.191542867295788
LOC111100518,-0.177170653614301
LOC111113162,-0.119022456224518
LOC111131763,1.11160245788236
LOC111115158,-0.333625145491185
LOC111119010,0.554745207230198
LOC111126465,1.23273536599024
LOC111118388,-1.01330067312731
LOC111124265,-1.58254666433533
LOC111124679,-0.263509938308049
LOC111127173,1.15925029275877
LOC111123032,-2.24051133905622
LOC111132991,-0.319322185448855
LOC111122366,-1.52362250037646
LOC111137218,-0.280049264659872
LOC111133779,1.47344601024902
LOC111099589,2.33014788029178
LOC111119240,-3.0918163482704
LOC111126737,-0.320795522270894
LOC111119325,0.711833326783536
LOC111113435,-0.120268234112704
LOC111134127,0.167825070199743
LOC111104586,-0.17503347026514
LOC111134928,0.0610764719351242
LOC111112599,-0.574814228128835
LOC111136279,-0.213002835046469
LOC111115695,-0.34421106205641
LOC111107088,-2.3549933606607
LOC111125576,3.34907341200956
LOC111127864,0.254650798258235
LOC111126305,-0.952967467626812
LOC111137238,0.00183659024596939
LOC111111471,-1.90657891427177
LOC111111397,1.26862269612442
LOC111126136,-2.07865541782644
LOC111124649,1.36984319324344
LOC111120783,1.29664393837073
LOC111125779,0.444254273848839
LOC111136990,0.599932900081415
LOC111122696,0.903397649785139
LOC111123378,0.395810147512945
LOC111119368,0.0179473106769135
LOC111104440,-0.0384069885216593
LOC111108025,-0.446486010477205
LOC111133943,-4.61875110857578
LOC111137702,0.142857688505348
LOC111132914,0.184542838452837
LOC111110135,-0.74376331872196
LOC111136144,-0.18429464698467
LOC111130251,-1.13913465502328
LOC111134866,0.179461171037336
LOC111101289,0.188068791069316
LOC111108335,0.952060302895702
LOC111104075,1.96220991325245
LOC111116204,-0.0711618359069744
LOC111102001,0.411150858143997
LOC111131342,-0.273120426438761
LOC111107268,0.558403097842604
LOC111128350,-0.511695392121905
LOC111112905,-0.727549285330882
LOC111120725,-0.0148098982240753
LOC111126893,-1.13796899973644
LOC111102518,-1.20079155788334
LOC111118756,0.104275221964728
LOC111115269,1.35157447516172
LOC111099754,-0.28790919244106
LOC111119734,-0.155561476047035
LOC111128057,0.646149887783373
LOC111126785,1.31920988173686
LOC111126186,-3.21031233572024
LOC111102393,0.693951440877234
LOC111122210,0.479547827477344
LOC111128873,-0.28877510536719
LOC111124227,-0.186877870184509
LOC111136143,1.46113509273566
LOC111105437,-4.31575046314969
LOC111131506,-0.457701444805048
LOC111112987,-0.158036800190249
LOC111113067,0.00458420665247554
LOC111129189,0.187878442282946
LOC111132944,-0.130289958241238
LOC111118086,-1.04604375605592
LOC111129840,1.17073135775334
LOC111099097,-0.848882799843563
LOC111113134,-1.7724153216349
LOC111111969,-1.23855644437529
LOC111120932,-0.4151564003336
LOC111107300,0.53369635674174
LOC111123848,-0.399144744322508
LOC111117565,-0.547266121742811
LOC111127008,-0.250460001556641
LOC111127570,-0.265927646126982
LOC111132432,1.67101354204893
LOC111135618,-1.79801073410202
LOC111118500,-0.411441372632586
LOC111129078,1.00935634401636
LOC111136381,0.215303893777032
LOC111127662,-1.06373584093959
LOC111126548,0.36659579742986
LOC111133878,-0.373005483238265
LOC111119953,4.80083296694615
LOC111130005,1.44845642248267
LOC111115499,0.722833673808658
LOC111112602,-15.5672503966637
LOC111130208,-0.54520682405255
LOC111119837,1.66661110298203
LOC111125713,-5.05389246499428
LOC111133733,-0.632942086199959
LOC111102756,-0.215958891247125
LOC111136624,-0.161543019354194
LOC111101802,-0.209320323340565
LOC111121884,-0.0595079815114281
LOC111111104,6.19099653445347
LOC111130604,-0.0683045329017653
LOC111111337,1.14833181883287
LOC111137192,-0.176134153993871
LOC111133701,0.348281638859113
LOC111126607,-0.843505852442027
LOC111099995,-1.00387253534178
LOC111114090,0.277790860089915
LOC111120801,-3.13367991272866
LOC111104671,-0.589575503448421
LOC111118045,-2.48409723823975
LOC111136391,-2.94498993367848
LOC111134286,-1.21487255481876
LOC111120118,-0.559794919844855
LOC111121732,2.63126257086904
LOC111126510,0.104092743591769
LOC111133429,-0.402139215707461
LOC111123303,1.7497302207147
LOC111124136,-0.0635972931440051
LOC111101673,2.31674269795023
LOC111120781,-0.875064546555555
LOC111113612,0.180971696901193
LOC111121828,0.255880027696799
LOC111102881,-0.788325415330787
LOC111102892,3.68509472865977
LOC111106252,0.149836848964681
LOC111131221,-0.299360665793571
LOC111115771,0.844091322188319
LOC111104872,-0.307812741980328
LOC111112095,4.64668493990225
LOC111129745,-0.184773898248537
LOC111119202,2.18633485462396
LOC111117733,1.015759435928
LOC111131022,2.63727927446131
LOC111132626,-0.461446435861035
LOC111107611,1.27871773647858
LOC111125315,-0.752275254727863
LOC111119647,-4.72132896146261
LOC111128672,-1.73530657102344
LOC111112873,0.339874427936767
LOC111102761,-0.0771794322277479
LOC111123758,0.417691038424562
LOC111137671,-1.36083042878915
LOC111128011,-6.21499029157467
LOC111134737,-2.24865734126414
LOC111128650,0.161959742664478
LOC111119222,-0.14730524395225
LOC111115692,0.275168381558532
LOC111106153,-0.286304266277821
LOC111135877,-0.0541345105262358
LOC111099894,0.704670380621336
LOC111099937,-0.446778191409778
LOC111100364,-0.0998095439605247
LOC111122800,-0.316596639743935
LOC111130498,1.37733801331326
LOC111101385,-0.390479254494132
LOC111124596,2.46644674503072
LOC111126406,-0.182461015110517
LOC111113272,-0.869460244039159
LOC111135728,0.366714472618461
LOC111128988,-0.979297144212249
LOC111121562,-0.235531822107558
LOC111135017,0.257836576263498
LOC111126838,0.433851492975819
LOC111121626,-0.984456449077067
LOC111114951,1.31446960425663
LOC111119850,-0.00123572912666588
LOC111122895,-0.270519777999537
LOC111126214,0.289105764690962
LOC111114644,1.22302752726716
LOC111135498,-0.231810983632725
LOC111122429,0.0871737473945436
LOC111128531,4.28275836144186
LOC111115111,-0.79956987356933
LOC111116984,0.748130242691892
LOC111130255,-0.825148673353526
LOC111118563,-2.04190182894696
LOC111125236,1.52660833498891
LOC111106360,-0.248556605329901
LOC111117134,-0.165816899159369
LOC111118375,-0.193723714310088
LOC111130084,0.431006382091473
LOC111102980,-1.01164225001348
LOC111133590,0.646296421823309
LOC111107422,2.92531029726962
LOC111129829,-1.03299156754113
LOC111111815,-1.84051341691298
LOC111129669,0.191665758558626
LOC111106512,-0.0684247724739203
LOC111119540,-0.148077989946344
LOC111132366,0.133712602636079
LOC111106451,0.0303098438022023
LOC111119687,-0.665273403214615
LOC111131244,0.58495341418121
LOC111135845,-0.368255175872837
LOC111120939,0.709268058717277
LOC111106659,-0.20270845046483
LOC111112779,1.01397549319728
LOC111112541,1.15626679612229
LOC111108768,-2.05182656280766
LOC111138066,-1.24132535748891
LOC111106842,-0.200352786823364
LOC111116634,-0.12424871816972
LOC111133482,0.866042656601922
LOC111125546,-0.823189063307888
LOC111131611,-2.46825418506983
LOC111135361,0.200383611751404
LOC111126570,0.80010409125339
LOC111138031,-0.704517398880563
LOC111125063,-0.01038872219314
LOC111108341,0.497288375957767
LOC111127655,1.48642542888449
LOC111116162,0.113682529401022
LOC111134445,-1.2295451767011
LOC111128623,1.47552103854953
LOC111102958,-0.212219905773349
LOC111133086,-1.97055037903503
LOC111131488,1.35750260152686
LOC111126261,-0.0850668083685384
LOC111104246,0.484607472131498
LOC111118835,0.992668428176021
LOC111112650,1.37085091395488
LOC111136397,1.46135684370011
LOC111134502,1.25687895880318
LOC111116929,0.0203910135868434
LOC111138403,0.467625754466695
LOC111102711,-1.98551957235862
LOC111123690,-0.722256268806093
LOC111138064,0.28962569935564
LOC111127398,0.547676624706385
LOC111129352,-0.285063132518545
LOC111130920,-0.395856779391189
LOC111125138,-0.491658613436568
LOC111108515,-0.122160710841898
LOC111123031,0.0245337816057202
LOC111117417,-3.12993037233831
LOC111104097,-0.347245316296848
LOC111109471,1.03067223244887
LOC111126393,-0.10351685530227
LOC111121564,-0.838226531121184
LOC111118567,-0.50969554362046
LOC111104278,1.36576843880105
LOC111130954,0.11956769483074
LOC111138362,-1.47498507284124
LOC111115540,1.28044894795346
LOC111136459,-0.612759983393194
LOC111135899,2.65467265106242
LOC111130148,0.0872522864459899
LOC111105503,-0.814609800767717
LOC111120689,2.34959338741544
LOC111131166,-1.3510306309657
LOC111135709,0.0649806665570708
LOC111126091,-0.0854884988854907
LOC111099553,-0.335216499097052
LOC111103279,-0.955610085803645
LOC111136757,2.98915700152795
LOC111121498,1.78422829170975
LOC111122980,-0.926582620062229
LOC111137756,0.434601657055802
LOC111101409,-2.29994637178329
LOC111124644,-0.163585379256413
LOC111129249,-0.440720965073113
LOC111109436,-0.199942339061729
LOC111129498,-0.56726976203327
LOC111105892,-0.274131485292597
LOC111101855,0.0377371628536367
LOC111103653,-0.0728272980054253
LOC111129239,0.580879354852393
LOC111118136,6.26253875677825
LOC111104110,0.419193534607671
LOC111118746,-0.462520719576423
LOC111136462,0.228076925208867
LOC111102890,1.24725309301775
LOC111137602,-2.12946095390728
LOC111125019,0.353773014043679
LOC111114592,-0.189205380880345
LOC111103579,0.473833730258199
LOC111105485,1.55763336220464
LOC111104275,0.595129424372756
LOC111138307,0.356517151155056
LOC111112664,0.0823800537344481
LOC111122380,-0.361304243666246
LOC111120800,-4.01539509913301
LOC111107307,-1.67178258180992
LOC111129593,-2.25890323354711
LOC111129512,-0.600722987387107
LOC111123821,-0.712436145686382
LOC111133851,-0.415224890364866
LOC111130126,-0.112858469635988
LOC111111472,0.208189117871159
LOC111123773,-0.786881652072247
LOC111120530,-0.205146719410542
LOC111134458,0.158293359419427
LOC111124296,-0.157438151310586
LOC111127773,0.195402471453948
LOC111110601,2.8942189193193
LOC111112027,-2.87907405318643
LOC111121601,0.805372172347717
LOC111111058,-1.73621542296581
LOC111135976,0.354734269030468
LOC111116610,-3.31882126087544
LOC111129428,-0.29226797381717
LOC111125385,-0.318986489606663
LOC111129632,0.659266997194949
LOC111116614,-0.590341151081136
LOC111131631,0.385138765776559
LOC111133075,-0.857380740363157
LOC111136005,1.73756480105425
LOC111109769,-0.283323197717673
LOC111121594,-1.25855124478643
LOC111108493,0.358958541191519
LOC111127725,0.190731404828195
LOC111131056,-0.547014530679311
LOC111107927,0.184687953871271
LOC111107448,-0.00124216254308473
Trnad-guc,-4.44707246144317
LOC111123276,2.36985815338341
LOC111118734,0.730404646383128
LOC111138051,-0.253764900262071
LOC111135648,-1.16346654340352
LOC111102921,-0.14220273238081
LOC111134306,0.0170199715924445
LOC111134074,0.117162104486894
LOC111136949,-1.23425628088441
LOC111136941,0.767416462090491
LOC111123813,0.539598356448721
LOC111136251,-3.61772756448578
LOC111124558,0.759804880876877
LOC111128779,-0.0517990306304462
LOC111111593,0.416118497601403
LOC111115444,-3.04944307431306
LOC111136727,0.624745412670084
LOC111136036,0.251931519260271
LOC111136313,-0.489439176046877
LOC111115213,0.291739777364907
LOC111126207,1.23568195570837
LOC111137963,0.178595445675045
LOC111121983,0.620486013756108
LOC111119089,1.34920816389802
LOC111134809,-0.458057290776283
LOC111109392,-0.0821914013439806
LOC111129883,0.735988216829609
LOC111105754,-0.42414516941981
LOC111135095,0.0350100668375658
LOC111130467,0.376074637872236
LOC111132855,-0.0783104384105998
LOC111109748,-0.995073491721371
LOC111137561,-0.0439583765332353
LOC111101190,0.395161570685384
LOC111138024,-0.44514624271484
LOC111100968,0.0531651497653599
LOC111114722,0.402222446571816
LOC111112101,-0.987388055149546
LOC111118126,-1.54747022921396
LOC111118845,0.0471664656425419
LOC111105578,0.103819131036554
LOC111107021,1.16671134541026
LOC111129469,1.29130367693457
LOC111104208,-0.441693870716077
LOC111130228,1.40122303843903
LOC111104108,-0.666759353876466
LOC111102070,0.238290416237053
LOC111099443,0.525445301276208
LOC111110856,-1.31828113890065
LOC111127899,-0.438062528393815
LOC111120603,-4.29974324031427
LOC111127138,0.798441456995977
LOC111106819,-0.00928246082661104
LOC111128801,2.25794671455601
LOC111123579,-0.276895080158686
LOC111101867,-1.94436639806451
LOC111103464,-0.370007226478559
LOC111128800,-0.158613304493267
LOC111104356,-0.125951693977708
LOC111121319,-1.79668425450549
LOC111106599,-0.0546053181838652
LOC111101002,0.156854717279609
LOC111114918,0.0500037372636626
LOC111136654,-0.175285745420377
LOC111111907,-0.422673445186836
LOC111103598,-0.22448017408235
LOC111115539,0.319806066275531
LOC111125806,0.629899280030495
LOC111136733,-5.46334036293397
LOC111116617,-0.266522407064183
LOC111119209,-0.692237727604008
LOC111104325,5.72147646530284
LOC111134005,0.0267558992247268
LOC111130903,2.22018494578772
LOC111120785,-0.961243073919598
LOC111118304,-1.77400616143107
LOC111115894,1.29789271756727
LOC111109418,2.22912202681724
LOC111136595,-1.60241557136137
LOC111120949,1.26200053233236
LOC111113090,-0.355641178203268
LOC111112751,0.488533523501565
LOC111121878,1.07181546525485
LOC111108513,-0.0271299772712227
LOC111122830,0.170996244937076
LOC111105525,9.40885631763993
LOC111104062,0.0297639381866703
LOC111129733,0.104497569356345
LOC111099147,-2.62351358789204
LOC111125281,7.18520621325998
LOC111110793,4.91409613468461
LOC111113926,-0.00072271648139486
LOC111131580,-3.72230027510495
LOC111136789,-0.663592830017129
LOC111106044,-0.172805677314005
LOC111126265,0.702031051375985
LOC111129346,-0.208529430155338
LOC111114230,-0.59583907892151
LOC111099897,0.186817997119869
LOC111100796,-1.8839503129876
LOC111135935,0.564486728338995
LOC111136561,-0.267541208903915
LOC111124619,0.47530793437712
LOC111121182,-0.219559978754672
LOC111126244,0.37752861350005
LOC111136298,0.296868537925557
LOC111127959,1.27769731985133
LOC111118776,-10.7830462997746
LOC111127263,3.93798765601319
LOC111106522,9.43134302529202
LOC111114825,1.0678289230233
LOC111126213,-0.565935162092114
LOC111127458,0.28119895482799
LOC111117529,-0.305450710040278
LOC111122003,-0.9911189444297
LOC111129969,-3.41296651369816
LOC111102243,-0.559731535246759
LOC111128678,-0.158583942523937
LOC111121899,-0.10397400212851
LOC111102167,0.98981943946538
LOC111104132,-0.162809715662175
LOC111136481,-0.204879956992015
LOC111115113,-1.46306683786339
LOC111120015,0.375418896496715
LOC111130981,0.0642483274471518
LOC111124202,3.75931928187167
LOC111121134,-1.52479357780941
LOC111109743,1.33684350917774
LOC111122589,2.17010348615588
LOC111121111,0.306048700681779
LOC111112071,0.731060645548055
LOC111121000,-0.1096113735725
LOC111133063,0.461392288511417
LOC111125672,-0.520175909207392
LOC111126084,0.0496368549517666
LOC111119103,-0.36218875392139
LOC111128780,-0.518897916434003
LOC111112685,0.152700837595554
LOC111136013,-0.284255015880186
LOC111103074,-1.29119679950908
LOC111103076,-1.46155032470523
LOC111129116,0.0693410649108959
LOC111106987,0.031980187361578
LOC111101036,-1.46658438938375
LOC111108723,1.97070654163297
LOC111107947,-0.121171278665685
LOC111111522,-0.924914832430704
LOC111104085,-0.518979906980187
LOC111130436,-0.785098644389685
LOC111104021,-2.49692627472209
LOC111118325,-0.468151096159779
LOC111138248,-0.243537155004654
LOC111134435,-0.0124778922135699
LOC111128471,-1.38018035381225
LOC111136762,-0.10856521250888
LOC111124833,0.677349233169167
LOC111127232,-0.554555658434326
LOC111101420,1.08896774768852
LOC111138330,-0.210478774887792
LOC111122097,-0.613860298828203
LOC111129048,0.289682826986875
LOC111114865,-0.419884554500455
LOC111114655,-1.45604053572974
LOC111118157,-1.14815226676129
LOC111115424,0.978366411132316
LOC111129066,0.266994324585694
LOC111129946,0.0750021274158875
LOC111130553,-0.470018765630709
LOC111117044,0.362427621096616
LOC111136775,-0.334840662330732
LOC111124884,0.638265042718391
LOC111118070,-0.287417041143825
LOC111114966,-0.89175870232527
LOC111116015,-0.0761059002891279
LOC111106719,-1.30063261083934
LOC111126648,-1.30978312914629
LOC111121160,0.162145979868076
LOC111133641,0.118580863848209
LOC111105103,0.083178014212439
LOC111130509,-2.79094739916715
LOC111127540,-0.365838860329351
LOC111111589,0.318226530361772
LOC111099604,0.147226046104244
LOC111132804,0.594989227264878
LOC111133030,0.384189022451417
LOC111129610,-0.349436606273076
LOC111121388,0.258475832170123
LOC111125058,0.864349967634945
LOC111125389,0.834515229093162
LOC111109470,-1.08779677811021
LOC111129971,-1.54546282303546
LOC111115259,0.180073864757219
LOC111106016,0.25440702089249
LOC111136053,-0.00355113697057151
LOC111136052,0.959806807656089
LOC111127738,0.473466185039835
LOC111106545,-0.335235613440574
LOC111131759,1.70476095561772
LOC111130882,-0.321742049673172
LOC111107646,0.169019943000403
LOC111112742,-1.28820686574087
LOC111121920,1.0266174334261
LOC111124990,1.93920013734067
LOC111106770,-0.217521002201098
LOC111137464,-1.06812959802537
LOC111136180,-0.315763896657362
LOC111131686,1.12175602948585
LOC111136125,0.141616431039032
LOC111135492,-0.588154818085094
LOC111126699,-0.234823448084293
LOC111124091,0.395736323715209
LOC111135751,0.069884044957063
LOC111100634,0.0963902593854221
LOC111106152,0.0120575672852129
LOC111131822,-0.419760623213051
LOC111122166,-0.151479571988457
LOC111137371,0.67479980785547
LOC111117464,-4.57082331594386
LOC111119421,0.528619212527152
LOC111138199,0.97604028437324
LOC111134743,-0.16698769544008
LOC111135002,-0.655730355768299
LOC111100888,-0.152133225441441
LOC111120609,-0.159864586699397
LOC111125838,-2.19122197107592
LOC111106464,0.300476743994536
LOC111136635,0.833961649637906
LOC111134370,2.98568449674883
LOC111120593,-0.270171529473655
LOC111124132,0.0896934683390699
LOC111105153,0.0156461544753886
LOC111122957,0.487317059520106
LOC111101795,1.46789862111303
LOC111108696,0.302204051576991
LOC111100329,0.00122658493604261
LOC111106254,-1.97025375643308
LOC111118392,0.0502220670010426
LOC111106519,0.168060980458961
LOC111123478,0.662768123637851
LOC111119702,-0.197740198254156
LOC111133188,0.648677669152022
LOC111103693,-2.01645300849934
LOC111099189,0.492810223838173
LOC111137048,-0.690872942085726
LOC111118797,-4.30172172385915
LOC111113924,0.642673132730186
LOC111135773,-1.79279434377229
LOC111135975,0.875116974109074
LOC111101788,-1.71914814719733
LOC111107775,0.228460548761289
LOC111117753,0.00376545726837304
LOC111120020,0.0619263416914711
LOC111128976,-1.7812558191313
LOC111107501,-1.13538638904483
LOC111125141,-0.485788729475127
LOC111127288,-0.444840613088513
LOC111100696,-0.161109264683022
LOC111122499,0.0129762973213733
LOC111124266,-0.168149594079418
LOC111124330,0.236081219690876
LOC111121567,1.0283295925444
LOC111133741,-6.04021373292511
LOC111113016,-0.198493106519023
LOC111106072,0.430076486924921
LOC111119062,-0.602755551004862
LOC111103430,1.63172611509576
LOC111104383,-3.91658202719005
LOC111133144,0.18474639454213
LOC111102942,0.0181767003607418
LOC111109462,-0.226189817277105
LOC111135634,0.242709382323829
LOC111128297,-0.247057059843295
LOC111130826,0.39935810939255
LOC111127011,1.00990512672533
LOC111111510,-0.479988896993844
LOC111119228,0.214353518431611
LOC111135077,-0.860604928732028
LOC111103514,-2.39185699041612
LOC111126060,1.05600079808758
LOC111122694,-0.685223271013056
LOC111128406,-0.330377093362152
LOC111133382,-0.139940126388278
LOC111100629,-1.92113650600364
LOC111120970,2.98962186999311
LOC111108204,-1.35568442972044
LOC111109684,0.127212126773463
LOC111108847,-1.04270564673643
LOC111105129,1.96222609942664
LOC111134231,1.45437080659143
LOC111108574,0.45951140017595
LOC111115336,0.347620909715215
LOC111132467,0.625660771333379
LOC111131383,-0.0336105217129479
LOC111131294,0.224534585261859
LOC111120833,0.193310826357181
LOC111108835,0.0611712181464769
LOC111119885,-1.47027260765087
LOC111119538,-1.61229266967783
LOC111127868,4.2723187180189
LOC111100138,0.708549703578761
LOC111101860,-4.28246154533418
LOC111120981,0.644576917770488
LOC111107254,0.708570396502684
LOC111123558,0.303765676794615
LOC111104020,-8.61316294586949
LOC111101840,-0.268032046783154
LOC111129076,5.87896265311099
LOC111099150,1.20376467776227
LOC111125898,-0.161894747806045
LOC111131049,2.66460070240355
LOC111109696,0.229613811549465
LOC111135757,-0.383658018310767
LOC111119718,-0.846877225300509
LOC111107245,-1.09059014857426
LOC111135551,-1.40830399945385
LOC111127078,1.91198402041566
LOC111123201,-0.334763983973679
LOC111132231,-0.843693352829138
LOC111117749,3.67075980122202
LOC111127553,0.317225992990612
LOC111119756,0.0559908168459557
LOC111135343,0.64913507927767
LOC111116369,0.64449592613059
LOC111123296,-1.3244178445344
LOC111123565,0.313574281619044
LOC111124511,-0.47586165596529
LOC111117759,2.07029628405091
LOC111134354,-0.93749744986725
LOC111135565,-0.00875784659673712
LOC111109516,0.0246074340329696
LOC111105731,0.0502491087141998
LOC111104109,-0.308538043582141
LOC111118006,-1.92766707130802
LOC111109330,-1.3879730851352
LOC111124019,-0.161329290243948
LOC111119424,-0.271581025755564
LOC111106320,-0.0496254620349741
LOC111120535,-0.410191729270538
LOC111136906,0.284701312372462
LOC111127561,-2.97667833111521
LOC111119620,1.78064517610484
LOC111100528,-0.121847242655408
LOC111112653,-0.651056678871791
LOC111120563,-3.28038479063856
LOC111125453,0.642148329293229
LOC111108185,0.630053910324288
LOC111103248,0.437008357444166
LOC111121707,-2.27101504850987
LOC111105809,-0.355958065905546
LOC111130422,-0.206252922515406
LOC111125905,-0.0642896776207573
LOC111117430,-1.85787361862768
LOC111124887,1.30140897406726
LOC111112207,-0.332177164801454
LOC111109639,-0.725169989671251
LOC111100920,0.499228835793769
LOC111106326,-0.412975636837231
LOC111104490,0.965665844632385
LOC111123877,-1.58714980883153
LOC111137626,0.377386537178236
LOC111107768,-0.104640486670904
LOC111128725,-1.21260128713297
LOC111099080,0.131303030357707
LOC111103519,0.249276767716782
LOC111133473,0.0830398246943996
LOC111117764,0.444746740555875
LOC111134405,-0.490576087429311
LOC111126239,0.705685413137901
LOC111106694,0.801357741700603
LOC111117704,0.836261012745735
LOC111130532,2.09746913954175
LOC111118350,-1.99125425287259
LOC111106324,-0.361112757771988
LOC111101435,-0.0819843548737244
LOC111127276,-0.0546883710733596
LOC111128060,1.81175276859637
LOC111113037,0.391406159483856
LOC111135193,-2.92531077003506
LOC111128532,-0.053476787401942
LOC111113220,0.919465562316182
LOC111135656,-0.657697319313706
LOC111129136,-2.34713832802185
LOC111124905,-5.67408283122325
LOC111124535,0.943262391055526
LOC111135122,-0.619933725421828
LOC111114030,0.414349188760026
LOC111121351,1.13207797317638
LOC111134230,-10.2383894142815
LOC111103984,0.817657627617616
LOC111116594,0.171465124362234
LOC111132699,0.483340523112
LOC111133194,0.221389794429036
LOC111124332,0.766712049989803
LOC111134974,-0.144706541430781
LOC111119429,0.0163902816718745
LOC111100257,-0.352387306252941
LOC111113616,-0.0675186198254258
LOC111129083,4.17827105263475
LOC111133401,-0.788199132597397
LOC111121087,-0.174621937911076
LOC111102889,-0.801990926674109
LOC111102560,-1.57421822903781
LOC111125490,1.83226209956617
LOC111099841,-1.45100353447194
LOC111099677,1.72849091323158
LOC111135857,-2.54551917100091
LOC111137896,0.285301036288281
LOC111134120,-0.846235189118844
LOC111124890,-1.69663881757819
LOC111124891,-0.362293797552514
LOC111133336,-0.20418623123511
LOC111120718,-0.0548557721699188
LOC111120523,1.03063955552676
LOC111118068,0.146700987030587
LOC111116611,-0.253147122548766
LOC111104775,-0.124672904700489
LOC111128085,-4.67400934013461
LOC111113165,-0.397282635625644
LOC111127485,0.243380987217572
LOC111112743,-0.767887103572065
LOC111101764,-2.13439675208984
LOC111138293,4.37354587653176
LOC111114283,1.01340490645997
LOC111111072,1.23138810143424
LOC111111945,0.0101822587622144
LOC111131375,-1.72068064888219
LOC111107924,-0.125561835900287
LOC111112034,0.428284337305263
LOC111115085,1.49096512684722
LOC111127186,0.673186234264486
LOC111114631,-0.488093413401332
LOC111137682,-0.297710240484803
LOC111137681,0.104178531063064
LOC111137680,-0.556033814163613
LOC111101432,-0.0448946842506758
LOC111122577,0.179145200445821
LOC111132643,0.0208678877015686
LOC111101787,0.4028298738687
LOC111107274,1.03471066340612
LOC111103793,0.0410205116905764
LOC111132416,-0.486511001838462
LOC111133324,1.24595651242101
LOC111123875,1.47849250957709
LOC111112619,-0.0191216119733385
LOC111101552,0.905313782267741
LOC111115179,0.183445698805609
LOC111138113,-0.00793123243477378
LOC111100835,0.0616904904319136
LOC111138514,-3.53753365745341
LOC111132463,1.00792678521037
LOC111125605,-0.635793311712782
LOC111113535,-0.172383203063232
LOC111124721,-3.06529013475041
LOC111127509,0.437951116865488
LOC111129874,3.25310121974509
LOC111133045,-3.09256143630119
LOC111136403,-1.84795997163824
LOC111130325,-4.46836935751424
LOC111131545,-0.136406558508626
LOC111137022,-0.716922430466493
LOC111125047,-1.66006156339705
LOC111108358,0.279279890612713
LOC111119868,0.132619614252212
LOC111104078,-0.422219812706465
ND6,0.711617998426754
LOC111132604,0.309052862229929
LOC111100071,-0.813904606482007
LOC111099229,0.0893056735104356
LOC111128968,1.05934388896931
LOC111128400,-0.706722207420439
LOC111137229,0.168326846200657
LOC111135225,-0.215184326391418
LOC111135252,-0.297543840417797
LOC111120522,2.21356250823949
LOC111102289,-1.71430374174789
LOC111123261,1.26789202988681
LOC111100755,-0.419008753638446
LOC111111136,-0.0697439776321728
LOC111122634,-0.275310435523801
LOC111130378,-2.91847791933232
LOC111129697,-0.45315178531311
LOC111129731,-1.47916118091337
LOC111109646,-2.43591946272777
LOC111115300,-0.538829938560352
LOC111107064,0.539736069844677
LOC111119457,-5.86983150249996
LOC111122739,-1.04840437200678
LOC111105791,-5.38035399647399
LOC111138386,0.525684531546669
LOC111110575,-0.211728721748347
LOC111135137,-1.93020672344892
LOC111137503,2.41261744378236
LOC111134618,0.396880712938489
LOC111121782,-0.077754422621375
LOC111119126,0.209816089969084
LOC111121518,0.296338473281866
LOC111125095,0.495966946418207
LOC111122017,-0.390616444814537
LOC111117958,0.302162090498545
LOC111117451,-0.0666353556571036
LOC111136768,1.38130360895509
LOC111112615,1.15346431285018
LOC111124992,0.541112065007651
LOC111136652,0.360341101027219
LOC111130820,0.144491681106338
LOC111101147,0.214297273412134
LOC111135602,0.659192533431021
LOC111124525,0.357966407034449
LOC111112226,0.138615117969352
LOC111130179,1.23825663054556
LOC111120472,1.82098427205825
LOC111112253,0.45772328941207
LOC111135945,0.31976557941307
LOC111105312,1.96936155596216
LOC111133798,1.31921523888332
LOC111129520,1.11902873597246
LOC111106797,1.60751216534658
LOC111109396,0.0514231170108815
LOC111112564,-0.391444179496314
LOC111116196,1.56080225617555
LOC111125433,2.47297428739239
LOC111101853,1.67649320353354
LOC111101852,-1.28322302849391
LOC111115921,-1.38443898563476
LOC111117816,-0.156648438208576
LOC111130626,0.444838776398123
LOC111136636,-0.085705862560553
LOC111116022,-0.552190650049825
LOC111109931,-0.0534364901875611
LOC111135679,0.823143833126899
LOC111101223,-0.472670359222642
LOC111110066,0.159389811795562
LOC111128402,-0.450219288175975
LOC111135606,0.15044113176874
LOC111115381,0.717482441641809
LOC111113424,-1.1312708087837
LOC111111342,-0.41785319801206
LOC111116060,-0.301315522361571
LOC111135476,0.503284518062259
LOC111128912,-0.172410773309471
LOC111134460,1.15469673944333
LOC111133297,0.0836948553292085
LOC111128683,0.0749753367711793
LOC111136153,-1.36595498974546
LOC111112821,-0.302185083297576
LOC111105238,0.0161496895422921
LOC111117859,0.171100512025007
LOC111107050,0.461389476937728
LOC111138181,2.73627221566103
LOC111101979,-0.797393447742165
LOC111100713,0.645777575142462
LOC111120763,-0.447749498124242
LOC111119689,-0.149094725338184
LOC111126774,-2.38457555012709
LOC111110373,-1.47190205533299
LOC111120104,0.0107081000788717
LOC111133721,0.323955116148406
LOC111100874,-0.410946994089411
LOC111101595,0.74987678642551
LOC111107722,-0.287788624656417
LOC111129367,0.0455192420432688
LOC111125965,0.93922520814533
LOC111110032,0.3108270149154
LOC111107602,0.987230341368025
LOC111110731,-0.318440330880358
LOC111101946,0.0796672767109978
LOC111117866,-0.260386607656061
LOC111118688,-1.49109758198728
LOC111100838,-0.0965602915248723
LOC111110716,0.448515205623241
LOC111115001,-0.688234952679675
LOC111137422,-1.74102267978563
LOC111127922,0.057863946553906
LOC111124313,-0.346542621446507
LOC111101228,2.45108650126627
LOC111121925,0.185195950557051
LOC111116883,-1.6549615234883
LOC111109700,-0.263381554289524
LOC111136546,-0.643658345712603
LOC111132469,0.136835107578155
LOC111127332,-0.499897490587965
LOC111105504,0.741959293455825
LOC111118878,-0.161987331152237
LOC111112368,-0.72941954603854
LOC111103594,-0.131508313558525
LOC111132299,-1.3772627301619
LOC111125789,2.73882683944771
LOC111118341,0.0714441227156351
LOC111103749,-0.33717775385747
LOC111118504,-2.18885966511164
LOC111126495,-0.0960146272761077
LOC111126560,1.02983174661617
LOC111113309,-0.421176124815124
LOC111133465,1.66091097045571
LOC111131084,-0.808499066336197
LOC111112305,-0.00423005383269484
LOC111116315,0.454876606516923
LOC111121164,1.16829352044861
LOC111108948,-0.335956662059192
LOC111107827,-4.00702269707709
LOC111118323,1.14282967226775
LOC111123091,0.838570789140079
LOC111128089,-0.618307980466809
LOC111100014,0.0677571046370047
LOC111130648,-0.473750896673582
LOC111117728,0.291635426890378
LOC111108743,-0.107163591052587
LOC111112271,0.305534936446535
LOC111107407,-14.4098079158356
LOC111136078,-0.519656740078342
LOC111102805,0.151897387949845
LOC111129054,-0.364911401835026
LOC111123963,0.356291628764737
LOC111134672,0.583628260036987
LOC111122420,-0.173493746801189
LOC111136901,-0.199083045877618
LOC111134359,-0.802154171665516
LOC111112991,0.0314159310511484
LOC111126935,0.197104014477224
LOC111126164,1.8916644979559
LOC111129448,0.277731935339098
LOC111114524,-0.182529313313046
LOC111101205,0.0749129761734603
LOC111138287,-0.0708616731647391
LOC111112185,0.400131289443542
LOC111121152,0.0128655150012207
LOC111100103,0.70764911280748
LOC111119762,0.0172270187197
LOC111134437,-0.51977204758696
LOC111100915,0.6002729130887
LOC111111663,-0.41929157873166
LOC111116825,-0.646637790889495
LOC111127857,0.712986134510676
LOC111133304,-1.31764489514287
LOC111121202,-0.422282857475381
LOC111126918,0.0893404623029221
LOC111108769,-0.176757163150815
LOC111134037,-0.609248179915616
LOC111107548,-1.38300921604917
LOC111104147,-0.1317854469768
LOC111131212,1.11903578656455
LOC111115873,0.0822518040024887
LOC111103312,1.05652065496501
LOC111106150,0.40664514116411
LOC111130932,0.446985857879929
LOC111112498,-1.34830696847796
LOC111114831,-0.00751966502028747
LOC111128654,-0.499787245584111
LOC111121850,-16.108487507123
LOC111135986,1.04139333186413
LOC111118129,-0.921509080665991
LOC111113242,0.409079571226089
LOC111133061,1.39707504806112
LOC111120756,-1.58953702538519
LOC111135243,1.16350013213962
LOC111134069,-0.00426169878985464
LOC111133168,-0.313102394074619
LOC111125926,0.0132676986964502
LOC111121034,0.23791893998461
LOC111132104,0.0399013132923739
LOC111099544,-0.38568231101913
LOC111102755,0.274175025129537
LOC111127559,-0.282612182442979
LOC111111017,0.504992744191576
LOC111137018,0.195305505220042
LOC111123599,25.0228035934276
LOC111114131,0.154254624440797
LOC111124653,-0.635292255489536
LOC111117099,-0.267399678588814
LOC111114576,-0.06930647377222
LOC111133543,0.96694066620697
LOC111115801,1.91369547543289
LOC111122412,1.02758049331995
LOC111124850,-0.39195131579561
LOC111124059,-0.1764584459286
LOC111126791,-5.39137308659848
LOC111123145,4.07778448020084
LOC111104804,0.804559509514484
LOC111123474,-0.0738976316347328
LOC111130043,-0.126100054274304
LOC111133782,-0.479174880705897
LOC111099107,-0.464695605479457
LOC111128155,0.821380643339869
LOC111101293,-0.232069281878735
LOC111124747,2.49621524731062
LOC111121414,1.60942151429902
LOC111133526,-2.05887007872999
LOC111100144,0.483740783491443
LOC111135641,-0.189325809120286
LOC111134859,0.465070370508245
LOC111137803,-0.336994198684277
LOC111120182,0.102153584942022
LOC111120516,0.174678078688756
LOC111127647,-2.54931965832486
LOC111136948,-0.412422821399014
LOC111121196,-6.50350286521411
LOC111123956,-0.870226398903289
LOC111127444,0.720290506558618
LOC111137481,-1.09246394069275
LOC111126543,-1.67484077438296
LOC111134713,0.627835112665536
LOC111126687,0.783070377479154
LOC111131029,-1.31173236643161
LOC111135274,0.735736024111843
LOC111131151,-0.309971261283627
LOC111118970,-2.42822651816401
LOC111123964,-0.185681993774758
LOC111104023,2.60380784174479
LOC111114163,-1.45393016720824
LOC111105498,-1.63253818608548
LOC111119088,-4.90070110995832
LOC111106766,-0.024164623112474
LOC111116237,0.123341335711706
LOC111128530,-2.61111587683973
LOC111115129,0.0281399502132742
LOC111107282,9.93645721862015
LOC111132637,0.207749490927197
LOC111127918,-4.31589022457088
LOC111135853,0.38368756132903
LOC111129964,-0.0244232560651248
LOC111113020,0.921900327960971
LOC111122592,-11.0509466390613
LOC111099886,-0.218991976694825
LOC111102511,-0.338921469245481
LOC111117583,0.108484429007074
LOC111121469,0.0787208277527383
LOC111117370,0.533786901733879
LOC111114369,-0.0582244407555611
LOC111121703,-0.619176192988249
LOC111124693,-1.82919387690665
LOC111124756,3.84587128942471
LOC111132319,1.09454428815842
LOC111125627,-1.67470113158175
LOC111103779,-0.210411329617638
LOC111121635,0.410180078472717
LOC111123946,0.233325076785443
LOC111137296,-0.193800911281713
LOC111118317,0.837432581183577
LOC111103708,-0.166302415853438
LOC111122368,0.166127957960366
LOC111104711,-0.00116859468562451
LOC111128461,0.924730874779742
LOC111118875,1.07160864913917
LOC111112511,-0.120206950988252
LOC111137542,-0.833794332751949
LOC111113216,0.295986745666377
LOC111130538,0.207240102813699
LOC111124530,-0.405600976271852
LOC111116940,0.118274894107525
LOC111126010,-0.128116040529479
LOC111125083,-1.07367321905612
LOC111127760,0.217538553031981
LOC111109074,-5.50942381958667
LOC111123337,0.544146361210661
LOC111125788,0.56506064359863
LOC111123093,0.144858803281557
LOC111128301,0.613401256622554
LOC111133279,-1.44134798514167
LOC111117921,-16.672365431129
LOC111128352,-0.0916140816345968
LOC111121409,-0.103465167232779
LOC111134293,1.19566475493201
LOC111104029,3.01798296424244
LOC111100819,-0.0863291186425657
LOC111133313,-0.492911196405802
LOC111108138,-1.7010354853765
LOC111128949,0.503668196525443
LOC111118181,1.69514841404708
LOC111104536,0.975809245210908
LOC111117584,-0.123595262522785
LOC111132167,0.985910326610159
LOC111115186,-0.621577458207037
LOC111137299,-0.0806870643871976
LOC111124897,0.00145361158047313
LOC111129002,0.826441550066662
LOC111136199,0.361444909485213
LOC111100546,-0.58571337832153
LOC111129622,-0.0116942193450773
LOC111101048,0.705911675052229
LOC111108224,-0.832731084117497
LOC111127517,0.469477870441698
LOC111121745,1.18038607515999
LOC111113443,-0.038989382551623
LOC111115132,-20.9070116536465
LOC111119855,0.314691126407073
LOC111119818,0.423141118007165
LOC111125275,-0.353610915914957
LOC111115046,-1.47833950630528
LOC111127327,0.156754926650254
LOC111130871,0.315660876601286
LOC111124428,0.507984878766129
LOC111124948,0.3608370456375
LOC111122247,-0.249319128437713
LOC111125258,0.0634252550428665
LOC111109442,0.812883811821448
LOC111111811,-2.59102163028751
LOC111114203,2.51706797824759
LOC111122177,0.447908409107893
LOC111100033,-0.411654794777785
LOC111103981,0.0590070933341595
LOC111133400,-0.757175473154622
LOC111131868,-0.34169500663656
LOC111121073,2.68693631859806
LOC111130075,-2.21809547532683
LOC111129901,2.16332699716982
LOC111118280,0.685558167371724
LOC111100849,0.173315499388448
LOC111101530,-0.954355526455687
LOC111113564,0.0318089435854327
LOC111138281,4.32887471200202
LOC111136306,0.42485291105062
LOC111120072,0.513041070768328
LOC111126977,-12.4787652545014
LOC111111742,0.131438001284158
LOC111106907,-0.559738102922633
LOC111102733,-0.0027923024485987
LOC111108475,-0.806607044574326
LOC111122020,0.478921525242126
LOC111119750,-0.502384313116748
LOC111109131,1.58816722847278
LOC111124977,0.470571091616496
LOC111100615,0.241037143608357
LOC111103930,-0.725465826020339
LOC111112489,-0.579693009701906
LOC111132860,0.438117622312749
LOC111116461,-1.52556878209169
LOC111111662,-0.16346286305365
LOC111102095,-0.703773168652611
LOC111132184,-0.952591772561483
LOC111100499,0.143395049208797
LOC111121384,-0.0357750409649602
LOC111119910,0.0711723147976638
LOC111125443,0.023758265358695
LOC111127525,-0.862100794013416
LOC111121053,4.1513201860978
LOC111132175,-0.0127571479292135
LOC111102413,0.525965940772122
LOC111123989,-0.297575242414628
LOC111107786,0.40189104087182
LOC111118550,-0.268431817506791
LOC111121241,1.35526381972768
LOC111128857,0.0896614460402637
LOC111129816,-2.05969754468346
LOC111135917,0.21443704027613
LOC111110645,-0.339422233163946
LOC111135500,-1.6588280818684
LOC111122887,1.1470282330194
LOC111113042,1.41189706598285
LOC111129820,6.38155538956766
LOC111134890,0.109591414112567
LOC111134891,0.244417876300776
LOC111119487,3.67001794907663
LOC111132099,0.00367339908339988
LOC111103695,2.34929350348905
LOC111106208,-0.338816887067947
LOC111132535,-0.609360489488863
LOC111117995,-0.688185690845985
LOC111109817,1.01330780180802
LOC111121818,-0.859652178789273
LOC111101215,-0.555050291403843
LOC111108191,0.767528447242483
LOC111120566,-0.557943436113902
LOC111129334,-0.853268324759968
LOC111120131,-2.050532199484
LOC111109548,3.24401875773433
LOC111118351,-2.59813824253732
LOC111136714,-1.03282824439855
LOC111104387,1.56546573775926
LOC111112043,3.47016227734073
LOC111101832,4.10818011154224
LOC111134753,0.699776845122676
LOC111138289,-0.176439277378998
LOC111103872,-0.340230399120927
LOC111107175,-0.350942328442994
LOC111128470,-2.78058286267032
LOC111106973,0.318600591538901
LOC111116574,-0.0755994720746652
LOC111133585,-0.530837549216052
LOC111136896,-2.65709953936583
LOC111117819,0.050242711509673
LOC111117905,1.2092538915131
LOC111116202,0.193413309988033
LOC111137062,-1.14713196912207
LOC111110228,0.336811768541305
LOC111135950,-0.0335619392484437
LOC111114657,0.681557249651852
LOC111125119,-0.297477324169639
LOC111099898,-1.06790505638789
LOC111118758,-0.625511829206359
LOC111100504,3.19117008094884
LOC111116030,-0.241470616380815
LOC111137091,0.83426721659814
LOC111100792,0.736020471275908
LOC111131525,-1.69627050124548
LOC111104617,-0.0241420798774032
LOC111114134,-0.87529906684702
LOC111106618,0.0708430969795896
LOC111119896,-0.630490661213496
LOC111124350,-0.726976312145127
LOC111103347,-3.27768278718968
LOC111124322,-0.939264631598885
LOC111132883,0.738137819224336
LOC111119207,5.01487226279612
LOC111127537,0.307228179600899
LOC111108194,-0.0542184471560318
LOC111129719,-0.016698612679321
LOC111123038,2.84090472993139
LOC111109793,0.865800428043136
LOC111115566,-0.155146465929106
LOC111134026,0.170635910185168
LOC111116001,0.0538290057766533
LOC111129212,-1.27723619616556
LOC111134356,0.252131120116164
LOC111136763,-0.72463185919387
LOC111138022,0.354917329933217
LOC111123892,-2.49268260093242
LOC111130971,-0.449156869184676
LOC111115069,-0.642660902572799
LOC111112109,0.342324170547188
LOC111137601,0.356714189141884
LOC111116356,0.676680960677735
LOC111132777,1.15617676200174
LOC111121156,0.612121928368148
LOC111112631,0.155982645138682
LOC111132174,-0.247661033538257
LOC111112344,1.59799294768113
LOC111121333,0.00273409605044543
LOC111101148,-1.55210793412071
LOC111113364,-1.53736586329944
LOC111135085,0.544154348954254
LOC111128075,-0.240189033103516
LOC111130367,-0.567207840300759
LOC111138206,1.46579393851291
LOC111127194,-0.839655462283132
LOC111115659,3.01273031434671
LOC111136782,-1.46800523282454
LOC111120965,-7.28320168296982
LOC111127951,-0.377862921710842
LOC111128793,0.354577215777985
LOC111118660,1.52235342873989
LOC111133238,4.09844669235718
LOC111107112,-2.59929968416044
LOC111130160,-1.04156415549821
LOC111102274,-1.01035770913483
LOC111135472,-1.61401686027785
LOC111134953,0.521483603879811
LOC111134071,-0.267305361314529
LOC111115722,-0.356260407315845
LOC111103905,5.92282618233397
LOC111125882,1.00004998247823
LOC111118514,1.01928490163215
LOC111134694,0.827271382644311
LOC111100409,-0.368055902285982
LOC111121673,-6.53589466364895
LOC111128584,0.0316119381481822
LOC111107342,-2.95901763860411
LOC111123772,-0.0451366859528549
LOC111121944,0.0466685758884752
LOC111132811,-0.136845314502915
LOC111108957,-0.486242210303368
LOC111132965,-2.57511017378866
LOC111117954,0.741983496921487
LOC111136672,-0.660375793261936
LOC111123025,3.30378152657763
LOC111120888,-1.4788963801936
LOC111136575,-0.463654736408558
LOC111133107,0.00259940885264625
LOC111112598,-0.549096201023068
LOC111099494,-2.210512016835
LOC111117192,1.50017220384977
LOC111133683,-1.74639388009888
LOC111125540,-0.388484912182208
LOC111103487,-0.0985658413492293
LOC111132202,0.0782128954474331
LOC111122881,0.672408706212927
LOC111119778,-1.6579914219911
LOC111110871,-0.994369033448087
LOC111100706,-1.32735359717885
LOC111107962,-0.24974624446358
LOC111125631,-1.51317759302279
LOC111128788,-0.838575254546154
LOC111115914,0.0730473694380865
LOC111105223,0.0868435036976438
LOC111135821,-0.787241113918705
LOC111129059,0.807345214852215
LOC111117459,0.182338980934878
LOC111119670,-0.136079379370396
LOC111117570,21.1431577220888
LOC111106049,-0.301199655698607
LOC111103707,0.236150998885943
LOC111124684,0.383654574234436
LOC111109205,0.548993892556711
LOC111112291,0.337387885234269
LOC111128399,0.00150066053933602
LOC111114363,-0.366992990143464
LOC111135088,0.544724837954878
LOC111137100,0.987554857231619
LOC111126242,1.43058632681572
LOC111117298,0.351032077315029
LOC111106257,0.127486031132309
LOC111128120,0.0916127580370966
LOC111133253,-1.84681046778872
LOC111100608,-1.43017768290596
LOC111123339,0.510327051733381
LOC111127500,0.42240779381456
LOC111106501,0.266724440926997
LOC111117446,-0.296959728005869
LOC111127244,-0.260734627741323
LOC111103247,-0.36414665306551
LOC111129995,-0.218778282804723
LOC111117925,0.0989884333737228
LOC111104629,0.682226473276498
LOC111112965,-0.323860350093038
LOC111106914,-0.216854283351268
LOC111103482,-2.97015193269674
LOC111133067,-0.468971059886891
LOC111116328,0.0691186463447791
LOC111102174,0.391827170476682
LOC111113683,0.441371707249556
LOC111127427,-1.19400635509791
LOC111115372,-0.252945037906728
LOC111113836,-0.521260499905879
LOC111103380,0.355355198200408
LOC111109924,-0.0824608843258661
LOC111130975,0.152818850338908
LOC111118139,0.169391708030555
LOC111107876,0.688917035267855
LOC111132557,0.361275892141155
LOC111128140,0.450027005106623
LOC111100625,0.469711043712486
LOC111108001,-1.05915279067146
LOC111137607,0.4173135482203
LOC111136419,0.264273941227975
LOC111119218,-0.0126600477596268
LOC111132519,2.45508753526539
LOC111110890,-1.08241208488024
LOC111116535,-2.70331807625382
LOC111101192,-0.477940893171686
LOC111117093,-0.156663386450994
LOC111131541,-0.833470694206592
LOC111112897,-0.108272372399807
LOC111101129,0.740435743909986
LOC111130359,-0.266917924789156
LOC111132496,-0.465286327460623
LOC111130505,0.297015395193049
LOC111128557,-2.3736505823056
LOC111119016,1.57070887320875
LOC111120496,-0.825081593819308
LOC111115363,3.9081399667325
LOC111130170,-0.992259854388998
LOC111133706,0.0985692177511366
LOC111108216,0.634094637884932
LOC111115870,-8.02052487300232
LOC111117692,0.0693841882084291
LOC111106014,-0.0943016596699155
LOC111133181,1.28971498708161
LOC111126117,-3.35343882070574
LOC111101778,0.475169849029845
LOC111101375,-0.667636543766475
LOC111115532,-1.34714033272627
LOC111121616,-0.896898226332029
LOC111121237,-0.152647719655107
LOC111135237,-0.116670253907228
LOC111129311,-0.460981751139661
LOC111125212,-0.7793059287989
LOC111117760,0.694042917152012
LOC111115112,-0.862414020114995
LOC111104762,-0.345770546459806
LOC111121964,-0.462319543987361
LOC111118224,2.41889809276026
LOC111128850,-0.658652210658286
LOC111130865,-1.90142523623967
LOC111134507,-1.19857222264041
LOC111123236,-6.53818030156703
LOC111111157,-0.131494940125604
LOC111122940,-0.170175264963514
LOC111100951,0.460510454991198
LOC111118040,-0.894086911168217
LOC111105782,-0.282151592467966
LOC111104080,-0.883165186100183
LOC111108274,-2.9495065915053
LOC111128055,2.0851815034807
LOC111133594,-0.908529708414675
LOC111137325,0.23002865468361
LOC111129455,-0.763389934816994
LOC111119753,0.752180345883315
LOC111120941,0.125111813318177
LOC111136188,0.0401961505728899
LOC111118552,0.124226883775943
LOC111102415,0.844611499458361
LOC111135807,-0.599143688241186
LOC111137929,-0.451083198162139
LOC111100427,-0.481193961767247
LOC111106222,-0.161937754027187
LOC111118438,0.460442732446961
LOC111123836,-2.35477223028268
LOC111135954,-0.981843280878536
LOC111100935,7.10315784032327
LOC111112880,-0.586579613370888
LOC111131168,-1.0805842478328
LOC111132969,-0.17927737905806
LOC111108251,0.853883693667737
LOC111132336,-0.247724166776228
LOC111136867,-2.72030277887037
LOC111108856,-0.120852970076597
LOC111109613,-5.3939645652404
LOC111130064,2.85961976850485
LOC111125581,0.355317508037116
LOC111131771,0.0707916820618396
LOC111130348,-2.42704500390595
LOC111125206,0.0498946668712727
LOC111131308,-0.208620813216325
LOC111121071,-0.406629031590324
LOC111117649,-1.73661652712631
LOC111134161,0.889187263466306
LOC111110438,0.516511133459034
LOC111133216,0.362832486449522
LOC111116403,-0.0637679254867961
LOC111121184,1.18368868351564
LOC111109348,0.646163486546427
LOC111117717,0.29096372566915
LOC111122847,-0.863690367565936
LOC111118410,0.836705465015226
LOC111101237,-1.7713018050835
LOC111130700,-0.0820043783042247
LOC111101313,-0.475439199704759
LOC111106795,-0.299368591389287
LOC111110859,1.45951475927669
LOC111117756,0.136101255335441
LOC111112050,0.302185020976114
LOC111129672,0.549843303256917
LOC111128425,0.291335087127044
LOC111123791,-2.86554228792141
LOC111118613,0.486380463656586
LOC111135186,-0.50290331208045
LOC111103881,0.17829833936724
LOC111137611,-0.674287175283079
LOC111117803,0.836318688273479
LOC111133736,0.141967405169912
LOC111123515,2.02252285196222
LOC111122946,-0.964748575810654
LOC111099812,0.269407271684329
LOC111100408,-1.1699562824753
LOC111110781,-0.2942730621394
LOC111119968,0.756775922228418
LOC111126892,-0.0229544584747123
LOC111129635,0.221448874657814
LOC111126730,0.0552338364832932
LOC111122057,0.715645073147215
LOC111112732,0.0157641313115422
LOC111104236,-1.32842151914213
LOC111113177,-0.884391099739619
LOC111106028,0.413309523236
LOC111124701,0.6197030508252
LOC111138350,1.44488868308058
LOC111103592,-1.76577141783795
LOC111131417,-0.271825017126825
LOC111125216,0.460963544045379
LOC111126722,-0.23840227276644
LOC111120140,0.131491013531339
LOC111135583,0.0503723953664105
LOC111101117,2.15037025830864
LOC111100599,-0.272374236767242
LOC111110434,0.0128911029009705
LOC111134418,1.56984893105896
LOC111125648,-3.06578111448332
LOC111131529,1.25381659050785
LOC111120085,-1.69568801105554
LOC111132080,1.90050938765407
LOC111107879,0.650477250326001
LOC111103570,2.1763158522123
LOC111137690,-0.146566972601287
LOC111127943,-4.65426309324476
LOC111128974,0.713242947019991
LOC111106224,0.28113885691602
LOC111110780,-1.07419135850784
LOC111130248,-0.946969170069459
LOC111137669,0.240587080919679
LOC111110174,0.0963639979918805
LOC111126579,0.358163189432174
LOC111116287,0.317319489684379
LOC111107256,0.336656042072054
LOC111126209,0.266011414465078
LOC111117700,0.0535741555499582
LOC111128457,0.119384987640947
LOC111102031,-0.0199459286060233
LOC111118907,-0.922597281014658
LOC111109186,-0.468338236871234
LOC111120868,-0.154951775107957
LOC111099194,2.9715415178199
LOC111112299,-0.730766314062358
LOC111101141,0.111925258484431
LOC111137566,0.528699946325826
LOC111103635,-2.29461287984509
LOC111129283,0.233699159787172
LOC111137058,-0.494525818828409
LOC111119912,8.93925652050546
LOC111130263,-0.503778445761451
LOC111106904,0.517905924069743
LOC111137800,3.33555414508399
LOC111122541,-0.828942084441227
LOC111131682,-0.199421318025268
LOC111127126,-0.0134162933777778
LOC111121770,-0.862323641757537
LOC111119404,0.0242912754621092
LOC111131103,0.504389122503101
LOC111136490,-2.79688228633762
LOC111114842,-0.358406374031939
LOC111111332,-0.141385081835941
LOC111120592,0.510632561159658
LOC111116104,-0.230261786718137
LOC111101699,-0.695352474123156
LOC111133665,-0.0316932241654903
LOC111129724,-0.369108076015314
LOC111135996,-0.270707794078421
LOC111130861,-0.109615575438686
LOC111113542,-0.23926480527905
LOC111101356,0.110760831540592
LOC111125022,-0.0554017565348102
LOC111114463,-0.0212872407315301
LOC111134721,0.0352298617505389
LOC111112899,-0.426815659086789
LOC111127405,2.7326851543251
LOC111126080,-0.529376660545014
LOC111136484,-0.178070331771321
LOC111120591,0.257369429650807
LOC111107104,-2.71290592033263
LOC111133441,0.853349507203494
LOC111111194,-0.214409567318954
LOC111128595,-0.0933838778285956
LOC111120391,0.0558890227796555
LOC111108791,0.318942646223738
LOC111131211,-3.16220977373257
LOC111123732,0.527787229839569
LOC111119619,-0.0477653586368232
LOC111113311,-0.08066283854284
LOC111136175,-1.58817642812966
LOC111102925,0.241198410338658
LOC111134907,-0.316013729594646
LOC111116894,0.15403633494888
LOC111135007,-0.19511956349739
LOC111116109,-0.568788550304482
LOC111119867,-0.147268657674467
LOC111137540,0.217340817140378
LOC111122837,-0.141876993022841
LOC111103527,-3.41528858364552
LOC111136454,-2.01110499967187
LOC111101601,-0.594903379517717
LOC111104742,-0.151898549088142
LOC111136759,-0.0814556199976384
LOC111112762,-0.214539814062286
LOC111120017,-2.43272032722916
LOC111131329,-0.311226256196288
LOC111135516,0.445269278188779
LOC111127440,0.0926316708726021
LOC111115769,0.118524950328951
LOC111121923,0.28000912440639
LOC111127041,7.31891646877562
LOC111122705,0.933988137212822
LOC111115995,0.0145934706695837
LOC111134191,-0.0122736290344855
LOC111135381,0.0452878371479196
LOC111115321,-0.0798421949614265
LOC111129058,0.164880115241222
LOC111107607,-0.847567830529464
LOC111124710,-0.336714575691382
LOC111131073,0.0459246180420158
LOC111128566,0.0873846589595996
LOC111127585,-3.86452645802187
LOC111109134,-0.331201126505394
LOC111134994,0.266984755404635
LOC111128762,0.111405867460735
LOC111113019,-0.0516434958102828
LOC111123184,0.689513675696556
LOC111121431,-0.743352824309559
LOC111126742,-1.2458454460851
LOC111129155,0.0472195100190016
LOC111112301,1.15130180167258
LOC111104450,0.286487503349027
LOC111129718,-0.267938712491217
LOC111135431,0.349206216087623
LOC111125865,-0.168121760444271
LOC111136741,0.360120936885358
LOC111109752,0.0171260578182638
LOC111127024,1.37822815731405
LOC111117862,-1.080275864844
LOC111134566,-0.222495334028417
LOC111122494,-0.822872534345274
LOC111108232,0.894134393041211
LOC111132278,-0.479584221759273
LOC111124146,1.07052760808356
LOC111132824,0.407231904259548
LOC111118114,0.0157215727411636
LOC111129781,1.32547948898866
LOC111125752,-2.63591075996074
LOC111120572,-0.0216568492642365
LOC111103021,-3.19529144502203
LOC111116803,-0.828050280776912
LOC111101720,0.308986919309398
LOC111101361,-1.03076036382181
LOC111105250,1.34718598443811
LOC111128770,-1.02267709227533
LOC111103387,1.03259570931272
LOC111102085,9.44958064960011
LOC111125049,-0.187751815388356
LOC111111584,-0.00633298597004047
LOC111125755,0.162023239686037
LOC111117701,1.42708168574065
LOC111130755,-0.442743428073998
LOC111126586,-2.99356239093066
LOC111136916,-0.458623417305752
LOC111129394,-0.0812068011041747
LOC111101525,0.00884224351324171
LOC111133339,-0.402621724970532
LOC111099035,0.0232490767833964
LOC111113256,-0.165113821791817
LOC111138270,-0.069852102871921
LOC111134998,1.87868407648033
LOC111106645,0.239298611731236
LOC111122122,-0.055960561773166
LOC111103474,0.570301196055247
LOC111128966,0.289536793259671
LOC111133758,1.28963832774002
LOC111110204,-0.806921452380594
LOC111118761,-0.367109338287006
LOC111100242,1.15008508521725
LOC111125730,0.762179459032525
LOC111104114,0.0831840747351611
LOC111114705,0.276864159511607
LOC111125431,-0.0232761713297364
LOC111138300,-0.466875185030565
LOC111130632,0.0885227306453842
LOC111104049,-0.656722315162204
LOC111118558,-0.397416482720627
LOC111114799,-1.42497385743056
LOC111120594,-1.77345139748868
LOC111103782,-0.0534093656062685
LOC111108491,0.201452977832334
LOC111100896,0.138086610323277
LOC111126198,-0.752687237632572
LOC111118814,0.514626206904115
LOC111113366,1.36690342018099
LOC111115057,-0.428531481318907
LOC111123115,-4.06442723354666
LOC111119204,0.691012110514257
LOC111120600,-0.375557830576553
LOC111116754,-0.697166697295836
LOC111136189,2.71197627082323
LOC111118898,0.790588383238105
LOC111104245,0.403991487728116
LOC111132126,0.773631892859309
LOC111121876,2.38810240759949
LOC111117282,0.0594221269524062
LOC111129072,-0.873675102668283
LOC111125006,-0.715116111364661
LOC111121256,-0.178259258845696
LOC111132798,-0.727383211827604
LOC111120524,-1.50785295558763
LOC111133434,-0.235084486379449
LOC111115329,1.09369485659334
LOC111125030,0.237191287277857
LOC111132670,-0.284950998951046
LOC111112415,0.244209003844369
LOC111106204,-0.171188374503095
LOC111132842,-0.316192140281215
LOC111109654,-0.226137131410056
LOC111106638,-0.51942082374957
LOC111104623,-0.307096284929468
LOC111107757,-0.722164877094637
LOC111125995,-0.283694826355278
LOC111133735,-0.558252864860316
LOC111129377,-0.721161423815393
LOC111132269,-0.178297181027994
LOC111119539,0.0746696755827911
LOC111123181,1.80118680769822
LOC111128349,-2.87939534746447
LOC111121089,0.0152061267673834
LOC111101107,1.97865214153126
LOC111128313,-0.011478715870759
LOC111110623,-0.738997228232148
LOC111101457,-0.437052716355566
LOC111103785,-1.58656154560984
LOC111134043,0.14025840743852
LOC111136697,0.572008526088583
LOC111114096,-0.891185590207549
LOC111135134,-0.519659719587462
LOC111102135,0.97694088046661
LOC111120466,2.59306971271372
LOC111108710,0.363543386912591
LOC111137305,0.0897152696722956
LOC111107747,0.406439305801948
LOC111132564,-0.0542279183921149
LOC111103367,-0.195975354294698
LOC111116065,0.705345359126369
LOC111104225,0.496825069085706
LOC111100897,0.345412815170925
LOC111101716,0.0101418105068406
LOC111105311,1.68834257567175
LOC111099664,0.2073351092067
LOC111120683,-0.730733371345789
LOC111112151,-1.47093920620881
LOC111119158,1.5504742094129
LOC111134622,0.136329946174255
LOC111121209,-0.267333654021713
LOC111123705,-0.602043800088896
LOC111123146,0.177798352050829
LOC111123706,-0.143609865028449
LOC111100039,0.0375037875470491
LOC111123003,-1.4888304575121
LOC111128289,0.813619959275684
LOC111111513,-1.25043990114662
LOC111122158,-0.984961477079136
LOC111113277,0.147509608741657
LOC111109809,0.664423560834948
LOC111129447,1.18708647417379
LOC111129825,0.130164924903707
LOC111133288,-1.2071754218947
LOC111122058,0.408547286377898
LOC111103459,0.939005210919304
LOC111100318,0.154510657579704
LOC111135467,0.460459076251161
LOC111119190,-1.27258602807188
LOC111100277,-0.223790060868153
LOC111123477,-1.87842269343032
LOC111124654,-0.0282780319289877
LOC111118273,0.12335864705176
LOC111124358,-0.703804356313111
LOC111106579,0.409985693224753
LOC111107117,-2.99237133963475
LOC111099552,-0.887863949808226
LOC111105234,-0.231298317142689
LOC111121819,-0.234762030982761
LOC111115690,-4.8200160229485
LOC111130080,-0.347623932293697
LOC111108640,-0.0705991952838108
LOC111105624,-0.925778893684112
LOC111110961,0.0355871706066018
LOC111122879,0.46850189183653
LOC111131268,0.0550574474834105
LOC111125064,0.543181025668536
LOC111127214,0.360745625865529
LOC111132853,1.10650488252554
LOC111103170,-0.16790898794374
LOC111127928,-0.727637033427898
LOC111104426,0.797609236686645
LOC111108171,-0.813484254846037
LOC111118645,0.846154025851418
LOC111124165,-0.069817106861787
LOC111136735,2.80188242748879
LOC111135741,-0.126759280221786
LOC111113267,-0.403821646191752
LOC111116122,0.0104139514427591
LOC111122932,-0.222631605404938
LOC111119304,0.652133633975161
LOC111131404,-0.633446855819766
LOC111106273,-0.98677484175699
LOC111113861,-0.2351721477031
LOC111134599,2.45910344304067
LOC111109948,-0.360549050550609
LOC111099829,-1.0931259316767
LOC111127230,-4.35910950082582
LOC111112220,0.643425012956328
LOC111104587,0.313940849061871
LOC111109914,-0.51157988317263
LOC111127190,-0.362535455136943
LOC111134778,-0.229174547396984
LOC111132102,-1.60569060743596
LOC111132321,0.679328923221557
LOC111136483,1.31754296790428
LOC111124861,-1.5857201981574
LOC111113113,0.718657071432326
LOC111106200,-0.506414261824884
LOC111136576,0.789440545386542
LOC111130124,1.03628341521827
LOC111131210,0.849632283733298
LOC111108151,-0.632541435452025
LOC111133366,1.40674020399161
LOC111125600,-0.270189933961043
LOC111129238,3.23064308545033
LOC111111124,0.670690440684708
LOC111131014,-0.521917241674085
LOC111123795,0.166673594734816
LOC111112517,1.40331824214879
LOC111127974,-0.460074252968568
LOC111124222,-0.147391914931222
LOC111128241,-0.00656130893549391
LOC111112129,3.36491079469459
LOC111115890,0.502275643757505
LOC111127626,-0.046182472094256
LOC111131704,0.286340094494671
LOC111123876,0.197450724557413
LOC111138498,-0.0527951101665226
LOC111112389,-1.61640789214036
LOC111106828,-0.0547773319527284
LOC111129730,0.108245787514953
LOC111104401,2.79966914430127
LOC111136269,-1.01120276517779
LOC111136268,0.0995573003868881
LOC111137708,0.546936759249857
LOC111133957,0.0176872112133248
LOC111133558,-0.600089880467942
LOC111135385,-0.737137626443994
LOC111114331,1.52049802732654
LOC111125503,3.37279188961788
LOC111120515,-0.0880253032072608
LOC111136212,-0.901264947759549
LOC111126606,-1.52200789038785
LOC111135572,-0.00845646134316747
LOC111108147,2.50173523465428
LOC111118577,0.163806841189592
LOC111104050,-0.0801273264889203
LOC111119189,-0.0536915152229539
LOC111106342,-0.461516939106652
LOC111107257,-0.624784096325714
LOC111102574,-0.0706430591598027
LOC111134288,0.347665581514931
LOC111106339,-1.28628074430161
LOC111128206,-2.72467605683961
LOC111125480,0.41206397454557
LOC111126882,-0.082983763946726
LOC111119936,0.867896464240878
LOC111137189,0.204583932330598
LOC111120584,-1.14525657109486
LOC111129425,-0.158350811797689
LOC111106091,0.139979333851237
LOC111125471,-1.00155484983918
LOC111106889,-0.204320653887478
LOC111124521,0.263178702591889
LOC111126590,-0.387822184704284
LOC111120048,-0.167748321438795
LOC111134850,0.142954465366573
LOC111138378,0.036319491082861
LOC111104144,0.559223913728282
LOC111117801,-0.0538698512651645
LOC111137593,0.0462983801247921
LOC111135474,0.128495740809762
LOC111117466,1.06886952887263
LOC111118778,-0.921546711349677
LOC111105096,-0.249357436103033
LOC111102345,2.56701165897345
LOC111111893,0.356436111558175
LOC111100303,2.83068887515227
LOC111099196,1.12338921236662
LOC111129523,0.584439489150979
LOC111110442,0.0364954678469428
LOC111110913,-3.48810097676249
LOC111134911,0.474215107748336
LOC111111031,-0.453445946540707
LOC111130936,1.04352022806981
LOC111128807,-0.0251496368142969
LOC111104546,0.39724563956381
LOC111132785,0.35791818261773
LOC111101447,0.25343633171743
LOC111125130,-0.508607221284591
LOC111110962,1.01517246188777
LOC111121531,-1.74939080647678
LOC111114952,1.77774237497392
LOC111113329,-1.25313158405282
LOC111099928,0.0392718755812751
LOC111134869,0.964450508675232
LOC111138000,0.398157771585257
LOC111118468,-0.694359042454135
LOC111115419,0.0626933791632528
LOC111102866,-0.0734471147495012
LOC111124647,1.00003815471791
LOC111134464,-3.20993823237154
LOC111102834,0.91382318548082
LOC111112408,-0.148984326919929
LOC111124836,-7.23804651318567
LOC111132142,-0.687753151657453
LOC111104165,0.519576939885926
LOC111115350,0.0490640585448577
LOC111119789,0.544763848049047
LOC111109015,0.81034429674307
LOC111138451,-0.15813545712086
LOC111128017,-0.776142921526612
LOC111108666,0.352934624668665
LOC111126216,-1.4140420249183
LOC111105674,-0.0831635413975133
LOC111127528,0.0598341525687003
LOC111133520,0.0948125547532253
LOC111121530,0.12412043235904
LOC111122935,0.00553734600055628
LOC111106939,-0.165465465093615
LOC111118296,0.542027834524986
LOC111108182,0.586842044330728
LOC111101220,-0.276635526483633
LOC111124500,2.58373963076873
LOC111127293,-2.63478511239637
LOC111124503,-0.160885909525789
LOC111128772,0.128888866119518
LOC111099101,-0.566578176531669
LOC111118047,-1.34583630147643
LOC111118855,0.364758473016694
LOC111130484,-2.63223306113173
LOC111102506,1.93296470445156
LOC111119419,-1.38485006977778
LOC111132523,0.185911097892856
LOC111131199,0.054506624479373
LOC111106419,0.261676650749921
LOC111135802,0.246393910968488
LOC111121894,-0.0735474178900222
LOC111101658,0.619839703106439
LOC111120083,-0.293166375560544
LOC111124662,0.485842509765349
LOC111130512,-0.497316060182873
LOC111109275,-0.966151176422226
LOC111128395,0.209646503414419
LOC111105586,0.46311311985717
LOC111135337,-0.348753110626271
LOC111128194,0.293397180881633
LOC111099758,-0.167049523360525
LOC111101374,-1.88882398635038
LOC111124329,0.0608526436728054
LOC111113135,0.272634435259634
LOC111102787,0.274056967676144
LOC111125331,0.583765038662627
LOC111118735,-1.49221979385552
LOC111099458,-0.428641613236442
LOC111135047,0.893970146602379
LOC111127827,-1.26772374509851
LOC111119612,0.580309720420272
LOC111130259,1.28896585290996
LOC111118140,0.317706952838125
LOC111127290,-0.224115821642246
LOC111120717,-2.7302805719912
LOC111103224,0.384385036489345
LOC111130388,-1.62651477424317
LOC111130130,-0.134985692523678
LOC111130464,-0.11263447136003
LOC111120685,-1.28408806814785
LOC111108120,2.21371349014899
LOC111102762,-1.2121740917163
LOC111115247,-0.436213758697663
LOC111122775,-0.347618386078024
LOC111113372,0.0853717830807183
LOC111130044,0.201098321406029
LOC111114693,0.174671050572636
LOC111111548,-1.38961008940458
LOC111100614,0.0647593265041727
LOC111100571,-0.356061484539564
LOC111123125,-1.75843835102837
LOC111101604,-0.505814651437117
LOC111137225,-0.453098694668026
LOC111113015,0.0349555977617579
LOC111135727,0.538897700308023
LOC111118590,-0.348875686240592
LOC111111941,-1.10382362445952
LOC111117356,1.57429202816844
LOC111118362,-0.435034557863105
LOC111133477,0.0536301905761087
LOC111119428,-0.104462080552131
LOC111117601,-0.114345750476609
LOC111130023,0.125115619392589
LOC111121228,0.0326480148999928
LOC111117774,-0.198874085261631
LOC111105659,0.157693511724574
LOC111130360,0.404595379358673
LOC111134188,0.639980601251546
LOC111119339,-1.30939891359389
LOC111103692,0.513401238463092
LOC111115628,-0.201742413934485
LOC111137505,-0.305006505539277
LOC111122218,0.83894663121528
LOC111110905,-1.1681201894267
LOC111125638,0.0128644152289579
LOC111137821,-2.17706677201836
LOC111114784,0.614240833930846
LOC111138472,0.566958009026386
LOC111110863,-0.0341627913669993
LOC111124899,0.301648535327758
LOC111137447,-0.179709718036445
LOC111135856,0.168241303342403
LOC111115783,-0.977044176478196
LOC111118384,-1.45672308182811
LOC111138415,1.00982091996897
LOC111107601,0.229300735377146
LOC111132128,-3.11873035425015
LOC111126155,-0.0617709677107267
LOC111108041,0.652322869279464
LOC111127463,2.03731627143998
LOC111115227,-1.24988692953959
LOC111123116,0.521716671567255
LOC111130797,0.668030252478116
LOC111110682,-0.499602900782938
LOC111118967,-0.320806183350535
LOC111122441,-0.480991684480385
LOC111137197,-0.580164555510026
LOC111116331,0.0532195282557068
LOC111112449,0.381333559997845
LOC111122959,0.0413224623880696
LOC111128695,-0.468691268726596
LOC111122552,1.98446699068393
LOC111114924,-2.61900435325507
LOC111114925,0.0292020570311451
LOC111114923,-0.133651428871949
LOC111107608,3.03060078065264
LOC111132928,0.195289497666603
LOC111105262,1.57063641880452
LOC111115796,1.1020393254895
LOC111134190,-0.313107780670147
LOC111105432,-0.07505827132277
LOC111100135,2.12433006510976
LOC111099057,0.124553905412982
LOC111128448,0.888069610701653
LOC111109013,0.0369720292065385
LOC111135335,-0.264554844842465
LOC111100437,2.22259232756873
LOC111115181,-0.109968954221809
LOC111130292,0.0448723830606271
LOC111119635,-0.598323724076858
LOC111099084,-1.63058521154757
LOC111130789,0.433771491909688
LOC111124556,0.0276712389973863
LOC111106181,4.11606647852746
LOC111134724,0.225071313234197
LOC111126711,0.0122319251304864
LOC111133268,6.00847730584516
LOC111102974,1.24889283389733
LOC111120161,0.385190976920804
LOC111110183,0.150764146212405
LOC111104032,0.116708884259898
LOC111114397,1.25068414131191
LOC111136887,1.05786933548044
LOC111125539,-0.300396155062089
LOC111121590,-1.28988682519331
LOC111134803,-2.047986722285
LOC111108181,-0.101567100442579
LOC111107013,-0.375181036004146
LOC111113270,-0.417769533867962
LOC111107037,0.195341405861049
LOC111125814,1.08416597793111
LOC111116077,-0.355348246616605
LOC111117073,-1.45717050641544
LOC111128498,0.138241415213832
LOC111130394,0.508714348680388
LOC111100522,-0.247383370807916
LOC111132976,3.70522088464269
LOC111130168,0.732220283877625
LOC111121361,-0.777964834759387
LOC111130377,0.504217017208389
LOC111116093,-1.16092397125539
LOC111125533,-0.378653148455536
LOC111112178,0.22744879233062
LOC111130380,1.60663968963938
LOC111120792,0.136318161118169
LOC111126750,2.24523548976648
LOC111131214,-0.593825783116861
LOC111115938,-1.92685078827875
LOC111114580,-0.59701392152876
LOC111131108,-1.18134634457071
LOC111130724,0.847945528378437
LOC111106799,-1.12725362735283
LOC111106201,-0.0759049023907736
LOC111115570,0.0450824447099454
LOC111137179,-0.548666859491017
LOC111132028,-0.998212690136148
LOC111107530,0.564631423947394
LOC111125375,-0.653517134239511
LOC111103530,0.142500707224721
LOC111118208,-0.266859681651826
LOC111101075,-0.171108152381269
LOC111123528,-0.685492336855474
LOC111133889,-1.87718940214452
LOC111128575,-0.903600079974594
LOC111109677,-1.39626581003534
LOC111127808,0.0321590841558983
LOC111136482,0.565271793378415
LOC111111022,0.756927482755461
LOC111100946,-1.21055646335315
LOC111137824,-0.978023047005887
LOC111118718,2.09438733591368
LOC111119892,-1.98259311561374
LOC111125872,-0.782682554435352
LOC111114408,-0.314601983078798
LOC111136798,2.40900621438673
LOC111109865,-1.25362989154827
LOC111134685,0.296074289472243
LOC111105858,0.237451487888181
LOC111135455,-0.0804054163405589
LOC111101829,-0.0232844257655922
LOC111121473,1.43668267689119
LOC111121405,0.304052813443074
LOC111120006,-0.149827555277282
LOC111120421,-0.0498151152062509
LOC111134057,0.358144187954488
LOC111115676,0.81686422296772
LOC111125197,0.73532889491551
LOC111104371,0.0829557176934213
LOC111106026,-1.36205557384155
LOC111114972,0.664033786016913
LOC111124244,1.56786306195948
LOC111113282,-0.0543213786326561
LOC111126916,1.3351563310594
LOC111117724,0.48522330022237
LOC111100875,0.299960905161482
LOC111136152,-1.24575152989654
LOC111117069,-0.0867769125183967
LOC111120291,1.40008238407078
LOC111114868,-0.424049930297651
LOC111109628,-0.207402466326084
LOC111124929,-0.308191113894974
LOC111124868,0.0431366446593754
LOC111122374,-0.213142294849285
LOC111111761,-1.14659318597661
LOC111131852,0.1201911662391
LOC111115898,-5.84937007246001
LOC111106142,0.382437678312655
LOC111125190,-0.829411930528562
LOC111119590,-0.428357923964796
LOC111119295,0.639129542880115
LOC111136289,-2.77336061028015
LOC111103238,-0.399572309237333
LOC111128647,-0.086881099296787
LOC111105204,-0.554075464845195
LOC111129928,-12.251952941433
LOC111128534,-0.786847833245093
LOC111114849,-1.57679433531615
LOC111126875,-0.154383944054984
LOC111120036,0.37472725911559
LOC111134673,-0.00145501194434358
LOC111099803,1.58303105036812
LOC111102175,-0.0987463921215492
LOC111138497,0.0907206277777539
LOC111102601,5.68319557903138
LOC111114289,-1.3015294473594
LOC111129505,0.184556979537332
LOC111118222,0.0386276562527352
LOC111125188,0.450655284805079
LOC111101207,-0.756534548354078
LOC111104785,-0.768408950395402
LOC111118025,-0.448655194658093
LOC111133431,-0.647236659266059
LOC111131193,-1.08609202553285
LOC111108238,-1.37897400322522
LOC111126777,0.379768900391586
LOC111102350,0.281562773993181
LOC111103574,-0.915548683008397
LOC111110128,0.00380339963919261
LOC111111437,0.485675241842224
LOC111105406,-3.80222249884809
LOC111131963,-0.318846144443405
LOC111115159,-0.756338155681125
LOC111103191,1.00616170383801
LOC111125526,-0.15807125757264
LOC111126955,0.906720695888065
LOC111121957,0.260669749124581
LOC111103558,-0.39791075585485
LOC111125411,1.14719871801697
LOC111107905,0.277702234356307
LOC111107118,-0.0204365938689599
LOC111106385,-4.65694810372111
LOC111105249,-0.0601147703181078
LOC111106295,0.899457250959089
LOC111120081,-0.330896790147468
LOC111136426,1.09604499161397
LOC111136715,0.810431979428981
LOC111129476,1.65012700889966
LOC111106576,-2.56679763351826
LOC111130994,-0.698814679867581
LOC111133684,-0.97757099770014
LOC111132383,-3.9342262628603
LOC111111762,-0.621014528477706
LOC111109886,0.887627990343669
LOC111112166,0.528830019982768
LOC111120950,-0.295449549948969
LOC111125447,-0.665316047348476
LOC111132918,-0.586696771420745
LOC111103571,-0.266653979231567
LOC111113405,-1.36292107316357
LOC111137782,0.0825804679028341
LOC111109671,0.119743139732969
LOC111133910,-0.939554746411828
LOC111119031,-0.219780550954104
LOC111110160,0.30412313059807
LOC111136921,0.121673485271126
LOC111136963,-0.0608366384159122
LOC111112189,0.809334891194504
LOC111134880,0.364549593163828
LOC111115683,0.364034758998403
LOC111109856,0.280815035679362
LOC111119865,2.03526315142027
LOC111108024,1.06948749050883
LOC111125833,-2.24236196150705
LOC111130816,-0.675848907676544
LOC111102022,-1.26857559474777
LOC111104610,-0.178535754443028
LOC111138259,-1.07167656048263
LOC111129256,1.55170974269408
LOC111112392,0.746949878847597
LOC111100132,3.04571328696077
LOC111136349,-4.85254651371058
LOC111135629,-0.144641778302459
LOC111099210,-0.488895231902519
LOC111137467,-1.61102938514312
LOC111114826,0.0665697118627655
LOC111121353,-0.319121686174729
LOC111136022,0.281309229860937
LOC111129001,1.46589225510691
LOC111107828,-0.021737937896934
LOC111122153,-0.733523155618237
LOC111129061,-0.16458063840929
LOC111101177,0.458002498001627
LOC111103709,2.57562342519266
LOC111132084,0.721885994343614
LOC111130916,0.828992357166465
LOC111118387,0.701012589704803
LOC111124270,0.404085698231936
LOC111112167,-0.395492933991505
LOC111134315,1.51802689401809
LOC111132909,-0.89571294519049
LOC111134863,-1.35001170119713
LOC111103081,0.217020274854136
LOC111110249,0.61245038005939
LOC111105868,-0.132293527976034
LOC111108615,-0.885457664788845
LOC111134217,0.218673170226982
LOC111101145,-0.598929978232463
LOC111107419,0.485563473681783
LOC111129812,-3.43537087279239
LOC111108380,0.404801379513258
LOC111130673,-0.17600006846863
LOC111120138,1.6257620405376
LOC111100017,-0.351168466421072
LOC111121302,3.53309243665598
LOC111122156,-10.1700225242957
LOC111137976,-0.910434544654534
LOC111117341,-0.0590629196976405
LOC111112741,-0.667474472495887
LOC111107922,0.414684845978939
LOC111128114,-0.528589849752595
LOC111106316,-0.586520041225225
LOC111112992,0.10401417160283
LOC111135774,-0.470372191942423
LOC111134997,4.1709728989878
LOC111130435,1.89761457035308
LOC111130338,0.00924970400446144
LOC111109784,0.136373773509846
LOC111135428,1.95975139802214
LOC111134667,-1.08659177504161
LOC111101130,-1.16684744223444
LOC111134888,-0.700178223671301
LOC111130161,-0.390032210454476
LOC111120045,0.361863916850347
LOC111128682,0.428966540251058
LOC111135281,-0.906380911468616
LOC111128675,-3.51315478145818
LOC111105055,2.42039655677643
LOC111126104,0.614309206651637
LOC111132821,1.42561032745361
LOC111099060,1.31192617403156
LOC111133065,0.570901366626682
LOC111134028,-0.681740344672463
LOC111112556,-0.248534495499811
LOC111125796,0.263135690787145
LOC111133857,-0.433613538968004
LOC111121661,2.59838318757711
LOC111133820,-0.686606343639013
LOC111128210,0.872337392220463
LOC111109539,-1.22841647267194
LOC111104083,-0.343747719609231
LOC111120534,0.152430152929077
LOC111130549,-1.23526965853701
LOC111104131,-4.3584600935885
LOC111133295,-0.205286948458295
LOC111136817,-0.206001697888152
LOC111135069,-0.0139179347376971
LOC111118215,-0.385206803998406
LOC111121130,-0.0542656611297865
LOC111123256,-0.286342857856761
LOC111135942,-0.123606368557827
LOC111109626,-0.145735991880852
LOC111111993,-0.0896079757561781
LOC111120498,1.60954551380431
LOC111129853,1.01337658977849
LOC111109100,1.01240081637478
LOC111127142,0.929183621380979
LOC111130681,-0.0311575513621443
LOC111106508,0.728420943502669
LOC111118022,-0.643861299200777
LOC111136705,-2.63303155084617
LOC111121170,0.881288196607465
LOC111108685,-1.84040188224724
LOC111125474,1.02254916783235
LOC111103270,12.906952703208
LOC111130132,-2.00027866924963
LOC111125182,0.11886470687257
LOC111135579,0.0875783583321272
LOC111132320,-1.1292579591551
LOC111117543,0.771610004485023
LOC111099959,-1.27838412545347
LOC111130122,0.0495958502761841
LOC111114583,-0.0286751533419755
LOC111109064,-0.343904332501239
LOC111126669,0.623994873600357
LOC111105980,0.940689986081406
LOC111107094,0.198119150705009
LOC111131860,0.410886304187254
LOC111121831,-1.5656992525901
LOC111120630,1.06355215984728
LOC111137272,0.126916477248736
LOC111135829,-2.84303638412398
LOC111111107,0.0177196207794956
LOC111125734,0.723385409845825
LOC111113895,-0.0845176187487241
LOC111130555,-2.42323059018904
LOC111124501,0.652477469272505
LOC111136991,-17.6760900606625
LOC111127313,0.66607998172076
LOC111126798,1.83170541342322
LOC111109812,7.22977458615887
LOC111126698,-0.0562443233049102
LOC111130909,0.270398535250757
LOC111118617,-0.0548878966462714
LOC111133241,-0.483106775957641
LOC111104328,0.520006732119492
LOC111134830,-0.123810888531463
LOC111138454,0.754423513499842
LOC111125864,-0.117625062176817
LOC111119453,-0.330605417587985
LOC111126739,0.100095164867271
LOC111106391,0.816422508991899
LOC111136563,0.0718887836620072
LOC111134646,-0.568928576894838
LOC111108981,5.37843802766131
LOC111134516,-0.0608544566479347
LOC111117723,0.0352958448638861
LOC111132172,0.0145185720031902
LOC111136242,1.31978294913551
LOC111118016,-0.273317778794876
LOC111128771,0.529906820014258
LOC111126262,0.528823818188562
LOC111128420,-2.16666923952555
LOC111116888,-0.363946958672754
LOC111133548,-0.0176098288973899
LOC111110271,0.613001467636133
LOC111129191,0.607790004655553
LOC111100406,2.62984269115997
LOC111124421,-0.33174464172854
LOC111124700,-0.0111779670057514
LOC111120736,0.863900698039321
LOC111128069,0.387675940452941
LOC111125564,-1.73465502314832
LOC111135396,1.68311741274988
LOC111100230,0.691664692755552
LOC111100581,-2.01058075242451
LOC111129062,1.30312909301366
LOC111100788,-3.94429216434007
LOC111122519,0.313841794673966
LOC111106531,0.350555844331828
LOC111112023,-2.5538780239583
LOC111116924,-0.55576060846936
LOC111128032,0.768555483713659
LOC111120962,-1.7407711299686
LOC111120963,1.5512612418039
LOC111110171,-0.366386960127646
LOC111121838,-0.136250424706184
LOC111104126,0.726096106745408
LOC111134668,0.204881753660503
LOC111138030,-0.302785219213108
LOC111137176,1.70030840032218
LOC111115097,-0.0525784936698852
LOC111107833,3.36037043452598
LOC111120186,-0.497841798142937
LOC111106947,0.243764805410063
LOC111127308,-1.1643625250668
LOC111107395,0.160702678640781
LOC111128061,-0.203202082797922
LOC111100449,-0.282314761536587
LOC111136273,-0.933107140863956
LOC111114468,-0.260099503891103
LOC111120758,-2.34475304151315
LOC111121829,-0.668716711374681
LOC111118328,-0.158563364350399
LOC111114156,0.245913832482301
LOC111101224,2.97059222403228
LOC111103117,0.629474063656006
LOC111119790,0.302833260634972
LOC111118846,0.272075713963469
LOC111119547,-0.320643230425088
LOC111115144,1.25674964518652
LOC111136300,1.13390433846941
LOC111104540,-0.372637386608317
LOC111120625,-0.00369602251059107
LOC111110124,0.189938139884424
LOC111100589,-0.762469247032145
LOC111105635,-0.927265747936588
LOC111111758,0.124852475362794
LOC111120418,-0.110405854761647
LOC111117528,-0.384030164460358
LOC111137222,2.29868068471626
LOC111128193,-1.05869757315337
LOC111104514,0.226767648268939
LOC111128863,-2.19929586813966
LOC111131413,1.95593955223595
LOC111106484,0.690047990328695
LOC111125440,1.09429143291714
LOC111118960,4.16696206460954
LOC111127306,0.0116468733296013
LOC111130396,0.143222011776462
LOC111103649,0.135381758842142
LOC111105857,0.0663797273612053
LOC111119766,0.340976155110454
LOC111104695,0.219221866239578
LOC111116302,-0.00256430870187676
LOC111107543,-0.741021899548765
LOC111123123,0.40226708177375
LOC111106677,2.56566728062033
LOC111118093,-0.384935435767175
LOC111129611,1.30182270335171
LOC111116400,0.0615189236553431
LOC111119176,-3.09592906859949
LOC111115922,-2.1267968937505
LOC111105063,1.60577054928757
LOC111105095,0.382819125725217
LOC111106041,1.23837744903046
LOC111119342,-3.63863773867031
LOC111121017,0.388252853026149
LOC111103965,-0.971903091229232
LOC111130141,1.67097555622931
LOC111129084,1.74813001409529
LOC111133151,-0.510550953754987
LOC111117587,0.0699364161906339
LOC111122217,0.103176560330548
LOC111137232,0.386612839129066
LOC111114993,1.50250739677415
LOC111120176,-0.947510170479543
LOC111102580,0.382172121833505
LOC111131440,-0.455557329370138
LOC111112582,-5.60988572658563
LOC111120441,-0.320147262149282
LOC111103543,-0.278497913706271
LOC111128792,0.0643857954130392
LOC111133098,0.311517136187617
LOC111099519,0.338768562162653
LOC111123102,0.498057848370808
LOC111135775,0.53369943928942
LOC111135098,-1.3253519825997
LOC111135834,-1.520960674505
LOC111138118,3.43777407942908
LOC111123148,0.130867789765373
LOC111103411,0.15789217336258
LOC111109110,-0.0377605964024511
LOC111105091,2.10411215020375
LOC111119206,-3.90417873731551
LOC111114089,-0.174680699676667
LOC111130552,4.48500246205648
LOC111135330,-0.203742335917006
LOC111104395,0.423117357748526
LOC111107054,0.0881082144843677
LOC111135713,3.90507101066448
LOC111119602,0.650376323989414
LOC111122691,5.58110889920306
LOC111136186,-0.289520776491198
LOC111112099,-2.51491601203016
LOC111119998,0.0551603331529324
LOC111101613,-0.27970027609921
LOC111112025,0.23164289074794
LOC111125390,0.918083863433938
LOC111109584,-0.0535482002631533
LOC111121428,-0.538303103225872
LOC111132934,0.697726879314032
LOC111116843,-0.577721681104688
LOC111115984,-0.508302278799151
LOC111115442,3.93153682430773
LOC111122155,2.25590808387344
LOC111129598,0.111154728449943
LOC111135285,-0.292258335712765
LOC111130024,3.71888431537877
LOC111125945,0.483513385765896
LOC111118883,-0.902901721095476
LOC111134572,1.88391722309937
LOC111128814,2.28369906739647
LOC111122969,-0.954938848638892
LOC111134020,-0.454896302256127
LOC111117207,1.51871115012117
LOC111118572,0.0001424390155929
LOC111103311,-1.82034599526777
LOC111117647,1.10803897929709
LOC111118527,-0.164812244636139
LOC111129656,-0.117070254706778
LOC111122313,-0.152377045835832
LOC111126530,0.0978015268243314
LOC111106732,1.03403159379039
LOC111117648,8.90922618589452
LOC111111303,-1.82767932947626
LOC111100093,-0.618862033180603
LOC111104712,0.0214479762471325
LOC111103623,-0.489367994928758
LOC111109519,0.259130155585128
LOC111128819,0.485082206145832
LOC111134851,0.853781519923241
LOC111101112,0.231231423554356
LOC111123824,1.85480421423325
LOC111103049,-0.207684899647802
LOC111102133,-0.685999868485904
LOC111121339,-0.445628348951668
LOC111111399,1.83357003857299
LOC111121896,0.408368159929017
LOC111118394,-0.42543300121579
LOC111119027,-1.04928163780281
LOC111120111,-0.381606226331937
LOC111107622,-0.132284394318798
LOC111119582,1.89367347859792
LOC111106350,0.955218953495475
LOC111133004,-0.519621827194945
LOC111114346,0.106377189689987
LOC111121176,1.36484411185652
LOC111110127,1.01939666016125
LOC111102978,-0.534821985166526
LOC111138122,-0.0452103755101278
LOC111111534,-1.5126986487279
LOC111113914,0.350308058661282
LOC111133922,0.0337718828749078
LOC111134795,-0.298720242009708
LOC111101864,0.878019757837425
LOC111137861,0.551470419951576
LOC111137362,-0.33517493860511
LOC111129080,0.242080798209922
LOC111127422,-2.81945743615977
LOC111100221,-0.945391923402829
LOC111099741,-2.15292165460832
LOC111133108,0.348408578095168
LOC111102407,-0.530856411648918
LOC111134497,0.606767194439212
LOC111135739,0.856323679204112
LOC111126976,0.228008598459929
LOC111122666,-0.054842951879029
LOC111102291,-0.558470375118176
LOC111102294,0.00390846050431473
LOC111121515,-0.351803813681714
LOC111119320,-0.16062754005886
LOC111111395,0.0330680495462148
LOC111102409,-4.45864220108615
LOC111112266,-1.09784783060101
LOC111109190,-0.912898361555306
LOC111119372,-0.81928550205073
LOC111126008,0.160648687684407
LOC111137484,0.110896776795087
LOC111105619,-0.2062516575393
LOC111129530,-1.07241073717887
LOC111099703,-0.266968973550938
LOC111137563,2.49972436585163
LOC111125344,3.044003640163
LOC111106076,0.462272666237223
LOC111129950,-0.849646943900863
LOC111101273,1.42800912281407
LOC111107877,0.776152693060499
LOC111135619,-0.31470287699442
LOC111133498,0.691506928430561
LOC111126794,-0.508949717514434
LOC111107553,-2.84587215722827
LOC111134371,1.41570016092512
LOC111116393,-0.0767991831475812
LOC111106457,1.15315748647519
LOC111123881,-0.230328878850511
LOC111103972,1.37759927864449
LOC111135520,-0.0544291026695006
LOC111135871,-0.126877669926177
LOC111121919,-0.641494851832176
LOC111119415,0.698430864795346
LOC111103870,-1.03513672493279
LOC111130943,-0.895703628982486
LOC111118339,-0.270739828525493
LOC111120826,0.865615109321351
LOC111099954,-0.207374990831886
LOC111101712,2.32350207663793
LOC111112763,0.324582574855312
LOC111116031,-2.84671639341242
LOC111137775,-0.780514007084676
LOC111135491,-1.57543042074277
LOC111137402,-0.184043491845023
LOC111121061,-0.119439670210917
LOC111118369,0.979407587458108
LOC111136540,0.344375474473779
LOC111103910,-0.966521661490176
LOC111118154,-1.06815248921485
LOC111130716,0.12131851344921
LOC111136926,1.11022792200404
LOC111099133,-0.106519970266925
LOC111119369,0.332561726990427
LOC111125674,0.176116259089398
LOC111137079,-0.0973016471283271
LOC111109326,0.228080149975052
LOC111115148,-0.519466211858113
LOC111108410,2.28557241109226
LOC111134330,-0.436555741878746
LOC111121054,0.0443576684498783
LOC111110526,-0.884188922216533
LOC111120026,0.188448871259194
LOC111102170,-0.0255158143072285
LOC111133233,1.50022101707772
LOC111119231,-1.37927907444261
LOC111120567,-6.09422239595702
LOC111123765,-0.512938586733487
LOC111101137,1.40384398113616
LOC111121399,0.469940888227222
LOC111116493,-0.661220073615438
LOC111102475,0.157408691436456
LOC111129411,-2.4656822388358
LOC111119662,-1.88124450403266
LOC111119660,1.18631798206435
LOC111114403,0.236305362818811
LOC111122320,0.110148209148228
LOC111136801,-0.191206530435787
LOC111127520,-0.956480811964765
LOC111122495,-0.110919786600438
LOC111112797,-0.593437517272582
LOC111126405,-1.28576173405244
LOC111128868,1.55288849792099
LOC111115743,-2.48287046713284
LOC111131167,1.40095786453943
LOC111114844,-0.0012290508970728
LOC111114529,-0.564970894345892
LOC111100013,-0.217187507872428
LOC111120708,9.20446003924208
LOC111135160,-0.118520610730203
LOC111110858,0.46266665171691
LOC111122229,-0.360916862197614
LOC111110907,0.545359231898755
LOC111137017,0.358126357915372
LOC111120290,-0.470212833609515
LOC111105205,0.286550741808168
LOC111099045,0.363191811010992
LOC111133628,0.530595303899901
LOC111128875,2.19504100035593
LOC111107212,-0.0705322959233279
LOC111133947,0.334787635908597
LOC111122801,1.37415771185647
LOC111111041,-0.0521929553809908
LOC111099702,-0.168975436372777
LOC111119343,-0.623566583706023
LOC111136655,1.14566609483804
LOC111108203,-0.0835208522894293
LOC111123172,0.199360253099774
LOC111120860,-0.12101101897905
LOC111128750,-0.053201893030852
LOC111116928,0.195529966450712
LOC111121247,0.81259988535355
LOC111105721,4.89273910079104
LOC111115408,-0.209011274361329
LOC111111416,0.131317059454703
LOC111131642,-1.19135049816352
LOC111106141,0.11634676403331
LOC111105507,-1.72709567936118
LOC111099195,0.097542900405339
LOC111138504,-1.61147716581826
LOC111122904,-0.0360354129150773
LOC111116707,0.675289634626676
LOC111123561,-0.115210233596527
LOC111123906,1.08133535714808
LOC111103262,-1.11874171287368
LOC111099802,2.15066160093528
LOC111108483,0.469648859753858
LOC111113919,-0.220553063480372
LOC111127146,-7.04503020416931
LOC111111246,0.0366964797663225
LOC111120089,1.78894302087398
LOC111113641,0.159717713420896
LOC111124908,-1.55293300182591
LOC111122171,-0.908367867547925
LOC111109391,-9.46793490858274
LOC111129292,1.8977565442103
LOC111125353,0.917766596858949
LOC111135078,-0.389912195273142
LOC111126464,-0.908787030146104
LOC111125663,3.68456767963436
LOC111123052,0.165787795879583
LOC111119830,0.452935285381788
LOC111111801,0.282071709825355
LOC111099476,-0.267445204793563
LOC111107737,1.5107177352646
LOC111118371,0.85098114907235
LOC111125035,0.251449866411057
LOC111103885,0.533732825214477
LOC111106957,0.386019659309095
LOC111136808,3.40774159576463
LOC111133143,0.230516036356505
LOC111133199,-0.262176830590278
LOC111122667,0.016461344395123
LOC111102826,0.227745836506513
LOC111125554,0.546221490280841
LOC111127406,0.246707497149149
LOC111103795,0.23899142407555
LOC111107209,0.282290856628125
LOC111124830,0.20488297618544
LOC111107356,0.310420954663335
LOC111136631,-1.00176622938246
LOC111113922,1.28969674257717
LOC111126328,1.64066643218146
LOC111136933,-0.211936005903964
LOC111129082,-0.605862806258648
LOC111110786,-0.167625057947295
LOC111123546,-2.52308221569421
LOC111117351,0.0892688576202897
LOC111101792,2.38936174225911
LOC111104343,-30.8458220800522
LOC111100993,1.02442288058486
LOC111099118,1.04993835715684
LOC111119738,-1.41472819931179
LOC111102530,-1.51350661550117
LOC111121809,2.72807292007325
LOC111119586,0.829499064689796
LOC111115517,0.525149755269322
LOC111099484,-0.758624116730216
LOC111130381,-1.07365330457997
LOC111123941,-0.133220540410448
LOC111105840,5.28522313627979
LOC111129939,-0.142541431575181
LOC111121922,-5.63242268703826
LOC111122471,-0.12203972546308
LOC111101726,-0.881305174512476
LOC111104601,-0.674332405543638
LOC111112860,0.876568909562163
LOC111123691,-2.7064585616742
LOC111126546,0.214485218649078
LOC111106634,2.25637936217621
LOC111132378,0.440586660898029
LOC111136839,-1.40786714994421
LOC111102731,1.32291790349766
LOC111113022,-1.62952366193864
LOC111099108,0.780876818854584
LOC111120955,0.455670903722777
LOC111129166,-0.76648287248783
LOC111137027,0.316715816119273
LOC111112437,1.57390907086472
LOC111106164,-0.245173649158975
LOC111137297,-0.436250837970694
LOC111122350,0.439742427534994
LOC111135423,-0.203513913412198
LOC111122905,-0.286028406996694
LOC111137873,0.133006199304385
LOC111111322,1.18760862285902
LOC111125962,0.964300425972969
LOC111113202,0.586565983283987
LOC111102241,0.624353444357065
LOC111128642,0.175733567072584
LOC111100839,1.55114528713744
LOC111123976,0.113608378075381
LOC111099878,0.34895403778626
LOC111112655,0.410505781944037
LOC111135123,1.15131887429059
LOC111112656,-0.142414376622355
LOC111137996,-0.308487729954114
LOC111120701,1.9026420653336
LOC111138356,0.169461345502931
LOC111104276,0.0717434528552047
LOC111128426,0.343967242652725
LOC111119239,0.900243289574954
LOC111137805,-0.166366790540992
LOC111135253,0.213300276307969
LOC111131032,-2.0554501806156
LOC111108519,0.437987427550522
LOC111112955,0.284644188980964
LOC111122143,0.12452454328922
LOC111135140,-5.28483338808499
LOC111120849,-1.19928128993189
LOC111102429,1.14621082337811
LOC111121452,-0.384163882038706
LOC111131790,-0.199613077099711
LOC111122437,-0.0916560863717551
LOC111105359,-0.407406990353987
LOC111107350,-0.170262092214966
LOC111121454,0.228199473060191
LOC111127851,0.551239025877607
LOC111131560,0.318018028180261
LOC111137309,0.739026079390689
LOC111137856,1.13665960784527
LOC111102611,-0.215952435320444
LOC111134801,-0.541238695027369
LOC111116810,-0.00636112930437594
LOC111114538,13.7575926623192
LOC111100375,0.0972905471359676
LOC111121589,-0.907550787266438
LOC111102765,0.0508285264424168
LOC111107627,-2.60729074782571
LOC111123547,0.627785790928404
LOC111131119,1.00820547315795
LOC111105911,1.86963238173349
LOC111119694,-1.69713039255428
LOC111133357,0.47945602803926
LOC111127121,-0.222113086228616
LOC111122008,-1.15234923717551
LOC111101328,0.193259353736456
LOC111119371,0.729659311974332
LOC111115939,0.697241814417841
LOC111137007,0.61067884155487
LOC111101198,-0.777190445706288
LOC111100884,1.14213953893091
LOC111119201,1.44181788882764
LOC111101460,-0.063987206231997
LOC111121366,0.275381526542384
LOC111099048,-0.238481042033983
LOC111125231,-4.18830936612991
LOC111103626,0.234069683803308
LOC111111773,0.0898635733957162
LOC111126116,-1.67348835885108
LOC111111542,0.0560431919335683
LOC111115088,-0.278521311634619
LOC111133518,0.407814587223403
LOC111121935,-0.338992590276439
LOC111134873,1.81938177193248
LOC111122675,-0.00472003164097714
LOC111135296,0.120734534197853
LOC111119823,-0.0897516019202947
LOC111118239,2.72068454663084
LOC111122163,-0.455796999181041
LOC111138360,0.213924886087642
LOC111131533,-1.33627413604818
LOC111124470,-1.67599733515892
LOC111120471,1.16579455374635
LOC111124134,-0.0405932563805828
LOC111111978,0.0374044794952086
LOC111108463,-0.231129992116159
LOC111104030,-1.67944888773164
LOC111137622,0.626316354299519
LOC111101948,2.58607052358972
LOC111128128,0.66200060473942
LOC111117719,-0.319374050659916
LOC111123800,0.170249534106206
LOC111115008,-0.299215593633629
LOC111126435,1.24432990332121
LOC111124593,-0.949976290681365
LOC111125538,0.0774568575168612
LOC111134426,-7.52227022641356
LOC111132941,-0.227508927172117
LOC111138209,-0.490717572834281
LOC111136467,0.15685012214406
LOC111109107,-0.0572503161464281
LOC111119403,0.391061285254968
LOC111102904,0.205475418835267
LOC111121074,0.133907679695969
LOC111121076,-0.0445426379491502
LOC111134645,-0.827978707694603
LOC111132071,-1.28574443154959
LOC111116839,1.40078755761079
LOC111138321,1.28854352062912
LOC111108143,-3.76190133381575
LOC111102251,0.737818369589569
LOC111135504,-1.08979653962269
LOC111135213,-0.0118089895234135
LOC111131430,0.0223909735093605
LOC111135544,-0.246015320353821
LOC111106244,1.03552225697523
LOC111103370,-0.65570675864242
LOC111108764,0.82191254435279
LOC111116587,-0.0477172759906929
LOC111133399,-4.13936480836367
LOC111133789,0.03322424357788
LOC111123700,-4.35540255088306
LOC111101027,0.259680327410593
LOC111107841,-0.204699318241965
LOC111128100,-0.213231083641386
LOC111106821,1.61611856453575
LOC111121098,-1.33870527233561
LOC111123286,-1.38970911219208
LOC111100574,-0.904607338888156
LOC111100287,-1.13642089175177
LOC111119693,2.64831192398427
LOC111114536,0.619174232484941
LOC111136634,-0.719600719936453
LOC111119710,-0.910540695007234
LOC111107625,2.48361041652221
LOC111116632,0.32439328661012
LOC111116040,-0.047424348635371
LOC111108357,-4.46680616911757
LOC111115118,0.384953091587316
LOC111121022,-0.304037906080253
LOC111120585,-3.51805486233119
LOC111135566,3.07715599508918
LOC111130066,-1.04260942350818
LOC111132688,0.534146072525271
LOC111118769,-1.62381715517843
LOC111124759,-1.35789444291708
LOC111124057,-0.460656162268511
LOC111135525,-0.432604180023451
LOC111118152,-0.910101697817771
LOC111133134,-1.27433936676788
LOC111109816,5.12702179623452
LOC111100646,0.587006645706537
LOC111133856,-1.78952783884288
LOC111119514,0.286935333750456
LOC111115487,6.59576085786251
LOC111124176,-0.367612236572379
LOC111102604,0.0941865291522793
LOC111121947,-0.37776409417132
LOC111121125,3.52375751093269
LOC111110843,0.230144267433302
LOC111128922,0.457832978999722
LOC111100447,-0.65428604565772
LOC111110744,0.00117057980981428
LOC111130929,-0.0650020497436685
LOC111101828,0.657581465727177
LOC111114053,2.6342445757149
LOC111116480,-0.0546930187912392
LOC111128847,-0.931861802485888
LOC111100679,0.578245999846855
LOC111127844,-4.09222076525154
LOC111125052,-0.487740412634807
LOC111108496,0.595569618293003
LOC111134960,0.673512946129631
LOC111105582,-0.168867988006708
LOC111113397,-0.402272558558822
LOC111103547,-0.218699232428271
LOC111133330,-3.73099637378055
LOC111122082,-1.39831143778112
LOC111119607,1.4487574958725
LOC111134113,0.000781220175231874
LOC111113248,-1.0324240550015
LOC111132273,-0.0601947312329809
LOC111120878,-0.787800029580924
LOC111137052,0.155468317920838
LOC111105600,0.694972675273
LOC111122623,6.52535068766341
LOC111119646,-0.422446674562208
LOC111128226,0.353918407424623
LOC111133404,0.201992403461242
LOC111120078,1.16757828989666
LOC111115439,-0.126404069174233
LOC111135852,-2.85454795369629
LOC111111998,1.83817877025596
LOC111101197,0.311007940006901
LOC111110518,2.11760812061504
LOC111128451,-0.609714792396979
LOC111126998,-0.0418713234957809
LOC111101373,-0.648179336863768
LOC111122159,-1.64398887213312
LOC111131398,2.00370087324372
LOC111125647,-0.158671999670413
LOC111126787,-0.17894411980886
LOC111132438,1.95020000329414
LOC111106037,0.449383874834521
LOC111102099,-0.846188853113886
LOC111137927,-0.0792539898678408
LOC111102609,0.613796321263214
LOC111110719,1.59498270224197
LOC111106916,-1.34004793083021
LOC111118301,0.532279313694578
LOC111108229,0.409923720307397
LOC111135733,-0.061600312893151
LOC111108096,0.590928423879158
LOC111101265,0.719038671367278
LOC111122854,-0.620612450810839
LOC111129715,0.822552795355411
LOC111113360,-0.880988692236407
LOC111105549,1.48415321750732
LOC111121476,0.613060722106594
LOC111134002,2.3219396603218
LOC111129091,-0.695473026893562
LOC111134389,0.177253111956992
LOC111101850,-0.0651785539493705
LOC111106462,1.51035097464905
LOC111099082,-0.31710062737329
LOC111134904,0.149377349255239
LOC111107224,0.162132829503998
LOC111114618,-0.603056011587419
LOC111137152,-0.396386765645881
LOC111132219,-1.99748565716734
LOC111126902,-0.555402527970439
LOC111111228,-0.0724300858063013
LOC111129886,-8.49510938657842
LOC111133794,1.30750408645743
LOC111106399,-0.424647529618632
LOC111107359,1.26351870953848
LOC111134802,4.46732857058044
LOC111114728,1.44954367415085
LOC111108338,-0.498031779019252
LOC111120713,-2.30260751245387
LOC111102582,0.502114071861968
LOC111112663,-1.35149382728834
LOC111137609,-0.870480893202486
LOC111125990,1.78386284506875
LOC111116592,-0.112756702818044
LOC111130953,0.500914945072266
LOC111117680,-0.204520628567001
LOC111113584,-0.314231150241962
LOC111116151,-0.0166911869459677
LOC111127637,-0.0289529097935781
LOC111133057,-3.81234868820667
LOC111104770,0.919476037840507
LOC111104326,0.333007906992547
LOC111134137,-0.331464142503645
LOC111117591,-0.250927094382765
LOC111134812,1.23870739566557
LOC111130272,0.171398603852989
LOC111135181,-0.0544746362690143
LOC111127783,0.244810021108036
LOC111110677,0.497471099893779
LOC111123790,-4.00698342471314
LOC111121311,0.202768763674957
LOC111120175,0.105027834171657
LOC111135055,0.300675153268245
LOC111110875,0.225618506477334
LOC111123796,-0.0755309617714467
LOC111128722,0.327730220797968
LOC111131242,-0.258894589475281
LOC111136380,0.401770487294068
LOC111126810,0.132599686056167
LOC111129399,0.398352445668313
LOC111099123,0.108584113293083
LOC111104038,-0.262197320992527
LOC111105521,0.0803643235461795
LOC111130624,2.27125851682661
LOC111131766,1.92046567145452
LOC111099446,0.132896296075921
LOC111110940,-0.00256625436502409
LOC111118569,0.4942553974825
LOC111133808,0.0730706629505679
LOC111113575,0.386605759004645
LOC111136227,-0.0261333159475356
LOC111133327,-0.363961763492797
LOC111133319,-0.672632377153002
LOC111116795,0.384942990517953
LOC111135721,-0.236140194844314
LOC111123987,-0.0118683241170176
LOC111106411,-0.105788236780875
LOC111136559,-0.165384820343908
LOC111130279,0.625204808972759
LOC111135506,-0.0343398462120241
LOC111104082,0.418295507671515
LOC111132595,-0.0104106753943349
LOC111128488,-2.19539980983532
LOC111108947,0.643554401608005
LOC111099489,0.964173954179422
LOC111109904,0.483981742229576
LOC111130374,1.73764851950524
LOC111110356,2.27980445386236
LOC111136889,-0.242773542085178
LOC111114609,1.19751333508418
LOC111124533,2.33234759120186
LOC111108451,-0.13518973793158
LOC111136238,0.727628251419566
LOC111114532,0.263094133715389
LOC111100350,0.0709691638796109
LOC111119397,-1.09180097502681
LOC111130874,-0.501525123780249
LOC111119682,0.278178999257025
LOC111125196,0.849149724093943
LOC111127060,0.71221053048595
LOC111129193,-2.18815273724851
LOC111102211,-3.82160303633973
LOC111128962,-2.42668466003324
LOC111128109,0.446890480332653
LOC111102852,-0.695867340165622
LOC111102285,1.77824692748002
LOC111130629,-0.150638874196693
LOC111113401,-0.714555784514193
LOC111129275,-0.0909050603884788
LOC111122375,-0.483568408773708
LOC111127550,-0.896329607162641
LOC111109128,-0.564659196019944
LOC111109129,0.150654134379164
LOC111105601,-0.678085329250568
LOC111128589,0.213825772148614
LOC111127811,0.185962367674093
LOC111129147,-0.251188885513554
LOC111132343,-0.228260534342698
LOC111101199,1.27399908207207
LOC111102234,-0.0866030096448158
LOC111125649,2.17015192055652
LOC111128840,-0.206207933153308
LOC111133948,-2.00949777634033
LOC111111572,1.04254999541167
LOC111136434,-0.0244012310243212
LOC111138461,-0.654880739327918
LOC111123197,1.04175055264576
LOC111109557,0.559772072475389
LOC111133858,0.87544259939136
LOC111134887,-1.19925244364644
LOC111128179,-0.064936573376475
LOC111126139,0.882914997311451
LOC111110039,0.270481388453482
LOC111108501,1.43874793053493
LOC111105579,-0.998382830135842
LOC111138306,3.27749569214803
LOC111121762,-1.67263135305354
LOC111111939,-0.75162607136591
LOC111104970,-0.347562877963751
LOC111128851,0.775902088402467
LOC111119442,0.348005548566952
LOC111130621,0.107559190470114
LOC111126544,-0.793557665399769
LOC111109084,0.255421229773911
LOC111106703,0.105968682008017
LOC111114879,3.10087166716024
LOC111120554,0.990420648356653
LOC111130121,0.984780495209414
LOC111101639,-1.77778985512407
LOC111121105,-0.389547865032114
LOC111123251,0.278320151109505
LOC111127739,-1.0721482490815
LOC111125005,0.402919586346069
LOC111107260,1.36836426689641
LOC111130595,3.90227307199162
LOC111120777,0.215486543931907
LOC111130289,-1.09214219565051
LOC111114829,-1.45335701673554
LOC111108423,-1.03968900253536
LOC111121581,-0.70825616464403
LOC111129789,0.591209644764377
LOC111101023,-0.92774424564835
LOC111123837,0.0790592168195801
LOC111125566,0.842759673517286
LOC111106006,-0.305410171413563
LOC111122653,1.463081821024
LOC111131867,-0.887472136447385
LOC111134617,0.651483623095361
LOC111101628,0.102534427775884
LOC111100845,5.30028944693456
LOC111099949,0.594296705823895
LOC111132134,5.5528545576984
LOC111119585,1.98965525641987
LOC111118600,-0.033249141768234
LOC111119198,1.4208567496432
LOC111123753,-2.29098648234094
LOC111107289,-0.386668901858297
LOC111119345,-0.159527445039699
ND1,-0.849672065092178
LOC111134206,-1.71405212273845
LOC111112172,0.0710231157646686
LOC111109757,1.60345091066761
LOC111113126,0.180028184362278
LOC111103889,-0.433900798131173
LOC111104116,-0.302680059593584
LOC111132809,-0.640295074213088
LOC111126624,1.05955814583208
LOC111112747,-0.00480672320808789
LOC111135539,-0.309217812761458
LOC111104996,1.58933711132961
LOC111118463,1.94441121759567
LOC111128509,-1.93072305962701
LOC111118464,-0.624256488239607
LOC111113717,0.0757081612341929
LOC111120829,0.61135788348401
LOC111109590,0.526377040511426
LOC111111120,0.371064736513381
LOC111114107,0.384085030628412
LOC111119063,0.535323332307162
LOC111131437,-0.815778301813552
LOC111136393,0.983504785137701
LOC111131722,1.46876766893399
LOC111115993,0.9457466885792
LOC111100451,1.68700840369975
LOC111136779,1.03064342647827
LOC111110143,-0.101697566959829
LOC111100514,-1.68249918329613
LOC111107499,0.873862371059213
LOC111136621,0.114841742980001
LOC111112169,-12.3679895716055
LOC111133089,1.26527989007046
LOC111133565,-0.931519430838733
LOC111122435,-0.603142586957785
LOC111102292,-0.510634790209274
LOC111102030,-1.18771618280156
LOC111129692,-0.0538302244218604
LOC111129821,-0.337858497111067
LOC111134776,3.61609617743021
LOC111128165,0.845794317934462
LOC111104285,0.512518744645104
LOC111120511,-3.95056151733085
LOC111137981,-1.28415963783524
LOC111130037,-0.412578866129908
LOC111130036,-0.439853541340613
LOC111101115,-4.99823834865287
LOC111108177,2.10419244829007
LOC111099887,0.47429979942341
LOC111118112,-0.415980681985717
LOC111138282,0.064718266635428
LOC111113398,-9.44398510074694
LOC111102188,0.767975306120981
LOC111131155,-0.471956552805367
LOC111137838,-0.242527480376048
LOC111126659,-0.784217736032888
LOC111128038,-3.22899766803919
LOC111125767,2.94017696978657
LOC111114673,0.819919343198357
LOC111122846,-0.0193161570046597
LOC111109657,5.27599511471896
LOC111111260,1.93159592310229
LOC111103781,2.54182787176711
LOC111110485,-0.481900897033113
LOC111124855,-0.177954881180088
LOC111107584,-1.47363850328169
LOC111103915,-1.26295875921309
LOC111132603,-0.0842929852571474
LOC111130420,-0.130352919599682
LOC111134564,4.40204888853753
LOC111105286,0.820373000774732
LOC111102420,-0.177375255369608
LOC111099526,0.306252583409927
LOC111125610,-0.336163963742582
LOC111136450,4.32926680345147
LOC111131263,0.0873351433293344
LOC111118485,0.351229998721627
LOC111099708,-7.38357472236485
LOC111114607,-0.44409213606705
LOC111103485,0.836323271827659
LOC111117488,-0.145220103493375
LOC111112580,-1.22141179407195
LOC111123120,0.144200883748803
LOC111137291,-1.97861692568353
LOC111104834,-0.491852400509517
LOC111135359,-0.165128158938479
LOC111102337,-0.589273799359321
LOC111107575,1.63974337827433
LOC111120475,-3.18612104288649
LOC111116791,-1.06017946490365
LOC111133678,-0.1299591565467
LOC111117835,0.112006019944105
LOC111118606,-6.15999276619795
LOC111121749,-1.34713705263154
LOC111124612,-1.06388187043005
LOC111126852,-0.474502504362422
LOC111104636,0.0843078915427347
LOC111106672,-1.35378376159383
LOC111118298,0.397458533066865
LOC111125249,0.0896784523979117
LOC111128811,-0.240440918124809
LOC111108629,0.0159116389733265
LOC111117846,0.132478534034303
LOC111132384,0.129405151719644
LOC111135300,-0.623368475550171
LOC111119454,-0.083407764730288
LOC111121614,-0.857309389443238
LOC111121252,-0.912880935138189
LOC111137269,-0.342929903336151
LOC111120183,-0.64861076146443
LOC111132110,1.4988309530715
LOC111106867,0.328572095000037
LOC111124961,-1.55235502059162
LOC111135687,-0.692794588018452
LOC111137366,-2.74113040082534
LOC111106884,-0.809038941156603
LOC111132893,0.325966648820868
LOC111102572,-0.0465097527778919
LOC111122896,-0.578027619344553
LOC111109940,-0.204301625911392
LOC111113180,-1.23279134201855
LOC111125592,0.341241526593452
LOC111103784,0.652708775157549
LOC111123804,0.889728716771265
LOC111133119,-1.24780401610962
LOC111112924,0.456212531151386
LOC111117310,1.23512968619278
LOC111131603,2.44633864595166
LOC111126660,0.771830902635785
LOC111103697,-0.243622879252072
LOC111135150,-0.291569340412968
LOC111102912,1.54634090758176
LOC111119672,0.115344207965225
LOC111111357,-1.15636207903859
LOC111126856,0.000323593801574233
LOC111101820,-0.169690660669576
LOC111104081,-0.539198463050861
LOC111103150,-1.38163473503271
LOC111127317,9.52183335873239
LOC111111203,0.305035258519543
LOC111126966,-0.327313460165328
LOC111101479,0.00847866039178453
LOC111109038,1.03897998129654
LOC111110315,-1.19273666811229
LOC111126642,-0.326912542646768
LOC111108930,0.282399095224448
LOC111133605,-3.24657309442507
LOC111136276,0.0711035638690488
LOC111134800,0.820847489056301
LOC111130767,0.00315312234678833
LOC111115047,0.460501800986921
LOC111132831,0.69604423214352
LOC111118232,0.602977797793563
LOC111125056,-0.26427029413287
LOC111121586,-0.12623014807221
LOC111108552,-3.64015106793545
LOC111104016,-2.36316855585125
LOC111103216,0.200637309424955
LOC111130167,1.33808495338212
LOC111104657,-0.167822573695867
LOC111136644,0.159864238911366
LOC111129345,0.429465665322836
LOC111138363,-5.00424066715616
LOC111104571,0.184619415009389
LOC111121639,-0.0240826740060812
LOC111137338,-0.759982148432255
LOC111099192,2.36895476891147
LOC111111386,0.00583306637715453
LOC111129487,-0.169437385372736
LOC111105580,-0.493770855831085
LOC111136783,-0.0178596869393197
LOC111132073,0.523356972944594
LOC111138256,-0.0620373394400411
LOC111108072,-0.423444143921808
LOC111130515,1.03678866246923
LOC111104513,-0.623287755126212
LOC111125980,-0.301611506759066
LOC111116422,0.292452670695593
LOC111134879,-0.204250176416953
LOC111127896,2.92180916123142
LOC111104927,-0.497761041555342
LOC111118494,1.584081271472
LOC111132983,-0.124205765943799
LOC111125406,-0.566718236458618
LOC111131527,-0.901976775176152
LOC111129209,1.03283817077428
LOC111116973,-0.797492710596627
LOC111107785,0.288860719911797
LOC111100219,-1.90615573910805
LOC111124446,2.28631567407282
LOC111115278,-0.502849032197911
LOC111102699,-0.0868363636776471
LOC111132480,1.161304815881
LOC111129390,0.973064751139389
LOC111106734,-0.81472384942648
LOC111130519,0.823974960343129
LOC111114864,0.0720690148165914
LOC111102221,0.306502426490308
LOC111104633,-1.50285165401825
LOC111135944,0.209108223604215
LOC111100881,-0.754894219564899
LOC111122853,-4.22803892379289
LOC111119918,-0.20702747839733
LOC111101042,-0.120822512546165
LOC111137858,0.801715213055026
LOC111137519,-1.08780998013382
LOC111137450,-0.39993516767713
LOC111121483,0.0669204656656538
LOC111102455,-0.889026106553599
LOC111108360,-1.16028029575083
LOC111103512,1.26231981642119
LOC111125136,0.851030146807598
LOC111107187,-0.490806568509948
LOC111114660,-0.71448209713437
LOC111129846,0.390217763550234
LOC111131066,1.14869598427198
LOC111137917,1.06443133892211
LOC111132156,2.56109537907228
LOC111132545,-1.34916268092277
LOC111110179,1.5161635485936
LOC111131784,-1.63856419691983
LOC111109591,0.95827199247244
LOC111116874,-0.689129271587752
LOC111132039,1.06559884704227
LOC111124156,-1.56577434831755
LOC111123196,-0.178179586605416
LOC111136913,1.39725588116051
LOC111136315,0.658003733913586
LOC111132913,-0.276115091930891
LOC111100995,0.86681115919263
LOC111131668,-0.997055765575843
LOC111119145,-0.461751673533695
LOC111133970,0.734535848835751
LOC111131487,8.95700318555244
LOC111109373,-0.383811806092982
LOC111120582,-0.087902238221344
LOC111101605,4.01367744153196
LOC111108065,0.163782392803651
LOC111101301,2.02488459134736
LOC111113968,0.352388813251524
LOC111118320,-0.442718559773312
LOC111123594,1.53270050154597
LOC111116827,-0.365019528521399
LOC111119444,0.408003604729344
LOC111137672,-0.266810460178257
LOC111138464,-1.33684732652842
LOC111124931,0.437828116939175
LOC111133131,0.338078214077216
LOC111115194,0.230579983975874
LOC111133831,0.135984194421626
LOC111111030,0.0739437031957362
LOC111107298,0.215785746600647
LOC111119780,0.606614618269931
LOC111133837,8.44087260477001
LOC111100385,-0.0697456279946792
LOC111137172,0.145426141358732
LOC111137712,-0.848819674785343
LOC111125738,-1.47937848238992
LOC111137874,-0.324554092404016
LOC111113063,-0.0297992472133821
LOC111132317,0.0491497093904103
LOC111112909,0.387923330800443
LOC111128607,0.224953459933985
LOC111128232,-0.445877461504031
LOC111116419,0.171305127477836
LOC111132077,-0.164012964697182
LOC111138170,1.13514729120415
LOC111126683,9.42074034239592
LOC111105370,0.155396043105091
LOC111119651,-0.509591894868594
LOC111136465,0.420830577114261
LOC111118115,-0.498114893634139
LOC111108626,0.714923952318068
LOC111127431,0.760878695896222
LOC111112438,-0.385661012600948
LOC111136718,0.57859707307763
LOC111111800,0.25314009813091
LOC111138146,0.14847995327443
LOC111118257,-4.0739547645475
LOC111099098,0.305464099148162
LOC111100461,0.0957111576783565
LOC111108356,-0.842377615816869
LOC111137354,0.640174367056154
LOC111136584,0.27021211766568
LOC111115810,0.390298365259134
LOC111103886,-0.52570835136705
LOC111103803,0.46473714461798
LOC111111127,-0.0276221300220464
LOC111118829,-0.113984626944983
LOC111116772,-0.345627280144459
LOC111101275,-0.176610084008798
LOC111112668,-0.0430400560709418
LOC111128889,0.057758889632238
LOC111106715,0.0794621934970867
LOC111123412,0.488803269586588
LOC111136305,-0.0118484922077041
LOC111131272,0.179601276628294
LOC111100979,-0.768129901113902
LOC111131293,-0.317220512179835
LOC111135999,-1.16471605238791
LOC111137228,-0.649133052218551
LOC111136749,-0.780954202540511
LOC111133790,-0.363134437354535
LOC111134793,1.10232713711336
LOC111132439,-0.40179291081634
LOC111126188,-0.718442493507552
LOC111115460,0.364362506254857
LOC111111479,-0.832269800049677
LOC111123620,-0.203741582780629
LOC111110162,-3.05401878944659
LOC111109422,0.0287713354059674
LOC111109144,0.119560527990707
LOC111108892,-0.339595556579113
LOC111113271,1.52531475346196
LOC111114929,1.20749200596825
LOC111105676,-2.541500350585
LOC111114811,-2.55418962124138
LOC111133214,-2.45162025088489
LOC111119781,1.14286573801694
LOC111111223,0.533432393034772
LOC111121305,-0.803487807855437
LOC111108758,0.40294382469266
LOC111133908,-0.114665794943311
LOC111137842,-0.372819499496836
LOC111103676,4.58479989590512
LOC111130451,0.874331533549281
LOC111115342,-0.169099439894549
LOC111129938,-0.274801948192931
LOC111100383,-0.4440557867327
LOC111100605,9.14283607399964
LOC111117821,2.24674930262106
LOC111105132,-0.198650406079338
LOC111127133,1.24835107640152
LOC111111638,-0.0581396635212521
LOC111107020,-0.187988438874463
LOC111114010,0.573642913205003
LOC111131403,-0.178566406209103
LOC111118591,-0.489396239006909
LOC111136070,-0.785996378954019
LOC111120899,0.0769116505547801
LOC111130725,0.176539478288174
LOC111121914,-2.90055596536882
LOC111103104,0.555253510276994
LOC111128984,0.211157809963401
LOC111113153,0.410383089221619
LOC111131555,0.0799443451855224
LOC111117442,-2.7903584461965
LOC111112768,0.404642873376413
LOC111127955,-0.0301371452920912
LOC111133600,-0.208079040967785
LOC111117562,-0.0756095471493036
LOC111119248,-0.0288644360239801
LOC111115427,-0.0541342360139769
LOC111118654,3.38585033991795
LOC111117522,-0.817391166259907
LOC111110188,-0.0971223740342987
LOC111133647,-0.0746697786965045
LOC111100360,0.873621476213345
LOC111124618,-1.20735167139536
LOC111129149,-2.20139528844491
LOC111113580,-7.43133106084296
LOC111135754,-1.048115482182
LOC111110860,-0.366814366808087
LOC111120822,-1.92096350324121
LOC111107264,-0.0699474314917326
LOC111136728,-1.19299214357229
LOC111122294,-0.631139347434427
LOC111121536,0.622572942840001
LOC111130709,-0.0949249089188417
LOC111119203,-0.381905411624928
LOC111112277,-0.23579067049298
LOC111106587,0.174960099334611
LOC111105165,0.317909327087972
LOC111111297,3.38083391128059
LOC111126049,-0.270338919668277
LOC111134600,3.8011559619434
LOC111128320,0.0918402571390212
LOC111099570,0.829380723308856
LOC111130047,-1.88424052779415
LOC111102583,0.957145902316407
LOC111137042,-1.23086652822787
LOC111130280,2.08271534122615
LOC111112216,-1.80861225049961
LOC111122654,0.44972742969647
LOC111118326,0.0409508950514206
LOC111106759,0.333840274824223
LOC111112148,0.1680652432354
LOC111110787,2.31085973651399
LOC111133195,0.799484128142741
LOC111136035,-0.579609881169882
LOC111124898,0.411097040363569
LOC111133036,0.84088399752699
LOC111122356,-0.412512327174158
LOC111114585,3.24575981646839
LOC111122276,0.043067779503051
LOC111113754,0.25767106766283
LOC111104525,-0.490549793619122
LOC111114978,-1.51271477323453
LOC111136433,-1.00511845417672
LOC111112115,-0.314893708555296
LOC111121141,4.68197074103389
LOC111123568,-0.102568263104177
LOC111103409,-0.36898714787714
LOC111120063,0.0700490608627979
LOC111113356,-0.581495340607872
LOC111137108,-0.860482532268529
LOC111115973,-0.0450152740474502
LOC111117555,0.472615745177343
LOC111128660,0.679064192555951
LOC111121157,-0.927871557219136
LOC111101193,0.584706911563778
LOC111115946,4.5795237845892
LOC111104833,-0.0328221705798982
LOC111111673,-0.177524408146464
LOC111129006,5.36657204831093
LOC111100232,-0.0301510842417261
LOC111108905,-0.356870736077725
LOC111132629,0.409335137224486
LOC111113946,-0.362769655821021
LOC111122421,-0.262196565042357
LOC111109745,0.569293172555143
LOC111103465,0.567318509692635
LOC111101772,-0.366273968479626
LOC111125915,-0.800717827337612
LOC111110132,-0.346916629706564
LOC111124531,-0.783157760836119
LOC111111736,-3.20434591532781
LOC111115959,0.242816496728608
LOC111101929,0.382316336538798
LOC111123090,-0.568527228995526
LOC111107084,0.470886304595186
LOC111114696,0.342740968389324
LOC111125543,-0.725263049757731
LOC111125545,-2.15392359755436
LOC111134398,-2.20758199463253
LOC111107375,0.168909566607094
LOC111134392,-1.91408657719799
LOC111104651,-0.307710890258294
LOC111133420,-0.0318340787623537
LOC111125048,-0.180251233506201
LOC111128763,-6.3440187824245
LOC111124512,-0.0427897907804414
LOC111128580,-1.08731802281346
LOC111128177,-3.01855329054015
LOC111118419,-1.58316343690843
LOC111113004,-0.0587492038398767
LOC111138505,-0.66062957728791
LOC111130076,-0.452361120647367
LOC111131785,-1.38062557770634
LOC111130471,1.54408569954642
LOC111135442,1.67009514621522
LOC111118155,-0.226548611585472
LOC111105252,-2.39566904288697
LOC111138344,0.0488166967832213
LOC111121359,-1.56123927292942
LOC111113011,4.18946289922419
LOC111100927,1.37537767588814
LOC111127220,-1.40159279446842
LOC111133369,0.442055645412863
LOC111125150,-0.0682570245063015
LOC111099490,1.62262383606563
LOC111119297,0.0189582929738365
LOC111123593,0.255657707923747
LOC111118771,-0.157273120599792
LOC111107577,0.0524437766637835
LOC111105086,-0.326081254062165
LOC111134752,0.380530918320456
LOC111131685,-0.777091526059936
LOC111127385,-0.647610440672395
LOC111134929,-1.87492029046667
LOC111135352,-1.57049297470138
LOC111103843,-0.0637683802272694
LOC111117094,0.154996155361122
LOC111133080,-0.770285428924239
LOC111127404,-3.42624657829466
LOC111117742,0.302742076579866
LOC111100653,-7.78139038964723
LOC111103994,0.00449855411915593
LOC111132923,0.660688515924321
LOC111136720,-0.0946138052979692
LOC111123491,-0.20474798926869
LOC111110728,0.642366752083579
LOC111103628,-0.875875616210906
LOC111119691,-0.761435325642122
LOC111128926,2.22588780603711
LOC111134119,0.32348307303332
LOC111137090,0.234042336388007
LOC111114917,-1.46546904086093
LOC111117913,-0.144691794619958
LOC111110503,0.493594509714963
LOC111134787,-1.58952579212104
LOC111116852,0.662582246783576
Trnaa-cgc,-0.702268283350283
LOC111137537,-0.946899939744792
LOC111134045,0.323087821820832
LOC111126177,0.391381264271648
LOC111101467,0.333287097402588
LOC111106839,-0.362758655359271
LOC111119807,-0.548665272922949
LOC111126736,0.663437321167687
LOC111134365,0.910125777084364
LOC111112613,-4.44327719399428
LOC111136097,2.76078906096303
LOC111129625,1.17099300978759
LOC111110172,0.146968687879169
LOC111125194,1.68604659963359
LOC111100470,5.26802455305009
LOC111138083,0.694056817409188
LOC111134885,0.44839107175217
LOC111114025,2.27313151850551
LOC111116529,-0.534417219231669
LOC111100980,0.292439373757303
LOC111112212,1.00866514661055
LOC111122961,0.0196913373059558
LOC111125199,0.155153436720485
LOC111132076,0.42394326335646
LOC111135479,-0.925556408236371
LOC111135949,0.779631080880786
LOC111112331,-0.679690677353304
LOC111131026,-0.333716920509251
LOC111135118,-0.709733241594792
LOC111111772,-0.0833425165773141
LOC111111144,-1.41379782364569
LOC111133301,0.555571511022634
LOC111131019,2.73280451876442
LOC111101411,-0.331407948127127
LOC111131749,-0.461290713493242
LOC111102074,-1.21991029585057
LOC111128934,1.1023802995541
LOC111120508,3.451767804274
LOC111109689,0.0366910134949673
LOC111103908,-0.11700502123102
LOC111103662,0.19502433629572
LOC111102262,-0.464679463719418
LOC111121222,0.314349899715775
LOC111126423,-1.05674374104437
LOC111134260,-0.435014953485313
LOC111120306,-0.0935695566876047
LOC111107956,-1.75630430757177
LOC111109003,0.627315265380508
LOC111134762,0.121759842730638
LOC111118405,-1.43029498468889
LOC111107784,-0.0463155710747114
LOC111122662,-0.0212630518876448
LOC111105282,1.06890929532776
LOC111128719,-0.17883252978748
LOC111112526,-0.873735498007589
LOC111129858,-0.146410788312577
LOC111101901,0.250326707164114
LOC111137595,-4.27289884058555
LOC111118279,0.585341053779963
LOC111110316,1.07336636578268
LOC111127297,0.0239760845320136
LOC111118416,1.18894473604211
LOC111106168,0.0655790179768797
LOC111110993,0.98476029037794
LOC111134501,0.184205781362501
LOC111133998,-0.656119205474487
LOC111127814,0.296039559984437
LOC111099612,-0.0247474050312902
LOC111129008,0.19999216811184
LOC111103158,-0.0978251031047752
LOC111137036,1.85400948825199
LOC111120447,0.100728907500619
LOC111131726,-0.313397872423071
LOC111123572,-0.503870848843158
LOC111130791,-1.53555054261221
LOC111111451,5.72826748900729
LOC111133996,-0.805693907956979
LOC111102944,0.0694632842161658
LOC111114158,1.85562109367608
LOC111100148,0.832316254058383
LOC111099410,-0.732680431124343
LOC111116864,-3.43816505850108
LOC111103778,-0.476708042156954
LOC111116910,0.0609664675206362
LOC111137943,0.426986290328907
LOC111126439,-1.3523962131615
LOC111117177,0.94638999067417
LOC111132955,-0.569453724582946
LOC111109208,-0.175113776617268
LOC111116308,-0.439212787752685
LOC111107223,-0.172744758628103
LOC111125810,0.581837018717299
LOC111135443,1.02630293301229
LOC111138101,0.439790182744846
LOC111125044,0.0830475624565241
LOC111127855,-0.0814648904430027
LOC111137987,0.432592581103117
LOC111115433,-1.8964377660619
LOC111118009,-0.190112222369414
LOC111129022,0.644835203390447
LOC111114926,-0.116802040348687
LOC111127180,0.446920276812056
LOC111111383,-0.343512860899097
LOC111130222,0.365569700745999
LOC111128895,1.4189127594959
LOC111100393,-4.33387016592626
LOC111119716,0.0770036435864224
LOC111133503,-0.995932231513807
LOC111107483,-0.0287114943680562
LOC111133877,1.03889883183283
LOC111117947,0.396243745516575
LOC111112596,-1.98996390114288
LOC111114928,0.984696825509132
LOC111099029,-0.411673383678349
LOC111119632,-1.61569956255075
LOC111135603,2.42470020006497
LOC111108693,-0.0834117303162072
LOC111103646,-0.695568956560212
LOC111104399,1.16754078646034
LOC111120704,-0.589948583527925
LOC111104305,-0.583287375827955
LOC111118435,0.121721120072922
LOC111118949,-0.127444919895646
LOC111099143,0.626471391885887
LOC111123030,0.480496821536507
LOC111101509,0.616841660081577
LOC111137703,0.560550115326613
LOC111122937,-0.7115727659582
LOC111132984,-0.56936740148879
LOC111118834,0.625729621007482
LOC111125379,-0.938198946793585
LOC111107520,-0.9533268862991
LOC111136413,0.105994535771093
LOC111128578,0.575498197101294
LOC111132147,2.60541786320726
LOC111116096,-0.0534595110310515
LOC111117288,1.08200587541997
LOC111138131,-2.52579379135853
LOC111127733,-1.06127590867347
LOC111106959,0.71411952589134
LOC111137543,0.0534833848335804
LOC111122423,-0.0927465807119609
LOC111120435,-2.22475796073716
LOC111101549,-1.34121630474623
LOC111106216,0.122015831992451
LOC111130077,0.556152419287063
LOC111128175,0.0297668888301245
LOC111129916,-0.137566923113225
LOC111120514,0.239112177037165
LOC111103004,-0.469840902203163
LOC111108816,1.04082468864817
LOC111132197,0.186865228205419
LOC111104119,0.156746522397173
LOC111118292,1.28760577120629
LOC111132803,-0.897765065504293
LOC111119510,-3.17313440316758
LOC111136517,0.175592465226004
LOC111120867,0.243167141375508
LOC111136032,-0.376317876793327
LOC111121833,0.486926685756455
LOC111105229,-0.11854395450767
LOC111116782,0.197575751116035
LOC111130912,-0.178639912186079
LOC111118418,0.544378470141357
LOC111122249,-0.38507300849687
LOC111109040,0.17495910803233
LOC111115607,-0.137665850932678
LOC111100355,-2.7388880947559
LOC111114847,-0.00637076116449661
LOC111103463,-0.126434831947647
LOC111119147,-0.325192765273204
LOC111124025,-0.0219184633240365
LOC111123988,-0.214434032853502
LOC111109132,0.244914752394018
LOC111137356,1.93983068417346
LOC111099511,0.748486523273587
LOC111130707,-0.473797783395226
LOC111111657,0.420663119208873
LOC111109058,0.259950291550346
LOC111109056,0.663630305315768
LOC111132692,0.76520666349715
LOC111115832,0.275957946732794
LOC111101710,-0.510885114465204
LOC111107022,-2.96566233857624
LOC111099471,1.14391252275177
LOC111106408,0.167069051152859
LOC111137571,1.51236252781704
LOC111137653,0.105122966541043
LOC111135657,0.983384889724333
LOC111113265,-0.532661130617132
LOC111117509,-0.779988275883599
LOC111106012,-0.271720903633261
LOC111118423,-0.0134350197558636
LOC111133494,1.08884890526627
LOC111121690,7.31459579291395
LOC111130927,-0.364828437181784
LOC111124493,-0.231028793783686
LOC111120767,-0.561218886842299
LOC111135454,-0.206778058869022
LOC111135761,0.068776206604277
LOC111099680,0.184394532363242
LOC111123580,1.39397050194544
LOC111133560,0.383652507215149
LOC111104654,-0.643432656197664
LOC111137603,-0.841228617130734
LOC111130955,-1.67696262889387
LOC111132704,-0.700602952444021
LOC111137560,-0.429530095903671
LOC111138329,-0.309815391385605
LOC111106338,0.032840485619468
LOC111104709,-0.325364891968716
LOC111118429,0.307256463614855
LOC111109838,-0.395904183855051
LOC111116792,-0.0527857909026666
LOC111100207,-0.176208457340408
LOC111120132,-0.581721306428312
LOC111102644,0.152237618132318
LOC111120886,0.323585829232842
LOC111103486,2.47741339787365
LOC111138099,2.64138281215066
LOC111126378,-0.685148808317853
LOC111128216,1.63737485919339
LOC111122951,0.556668044291729
LOC111129196,1.11414091315092
LOC111133575,-0.75880775252008
LOC111133507,3.70191493546817
LOC111136914,-0.488125032211755
LOC111119908,1.28604469428908
LOC111132576,0.985664821147974
LOC111121341,-0.0891962515308663
LOC111106663,-0.251686853582507
LOC111129972,-0.607731832114125
LOC111118072,0.755422000192395
LOC111130727,1.8176094763912
LOC111131338,2.58693396865657
LOC111108971,-0.13200300870929
LOC111118013,0.775812736705154
LOC111104092,1.61121491279033
LOC111105896,-0.365205279336553
LOC111101138,-1.33191381271462
LOC111121181,0.0886575531733523
LOC111112949,-1.15696219322367
LOC111132345,-0.0736907564217732
LOC111113826,0.0307223722623346
LOC111101201,0.566973062060702
LOC111117976,-0.461905128792387
LOC111110060,0.485923312799963
LOC111121592,0.289725103609349
LOC111111234,0.577055967443178
LOC111126005,-0.64831627621161
LOC111122250,0.42057896383907
LOC111108040,-11.2921409212264
LOC111125971,1.29979352380063
LOC111124656,-1.03078514290607
LOC111123097,0.336065583289369
LOC111134401,-1.91482463214718
LOC111112110,-0.260698738108978
LOC111123153,1.06311066833566
LOC111131044,1.36140075054623
LOC111125978,-0.716301380531901
LOC111115883,-2.07534400549864
LOC111127752,-0.15568458799212
LOC111100691,1.92248464118918
LOC111127803,0.217417936636481
LOC111130101,-0.133102925846148
LOC111104162,-0.111796572682828
LOC111135421,-4.4039256581902
LOC111108516,0.395576275135532
LOC111119256,-0.577978410101741
LOC111111289,2.88391984762885
LOC111109955,-0.116483665624766
LOC111109956,-9.47345475444988
LOC111135286,0.349448925827715
LOC111118427,1.94811721595609
LOC111127378,-0.270376430593708
LOC111113028,0.578668299125219
LOC111116046,0.714678344615155
LOC111117985,-2.0817587117095
LOC111118367,1.04618181404086
LOC111122496,0.401362987075155
LOC111112497,0.581477033286865
LOC111130150,1.17524224338779
LOC111128841,-0.751370918520631
LOC111138095,-1.19216730617013
LOC111135645,-0.329947856303794
LOC111129167,-1.40698007263946
LOC111110453,0.0272280088960199
LOC111106175,-0.416983688333375
LOC111110263,1.36752321948487
LOC111122415,-0.708336970675151
LOC111122072,-2.24697920317999
LOC111119639,-3.51547298774444
LOC111135858,0.34143284277089
LOC111102110,-0.00123671251826893
LOC111119482,-0.401568910465226
LOC111107945,0.0458660963239513
LOC111113559,-0.569090455506301
LOC111132440,1.9134550939781
LOC111137186,0.464195032892408
LOC111101925,1.51260505638724
LOC111121255,0.532607086712941
LOC111135559,0.204757749661275
LOC111137486,-3.17111586343405
LOC111118910,1.71303786339191
LOC111115082,-0.304318392542128
LOC111117731,-0.257202332869921
LOC111130948,0.151500537501076
LOC111101468,-0.0395615334322517
LOC111110507,-0.188501535475429
LOC111136598,0.180517525061654
LOC111133550,1.04277641613829
LOC111123588,-0.624836988112482
LOC111128077,0.49413062692179
LOC111116996,0.444724759468972
LOC111103978,0.951434540919517
LOC111131390,-0.529615001650368
LOC111109515,-2.03221380080943
LOC111121382,-0.35409601263132
LOC111114244,-0.594894476661777
LOC111104515,0.755165671314961
LOC111137009,0.0605767432609281
LOC111109229,-0.324225073651552
LOC111129436,0.607091352578799
LOC111113989,-0.273930691641751
LOC111133156,-0.414183460305068
LOC111114063,-0.122861600488625
LOC111099649,0.454072945646858
LOC111126656,-0.249343348025837
LOC111130605,0.309986827010117
LOC111104489,-0.200089816201768
LOC111123229,-0.368172595268806
LOC111116156,1.39614211026221
LOC111113607,0.119679288127364
LOC111132503,-0.0505150392966962
LOC111132098,-2.63156289283782
LOC111123650,-0.457753253208721
LOC111114934,1.44086588458073
LOC111127291,-0.254097059319572
LOC111132791,1.60406169251021
LOC111109803,0.229197696539134
LOC111134975,1.843627219957
LOC111129470,-0.30792314707864
LOC111131768,0.0763198226814168
LOC111135378,0.958159316068122
LOC111134925,1.28834099596896
LOC111122172,-0.823163721491646
LOC111129369,-1.25279298627489
LOC111112506,-1.04079448976504
LOC111117695,0.00480335084224415
LOC111104186,0.520887064252467
LOC111127372,-0.00122761724443946
LOC111119496,-0.0103691142641445
LOC111126389,-3.34759158491887
LOC111136062,-3.03082539631154
LOC111120160,-0.163795790665446
LOC111125716,-0.155089896273043
LOC111126466,0.372888362665377
LOC111106775,0.0464691101332242
LOC111114104,-0.0540352404330945
LOC111106776,-0.846015129319079
LOC111128295,0.669720395920911
LOC111107637,-0.285650090247255
LOC111125357,0.226040459010642
LOC111126352,0.0687685735053617
LOC111106486,0.410594763122156
LOC111130356,0.659345084645957
LOC111112698,0.0136811575409265
LOC111132116,3.30327595380076
LOC111128439,-0.593558143163485
LOC111120115,-0.0683401771715268
LOC111107495,-4.64099210285638
LOC111120022,0.654687626379119
LOC111099638,-0.66797204195116
LOC111117491,-0.343745451479609
LOC111135050,0.824328675260836
LOC111125616,-2.40259949817391
LOC111112280,-0.152839197288131
LOC111111296,1.09001628615287
LOC111137730,-1.79144680511819
LOC111114471,0.263519590627734
LOC111127001,-0.945495810510391
LOC111137319,-0.152811225216189
LOC111121846,0.734210496381958
LOC111115415,-0.188031246170241
LOC111123284,-0.15811492665276
LOC111137088,-0.323426547312025
LOC111103837,1.75440949911468
LOC111129085,0.203023835294533
LOC111129086,0.099277835352971
LOC111125936,-0.293500255394386
LOC111113900,-0.472962616660332
LOC111119516,0.271651086948841
LOC111120125,-0.540322309866211
LOC111109766,2.95263573788458
LOC111129323,-0.296435491412834
LOC111100977,3.70692600045448
LOC111111841,1.0256994912661
LOC111106633,-0.749315775137355
LOC111135358,1.42648724276591
LOC111133682,0.086372052455231
LOC111121197,-0.179605856696163
LOC111127641,-1.26263499377531
LOC111114680,-0.282434608955881
LOC111137614,0.571146334253816
LOC111106925,0.571248311972037
LOC111106952,-0.000578460388787945
LOC111135925,1.04775695118815
LOC111135364,-1.41030811406442
LOC111128319,1.0324554363752
LOC111120946,0.176242244698849
LOC111131195,6.73670562992751
LOC111118088,-1.09807386559614
LOC111120439,-0.241609138901001
LOC111103934,-0.0235353036499834
LOC111134143,0.637365483176586
LOC111122631,0.989049040264769
LOC111125155,0.0996119539400381
LOC111129459,-0.713823012024923
LOC111134594,0.646776764441543
LOC111134910,0.160791608913175
LOC111104382,-0.177466342674291
LOC111131795,-0.541754472134564
LOC111133618,0.430327092411766
LOC111104752,-0.300484653912781
LOC111124634,-0.363985041461432
LOC111134877,-2.21645126604559
LOC111107262,-2.43743970828468
LOC111133738,-0.0658150042136057
LOC111102300,8.57484705887117
LOC111126023,1.0592288744189
LOC111118426,5.59211639747263
LOC111130091,0.0205291795513945
LOC111131862,-0.43333140913582
LOC111136128,4.83718055151393
LOC111102335,0.592316118988112
LOC111100330,1.45533068200404
LOC111106005,0.161542734781526
LOC111132123,-0.226414194610564
LOC111128236,-0.0564483277702989
LOC111104123,0.171899239835381
LOC111136318,-0.568072647974829
LOC111123735,0.592282657331862
LOC111107348,0.015386433477008
LOC111120988,-0.269314733654795
LOC111103531,-0.15155943503313
LOC111134742,0.394462324975789
LOC111114983,-0.0402931042331721
LOC111123202,0.126277409909633
LOC111136271,-0.282344540278947
LOC111122223,-0.440790954073207
LOC111120276,-0.037296109938382
LOC111122882,0.713393824474657
LOC111130221,0.771087706765284
LOC111100746,0.933001003917155
LOC111120643,-0.118311587724348
LOC111117445,-0.930239481080041
LOC111127729,0.374288403710795
LOC111128753,-0.00980232149927391
LOC111106838,-0.0541871210782125
LOC111115709,1.13666137708853
LOC111099110,-0.911093145864852
LOC111110720,0.278494370670879
LOC111125211,-2.4920817160535
LOC111104820,9.4132139367079
LOC111104615,-1.38004742560789
LOC111099749,-0.16511297000186
LOC111129590,-0.364527331315308
LOC111133475,0.464248179450501
LOC111105632,0.0858761505509789
LOC111128834,-2.1970158965701
LOC111110551,1.05025233487879
LOC111136814,-0.483715299924794
LOC111131657,-0.144468562973931
LOC111104112,2.18488854178001
LOC111105720,0.229834576706188
LOC111106313,0.10956769382417
LOC111100432,-0.327680932150259
LOC111138059,-2.00418454893222
LOC111125621,0.113232909855509
LOC111123973,0.348598044804436
LOC111125378,0.305349123503117
LOC111137548,-2.27666093624935
LOC111121802,0.0754329366398399
LOC111112557,-0.0707286346029426
LOC111105303,0.964066725078975
LOC111128735,-0.00316069657658706
LOC111134102,-1.43163040596862
LOC111129866,-0.311947307989403
LOC111136216,-0.67364164201946
LOC111131379,-0.107156458075667
LOC111120407,0.30178259449143
LOC111114716,-0.706358846696516
LOC111103518,-1.54562946985176
LOC111104402,0.00691525682148605
LOC111131810,-2.08575364254453
LOC111101619,0.542232192888177
LOC111110318,0.466773059766816
LOC111116421,-0.0668680812328747
LOC111108566,-0.124385456324598
LOC111103189,-0.849102265270556
LOC111116177,1.19010990119306
LOC111100667,0.310535891765765
LOC111136703,-0.869464484804082
LOC111102727,0.218046651286986
LOC111126457,0.189729224429113
LOC111111840,-1.03984470378626
LOC111136953,-0.0922082989003882
LOC111137618,0.267915554018998
LOC111111470,0.351059415256242
LOC111104669,-1.57724251232506
LOC111138103,0.177376988569368
LOC111112135,-3.56651866063283
LOC111101179,-1.49765158942331
LOC111119422,0.13881841177923
LOC111121158,-0.133622357969311
LOC111103992,0.0821440365593684
LOC111102492,-0.594745226259701
LOC111138410,-1.37402530266621
LOC111116440,0.493235650466458
LOC111136679,-0.458050074194133
LOC111107341,-0.66813506855494
LOC111108340,-0.241569936270958
LOC111099475,0.135056676140828
LOC111119991,0.277443288047158
LOC111131490,-0.0129037527934267
LOC111115297,0.0788744240182567
LOC111107363,-0.552799157787402
LOC111133861,1.00942316607506
LOC111119946,0.185227283521283
LOC111105389,-1.17001124878184
LOC111134806,0.0271885380329821
LOC111122524,-0.639790840502628
LOC111128577,0.576268571512857
LOC111129707,1.27174194955699
LOC111104136,-0.921165512954521
LOC111134813,2.69282780764822
LOC111111975,0.0983883118317342
LOC111123845,-0.0497252034436421
LOC111107886,0.02332566094844
LOC111109912,1.49433957558559
LOC111118237,14.5784976526391
LOC111113257,1.86623401433372
LOC111131872,-1.42247202770531
LOC111106792,-0.47403124540918
LOC111133712,-2.11571066497244
LOC111099631,0.786692884439853
LOC111137041,-0.256436484593885
LOC111100957,1.52159983760953
LOC111125904,-0.676214772931059
LOC111128882,1.16756241491371
LOC111108510,0.25728459027847
LOC111117026,1.48565038244703
LOC111137767,2.31496149604012
LOC111099555,-1.03582509333745
LOC111125444,-0.0190463727284933
LOC111131564,0.0479467070949585
LOC111103838,-0.463040663787274
LOC111121261,1.95699896157074
LOC111105450,-1.09073989891887
LOC111137857,-0.998104028674698
LOC111136220,-0.221416494831493
LOC111128736,3.96733953208241
LOC111118796,-0.630539997303859
LOC111126514,0.223275162235013
LOC111117682,-0.0342960183758848
LOC111105329,-0.0835900961205192
LOC111122548,2.56106678762039
LOC111119091,0.0142012119379643
LOC111120580,-0.396297824050611
LOC111131450,-6.54728446609151
LOC111137334,-0.631319851748762
LOC111100255,-0.0451686015352455
LOC111113085,-1.97679715694299
LOC111110409,-0.345722693089067
LOC111110346,1.06045847473277
LOC111125957,-0.202030891256948
LOC111120486,-1.08867146813572
LOC111112319,-0.314818382400368
LOC111127842,-0.325279471726772
LOC111122823,-0.236887763986294
LOC111132316,0.499658501104607
LOC111129327,-0.942231552981295
LOC111124282,1.1990927265666
LOC111134962,0.553821595289427
LOC111131550,-0.69681636379709
LOC111121733,-0.233196802125405
LOC111117296,-0.245518583015194
LOC111111066,0.168256216104637
LOC111128913,1.32028927687705
LOC111128685,0.0104411469624579
LOC111112583,0.113763700626341
LOC111135795,0.365134724910387
LOC111125368,1.97583363455523
LOC111106133,4.09112640788846
LOC111109249,-1.40222488946539
LOC111115407,-2.00620212664358
LOC111114522,-1.50385780548242
LOC111107290,-0.121489789476815
LOC111109115,0.146113362708757
LOC111129000,2.92636431180837
LOC111105717,0.153350947340519
LOC111113292,-0.573752207766656
LOC111120615,0.719968841570339
LOC111127630,-0.0124984440646334
LOC111125043,0.143337702136699
LOC111120506,-1.08196891391449
LOC111107735,2.95181179347666
LOC111130385,-0.33020757472393
LOC111116153,0.0497081792970536
LOC111114293,4.75507069129048
LOC111103501,0.550158761442455
LOC111138058,0.778287830115328
LOC111137273,-0.649028011951374
LOC111111641,-0.0549662528072818
LOC111103343,-0.259748773013421
LOC111121423,-0.23083615049689
LOC111102870,-2.86351120783348
LOC111100676,-2.87470785139682
LOC111111535,0.0952160345091908
LOC111120989,0.98209243039053
LOC111132471,0.100729093133326
LOC111105440,-0.349916815762986
LOC111133418,0.156742710299349
LOC111117352,-2.15087211397088
LOC111117929,0.935188493888692
LOC111136895,0.309226906669997
LOC111129053,0.518381657913345
LOC111137107,-0.0778466005931638
LOC111100100,-0.461194175972902
LOC111112490,-0.264982232277304
LOC111135074,-2.0834260642145
LOC111131391,1.40031767257257
LOC111113039,0.94285306082982
LOC111125036,-0.665756934754713
LOC111134874,0.776089759269329
LOC111124178,0.669044713602415
LOC111103330,0.959354064855611
LOC111104260,0.0425008155819187
LOC111130399,1.08264789029728
LOC111118302,-2.2331049028057
LOC111127401,-0.539102796691025
LOC111108442,-0.713271974388542
LOC111108281,0.861913376594209
LOC111107595,5.95883244865747
LOC111132840,-0.290395002122952
LOC111118457,-0.401969255670214
LOC111099487,0.154611158558958
LOC111113408,0.517518293567759
LOC111121317,-0.276938419499506
LOC111125820,5.23445041592989
LOC111122849,0.695494021785164
LOC111117437,2.14044142258264
LOC111101891,-0.182574464214396
LOC111101300,-0.351092183346231
LOC111128224,1.23214554917457
LOC111107081,1.53625092835397
LOC111131323,1.71410194268863
LOC111131104,0.348902514903606
LOC111138060,0.0779052494600156
LOC111126355,0.348660517346552
LOC111128288,-0.273447805196782
LOC111130684,-1.53443703940131
LOC111128975,3.69276840809235
LOC111113961,0.197731169687718
LOC111102570,-0.194635940223514
LOC111117811,0.136294178777852
LOC111118315,1.41374596526298
LOC111137951,0.205912048302924
LOC111111551,-0.578775675825889
LOC111116352,-0.816959468517985
LOC111121532,-1.87459637274528
LOC111105696,-0.315881990182457
LOC111111744,0.222559788056788
LOC111110394,0.0736162533877206
LOC111134817,-1.03172309801847
LOC111105074,-0.696054853950002
LOC111103516,3.79462574098659
LOC111122525,-0.0717731513029832
LOC111120895,-1.24064072341149
LOC111111809,0.17706661552876
LOC111111077,-0.810546899292065
LOC111104334,0.245645243169956
LOC111112764,-0.366852343508492
LOC111122591,2.44565305539374
LOC111135750,-3.40422487050538
LOC111104148,-0.166978374556735
LOC111116253,3.37073750949384
LOC111132686,-0.876860434811423
LOC111099839,0.16321342491752
LOC111131653,0.278714632905808
LOC111126874,0.595522162878038
LOC111114969,-0.00216829406743726
LOC111123291,0.313582256351492
LOC111120536,-0.535825764040595
LOC111119692,-0.629661741405422
LOC111132064,-0.47008915406213
LOC111128579,-0.305394873755973
LOC111121642,-3.64961702308286
LOC111131783,0.683319963771557
LOC111120503,1.43008438757988
LOC111106661,-0.253949874141591
LOC111116349,-0.175900078652978
LOC111133035,4.19270526097329
LOC111116619,-0.600434533649275
LOC111102569,-0.282246218367378
LOC111101428,0.354703891753489
LOC111111940,-0.274058379249036
LOC111129898,-0.563525020229401
LOC111137044,-0.394479252987872
LOC111117743,-0.788405473414541
LOC111138389,0.944274192669476
LOC111127906,2.27133571395398
LOC111135689,-1.43342604844405
LOC111138512,0.210765305568012
LOC111113298,-0.802306930961926
LOC111122326,1.45005644644301
LOC111135599,0.268432440312786
LOC111133367,-0.255510380450438
LOC111118185,-1.19195932174371
LOC111107931,-2.56734320425874
LOC111108271,-1.16199642571856
LOC111119678,1.85858314092349
LOC111131075,-0.106961813131353
LOC111115559,-0.164468340589923
LOC111102052,-0.452987344433447
LOC111126158,0.985167174989552
LOC111129168,0.608637557179283
LOC111119069,0.892327043622638
LOC111101690,1.31766596395911
LOC111127221,-2.25171301210538
LOC111115190,0.796135159605978
LOC111133140,-0.0166863413479861
LOC111109332,-0.174929317106075
LOC111125739,-1.85629977039885
LOC111129263,-0.613276631716859
LOC111132297,-1.60801236824871
LOC111103394,-0.707666830738332
LOC111131433,-0.328019216220555
LOC111117324,3.41416932949403
LOC111136398,-0.145302817517769
LOC111100154,-2.7287700799092
LOC111130025,0.760106974581172
LOC111104211,-0.0714105631514929
LOC111130369,0.185611433733566
LOC111129591,2.56555175695001
LOC111100510,-0.395479479246367
LOC111135704,-0.171782024424078
LOC111126723,-0.0543481046901396
LOC111099115,-0.551051863313722
LOC111118265,-0.155387241846744
LOC111108114,0.561003725043621
LOC111122836,-2.24369046659273
LOC111111407,0.481512863865651
LOC111128154,1.80859013676712
LOC111121921,2.67384592270315
LOC111108388,-0.360687962190854
LOC111112639,-0.101540646906062
LOC111129533,-0.495046544552637
LOC111103810,2.5413595091004
LOC111130778,1.04379307798177
LOC111123535,0.739462817234788
LOC111114011,3.0227293926969
LOC111133539,-0.0874395152190161
LOC111134895,0.771602966124596
LOC111122824,-0.444241531201304
LOC111126537,-0.954083020590476
LOC111111068,0.140568736953886
LOC111135893,1.6602405215584
LOC111099867,0.142861705586871
LOC111131814,0.468052626385626
LOC111099763,0.00222326531816174
LOC111121664,0.598878680997449
LOC111104198,9.40702649044116
LOC111116304,-0.299130357713167
LOC111132041,0.0789798916310473
LOC111136799,-0.0885205934543057
LOC111104164,-1.47093246519487
LOC111120113,-1.09144929454543
LOC111122953,-1.10393609886961
LOC111115005,0.35669419285806
LOC111103264,-0.125117671391099
LOC111109977,-0.123027580309114
LOC111135545,0.367421245839799
LOC111122597,0.759256547401709
LOC111106115,-0.150066651741703
LOC111124658,-2.11516532217699
LOC111113701,0.286967998393931
LOC111114232,-0.054441540686677
LOC111129888,0.061620980230003
LOC111117010,0.583986274748806
LOC111122819,-2.08778072622141
LOC111122791,1.64371976076417
LOC111118849,-2.46844053932472
LOC111105513,0.491238488959369
LOC111126022,0.219737662265732
LOC111108382,1.65849182896262
LOC111100120,0.238944802857437
LOC111107449,-0.161299755059228
LOC111126536,-0.872541098797415
LOC111128942,2.87064601685714
LOC111110965,-1.48025510128724
LOC111116848,-0.122741197692016
LOC111113724,0.0665073229499934
LOC111130908,0.748877043939354
LOC111136187,0.38464980953117
LOC111137051,-0.823499779558801
LOC111136079,0.936114737349915
LOC111100513,0.459456453346036
LOC111117788,1.21491753267261
LOC111101122,0.152191954127916
LOC111121814,3.05887715433631
LOC111111102,-0.903984383444322
LOC111105510,0.94531768655899
LOC111118073,1.98533521902886
LOC111109693,-0.18032864182895
LOC111126036,0.217280484690223
LOC111117720,1.00385489253728
LOC111129799,-0.698987732606166
LOC111130085,0.753400088184262
LOC111131518,0.112113675970156
LOC111116029,-0.477848349072617
LOC111119064,-0.00846379375447966
LOC111101564,-2.06388690103522
LOC111133807,0.399236475960053
LOC111120459,-0.0836054767395794
LOC111115983,-0.100129224352212
LOC111102619,-1.05437890339976
LOC111101836,-0.405764996817664
LOC111117679,-0.288884759647053
LOC111115108,-0.633681023243392
LOC111134047,-0.0534652908881733
LOC111100258,0.429497480529927
LOC111125413,0.121186655578926
LOC111126841,0.277412896667948
LOC111111860,1.66847138314138
LOC111136247,-4.75961078022716
LOC111107196,-1.62987050509243
LOC111123828,0.894276642744269
LOC111135471,1.15139117445009
LOC111131325,0.297690430023036
LOC111125441,-0.0013847918622354
LOC111137814,1.70396181311552
LOC111123693,-0.412862441814532
LOC111136548,-0.712435851571852
LOC111130855,0.729872896253438
LOC111130335,-1.09419300296875
LOC111109079,-0.714763353468606
LOC111126383,0.033778908123353
LOC111127515,-0.255660465314848
LOC111130139,4.01424259991491
LOC111113331,-3.521245555231
LOC111131647,-0.748037068447305
LOC111123279,0.105837883781345
LOC111131466,-3.12233655373593
LOC111119768,-2.06470380086292
LOC111130793,-0.619160453695056
LOC111137774,-0.593051061712038
LOC111114588,0.550503198914649
LOC111120662,-0.602196515197665
LOC111108068,2.08373841768389
LOC111136208,0.567929978300999
LOC111120852,3.49009574433472
LOC111125780,0.255189438327734
LOC111128455,1.88127831127742
LOC111121162,0.838056464917017
LOC111102949,-0.874001036715801
LOC111122334,-0.38059050681565
LOC111121287,0.977910688401729
LOC111102676,-0.666302612343256
LOC111135521,0.607803355390203
LOC111137652,-6.49350323455473
LOC111135249,1.48439683274697
LOC111138371,0.680777913707756
LOC111123436,-0.359739793904926
LOC111124507,0.422049098870558
LOC111130362,-0.324728215167268
LOC111119810,-0.0735049803104337
LOC111137583,0.379684313808738
LOC111120314,-0.320463307770952
LOC111130913,-0.101782592619491
LOC111127384,0.370639607729074
LOC111101210,-0.118164245707769
LOC111126121,0.458946068730913
LOC111133634,-0.631583785536463
LOC111135444,0.174408323546489
LOC111125477,0.358104384889458
LOC111115212,-0.290560441834998
LOC111129329,0.443255206240943
LOC111103573,-0.468646032886323
LOC111130328,-1.07439112520529
LOC111115915,-0.0674129925249758
LOC111123613,0.0157748607774111
LOC111120504,0.356672630901477
LOC111136042,-1.6275247090941
LOC111131855,-0.00934990163229841
LOC111099724,1.26913877178123
LOC111136767,0.189414129661249
LOC111136311,-2.92735494984755
LOC111110723,-0.109023357962197
LOC111122493,0.598865972304754
LOC111117444,0.0350983617018714
LOC111106190,1.44404492699506
LOC111128587,0.121836645619931
LOC111125840,1.50749457750765
LOC111115702,-0.0361883988941538
LOC111137641,-1.22007934243523
LOC111137121,0.106511419088163
LOC111107339,0.0236125819712616
LOC111123013,0.410361910591826
LOC111111897,0.0944727466981425
LOC111102759,0.449164296488506
LOC111107955,9.46227578836497
LOC111105866,0.0172978195812189
LOC111118376,-0.455123375322653
LOC111116436,-0.0616455972020267
LOC111109429,2.32701932145907
LOC111130275,0.913172559021319
LOC111107012,2.26482221834895
LOC111119728,-0.686152143485032
LOC111123819,0.137749476073087
LOC111111168,-0.545312779755111
LOC111128365,0.448160594483582
LOC111130181,-0.123778364367817
LOC111136246,1.14046708487578
LOC111123211,-4.93383015726087
LOC111115219,1.21802748889638
LOC111107230,1.4840626596244
LOC111108279,3.84007911343159
LOC111136987,1.18726125514014
LOC111117092,0.979419026684179
LOC111126768,0.338857398070044
LOC111103382,-0.0542702809711328
LOC111124722,-0.389058421132904
LOC111105710,-0.2911881747952
LOC111120861,0.2260065778006
LOC111136404,-2.99934211408263
LOC111123268,-1.08346289267495
LOC111136657,-0.384378183537621
LOC111138377,0.0548763565409123
LOC111123835,0.42350921914834
LOC111112276,-1.51112666146903
LOC111108359,6.91482278164924
LOC111120836,0.869555493621059
LOC111127316,0.156263998798248
LOC111103024,2.16387927133014
LOC111130636,-0.0543886664927199
LOC111126293,0.923601186033747
LOC111107470,0.0888432891865076
LOC111133842,-0.0972240543583396
LOC111136296,0.180967179938364
LOC111130096,-0.471057678291595
LOC111121271,0.80187348497831
LOC111111766,-0.0561974891673148
LOC111112231,0.257088851210996
LOC111127055,-0.712952411822873
LOC111112516,0.0935511754422576
LOC111126557,-0.425510542322263
LOC111121036,-0.140689730988182
LOC111103490,-0.514501440367221
LOC111103499,-0.518842446730936
LOC111136335,4.3490682408314
LOC111102278,0.516261592178478
LOC111099066,-0.239330129802085
LOC111131499,4.41173039662138
LOC111130722,0.0376891222068853
LOC111138250,-0.129610049524143
LOC111104107,-1.84421720143776
LOC111106046,0.221100411764975
LOC111118671,0.738902397136125
LOC111107928,-0.125350769189454
LOC111135840,-0.326221531041766
LOC111137482,0.446325006499973
LOC111107849,-0.504754867134872
LOC111130950,-0.00494913305781802
LOC111100322,0.050249616360535
LOC111106583,-2.09588996991782
LOC111104102,-0.159266311097412
LOC111122078,-0.34387946457136
LOC111124760,0.21362008532229
LOC111130914,0.0463428713264117
LOC111133166,1.06600665264975
LOC111115953,0.101726482953576
LOC111129919,-0.052671952298183
LOC111108305,0.0319463668869228
LOC111106236,-0.192128714109239
LOC111111050,-0.0982166387567841
LOC111138400,-0.701930595785205
LOC111106036,0.510215610020207
LOC111100512,0.950345850187498
LOC111133337,-0.628234099542612
LOC111108349,1.2867042975951
LOC111137773,-0.528168655578187
LOC111137221,-0.803420740610827
LOC111105228,-1.27132360835411
LOC111106183,-3.23000794755867
LOC111114543,-0.0354080266400399
LOC111136658,-1.09429114392419
LOC111136283,-0.11394698780712
LOC111102418,0.601153892303556
LOC111099910,-0.0850323315038437
LOC111125111,-0.0508447308542943
LOC111129956,-1.1094158164047
LOC111133833,-0.534991243981342
LOC111118971,-0.255796542818784
LOC111119435,0.532002377860461
LOC111115343,0.0225339807360821
LOC111112670,0.401998579126961
LOC111137675,1.47593589534013
LOC111113185,0.0795605290538802
LOC111107446,1.33592829827656
LOC111128353,-0.0522825730815491
LOC111128212,0.172331648600261
LOC111120163,-1.42600215329022
LOC111129849,0.771546978297763
LOC111135324,0.228815866543298
LOC111127071,-1.82792202809412
LOC111110360,0.00568791915042568
LOC111123658,-3.39486389993966
LOC111121434,0.17977236620196
LOC111132178,-0.797243389256038
LOC111107099,-0.0297699368351885
LOC111109466,0.367808154226541
LOC111108650,-0.321573146637636
LOC111107727,0.0692263697079705
LOC111125051,-0.113892630404315
LOC111127518,0.33467828011578
LOC111120308,-0.50506931758315
LOC111116128,0.249474032279177
LOC111135290,-1.06232081550001
LOC111104813,-0.202914966635693
LOC111136562,0.243055376216227
LOC111112481,0.384405470684594
LOC111116217,0.807124220867219
LOC111138392,0.773579713879855
LOC111107714,-0.040557642278159
LOC111101302,0.887339954764547
LOC111123357,1.37116047333185
LOC111112730,-0.498753533051662
LOC111137594,-0.109682350437028
LOC111121883,-0.0543648366378296
LOC111124704,1.77629855168473
LOC111122840,3.92665538340569
LOC111137588,0.153550199506742
LOC111109949,0.911036593959851
LOC111127284,1.05387307806534
LOC111106718,-3.71076339311514
LOC111127341,-1.39100335481886
LOC111118242,1.44019745608342
LOC111138351,-0.31622742748245
LOC111134148,-1.08603632102166
LOC111125777,0.429537368691426
LOC111114061,-0.0536771025793151
LOC111107514,-0.475621253397118
LOC111130597,0.0165960492830316
LOC111122642,-0.917939677721138
LOC111119874,0.778491289464035
LOC111118927,0.158783138401841
LOC111120776,-0.368114808448726
LOC111122942,-0.663828370423626
LOC111108425,1.24729988175782
LOC111111213,-0.992272185121019
LOC111129914,-0.250683429852245
LOC111122680,-3.10769817483223
LOC111135182,1.29134918791694
LOC111133699,1.26636461163653
LOC111113278,-2.35398549722668
LOC111108064,0.273256499213801
LOC111118732,0.332163130881151
LOC111136105,1.19407475237841
LOC111129274,0.991252931194594
LOC111126285,2.7287038625373
LOC111133985,-0.505074531958762
LOC111109589,0.242741852296775
LOC111099548,-3.06611459295816
LOC111134419,-0.304491314145378
LOC111129293,-1.6549479661701
LOC111129025,2.23462163187504
LOC111135586,0.177628990956626
LOC111128354,-0.0544994000538848
LOC111135419,-0.170674288536967
LOC111117681,-1.63976081324562
LOC111103204,0.502159294505867
LOC111106945,1.24610931732421
LOC111133698,0.0886111567977233
LOC111119887,-2.16239193959484
LOC111135084,-12.066017597468
LOC111127987,1.7024051658554
LOC111124642,0.109338391551545
LOC111123621,-1.02982570250237
LOC111136929,-0.0546865955712099
LOC111125358,1.48109044074259
LOC111115386,2.46411878112103
LOC111104084,0.163653632793354
LOC111100868,-0.865600576268931
LOC111134110,0.230416112695961
LOC111122652,0.686630137750822
LOC111127164,-1.03654814504202
LOC111136063,-2.3263668907876
LOC111122699,0.467801449726833
LOC111119153,0.519823085136556
LOC111126326,-0.271298019979746
LOC111110026,0.752716306814528
LOC111126951,-4.27102398938231
LOC111110589,-0.31296783170788
LOC111100906,-1.74095658152597
LOC111125574,0.448780105107774
LOC111128307,0.484285212195691
LOC111126949,-1.88766953323823
LOC111106173,0.166152219510066
LOC111111219,2.18054810927901
LOC111121069,0.00908385080343288
LOC111108044,-0.0850376633135452
LOC111115707,0.540244008158405
LOC111130881,3.86006671866417
LOC111120339,0.104966192563181
LOC111129416,-0.0544861389910061
LOC111137478,-0.486042460297854
LOC111122822,-4.54157554974066
LOC111127299,0.0222228070481215
LOC111107950,1.98740332974474
LOC111125757,-0.242437214396508
LOC111128030,0.265299856149604
LOC111113496,-0.00123535535906134
LOC111118917,-0.243605009949532
LOC111118914,1.42254483631522
LOC111118120,0.133979565379475
LOC111103229,0.627013024588059
LOC111123489,-0.162094524754203
LOC111120992,0.420838890651401
LOC111106300,-1.32241194588326
LOC111110406,0.57153390126353
LOC111121273,0.27583500253634
LOC111120937,0.387058860672959
LOC111136819,0.996038129509389
LOC111116876,3.65517170780506
LOC111121124,1.44128590266942
LOC111135207,-1.15511978513138
LOC111134973,-1.36937073638802
LOC111103495,0.596709048682723
LOC111124510,1.0244119354308
LOC111118576,0.490194857419906
LOC111125330,-2.94626542317567
LOC111110381,-3.82531448839627
LOC111128714,1.58556675344603
LOC111114523,-0.136311587292496
LOC111124193,0.231246516506663
LOC111122671,1.17555904951717
LOC111138503,-0.0517980128920973
LOC111133002,-0.675196609742672
LOC111130262,-0.206172107843852
LOC111137275,0.0369714449675959
LOC111135490,-0.631508915602025
LOC111101510,-1.62488934708644
LOC111137697,-0.0264586975552137
LOC111125961,-2.43860994652496
LOC111105837,-0.278244177568887
LOC111132346,0.516251020956876
LOC111129242,0.562575321176261
LOC111132887,1.08403515045403
LOC111113997,-0.405873916262627
LOC111137363,0.0439466824988104
LOC111107346,0.121745253932477
LOC111111557,-0.242077375582514
LOC111127393,-0.940105990128003
LOC111129243,0.401248453028672
LOC111136060,0.0673429911723305
LOC111119711,-1.45286736520334
LOC111128928,-0.507329834739937
LOC111126315,-0.0544612686369077
LOC111121997,-1.06307310231926
LOC111137129,0.00432403656571828
LOC111125160,-0.283892329639279
LOC111119245,-0.161984334482087
LOC111099601,0.66857311802611
LOC111108521,-2.31336094960754
LOC111108914,1.94641918536537
LOC111136989,0.143332586118319
LOC111132095,0.458065813297489
LOC111117793,-1.97157296975005
LOC111130687,0.343059431865429
LOC111135995,0.761216917707043
LOC111114509,-0.226765953188339
LOC111136023,-0.0474953912997025
LOC111129270,0.262003144199423
LOC111132042,1.72469337876023
LOC111126547,-0.292285572714676
LOC111124139,-5.00504031724604
LOC111127841,-0.115134701826943
LOC111122989,-0.226579522614744
LOC111128883,-3.04385247670312
LOC111137155,-0.754988661962014
LOC111120597,-4.83558937956123
LOC111134886,0.104756328573834
LOC111135514,-0.253565908775654
LOC111112803,0.241571882195375
LOC111114111,0.308534068656508
LOC111134649,-0.0588667745256969
LOC111108202,0.560055667097911
LOC111120122,0.0456166264257169
LOC111134481,1.35197282559828
ND4L,-1.03093365598607
LOC111130925,0.00405756898276324
LOC111118471,0.783489186517101
LOC111100741,0.422485130714931
LOC111108276,0.243655043787856
LOC111130518,0.17044332372089
LOC111131299,-0.0901292288009854
LOC111127514,-0.383276759345565
LOC111135587,-0.2698570607087
LOC111108240,0.893231824088688
LOC111109947,2.92214003062821
LOC111135406,-3.38070528522096
LOC111131706,-1.40558521487329
LOC111136831,-0.0353714398754511
LOC111117299,-2.90183436828684
LOC111112874,-2.26598596129315
LOC111115253,0.599765536953361
LOC111123554,2.07332951754373
LOC111107560,-0.0101779169084111
LOC111100058,0.188207906310737
LOC111104142,-0.438497125204351
LOC111120454,1.62534815086886
LOC111120497,1.10666060143753
LOC111118994,0.302992914894809
LOC111109022,-0.330662771548139
LOC111109869,-0.285903437854081
LOC111129746,-0.770478370341062
LOC111100472,-0.667262533106939
LOC111125646,-4.86407361702088
LOC111128388,0.154357344625073
LOC111104017,0.753440192235551
LOC111110384,-0.472796648749072
LOC111132950,0.676897891625858
LOC111137054,-0.0427888455090011
LOC111099692,-1.09144477597526
LOC111109992,0.324783278210502
LOC111104127,-0.629523047867281
LOC111109576,0.264433506220433
LOC111108577,0.381950561326758
LOC111105122,0.0666142228055112
LOC111106575,0.16548336812228
LOC111132903,-3.71210108523149
LOC111114204,-0.748523956317531
LOC111124351,-0.128162004824107
LOC111110049,2.38824036547165
LOC111125114,0.477961001325551
LOC111120346,-0.428864603830543
LOC111106110,0.0433998347566059
LOC111115230,-1.07034383800793
LOC111131102,-1.22523202047135
LOC111099926,-0.435238817832111
LOC111103666,-0.518859921740581
LOC111128317,-2.74808193448453
LOC111105190,0.513988412832669
LOC111130239,-1.28172925415629
LOC111123922,0.0399367133638014
LOC111132053,3.00792032887711
LOC111122929,1.26814959082028
LOC111138369,-0.745280192162525
LOC111122168,-0.293496458864935
LOC111128906,2.31007883253182
LOC111127667,3.01260531640277
LOC111119466,2.63220426232088
LOC111136994,-0.107063038642524
LOC111104359,-0.260383653095538
LOC111113287,-0.646408177092291
LOC111120722,2.09138502142884
LOC111110979,-0.102132692133172
LOC111132613,-0.368337472353157
LOC111130568,1.16050009742729
LOC111128235,-0.63506388872282
LOC111110976,0.0696787249848163
LOC111118919,0.710629678141629
LOC111114779,-0.760185006253144
LOC111120236,1.96239503911278
LOC111116530,0.159467214024423
LOC111128977,2.20897799437875
LOC111130020,1.2134951223205
LOC111128260,-0.37816383659228
LOC111100452,0.274362873317198
LOC111123657,-0.864089810280907
LOC111119132,1.30995978336518
LOC111103720,-0.195658651684652
LOC111115423,1.25030701317673
LOC111119191,-0.344040036054222
LOC111107606,1.08487719991338
LOC111110328,0.716727943185291
LOC111119359,-0.235219661850825
LOC111117045,0.349376670483884
LOC111121263,-0.639987187832661
LOC111104758,-2.0848020830661
LOC111135546,1.25730172922575
LOC111131841,-0.600172289875966
LOC111117755,-0.720460487970635
LOC111114448,-0.997043250014153
LOC111127872,0.159537478801841
LOC111127153,0.241725013662214
LOC111121973,-9.72436868250858
LOC111136852,-1.10938020647305
LOC111114899,-0.366208975481089
LOC111138139,-0.304854730869114
LOC111131765,-0.532367331725573
LOC111131636,-2.37798956703082
LOC111116890,-0.504129246301744
LOC111116443,1.8506006405036
LOC111132795,0.395033642615904
LOC111137832,-0.397803076369892
LOC111118459,-0.8437588888408
LOC111101837,0.802524845987326
LOC111130999,1.25206363911921
LOC111115402,4.81363554386569
LOC111133312,-0.189905698930326
LOC111120993,-0.377439763089134
LOC111107333,5.52523335670513
LOC111103022,0.0127996052636383
LOC111119927,0.610159486593499
LOC111129474,-0.19863055260697
LOC111107019,-6.80173675418113
LOC111122413,0.984238714322459
LOC111130964,0.142971307800781
LOC111133662,0.791252462507196
LOC111130961,0.302810446158571
LOC111122094,-0.24554312780518
LOC111122369,-1.89850968064757
LOC111122618,-0.0536633329936199
LOC111110250,5.80883687598483
LOC111102290,-1.41257055478485
LOC111119921,-0.37365521601368
LOC111133331,0.100790324750842
LOC111121254,-1.42364447399611
LOC111124464,-0.117061925321288
LOC111113865,0.233191671782301
LOC111112008,0.81426158126622
LOC111107708,-0.512780722669721
LOC111126400,0.364194437026558
LOC111133282,-0.948472798309907
LOC111136965,-2.71427213612312
LOC111108467,1.26330915560932
LOC111103869,-6.17320818755115
LOC111119740,-0.514052830519576
LOC111138438,0.356002971363603
LOC111112320,-0.793717384365952
LOC111112831,-0.228920608541311
LOC111133028,-0.0351425997674689
LOC111124692,0.937927503964993
LOC111136420,2.03335833476406
LOC111136123,-0.185754692958282
LOC111113324,4.06337314125411
LOC111100981,1.7503574511995
LOC111118908,0.142994138541754
LOC111117103,-0.3715818406514
LOC111137605,0.33869472216709
LOC111137604,0.508642131293729
LOC111114114,-0.458064775874271
LOC111125664,0.310783441057644
LOC111102697,-1.74990225381094
LOC111132274,1.0025062177698
LOC111126568,5.73238914849431
LOC111108198,1.05109612158308
LOC111100553,-0.293097150294392
LOC111122855,0.153470731613259
LOC111125225,-0.289097089178423
LOC111117761,0.615885587251398
LOC111103556,0.814010803824964
LOC111127813,-0.623180816608609
LOC111107609,-1.64248730653987
LOC111110417,-1.07395587849613
LOC111131035,0.00207679153641585
LOC111103599,-0.301369272907711
LOC111116058,1.12292349878674
LOC111132500,-0.603614093495853
LOC111104553,0.595708939116267
LOC111108706,0.718952597144875
LOC111119020,-0.514286532441548
LOC111132129,0.42097743441953
LOC111114485,-1.06445081667935
LOC111114664,-0.109344796758093
LOC111136551,0.0708607519335222
LOC111114072,0.155252744589538
LOC111135584,0.0420092973773696
LOC111100853,3.72376118840317
LOC111126108,0.0981963561330935
LOC111130800,-0.200155785421884
LOC111100479,0.577760984116524
LOC111125835,-0.0191929229742551
LOC111118699,0.61115826559444
LOC111127110,1.4164080125753
LOC111118562,0.28841138668008
LOC111101248,-0.365780701904714
LOC111125771,0.364878721719219
LOC111109741,0.0582888667920275
LOC111100568,1.36829760413477
LOC111125507,-2.29973741869804
LOC111133163,0.173171904752504
LOC111111171,-0.600122079731356
LOC111137592,-0.0559307121210761
LOC111117605,0.0575879709755686
LOC111111387,-1.41654431334099
LOC111117941,-0.0748484410448312
LOC111117942,-0.727815276388674
LOC111128996,-1.70646722957336
LOC111133639,0.763040936275534
LOC111132411,0.412683838496163
LOC111114420,1.16762967825221
LOC111102987,1.27038710219926
LOC111124909,3.15538648471601
LOC111114191,-0.607687216599475
LOC111118167,-0.270355502494684
LOC111137103,-0.0297733853006952
LOC111111377,-1.0782608647844
LOC111138382,-0.82403316847603
LOC111128909,2.59548297359996
LOC111123500,2.09012922707641
LOC111107673,0.117559420416613
LOC111127973,1.29046701984745
LOC111135716,0.311369489531005
LOC111110352,-0.837011454755238
LOC111106675,-0.618558143396322
LOC111120716,-0.785185098640742
LOC111135383,-0.908417072615235
LOC111136764,-1.80380699760895
LOC111101698,-2.34978412374411
LOC111128476,0.896506671822755
LOC111102933,0.42419992729964
LOC111130620,-0.474863907069457
LOC111135523,-1.27536628987592
LOC111124242,-0.167539581655206
LOC111119860,-0.0918161925819289
LOC111113912,0.099073049455893
LOC111131344,-0.52893587037203
LOC111137612,0.65931301170891
LOC111123255,-0.173936059776108
LOC111123529,-0.615081390087912
LOC111103219,-1.23695854260925
LOC111110908,0.162534033743005
LOC111110616,-0.381008531170918
LOC111119604,-0.155459954429386
LOC111128042,6.88230852265994
LOC111116972,-0.296387778085095
LOC111111230,0.553372174367849
LOC111124485,-0.205465020814003
LOC111128742,1.13195056473019
LOC111125536,-0.463396400144443
LOC111111891,-0.337856498515115
LOC111126561,0.276962352666753
LOC111127998,-0.297902445941708
LOC111125870,-0.243141687589475
LOC111113521,-0.127926958706644
LOC111135485,-1.16897294217384
LOC111121059,0.830361313250089
LOC111128758,-0.170391520323586
LOC111104048,-0.223863521656576
LOC111129280,1.47660864395557
LOC111123672,0.302576470208858
LOC111122362,0.873949837909472
LOC111132514,0.0598034803166646
LOC111115428,-1.62355257896454
LOC111119053,1.69114121566436
LOC111126571,5.91847517691981
LOC111136688,-4.12235901936665
LOC111116577,0.0706005315639402
LOC111125747,-0.984213666215218
LOC111129438,1.94149394868933
LOC111126322,-2.38541631578024
LOC111131824,-0.588001383461871
LOC111102662,0.197782781831372
LOC111118646,-0.733752686148227
LOC111105779,0.340770762110917
LOC111134416,-0.185416876014137
LOC111123034,-0.0728934902435814
LOC111114322,0.916148309754449
LOC111104575,-0.0398030736901134
LOC111108725,0.111140954647853
LOC111119935,0.921539733207496
LOC111134726,3.03570014830662
LOC111111128,0.221517320200512
LOC111127572,-0.207050699926166
LOC111104555,-0.660936491575733
LOC111120669,-1.44208005619279
LOC111124325,-0.529370742108416
LOC111122529,0.606659055686284
LOC111119333,0.251986869506379
LOC111101534,0.0944118005064152
LOC111119094,4.47132396541296
LOC111121827,1.46782819925299
LOC111132162,-0.942031181482887
LOC111110835,0.682675055083514
LOC111110673,2.06853884126238
LOC111104239,0.437180591703561
LOC111104206,-0.229106494469047
LOC111135810,-0.0740309089617383
LOC111129997,0.106791225466566
LOC111122916,0.204138192085108
LOC111129144,-1.55344006938214
LOC111125941,-2.01631876890182
LOC111104620,0.0371230482968734
LOC111129312,-3.69467053698371
LOC111127847,-0.0478055663328408
LOC111100133,-0.152396530760965
LOC111108844,0.381558724433657
LOC111106991,-0.149514312790058
LOC111138015,-0.148191899040607
LOC111104264,0.449951632676052
LOC111112963,0.779916417802506
LOC111128774,0.407070443565665
LOC111117206,-4.68837029754988
LOC111120850,-4.67361132236856
LOC111132155,0.415786510771034
LOC111124917,-0.739151983756304
LOC111129893,0.0797809703710262
LOC111127354,0.343399991355586
LOC111119157,2.61236609637119
LOC111134088,0.2135572805972
LOC111136865,0.585233854427607
LOC111134589,-1.44935449403298
LOC111119625,-2.02915189484381
LOC111134108,-0.041963212897731
LOC111131101,2.9365231277268
LOC111119388,-0.632426614986207
LOC111136399,1.30118180612418
LOC111126148,1.62450364902713
LOC111115390,-1.1344260674072
LOC111138138,0.830491334042945
LOC111128661,-0.0572483239373478
LOC111126504,0.68763270330356
LOC111120244,1.26245450531308
LOC111125513,0.112296677115556
LOC111131185,1.98722181282936
LOC111131039,-0.560284789691268
LOC111137262,0.226370250561457
LOC111100901,0.0166433679305519
LOC111109910,-0.228042596246118
LOC111127437,-0.981009708047055
LOC111128505,-1.01311992976174
LOC111133145,-0.144345857324166
LOC111101052,0.193601858702056
LOC111133452,-1.78082481152222
LOC111135096,-0.205874053924119
LOC111111643,0.945744889039958
LOC111137679,-0.149482208256292
LOC111100797,-0.138894273625357
LOC111102795,-0.166224583828695
LOC111129959,0.705169123660126
LOC111104125,-0.983501563634861
LOC111106711,1.02706214248304
LOC111120991,0.233193804192467
LOC111113110,0.0789119141900388
LOC111110313,-0.803265812113669
LOC111109233,0.477048325326428
LOC111119015,1.02205999086237
LOC111133435,1.19206350106737
LOC111105499,0.0907298620644347
LOC111137349,0.286941927189839
LOC111127795,-0.0376316379680326
LOC111118911,1.69680157448
LOC111108457,-5.46111413665247
LOC111101611,0.516517895099824
LOC111132685,-0.597253029510733
LOC111125552,-1.25830327231464
LOC111115068,-0.352663468464316
LOC111110747,-0.34551273601566
LOC111126932,-0.324198554296644
LOC111114909,-2.76425422906062
LOC111107429,0.443790994672244
LOC111108233,0.280499021388625
LOC111115292,1.966395338648
LOC111137485,-4.49577086900085
LOC111117997,-0.646426699449857
LOC111114893,-0.677809141315528
LOC111126331,-0.966338738915089
LOC111136522,0.144658875114216
LOC111112957,0.619319763573474
LOC111133318,1.65489711318255
LOC111136639,2.66131538555182
LOC111136725,0.4219742234444
LOC111105808,0.0858072637753817
LOC111099154,0.24053177012261
LOC111132498,-1.0179186408446
LOC111128096,0.470181328591119
LOC111137304,10.9229335693725
LOC111103999,-2.31181878956639
LOC111118888,0.18317094589122
LOC111127646,-0.152289542583145
LOC111135004,0.13363562560881
LOC111115147,-0.133355118324773
LOC111125096,-0.102805680549804
LOC111100934,0.563604177842099
LOC111129291,-0.410842948577192
LOC111130618,0.132101602441235
LOC111137769,0.704595328905865
LOC111137770,-4.20913949704139
LOC111126388,0.0568901367208355
LOC111114816,0.290881056911585
LOC111130245,0.6733984949457
LOC111111930,-0.0276436151559319
LOC111102613,-1.52299747375688
LOC111103226,-2.92009960149549
LOC111124857,0.73123688888746
LOC111111076,-0.547750879789461
LOC111133451,-0.0540362890807597
LOC111135697,0.272130475760653
LOC111103363,0.245636984574491
LOC111102861,0.033546010162036
LOC111122278,0.684693471993892
LOC111118614,-0.324144867846055
LOC111110236,0.15360000797719
LOC111125107,0.624266704367043
LOC111125666,-0.0134048406705187
LOC111135411,1.7694733575514
LOC111115819,0.152240119243628
LOC111116802,-0.285952818591998
LOC111101377,-1.94883882085134
LOC111110611,-0.0541561727844738
LOC111127513,-3.79936595520754
LOC111124498,0.322705862091046
LOC111100956,-0.0539773842210828
LOC111131340,-0.00162849261286545
LOC111107430,0.0227550929623293
LOC111106330,0.232404945179793
LOC111121860,0.706485610805047
LOC111112426,1.16403800260913
LOC111119757,-1.61256907202502
LOC111127936,-0.37652399079172
LOC111100692,-0.106119843788043
LOC111115369,22.8373827574886
LOC111105905,0.448460984271582
LOC111108676,0.0323796434184173
LOC111127006,0.54842165304686
LOC111108801,0.418216309221199
LOC111132807,-0.591507860300964
LOC111123983,-5.77529766909208
LOC111136113,-5.86214358786553
LOC111133245,-2.95066856534577
LOC111134404,-1.03383735452191
LOC111108150,7.12409173950182
LOC111099166,0.413127125259511
LOC111124108,0.666259581942749
LOC111130463,-0.0489198896489512
LOC111120478,1.85529963370904
LOC111122683,-0.363196978176222
LOC111137691,1.51516911275989
LOC111100197,-0.0580799740274436
LOC111127192,-0.529505819730579
LOC111126324,-0.0997375946252836
LOC111105367,0.106699545384793
LOC111102143,0.144334828287855
LOC111114677,0.335264738150299
LOC111104670,0.983010870773229
LOC111108011,-2.59547313676651
LOC111132268,0.70505917064373
LOC111133160,2.66089879750191
LOC111114467,0.564424273256592
LOC111117507,-0.0613051498992544
LOC111138518,-0.190206223104157
LOC111130556,-0.522409165886203
LOC111138388,0.34256526732786
LOC111112920,0.487683444014167
LOC111126292,0.0573382626108921
LOC111118486,2.16524689451153
LOC111125907,-0.665526259218267
LOC111116983,0.472579505472062
LOC111119458,-2.28223634934727
LOC111125913,0.0539575202244595
LOC111102546,0.701921256038295
LOC111114604,0.701897562751029
LOC111136185,0.63608467661491
LOC111125837,0.0428992236038151
LOC111102468,0.47176401120902
LOC111125242,0.941902638390871
LOC111135616,-0.0871156612685102
LOC111118492,0.187919544344685
LOC111110582,2.08289275786292
LOC111129358,-0.10607563391797
LOC111118709,-0.0362921565272835
LOC111115244,1.08941691886295
LOC111111209,-0.826884022126754
LOC111122562,0.394406638333825
LOC111116412,1.26110743346745
LOC111108362,-0.141871493651137
LOC111104864,0.446032100004398
LOC111113808,0.0667632460124186
LOC111120642,0.2905553905549
LOC111136612,0.00235311377286741
LOC111116258,0.168353894086612
LOC111104729,0.0340566637664125
LOC111117151,0.810399751020844
LOC111125803,-0.241863688231327
LOC111137367,-0.121059252201172
LOC111125359,-1.04341610557951
LOC111133846,0.975925337646054
LOC111106038,-0.31117874888251
LOC111124056,0.204312895961034
LOC111115653,0.0834027314679692
LOC111137145,1.80450059965117
LOC111131717,-1.27280596966152
LOC111132962,-0.534626339234595
LOC111103195,1.60182153911005
LOC111136748,0.0847615049353368
LOC111113637,0.846967679162869
LOC111136352,0.365344934005457
LOC111105744,-0.50435105350376
LOC111119613,-0.459518272450063
LOC111126152,-3.46541297439519
LOC111125241,-1.642198062704
LOC111108254,4.65024992243109
LOC111108066,-0.525570408707269
LOC111102411,-1.37829033460804
LOC111131666,-1.47634180329091
LOC111121288,0.448552044688433
LOC111131613,0.529079620940234
LOC111118264,-0.497616495475331
LOC111125942,-0.474538618348744
LOC111136248,-2.72227142214479
LOC111121323,0.81004088132511
LOC111138298,1.3134387670781
LOC111121102,-0.318514849006522
LOC111115824,2.14903988405679
LOC111126658,-0.221492491512555
LOC111105243,-0.168445279737099
LOC111109885,-0.162414881721131
LOC111134946,-0.406125399322066
LOC111100661,-0.455164280026322
LOC111129484,-0.039391614575292
LOC111108255,5.1692706627137
LOC111135969,1.47237016075593
LOC111134456,0.0999411121190118
LOC111112951,0.825778210632299
LOC111136230,0.187496154518874
LOC111133546,-1.57270335391604
LOC111108455,0.442608619791766
LOC111116744,0.0502421574357731
LOC111133128,-0.676866594519042
LOC111131423,-0.626553768148338
LOC111123443,0.297374069914957
LOC111133069,1.6309281887033
LOC111127650,-0.0605056843583706
LOC111117868,0.0124765695491468
LOC111101947,-0.132842756387075
LOC111121420,-0.436235456610846
LOC111100011,0.634458245101116
LOC111133172,0.512405300081361
LOC111126851,0.0159313305043529
LOC111123183,0.199570469914162
LOC111116415,-0.0373624756349007
LOC111113595,0.527693675621148
LOC111113168,0.647344441947714
LOC111118711,-0.134149652886334
LOC111099721,0.998820366397872
LOC111107565,-1.55308974757544
LOC111124342,0.0740033682448166
LOC111130416,-0.653570051472587
LOC111133694,-1.12843087641161
LOC111127452,-3.00876406985542
LOC111099882,-0.805000022020728
LOC111114461,0.788095863465398
LOC111105394,0.032524483307796
LOC111121463,-0.682161397852452
LOC111132296,0.102699856682796
LOC111136541,-0.343238225835856
LOC111135302,0.69105136280747
LOC111099127,-0.323409881540209
LOC111133285,0.0603028817961553
LOC111135752,-0.294471542990734
LOC111110350,-0.868193245175447
LOC111121541,0.167456486573851
LOC111103962,1.78947940552466
LOC111136751,-0.132287676577073
LOC111129306,-1.35987518277153
LOC111133462,-0.366675615182516
LOC111130828,-0.167596537764025
LOC111137159,4.66004975300498
LOC111125057,-0.561843184320335
LOC111126409,-0.157845801014862
LOC111109395,-0.0560245040573292
LOC111110861,-0.288657999149812
LOC111127862,1.06334760336194
LOC111125318,-0.000431375974233181
LOC111121068,0.188264237925728
LOC111127905,-1.06035994913638
LOC111131255,4.97360888486792
LOC111128756,-0.379767643810226
LOC111123659,0.253765620558306
LOC111135843,-0.743221961857395
LOC111116905,-1.01730244717543
LOC111136424,0.545197602472
LOC111122314,-0.475504736394263
LOC111108432,-1.89448027187815
LOC111134517,-0.988681377618293
LOC111103275,-2.717017810451
LOC111100080,-0.0153338784794318
LOC111104734,-1.94422989439741
LOC111109954,-0.268007694150088
LOC111102253,-0.0539661739192255
LOC111108994,-2.83120750411731
LOC111130302,0.337762359110234
LOC111106023,0.356797489549473
LOC111130832,0.0838785899807678
LOC111111238,-0.782480889577386
LOC111101492,-0.128329139596607
LOC111104484,1.76431351662372
LOC111131441,0.0835801075799126
LOC111104481,0.198331589576286
LOC111116273,-2.09747440783148
LOC111099556,0.106154177239242
LOC111134378,-0.754177538506996
LOC111116777,-0.0334768653133811
LOC111108973,-0.00508654181038936
LOC111133015,-1.04602241825426
LOC111107228,0.0504549179435428
LOC111099635,-0.400171385755181
LOC111118282,3.04287289070541
LOC111127357,0.16967086283824
LOC111112590,-0.182556665212389
LOC111126046,-2.75817650089177
LOC111137149,-1.83588316046643
LOC111126045,-1.26899903345183
LOC111120654,0.691533719686351
LOC111120655,0.424571198331264
LOC111111519,-1.56713549844836
LOC111105742,-0.0709102386126041
LOC111124683,1.34617991487607
LOC111108549,0.455291252578996
LOC111132897,-0.476733889014913
LOC111108938,-0.812264720373252
LOC111111739,-0.284621574512368
LOC111111913,-1.00740396379048
LOC111119213,-1.19728884612733
LOC111122986,-0.984004085156828
LOC111126830,0.22352939195786
LOC111103422,0.0884017517077321
LOC111114039,-0.245294818052335
LOC111130660,-0.794346809231195
LOC111109481,1.04067060096819
LOC111102162,0.165362941033803
LOC111106035,0.233389566232023
LOC111103005,0.270111618493634
LOC111130970,1.69085019021977
LOC111110708,0.464770261651396
LOC111121191,1.17940695240392
LOC111103058,2.16311361459313
LOC111110087,0.792875237473061
LOC111128518,-0.123966273526456
LOC111135168,-0.269521086949257
LOC111100855,-2.2769639616446
LOC111127651,-0.163198942674035
LOC111106085,0.109737344750801
LOC111123878,0.92764695745742
LOC111110012,-0.426406869498931
LOC111129176,0.332365163079196
LOC111101136,-0.537151353914808
LOC111104825,-2.48713707765724
LOC111106139,2.90479921415687
LOC111122530,1.72147152769401
LOC111120705,-4.24420701201626
LOC111133767,-1.35776817731312
LOC111132570,0.602746499801526
LOC111107932,-0.612095878947962
LOC111131432,0.522047036940945
LOC111134336,0.39639215337681
LOC111124255,0.903165887273889
LOC111113890,0.255551282616091
LOC111134611,1.07589130819919
LOC111099656,-0.964672673669034
LOC111129777,-0.3433849581893
LOC111126973,-0.102752682246877
LOC111106803,-1.01445499239892
LOC111104400,2.704948540236
LOC111112427,0.20198190926138
LOC111132362,0.289965032832591
LOC111101434,1.08578864479049
LOC111128600,-0.139305496798145
LOC111105429,0.357632040318877
LOC111100018,-0.139833581713085
LOC111126298,0.271133226983761
LOC111129146,-1.0770935802682
LOC111132682,-1.24563081963689
LOC111099924,1.1853358639938
LOC111118015,0.0641915199757438
LOC111119057,-0.0458177261225909
LOC111136414,-0.321973441277739
LOC111113599,-0.0742759179333086
LOC111105298,-17.7099558053842
LOC111133824,1.5221328029477
LOC111114466,0.0962616206176247
LOC111099547,3.07642615454515
LOC111127972,5.5460651832562
LOC111120046,2.14986434546158
LOC111132904,0.249716189342484
LOC111102600,3.9329513309326
LOC111132878,-1.42979898122524
LOC111130432,0.339620174210023
LOC111120128,2.51205101122577
LOC111119501,-1.37709654830484
LOC111124306,-3.72281806696664
LOC111118615,-0.220013654772071
LOC111112942,-0.0377433456487222
LOC111111220,0.228212286984253
LOC111137081,-0.317102743653049
LOC111106938,-0.595442030315935
LOC111120794,0.36514103819041
LOC111124120,-0.22107313812419
LOC111134396,1.57360267077931
LOC111136463,0.0130888438944287
LOC111133039,-0.361429479032998
LOC111138028,0.252640292813576
LOC111134733,-0.431941726030342
LOC111107322,-0.166578476932456
LOC111123295,-0.0444793712290397
LOC111121444,-2.36481783484304
LOC111118496,1.84785300199148
LOC111114469,-1.29588917291765
LOC111133235,-7.34686289153019
LOC111103169,0.0736986570898374
LOC111104446,-0.426784791400403
LOC111110095,-1.09567937189552
LOC111099558,-0.199819337266851
LOC111110568,-2.45376111161664
LOC111113891,-0.178943361882996
LOC111136256,6.53291554715849
LOC111128044,-0.0125537750671382
LOC111114450,-1.38281325421799
LOC111134106,-0.296867341026813
LOC111134789,4.11510918738304
LOC111126728,-0.198023378830393
LOC111118437,-1.223163141612
LOC111138013,3.98680229926573
LOC111125783,-1.83417892773072
LOC111129014,1.11069231597052
LOC111133419,-3.17111476137271
LOC111099099,-1.872813885959
LOC111100034,-1.24493915602032
LOC111131020,0.172380253694146
LOC111121621,2.12143292249137
LOC111128845,-0.105423966409148
LOC111105845,1.96517497152441
LOC111102451,-1.03577149667644
LOC111124951,-0.542332834084828
LOC111111167,-0.148396648502978
LOC111125512,-0.933279170420201
LOC111119468,-4.70129264788435
LOC111128610,0.167865709325798
LOC111132668,0.351436869979022
LOC111107284,0.928063235946624
LOC111134003,5.18151544779139
LOC111128034,0.534433343866797
LOC111119748,-0.181719941542429
LOC111127461,-0.949227823404509
LOC111112370,-0.278681197091967
LOC111115203,-0.0412706284317838
LOC111130323,1.56895598821671
LOC111107309,-0.411076746697888
LOC111103855,-0.371571257440868
LOC111132711,-1.13979580127077
LOC111134632,-0.329306834273713
LOC111118712,-1.36565901690673
LOC111105799,-0.0613758527393203
LOC111123354,-7.85950072146714
LOC111113958,1.07920946820285
LOC111137039,-0.567551979293181
LOC111126300,-0.259500210559629
LOC111100104,0.916064450820994
LOC111129315,0.116223750473338
LOC111119560,-0.948309668972553
LOC111133611,-1.22728467094114
LOC111128364,2.430380835324
LOC111121519,0.0601923101344721
LOC111137452,-0.263476890523301
LOC111100101,-0.448201468560294
LOC111115410,0.605145150847833
LOC111126589,-0.298369493849723
LOC111136586,0.600768963374656
LOC111113264,-2.44807392832445
LOC111105802,-0.259869800195573
LOC111112893,-0.40281717193894
LOC111110684,-0.877830884134044
LOC111104978,-0.798917684828851
LOC111104013,-2.73630941192687
LOC111106468,-3.26310531717896
LOC111119485,-0.115851892790065
LOC111103230,-0.399866951837464
LOC111110821,-1.49298159398547
LOC111130889,-0.269424143384794
LOC111107711,-0.80970883780448
LOC111136968,2.71891763252081
LOC111136675,0.00493233420081943
LOC111120120,3.89778804709666
LOC111121360,-1.57842264629762
LOC111118297,-0.0312697278959508
LOC111103740,-0.34654948023344
LOC111108396,-0.147110648294309
LOC111137549,-0.139437925998677
LOC111133966,0.723745566360531
LOC111129589,-0.167102185808723
LOC111106936,1.68303652559044
LOC111117744,-1.62234921177638
LOC111104474,0.352133214850161
LOC111107296,3.94500277028735
LOC111125198,1.60761570291047
LOC111117881,-0.149466644143616
LOC111119848,-2.97430870639625
LOC111103071,-0.0277443150454603
LOC111134748,-1.33622695136179
LOC111131568,0.505009356951448
LOC111112624,2.30776223070882
LOC111128754,-1.32989951532857
LOC111111161,-0.248813685289973
LOC111134441,-4.39759556399697
LOC111125912,-0.448773591692608
LOC111101744,-1.96091006915222
LOC111123692,-0.239511488483186
LOC111106269,-0.69850240619173
LOC111134619,0.0390838513455224
LOC111107881,-0.156767155101021
LOC111124118,0.982268242261641
LOC111106100,2.32943061239186
LOC111109321,0.0983622897778299
LOC111124807,0.213103796181243
LOC111131588,-0.273488263622601
LOC111102781,-0.489169553395921
LOC111105879,-0.601669904983632
LOC111118386,1.46464179463927
LOC111120526,-6.51970955566541
LOC111136626,1.00123720358367
LOC111127940,-0.162536829612266
LOC111118752,-0.213071067024815
LOC111118207,0.402436412664776
LOC111123485,0.290129646914875
LOC111102595,-0.508830095895041
LOC111138040,0.361099234671914
LOC111103963,1.33752285453915
LOC111118864,0.247586965305755
LOC111105398,0.0392609808253622
LOC111132169,-0.284470725934234
LOC111119332,0.314307763352709
LOC111108576,-0.445673040642083
LOC111128933,-1.23082562832916
LOC111126118,-1.89485872665257
LOC111137181,1.47884636746664
LOC111127468,0.00526210596321743
LOC111122527,-2.44807412131039
LOC111121246,-0.145407447788628
LOC111115839,-1.90421532838808
LOC111110823,-3.14127745486531
LOC111130805,-0.16577473422665
LOC111137169,-1.80868014964097
LOC111118982,-0.88224264610405
LOC111125214,0.844137912719109
LOC111108326,-0.136354829302106
LOC111115782,-0.459896920652669
LOC111099896,0.721016893000672
LOC111127425,0.296112387100206
LOC111123839,-1.02047709297631
LOC111131616,-2.57538732363862
LOC111102388,1.60551624263412
LOC111104790,0.480581503206485
LOC111126308,-0.0419877245835591
LOC111138178,0.441916122800566
LOC111118305,-0.935000453810561
LOC111137916,1.35281960425493
LOC111131594,-0.282799242402043
LOC111121628,-0.31809869017734
LOC111119336,-0.616168513392545
LOC111137506,-0.0363051293625216
LOC111113537,0.100395146258694
LOC111135626,-0.0701466377992857
LOC111111401,-0.0286172753830899
LOC111114903,-0.0520826090364968
LOC111135210,-0.304580493406296
LOC111110844,-2.11573200130479
LOC111106753,0.124550176808047
LOC111138213,0.441304516802908
LOC111113104,-0.0820797406770532
LOC111106774,1.27337313050374
LOC111105835,-0.0870115502536604
LOC111131017,-5.19874308003673
LOC111107479,0.0242173096050008
LOC111105617,1.12582210237841
LOC111112533,0.399714283094313
LOC111099585,0.349144759096397
LOC111123733,-2.13616660819457
LOC111130046,-0.257702564590421
LOC111121365,0.292875417386192
LOC111106424,-0.0276655114946094
LOC111119263,1.18360877556676
LOC111125131,0.0693829786087786
LOC111135791,-1.18793853823542
LOC111111156,0.154302511357014
LOC111129300,-0.417545413848778
LOC111126110,-0.328233698195411
LOC111102374,-2.11524779171073
LOC111102819,-1.51285062122731
LOC111104793,-2.58726800940385
LOC111128311,-1.12123141955579
LOC111125203,0.0945129600031424
LOC111124627,-1.23770054681265
LOC111131596,-6.35421398686487
LOC111118810,-2.25098482721003
LOC111116705,-0.00124468613185937
LOC111118947,3.39330449412663
LOC111103080,-0.415245468626683
LOC111132780,-0.11005285147728
LOC111105859,0.875729313363647
LOC111118089,-0.154821370336355
LOC111112022,0.361238420885603
LOC111101182,-0.613997408648353
LOC111115726,-3.26370179458033
LOC111117613,-0.909332282814081
LOC111108183,1.88371610668477
LOC111114174,0.483615230962264
LOC111101308,1.10275812608687
LOC111106885,0.516991779620236
LOC111128732,-0.109182271429985
LOC111125494,-0.0894126894753884
LOC111130329,-0.72167793047359
LOC111112070,-0.84758986864621
LOC111131504,1.12996947203291
LOC111122636,-2.23762647885922
LOC111136828,0.193753510879677
LOC111136325,0.314214342992081
LOC111134099,0.374600126852812
LOC111128302,0.779498309317001
LOC111103555,0.352974954640649
LOC111126197,-3.47840805898815
LOC111124744,-1.50463801664912
LOC111113136,-1.0690360987212
LOC111136567,3.76705251192999
LOC111100616,0.244866333457317
LOC111102988,-1.28736107545757
LOC111113206,-1.74174881660391
LOC111135664,-0.253310045596131
LOC111117786,-0.0936148688369114
LOC111118439,-0.29040635368279
LOC111121655,5.1662707197898
LOC111105767,0.120423779676934
LOC111124392,0.32001695188179
LOC111124711,0.547935543933295
LOC111121056,1.19526062981795
LOC111128862,1.3085380514495
LOC111137655,0.266251466986371
LOC111122852,2.12158192535067
LOC111119227,-0.175889493816471
LOC111126119,-0.170217610466216
LOC111128310,0.0440863601796633
LOC111135446,-0.955737604363867
LOC111104168,-1.29499128432066
LOC111134592,-1.8754845147969
LOC111128993,0.000166454470512711
LOC111138264,-1.21803622981695
LOC111106779,-0.0628190845366915
LOC111109581,-0.632267250633881
LOC111130358,0.502495550591734
LOC111110593,0.640342200368084
LOC111123249,-0.110229946741916
LOC111107432,0.437903977574534
LOC111134784,-0.456109099407861
LOC111119473,0.050244799105521
LOC111137342,0.505507395416749
LOC111106664,-1.34793512817752
LOC111123398,-0.147668694948655
LOC111113212,0.783756547311725
LOC111137984,-1.06709069486144
LOC111126670,1.10647463285624
LOC111131674,0.338851420108952
LOC111126527,-0.838601826447508
LOC111103866,-0.924135027413493
LOC111122650,0.156339443946985
LOC111136402,2.47418936958365
LOC111131802,-0.467810429080186
LOC111126623,0.127351402582959
LOC111125645,0.115268791095514
LOC111118535,-0.327384862678376
LOC111126382,0.542148745470037
LOC111120168,-0.14249004753757
LOC111133748,0.185232913907695
LOC111125951,-0.640609936916207
LOC111123179,0.449731033548031
LOC111135226,-0.741499034241862
LOC111099193,0.6717160064482
LOC111133171,-0.0303520212486553
LOC111129475,-0.041198511320951
LOC111120771,-0.278462761821604
LOC111123232,-0.201146531313311
LOC111127828,-0.591353218669633
LOC111102426,-0.528436023032726
LOC111110564,-0.254255094502529
LOC111110333,0.263411990433651
LOC111134048,1.34494538024583
LOC111102173,0.446177254619216
LOC111132507,0.450587203942845
LOC111138420,-0.121787740602387
LOC111104018,-0.708645174907546
LOC111122851,1.99894493713699
LOC111105175,0.053239392594198
LOC111120700,-0.885713919813917
LOC111104642,-1.6999917621074
LOC111135162,0.1767295412046
LOC111125491,-0.1018254257171
LOC111107816,1.65146188965698
LOC111113980,-0.0622865168705616
LOC111111580,-0.276269768355437
LOC111126782,0.464562853683323
LOC111116595,0.381332324815859
LOC111103378,0.151025160024153
LOC111108379,-0.460061546429112
LOC111108692,1.96728447200118
LOC111109756,0.146174187299601
LOC111099470,1.00333670146218
LOC111107191,0.391737373831517
LOC111119162,0.185555690513822
LOC111111950,0.00460342480441831
LOC111103225,-0.0403684412534472
LOC111108813,-0.314961083203195
LOC111135643,-0.927512357103269
LOC111133414,-0.0385326308365696
LOC111121283,1.23853555657689
LOC111114355,-0.00124312274659652
LOC111123635,2.16424554177242
LOC111106681,-0.219225677723685
LOC111133125,2.35875293752746
LOC111113338,4.51661410874986
LOC111129029,-0.656436623671416
LOC111114087,0.336759087919711
LOC111122649,-0.242078815575327
LOC111129817,1.549421392889
LOC111102710,0.476100199354216
LOC111119351,-1.4939861380858
LOC111134346,2.86721697152379
LOC111128544,-0.729771501577316
LOC111116875,9.40711246556573
LOC111120055,-0.128335956932434
LOC111136407,0.131799249318832
LOC111112016,-1.19137213521529
LOC111110067,0.34586694885785
LOC111134248,-1.53753524569046
LOC111101057,-0.126474965459857
LOC111116285,-0.20158542045545
LOC111126904,0.630320897888645
LOC111135835,1.6907463149985
LOC111114686,0.0166139465423773
LOC111122727,-0.726658192646641
LOC111128692,0.214799965827768
LOC111112616,-0.938123625449019
LOC111104688,1.82289374710569
LOC111126212,0.401045920807834
LOC111101551,1.40937443210148
LOC111117741,0.192173897413013
LOC111111321,-0.361752040922119
LOC111109512,-0.656162291515164
LOC111109511,0.954917025618491
LOC111133774,-0.0736212246149648
LOC111123262,1.54361602835218
LOC111104860,0.0218782730485918
LOC111117836,0.106613645554327
LOC111130992,-0.137058354373629
LOC111120638,-0.547611230807984
LOC111111109,-0.301615487179655
LOC111108058,-2.38082750639685
LOC111121155,-0.502291847659677
LOC111110851,-0.0238081857431257
LOC111117391,-0.631036893768125
LOC111101466,0.0851440338586167
LOC111120698,-0.0235295225305052
LOC111138304,-1.32270126141771
LOC111114955,0.142281174058443
LOC111128125,-0.625369590634738
LOC111138055,-0.452643152750676
LOC111125011,0.201752712749746
LOC111120167,0.94780673763519
LOC111100444,-0.926051302786383
LOC111123645,0.0993463346959608
LOC111114919,-0.631628196083542
LOC111102815,0.863756304348728
LOC111125976,1.0536975001325
LOC111113092,0.681824991312414
LOC111104149,-1.88280971550111
LOC111116845,0.293379212041501
LOC111119698,0.190949266849315
LOC111132948,2.16299190495976
LOC111129503,1.72007646340346
LOC111134531,-1.97616085623608
LOC111104386,-0.145128783738063
LOC111100307,-0.384186952777024
LOC111118221,0.297116572797603
LOC111121299,-0.733570927087186
LOC111111917,-0.348059061712116
LOC111131188,0.131913665624402
LOC111133938,0.177813620065999
LOC111117809,-0.468754587955972
LOC111128855,0.420715633026205
LOC111135617,0.241800498569017
LOC111117746,-0.150742246249533
LOC111125367,-7.29853682285765
LOC111125832,0.463545422118638
LOC111102344,-0.639601895551606
LOC111132693,-0.451868349676612
LOC111132035,-1.60899561633678
LOC111135509,0.596167120675568
LOC111135820,0.468005317603655
LOC111117104,-0.354509018851472
LOC111105739,0.682986446860104
LOC111111318,-1.50857552536013
LOC111129565,-0.106921327001541
LOC111134265,1.25443441461775
LOC111135233,0.804622179632612
LOC111106274,0.36276855015394
LOC111127091,-0.0394721838189347
LOC111111908,-0.249437842718336
LOC111125502,-0.283618015778582
LOC111112691,-0.11751334968693
LOC111118377,0.154537248185985
LOC111132201,-0.0683061992029863
LOC111135604,1.00205711291918
LOC111103444,0.613268545044079
LOC111119469,-0.141323012107633
LOC111117278,-0.614559178616442
LOC111123273,0.0315847714040985
LOC111135120,1.95321727877785
LOC111108722,-1.90842534727189
LOC111130162,3.21951599132623
LOC111122521,-0.146280614383679
LOC111105900,1.18748415053834
LOC111120179,0.0963773049880483
LOC111119916,-0.229095104479624
LOC111117971,-0.629100690623277
LOC111110420,0.188808406990188
LOC111109218,0.832806149210729
LOC111110885,-0.311213929119836
LOC111137660,-0.215260392218463
LOC111103046,0.802527498110566
LOC111100638,-0.887631601748496
LOC111128939,-1.63141484192013
LOC111137860,1.12880135642858
LOC111104254,-0.226963967417678
LOC111101789,-1.70538135893258
LOC111101249,0.0321931552015432
LOC111123770,0.56363652787201
LOC111101707,-0.61514412890568
LOC111106780,0.256178301618215
LOC111134103,-1.86885942441462
LOC111108748,0.058766146869468
LOC111108428,-1.21958659994949
LOC111120637,-0.14267616963667
LOC111101153,0.0833334514119901
LOC111135400,0.608829045237569
LOC111126878,0.0434183969133822
LOC111120960,-0.366829509022724
LOC111119205,-1.53251411257743
LOC111132070,-1.80831082959124
LOC111103593,2.99911408647434
LOC111121608,0.554061575394488
LOC111109258,0.269500851514671
LOC111112204,0.610246687578215
LOC111125723,-0.728950098844035
LOC111105225,0.26543602837779
LOC111128116,-0.658918223498931
LOC111107326,-0.441666875804049
LOC111114608,0.0150647676845788
LOC111136167,0.92528281575542
LOC111100429,0.413098766418967
LOC111125850,-3.13234586085185
LOC111100346,0.199352146461683
LOC111132977,0.107815832001788
LOC111115003,0.929789707175491
LOC111128163,-0.499093199267347
LOC111100860,-2.08451112535654
LOC111122576,0.313418564637317
LOC111108309,0.403714948887658
LOC111117924,-0.807684173179573
LOC111122917,-1.10245434214721
LOC111130483,0.234546030658164
LOC111114452,0.038051032508074
LOC111126752,-0.22114476171133
LOC111122302,0.36458282273833
LOC111114012,-0.197541072384205
LOC111121587,0.394426468824501
LOC111124528,-1.48569699164269
LOC111100274,1.24757015350355
LOC111132157,-1.4567107966543
LOC111126317,-0.00276007032496024
LOC111119881,-2.01864104714367
LOC111128861,-1.02603650046678
LOC111134174,-0.063075507908079
LOC111109121,1.67712798362522
LOC111137859,2.71969866043225
LOC111119373,-1.07798551242229
LOC111125329,-0.865382709275527
LOC111109620,-0.43917558670625
LOC111115062,-0.0973942355188692
LOC111124093,-0.147522266097539
LOC111107787,4.0268244653381
LOC111121566,0.314501998173433
LOC111123119,-0.573239020219716
LOC111110657,0.41727326113921
LOC111138109,0.398307985907802
LOC111130850,-0.0729391184299142
LOC111106064,0.604249085249507
LOC111111197,-0.345775083179984
LOC111130956,-0.591994695661775
LOC111131414,-1.65000727205524
LOC111118425,0.50845612853955
LOC111100431,0.849300540413571
LOC111138492,-0.0449795192968886
LOC111138490,-0.926494907615592
LOC111104306,-0.0295042688655788
LOC111102296,0.00966162673574785
LOC111120999,-0.215954223452749
LOC111106822,-0.0494667217063523
LOC111116447,0.603291247960739
LOC111118229,0.716920811916191
LOC111130866,1.67625813225861
LOC111130196,-0.44511989875102
LOC111114591,0.63102694754354
LOC111116358,-0.129113823674609
LOC111117252,0.351381471993912
LOC111137869,-0.0325992069209543
LOC111126146,0.586843674890122
LOC111136811,-2.08145060903772
LOC111137191,0.103992551557298
LOC111115665,1.40190907781008
LOC111119809,-0.0464036345058328
LOC111129087,-0.794978597334425
LOC111106689,-0.669937051240346
LOC111121825,-0.153467470191352
LOC111102044,-3.49406932083282
LOC111128496,-0.681143647718179
LOC111109860,1.11172679032664
LOC111121207,0.266953654039347
LOC111114201,1.24778177032779
LOC111114501,1.22755158756606
LOC111126799,-0.395942930631886
LOC111132817,1.90914612319008
LOC111134967,0.019873327913235
LOC111136285,-0.200496549386737
LOC111105728,-0.0331165476301638
LOC111135177,2.16004255149982
LOC111130642,-0.434622744398818
LOC111113326,0.813406872372476
LOC111101120,-1.03187213962034
LOC111108505,0.0632002531344153
LOC111129994,0.118141307126741
LOC111128527,0.317300293389751
LOC111118948,-0.563975833732753
LOC111123868,0.109410960592853
LOC111105453,0.0688508709581905
LOC111130184,0.0117709333318571
LOC111100457,-1.46158729104236
LOC111101039,0.140724701633815
LOC111103789,-1.70876963161537
LOC111106943,0.178720536050179
LOC111101541,1.35780758584029
LOC111118854,-0.805994064765543
LOC111110433,0.0311402147698959
LOC111111501,0.234820154302087
LOC111115136,-0.459390751737099
LOC111137432,0.516216904015239
LOC111122689,-4.26636774062932
LOC111131275,0.53268166451708
LOC111136064,1.02874476779591
LOC111128910,-0.314678338242954
LOC111128693,-1.09529286053798
LOC111113508,-0.0531905390354272
LOC111101175,-0.315802288900163
LOC111102146,-0.162964895482268
LOC111124300,0.314868750261845
LOC111126885,0.17121649547169
LOC111115500,-0.199725845120168
LOC111113178,-5.69094336300869
LOC111107030,-0.115276438045127
LOC111100651,0.486701292610123
LOC111125273,1.17863022327437
LOC111136378,-1.7905464367291
LOC111101353,-0.922816763032586
LOC111112272,-0.0268501486441583
LOC111128890,0.688321530658827
LOC111138393,0.818720797674074
LOC111118723,0.0996935255771998
LOC111103936,-0.109432239356837
LOC111102539,-0.0339996623596923
LOC111136487,-0.388720298112887
LOC111101701,0.0224804619313653
LOC111116628,0.386877750883735
LOC111123794,-0.714913919209104
LOC111112360,-0.578547275314822
LOC111133471,-0.438180009920039
LOC111125572,-0.470874892488875
LOC111127394,-0.927865012357022
LOC111113904,-0.1794977635437
LOC111100647,0.428362056327654
LOC111134374,0.491611568931275
LOC111103799,-0.333317140406807
LOC111104281,0.728616745311614
LOC111133207,-0.242020383605844
LOC111128549,-0.353771407767505
LOC111132109,-0.290217384490012
LOC111104156,-0.589751828715935
LOC111114462,0.000825334531502995
LOC111130431,-0.0183137806275108
LOC111129129,-0.240941555825507
LOC111121752,-0.506339332879304
LOC111130423,0.0620340084807366
LOC111135416,0.922292672189455
LOC111127856,1.14183221796475
LOC111135313,0.597522517112466
LOC111112636,0.0377923576770498
LOC111133210,-0.340192869237373
LOC111116926,-0.19693843810659
LOC111118753,0.326599410166228
LOC111132141,-1.65043359313193
LOC111102833,5.6708953744867
LOC111119562,-0.459150913093948
LOC111117028,0.414920087079726
LOC111104590,3.68142650603227
LOC111112057,0.154906002019318
LOC111120862,-0.639992493717691
LOC111123492,-0.540788183799986
LOC111128101,0.137555051589994
LOC111114654,-0.406768880857067
LOC111124536,1.29962229395579
LOC111122918,1.30429114737593
LOC111120897,0.33169594614241
LOC111106917,-2.92233405998265
LOC111126926,-0.546075871393389
LOC111136642,-1.80445538207164
LOC111107659,0.976193774147888
LOC111125884,-0.0803035846617112
LOC111119341,0.973680571016162
LOC111135624,-0.229106991799146
LOC111134480,-0.0533503566473828
LOC111132905,0.456961467168525
LOC111101725,0.31161996354579
LOC111115456,0.126300390891537
LOC111137721,0.205538570058481
LOC111121548,0.304206433797806
LOC111134424,0.217535908274984
LOC111100010,20.5612470217011
LOC111119640,-6.16354110804342
LOC111128234,-0.223490670759182
LOC111107093,0.0878536182408005
LOC111112888,-0.665991069537166
LOC111136777,-0.151576131765785
LOC111100041,0.672419563278564
LOC111100926,0.664920484312474
LOC111122857,0.71992643216123
LOC111120855,-2.69811476093671
LOC111119006,-1.0264658623649
LOC111107058,-0.2688755617911
LOC111134503,0.175909386985646
LOC111124813,0.240179662272695
LOC111108212,-0.907115373052958
LOC111106639,2.33396978319392
LOC111127021,-0.137960649062115
LOC111102385,0.0450996594336245
LOC111125458,1.41106151258052
LOC111105158,-0.501919773848674
LOC111103338,2.76957521924558
LOC111136935,0.050886476252721
LOC111134605,0.205414002521872
LOC111137586,0.00502442564901198
LOC111132925,-0.0845596497409743
LOC111137494,0.718780595821332
LOC111106171,-0.866005997092498
LOC111123151,0.0782388167523082
LOC111128306,-0.346597746339111
LOC111131292,-0.557409737147226
LOC111132195,0.339982946924646
LOC111110173,-0.0523776733741062
LOC111127436,-0.0227459374818643
LOC111121220,0.464618609331029
LOC111138394,-0.570209178369651
LOC111138318,-0.0475932657991391
LOC111129976,0.872506939109843
LOC111112112,2.06767036457704
LOC111129310,0.0281779808424131
LOC111100410,0.964571355364124
LOC111120627,-0.285694523653316
LOC111138210,0.470182451968929
LOC111128484,0.438595268478323
LOC111125489,-0.394878386769668
LOC111101365,-0.352910479344895
LOC111100559,2.27438349182792
LOC111125202,-0.498603568756827
LOC111130580,-0.135631367040205
LOC111130461,0.133421306286453
LOC111123144,0.284757089916074
LOC111135332,-0.492656014127666
LOC111131853,1.13331071494383
LOC111113970,-0.0148858356456565
LOC111124234,-0.854578590650034
LOC111123831,-0.658339126315405
LOC111114212,0.723570130227828
LOC111117735,0.468195060363272
LOC111120025,0.526018021926935
LOC111110451,0.342223072218037
LOC111128058,0.317164599223441
LOC111112448,1.61518524026646
LOC111100671,1.02039403047999
LOC111125851,-3.50056169010872
LOC111124867,-3.27104561547168
LOC111136387,5.2449208205205
LOC111102873,-0.405662149001973
LOC111124395,-0.00116688753128678
LOC111132751,0.174677623053087
LOC111124324,0.42772989235214
LOC111126230,-0.583759008601339
LOC111117678,-0.383313554339418
LOC111101754,0.0721223775911497
LOC111133553,1.46571888893051
LOC111099881,0.554952362927745
LOC111112773,1.32036652331275
LOC111109171,-0.227879399178138
LOC111127374,0.279689868882549
LOC111122584,-2.59063560315061
LOC111108551,0.116420470467547
LOC111131687,0.0132007603237653
LOC111100753,0.0544452057042389
LOC111119486,1.24531674185754
LOC111138155,-0.290963784524646
LOC111125405,-2.11448701407755
LOC111113391,-0.33081070085929
LOC111133091,0.48076863782189
LOC111134319,-0.0861952420227862
LOC111109997,-0.0840958693739469
LOC111099139,0.270994743233943
LOC111137696,-0.259749379339569
LOC111123452,0.0274402773079938
LOC111099821,1.23394609157623
LOC111104232,-1.75208066677381
LOC111099038,-0.49422417062483
LOC111137677,-0.681994862940248
LOC111131240,2.69729872681493
LOC111109944,-0.0693962670979296
LOC111102092,-0.214694259562259
LOC111133049,-1.52850744138003
LOC111123552,-1.01682631740533
LOC111107214,-0.0617926012536657
LOC111125268,3.65775419329885
LOC111130696,0.251798579295359
LOC111117771,2.8962266688952
LOC111125165,-0.736824131030533
LOC111133911,-1.02389884536062
LOC111132050,0.105465182139215
LOC111133333,0.364232120711539
LOC111100534,-0.229113061094312
LOC111112782,0.540579520519974
LOC111122807,1.18306727819318
LOC111125313,0.3688671898493
LOC111133267,-0.616775397460027
LOC111108029,2.11235589680718
LOC111134476,-0.945708409538752
LOC111131793,0.103730669584624
LOC111123738,-0.12256182373334
LOC111135653,0.807800855629598
LOC111104838,-2.08850183862033
LOC111124328,0.0789651756902827
LOC111120809,-0.292745018318026
LOC111134993,0.339077013123739
LOC111118327,1.12347085712246
LOC111121303,-0.364315678481214
LOC111124715,0.22935269661855
LOC111124631,1.21057095113523
LOC111104749,1.31239490091307
LOC111126954,-1.86205285488612
LOC111105354,0.793119187944937
LOC111108264,-0.382387249592063
LOC111119431,0.584244334727861
LOC111099722,-0.377160786135394
LOC111132590,0.0111628561852026
LOC111102306,-0.0761073049329532
LOC111131297,-0.173247671306581
LOC111119515,-3.19126357559279
LOC111109989,-0.122037974827576
LOC111138173,-0.610172890120943
LOC111130625,-0.463288343840152
LOC111120604,-1.16245507366352
LOC111129077,0.45363076648422
LOC111117161,0.383167352930965
LOC111120661,-0.803353086717699
LOC111135850,-0.817854281645476
LOC111129600,0.498782862401965
LOC111125869,0.247957286956345
LOC111131844,0.435195142355911
LOC111131732,0.612293233784173
LOC111119775,-0.847191986539206
LOC111128826,-0.107816913360633
LOC111127148,0.264842618995584
LOC111125105,-0.533066148363134
LOC111137777,-0.126074752198693
LOC111100929,0.523974561234491
LOC111122777,0.304162654751598
LOC111116819,0.21885964775111
LOC111108088,-0.363666524657653
LOC111129700,0.217764113735334
LOC111107138,3.14335661360869
LOC111126979,-1.55324393234445
LOC111128739,-1.46923323332392
LOC111115715,0.0897552707673491
LOC111099569,-0.880257892011547
LOC111135937,0.335208961458014
LOC111125000,-0.0890088231305833
LOC111136995,-0.0121717388989983
LOC111131828,-2.54793152088983
LOC111131455,0.866357104959676
LOC111100239,1.68475181149306
LOC111106013,1.79618488694516
LOC111114744,0.200331519354577
LOC111117931,-1.26704856904224
LOC111133437,-0.810434440950495
LOC111100167,-0.62034864557329
LOC111102989,0.162798090714332
LOC111107338,-0.115618033605718
LOC111122534,-11.921196165003
LOC111128854,0.141594507177666
LOC111132108,-1.7625573540916
LOC111127325,0.160574234480479
LOC111114629,-1.1851414322881
LOC111120863,-0.117922966854555
LOC111106923,-0.226546086491763
LOC111119305,0.0172706584028717
LOC111137648,-0.38457213075318
LOC111103529,0.160398147377646
LOC111137619,-0.285785987218429
LOC111125115,0.450985336732886
LOC111133073,4.02338769831615
LOC111130835,-1.08608500677429
LOC111109833,0.380416428586814
LOC111112683,-0.0239509337524124
LOC111112817,9.42391824217727
LOC111112674,0.467547715455165
LOC111134561,-0.312285285957388
LOC111129126,2.28263701112054
LOC111108606,-0.169361586984873
LOC111108027,0.711416276311541
LOC111119246,0.14892082152522
LOC111105505,0.944124543246669
LOC111129516,0.805120396088564
LOC111128430,1.10895341429677
LOC111113003,-0.820621458787571
LOC111126256,0.583239349479549
LOC111128360,0.0904964971123073
LOC111122665,0.428601295983974
LOC111106001,-0.468029691717464
LOC111114246,-1.01671634127927
LOC111119200,-0.185761219886895
LOC111114663,-0.915296931332578
LOC111118133,0.455872397447719
LOC111137473,0.321010594537178
LOC111136444,0.112226395087426
LOC111125943,0.56233719851406
LOC111101545,0.553362864250033
LOC111112595,-0.19947231555236
LOC111134111,0.376383829492087
LOC111102917,1.39110578452504
LOC111116091,-0.149372428062423
LOC111105362,-0.212030875751916
LOC111124561,0.156872844249611
LOC111137265,0.468661215425709
LOC111121229,-1.38994194834452
LOC111133458,-0.309346470258833
LOC111120225,-0.0814314644124926
LOC111108332,0.0801370153552969
LOC111099359,-0.306071368043248
LOC111129868,0.0830360830471153
LOC111135770,0.0353768771293758
LOC111126518,0.0792344420321475
LOC111116952,0.893511601862585
LOC111113582,0.280668503926119
LOC111102435,-0.445192847841168
LOC111135574,-0.476632370268401
LOC111099111,1.01905455962722
LOC111117871,1.12202541825088
LOC111122587,-0.0366952498559211
LOC111124726,0.0856730186009948
LOC111121630,5.17855486247518
LOC111119127,3.00773162601088
LOC111120353,-2.0891554464214
LOC111110536,-1.67076263962503
LOC111101191,0.384501370663394
LOC111134429,-0.115946654086614
LOC111126795,-0.0260323201589508
LOC111135505,-0.862777698883667
LOC111118169,0.687854168922755
LOC111134291,-3.96028242411863
LOC111136531,-2.57207651091097
LOC111107402,0.121386128628542
LOC111118592,1.23657319548492
LOC111131486,0.375465054544993
LOC111106976,-0.345073009750834
LOC111102179,0.524593905398687
LOC111099514,0.369722071649512
LOC111134763,-0.552149800096612
LOC111132611,-0.42714115519564
LOC111110627,0.0790228660494293
LOC111131621,1.03136105940008
LOC111120381,-0.732569323678378
LOC111123807,0.378992897852974
LOC111110275,-1.12246146077348
LOC111105379,0.566724509611304
LOC111107351,0.888162607082669
LOC111129694,-15.6325889192873
LOC111119758,0.263694823124369
LOC111124540,-1.54642606284809
LOC111129841,1.06729681544761
LOC111119683,-0.592718298907913
LOC111100992,2.2143930663464
LOC111131623,0.28994714936561
LOC111133660,2.61790977091076
LOC111101884,-0.299056008311467
LOC111105039,0.334149854502999
LOC111134463,0.408948015725264
gene38282,0.120161158518268
LOC111100539,0.945543835723163
LOC111126829,0.246374284726887
LOC111106265,-0.0373056947448564
LOC111118630,-0.375963945064352
LOC111118241,-0.0577776700232564
LOC111127870,0.538389456848442
LOC111108115,-0.331911598361493
LOC111102623,-0.999991059944508
LOC111137237,-0.0181513404269813
LOC111117531,-1.00083356314518
LOC111102677,0.028638106612367
LOC111125856,-0.410601877957148
LOC111104138,0.398175024172075
LOC111122517,0.262155994378314
LOC111104982,4.36960725756593
LOC111118702,-0.444736400260106
LOC111127119,-0.0978404223095534
LOC111103214,-0.0423476086475674
LOC111106448,0.0124445060796486
LOC111117820,0.0529266714578261
LOC111130145,0.507981014201538
LOC111104096,-0.658167342287825
LOC111120920,0.424008326578211
LOC111103767,-0.200739039340862
LOC111101794,-0.0878984369192705
LOC111112086,0.497313273721946
LOC111118719,-0.20476206069694
LOC111103901,-0.141643467016594
LOC111110572,1.32708470709503
LOC111123366,-0.0653370552972958
LOC111136263,-1.6916882359624
LOC111136266,2.16451949355873
LOC111132047,1.4068652481213
LOC111108492,-4.30775089687923
LOC111117984,0.504327974933992
LOC111136127,-0.0910553918862839
LOC111119144,0.104961840382717
LOC111134769,1.06688899838147
LOC111112412,-10.7148389952582
LOC111135647,0.177093862560511
LOC111130783,0.893159014552645
LOC111114881,-0.997744042676337
LOC111130984,-0.728826138581318
LOC111100369,0.812788133007871
LOC111111214,-0.127342857382959
LOC111126839,-0.33750368241406
LOC111125205,-0.0565382265382864
LOC111110030,-3.16096643578078
LOC111115477,-0.207632219903149
LOC111128700,0.0800672584704036
LOC111109260,-0.384149169426519
LOC111120810,-0.493040082661471
LOC111134406,1.16017615764298
LOC111108310,-0.500433372474189
LOC111114922,-1.22116962210973
LOC111107324,-1.85955723011483
LOC111108649,-0.582184612902931
LOC111124873,-0.447950532845959
LOC111138510,1.32459296739697
LOC111117361,0.28657723684098
LOC111105566,-0.0653030259043627
LOC111117650,-3.34128388641407
LOC111116134,-0.0516997855359494
LOC111125677,-0.142185411624206
LOC111138519,0.602991728786004
LOC111134027,1.12341958210715
LOC111137343,-0.127101723462117
LOC111125911,0.607916361702583
LOC111122897,-0.0453639910558931
LOC111125145,1.63044896330212
LOC111124423,0.296175803076009
LOC111121064,-0.225019760008632
LOC111129688,-0.0493280112123182
LOC111117669,0.361557178036933
LOC111131503,-0.821965904410901
LOC111119346,0.0746062446563662
LOC111104551,-1.66369484802975
LOC111134933,0.347704053709023
LOC111117748,0.156870706007934
LOC111118748,2.30033599197984
LOC111133954,-1.34999756830911
LOC111126641,-0.012323095875941
LOC111125263,0.352574820504604
LOC111116895,-0.0939003831178052
LOC111124310,0.268025425681726
LOC111119704,1.93090146140676
LOC111130072,3.16367718849542
LOC111106992,-2.77810678853027
LOC111099723,-2.01888131871722
LOC111136713,0.19873424714889
LOC111137086,-0.650215114441636
LOC111119532,-1.04304404931476
LOC111134055,0.817528392886407
LOC111103590,1.94279360647773
LOC111118701,0.439718377386779
LOC111117747,0.239185375182777
LOC111133695,-0.0115469784707106
LOC111114800,0.366160375584612
LOC111137426,2.63333271658709
LOC111113323,-0.469357496730086
LOC111108243,-5.65420663185462
LOC111109631,-0.0246539423485156
LOC111118195,-2.11527100816224
LOC111123360,-1.82196099903563
LOC111100082,0.823401128077961
LOC111102794,4.65770216911504
LOC111120482,0.609190922613336
LOC111118480,-0.811841570798752
LOC111100587,-3.07565966762552
LOC111129482,-0.53004141870821
LOC111117188,-2.83714857353618
LOC111107930,-1.91241263669663
LOC111126479,-0.641023051246922
LOC111131435,0.411201341766545
LOC111119292,-0.0780887664696646
LOC111119296,0.570402439029447
LOC111103393,-0.656051996155521
LOC111129019,0.992326977296271
LOC111138495,-0.0974883516958917
LOC111109806,-1.21991499253503
LOC111121600,0.118583507782297
LOC111132868,-0.502049084830751
LOC111133854,-0.0604312547223503
LOC111100621,-9.08242304000935
LOC111116023,0.0374691310832441
LOC111107462,-2.05275279416953
LOC111133261,1.52490162935172
LOC111109329,0.284397535480622
LOC111136936,-5.50602194187801
LOC111106309,-0.0536147426154693
LOC111106625,-5.36825903583604
LOC111120552,-0.653743797611363
LOC111120834,0.609141899491587
LOC111115346,-0.774615475769186
LOC111135023,-0.364748417869698
LOC111137806,0.753821195013064
LOC111123482,0.183027543649718
LOC111105173,-0.0530738507794095
LOC111099559,-0.406468138580217
LOC111125544,-0.0349079779122087
LOC111115522,0.352474963368496
LOC111126845,-1.81066930290974
LOC111124089,-0.732895425908211
LOC111130102,-0.256497427901074
LOC111104179,-0.455769082548912
LOC111119066,0.857508800852893
LOC111100562,-0.915512308204319
LOC111136231,-0.0568161114985563
LOC111118627,-0.00125443200168597
LOC111106856,-0.449740297239528
LOC111121334,-1.04167004899121
LOC111109479,-0.0670744694503118
LOC111124006,0.832395481358166
LOC111108006,0.831683006053879
LOC111124013,-3.08182511639423
LOC111114786,1.33611292599813
LOC111125102,0.199354311444067
LOC111120780,-0.883248717180254
LOC111130993,-3.28883292934979
LOC111138462,0.324966143319936
LOC111133334,-0.548627724665243
LOC111126379,-1.59005282534941
LOC111111793,0.477447510447778
LOC111133264,-2.10786668306892
LOC111121322,0.282568439835484
LOC111116961,0.544688732439393
LOC111135156,0.111883743317177
LOC111106908,0.239629852979665
LOC111120982,-0.0560961806395789
LOC111118431,0.0371632502537101
LOC111127494,0.996642383332579
LOC111128747,-1.39567051394838
LOC111129340,0.00843092868425806
LOC111114165,-0.618136708663389
LOC111120392,0.295355862527706
LOC111108776,-0.420146652139556
LOC111122309,-0.37109592455323
LOC111125020,-0.175878601395937
LOC111135722,-0.201622116499184
LOC111123110,0.379118662090171
LOC111126032,1.14483592058676
LOC111114721,0.553355540864457
LOC111132960,-0.256693360104862
LOC111117141,0.0235960053788201
LOC111128374,-1.93621425498379
LOC111126191,-0.0392255988054618
LOC111100584,0.83074846237065
LOC111121719,0.313948681451014
LOC111136851,0.203744908190656
LOC111136277,-1.43222501500301
LOC111107159,0.00631358806161869
LOC111110007,0.480126586121064
LOC111133527,0.482706533088486
LOC111103342,-0.351978046827676
LOC111136934,0.462992407947665
LOC111106221,0.16082163535392
LOC111130544,2.97508647819261
LOC111121425,1.56429490063298
LOC111103077,0.175783740152686
LOC111105775,-0.384826492262797
LOC111120628,0.445944628248493
LOC111123257,5.24027115577433
LOC111114807,0.0138912682820336
LOC111132858,1.76251951331227
LOC111119011,0.580408589798669
LOC111135179,-0.386429660619884
LOC111111820,2.75152182779103
LOC111125079,0.0760770588232944
LOC111132989,-0.790502495499392
LOC111130790,-1.22999445233916
LOC111125482,0.325905045654249
LOC111123709,0.0037109931732064
LOC111134595,-0.0607593307196585
LOC111109982,1.01562047548704
LOC111114905,-3.52238523447315
LOC111137922,-1.02110434437316
LOC111129479,-0.860558974555404
LOC111106866,-0.885553349925942
LOC111136320,0.0260295728235642
LOC111118869,2.52663505201708
LOC111118704,0.21156920100173
LOC111109360,0.115811924388343
LOC111117244,-0.381234112293205
LOC111111467,0.819456198013194
LOC111100613,-2.60287157249817
LOC111126734,0.705890837042804
LOC111125887,-0.213410263578641
LOC111134771,0.390522693808574
LOC111134770,-1.01731774764578
LOC111132464,-0.221633974407004
LOC111128238,0.63958476927242
LOC111120961,0.384974591837524
LOC111138201,-0.16049351839267
LOC111137745,-1.47129508827788
LOC111136874,-0.146578171795816
LOC111115645,-2.34442480090253
LOC111109514,0.0257119387042248
LOC111121301,0.21755859266262
LOC111117589,-0.160638453880543
LOC111127298,-0.095816104113844
LOC111136618,-0.708605551945426
LOC111130303,-0.0574054134665526
LOC111116460,-0.0819653412648841
LOC111109762,-0.42314853927187
LOC111103115,-1.04703732299683
LOC111118856,0.538019268934253
LOC111105322,-0.523515609309181
LOC111104701,-0.590719848049707
LOC111115597,-0.577151213985298
LOC111106463,0.519570073235723
LOC111101950,0.734345954582056
LOC111121736,0.0802939256907961
LOC111104634,-0.296337888249694
LOC111107308,-0.358218499777659
LOC111119151,-0.313859902151288
LOC111119786,0.585607008699316
LOC111109443,0.118514588785375
LOC111111588,0.0108981932290216
LOC111128143,-1.44404247622343
LOC111120499,0.550513798724789
LOC111115889,1.37496845836406
LOC111131586,-2.46705623406529
LOC111116727,-0.336033734827463
LOC111100882,0.655617285819699
LOC111112818,2.42346086075499
LOC111099590,-0.751967327795479
LOC111132284,0.985233106706638
LOC111103721,0.4205294871222
LOC111133460,0.168000835396837
LOC111099069,-0.0372978324191984
LOC111104415,0.470809148163256
LOC111135461,1.21026501334657
LOC111120323,-0.778018529080992
LOC111119729,-6.56416028896221
LOC111105727,0.0652990787835033
LOC111131133,0.273368460700087
LOC111134814,0.868878438493839
LOC111105880,-0.131671175096694
LOC111133196,0.808433751174659
LOC111111116,-0.00545565757728064
LOC111130485,-1.11651701134953
LOC111099161,0.469553006904835
LOC111123111,-0.78122454583317
LOC111134580,0.967641896232201
LOC111108459,-3.61011743795824
LOC111104063,-1.3729526239756
LOC111135531,-0.270904234004118
LOC111136691,-0.686011690933279
LOC111120008,-2.05344442263338
LOC111122892,0.213860173586124
LOC111121267,0.194761097980458
LOC111119299,-0.443568424591362
LOC111123010,-0.280891027837838
LOC111126538,-0.352453490790831
LOC111130575,0.0049057658543341
LOC111118467,0.524008111219896
LOC111135851,0.0370286329972548
LOC111131649,-1.28982698020205
LOC111124637,4.05490374167199
LOC111130682,-0.129641933136512
LOC111121777,-0.0823836254035019
LOC111116765,-1.19061068951871
LOC111130417,-0.150154745872997
LOC111137383,-0.586079020874448
LOC111123808,2.28650296644936
LOC111138280,-1.47709258107318
LOC111117469,1.77803574907124
LOC111100858,-1.13214973423729
LOC111127721,0.950735296403016
LOC111121315,0.0859921917079635
LOC111104519,0.221487772693542
LOC111107250,1.05859913322761
LOC111109851,-0.477560361672189
LOC111119000,-0.230487018083953
LOC111105585,0.895294094847808
LOC111134858,0.829884726581171
LOC111102238,0.192167458472004
LOC111114067,-0.548416257301315
LOC111132758,0.828032913809529
LOC111114987,-0.10832366706496
LOC111114037,-2.16623003264608
LOC111135189,-0.420617042683102
LOC111132753,-0.567968664195121
LOC111112667,3.5659881497761
LOC111126456,0.461778320289763
LOC111126617,-0.0382470417567531
LOC111117283,-0.0656575527094605
LOC111133281,-0.263894155976688
LOC111131782,-6.33211392571741
LOC111100220,0.909626914521831
LOC111113390,0.286996249618179
LOC111099182,-1.34511437059873
LOC111112544,-0.00124733386461543
LOC111108524,-0.370347269200433
LOC111100227,-1.53797442124467
LOC111135649,0.868832273420075
LOC111136350,0.657203744146138
LOC111109196,1.25474726288268
LOC111118726,-0.364971350192157
LOC111118809,-0.628098841030033
LOC111118873,-0.181399153360734
LOC111099844,-0.169314981649677
LOC111129031,-0.071578909596744
LOC111129561,-0.314849933937545
LOC111131288,-1.68207395818443
LOC111129398,-3.01009064740049
LOC111109964,-0.61487118957181
LOC111124438,0.264613093399569
LOC111112603,0.110061538664725
LOC111110377,1.7802903821453
LOC111117872,-0.816215677626858
LOC111121735,-0.969768097445648
LOC111136148,1.9435937983575
LOC111132689,0.0502485474874789
LOC111109304,-0.335634087947569
LOC111122956,-1.00786569964402
LOC111124885,-0.689428228153432
LOC111103193,-1.0209874745786
LOC111123909,-1.69414367886131
LOC111101735,-0.027793782216783
LOC111106052,-0.403486326575469
LOC111126288,1.07332775407815
LOC111119637,0.911678769620076
LOC111109726,0.847997419261617
LOC111102020,-2.56059951781195
LOC111119870,-1.19493310265879
LOC111127536,-0.636229657557346
LOC111126038,-0.175091763123955
LOC111121310,0.33584418910328
LOC111116025,3.14530474777406
LOC111137516,-1.38094639505013
LOC111127459,-0.163294780952108
LOC111134571,-2.20502763787007
LOC111123891,-1.34359957081872
LOC111104304,0.235170605985293
LOC111117745,-0.936508984122096
LOC111117016,0.314998412683748
LOC111106869,-0.157531411816071
LOC111126584,0.0931909790259886
LOC111129381,1.39552735236339
LOC111132256,1.83699966526952
LOC111105003,-0.794942978007068
LOC111102829,0.263107854199656
LOC111115100,-0.303254456438657
LOC111104026,0.362100989353303
LOC111119492,0.405927512804714
LOC111119749,6.12006330167988
LOC111106588,0.00133141497263766
LOC111118113,2.41464871048994
LOC111117050,0.167823691657867
LOC111101743,-0.195253458160606
LOC111131501,0.139052076910676
LOC111124308,-0.561865791580121
LOC111132593,0.606129497956256
LOC111115273,-1.52414770153797
LOC111134096,-0.0707680777592949
LOC111106039,-0.193894828759487
LOC111134462,0.0954055518994176
LOC111134439,-1.49978879562447
LOC111132037,0.0673280784011516
LOC111125920,-0.547727126810623
LOC111105713,-0.678539213267576
LOC111120095,-0.178961976267833
LOC111136776,-1.44911885875082
LOC111121537,0.210999432146595
LOC111099880,-0.432158418551236
LOC111133265,4.68651039650659
LOC111124672,1.26431182103537
LOC111106189,-0.0530869984860123
LOC111120073,-0.368473150506434
LOC111119391,2.12617468718123
LOC111138265,-0.582626954060351
LOC111107510,0.0297291060502564
LOC111099591,-0.0405453247575972
LOC111123774,-0.32481870906467
LOC111122518,-0.201347993779246
LOC111125899,-0.743046419169729
LOC111135570,0.390072700823226
LOC111114853,1.03982906771178
LOC111101119,-0.115938708498312
LOC111130406,-0.15317706876505
LOC111135009,-0.950720870118101
LOC111136699,-3.20487818065041
LOC111117095,-0.593427879230908
LOC111122205,0.135977823432237
LOC111105342,-6.11838150426603
LOC111108445,-0.181184825165806
LOC111135265,-1.28885990423608
LOC111107948,1.99431086952657
LOC111132882,-1.86608926119642
LOC111137247,0.0463858254894226
LOC111129042,0.174843159867764
LOC111136846,-0.240900193509857
LOC111133914,0.0660001487575632
LOC111130249,-0.794641725129991
LOC111103139,-1.45411511356529
LOC111126254,-0.602017847284421
LOC111135299,0.347744656598264
LOC111120542,3.08341642330444
LOC111112862,0.037876833892081
LOC111135065,-0.341682979456637
LOC111118596,0.516862585290451
LOC111129957,-0.187530436955715
LOC111110509,2.76095415270727
LOC111105527,0.921234025375055
LOC111119812,0.624125441948903
LOC111121028,4.0620454723296
LOC111106364,-2.00752466994534
LOC111134078,-0.230422974506129
LOC111116784,0.123965270394642
LOC111112973,-5.02955228814417
LOC111126184,-0.522527122643897
LOC111110058,0.55113822473758
LOC111106852,0.524376078974325
LOC111133663,0.925179215189778
LOC111131312,-1.35843880820073
LOC111122214,-0.0760884345301942
LOC111108433,-1.0217634522427
LOC111111065,5.3637810762896
LOC111111466,-2.6510879412337
LOC111112336,-0.00125640179776966
LOC111135221,2.38034777812896
LOC111106307,0.00129692876407783
LOC111128605,-0.103569609054808
LOC111116788,0.519756202485887
LOC111113070,2.8364678467554
LOC111109760,0.354414772352821
LOC111119906,0.910759895320728
LOC111121597,-0.691037197373794
LOC111136950,-1.95287891794888
LOC111115885,-0.190759985194213
LOC111135702,-0.994758842891314
LOC111119821,-1.68716066918596
LOC111130120,-3.3787179697519
LOC111123715,4.76306399336221
LOC111114582,0.0343552474670763
LOC111125934,0.0701855089850896
LOC111138477,0.999310779251759
LOC111111656,-0.158563080675396
LOC111125230,-0.389760469489242
LOC111104307,-0.432077773952997
LOC111120180,-0.324150781144011
LOC111105366,0.541066993259023
LOC111109526,1.20542735057133
LOC111128755,0.590935438406028
LOC111100644,-0.121671335657015
LOC111112425,-0.115839576865821
LOC111126470,0.488024212843474
LOC111122264,-4.02287515232248
LOC111114648,0.0769136875334095
LOC111120820,-3.38476126691014
LOC111134438,0.01150053441136
LOC111120561,0.202097776839441
LOC111138154,-0.800291446287288
LOC111126468,-0.687372873900607
LOC111132990,0.945477402609618
LOC111114727,0.214471571020784
LOC111130530,0.366948820802253
LOC111113056,-0.363501005864335
LOC111124294,-6.32542823244544
LOC111117266,0.062183980485892
LOC111136353,1.40729483775749
LOC111126603,2.16423970984274
LOC111109510,0.985424709148854
LOC111135374,0.991619588811527
LOC111137901,-0.733798522598336
LOC111104470,0.138900522411039
LOC111114554,-0.873210490830513
LOC111136090,0.205662090188998
LOC111101476,-1.1848173796353
LOC111106974,-0.540653873324144
LOC111125728,1.80825284070904
LOC111128315,-0.416519999627012
LOC111135784,1.35338447661294
LOC111118755,0.313297161446706
LOC111101354,-0.0327321361313126
LOC111101270,0.337704446269257
LOC111110334,1.62632091313092
LOC111138046,-2.28431456123561
LOC111129370,-0.178439894780877
LOC111101763,0.375676694777149
LOC111124032,-0.880913765615963
LOC111114518,0.0598154423242496
LOC111122574,0.59358294465679
LOC111130192,-0.405363037100385
LOC111134321,-2.61739574079338
LOC111107109,-0.232325409761926
LOC111133094,0.633215722998331
LOC111137570,-0.367502519308157
LOC111102414,0.227873442564847
LOC111137932,0.728559852683206
LOC111117147,0.216262299086559
LOC111127866,0.144841689946592
LOC111132966,0.906890150699226
LOC111125142,-0.125176808555712
LOC111111371,0.185517796792657
LOC111099158,-4.69368349879139
LOC111106182,-0.435607696606656
LOC111118533,-0.150347220128172
LOC111136326,0.849748710863076
LOC111122549,-0.328358364228345
LOC111130873,-0.0683030620056984
LOC111137133,-1.13323732977101
LOC111132648,-0.230516775016706
LOC111130962,-0.625246995831362
LOC111125356,0.16961596488848
LOC111101405,-0.0223222914330345
LOC111136510,2.43551593061962
LOC111124630,-1.11649224840607
LOC111121276,0.133293553441115
LOC111125191,0.772104279785618
LOC111102200,-0.400378513520012
LOC111113708,-0.305900363979241
LOC111134740,0.543567972821538
LOC111105131,0.252497672657876
LOC111113467,-0.62983590877219
LOC111122418,-0.801872930955247
LOC111108489,-2.29171564395817
LOC111099178,0.0431611147127288
LOC111136162,-1.28961554947816
LOC111102474,0.210111460499298
LOC111114493,-0.156639803531195
LOC111136338,-0.902794662834778
LOC111111549,-1.13407976363373
LOC111123746,-0.872371740747282
LOC111117105,0.244407183027615
LOC111114122,0.275343150502653
LOC111101811,-0.054052174392396
LOC111119950,2.54385611898089
LOC111120901,0.0641332139302519
LOC111110738,-0.0153877432862509
LOC111110947,0.0273870677659826
LOC111125092,0.337403064992642
LOC111137076,0.199271672502597
LOC111127277,0.48080361251141
LOC111107165,0.570004283069062
LOC111127193,1.20441574594931
LOC111127598,0.799285677642887
LOC111136240,0.0123573221436237
LOC111109958,0.328179212074616
LOC111138053,-4.71506657313944
LOC111134675,0.533709916418011
LOC111121223,0.517918067643041
LOC111135275,2.5323226066205
LOC111134680,-0.238424981348591
LOC111131522,-0.0447701451060581
LOC111103003,-0.50369044244008
LOC111131147,-1.02184271692782
LOC111112355,-1.26227955248814
LOC111138041,-0.455908813487126
LOC111120221,0.16655672361298
LOC111102571,0.971156350507184
LOC111102252,-0.605948403702072
LOC111131201,-0.781599452042979
LOC111124633,1.38834487386849
LOC111128186,0.575956214949663
LOC111131259,3.78304764404909
LOC111131349,-1.34434719036682
LOC111134465,-1.02760891132885
LOC111126520,17.3129900965212
LOC111103652,-0.526397569071027
LOC111101093,1.80530420662347
LOC111121464,0.16910191861933
LOC111129524,-0.62671010235962
LOC111137718,-0.0672250166348245
LOC111129922,-0.438056294960458
LOC111119123,-0.809600659271111
LOC111125841,-0.0262505801056568
LOC111125286,-8.26385652115754
LOC111103663,1.07731905819167
LOC111104009,-0.142671652161738
LOC111106021,-1.13081945582339
LOC111103638,0.484767323194984
LOC111113499,-0.586674658219596
LOC111135493,-3.08713418491754
LOC111121717,0.112230185967631
LOC111125924,-0.684294101523459
LOC111107832,-0.485675372139012
LOC111120583,-0.53455014247589
LOC111121954,-0.473587166263333
LOC111135896,0.579405084902353
LOC111101719,1.11455444113098
LOC111128329,-0.394021610981173
LOC111119262,-0.794047089710305
LOC111138068,-0.43632897514123
LOC111136898,0.17309080550567
LOC111110424,0.0104008505885286
LOC111120774,0.193816485793471
LOC111101471,-4.08913446541867
LOC111103087,0.747655006146166
LOC111101349,0.10967066722025
LOC111122704,0.244404972501558
LOC111108343,-0.180297280926212
LOC111130762,-0.759206361243393
LOC111113203,-0.505371955705821
LOC111102678,-0.357102275673276
LOC111133500,-0.254774367621619
LOC111103641,0.38425015079515
LOC111103269,0.19867149044211
LOC111108373,0.385913147194989
LOC111137061,-0.272211644790247
LOC111136015,0.771122390718788
LOC111132779,-0.344379184072109
LOC111111188,-0.394685444322197
LOC111135900,-0.375878162796005
LOC111106030,-2.0834267114541
LOC111137308,0.42406127482013
LOC111102986,-0.0715313640995495
LOC111117765,0.924215200494066
LOC111100040,-0.573292257604624
LOC111131445,1.37082974954135
LOC111104213,4.96901138975748
LOC111115472,0.31187061409283
LOC111126384,-0.243077080291614
LOC111118069,-1.80377519194575
LOC111115673,1.65841713111074
LOC111126905,-0.146942493635304
LOC111129030,-1.52711289708833
LOC111130430,-0.738367758950762
LOC111103614,-0.0563499884426567
LOC111113291,-0.0117518230320616
LOC111122231,-0.0799032922755931
LOC111105622,0.00110344562803426
LOC111114937,-1.94474002908257
LOC111114564,-3.4680575678057
LOC111126821,2.71214017643012
LOC111121929,1.32406253304744
LOC111104955,0.6877875896528
LOC111113348,0.0324459382074394
LOC111126057,0.577996490049381
LOC111136930,-0.518163963522547
LOC111121051,-0.95963340877766
LOC111129127,1.63244596592642
LOC111130059,0.174824649682198
LOC111127904,0.110928656900197
LOC111128812,-1.40537569520504
LOC111128733,0.149193046153718
LOC111112032,1.60907924222205
LOC111109640,0.102554037406426
LOC111105679,0.112718622179339
LOC111110180,-0.0598017698014633
LOC111137975,2.2292465577609
LOC111111659,-0.696072710259411
LOC111108814,0.0375894286189738
LOC111133372,-2.91344692670862
LOC111122099,0.414274015992259
LOC111124854,-0.215504056679375
LOC111128795,0.589681116983733
LOC111103926,-0.622689046395382
LOC111118920,-2.0743416927058
LOC111118921,0.0406188749640946
LOC111118923,-0.0439172292856132
LOC111101941,0.919034093807007
LOC111126802,0.283573254138322
LOC111105183,2.07321199608789
LOC111104234,0.79702217142511
LOC111136394,-0.868280470608608
LOC111109879,-0.318671452913047
LOC111137258,0.194444741712908
LOC111109666,0.277242998557667
LOC111108589,-1.93316212010866
LOC111119086,0.439552841977275
LOC111136429,1.10978411691104
LOC111135610,-0.708294352699103
LOC111133669,0.116807794280113
LOC111137282,-0.201018615256524
LOC111113342,0.861602585984638
LOC111102891,-0.547944039321909
LOC111138142,1.21450195934713
LOC111107170,0.568226554951864
LOC111107171,0.0229277507464505
LOC111126733,-0.819083581750128
LOC111112675,1.79060783904154
LOC111109963,0.31060530236201
LOC111122272,-0.106524110151317
LOC111120747,3.78142810097772
LOC111129185,0.299450415863298
LOC111122222,0.255234999836354
LOC111112585,-5.31049595169045
LOC111111745,0.244660012553972
LOC111123006,-0.321611391683999
LOC111120976,2.57402368130137
LOC111125573,0.997566118355298
LOC111123642,0.337588496910831
LOC111138125,-1.53868910661424
LOC111127225,-3.81140132567463
LOC111127481,0.102517107696613
LOC111122443,0.375464844287158
LOC111120815,0.968077896633227
LOC111106151,-0.801551318944586
LOC111136785,2.9707058658299
LOC111135655,-0.155964383253047
LOC111106994,1.57506129425882
LOC111111325,-2.74028946467601
LOC111108339,1.94871427062996
LOC111109713,-1.29784208393638
LOC111130481,-0.0751410971455665
LOC111120807,0.895654285192063
LOC111122677,-1.06057152885614
LOC111127645,1.54005381487778
LOC111111329,0.605834474051501
LOC111126203,-0.441029578475349
LOC111118582,0.97056320646009
LOC111131563,2.30351535170094
LOC111108771,0.41863469494779
LOC111121148,-2.44866426012895
LOC111134177,-0.145841905286984
LOC111133542,-1.12865308714383
LOC111136364,-0.0192546446907792
LOC111116641,0.378318649885945
LOC111123822,-0.0447325041696839
LOC111105592,-0.413086504536059
LOC111119143,0.837485731506406
LOC111114812,1.5662984110214
LOC111117537,1.42307037076575
LOC111111117,1.41626865504206
LOC111125655,0.172844890684036
LOC111106596,0.66078395128344
LOC111114901,-6.84618526842747
LOC111137905,-0.0338765593689613
LOC111109621,-0.897107613159666
LOC111127971,0.768197485614082
LOC111112414,1.3628936747794
LOC111123426,0.112042753219943
LOC111122318,-1.11985477411179
LOC111125979,-0.0165474244310595
LOC111125076,1.2487891121966
LOC111125062,-4.48267190384287
LOC111102688,0.597835023130745
LOC111136302,-0.0667053957183245
LOC111118479,1.5518129912552
LOC111133113,-0.71080053112712
LOC111125333,-5.07090159839869
LOC111132089,0.87160280479792
LOC111127465,-1.44758557941983
LOC111111680,1.02141862322733
LOC111132956,-1.37288178501963
LOC111129466,-8.41982601473277
LOC111121640,0.309916196816427
LOC111137201,3.70392213407045
LOC111129440,-0.675769690788269
LOC111126483,0.178403082496783
LOC111109688,0.781943289951435
LOC111114835,-0.718597832436883
LOC111136609,-0.520441596251158
LOC111108646,1.37203663513532
LOC111117404,-0.360959403027408
LOC111135998,-0.126046627646728
LOC111109103,-1.20891577760771
LOC111136813,0.133868280706953
LOC111134270,-0.442803241710228
LOC111138249,0.836499336177008
LOC111129468,0.0878114463532828
LOC111101443,0.431027118103143
LOC111134978,-1.36861374374628
LOC111122726,-0.785952535418102
LOC111135111,0.443367889666366
LOC111123907,-1.96677685740162
LOC111133390,2.43914484473272
LOC111101017,-0.0207016303689756
LOC111115670,-0.175919761758637
LOC111112867,-0.260511862454594
LOC111101268,1.12742813232138
LOC111132189,-0.392168211354594
LOC111123636,0.231403434234004
LOC111127516,-0.447567533851683
LOC111135916,-3.31330806134303
LOC111123338,-0.333621882263948
LOC111121004,-5.38333349347373
LOC111110277,-0.107177132007451
LOC111122327,-0.0972941320216246
LOC111127042,-0.335195935804086
LOC111129413,-8.13986498202998
LOC111124581,-0.662854212205143
LOC111128160,-0.0339287595312848
LOC111137629,0.238529272017741
LOC111110256,0.727245655072085
LOC111104268,-2.19915581797374
LOC111120596,0.227133756445002
LOC111110448,0.0539179712545101
LOC111135564,-0.830712373024136
LOC111129899,-0.209740521673834
LOC111126302,-1.31599527494203
LOC111130592,-0.147758648541396
LOC111124799,-1.19446538067109
LOC111100825,-0.143631702074012
LOC111099483,2.59340297056762
LOC111121370,0.556362997994654
LOC111130894,-3.64559054558821
LOC111122305,-0.792095967312584
LOC111119513,0.398815182198774
LOC111113262,0.766848553693393
LOC111123985,-0.856643003066975
LOC111135282,-0.393693216058423
LOC111105687,0.112716850053029
LOC111100382,2.87588571422026
LOC111128598,0.640019739797622
LOC111113100,0.403247312180313
LOC111124036,0.0902769915399149
LOC111113388,-1.14330687636504
LOC111113093,0.348419955449212
LOC111133742,-0.247135981434306
LOC111125295,-0.098328340761594
LOC111136304,-0.53570839917415
LOC111121080,0.321939405182728
LOC111124632,-1.15621987061844
LOC111112119,6.0801341411373
LOC111118357,0.85205780297626
LOC111104128,-0.0705803084809082
LOC111131691,7.05908372681047
LOC111136545,-0.0301622738329495
LOC111116268,1.22820176391782
LOC111115368,-1.30165811579758
LOC111114494,0.322680651388979
LOC111104006,4.93567483717452
LOC111115738,0.153527211318948
LOC111110984,12.1864106553676
LOC111132349,1.45200442965789
LOC111122889,0.27841276506537
LOC111106617,-0.252149624638393
LOC111120927,0.153953265841804
LOC111113260,-0.104797737661254
LOC111110678,-0.0080405228733006
LOC111114713,0.284974958652442
LOC111136615,-0.412492216682785
LOC111135867,-0.089831556130327
LOC111123744,0.79815025806271
LOC111115133,1.29592762955328
LOC111122627,1.03407763621686
LOC111121991,-0.407889363915906
LOC111102114,2.01612540153332
LOC111131442,-0.178883218052516
LOC111116043,-0.395925347160937
LOC111124549,2.38155387607101
LOC111128376,-0.19499704198984
LOC111109178,0.0169419149411777
LOC111108080,-3.37406485369545
LOC111116360,0.0236998263417197
LOC111119633,0.564361369732751
LOC111111824,0.459552742990881
LOC111131866,-0.615955165650496
LOC111130870,0.960346961230014
LOC111134223,-0.118416087704055
LOC111136408,-0.58379503173429
LOC111111839,-0.253812584968802
LOC111124279,0.182718486811176
LOC111121854,0.0574595739101225
LOC111128952,-1.44233054606779
LOC111122036,-0.511218879758405
LOC111115452,0.901671884295261
LOC111105945,-0.221118253096115
LOC111114023,0.257301105868611
LOC111114022,-0.00128321705796953
LOC111134185,-0.642260717102572
LOC111119990,-0.711749498748583
LOC111119535,-0.975847250577223
LOC111135149,-0.723111609825875
LOC111133378,-1.3666315509056
LOC111111249,0.463034676526925
LOC111107345,0.227617376945979
LOC111133637,-0.288364260058992
LOC111123936,-0.240389674529322
LOC111099496,0.804751243007031
LOC111101841,0.385982841137421
LOC111101388,-0.342631354669372
LOC111100784,0.78155944988561
LOC111100042,0.24538949967403
LOC111107686,-7.02326152288148
LOC111133393,-0.317272295297008
LOC111118553,-1.72978015927993
LOC111127364,2.84323769452611
LOC111103364,-2.2692582197606
LOC111109893,-1.00360718655873
LOC111116216,-0.587072687172674
LOC111121239,0.937312221219771
LOC111127028,0.100155148579163
LOC111125643,-0.301934579656323
LOC111110076,-0.0161434083798555
LOC111106695,-0.10990569397264
LOC111112068,1.30540174085106
LOC111100857,0.431121053247281
LOC111137802,1.09235079154122
LOC111137300,0.63200994112103
LOC111133853,2.25207759006099
LOC111137585,-0.739511836066351
LOC111131714,0.0639756990781645
LOC111131715,-1.78518214300434
LOC111130900,0.533960758310665
LOC111130901,-0.609257105935278
LOC111119321,-1.23964685282532
LOC111110886,2.27767908395445
LOC111126020,-0.895832494266676
LOC111112440,-0.437497332720363
LOC111129515,-0.027893191849898
LOC111136816,-0.453592311902346
LOC111138106,-0.185306851456256
LOC111121096,-1.25750715366587
LOC111130918,-3.08682406699629
LOC111116449,7.10384730416871
LOC111122828,1.64547619422377
LOC111133731,-2.3971415240217
LOC111103436,1.79174887181312
LOC111133969,-0.712259610245927
LOC111112161,1.15515470095386
LOC111103802,1.15494553912462
LOC111133554,0.185190682553928
LOC111122049,0.205584995930736
LOC111123190,3.78307291172693
LOC111100031,-0.689131669009305
LOC111127652,-0.437840013219742
LOC111102373,-0.868393891851854
LOC111102248,0.222137077000101
LOC111118262,-0.0630927406582483
LOC111117426,-1.11696587118031
LOC111135748,-3.76159128912994
LOC111131741,2.88391594159159
LOC111117304,-0.0837619211023863
LOC111123469,-0.183473134916237
LOC111136832,-3.25443354663277
LOC111134613,0.500394352993889
LOC111113172,-0.0217521903298833
LOC111107675,0.105890305736337
LOC111099136,0.733547477029373
LOC111122042,-0.481132327209955
LOC111124882,0.131772867051924
LOC111102816,0.289984388715341
LOC111101493,-0.00227190515458979
LOC111108560,-0.903827769390863
LOC111127590,-0.244095643607645
LOC111115153,-0.391355230373795
LOC111116698,-0.216744840799255
LOC111114601,-0.522391511874251
LOC111129169,0.583576169654114
LOC111138511,2.49365404675617
LOC111138499,0.167833597051315
LOC111099112,-2.94977463344807
LOC111134324,0.474892379871534
LOC111134560,-0.842794273773082
LOC111124375,0.0699667205843256
LOC111118717,-0.363038200925589
LOC111099904,0.962556098304602
LOC111111514,-0.292063902143543
LOC111106782,3.22078849652405
LOC111120423,0.0926576056938876
LOC111108124,-1.79196065198528
LOC111137589,-0.44595581913333
LOC111124052,0.107525938051945
LOC111123306,0.184627089019595
LOC111123536,-0.632776213825315
LOC111105462,-1.28642820900402
LOC111119460,1.3415856152918
LOC111110261,0.786419566902003
LOC111127564,3.12270824254787
LOC111133988,-0.767428457917882
LOC111122745,-0.34899155215306
LOC111127791,0.692776051915729
LOC111135380,0.674232156646979
LOC111120624,0.245234216500607
LOC111137903,-1.13115829153289
LOC111117065,0.0911735953985465
LOC111136674,0.491888141403058
LOC111126473,-1.54911175174346
LOC111111248,0.747816806502094
LOC111126194,0.251675826104546
LOC111111852,-0.70476214553344
LOC111133967,-1.71027257005547
LOC111125940,1.02693779177262
LOC111105773,-1.39819460090992
LOC111118271,-0.245557752356032
LOC111106969,1.16119399921838
LOC111106890,0.697488190141686
LOC111118368,-0.0854541425090274
LOC111103602,-1.12394755965578
LOC111118583,-0.144151519172675
LOC111103028,-0.042005637485518
LOC111099835,-0.0446426315084868
LOC111120606,-0.697389320608808
LOC111099713,-0.604168764767272
LOC111106790,0.0664786443487039
LOC111106791,-0.418672434448288
LOC111110750,-0.53191973704927
LOC111120808,-1.28297622694024
LOC111113223,0.709938749576715
LOC111124919,0.382007672534955
LOC111110508,-0.311253245718487
LOC111136919,0.405584972558652
LOC111119684,0.827615821196929
LOC111112765,-0.519255109347628
LOC111112270,-1.21738980751524
LOC111121404,0.198225124322904
LOC111119884,1.5070351571871
LOC111102824,-0.190771779058998
LOC111113381,-0.562472083181806
LOC111133829,-0.743543473738102
LOC111128092,-0.292020051285442
LOC111122731,-2.75090896569164
LOC111114442,2.56521099466347
LOC111119226,-0.889479371824778
LOC111101751,2.70885448373823
LOC111120491,-0.255529716057145
LOC111126391,-0.00404039723645191
LOC111130923,-0.00884824942001432
LOC111135782,-0.136115062669702
LOC111111884,-0.309876388402331
LOC111124957,-0.309259352861403
LOC111121236,-1.13967053351044
LOC111106376,0.137993341165965
LOC111133154,-0.21865562939552
LOC111132931,-0.0540509249818067
LOC111136085,0.166419344966173
LOC111134730,0.363443688395695
LOC111125255,0.355235890985951
LOC111130298,-0.0623531099937178
LOC111127365,-0.833842122318546
LOC111125186,0.54975635994475
LOC111115917,-0.786227643871224
LOC111129624,-7.23377527237408
LOC111113574,-0.0925614462345903
LOC111133449,-0.344920537985471
LOC111121262,0.0866010672561396
LOC111121644,5.14695787290035
LOC111124762,0.430467193318718
LOC111101286,-0.535702160888296
LOC111110605,-0.266431191164344
LOC111105643,0.996354202065967
LOC111125717,0.405131237438013
LOC111135931,0.430495842879175
LOC111137106,-0.395095461075121
LOC111128106,0.0873807357094216
LOC111109440,0.87159522573069
LOC111128723,-0.300091585573693
LOC111137477,0.35453891337176
LOC111123106,-0.927708934351968
LOC111109546,0.21321673796421
LOC111125398,-0.690294748710125
LOC111117498,2.15983424027112
LOC111121119,0.0181603362628478
LOC111109656,-0.109151591969961
LOC111107656,-2.85895392072137
LOC111136610,-0.0728866829915701
LOC111120049,-0.197896156282708
LOC111099179,1.13382514523281
LOC111133430,-0.460238748378209
LOC111123012,0.301989572657741
LOC111125527,2.22762115185659
LOC111106050,0.23167827989773
LOC111105794,0.96736975476534
LOC111128258,-0.825016214775534
LOC111135436,-0.365517424034943
LOC111114488,0.00627586864262796
LOC111111425,-0.669383881890422
LOC111136412,-0.520768896761968
LOC111109431,-1.74692069748678
LOC111134999,0.75809330805988
LOC111121020,0.235276785200248
LOC111126428,-0.232883074477338
LOC111124538,-0.0238033354030594
LOC111127749,-0.00752786653311935
LOC111106205,0.840298724564758
LOC111137287,-0.861511844283612
LOC111121659,-0.247967815372003
LOC111120891,-4.04480004841078
LOC111108015,-0.449176581155905
LOC111120129,-2.4730112332175
LOC111108695,0.18032909798241
LOC111126558,-0.156132170894719
LOC111125485,-1.3199505351212
LOC111118442,-0.966000614131027
LOC111133286,0.00215454510712982
LOC111117802,-0.355253874528226
LOC111129033,1.84590646188034
LOC111129501,2.61948571650504
LOC111134754,-0.107017442903352
LOC111125415,-0.810193285084532
LOC111109389,-0.171487286270376
LOC111109553,-0.312252091918147
LOC111109973,0.450998427803468
LOC111118335,0.558790658017303
LOC111118128,1.73394989561667
LOC111127151,0.00860672057104814
LOC111132820,-0.332975460647265
LOC111125847,0.338619250527707
LOC111122274,0.538534298046711
LOC111127439,0.0770322795819451
LOC111127262,-0.253762914783845
LOC111110661,0.138370342801856
LOC111111344,1.68806089406611
LOC111135747,-0.00132107727592806
LOC111114623,-1.19870505480126
LOC111135178,0.211983757946071
LOC111106372,0.34363197749147
LOC111101013,-0.170398387181072
LOC111123128,-4.01226790150725
LOC111106527,-0.429682879648205
LOC111100061,-0.981681247507999
LOC111123481,0.0479340130888462
LOC111111596,-1.49379146833632
LOC111114895,1.66740745381119
LOC111101091,0.695538777373157
LOC111102465,-0.438753280520826
LOC111119374,-1.38427483476734
LOC111125858,0.0240671411253479
LOC111126694,0.393419221550923
LOC111115943,-4.90774863995157
LOC111122611,-1.14666737206862
LOC111121758,0.475777942746908
LOC111133722,1.28192054379086
LOC111132875,-1.20838877134958
LOC111130777,0.514489362630777
LOC111100263,2.91188489001225
LOC111107132,0.39577841041409
LOC111125727,0.622648163487927
LOC111126411,-0.140311154565047
LOC111125588,-20.7442014831857
LOC111134722,1.6842271809757
LOC111111517,-0.865420532320353
LOC111136945,-0.834377460909759
LOC111128121,-0.00888429670750157
LOC111135097,1.70275235774009
LOC111112657,-1.22267953217984
LOC111117305,5.34124268525743
LOC111118031,-0.398406923114471
LOC111126511,0.370282418913752
LOC111125930,-0.330499213171992
LOC111102276,-0.934318594987601
LOC111123283,-1.07180867091959
LOC111128037,1.16185246361502
LOC111134428,0.487903990950801
LOC111132877,0.658871543222341
LOC111103438,0.0486985732549934
LOC111101817,-1.49397140950946
LOC111121807,0.693444637950745
LOC111118417,1.66598625609094
LOC111131068,-0.391405319305901
LOC111108395,-6.14409593909659
LOC111126034,2.40981516851144
LOC111126443,-0.0918458031714956
LOC111137203,0.776457108323766
LOC111121306,-0.853943047774253
LOC111129222,0.808630438739354
LOC111130985,-0.399101365780982
LOC111099690,-3.30258433209543
LOC111118891,-1.38863980916134
LOC111118452,0.528182336882778
LOC111128355,-0.426901234426417
LOC111138324,0.0505417038043039
LOC111105988,0.135745712593476
LOC111124467,2.92087358954439
LOC111115042,0.440187011002894
LOC111134971,1.66272822483014
LOC111137175,0.304094124510051
LOC111108600,0.0850902417913152
LOC111120906,-2.36989409992965
LOC111111543,0.128612655163271
LOC111122045,0.0865359029507089
LOC111102277,-1.5288790100479
LOC111107795,7.58841579608832
LOC111133885,0.889243160711032
LOC111121755,1.87116100286408
LOC111117766,-0.879218087130808
LOC111114675,0.255550914970955
LOC111135049,-1.80588269286536
LOC111121775,-0.25409706163831
LOC111101603,0.207759065006747
LOC111117652,1.11848002204871
LOC111107373,-1.50232399125267
LOC111122979,-1.09554469990697
LOC111113572,0.0828523727946018
LOC111128971,4.08119695077797
LOC111108477,0.254043973296087
LOC111104756,-3.09310742488172
LOC111115619,0.783494293583407
LOC111126968,-0.315461050634087
LOC111125314,0.250193124339867
LOC111133740,0.104056269021374
LOC111122972,-0.321237732645159
LOC111129405,-1.48484194739813
LOC111132079,-0.192343216380042
LOC111099502,-0.822304398623636
LOC111123305,-0.231628025973876
LOC111111059,-0.289416761251993
LOC111135340,0.976150703476715
LOC111130884,1.24748681412986
LOC111136310,-0.0486501850674163
LOC111137977,0.272266056801822
LOC111114747,1.10610979235156
LOC111114534,0.0458903203361076
LOC111102509,0.570118923315271
LOC111133993,0.427738139022095
LOC111116971,3.4744179756531
LOC111106209,0.254626976774063
LOC111101415,-0.462644831491982
LOC111108304,-0.812879154819367
LOC111125264,0.623713361313058
LOC111122216,-0.942869888578074
LOC111100790,1.85671974776413
LOC111136723,-0.316877771740543
LOC111104028,-2.14651108093355
LOC111137276,0.908183018795725
LOC111134012,0.0754355489818891
LOC111114531,0.392090778686535
LOC111133929,-0.0694494610995688
LOC111122616,-0.0241000294588493
LOC111113057,-0.398398953271959
LOC111137104,-0.472808141067215
LOC111131262,0.343040984548725
LOC111107032,0.469918764223886
LOC111124666,9.26238760668503
LOC111135961,-0.921734905989664
LOC111110909,1.28999129003705
LOC111113576,0.0734774224184876
LOC111116867,-0.988806561319256
LOC111127953,-0.370497120468831
LOC111114900,0.286910175791661
LOC111119284,-1.17499536716519
LOC111102830,3.18056045379064
LOC111101440,0.0871278121035811
LOC111115079,-0.144126761119565
LOC111132850,0.393448997418875
LOC111102353,-0.332093958499164
LOC111124697,-0.255289947671828
LOC111100244,0.426883789217909
LOC111135462,2.73232722968416
LOC111125311,-3.34817644626499
LOC111133781,-0.0718505141526831
LOC111112358,0.325340579663207
LOC111117328,-0.0983507248095167
LOC111129118,0.82849356564242
LOC111132220,-0.206250429523845
LOC111137045,-0.0234331811745186
LOC111104324,0.236924661024739
LOC111132308,0.0204195473503916
LOC111103815,-1.59072158700282
LOC111126467,0.661915354707872
LOC111126340,-0.246987084740881
LOC111136197,-0.0547116812811272
LOC111120670,-0.139528059058436
LOC111129648,3.2009339367589
LOC111130486,0.0351318670094674
LOC111124708,0.466865770943128
LOC111120285,0.935843490969691
LOC111111465,0.265666532782563
LOC111118338,-0.509869844936279
LOC111134142,-0.822545886912331
LOC111118939,2.64253252061064
LOC111102525,0.663406415346007
LOC111112711,0.245656932014703
LOC111126365,0.321041512858316
LOC111107883,-0.00775090035085923
LOC111106356,1.49018246967709
LOC111121005,-0.341303781922384
LOC111127109,2.32784414701628
LOC111129467,-0.0393311343467198
LOC111129157,0.799651060446749
LOC111102717,-0.348790182695317
LOC111126225,-0.228522094520004
LOC111118542,0.433195800469048
LOC111134717,-0.518756948503118
LOC111129814,-1.7519557087602
LOC111118231,0.63655386829016
LOC111119709,-0.0224996781322406
LOC111134320,0.275776077349724
LOC111126914,-5.92235522162758
LOC111101110,0.52385169424341
LOC111110103,0.0258589315065579
LOC111103331,-0.32793133847766
LOC111136159,0.830682443443366
LOC111100407,1.3117445811245
LOC111123017,-0.070649709742946
LOC111124486,-0.315664080799061
LOC111130349,0.758821222185321
LOC111122645,0.812503978118046
LOC111100186,-0.353693147448529
LOC111134766,1.12709487647973
LOC111122676,-0.408893298336026
LOC111122273,1.03860725752848
LOC111112100,1.03846219931529
LOC111109071,-0.0616735347101217
LOC111109403,0.0677236050655256
LOC111126757,0.857820326590907
LOC111136107,-1.15392057909724
LOC111129978,-0.337994542660703
LOC111132921,-0.158599431583276
LOC111106899,0.837452847241389
LOC111118324,0.17415407443395
LOC111132786,-0.0667298951161929
LOC111120312,0.073270974607813
LOC111111053,1.12890944687683
LOC111101194,-1.24755199527808
LOC111133839,0.109281653037498
LOC111126663,-0.0240419481001403
LOC111113592,-3.20519046955795
LOC111137930,-0.42565152854736
LOC111122043,-6.34906985546005
LOC111105890,-0.319111528835921
LOC111111122,0.800606216076927
LOC111099464,-2.09272351957091
LOC111137870,0.1436744488904
LOC111099739,-0.564902729306653
LOC111122068,1.53557026124484
LOC111120818,-0.695753071026964
LOC111103832,-0.0576611946766662
LOC111116201,-0.0937067522997232
LOC111134759,-0.293388046589315
LOC111106631,-1.21436271474391
LOC111136091,-0.799834046606475
LOC111130278,3.87227608694113
LOC111112799,-0.692702705917092
LOC111125932,2.10235159658813
LOC111136573,0.29683998478086
LOC111137047,0.554943601403652
LOC111124122,-1.73879930741703
LOC111119156,-1.31721693634971
LOC111120090,-0.0459285732905407
LOC111130545,-0.59533568602748
LOC111116481,-0.0535927551345225
LOC111116992,0.314338236051852
LOC111129704,-0.0478936151853497
LOC111124783,0.554121979676531
LOC111133231,0.0444417188031207
LOC111122674,0.26149278139805
LOC111107049,-0.521556826831628
LOC111132470,-0.466972376026732
LOC111121144,-0.664910483753095
LOC111124401,-0.0998733001582938
LOC111130187,-7.01492375921607
LOC111110804,-0.331148916512828
LOC111118408,0.279447706062665
LOC111118858,0.0684589277246553
LOC111137060,1.95556197274318
LOC111100212,-0.233636326604368
LOC111136651,0.228563304048608
LOC111115051,-2.74997137704148
LOC111115637,0.82388769580703
LOC111101526,1.00379972260799
LOC111119338,1.15452467924914
LOC111136683,-0.448494867257189
LOC111099090,-1.13791402051673
LOC111137558,1.17591326659261
LOC111135578,0.386593243981403
LOC111101678,0.547677415638837
LOC111131012,-0.312509560617847
LOC111103156,-1.01685579368223
LOC111108754,-1.71500716882719
LOC111125733,-0.0936946793723174
LOC111136943,0.210893321663616
LOC111120510,1.38707110716983
LOC111126335,1.29932662511537
LOC111118071,-1.33142052345127
LOC111112269,0.0775295202566149
LOC111107909,0.163485464120537
LOC111129419,-0.102039650799478
LOC111108074,-0.270763568446469
LOC111135897,1.47735862733035
LOC111123775,-1.40016021781855
LOC111111276,-0.524824692295789
LOC111129386,-1.30401929772408
LOC111100332,-0.696928277115352
LOC111125014,9.7882997422352
LOC111100619,-0.140317921031294
LOC111106011,1.52710314295739
LOC111125577,-1.39409313226915
LOC111132040,-0.319451504578667
LOC111130867,1.39849796340097
LOC111133422,0.294505595138744
LOC111135001,0.151238877824585
LOC111100991,1.37950101788215
LOC111130185,-0.290059295405259
LOC111104545,0.602220451893778
LOC111124502,0.162367971253375
LOC111113334,1.50904457842866
LOC111123972,0.545288214482758
LOC111100467,0.455343980226814
LOC111138458,-1.77292691823419
LOC111134225,-0.232203211322318
LOC111104056,-0.0773854905784674
LOC111135316,3.08617917397247
LOC111131235,0.439335063160936
LOC111128142,0.0472132157027068
LOC111109447,-0.758785000118591
LOC111118205,-0.398379872391848
LOC111107831,0.549682248294266
LOC111106982,-0.536809920514385
LOC111122107,0.601671225572909
LOC111107934,0.31399603522636
LOC111116716,-0.170840758969314
LOC111114521,0.793006669303642
LOC111124727,0.916950385958663
LOC111100179,0.0813694361901983
LOC111117071,-0.78633708485776
LOC111126871,0.051286141933681
LOC111106898,0.327164602562653
LOC111108726,2.598696696669
LOC111129813,1.50589136485735
LOC111137627,1.30016533614154
LOC111127871,0.624487345633249
LOC111102802,0.0327406032189195
LOC111123885,-0.72377564121828
LOC111137625,-1.53001832800189
LOC111130029,0.647805722043101
LOC111118053,-0.636066633478892
LOC111107085,-1.82008326256703
LOC111134979,0.327746280121722
LOC111115576,0.974854687478923
LOC111126563,-0.574298666133504
LOC111125765,0.916884646171636
LOC111100036,-1.0298193442296
LOC111125844,0.925507943791841
LOC111135478,-0.702083286164226
LOC111099582,-0.514078242690746
LOC111110538,0.351824283696851
LOC111136469,-0.297471780936898
LOC111115405,0.642679078270769
LOC111106539,0.171836995646553
LOC111118581,2.51950031343199
LOC111117550,0.188681582422277
LOC111103356,-0.763697640769539
LOC111123028,1.1960513795192
LOC111135032,-0.507410843653777
LOC111101769,-0.138456159206204
LOC111134736,-0.884594485007305
LOC111103515,4.72777510113168
LOC111117303,0.172938889047306
LOC111137314,0.224326591510675
LOC111119102,-0.759390428304639
LOC111109558,-0.705652950194846
LOC111118806,-0.0698509029564033
LOC111102671,-0.809662092712733
LOC111135611,-0.475678029529384
LOC111137734,-0.0904794290575479
LOC111126622,0.99958475792874
LOC111118255,-0.957898904440885
LOC111131060,-0.921858810510078
LOC111123918,0.168687392567282
LOC111128203,0.0873299643955073
LOC111122061,-0.0977883351974722
LOC111100949,-0.0190778502568773
LOC111115458,-0.936040555650651
LOC111117454,-0.346194770402957
LOC111100430,0.0559298671547879
LOC111118227,0.362362424836548
LOC111118446,-0.339143617890781
LOC111104252,0.561597709039825
LOC111104786,-0.383822653933921
LOC111128228,0.0586835542540223
LOC111129507,0.381282362638972
LOC111135712,1.38956918328885
LOC111107552,-0.969403220775415
LOC111129325,-0.0547058330108364
LOC111126368,0.190689650487569
LOC111136156,0.0904649319862255
LOC111099073,2.59532129051698
LOC111101632,-0.249314874044782
LOC111113783,-0.0117883078531098
LOC111106786,-0.0507534751999914
LOC111127131,-0.411165291340861
LOC111121284,0.068023278128659
LOC111136985,-0.489377073184736
LOC111136986,-0.783162044980836
LOC111105831,-0.954153694412031
LOC111109675,-0.315049518119408
LOC111133616,-0.734267072978176
LOC111125227,1.80357633889435
LOC111115296,0.349610697202217
LOC111133509,0.46510967876698
LOC111129131,-0.947019873399274
LOC111104059,-7.13948625594228
LOC111099796,0.0907135148971896
LOC111124016,3.66946805630138
LOC111128168,4.89453740143057
LOC111134247,-0.769550854569043
LOC111120660,-0.135323225424845
LOC111115061,-1.07001408605144
LOC111129194,0.238538219462546
LOC111111919,-0.256730341542843
LOC111120866,2.26598610408706
LOC111121875,-0.00304089147347412
LOC111130079,0.82167406350129
LOC111137921,0.0339205315269845
LOC111129285,-0.209833580507943
LOC111131538,-7.23157026875697
LOC111121344,-0.212636620690235
LOC111101630,-0.761545679207921
LOC111125787,0.320793222736316
LOC111115733,0.383471083116194
LOC111126834,-0.0198756066343406
LOC111113403,-1.963522844397
LOC111129666,2.56029654205304
LOC111113524,5.48792193330371
LOC111104435,-0.229195621462467
LOC111117953,-0.808323569083374
LOC111123368,-0.475111500821563
LOC111131107,-0.295594599058794
LOC111129882,7.33817683971672
LOC111099053,0.0468778019589124
LOC111135230,-2.07225237343446
LOC111108295,-0.0109490118398687
LOC111111192,0.305133974068008
LOC111138326,-0.623358089474765
LOC111099135,-0.252666685990755
LOC111104279,-0.185429627906951
LOC111116731,-0.310409609439484
LOC111110081,-0.649352024903024
LOC111112106,1.66757712716289
LOC111112604,0.951720102460713
LOC111119669,-0.233234612128697
LOC111122724,-0.803595808680528
LOC111103177,-2.5435850506714
LOC111111854,-1.30280157432818
LOC111133289,0.825636866826041
LOC111121380,-2.10922012947969
LOC111133652,-1.10290698372606
LOC111132873,2.54024635751352
LOC111117505,-0.950369729639651
LOC111115750,-0.0143641865788423
LOC111134872,-1.17776998077361
LOC111111799,-1.15187150972727
LOC111120069,0.449233214825724
LOC111107508,0.763420594075046
LOC111128859,-0.815185539636725
LOC111118101,-0.329973424934159
LOC111119118,-6.14758572687651
LOC111113301,0.238415183702002
LOC111112588,-1.22624970516554
LOC111138063,-8.24505407480769
LOC111129973,-1.8151098523452
LOC111126369,-0.353204614481967
LOC111111037,-0.743425719628226
LOC111136057,0.0128369095388961
LOC111133428,-1.93018631490321
LOC111126143,0.25051901791973
LOC111103200,-0.327562918723642
LOC111127731,0.204127708076055
LOC111124728,1.07972713716137
LOC111123933,0.327971827270482
LOC111120575,-2.66886736834411
LOC111117432,1.29376897214831
LOC111138489,-0.776784882431384
LOC111107997,-0.236355508855126
LOC111105512,0.392752990413211
LOC111136886,-0.580327028861721
LOC111112885,-0.34169900397779
LOC111134340,3.53010310307238
LOC111127025,-3.87078264084397
LOC111116637,0.178080102911379
LOC111135180,0.00175041441013978
LOC111125517,-0.427570563326816
LOC111137683,-0.143918750752695
LOC111112476,3.12451778989702
LOC111126478,-0.788261574685913
LOC111106288,-0.377863121510092
LOC111136360,0.834586846025022
LOC111138274,-0.120732763288271
LOC111119600,-1.40677078633997
LOC111115616,0.0358484420700289
Trnaa-ugc,-0.595777962354561
LOC111111314,-0.531137713635827
LOC111132216,-0.938288597284586
LOC111128338,0.552629182409081
LOC111131497,-0.269963513008529
LOC111134836,0.248429056125705
LOC111109740,-0.132267669333501
LOC111103659,-0.409739459833421
LOC111099061,-0.098753658405183
LOC111127541,2.01813159485548
LOC111118511,-1.1674204514308
LOC111108997,-0.0724568234594967
LOC111130470,-0.756311264395891
LOC111124427,0.418744128614903
LOC111131854,-0.535404804378147
LOC111115327,2.12347099236502
LOC111120139,1.39701421527022
LOC111111284,-0.159343067155879
LOC111138238,0.207481985651374
LOC111122539,0.195255679973186
LOC111107893,-0.994907792913135
LOC111104798,0.723877801645061
LOC111117664,0.353915343396035
LOC111101473,-0.0816065962675172
LOC111108133,-1.18573739143261
LOC111112085,-0.435313678764436
LOC111125123,-0.441656499111652
LOC111119842,1.84382581973198
LOC111113027,0.951307126909992
LOC111106299,1.8380139378895
LOC111133364,1.82343786464283
LOC111114897,-0.330400075009328
LOC111133179,-0.087483362783719
LOC111105760,0.197705298236797
LOC111136815,1.31220716033671
LOC111127800,-0.738941407574164
LOC111134707,-0.279493128563239
LOC111130699,1.74351000581201
LOC111135828,-0.511497957398023
LOC111126512,-0.428905217365386
LOC111103190,-1.07602124047485
LOC111136695,-1.4676816124432
LOC111134587,-0.481474693290929
LOC111130817,-2.06099299683111
LOC111114921,-0.298641475679339
LOC111106800,-0.962646054666032
LOC111112748,-0.258241268018107
LOC111107709,0.230087087643782
LOC111133408,-1.03366224644297
LOC111114243,0.00674615744517086
LOC111122604,-0.0517165825908589
LOC111112972,-1.2214031509527
LOC111136842,0.0946106293609439
LOC111126068,0.547889049219593
LOC111114850,1.01327701458375
LOC111138328,0.425355375826503
LOC111101870,0.077508439798064
LOC111117833,-0.0639505595391024
LOC111134139,1.63536261752272
LOC111131360,0.0709891747864651
LOC111109932,-0.150088886047715
LOC111115985,-0.133105732045257
LOC111113579,-0.695920781068126
LOC111127005,-0.553833081675681
LOC111104989,-0.0207848214459974
LOC111100327,0.486741156300331
LOC111120525,-1.60414955362984
LOC111136291,0.928897182402174
LOC111122601,0.949222434757914
LOC111119695,-0.0844590690218142
LOC111115725,0.852379655025747
LOC111138455,0.518914097766416
LOC111099642,0.213325041640151
LOC111101924,0.000149012533203046
LOC111137174,-2.35405482314013
LOC111120974,-0.123760792930901
LOC111125991,-4.11184353248754
LOC111137520,-2.43116979976198
LOC111100743,0.936772943259703
LOC111128149,0.781317808604997
LOC111110341,1.57517341421371
LOC111108766,3.55962055545856
LOC111111183,0.0436827795723044
LOC111120738,0.157205367076317
LOC111119617,-0.157450284390812
LOC111133492,12.3469517163594
LOC111103287,2.17843291521522
LOC111134699,0.445949518033237
LOC111124588,-2.09051722207701
LOC111134198,-3.08731027198191
LOC111119805,0.141831112955494
LOC111106801,-1.00398509309197
LOC111112774,0.188874960955969
LOC111102818,-0.328514497089812
LOC111116725,1.91435218065268
LOC111107815,0.0449534368238287
LOC111126729,0.144737679460445
LOC111121025,-0.470635189344366
LOC111126605,0.601230414224143
LOC111116381,0.180524551441368
LOC111128540,-0.261833603392504
LOC111124506,0.238654933847642
LOC111105758,-0.0674462390193179
LOC111131678,0.784038421439119
LOC111100254,-0.225456467318556
LOC111122805,-0.33397809951945
LOC111125707,-0.0159433458775981
LOC111138426,1.1863858153829
LOC111119592,-1.46522548916118
LOC111102634,0.121698528685084
LOC111136628,-1.10733704890485
LOC111104224,-0.884883147220039
LOC111111592,0.1926593793419
LOC111122919,-0.0509178484430636
LOC111128982,-0.522101362591589
LOC111123910,-0.544824768544507
LOC111126376,0.155308954177998
LOC111126620,-0.257009450982723
LOC111100143,-1.12736588776228
LOC111106235,0.117710122908832
LOC111129216,0.511713953487749
LOC111135158,0.462139952417951
LOC111125010,-0.360426497144039
LOC111124927,-0.664428054720854
LOC111105161,-0.454282375184929
LOC111118790,0.27081171623603
LOC111106469,0.217816680874855
LOC111117064,-0.634116556751218
LOC111108946,-0.529795573173634
LOC111123971,-2.73167772732333
LOC111119434,-0.37594888900122
LOC111100354,1.77720487627206
LOC111124695,-0.565066422349796
LOC111134473,-0.332651008441616
LOC111129568,-0.0568943592834713
LOC111102960,-0.541476453333792
LOC111103528,0.400767469579775
LOC111106459,0.120541276767316
LOC111106696,0.983137971142577
LOC111112622,-3.22079248509985
LOC111101724,0.413411242104251
LOC111128369,-1.18725953094871
LOC111133274,-0.674159230761425
LOC111133443,-0.399006639987877
LOC111135036,-0.745614627826561
LOC111133886,1.5106497870952
LOC111108070,0.0505180825736692
LOC111122148,-1.92678204031027
LOC111133104,-0.0963617890709315
LOC111117297,0.906057256544809
LOC111117138,0.573179620144545
LOC111104792,0.552784334020819
LOC111120502,0.159155367711695
LOC111119794,0.949498141475494
LOC111102798,-0.01520953054511
LOC111122109,-1.29189373142736
LOC111134097,-1.41032245788671
LOC111133046,-0.388888754534136
LOC111121376,0.364302064027052
LOC111117904,-5.08205064318189
LOC111110586,0.24832395380719
LOC111103163,-0.411355717061984
LOC111127475,-0.342673148362288
LOC111101800,-0.288048195020175
LOC111108559,-0.884809197414817
LOC111105680,0.404526564932418
LOC111113121,-0.33047187983644
LOC111110096,-0.0546484253362331
LOC111108664,0.252403602609547
LOC111111368,1.3300163943874
LOC111100742,0.19045394562085
LOC111123380,3.5307032877796
LOC111103376,-0.190949750136818
LOC111117959,-1.71965064780723
LOC111124450,0.324209055988739
LOC111117963,0.56306305051141
LOC111124021,-3.12960614900392
LOC111133389,0.945441687033923
LOC111107070,-0.261173333420932
LOC111130794,0.739279403925601
LOC111132691,-0.112277404216833
LOC111137198,-0.14908316581176
LOC111129776,0.141545583628164
LOC111126863,0.502859070681655
LOC111113546,1.17192368647235
LOC111112990,1.2101971939258
LOC111125302,-3.51442844899674
LOC111134706,1.31560640506663
LOC111130658,-0.172822593184763
LOC111104045,-0.048892004170264
LOC111117696,0.892957319699644
LOC111111269,0.806642601123576
LOC111116459,0.923047623474174
LOC111101818,0.935723890075303
LOC111126141,2.96988762221926
LOC111135826,0.063777607351913
LOC111129453,0.119968732756373
LOC111114882,-0.300810406259376
LOC111118398,-1.48685186775407
LOC111116813,-0.238171683358886
LOC111132859,-0.0723136943515168
LOC111112943,0.382658845231511
LOC111134076,-0.7446089780015
LOC111110751,-0.536075791741885
LOC111138048,-0.330259902925404
LOC111115758,-0.122828020192016
LOC111100515,1.44347334605083
LOC111109438,0.363845898803024
LOC111127147,0.00404830346252094
LOC111110214,-1.38342721588198
LOC111135736,0.628097742598421
LOC111125228,4.08257299790869
LOC111130000,1.22473476120552
LOC111111812,-0.415179676433642
LOC111112791,0.319515616997989
LOC111128195,-0.13712281596895
LOC111135401,-0.0137193516642722
LOC111127429,-0.047447428739035
LOC111100579,-0.272052457168609
LOC111123095,-0.773530539455158
LOC111106422,0.522997482587422
LOC111133900,1.05528632899902
LOC111108745,-0.592914697600984
LOC111099916,0.150153642143522
LOC111117421,-2.26971856931114
LOC111129294,0.903984978036735
LOC111116677,-1.92652428281103
LOC111120091,2.21603098853628
LOC111134058,-0.443686262720548
LOC111113407,-0.019070446908759
LOC111128994,-0.281025318072354
LOC111103268,-0.206521369774223
LOC111125007,0.0892776529078126
LOC111106559,0.0652868453590023
LOC111128593,-0.790373857142126
LOC111117219,-0.0516519658719105
LOC111112637,-1.00114804377903
LOC111104696,-1.33080449855555
LOC111100208,-1.62539538768421
LOC111112733,-1.04980283775963
LOC111106207,0.541105572079133
LOC111124314,0.0359691500534749
LOC111137925,-3.05495028114544
LOC111100424,2.1511662414609
LOC111134660,0.437424557690308
LOC111134941,1.31669889161772
LOC111121540,0.0414835920536547
LOC111136217,0.629085182494876
LOC111102584,0.889435718048271
LOC111103179,-0.00122956651570478
LOC111105240,-1.4280298622668
LOC111129490,0.303226014299602
LOC111123514,-0.541704523791945
LOC111107507,-0.323826664034167
LOC111134518,0.0807005417021164
LOC111103884,0.496713612547204
LOC111107938,-0.311997199180114
LOC111122011,0.606718713896822
LOC111129200,2.61615471758249
LOC111111019,-0.666789961219988
LOC111135753,-1.46800118936265
LOC111127779,-2.59731881620634
LOC111110445,-0.148129011296483
LOC111117740,0.434013539168872
LOC111110355,0.779110332646087
LOC111127065,-0.489717537640223
LOC111111553,-0.581600431426315
LOC111103305,-0.0725330855204241
LOC111130352,-0.276408979609296
LOC111101188,0.443465713138503
LOC111128267,-2.05041105328078
LOC111104677,-0.848949724658047
LOC111128222,0.996678951011541
LOC111124519,-0.165833174831511
LOC111136073,1.28192176093292
LOC111129947,2.82380196335034
LOC111110199,0.249549902805504
LOC111131597,0.193809948111995
LOC111123329,0.164124847530552
LOC111121168,-0.892079472337027
LOC111135161,-2.27469039918896
LOC111102258,-1.7908234077976
LOC111112548,1.6182068665464
LOC111102493,-0.0993859685690314
LOC111113768,0.319738088355333
LOC111134257,0.4436772132295
LOC111119287,0.146066213405963
LOC111130476,-0.18193911765727
LOC111100798,-4.93881561809956
LOC111136019,2.59270225073035
LOC111128535,-2.01828620484308
LOC111124804,1.4678140843096
LOC111122928,0.0425549427441997
LOC111121332,-1.63490788879117
LOC111101000,-0.97714794405096
LOC111131207,0.306818657077749
LOC111123348,-0.208062072263578
LOC111122018,0.98931968543189
LOC111121013,-0.955612350282034
LOC111120401,-0.30813490960231
LOC111104495,1.58488692239428
LOC111118892,-3.91086418867651
LOC111110541,-0.345262588017549
LOC111114060,-1.29260798689906
LOC111114933,0.72360555036746
LOC111110421,-0.393266702330417
LOC111122768,-0.604016744785091
LOC111124058,-1.06398698077709
LOC111135967,3.93167705389864
LOC111137008,0.577792452877977
LOC111138227,0.402215923717557
LOC111131152,1.2921743236128
LOC111129359,0.126250265448871
LOC111115520,0.507934656820509
LOC111118936,-0.202299524920648
LOC111110687,1.21832380698074
LOC111110980,0.851415322321153
LOC111100885,0.911741759930211
LOC111102147,-0.969426003131632
LOC111134232,0.13449338676359
LOC111101553,0.104503192688918
LOC111107134,-1.85660588755777
LOC111113321,1.17125077226283
LOC111136449,0.156721904361094
LOC111133219,0.813209233334943
LOC111124996,-0.2532646452053
LOC111117024,0.687224795989377
LOC111119408,-0.454919267032605
LOC111100883,0.933938330806344
LOC111118186,-0.266671986564261
LOC111134314,-1.43137437358031
LOC111136026,-0.273363741412466
LOC111126454,0.167776435370268
LOC111130074,0.383610774003758
LOC111130164,0.651400369447862
LOC111126416,0.197033298849977
LOC111128056,-1.09239528300459
LOC111105018,0.306682412899121
LOC111105743,0.246655686503076
LOC111103584,-0.0539425677755369
LOC111115303,-0.166135718081832
LOC111105293,0.173375764826092
LOC111112792,-0.326381379298578
LOC111126714,-0.387892684244395
LOC111105860,-0.540859957441663
LOC111103990,0.607697521073163
LOC111134189,0.0575833193379394
LOC111105832,-4.16559115879752
LOC111133506,-0.427679145127481
LOC111106561,0.0617090556581975
LOC111136793,-0.156457831332625
LOC111138163,-4.48944556280095
LOC111100043,0.390157707488684
LOC111114540,0.0312312495957505
LOC111121165,0.760072940886407
LOC111132571,0.237375606236583
LOC111133850,0.0442070569303052
LOC111125879,2.2513367502297
LOC111102608,-0.628090171438104
LOC111120573,-1.62790900841786
LOC111123152,-0.232443003749286
LOC111123767,1.02241935892931
LOC111119690,-2.14493757045456
LOC111132600,-0.291432782589319
LOC111102734,0.139173508250236
LOC111132029,0.0496517018218733
LOC111133711,-0.239057709963587
LOC111134640,-0.931001410983489
LOC111130760,-0.271819250998286
LOC111107756,0.0805984248503523
LOC111114994,-0.18585796863587
LOC111133555,0.789624450304686
LOC111121058,-0.532259393846386
LOC111127658,-0.228536499225103
LOC111109781,-0.538808702467089
LOC111099911,2.49635089484955
LOC111111380,0.795117242985108
LOC111129331,-1.37450257102637
LOC111112645,1.43113104360924
LOC111138292,-0.0541553535376374
LOC111110487,0.429737893774375
LOC111110676,0.684840120967423
LOC111117917,-1.46037236085746
LOC111106226,-0.799729562939119
LOC111102363,0.430597470331559
LOC111126814,-0.46938564943057
LOC111104272,0.155344744457684
LOC111124878,-0.659863951368159
LOC111106863,0.255558046304176
LOC111103771,-0.0542837540190631
LOC111134431,0.703865960642568
LOC111130504,-0.47336597427904
LOC111112108,1.07746759859915
LOC111105458,-0.825161684715682
LOC111100780,0.484222747815591
LOC111127723,-3.67686385645225
LOC111138357,-0.0462831373187756
LOC111115753,0.298637959258634
LOC111115569,-2.87237957609081
LOC111109437,-0.343910762087445
LOC111128734,-0.377355537074566
LOC111099756,-0.317855415582987
LOC111124544,0.734043896475299
LOC111128721,-0.505480730460526
LOC111119733,-0.108872337262501
LOC111109668,-0.0701360852420761
LOC111126614,-1.44357870887886
LOC111117237,0.109910673854541
LOC111109841,0.824182016063959
LOC111131799,0.77675814906486
LOC111124605,0.144133053891505
LOC111114225,3.12401913439341
LOC111122502,-0.827718970577678
LOC111099795,0.118197038013217
LOC111109690,0.452226490921562
LOC111135024,-0.00349115807402101
LOC111113887,3.67590918725536
LOC111136466,-1.5069210308951
LOC111113195,0.33879770116556
LOC111130021,-3.5364490430537
LOC111135556,-0.132089117253324
LOC111122390,0.356002827858069
LOC111123957,-1.19362848129747
LOC111134965,-1.0997506544196
LOC111128815,1.63209614755505
LOC111118537,-0.283043801349123
LOC111109705,0.0999786369195911
LOC111101160,0.101148102523658
LOC111121385,-0.199625074942175
LOC111124111,1.07323411813204
LOC111121546,0.485468473889618
LOC111112809,-0.553739492527195
LOC111111857,0.164263182359496
LOC111125773,1.80752697487099
LOC111134794,3.54328883246936
LOC111133078,-2.27846747306568
LOC111108128,0.868836810024254
LOC111122988,0.107769564276283
LOC111102965,-0.234095657427995
LOC111102061,0.49843970710021
LOC111133242,-0.683476693886842
LOC111136055,-0.430421848525599
LOC111112064,-7.84227017010676
LOC111137640,0.318027779542679
LOC111110846,-0.135521500802095
LOC111109950,1.02869085406335
LOC111123407,0.327314512963455
LOC111116713,-0.085227908823257
LOC111138290,-0.357872749139729
LOC111137761,-5.78036290122346
LOC111122661,-0.390617243056329
LOC111133127,-0.789125400761359
LOC111110554,-0.522754601409964
LOC111132395,-0.628227404612269
LOC111122023,-0.796161964865461
LOC111099059,0.242815018720819
LOC111121381,-0.719852186298547
LOC111134305,-2.6326838263002
LOC111130731,-0.0280216809615596
LOC111120158,0.295559290591148
LOC111131321,-1.19860152390417
LOC111100275,-0.0996274935645658
LOC111131651,0.113936717840728
LOC111130333,0.11281792562111
LOC111126678,0.559743173782416
LOC111125681,-1.30356019634435
LOC111121106,0.664897492712356
LOC111100309,0.251335409617796
LOC111118356,-0.0416248691634612
LOC111123289,-0.747473798848494
LOC111135683,0.167013784997059
LOC111130598,0.714137474487423
LOC111110339,-0.50467808361656
LOC111127370,-0.43503445645573
LOC111136629,-12.686270791162
LOC111125823,-0.224160202565828
LOC111138272,1.03712854153062
LOC111109623,0.0387164241042751
LOC111103013,0.739409714510464
LOC111100030,1.88944656059704
LOC111127350,-0.16340224684974
LOC111103912,-0.772717093762893
LOC111127170,1.97432022294236
LOC111118935,4.94443610645755
LOC111100859,0.261256294089862
LOC111108218,-0.252715571012668
LOC111127080,-1.09475624369902
LOC111134750,4.71582650788451
LOC111127565,1.25805563934315
LOC111101555,-0.186260145887249
LOC111127670,-0.633658860379798
LOC111138500,0.275938025105395
LOC111134275,0.740539465137849
LOC111121764,-0.174375562511841
LOC111124354,-0.288518893118484
LOC111137714,-0.281228550512393
LOC111122678,-0.359191165809017
LOC111134196,1.84156862298881
LOC111120667,0.200660950728508
LOC111130415,0.919637912199226
LOC111134608,-0.000882331517554868
LOC111130138,0.751165201632988
LOC111101502,1.17963912908453
LOC111132609,0.356961642016343
LOC111107113,0.30357406205453
LOC111118104,0.171767580529348
LOC111135021,-0.388289883961804
LOC111131705,-0.184854391734735
LOC111109945,0.102555101043879
LOC111106762,1.42121719539522
LOC111137846,-0.0593410541250821
LOC111109808,0.341286478926039
LOC111126350,0.0451380917032819
LOC111102785,0.128752119271857
LOC111104581,0.73532493560934
LOC111129374,0.987448184390223
LOC111122108,0.233012005220122
LOC111136592,-0.00124954652190201
LOC111130542,-0.443510257526366
LOC111109918,7.51942508102784
LOC111126003,0.772418710325051
LOC111100657,0.887529671221426
LOC111123748,-0.85120444167349
LOC111112012,0.216804664883438
LOC111111497,0.242328510415145
LOC111102299,-0.00123886992115727
LOC111113276,-1.37492943670303
LOC111112058,0.200130009374914
LOC111123652,-1.56744199899085
LOC111115356,-0.0282754137393144
LOC111104271,0.357527166279825
LOC111131112,-0.370778812829832
LOC111127462,1.11024159069199
LOC111133158,-0.053458401607767
LOC111131624,-0.347215156320714
LOC111101111,0.735667018707385
LOC111135006,1.00223634300599
LOC111102651,0.156851058411836
LOC111112703,0.571120953727453
LOC111105278,-0.492076423619731
LOC111123696,-0.633131812163777
LOC111103610,-1.68545338351946
LOC111108090,0.325634202985536
LOC111132549,0.911381056754898
LOC111122640,0.713868014442428
LOC111109545,-0.336890201096711
LOC111129295,-0.6445061509324
LOC111129356,0.337902570971135
LOC111126888,-0.260214272297425
LOC111107136,0.671111982539857
LOC111122285,0.194032109602728
LOC111119131,1.14229470617271
LOC111108618,-0.266177729974217
LOC111131831,0.389989891813146
LOC111115146,-1.93006325550398
LOC111127947,-1.35100221212978
LOC111121435,0.653952472519617
LOC111136750,0.0943475306994439
LOC111127582,0.803744291682949
LOC111137815,0.441804012401874
LOC111108682,1.10253666067044
LOC111125883,0.167116376228031
LOC111115875,-2.22724671215273
LOC111132784,0.38059284562329
LOC111130810,0.157540059559813
LOC111131405,-0.0908567538763377
LOC111121485,1.05929066061426
LOC111101540,-0.216691048037315
LOC111131361,-0.016506666174425
LOC111114750,5.47305641768378
LOC111128776,1.19511581692568
LOC111125101,-0.127042471253614
LOC111128332,-0.887913467548761
LOC111100983,0.418453848246752
LOC111117381,-0.176602658720093
LOC111110235,0.0674079143006049
LOC111112846,0.699755153218698
LOC111115792,-0.914370509072028
LOC111120432,0.51381474340034
LOC111133310,0.187960135367551
LOC111125382,-1.21202977024008
LOC111110223,1.25237792009829
LOC111120479,-0.00244488742635408
LOC111102964,0.0801606723394301
LOC111102505,-0.489645492439944
LOC111103090,1.1847023441591
LOC111137670,0.866368569189619
LOC111109676,-0.748073038937214
LOC111100570,0.508298515756431
LOC111128401,0.531801026817377
LOC111102585,1.19144376751152
LOC111127342,0.209111885075881
LOC111135548,-0.881624646742982
LOC111130004,-4.18588611502139
LOC111104448,-0.0970300811142395
LOC111113430,0.425846003166223
LOC111114426,0.888239935120696
LOC111126394,-0.0111608549026686
LOC111119413,0.621391299861626
LOC111126559,1.62550532879548
LOC111130027,0.193969128036856
LOC111119014,-0.00520305001369532
LOC111112503,-1.45896057034853
LOC111106607,-0.660961057626705
LOC111102747,-0.29835382652672
LOC111118490,1.049432746752
LOC111115403,1.13006327745595
LOC111117982,-3.64219712016195
LOC111102386,2.38251091869205
LOC111135890,2.78072318244857
LOC111110800,0.407408970605208
LOC111111598,-0.332582595636851
LOC111111802,-0.166099422145467
LOC111119893,-1.14350359645535
LOC111134579,0.132390245658256
LOC111130083,0.640837543797484
LOC111135127,0.1316628904489
LOC111124239,1.85495592654675
LOC111105231,-5.32317097011168
LOC111111185,-0.0887609060830207
LOC111117463,1.10836179523698
LOC111129165,2.48558447051182
LOC111124838,-4.21226986170418
LOC111102924,-0.700121790320065
LOC111102607,2.20705862216165
LOC111099595,1.36290331953437
LOC111127581,-0.688457885651018
LOC111134032,1.119890428805
LOC111134664,-0.452149059620784
LOC111102464,0.744157536753796
LOC111137250,-0.101160431958004
LOC111119405,-0.207224073983392
LOC111113263,1.43499783035389
LOC111135130,0.647191618247132
LOC111137259,-0.441255858877112
LOC111130373,-0.93495301975244
LOC111118023,-0.254286290856542
LOC111106669,-2.90817698109272
LOC111131384,0.196868842120956
LOC111131373,-1.60239739870713
LOC111104155,-2.30479423834492
LOC111115157,-0.297849438982768
LOC111119917,-3.3750670443082
LOC111137835,-1.60799150861009
LOC111107940,-0.0842775877461987
LOC111124694,-1.35996893875909
LOC111100032,-0.259335137031317
LOC111125449,1.4298551609097
LOC111134927,0.572795224140832
LOC111108760,0.414108916121697
LOC111117477,-1.03321683143178
LOC111119004,-0.715237570690034
LOC111137125,-16.3086040976592
LOC111109407,-0.173657597091318
LOC111121118,0.0879174644043383
LOC111107773,-0.550560714139549
LOC111129889,-0.0022414949477975
LOC111126651,3.03020611194744
LOC111112076,-2.74777804219647
LOC111115093,1.28035898667468
LOC111137551,-0.0542047060025196
LOC111107353,0.261036772030674
LOC111121329,1.1540794347269
LOC111126790,1.9963969302337
LOC111106641,0.179955991053535
LOC111128810,-0.472306283896695
LOC111130591,0.151099859166613
LOC111129156,0.164654165214076
LOC111103997,0.448684165800251
LOC111131839,-2.23648280225096
LOC111133486,-0.433549063962073
LOC111110403,-0.639921850287466
LOC111114769,-0.211505796630204
LOC111119498,-1.76344575459563
LOC111107163,-0.351256526069695
LOC111107347,-0.113001481288819
LOC111137029,0.328311517313167
LOC111136292,-0.00951302918713753
LOC111132203,1.48741362261801
LOC111133448,-0.0526814082464896
LOC111110152,-0.52823907052049
LOC111110941,1.24023095044949
LOC111114500,0.0856558983403435
LOC111130118,0.238583663745257
LOC111135304,-1.36402410125596
LOC111105575,0.824962744244311
LOC111126092,-1.29876785401117
LOC111120228,-0.174646861803798
LOC111103329,-3.25797413812736
LOC111134086,-0.974043179626076
LOC111128781,0.0469700495426925
LOC111101621,3.0841225918549
LOC111127885,0.0394425592115784
LOC111119941,-0.156284076306635
LOC111101307,-0.169403158481314
LOC111126460,1.50113999026892
LOC111115556,-0.121503093200672
LOC111118450,1.01829401375743
LOC111130562,0.34419262413724
LOC111123240,-0.203021628178784
LOC111116531,-1.23016356772697
LOC111128123,0.014810232242525
LOC111105220,-0.0125093830579755
LOC111110884,-0.117729677526794
LOC111112836,0.102259086374126
LOC111101173,-1.17578914724163
LOC111133395,-0.501039257853118
LOC111118714,8.17970977538707
LOC111108677,0.519075231482875
LOC111127889,0.327921750122283
LOC111116512,0.259960215081003
LOC111118730,0.303940337835765
LOC111108370,0.501418380121897
LOC111136707,0.390912074464105
LOC111124404,-0.207690188910869
LOC111126676,0.302493012653117
LOC111134524,-0.945289628145535
LOC111113622,1.24216938478704
LOC111106571,0.0567366155196077
LOC111099584,-1.74343608206829
LOC111102973,0.153005115837667
LOC111123676,1.17684880188245
LOC111122605,-0.366642610908477
LOC111118882,-0.443346626023151
LOC111102929,-2.85448889156873
LOC111131280,0.204229234107708
LOC111120697,0.158593006321965
LOC111136698,-0.336527297920115
LOC111112126,0.901210608599292
LOC111138039,1.70931106257273
LOC111105716,0.553629256707025
LOC111125630,-0.0012595708676887
LOC111136666,-0.751126748326424
LOC111135987,-0.127518273476266
LOC111113194,0.950979111006944
LOC111109530,0.312269516458015
LOC111118937,-2.69733584614203
LOC111130438,-0.313817901427488
LOC111117020,-9.98082288123778
LOC111124669,-0.146591049317807
LOC111120545,-0.914659781778816
LOC111135218,0.377463382132335
LOC111100185,0.337828075561825
LOC111111204,-0.453846712539105
LOC111103546,-0.537399794028738
LOC111134350,-0.353266212884529
LOC111128992,-1.16448971321591
LOC111124720,0.363926897421175
LOC111128219,-0.276815277677402
LOC111123512,5.90348779626396
LOC111128410,-0.809387565097927
LOC111137704,-0.311229381642082
LOC111104526,-0.0637464635001628
LOC111114019,-1.59813202281448
LOC111122843,-1.8794591004041
LOC111109680,4.27368752319883
LOC111106061,0.0253078831248276
LOC111127902,0.550352783859235
LOC111118817,-1.57295274022286
LOC111103763,0.000365281062392811
LOC111136829,-0.106262342186164
LOC111100445,0.0288959737233483
LOC111114006,-1.00138553127251
LOC111106871,-0.324874996528038
LOC111127728,4.47272716369949
LOC111108738,0.505872092766941
LOC111106650,0.654818773969692
LOC111129296,-1.40300218173319
LOC111132866,0.465781913940524
LOC111134894,1.09851921970981
LOC111125437,1.01998762432041
LOC111110311,5.85959638359525
LOC111135403,-4.99420890491807
LOC111132431,0.359011422837915
LOC111125726,-1.28403358597556
LOC111103941,-0.202392856284661
LOC111103931,1.06659248597382
LOC111101748,0.348246018712793
LOC111121937,-0.119164538536417
LOC111134081,-0.582312209690489
LOC111131676,-0.912674871837021
LOC111112758,-0.341167631050872
LOC111138502,-0.00116357462582649
LOC111100637,-0.507071276013865
LOC111121104,0.450641960602484
LOC111108277,0.526885545020667
LOC111111923,-1.50219575352864
LOC111134905,0.157813882452205
LOC111136638,-1.31746433438081
LOC111109592,0.269959066104541
LOC111133811,0.731505866549448
LOC111138333,-0.721202671684959
LOC111123827,0.253593662632087
LOC111133029,1.44777926403356
LOC111100918,-0.95849762026505
LOC111127874,-0.278458793510679
LOC111110097,0.185056704725868
LOC111136323,0.806795159701135
LOC111102729,0.132739308100018
LOC111135870,-0.965795125633612
LOC111109271,-0.180491594587843
LOC111106765,0.0177779642889359
LOC111106905,-0.254459591578373
LOC111118225,0.0501539790781083
LOC111133944,-1.39927264636176
LOC111135079,-0.57666669299374
LOC111121232,-1.17848555443815
LOC111122968,0.726066783463235
LOC111113511,0.197524416121299
LOC111116914,0.134160410392902
LOC111119982,1.35970893594714
LOC111132747,0.0466932401578547
LOC111131286,0.28782181065435
LOC111119843,0.835287626984635
LOC111114193,0.41237791149234
LOC111132033,0.00583789456519952
LOC111118142,-1.82857223715579
LOC111116428,-0.0541597081212895
LOC111121817,2.30508818073659
LOC111125074,-1.04629011836515
LOC111136322,-0.0342058795689971
LOC111111563,0.0532076168768491
LOC111111432,3.7809675298663
LOC111112649,0.257530200947941
LOC111121533,-0.584406470597736
LOC111120613,1.30659569559488
LOC111125117,1.53482238614802
LOC111136319,-0.605456118914626
LOC111115301,-2.99964201116755
LOC111123756,-0.243445373108677
LOC111106094,0.646582335223053
LOC111118772,-1.96209554857881
LOC111118832,0.495444499446433
LOC111100321,-2.97874324717668
LOC111136791,0.0609560596060853
LOC111114913,-0.500214949082096
LOC111106510,0.858877138946942
LOC111129495,4.0508849213405
LOC111121324,0.0550734563953759
LOC111110964,-0.169563821112836
LOC111122319,0.352554036181238
LOC111118713,-1.1885381683944
LOC111111545,1.12420297931435
LOC111113880,0.093057729859141
LOC111102992,-1.43311053753766
LOC111108408,0.0252157476164181
LOC111125287,-0.757973862154221
LOC111134382,-0.505286976747932
LOC111116434,0.207835889887937
LOC111110310,-0.190479614267057
LOC111127183,0.197858075895114
LOC111114482,1.48082724778409
LOC111109105,-0.285303972908494
LOC111129999,-2.80920142090854
LOC111114593,-1.74612385437364
LOC111126162,0.811275984585907
LOC111113198,-0.305437431563255
LOC111110038,-0.273489352845901
LOC111104494,-1.05611300038047
LOC111133384,-0.249092550030846
LOC111138345,-0.370644918373238
LOC111116484,0.912914692518971
LOC111135473,0.354691676470784
LOC111106219,-0.372078291892124
LOC111119841,0.268786674056731
LOC111115830,0.889271323149165
LOC111131641,0.651226609378877
LOC111101414,0.270929558296856
LOC111137348,-1.26121081792221
LOC111127012,0.641271756488273
LOC111117552,0.811566894563095
LOC111099138,-3.44039958927253
LOC111119181,-1.15099275660921
LOC111114624,-0.426602856628704
LOC111120123,-0.173175441814935
LOC111111461,-1.59074830255695
LOC111124809,1.11691226222629
LOC111107154,0.72456689876813
LOC111135091,0.0196572218360905
LOC111112620,-1.09693737672323
LOC111128384,1.55438163093866
LOC111128383,-0.389275729805426
LOC111112174,-0.00124308486698351
LOC111121072,4.06115425545053
LOC111102384,0.877569767922187
LOC111110755,-1.37509832689441
LOC111120577,-0.0653479097541652
LOC111114290,-0.239257560716917
LOC111122888,1.59187006484657
LOC111131707,-1.28066255367815
LOC111099459,-0.999540098989626
LOC111124928,-1.61519922563475
LOC111123131,0.321812051855218
LOC111124504,-0.0617887726378817
LOC111127007,0.523524134961606
LOC111108645,0.180581809124465
LOC111106378,-0.653193244330907
LOC111124563,0.00292443438585929
LOC111106903,-0.207077077257013
LOC111129862,1.15650041295469
LOC111113600,0.195438864954631
LOC111131013,0.777872803616883
LOC111129930,-0.0957930020391873
LOC111136581,-3.20578762083226
LOC111112947,-1.00361070981215
LOC111124547,-0.298774486297404
LOC111125328,-2.56368770082638
LOC111134195,0.172332832295319
LOC111130397,2.44969511870785
LOC111129372,0.608661401941295
LOC111108377,0.591136835852654
LOC111121052,0.0862884533182582
LOC111101105,0.231184682370597
LOC111113409,-1.32116697838236
LOC111118491,0.546506750907367
LOC111125262,0.299093264149785
LOC111138431,-0.144232185160165
LOC111112863,0.896956606179665
LOC111104995,-0.0440807636062515
LOC111114625,0.421799803805566
LOC111134083,1.46149166146801
LOC111110255,0.672430188304798
LOC111105059,0.0434500305623172
LOC111137735,5.88761058085328
LOC111111844,0.660552931368009
LOC111113279,1.19508580487068
LOC111128293,-1.20367789971616
LOC111121205,0.0218207541089917
LOC111099964,-0.00448018668868355
LOC111118913,-0.588885502795211
LOC111102014,-0.382719949825157
LOC111101474,-0.0937484040772659
LOC111106304,-0.423067001037322
LOC111127117,0.0391192371134855
LOC111107813,0.976671184433053
LOC111125947,0.99813435276255
LOC111117998,1.57341009030569
LOC111124626,0.901379337608982
LOC111108144,-0.388762585456133
LOC111120387,-2.13343895513874
LOC111136879,7.38904431807197
LOC111137699,-0.169907090411899
LOC111108043,-0.445944956943221
LOC111117013,-0.0794221504247718
LOC111101080,1.52284657547489
LOC111121137,-0.745395162726613
LOC111118458,0.300283357857655
LOC111135588,-5.29371633532284
LOC111123100,-0.565798205536704
LOC111108397,0.965677041720776
LOC111115505,0.262459745114961
LOC111133687,-2.57357512936777
LOC111136301,1.09824423555309
LOC111110569,0.630259938363289
LOC111100284,-0.175235876144729
LOC111138310,0.192620413865925
LOC111133750,2.70659240943593
LOC111121367,-0.411796161221282
LOC111126347,1.04418141268831
LOC111136431,-0.266747674842535
LOC111121330,0.472001645433975
LOC111121575,-0.0683164184856519
LOC111134436,3.13980979699656
LOC111105825,-0.00123562727237142
LOC111129446,-0.0550313524617346
LOC111105399,0.773435888724586
LOC111115087,-0.0773036863186224
LOC111134818,-0.542769798208974
LOC111109698,0.031646171064197
LOC111104803,0.647053448583792
LOC111125774,-0.328891720980497
LOC111105216,-3.461010852053
LOC111119099,0.20282040637027
LOC111103307,-0.345060178828841
LOC111110125,-1.37705657490441
LOC111132158,-0.698135320761612
LOC111134739,2.83427380563173
LOC111129712,-0.344371833196454
LOC111125122,0.25175852038647
LOC111099058,0.0738023461473723
LOC111123103,0.716314815325598
LOC111131309,-0.985415196581183
LOC111126682,-0.259833851674398
LOC111121224,0.234568853800413
LOC111124017,-1.9987752421264
LOC111105338,-0.53676037034568
LOC111132052,-0.984318523303091
LOC111114614,9.23535396949516
LOC111117758,-0.0980691277655909
LOC111137522,0.287671856858148
LOC111126686,0.0771626336627325
LOC111135654,-1.61660016055555
LOC111122208,0.0189468596169452
LOC111120645,-1.04270226131885
LOC111134862,-1.78277286424043
LOC111111162,-0.237344438706086
LOC111125243,-0.846740152390152
LOC111112628,1.01719833560474
LOC111122885,0.207461547355771
LOC111124900,0.320183466962346
LOC111125350,-0.15917686286645
LOC111127150,0.204233094038923
LOC111110923,-0.607904256481072
LOC111124560,-0.676077328040873
LOC111105211,-0.994352440397176
LOC111132625,-0.687130459057793
LOC111119326,-0.0699014489149377
LOC111136405,-0.951164982919122
LOC111131303,1.8175894827615
LOC111132114,-0.859384351017589
LOC111109350,-0.346889292574445
LOC111133582,-0.53578511017953
LOC111111674,1.26750960580999
LOC111120675,0.0515908731027554
LOC111120184,-0.900995522056621
LOC111132318,2.60683099635916
LOC111117806,-0.424465487050668
LOC111136111,1.02610478047087
LOC111137037,-4.42595365211966
LOC111124252,0.00694550000726543
LOC111107069,-3.84909716907504
LOC111123734,2.21499293971929
LOC111117159,0.568706294280525
LOC111102529,-0.603152256091241
LOC111136988,0.555455864191093
LOC111105589,-0.72611477906482
LOC111138188,-8.96632129077061
LOC111104140,-0.446833763461912
LOC111137274,-1.24457092868196
LOC111101997,-0.538822985226484
LOC111126597,-0.415269097700593
LOC111111606,0.0676962057567169
LOC111129313,-0.145436616614535
LOC111100633,-1.2767642679294
LOC111109863,-0.0768752307651232
LOC111133189,1.06651628995946
LOC111132060,0.452941842110511
LOC111119822,-1.93163842762856
LOC111128159,-0.164880428545726
LOC111136160,0.881335505860119
LOC111130657,0.235861760061614
LOC111129514,0.262262091573637
LOC111131775,-0.0710114328377731
LOC111100049,-1.86791057849308
LOC111130097,0.833176570442802
LOC111133050,2.26677398363875
LOC111122798,0.488811309333333
LOC111117367,0.274606842613968
LOC111123456,-0.889850907120786
LOC111125224,0.369281726872388
LOC111103445,1.02168144543429
LOC111131745,0.384564055858268
LOC111119576,-1.60022252695005
LOC111103560,0.640103499203981
LOC111137654,-0.0655124615981383
LOC111131579,-0.157725133626864
LOC111100129,3.64690987681173
LOC111116576,0.568859091465002
LOC111105899,0.859504878857996
LOC111136611,0.685456427920398
LOC111136456,0.872378570432486
LOC111099190,-0.0486511611285873
LOC111124196,0.854676055910369
LOC111116758,-0.118230995584608
LOC111124600,0.053353979139535
LOC111130842,-0.107719958453827
LOC111113197,1.2558816738788
LOC111119591,1.91059655310791
LOC111104521,1.29585543537092
LOC111113347,0.849213664294366
LOC111129418,0.0449013736968961
LOC111111632,-0.197179048072479
LOC111138215,-1.9162052971364
LOC111106502,0.885357904467785
LOC111107360,-0.0730284839325197
LOC111134146,-0.584567037047347
LOC111126043,-0.472855459104359
LOC111101587,0.579328982869058
LOC111112227,-0.297429649365341
LOC111134841,1.42123171172001
LOC111121456,-0.310350951497169
LOC111120540,0.0491864124776916
LOC111134864,-6.37132291704285
LOC111131011,1.3986204910084
LOC111108698,0.30208824030108
LOC111115754,-0.666106271692346
LOC111134865,0.254310497616065
LOC111118767,-3.16296805414389
LOC111111829,0.882917036884246
LOC111137194,-0.355929357172577
LOC111101966,-0.471398897709326
LOC111134162,0.806406016162829
LOC111120874,-1.12650807992491
LOC111121972,-2.01033166800397
LOC111105637,-0.30268508787095
LOC111106700,0.607127797679278
LOC111108061,-2.92802122164441
LOC111114112,-0.322851340705703
LOC111126907,0.242746759591215
LOC111138335,-0.185406059195505
LOC111107283,0.070874369066567
LOC111125319,0.861346677959549
LOC111136239,-0.697515978548354
LOC111131136,-0.249337454042213
LOC111122446,-0.568563793298914
LOC111121535,0.674753191848062
LOC111124650,-1.49958739426899
LOC111120252,-0.0428723418133255
LOC111117306,-0.0335376108822648
LOC111104463,2.81659779417719
LOC111126380,-0.926690084758354
LOC111111400,0.994516977816324
LOC111124863,-0.264322231885421
LOC111114866,0.0284879775472458
LOC111114760,1.38030787862693
LOC111128691,0.275401554720622
LOC111101400,-3.33048652150407
LOC111101230,2.92750960325393
LOC111111123,-0.0190531334636625
LOC111110326,-1.16901821151146
LOC111101448,3.02102667745826
LOC111113303,-0.119412285023687
LOC111135309,0.920557716419043
LOC111123272,0.214011020659768
LOC111111070,0.198263960774663
LOC111138338,0.166325094792447
LOC111114561,2.49837729635667
LOC111120623,-1.77472183985041
LOC111112993,-4.52678801986179
LOC111124295,0.0942135506631483
LOC111131140,1.27083857685518
LOC111107719,-0.0756081418656048
LOC111114394,-0.141732755496842
LOC111115498,0.273837917455757
LOC111119495,1.75661354964614
LOC111137063,0.49754329692245
LOC111122169,-0.404840038496526
LOC111115086,0.158526759446022
LOC111116966,-0.279983681886816
LOC111119125,-0.378030712470631
LOC111116071,0.371852161775707
LOC111126842,0.904130305069307
LOC111137123,0.532419780836156
LOC111118132,-1.92031866905656
LOC111120875,1.19308847630216
LOC111137765,0.0769182518319989
LOC111131539,-1.3777029342986
LOC111113288,0.476690999903845
LOC111130623,0.764513077972215
LOC111120273,-0.69302610861136
LOC111099737,4.61613099977609
LOC111107699,-0.388060734004989
LOC111130146,-0.2283377931487
LOC111135672,0.024222825299272
LOC111118051,1.14276601217292
LOC111111375,0.43937415491413
LOC111132105,-0.729079387433517
LOC111124411,0.415295779280576
LOC111110232,-0.749078413537557
LOC111116661,-1.16768060345268
LOC111129960,-0.848323209051908
LOC111129407,-0.0440752990490283
LOC111128680,0.215067308516484
LOC111103966,0.336535148693932
LOC111107844,0.371534606275456
LOC111121573,-1.40831363619093
LOC111119593,0.515772684148617
LOC111115896,0.692627811400232
LOC111112153,0.319969846331142
LOC111107536,0.898241919659517
LOC111133549,0.579486246719089
LOC111134819,0.191104160215162
LOC111135605,-0.0406246448802223
LOC111123960,-0.516838074779768
LOC111106210,0.296825961867798
LOC111116197,1.57710039470391
LOC111128305,-0.529570701197548
LOC111119567,0.022090966786306
LOC111103589,-3.37626773472032
LOC111130031,0.647797649715604
LOC111116041,-0.198097581924101
LOC111112211,-0.540046289481565
LOC111125402,0.457542486205768
LOC111123267,-1.43624223341604
LOC111122779,-1.16678933084289
LOC111118721,0.0249761564661996
LOC111105017,0.5882692103579
LOC111121421,-1.32493722536527
LOC111121070,0.614974980052485
LOC111120898,0.441406377748837
LOC111126433,-0.223199395331583
LOC111114573,-0.35612149174663
LOC111123965,0.804278981322512
LOC111119348,3.97814800874548
LOC111118049,-1.92544959556014
LOC111134980,0.20055887691219
LOC111127898,3.02037784300265
LOC111137483,-0.897411435414125
LOC111117611,0.104449351480156
LOC111130061,0.00268125004558187
LOC111118570,1.61840836047955
LOC111100594,0.0444562023174943
LOC111135030,1.33546847542348
LOC111115524,2.26634489155689
LOC111137187,0.137018757040559
LOC111126482,-1.18653583982021
LOC111110101,-0.298693567235361
LOC111107238,0.0461117101177399
LOC111111915,-0.0243310901008085
LOC111105333,0.65908599226668
LOC111122732,0.739317218314699
LOC111133499,-0.0122690433680488
LOC111135333,0.772849677806715
LOC111112745,-2.64034493674383
LOC111106570,1.62687630976894
LOC111099946,-0.059644958256573
LOC111101113,-0.10152302964656
LOC111134112,-1.08226814047093
LOC111106548,-2.54233977384223
LOC111106830,-0.0375521029364689
LOC111131409,-1.59962101729325
LOC111108663,-0.567311503624258
LOC111099068,-0.581796221322437
LOC111118406,-0.311392731398054
LOC111127343,-2.17297540414566
LOC111106387,-0.467772722181543
LOC111131519,-0.480052504048652
LOC111118137,-0.301852089111114
LOC111133228,-0.149546128647924
LOC111135263,0.225175879208581
LOC111101589,0.306708028085119
LOC111101588,-0.21221141859432
LOC111100817,-0.328877702192334
LOC111131756,-0.183009466178152
LOC111119360,-0.955414466819697
LOC111104747,-0.0352388693825786
LOC111112729,4.42169195383154
LOC111132304,-2.75388325961226
LOC111123214,0.490324934290553
LOC111130443,0.0673565135076415
LOC111135417,0.30785032608485
LOC111122588,-4.31751008605017
LOC111111254,1.56990867321477
LOC111125871,-1.2499627504969
LOC111137128,-0.305666894177006
LOC111136600,1.20412860042502
LOC111125135,-0.054636680463631
LOC111137529,0.485353116209548
LOC111118364,0.460026422849758
LOC111110153,0.488303735681023
LOC111113109,-0.303692912828851
LOC111114571,1.00288024266093
LOC111133719,2.06873145037815
LOC111133901,-0.650508763340341
LOC111105826,-0.248743410887087
LOC111119177,-1.38704174564353
LOC111124794,1.8996814306624
LOC111132912,-1.30964309414675
LOC111126211,-1.15813636956216
LOC111100344,-1.58598232245005
LOC111100396,0.178343235160521
LOC111107271,-0.384832365595373
LOC111120505,-5.56390637808292
LOC111128440,1.29448368611254
LOC111105990,0.0947076022174445
LOC111099849,-0.778571631359856
LOC111113261,1.56357180543045
LOC111137733,0.0364329403200999
LOC111121336,0.0378371819313284
LOC111113389,-0.660261184931427
LOC111105083,0.008651466759448
LOC111108901,-0.654524226487442
LOC111119629,-0.293554897522461
LOC111122044,-0.214175335722538
LOC111132978,-0.343603900265886
LOC111125831,0.183494528002617
LOC111114288,0.50293023110557
LOC111118787,-1.81038692750612
LOC111109061,-0.0809252588227301
LOC111133071,-0.242244109518063
LOC111138261,0.603975659980688
LOC111111165,-1.66154751715775
LOC111110006,2.56889228629681
LOC111127524,-0.231474739145598
LOC111136706,2.29141379476585
LOC111121133,0.618942955776929
LOC111138009,-0.264891504120508
LOC111110527,0.239547798291138
LOC111127222,-0.295153836989706
LOC111115633,0.0724339024853748
COX2,-4.877183771033
COX3,-0.394315795579996
LOC111117840,0.414135400490437
LOC111116776,0.746057148939069
LOC111128740,-0.153796504206805
LOC111102235,-0.177681181447542
LOC111137845,0.261089944466988
LOC111121171,0.0213615636176588
LOC111137993,-0.363235275629165
LOC111131285,1.23227793624738
LOC111130158,-0.396116546511814
LOC111134966,0.492936864750441
LOC111106538,0.394686697898324
LOC111135883,0.0964489535376066
LOC111108469,-0.291030832813413
LOC111133666,-0.0892607171726845
LOC111124963,-2.74222441655
LOC111102687,-0.355935342729446
LOC111137920,0.476833784012938
LOC111138478,0.247552291302935
LOC111135865,-5.93967406764772
LOC111132819,-5.12702829126076
LOC111109787,-0.0525525172775075
LOC111107672,0.787333059143348
LOC111103952,-0.247966763859279
LOC111106365,0.0104634767525905
LOC111126156,-3.38906354431248
LOC111125027,-1.19702416864711
LOC111100305,1.33950477290315
LOC111112435,0.197722288736218
LOC111102531,0.432620374206266
LOC111118340,1.171333105793
LOC111125763,-0.426191492784734
LOC111099789,0.930463624116737
LOC111110243,-0.123435850874009
LOC111112137,0.283112197962151
LOC111123538,-0.280340287234147
LOC111124989,-0.235140881989319
LOC111128279,0.807625101502168
LOC111104012,-1.68799017893303
LOC111133734,0.406807936620235
LOC111101062,-0.544486112785287
LOC111136479,-0.114850215633377
LOC111123786,0.285978049597178
LOC111135600,0.965535673571021
LOC111137281,0.807472462272887
LOC111109965,0.88962009961611
LOC111130062,-0.149601458689419
LOC111137816,-0.537746333525619
LOC111101902,-0.352097934395934
LOC111121185,0.00522099844515138
LOC111120305,0.648232614322903
LOC111137118,0.011444960910432
LOC111116965,-3.61734564407414
LOC111134573,-0.193608119141129
LOC111126088,0.0235280471381286
LOC111101527,0.520824434335485
LOC111100763,0.0837700379396853
LOC111127043,-1.93301461869302
LOC111129335,1.34250726143815
LOC111100846,1.01811104293125
LOC111103612,-1.97868048322194
LOC111135592,-0.723079197147427
LOC111127227,1.0467215517152
LOC111138244,0.213555030467763
LOC111117428,0.490216449478064
LOC111107901,0.994130817937636
LOC111126313,0.645892931509377
LOC111117318,-3.14258681107497
LOC111111624,-0.0996140300974355
LOC111136261,-0.615073013651682
LOC111127633,0.86600689204161
LOC111135301,0.470460991335817
LOC111109813,6.14179562788417
LOC111124445,-0.134705799887097
LOC111104781,0.281491879942703
LOC111107255,0.0112599025535474
LOC111107486,-0.0622823013558841
LOC111117716,-0.0929928899218888
LOC111125896,-18.6774359768758
LOC111114974,0.359406059704773
LOC111108399,-0.238026638460195
LOC111120229,-1.22477110498236
LOC111137667,-0.368165688836085
LOC111112499,0.0849877988158811
LOC111117323,0.0309936926079074
LOC111111153,0.371584136917966
LOC111136871,1.19671872172742
LOC111128290,-1.4000050578414
LOC111116761,-0.180710780893546
LOC111103624,-1.02348071244012
LOC111103625,-2.35826305422678
LOC111124755,0.73813859622176
LOC111134693,0.934657600927023
LOC111127802,0.742040550773458
LOC111109126,-0.546717845020872
LOC111110880,0.0878378411143912
LOC111101424,0.0931878330575118
LOC111131447,0.169245132924447
LOC111112338,1.3048420694354
LOC111121491,0.165956951292186
LOC111108050,0.0571019819981773
LOC111128606,-0.472582733821265
LOC111135238,1.93452358404972
LOC111106893,-0.365347616047072
LOC111136681,-0.805789491801682
LOC111129878,1.41439482578241
LOC111114430,1.65135464893362
LOC111126684,-0.628810587765205
LOC111126112,-0.736590623693556
LOC111118275,0.921718164482437
LOC111123757,0.537419969171438
LOC111119236,-0.471397860341772
LOC111136807,-1.13578352542469
LOC111126753,-0.247895919669415
LOC111125892,0.387838807761748
LOC111106902,0.0675449077464998
LOC111120031,0.13290140528149
LOC111131801,-2.73566631650966
LOC111138151,1.04725471267521
LOC111137713,-1.11048820220146
LOC111134642,-0.683397221497551
LOC111106332,-1.08409074059696
LOC111105629,-1.65004716631805
LOC111107237,-0.0979783913119332
LOC111128444,1.31486047188784
LOC111122000,-0.889330595037641
LOC111129620,-0.417627943483024
LOC111103700,5.28544951782588
LOC111122809,1.02283647638287
LOC111099729,0.992363197502125
LOC111118308,0.152051178000189
LOC111128808,0.582967697924511
LOC111135699,-1.16878739254474
LOC111100786,2.32883131570143
LOC111131316,-0.442629024046558
LOC111130662,0.218424384832435
LOC111115027,-1.5018432716007
LOC111101041,-1.31541559421244
LOC111110620,0.915031387447151
LOC111105693,-0.0335857682030216
LOC111108667,-1.21853553146023
LOC111120562,1.14581353067325
LOC111116220,-0.391539848170525
LOC111122550,1.16716852370392
LOC111117511,1.35883194347092
LOC111118604,0.629572797124922
LOC111128418,1.34195654545429
LOC111136515,-2.16695911878219
LOC111126707,-0.244852398011167
LOC111099500,0.379497614643785
LOC111121510,1.21099782097225
LOC111127257,-1.96041122081281
LOC111114313,-0.0296127883102672
LOC111115908,0.160766032599625
LOC111099565,0.584802832323225
LOC111131120,1.08818330470626
LOC111122901,-0.303816095045996
LOC111137333,0.35256945043831
LOC111121412,-1.14692428091956
LOC111103534,1.18499402980549
LOC111115400,-0.369183901765609
LOC111120013,0.766089167027454
LOC111131174,0.912191126933547
LOC111130001,0.513668927621587
LOC111102592,-0.246819195410631
LOC111105305,-0.00545431134861761
LOC111131389,1.48913046705646
LOC111100412,-0.15050745361648
LOC111120363,-0.531366089262876
LOC111130940,-1.31478912661008
LOC111117987,5.2897134421
LOC111112607,0.529421092020663
LOC111134878,-2.01777581800475
LOC111132745,0.296367136261738
LOC111101520,0.230891681061243
LOC111133918,0.409755867389914
LOC111124657,-0.371586719117004
LOC111130183,-2.16785293116097
LOC111114766,1.35770192067743
LOC111107408,1.23672037296275
LOC111130475,0.911460771823576
LOC111136343,-0.355208920321738
LOC111109265,0.183657137527376
LOC111112895,-0.164021065277188
LOC111108991,0.0656037311437919
LOC111122778,0.0692820579429553
LOC111116418,-0.375440188580978
LOC111101340,-0.00362851186965354
LOC111122301,-0.496365604506712
LOC111138242,0.176643652723178
LOC111134709,0.434910706918942
LOC111100391,2.20122078057304
LOC111117970,-1.38002264880321
LOC111124518,-0.589081920359303
LOC111100045,-1.75039551210195
LOC111114611,0.238542668552575
LOC111134264,-0.381402018359549
LOC111137034,0.324639972922039
LOC111136017,7.48150490542778
LOC111107135,-0.224132929729277
LOC111110297,-4.82144506582675
LOC111102494,0.190081061428188
LOC111138267,-1.08255802724973
LOC111138141,-2.37057806906839
LOC111132954,2.00342061581214
LOC111123409,0.45764719418387
LOC111125303,3.14925991610454
LOC111099225,-2.32933440945988
LOC111104121,0.108372592364405
LOC111129534,0.0660326491963388
LOC111134604,-0.206832849714735
LOC111108825,-1.0393749853546
LOC111121172,-2.61023219359318
LOC111126472,-0.537802224781094
LOC111101232,0.410951995270486
LOC111106070,0.374072289331108
LOC111135550,-1.35398719121136
LOC111129748,-0.714900009274435
LOC111113406,0.388299842143344
LOC111127496,-0.854949565574157
LOC111107023,-0.426917769631239
LOC111125234,-0.0916461253925316
LOC111132907,0.178449065029215
LOC111130599,-1.04216031422582
LOC111128182,0.714566283636592
LOC111102878,-2.56661485182866
LOC111104702,0.610667822059707
LOC111124224,-0.781582565891258
LOC111105722,3.12968179436815
LOC111100695,-1.28111454055921
LOC111119727,2.96686781854773
LOC111107809,4.966361487309
LOC111113179,-0.453041413449985
LOC111115961,0.858132806000616
LOC111135061,0.213222161025546
LOC111102240,0.349786081024271
LOC111120724,-0.233298699202019
LOC111106754,-1.69313221513851
LOC111123490,-0.360563926659041
LOC111128073,0.33346731406015
LOC111118705,-1.16598443661374
LOC111105102,-16.9140929195371
LOC111103888,2.48612689052952
LOC111138230,0.371820576904139
LOC111135569,0.214962998748286
LOC111110072,0.56731948176449
LOC111132520,1.9756566093685
LOC111113161,1.18060988736318
LOC111129483,1.63033813400924
LOC111127846,-6.45227479408521
LOC111103955,-0.0204941375433306
LOC111138486,-1.04592969294436
LOC111118995,1.32295011091432
LOC111099648,0.605386081519144
LOC111124399,0.0940706574291123
LOC111123274,-0.233996679255078
LOC111136781,-0.594664072684663
LOC111123254,-0.52126371143596
LOC111109525,-1.43296164521517
LOC111135594,-5.75112828242437
LOC111129839,0.121939045966806
LOC111123797,13.480128637739
LOC111100398,0.371462164438248
LOC111116911,0.673306825708776
LOC111122668,0.122372187087795
LOC111133797,-0.0320903792180943
LOC111124119,1.04459782701701
LOC111111552,1.66888117276222
LOC111105316,-0.175440346303295
LOC111112168,-0.614754970449702
LOC111109974,-0.0135275858448355
LOC111112019,-0.00220935579331091
LOC111134440,-0.194043133424321
LOC111125112,-0.738131151209407
LOC111137784,-0.448203415830045
LOC111128757,0.226511914508609
LOC111126349,1.93238279268828
LOC111132250,-0.0527829041619333
LOC111108572,-1.47504058939936
LOC111132338,-0.226394869420668
LOC111135083,-1.40073493876408
LOC111113929,0.458855640733743
LOC111114771,-0.17233391340677
LOC111137347,-0.277660165944589
LOC111105567,-0.0693943380892419
LOC111128323,0.377285523149109
LOC111105882,9.4410209845351
LOC111126442,1.28208434044711
LOC111101851,-0.448686163597692
LOC111104333,-2.2765937573524
LOC111124469,0.153216067755606
LOC111128070,-0.92832045555474
LOC111124098,0.0332005188601778
LOC111111575,-0.282165440451475
LOC111122135,-0.502158542531632
LOC111101974,-0.101149815736011
LOC111105694,-2.31481244261441
LOC111125782,0.184600160446764
LOC111132113,-0.604244964975652
LOC111113953,0.170408435246424
LOC111100372,-2.37886340147254
LOC111132796,1.12712611295246
LOC111121225,-1.37602473739219
LOC111125418,0.749565767677001
LOC111119659,2.47793783325159
LOC111138355,-0.269735207107377
LOC111101371,-0.0762633614421731
LOC111124652,-0.0224095096021163
LOC111100256,0.0958004914015661
LOC111106359,-10.9056901077801
LOC111103129,1.31272783894275
LOC111126555,0.471590461172965
LOC111101495,1.18622951188275
LOC111117471,0.790196629208078
LOC111136384,-0.67998367427495
LOC111104130,-2.48950089284031
LOC111109536,-0.909811727973161
LOC111135706,2.60823860388035
LOC111111453,-0.578986252810208
LOC111111458,-2.91941449125972
LOC111125692,-0.446399371528879
LOC111113173,-2.04228857415113
LOC111138246,-0.0561100618538112
LOC111134532,-0.927571810605465
LOC111126133,1.68401834948664
LOC111112618,-0.350079913974557
LOC111125691,0.572040914592175
LOC111123270,-0.572556696899642
LOC111112500,-0.877048109423141
LOC111109123,0.843077929589575
LOC111111622,1.16392161963667
LOC111107859,0.401020956163773
LOC111102751,-1.54504562417888
LOC111135019,-0.448973455921492
LOC111134834,-0.384625076075021
LOC111106138,-0.00128209203437789
LOC111106108,2.66496570986557
LOC111137867,-0.137337711713679
LOC111105591,1.64097733818616
LOC111106704,0.824468441124094
LOC111123188,-1.1642431181133
LOC111108256,-0.0709920487256714
LOC111136668,-0.244931250003589
LOC111127101,0.166014346234506
LOC111121440,-0.110428273631505
LOC111118720,0.178540038390424
LOC111124573,-1.19544753607476
LOC111107620,0.396814818975921
LOC111128103,0.238578819938631
LOC111102532,0.337792869940387
LOC111111424,-0.248598342395721
LOC111134017,-0.570319843993603
LOC111128918,0.540803249417655
LOC111113124,0.0943589156568072
LOC111135977,0.178954887092002
LOC111112260,-2.48532919411209
LOC111129395,0.88796669768873
LOC111119286,0.0981742256122915
LOC111131274,0.981764431265531
LOC111107689,-0.0147762190788529
LOC111129298,0.186896559888429
LOC111135155,-1.75389317217794
LOC111125801,-1.68013385060809
LOC111114855,-0.00133429106168503
LOC111100265,0.087869965669001
LOC111130030,0.0993580913837473
LOC111133237,-0.116320013310905
LOC111133803,8.9044611796232
LOC111120853,1.49008575495615
LOC111125984,-0.0777360513283691
LOC111131015,-0.443856074433723
LOC111133081,-0.0282511261703835
LOC111128341,-0.118875177743454
LOC111133691,0.765068738669221
LOC111100419,2.87660232934317
LOC111113130,0.467237252302707
LOC111106193,0.291134405511683
LOC111106319,0.0753639585226651
LOC111105471,-0.0244352881175217
LOC111129094,-2.32874321985814
LOC111112970,-0.201242736593518
LOC111110652,0.232062278230419
LOC111119657,-1.16328767854633
LOC111107837,-0.0380641517567932
LOC111129693,5.45644249810841
LOC111125602,1.10264424576617
LOC111125386,-1.24771822682696
LOC111121563,-1.32055383441063
LOC111106430,-0.0543148566452287
LOC111133513,-0.535925548303235
LOC111108701,-0.755161299095563
LOC111107280,0.0900597537775358
LOC111134466,0.101910796017358
LOC111119400,0.327327422068034
LOC111123990,0.299028223200239
LOC111135427,-1.31399509215858
LOC111135426,-7.26915010402619
LOC111132223,-1.51374635289868
LOC111137136,-0.0239253091343824
LOC111113363,0.136917218363539
LOC111101532,-0.0171875444482221
LOC111128458,-1.16759976977744
LOC111110545,0.191014324215695
LOC111130688,-0.634786566827746
LOC111111515,2.12098414171796
LOC111124400,4.86519317742377
LOC111122139,5.30652493221277
LOC111132056,-1.49314725120215
LOC111109815,0.22904418077803
LOC111125100,-0.692173040695984
LOC111121387,-1.14817882199892
LOC111109504,5.00855983904704
LOC111109527,-0.326535670337525
LOC111121815,0.115840378490745
LOC111124371,0.150705004516567
LOC111108636,-1.37802131675253
LOC111125338,-1.35658735741242
LOC111133752,0.906303604077686
LOC111112420,-0.57846039910912
LOC111120442,1.10366795131903
LOC111117220,-0.113893487373811
LOC111126675,1.32214123122751
LOC111127799,-1.26038122543001
LOC111108173,1.73664239769329
LOC111137552,3.7010237636988
LOC111117217,-0.2658226474667
LOC111108540,0.455332015752238
LOC111131864,1.04519070678691
LOC111133511,0.551907010525568
LOC111106666,-0.961349413331302
LOC111128473,0.850997795320041
LOC111103418,2.32802912276758
LOC111133092,-0.361839047058851
LOC111137678,-0.157665929218451
LOC111124144,0.0859360301094072
LOC111133835,0.0538080763665852
LOC111137000,0.499439917462923
LOC111108511,-0.0175705615919838
LOC111099621,-0.579770894745855
LOC111106051,-0.520039391062475
LOC111101170,-4.29739760494121
LOC111132398,1.12338651460651
LOC111116456,1.01771441484912
LOC111137255,0.906531925932814
LOC111101524,0.839446415404062
LOC111130257,-0.333056402563462
LOC111111189,-0.420319550160512
LOC111137475,0.123219596294127
LOC111099806,-0.93121042559109
LOC111101806,0.104705084412626
LOC111132227,0.0309017568233232
LOC111106258,-0.4394226910609
LOC111117429,0.737537887957632
LOC111111696,-0.165218745108809
LOC111134728,0.964444775651767
LOC111123450,-0.509607047155186
LOC111124967,0.0879354597838318
LOC111134500,-1.43885548849893
LOC111137510,-0.622753624675523
LOC111133968,-0.415696316114928
LOC111113918,-0.300829796612405
LOC111099657,-0.0291242940814852
LOC111100389,-0.226926276269789
LOC111137410,-0.68345392049147
LOC111099922,-1.31992333367773
LOC111133822,-1.654996711649
LOC111120394,0.365396950392879
LOC111132325,-0.456338994389413
LOC111129760,-0.132446525317992
LOC111136336,-0.67198944500679
LOC111137323,0.222907177490664
LOC111125017,0.303440783219709
LOC111123365,-0.240724399955074
LOC111137031,0.850003589838162
LOC111118851,-0.22473612075127
LOC111121198,-1.60611842471737
LOC111131216,0.0749807666064048
LOC111102336,0.248431556934047
LOC111110988,3.07261583319023
LOC111124223,-0.913869965086706
LOC111136274,-0.681902856807831
LOC111102457,-1.14800633339639
LOC111121468,-1.17324601697683
LOC111123915,0.474957491128866
LOC111113066,0.372680931652617
LOC111119208,0.0689449395704649
LOC111129130,0.136351346345138
LOC111109742,-1.12095216508173
LOC111136163,-0.729950974899613
LOC111133409,-0.27041725984111
LOC111120997,-0.0970496457486078
LOC111104064,-1.21878360227133
LOC111105529,-0.0937426223002912
LOC111112886,1.10311557013338
LOC111120766,-0.661277596424666
LOC111115177,0.540954860191576
LOC111114202,1.91551376630623
LOC111107200,-0.922059594260087
LOC111106767,-0.498249328704037
LOC111137986,1.07065607852737
LOC111116703,-0.653932043624353
LOC111138093,-0.241612069352255
LOC111129918,-0.466172456218952
LOC111136502,-1.60454471472736
LOC111134842,1.70752474342274
LOC111104424,0.361917419194178
LOC111101421,-0.756092085656732
LOC111117316,0.259323942455145
LOC111129187,0.947092481049429
LOC111107491,0.234963010678126
LOC111135662,1.10308885129396
LOC111115587,0.645190128686635
LOC111107003,1.44793489819273
LOC111129985,0.131208531501975
LOC111131315,1.20034345576034
LOC111133939,-0.635852713059731
LOC111108920,-0.295557409161115
LOC111137532,-0.301816452733511
LOC111131067,0.265856661319793
LOC111112767,0.187009396775606
LOC111104287,-5.78921481732679
LOC111128269,-0.855532778126834
LOC111108023,-1.63215780416809
LOC111115580,-0.111993089706934
LOC111099517,0.328206469642881
LOC111131659,0.853198473236504
LOC111134278,-0.123064111712275
LOC111132420,0.145376363052373
LOC111101068,-0.107417858235023
LOC111108631,0.824438874788744
LOC111123694,0.958468946909668
LOC111137374,0.10908889663572
LOC111124844,-0.0111719466196159
LOC111107332,1.44541450747028
LOC111100912,-0.732174549911949
LOC111104014,-2.36209568785112
LOC111111315,-0.474076568266593
LOC111116230,0.372632505597343
LOC111104166,-0.494969153598516
LOC111123550,-0.130214333652745
LOC111126613,0.497114986006966
LOC111102060,-0.322087527418282
LOC111126450,0.463936590684094
LOC111119307,-2.09602611308213
LOC111101350,-0.589482429299352
LOC111108762,0.209079854282875
LOC111125665,-0.820841865727421
LOC111122497,-0.614750873811791
LOC111107739,0.794876188368073
LOC111112477,-4.14965791788766
LOC111118918,-0.272721172003214
LOC111130099,2.35773510978053
LOC111113350,-0.2645244326519
LOC111103029,-0.0791589249494209
LOC111138111,0.782986739405806
LOC111101752,-1.14781203498473
LOC111104310,-0.039174431346668
LOC111116085,1.86240365784905
LOC111099531,-0.383585358333099
LOC111119124,0.612905859709698
LOC111116087,-0.356270939764659
LOC111100852,0.0709792464301593
LOC111105852,2.3984493961946
LOC111138422,-0.0350120374725866
LOC111133814,-0.0940239270779092
LOC111132177,-0.634925270138101
LOC111130081,1.42062334911854
LOC111126767,-0.324004002196607
LOC111134425,-0.236896567163265
LOC111127415,0.831103753955717
LOC111117154,0.116186310080476
LOC111120200,0.315070138791546
LOC111130792,0.399766373630644
LOC111115838,0.24593555006857
LOC111124055,1.46178242035176
LOC111132222,0.118081746098582
LOC111122522,0.152919684820242
LOC111134510,-3.85886604495024
LOC111120719,-0.399058140551605
LOC111119746,0.548369135682911
LOC111135915,-0.0759213809319237
LOC111127967,-0.4000331619807
LOC111138235,-1.66457058624657
LOC111138056,1.13253591022326
LOC111131719,-1.02371881209546
LOC111128389,-0.434788151077964
LOC111135833,0.519071919759665
LOC111106586,0.764958191226828
LOC111113333,0.565128170593897
LOC111122235,0.0493066476338823
LOC111137244,0.305750269317954
LOC111133407,1.73175579004782
LOC111135482,-1.08898118456395
LOC111130973,-0.284834378776108
LOC111134253,-0.105317618916055
LOC111123071,0.451301279785501
LOC111134591,-0.593364861281191
LOC111109928,6.21437848657999
LOC111106496,-2.20075311686264
LOC111121910,-10.4100845639652
LOC111106441,0.0523446735749721
LOC111129677,-0.0560501115398538
LOC111100911,-0.649499156315565
LOC111128539,-0.772348994718996
LOC111130194,0.495509715680262
LOC111120994,-1.86712896940276
LOC111101749,0.329361002493482
LOC111115357,0.0494879516582719
LOC111107222,0.402758210320625
LOC111113829,0.704993204289511
LOC111129705,-0.232443035017591
LOC111123191,0.34422091372525
LOC111103374,1.16594087641115
LOC111123192,0.498914903599048
LOC111107328,-0.235846860408311
LOC111138390,-0.362292816642278
LOC111119675,-1.48454317212624
LOC111131382,-0.112966206247856
LOC111119214,-0.0780037776168086
LOC111101380,1.09785718628491
LOC111101266,0.190934811253486
LOC111124258,0.423250841596012
LOC111100465,0.789833587854903
LOC111115777,-0.241278835854694
LOC111132176,0.44566944553038
LOC111135796,-5.03066306404388
LOC111119767,0.728607279067829
LOC111102405,-0.368882007775065
LOC111129337,0.190372845761191
LOC111119814,1.39266475215933
LOC111119024,-0.353142888647828
LOC111110912,0.400160681946116
LOC111130840,-0.692640180705857
LOC111117149,0.216648121658378
LOC111130664,0.511022104033103
LOC111126585,0.427496157388812
LOC111134180,0.322733157624363
LOC111137248,0.247754113701956
LOC111119517,0.565647211607678
LOC111115920,-0.382324106824853
LOC111109364,6.47348428581089
LOC111129729,0.5383959039384
LOC111104269,1.92519904534441
LOC111119541,-0.134477434630431
LOC111104745,1.64289843536914
LOC111112843,-0.310089712744576
LOC111109473,-4.01070386779591
LOC111133365,-0.0859376668646635
LOC111103879,-0.758473739984195
LOC111131074,-0.930241356675253
LOC111121542,0.349670229025402
LOC111125374,-0.128825850964182
LOC111107482,-0.408414075915038
LOC111127642,0.158591617194471
LOC111135880,-1.78721773473143
LOC111101253,0.432517483730501
LOC111100336,-0.304606211769815
LOC111124552,-0.740261047081473
LOC111131397,-0.996081708374706
LOC111135075,-1.93554500166167
LOC111138463,0.485770038360648
LOC111112796,-1.93443832994372
LOC111106568,-0.27865996835232
LOC111109087,-1.67806155979146
LOC111105474,-0.804130992368895
LOC111125388,-1.05417476921146
LOC111138205,-1.40656946464129
LOC111126161,-1.74609028175532
LOC111105133,1.69682421267976
LOC111130888,-0.56812744418269
LOC111125575,-4.38275482780548
LOC111136838,0.524891060842003
LOC111128784,-0.329704195957838
LOC111116164,-0.803000673602954
LOC111100847,-0.036268316847056
LOC111125561,-5.84156701725111
LOC111122944,-0.993185571433825
LOC111131781,1.8298572945921
LOC111108342,2.35309335601123
LOC111099830,1.02465290655184
LOC111132658,0.663543210883688
LOC111135743,-0.139712070894217
LOC111134154,-0.0553822882426985
LOC111120023,0.538581329317506
LOC111110929,-0.0798325755667958
LOC111127155,0.354773300154834
LOC111105266,0.77078016976631
LOC111125193,0.0773025757320817
LOC111125192,-0.040212317176543
LOC111130125,-0.845848366497861
LOC111114565,0.0720203853983383
LOC111136599,-0.175187477878751
LOC111111252,-0.333055811148957
LOC111121326,0.452992338072603
LOC111111121,0.0612214862161237
LOC111125245,-0.0515326299095834
LOC111129859,0.0793395132785996
LOC111120690,0.272464392437807
LOC111108195,-0.119459074435017
LOC111117567,0.155808862435463
LOC111119101,1.40952377259038
LOC111131493,0.0253485972514314
LOC111117934,-0.22528284890261
LOC111129856,0.348771501511845
LOC111108558,-1.00020670310936
LOC111122167,-0.775574324799128
LOC111118774,-0.119422724544558
LOC111111926,0.131329372078278
LOC111128718,-1.83024409163521
LOC111120019,-0.432912325589771
LOC111137312,0.692461645911557
LOC111133950,-0.38493300917991
LOC111123104,-1.18039965276964
LOC111121504,0.0261446138551513
LOC111111586,-3.82004851199419
LOC111110212,-0.09629447817628
LOC111099561,0.623662736220287
LOC111125476,-0.0172783837870204
LOC111129618,0.359382346109345
LOC111127949,-2.32851806802683
LOC111124431,-1.17556535440674
LOC111112003,0.484370335179727
LOC111132137,-0.486683759981335
LOC111129213,-0.659440118194571
LOC111127224,-0.591927137559995
LOC111102340,1.0893606227648
LOC111134430,-0.133401794586169
LOC111137971,-0.345208671883205
LOC111133813,-0.0406280801169445
LOC111101044,-0.876027409170119
LOC111133271,0.106352904753591
LOC111135930,-0.497594240771023
LOC111117019,-0.634107733944846
LOC111125077,-0.499704049612351
LOC111104730,-2.17258963418933
LOC111128816,-0.753577285651697
LOC111127254,-0.65427186433925
LOC111128088,-0.231421726351093
LOC111129695,0.506659546131514
LOC111136891,0.549703796772219
LOC111136875,0.195151635902725
LOC111104217,-0.284605052804719
LOC111107043,-0.0930615976527996
LOC111121419,0.623891658282117
LOC111115793,-0.148912609969171
LOC111100744,-0.591184676201623
LOC111132651,0.023276730942119
LOC111135173,0.764867491440698
LOC111132772,-0.184112269336242
LOC111103991,0.0639166699169723
LOC111122389,-0.421313092114059
LOC111114854,-4.99204179313276
LOC111138275,-0.125303699297302
LOC111137716,-1.58534348483387
LOC111120467,-1.86649723642303
LOC111133800,-0.228703679016572
LOC111110185,0.769753247720838
LOC111106521,-0.19754669945325
LOC111120984,-0.686256271019723
LOC111131248,-0.584878962105271
LOC111136505,0.297467665097222
LOC111105828,0.901666900587012
LOC111123939,-0.273652594251775
LOC111103890,0.130561637668472
LOC111104284,-0.228147603541401
LOC111113102,0.140823139337287
LOC111131059,-1.80050925650232
LOC111128021,-0.0711025626340772
LOC111111119,0.104423408662912
LOC111132899,1.05631658655249
LOC111117604,0.0257253790364956
LOC111102679,-0.597026428602898
LOC111137204,0.0939828824236182
LOC111118008,0.756860078894182
LOC111123507,0.261823688618884
LOC111120338,0.203440674608994
LOC111119042,5.32661244452544
LOC111111765,1.12759324511602
LOC111110062,1.6889376438773
LOC111129517,0.431362983543836
LOC111125427,1.62860896126681
LOC111138089,-0.123766048257039
LOC111136470,1.56971859834781
LOC111100804,-0.267248465492353
LOC111119241,-0.165513333507699
LOC111134091,0.584272263061878
LOC111124505,0.189013551419799
LOC111133686,-0.219687673773896
LOC111126224,-9.83573356682531
LOC111138315,1.41052260792376
LOC111115624,-0.0732409666282321
LOC111126937,-0.378819741745526
LOC111104311,-0.11677346488893
LOC111125104,-1.60595921173674
LOC111118653,-0.147058068519287
LOC111113756,0.662278494697264
LOC111113817,-0.202941333162656
LOC111130454,-0.0536741965675388
LOC111137580,1.25535109362729
LOC111119173,-1.47357549599719
LOC111116746,0.296248332153084
LOC111136272,0.20086462898964
LOC111137411,0.104443349798433
LOC111126047,0.17281599403195
LOC111125352,0.56172543690054
LOC111127198,-0.328171478631037
LOC111130173,-0.813618443472528
LOC111121645,-0.116971518476279
LOC111131050,-0.161692380115023
LOC111122686,-0.230989644037476
LOC111106452,0.0606014176326889
LOC111118515,-0.0754929237543687
LOC111134563,-0.997928631603209
LOC111112201,-0.045164685959018
LOC111125134,0.760238384444222
LOC111126358,-0.673310077175404
LOC111125753,-0.627462992743391
LOC111129408,-1.52846621671599
LOC111105162,-0.770931221863084
LOC111100898,0.214772242193608
LOC111134520,2.97319867987483
LOC111127775,0.576675608986517
LOC111136258,-3.29524281959537
LOC111118744,-2.28529701988596
LOC111119220,1.26170278889339
LOC111131106,-0.593952497595086
LOC111126461,-0.119517617238464
LOC111105336,-0.123415905122779
LOC111117850,1.69233204575275
LOC111123534,0.970120673416917
LOC111108148,-0.659401030403922
LOC111101781,0.872688692336779
LOC111131834,0.109127234164399
LOC111105714,-0.00225044105848197
LOC111101776,2.10556345632161
LOC111119571,-0.0342556520708491
LOC111099772,-1.30783829999396
LOC111115732,0.069295485537232
LOC111101025,2.34579576064821
LOC111121430,0.846213212935073
LOC111101519,-0.496624843516057
LOC111117300,-2.6028472837982
LOC111110619,-3.57035360689392
LOC111106752,3.60839184108603
LOC111108458,-0.17259916323049
LOC111100209,-1.48518600781146
LOC111103443,0.459535196833597
LOC111123890,2.72331804495103
LOC111105353,1.01664968213788
LOC111103660,0.658921895750661
LOC111102303,5.35430194020618
LOC111099872,-0.358049037887341
LOC111128099,-0.95799816057125
LOC111135696,-0.176134339055716
LOC111112549,-0.876136705358936
LOC111099184,-2.38792598967727
LOC111103000,0.193665474794442
LOC111121153,-0.312277464054646
LOC111137546,0.118790783870394
LOC111111531,0.372846329064513
LOC111135613,-0.0516538375086543
LOC111118886,-1.12038594196549
LOC111108111,2.20116797411989
LOC111122212,0.441531934187826
LOC111133469,-7.49632919672441
LOC111131696,0.185676904937617
LOC111134126,-0.0706788089268591
LOC111109461,-0.187180855201879
COX1,0.697222834095524
LOC111136492,-0.43458399598664
LOC111112839,2.33854405469272
LOC111120589,-0.0273499598883623
LOC111134051,-0.622561705186758
LOC111110724,-0.390718140587962
LOC111103348,6.21049276839321
LOC111137994,-0.142531822886104
LOC111137935,1.77113968151123
LOC111102737,1.25332149633133
LOC111122870,0.107969805684481
LOC111134258,-0.21678334234896
LOC111136351,0.150331501899519
LOC111134926,1.69548035235222
LOC111108126,-0.639348082533827
LOC111115950,-0.717857277255744
LOC111110615,3.91614476705162
LOC111105207,-0.721211402900706
LOC111135107,-0.103326477644643
LOC111102638,0.271888612428477
LOC111114577,0.00329884735364648
LOC111102351,0.134660591272763
LOC111109290,0.319930944387105
LOC111100004,-7.3518505255833
LOC111109404,0.466324436981811
LOC111106231,1.02933983320237
LOC111130780,-0.721594724558839
LOC111133762,3.86399270895994
LOC111116824,10.4563838893278
LOC111119631,0.316811094865782
LOC111105419,-0.823770756983065
LOC111136809,0.479873644491462
LOC111137526,-1.76161983139652
LOC111106119,-5.80247014998783
LOC111104266,-1.97725029963096
LOC111111508,0.395958971411315
LOC111116700,-0.0539079039463123
LOC111099504,0.181104073449134
LOC111111539,0.143759684848325
LOC111100240,2.48321171118216
LOC111117943,-0.436204013974456
LOC111121672,-0.19589566484992
LOC111120057,-0.230223270020468
LOC111118470,0.778274780263047
LOC111120942,-1.39219558913015
LOC111126083,3.0247887376392
LOC111131301,0.609041435771102
LOC111108231,-0.914856637929685
LOC111125337,-0.0891613016142943
LOC111134475,0.417071428918431
LOC111129412,4.1175505163004
LOC111117054,-0.819719717935794
LOC111123601,-0.398645337882436
LOC111103647,0.337843287896555
LOC111115065,1.1555886700788
LOC111105961,0.105548182972224
LOC111112752,0.0719697154725626
LOC111114808,1.21599139167099
LOC111103323,0.0138644435491607
LOC111101152,-1.1534819552968
LOC111112469,0.176247389328316
LOC111125003,-0.0252326979823647
LOC111099122,1.32570891463512
LOC111137395,0.72855185696149
LOC111131754,-0.113696901927348
LOC111134768,0.826292673812078
LOC111106620,0.606726765719852
LOC111135541,2.48745524176151
LOC111102430,1.04229040560979
LOC111128459,-0.00731776474345857
LOC111102272,0.550345063610709
LOC111114947,0.118623297289982
LOC111124346,1.14754763278887
LOC111120507,0.237120351843792
LOC111137599,8.23312084215253
LOC111100729,0.221686499075201
LOC111137982,0.0810524463987067
LOC111104449,0.670326565040576
LOC111131838,-0.774836073633529
LOC111126987,1.73517024174416
LOC111137418,0.54933867229154
LOC111123167,-0.0108982816987439
LOC111133671,-0.187251872435783
LOC111109968,-0.460047131423788
LOC111104700,-0.0201885896483385
LOC111137030,-0.0527282258448401
LOC111135958,1.01651918314351
LOC111108307,-1.09155606932044
LOC111128041,0.989467730406138
LOC111111754,0.625113025377933
LOC111132361,-0.920561334352318
LOC111129223,-1.00436487266785
LOC111108101,-16.0199011341543
LOC111128196,-0.363489182868475
LOC111102565,1.52077351879337
LOC111111263,-0.0547553961715807
LOC111102893,-0.0542454222729043
LOC111134525,0.497730510844285
LOC111118977,-1.22106265981067
LOC111117708,0.449893849689792
LOC111104157,-0.281840996011909
LOC111122808,-0.896458408151436
LOC111122184,3.06467224967713
LOC111117363,-0.623452661095651
LOC111105304,-0.790198519830222
LOC111102229,0.676548808557232
LOC111112744,0.348858148810212
LOC111134969,-5.32968158977118
LOC111136204,-0.211477251383485
LOC111128831,2.46437447914043
LOC111133142,0.61494141185127
LOC111099909,0.199726917317393
LOC111114886,-1.31357761876163
LOC111130939,-0.824977343001953
LOC111110772,1.51350903306016
LOC111137555,0.484753539073242
LOC111125506,1.13208386049502
LOC111106215,1.85427362094529
LOC111138035,1.79356739295104
LOC111112367,-0.273970472408269
LOC111114880,1.60931120392439
LOC111122858,2.517031580912
LOC111127432,0.104505002075671
LOC111130189,1.08738666239501
LOC111127217,-0.36768628565133
LOC111134485,0.38515722203511
LOC111130499,1.14298429994987
LOC111130387,-0.226709724255466
LOC111121568,0.49044937887547
LOC111124922,1.44611902313039
LOC111126227,-1.37571593299229
LOC111101298,0.305491532708573
LOC111125403,1.48963042298072
LOC111137226,-0.275949897627653
LOC111102396,-0.282036808348763
LOC111124047,0.590916737729685
LOC111118696,0.495859562167954
LOC111104744,1.00444455043912
LOC111124923,0.263899271982169
LOC111118593,-0.153206439908685
LOC111121859,-0.194023689582062
LOC111135389,-3.31695213148739
LOC111114465,-2.28029769773069
LOC111101363,0.421090624629444
LOC111124339,0.719863201147014
LOC111106242,0.896629641982885
LOC111138187,-2.33278045477127
LOC111113158,-0.354500706734777
LOC111119249,-0.0643159579407143
LOC111137528,-0.362358645872925
LOC111137889,-0.689044205543232
LOC111133287,0.40477895481813
LOC111135558,0.585064853699777
LOC111129026,-0.153100654656456
LOC111120656,0.124769886509702
LOC111132497,-1.6531709291634
LOC111113488,0.0622295314980107
LOC111112770,0.222931536205686
LOC111120769,-0.204682017209891
LOC111116643,-1.55017270015213
LOC111116708,-0.785554598969553
LOC111114062,-2.38419064915651
LOC111115317,-0.0388797736009076
LOC111128677,0.660307645180591
LOC111132461,-0.307969709349613
LOC111100110,1.32643860743367
LOC111112812,0.983094928614877
LOC111123879,-0.805466757045329
LOC111114308,0.540312799959627
LOC111116780,1.32851509190847
LOC111136140,-6.40527174411381
LOC111133926,-3.51707290661564
LOC111127456,-0.846421606235745
LOC111123203,-1.0882771719307
LOC111102758,-3.99660817144171
LOC111100294,-0.76193075937773
LOC111135344,0.924346667150535
LOC111132940,-0.657972762259968
LOC111118513,0.279452478950104
LOC111130548,-0.0488162096110324
LOC111135260,2.09998946880944
LOC111117441,0.405441072953045
LOC111128198,-1.51034414354996
LOC111133763,-0.185301730615733
LOC111106308,-0.183552639318258
LOC111099043,1.36284835075482
LOC111133696,-2.11049054860246
LOC111121357,-0.0704197939758193
LOC111124661,-0.0925921711645487
LOC111120892,-2.6736155687205
LOC111103791,-6.13360370224982
LOC111124978,0.708796107354134
LOC111110221,0.863442345378895
LOC111116962,-0.52939084892451
LOC111125309,0.421108840704842
LOC111124326,-0.473058738819944
LOC111124409,-0.672332937681571
LOC111102480,0.195226659111714
LOC111123677,-0.597835373277525
LOC111099079,-1.92273359258614
LOC111099956,-0.812397657297383
LOC111119569,0.151527729367857
LOC111129790,0.0110426534509981
LOC111100459,-0.0736302708345717
LOC111118874,-0.0685539005142977
LOC111117948,2.33210508564799
LOC111138286,0.921461131421278
LOC111121683,-0.711869694249857
LOC111126572,0.041376813303268
LOC111121975,-0.0213183670153789
LOC111117248,0.460563819511227
LOC111137040,1.16580806513747
LOC111100588,1.03062496430505
LOC111120936,0.37508846471486
LOC111133544,-1.81199701571288
LOC111110259,0.306528606788053
LOC111127097,-0.0486800990125384
LOC111136640,0.965802574176707
LOC111122007,0.733019796956425
LOC111107573,0.520933376569627
LOC111120188,0.932759155746613
LOC111125016,0.990671107305887
LOC111125845,0.119535340989761
LOC111125668,-0.456174307937352
LOC111112921,0.471104968340887
LOC111107215,0.164270357477239
LOC111122124,-1.08371219020178
LOC111103067,-1.09403957713832
LOC111119904,-0.117003826797141
LOC111100075,0.109253373142994
LOC111136475,0.331654159798188
LOC111138440,-0.839512991203799
LOC111114977,1.54646227723721
LOC111125294,-0.658219395184569
LOC111102911,0.0815494091424368
LOC111131007,-0.735208861542686
LOC111114612,-0.129437551904419
LOC111113013,4.86302024263669
LOC111133164,0.113541481724188
LOC111111062,0.378954163242386
LOC111122984,-0.351057414864063
LOC111113545,-0.346189407342666
LOC111105026,-0.0535929111298308
LOC111127160,-1.05024839708301
LOC111113827,0.949653762279189
LOC111134585,0.574367512827589
LOC111120709,-0.268628429225499
LOC111108142,-0.983666810082112
LOC111115705,-0.367345485837852
LOC111123543,0.0667616353482875
LOC111112529,-0.119898380230108
LOC111104592,-1.01171168292995
LOC111136908,-0.401725269360213
LOC111135270,0.0954606268607251
LOC111129987,-0.0545393215577626
LOC111121021,-0.0630962092626425
LOC111128998,0.0645190520738285
LOC111115954,-0.406417762500523
LOC111106698,-0.501545551297488
LOC111119905,-0.386602650546027
LOC111128930,-1.58429298700052
LOC111109560,-0.0546796308703194
LOC111108712,-0.692438661040002
LOC111124594,0.654808214444265
LOC111111373,0.249235980263992
LOC111127079,0.401305248647478
LOC111112592,-0.557570811742843
LOC111129073,0.56091046980571
LOC111112969,-1.63617558086516
LOC111119493,0.917967319689824
LOC111119407,0.249559208567804
LOC111106444,2.90850324705891
LOC111117388,-1.51530655142536
LOC111129057,-1.65928037187312
LOC111116059,0.0998758977381922
LOC111114292,0.0132895528680058
LOC111136432,0.401199215676563
LOC111100524,0.474769796493163
LOC111123212,-0.517174997274154
LOC111113404,-0.534002750728489
LOC111129273,1.17363101727551
LOC111132563,1.00554269454684
LOC111133444,-0.215037664330514
LOC111125046,-3.37194660954746
LOC111128185,-0.375833225177487
LOC111105027,0.151813636992908
LOC111119438,-3.02169339384403
LOC111137059,-2.07662412766271
LOC111115050,-1.07794134138119
LOC111107185,0.318907060716804
LOC111105786,1.72800004664258
LOC111101422,0.0598795449592192
LOC111120032,-2.65826856651175
LOC111111413,0.318994398541033
LOC111119483,-0.00280104105433138
LOC111118276,-0.0544240399613584
LOC111099733,0.878709538974522
LOC111109685,3.23183881167454
LOC111099468,0.437814415280123
LOC111135141,0.5601891856543
LOC111119903,0.372839451558989
LOC111127004,0.756583959465693
LOC111104000,0.221265495468087
LOC111121201,0.25742909723427
LOC111111747,0.639209631940155
LOC111099917,0.100436513995078
LOC111128247,-3.83946580841226
LOC111121352,-0.478371559071104
LOC111116789,0.949991992454046
LOC111116492,-0.185507881305513
LOC111119739,-0.299958502405441
LOC111123575,-1.56526975643441
LOC111137360,-0.60318534758958
LOC111100516,-1.05464341075586
LOC111124645,0.14402078262484
LOC111106525,-0.00155278472614803
LOC111107834,0.109679742354206
LOC111132698,0.620326306026652
LOC111123239,1.86010812018988
LOC111135255,0.804096329601615
LOC111109901,-0.0420796012549622
LOC111099427,-0.194834145934654
LOC111128822,0.0739791734473935
LOC111121747,-2.5484598137346
LOC111101071,0.130768868215834
LOC111101568,0.0796279107978824
LOC111104705,0.147783818076388
LOC111117973,-1.10778065652394
LOC111134615,3.13242897260203
LOC111124302,0.470822464807952
LOC111129117,0.308579143149591
LOC111119654,-0.490792236278388
LOC111137747,0.304654661789723
LOC111109155,1.47841472800503
LOC111106788,0.179633190934073
LOC111120814,0.454246383820141
LOC111134030,0.0389026953190467
LOC111120752,-3.31954802005729
LOC111126042,-0.578791666512765
LOC111133847,0.104389730032779
LOC111130412,-0.0112594271547926
LOC111113068,0.575235187589772
LOC111127201,-0.349491354984243
LOC111130656,0.449731187163072
LOC111122509,-1.13207379423905
LOC111131177,0.552348898812734
LOC111099936,-0.128459642831059
LOC111133243,-0.373222944693173
LOC111133883,4.30732132601022
LOC111129564,-0.00206788348555182
LOC111132782,-0.284916066675119
LOC111137098,-0.436054264318132
LOC111124527,0.0349460157729718
LOC111134829,0.783459805448288
LOC111127933,-0.0559767939244425
LOC111126492,0.259793270930309
LOC111120797,-0.632337002022048
LOC111100347,0.510195702720095
LOC111136833,1.14421382409322
LOC111136571,1.91171760322177
LOC111128361,-0.336883191937277
LOC111105612,0.155233307128768
LOC111125740,0.370583359406374
LOC111135966,0.681100285827635
LOC111122660,2.85245524465601
LOC111127602,1.69583646059657
LOC111130672,0.627849022647973
LOC111123493,-0.369511710502075
LOC111105753,0.210110671130871
LOC111112736,0.0146224627547052
LOC111119309,0.275278814198656
LOC111119306,0.280149829388771
LOC111130628,0.13042589306259
LOC111122876,-0.459344458000558
LOC111101184,-0.485996579430912
LOC111134468,-0.983430576836903
LOC111136202,0.722534916301043
LOC111121097,0.558096635485286
LOC111137562,0.500286275525946
LOC111129047,0.926304108065908
LOC111137875,-0.693457854665084
LOC111101238,-0.00363001232795228
LOC111100714,0.554664237999921
LOC111101100,-0.50597110726356
LOC111122371,0.512130047847916
LOC111116026,-0.116628198584695
LOC111129587,0.0315499600762725
LOC111122454,-0.302653436145815
LOC111121988,0.910198418661118
LOC111104703,1.75917134634094
LOC111134855,-0.0885850593337768
LOC111117968,0.295587321293949
LOC111133992,0.28218475098441
LOC111115720,-0.347758118851242
LOC111107393,0.654845863831153
LOC111125656,0.255290621955796
LOC111138026,-0.32298438959953
LOC111137270,1.84927625902636
LOC111102614,0.539276573813899
LOC111108460,-2.35507340489951
LOC111101086,0.169604698657241
LOC111116857,-0.25534142441734
LOC111123856,-1.17065444154026
LOC111121304,1.18278872523739
LOC111102645,-0.217166599637217
LOC111117284,-1.82118040199109
LOC111114368,1.54729740012179
LOC111114597,-0.222780904140052
LOC111128170,-1.09220176841161
LOC111112925,-0.654996704619946
LOC111113357,0.148291182662205
LOC111129935,-0.220182462408834
LOC111119322,0.240891205058204
LOC111120322,1.11503622234861
LOC111115257,-0.00971846591049515
LOC111126007,-3.29586760330333
LOC111135575,0.500913622472178
LOC111101808,1.46283176415462
LOC111133322,0.638313284710185
LOC111135261,-0.711452710584775
LOC111114455,-0.599119202257072
LOC111121583,0.0439602737523858
LOC111135694,-0.653515114766304
LOC111125519,-0.529577521755965
LOC111117490,-4.79394539221569
LOC111110733,-0.874515524155235
LOC111123321,-0.578094800170393
LOC111122417,-0.232679619457363
LOC111114986,-0.147179557488248
LOC111105130,-0.710934315067033
LOC111112037,2.85607220025849
LOC111122173,2.12012178895671
LOC111123243,-0.284241886841586
LOC111129464,-1.24435048640753
LOC111114743,-1.13668046730038
LOC111130346,-0.67972630921166
LOC111100286,-0.11085463990419
LOC111130967,0.639675016015483
LOC111135029,-0.919399406345564
LOC111129685,0.15380265085713
LOC111116396,0.604969606249485
LOC111110163,-1.44576984947706
LOC111110477,-0.324098282250688
LOC111129065,-2.27052152434251
LOC111101485,-0.0808755363609769
LOC111136205,0.00015376419111637
LOC111120791,-0.841779737187853
LOC111123623,-0.416910467750399
LOC111135363,0.704754969177182
LOC111118461,-0.506835300800837
LOC111118258,-0.207042861817702
LOC111108487,0.571454371929674
LOC111109277,-0.53136898560829
LOC111118246,-0.18046980225286
LOC111128127,-0.150167379507565
LOC111121478,-2.31772835014131
LOC111130744,-0.170880280702527
LOC111117241,1.01427717122983
LOC111100381,-1.00393336770378
LOC111109425,1.24805558891107
LOC111137178,1.40097138295617
LOC111107130,0.947247653096761
LOC111123792,0.162718461257521
LOC111133751,-0.708555898813028
LOC111127421,0.335813671354709
LOC111108239,-0.344381275559225
LOC111131134,-0.15204480433671
LOC111104355,-0.472954957639303
LOC111132026,1.24344762050649
LOC111108623,-0.401794329855458
LOC111131656,-0.774557758379198
LOC111113419,-0.979054886790396
LOC111106396,1.38706604097562
LOC111103595,-0.418394618114832
LOC111128006,-0.331072465896554
LOC111129060,-4.33102621027357
LOC111100710,-0.0540232503876878
LOC111110051,-0.209290914438041
LOC111105189,-0.0598372559652993
LOC111124168,-0.838730402803555
LOC111123587,-0.102966584929974
LOC111100642,0.862533614407129
LOC111135235,-0.192599394426245
LOC111106019,-0.293258326635805
LOC111131038,0.191806155747979
LOC111130571,0.596946316824431
LOC111130344,6.88740000097851
LOC111131343,-0.281276040631301
LOC111135994,-0.106598057535358
LOC111121040,-1.0127869694351
LOC111116946,-0.980100473795311
LOC111130747,0.391899734628104
LOC111109311,1.44798088860954
LOC111116747,0.864487647194502
LOC111118727,-0.470249523713813
LOC111114667,0.827855324175159
LOC111104292,0.894995044616785
LOC111117130,0.291683793741926
LOC111103427,0.139772133507135
LOC111116088,-0.519487805686853
LOC111108787,-0.638500625458789
LOC111123641,1.39134884967189
LOC111123447,-4.86339028625594
LOC111111063,-0.185403792387865
LOC111136061,3.70518520103072
LOC111132939,0.442640054692838
LOC111114491,0.525834244405476
LOC111113987,-0.331039725338805
LOC111126925,1.58419796554228
LOC111134121,0.96181391891081
LOC111111272,-0.346726780532509
LOC111099790,-1.94739214130334
LOC111119420,-0.0222139656264094
LOC111124298,0.631337951845221
LOC111128067,0.162114221910512
LOC111116497,-1.56824131257769
LOC111115154,0.0236170183875515
LOC111104317,-1.66015210921155
LOC111126247,0.0132747509189944
LOC111121471,-0.0518094745024249
LOC111115740,0.790657122382914
LOC111134077,-0.77029580457935
LOC111131583,-0.142066969424411
LOC111114643,-0.0692446913745362
LOC111113297,0.111222132548765
LOC111101623,-0.296939052628946
LOC111110475,-0.628326706767127
LOC111129668,0.502532715816703
LOC111137596,-1.15124344614253
LOC111104124,0.293026923444082
LOC111108272,0.53335492933608
LOC111133501,-2.04823908750662
LOC111128428,0.213569090998677
LOC111112923,0.0432158293311672
LOC111119866,-0.534193463417403
LOC111121897,0.420423033721698
LOC111126238,-0.479584913657422
LOC111135086,1.6387634604676
LOC111120386,-1.94603691581345
LOC111111566,-0.520884589107772
LOC111129975,-0.727264511547042
LOC111102053,0.916674594284341
LOC111113176,0.0974462249213221
LOC111114559,-2.47806276945661
LOC111119833,1.04470746526543
LOC111134666,0.475962232089935
LOC111124237,1.8869386200464
LOC111122590,-0.989163616925336
LOC111125091,-0.99428143040353
LOC111135959,-0.32404418383705
LOC111105199,0.767849153570455
LOC111120255,-0.920138409251156
LOC111106647,0.526251192976705
LOC111129560,-3.32655938578255
LOC111137843,-0.504050013900872
LOC111136925,-4.60688444216834
LOC111126284,-0.219075654303142
LOC111104998,-3.38704558164079
LOC111125223,0.279594719819218
LOC111116650,2.44013966756533
LOC111111633,-1.46903560349548
LOC111134629,1.28480591916449
LOC111114231,0.461881276158799
LOC111115220,0.972271539800014
LOC111119947,0.320957442106479
LOC111131837,-0.46632051383764
LOC111120745,-0.00753834686590237
LOC111119472,0.218860535756351
LOC111101883,-0.503936967458317
LOC111120320,-0.365618757419052
LOC111128464,-0.0303033094452755
LOC111126132,1.30239693943652
LOC111135983,-0.118340006517348
LOC111115964,0.0812386519075315
LOC111118499,0.718956782920898
LOC111099183,-0.0735953619835937
LOC111111431,3.55173989999662
LOC111126052,-0.0611464787409159
LOC111108639,-0.589247535790664
LOC111123422,-1.70578968409973
LOC111108955,-24.8011703591174
LOC111112931,1.00583807975892
LOC111113416,-0.401437603537913
LOC111136341,-0.242655585875228
LOC111120422,-1.58237730551763
LOC111129480,-0.354744661353127
LOC111099736,0.331269213033137
LOC111125247,2.416209104522
LOC111137849,0.0450551378939
LOC111099516,-0.225556622600424
LOC111128202,-0.255325209099127
LOC111114737,1.54346930062646
LOC111107578,-0.317099681669993
LOC111101575,0.860794687898778
LOC111099171,0.938916326680629
LOC111128454,-0.403861564949605
LOC111132283,0.232845268983171
LOC111121103,-1.76510718575157
LOC111127162,-0.189442227822796
LOC111121335,1.11811114509097
LOC111103202,0.0537442839617257
LOC111130537,2.09817702427154
LOC111127882,0.0415378984234923
LOC111131458,-0.645200619297381
LOC111118054,-0.314701242813754
LOC111132979,2.03522573988272
LOC111127503,-0.161963721376255
LOC111134549,0.400864179901098
LOC111111195,-0.0604514188914212
LOC111101359,1.17368265690679
LOC111129013,-1.66657324021203
LOC111126185,-0.276289598556157
LOC111101256,1.37272884993695
LOC111110057,-0.699073776902624
LOC111133773,-0.333480229680663
LOC111119502,5.40710420311886
LOC111136845,-0.045191342055483
LOC111119166,-0.153820746328529
LOC111105539,-0.298560456012133
LOC111120537,-0.452404492405489
LOC111105213,-9.26558277469401
LOC111138513,-0.130622691980805
LOC111119721,-0.0544531143389859
LOC111120805,0.0109764705927997
LOC111135879,0.334482085391776
LOC111137834,-0.39285976161247
LOC111125653,-0.758860749746148
LOC111115537,1.33042098803529
LOC111129989,-0.664007741272237
LOC111122289,-1.10353496491398
LOC111120297,1.23645236897328
LOC111112038,0.995506638023115
LOC111100793,0.477655635072104
LOC111116947,-0.310052364144241
LOC111127243,10.7446981579433
LOC111122035,0.348818236216234
LOC111130529,2.07748051430797
LOC111115544,-0.181880241956889
LOC111130933,0.0409256201702313
LOC111135973,1.84787218873579
LOC111128588,-0.458713637504583
LOC111116236,1.14441029777747
LOC111118026,-3.30354374850341
LOC111111083,-3.29800624989654
LOC111099503,-0.418792863836905
LOC111130368,1.17589970593646
LOC111131236,-0.289644659480741
LOC111117874,-2.58219463497728
LOC111120803,0.246960063924453
LOC111137016,-0.646226411214144
LOC111125334,-0.62811122171469
LOC111109647,-0.759514225389595
LOC111124010,0.0510870674132611
LOC111134342,-0.791384574903238
LOC111128684,-1.18521794821571
LOC111099687,0.360676907781479
LOC111106660,0.122597142559709
LOC111119412,2.06432621977219
LOC111132894,0.502229201405669
LOC111121122,2.5810784763328
LOC111126732,-0.162605946862871
LOC111128309,0.308881525431896
LOC111106253,0.347359666342129
LOC111108724,-0.284012474384029
LOC111137301,0.355542628567743
LOC111109288,-0.0543821968659102
LOC111129738,-0.560800182659357
LOC111116097,-0.220330723706324
LOC111138348,3.6790817651436
LOC111131330,1.66779304686057
LOC111101918,0.158411381068922
LOC111130165,-0.499284399165431
LOC111130015,-1.75087505489471
LOC111130703,-0.629663655352053
LOC111123459,0.080704284255949
LOC111099571,0.222910197171277
LOC111099169,0.112817557665241
LOC111109896,-0.550123645002816
LOC111121377,-0.444789675691402
LOC111137606,0.598911608749561
LOC111107041,0.715175126412387
LOC111106289,0.930740700243814
LOC111103359,-0.25252185562568
LOC111099093,-0.518478999228564
LOC111109697,0.994998631662091
LOC111106954,-0.624716255986042
LOC111109653,0.362836821502249
LOC111120739,-0.537932653042938
LOC111111338,-0.232768898697016
LOC111124862,-2.3252166738357
LOC111114024,-1.36709983878669
LOC111113024,0.32459317435023
LOC111113031,-0.113295566188761
LOC111129977,0.845193115380299
LOC111129420,0.0700944976115892
LOC111133034,-1.97048825365257
LOC111103357,3.32623639966992
LOC111120620,1.00512866720439
LOC111120621,-1.47100230217618
LOC111114248,0.351024517208262
LOC111100583,1.27217602868448
LOC111102745,0.282913121167903
LOC111107431,0.276721742896292
LOC111128324,-0.712856109920474
LOC111131637,-0.279880991684147
LOC111129872,0.545099971923213
LOC111123467,4.61408022475573
LOC111137331,-0.0400498868674564
LOC111126217,1.11376262556601
LOC111121610,1.16782057117775
LOC111125891,-0.189388467590822
LOC111122790,0.268348271107462
LOC111121702,0.139387315273153
LOC111104362,-2.66552436267059
LOC111125425,-0.1308769984996
LOC111104760,0.316168186036803
LOC111112833,-0.433033836667556
LOC111110090,-0.539622710138172
LOC111123974,0.763742876352894
LOC111122103,0.172375754411549
LOC111132933,-0.0109142796956395
LOC111129328,-0.928443075476645
LOC111102109,-1.32310411426961
LOC111112206,-0.29971320630615
LOC111107639,-0.148381252002974
LOC111119171,0.304709473197257
LOC111130307,0.0787332278715876
LOC111123101,0.181752392978469
LOC111125168,0.13686693630188
LOC111137094,-0.20069646575926
LOC111125149,-1.00614792095918
LOC111100724,1.07051379926159
LOC111107808,0.336341471618492
LOC111108781,-1.08282727971927
LOC111101477,0.0562123266835167
LOC111113369,0.219894818890822
LOC111136039,-1.26791207143385
LOC111128751,0.252030925514632
LOC111136543,0.371623404133621
LOC111121086,-2.04664486877224
LOC111115712,1.0609246459875
LOC111121465,-2.87021244471157
LOC111135350,0.865252443449299
LOC111132985,-0.307000150231938
LOC111100259,-0.265869839969134
LOC111101216,0.0203694380082422
LOC111122449,-0.0356934212338653
LOC111099460,3.73756363039553
LOC111136952,-0.77664130241767
LOC111114843,-0.264328264547306
LOC111138488,-1.01269336139005
LOC111111607,-1.21248499558848
LOC111108381,0.16617045909738
LOC111126953,-2.78385501541455
LOC111130526,0.488470803119172
LOC111107320,0.629625833462914
LOC111103567,-0.284277713090948
LOC111130428,0.364097990457426
LOC111123435,-1.17693089652415
LOC111111418,-0.033930678080343
LOC111135071,1.01061310463229
LOC111120907,-1.30114144806638
LOC111122785,-0.80081099674023
LOC111120249,-0.484067751888131
LOC111129210,0.38707433744921
LOC111121834,-0.371012258840562
LOC111135837,0.679572953855065
LOC111112209,0.209867537640866
LOC111114506,-0.945907830968314
LOC111138221,1.22856722869664
LOC111120035,0.157301442303794
LOC111136342,-0.492233106479421
LOC111122037,-0.323956734230338
LOC111108020,0.0224524182397759
LOC111108336,0.0072256912905532
LOC111106955,-0.239969235881735
LOC111130643,0.500323517404249
LOC111127643,0.538267292495706
LOC111136687,3.235513026971
LOC111100450,0.797252905544942
LOC111133343,-2.86423037514058
LOC111135459,0.664932385048341
LOC111100299,-0.128739102098054
LOC111109264,0.222258042497252
LOC111108184,0.234286185375981
LOC111127034,-3.13936229931861
LOC111115306,-0.103174192560194
LOC111100341,0.343356926799141
LOC111120169,1.79604394369162
LOC111135968,-0.226244676115337
LOC111112559,-1.79809911824074
LOC111130872,-0.219636395971714
LOC111131052,-0.303809522918393
LOC111126100,-0.289423340039232
LOC111133495,-0.0548251379979771
LOC111099694,-1.49345305694977
LOC111135412,0.370161111446603
LOC111115506,-4.52539501025808
LOC111127964,-0.273506789125279
LOC111115149,0.970163812692998
LOC111106895,2.3550101753521
LOC111109846,0.0841819470737894
LOC111106277,0.70524830272073
LOC111104666,1.44335604679621
LOC111101634,-0.249928901769492
LOC111130583,-0.0502171042734042
LOC111121173,0.0521130406460051
LOC111117586,0.280602726205722
LOC111113001,-2.73643515480096
LOC111113317,-2.65841273545822
LOC111135622,0.629254504718589
LOC111111509,0.275648031260321
LOC111099216,-0.241674162176299
LOC111104074,-0.134112432668218
LOC111103057,0.0759015822375848
LOC111134046,-0.0110781469814902
LOC111133872,1.58701754862524
LOC111123088,0.0225106860253345
LOC111106598,-0.610187199512162
LOC111103502,-6.83830085210411
LOC111137844,0.827783564276659
LOC111135749,0.495529882588689
LOC111126399,-0.15275531024316
LOC111137853,10.0233598911135
LOC111118955,0.495247549009163
LOC111122566,-0.00125059035858918
LOC111114687,-0.483944311103373
LOC111117475,2.84721442701484
LOC111134568,1.66073656205859
LOC111117180,0.587860824180553
LOC111123667,-0.137631064424555
LOC111113084,-0.218512328687904
LOC111130365,-0.0490508634922462
LOC111130478,0.425086772321764
LOC111124936,0.0948129610287595
LOC111101094,0.0928261603204066
LOC111106260,-0.00171404638584641
LOC111108665,0.746826832386845
LOC111119529,0.503582053157558
LOC111124777,-0.663635932305157
LOC111118190,0.717213265189005
LOC111106383,-3.32373482108317
LOC111122579,-0.024731374284558
LOC111136265,2.32563197653501
LOC111116627,-0.270037943953752
LOC111106434,-0.351388397591886
LOC111113786,0.0776355946965625
LOC111123333,-0.628954603025206
LOC111105339,-0.02583759195523
LOC111132124,0.179992581011791
LOC111111504,-0.00202167253688016
LOC111131182,1.05288236067832
LOC111118110,0.0568249253835248
LOC111134700,0.0799753696196778
LOC111101753,-0.2029243563623
LOC111100965,-0.148207439748786
LOC111129865,-0.396021110954418
LOC111099745,0.19425157156932
LOC111100871,3.45266295567989
LOC111134414,-0.00163796458391239
LOC111114610,-0.55573255862034
LOC111127999,1.27923058329742
LOC111109823,-0.963113036087245
LOC111103246,0.297860947931073
LOC111117922,1.10861708748145
LOC111138245,-1.80820287474736
LOC111136112,-0.998855169502563
LOC111108658,-0.870290393965028
LOC111106022,0.537251456195601
LOC111106824,-0.121931726692164
LOC111138412,-0.910079944799269
LOC111112352,-0.239138472431372
LOC111110606,0.0612767448353777
LOC111122204,0.0926744640113946
LOC111100693,0.668921571899416
LOC111114896,0.818906960268593
LOC111135208,-0.0925391444545239
LOC111130175,-0.345888248375425
LOC111133766,-4.82546250349617
LOC111133942,-0.559691814601308
LOC111123776,-0.827317618096806
LOC111130661,0.113645483728516
LOC111099766,0.739060459730917
LOC111118585,0.0617457499365959
LOC111117041,-0.220859040125142
LOC111103121,0.684476603865284
LOC111110608,-0.0356682892493263
LOC111109441,1.76259989048714
LOC111103144,0.245932665479118
LOC111103143,0.350386746511666
LOC111130690,-0.441068184021163
LOC111129290,0.0308228054981194
LOC111137387,0.293009665532639
LOC111129556,-1.13364599922273
LOC111135671,-0.243806968238834
LOC111132861,-0.400736707249298
LOC111126876,0.492788458605866
LOC111099047,-1.54697851088109
LOC111136643,2.32112022934754
LOC111113269,-0.38933528167558
LOC111118766,-4.25546539381147
LOC111114606,0.0610154132178177
LOC111129910,-0.769184855887375
LOC111136043,-1.02079839793756
LOC111132975,-0.0016969163949585
LOC111127836,-23.4522880073379
LOC111115385,0.555474767347431
LOC111117500,0.728140255885514
LOC111103542,-0.374560293817406
LOC111104407,-1.96291569877077
LOC111101943,-0.410888365608174
LOC111109463,-0.160451602501237
LOC111110798,1.58281775402468
LOC111109031,-0.0190754481349573
LOC111109006,-0.00125287536318208
LOC111101617,-3.00050457629996
LOC111108180,0.405749287120423
LOC111133667,1.61855871488817
LOC111110974,-0.0783184153412066
LOC111109309,1.40817962515762
LOC111136731,-0.13363753232857
LOC111114560,0.279500016750349
LOC111099679,-2.6700929142273
LOC111100598,0.0250712086111974
LOC111109862,0.339230443545183
LOC111131599,0.0829658413772027
LOC111104244,-3.79726375342018
LOC111101511,0.144932007145297
LOC111115255,-2.48696334383979
LOC111135239,-0.359360973175038
LOC111131718,0.991721882859638
LOC111109201,-1.397565370267
LOC111110989,0.11814267530916
LOC111119673,-1.10356479299118
LOC111123001,0.356649416901136
LOC111127837,1.02551796015095
LOC111102860,0.180882228041345
LOC111137947,-2.32844821100966
LOC111109388,1.1222636792211
LOC111120650,0.518127920019912
LOC111108963,-0.744530238995216
LOC111123884,-4.95791208811074
LOC111114790,0.0873125915523983
LOC111117510,-0.221848612650196
LOC111102661,0.209933037117057
LOC111129788,-0.873188225142566
LOC111117877,1.27354996232478
LOC111123751,-0.753768182184601
LOC111124559,-1.89000486582945
LOC111100861,-0.157679257907104
LOC111126915,-0.988682201714332
LOC111130858,-1.22230489828171
LOC111130510,-0.731145695265046
LOC111136836,0.420295343524085
LOC111135661,1.4964328275957
LOC111135590,0.613799294857546
LOC111134816,-0.205019570703699
LOC111119012,-4.17141499235947
LOC111119216,1.03281091890641
LOC111121578,0.710991555892304
LOC111131630,-0.17677736458885
LOC111110729,0.273261628321785
LOC111136287,0.0988519373326166
LOC111109768,0.759428648940843
LOC111133442,-0.619838982147799
LOC111124436,0.891197518908505
LOC111130825,-0.493487458911348
LOC111101529,-0.378148627276083
LOC111111951,0.773323238095988
LOC111132186,-0.200680374480449
LOC111118161,0.426946452630955
LOC111136083,0.427858741525905
LOC111135326,-0.081701248659085
LOC111120911,0.11328694249765
LOC111111555,-0.122704032922063
LOC111137126,-0.238672998114042
LOC111128523,-0.0810837759743956
LOC111122382,-0.615781102402228
LOC111109195,-0.0947539935156604
LOC111106362,0.244640384906136
LOC111120028,-13.1972061753891
LOC111129088,-2.09413982991816
LOC111135903,-0.418128031876035
LOC111134949,0.430269118180088
LOC111120397,0.145670160860343
LOC111128839,-0.513020976174945
LOC111110016,0.662773811852445
LOC111127758,-0.607419754719428
LOC111130546,-1.36755827054804
LOC111116160,0.722451368432223
LOC111123210,-0.52642345431115
LOC111116326,-0.713415659303733
LOC111135148,-0.486439157115826
LOC111111776,-0.37794078194889
LOC111119508,0.259849968502021
LOC111118894,-1.45666738581176
LOC111137900,2.15555145470643
LOC111106095,0.208423783780821
LOC111129393,1.23100015196084
LOC111107123,0.207891806722337
LOC111117317,0.663219707778752
LOC111122379,1.28537390179822
LOC111116168,-0.591800384552168
LOC111119416,-2.56402222941747
LOC111133176,-0.71211242714296
LOC111128576,-0.280660113244448
LOC111109648,-1.37036249159261
LOC111108652,-1.18865009159474
LOC111120395,-0.366949240602731
LOC111121321,-0.395909484250171
LOC111110666,0.237405862981594
LOC111113737,-0.15810494213782
LOC111111483,0.277096611469927
LOC111108303,0.331304112375806
LOC111108378,3.07009712220119
LOC111100476,-0.841529170422832
LOC111117800,-0.729240634523943
LOC111103220,-3.29009900036947
LOC111136209,-3.08122989828244
LOC111126061,0.860671468037722
LOC111113421,1.56392990007442
LOC111128094,-1.32959472784453
LOC111134364,-1.61589309612011
LOC111135518,-0.0614381914576698
LOC111129897,-0.32595702129182
LOC111137536,1.01125386343036
LOC111135382,-0.238896154555076
LOC111136278,-0.228911139847219
LOC111107144,-0.231081454918482
LOC111135703,0.249795054339224
LOC111101099,1.91319789560083
LOC111126828,-0.811338881456546
LOC111131367,0.372673196334792
LOC111111866,-0.816007107695826
LOC111100928,1.38082461785124
LOC111112429,-0.00124453645172868
LOC111125560,-0.689560588108731
LOC111104367,-0.307742530750866
LOC111105035,4.36608672503736
LOC111101873,-1.05871576980635
LOC111134157,-1.60177120038749
LOC111107115,-0.248539384978776
LOC111127351,-0.383483240740618
LOC111127843,-0.110206420647585
LOC111136961,6.59210566556254
LOC111132171,0.308616297973674
LOC111134366,-1.20886445217348
LOC111121014,0.202202821548281
LOC111112121,-2.26754110589016
LOC111119072,2.04122513898729
LOC111134757,0.0671115855192038
LOC111108770,-2.48986826278728
LOC111104676,0.383756947043063
LOC111130853,-1.01053621941927
LOC111132715,0.650744743902535
LOC111099731,-0.454072421228276
LOC111122224,-0.0506892610858355
LOC111114393,-0.415180286126656
LOC111123008,-0.276920314822625
LOC111100352,-0.675767318568175
LOC111123958,1.30925395810659
LOC111126627,1.49142691896298
LOC111101799,-0.488590139050827
LOC111128134,-0.295063772594388
LOC111118042,-0.175119487469377
LOC111125323,-1.22973775617087
LOC111122157,0.835793873632536
LOC111135070,1.01283984332228
LOC111104349,0.258290051475271
LOC111118505,-1.49620365770478
LOC111127175,-0.371502766032774
LOC111131267,-0.596569918254316
LOC111111660,-1.29076242421414
LOC111102902,-0.146423965553373
LOC111108062,1.03975000038684
LOC111125966,1.83250533849982
LOC111128646,-0.798076394844424
LOC111120576,-0.722141587600035
LOC111121986,-3.28745206271087
LOC111119402,-0.0673187370610377
LOC111101550,-0.310106546208468
LOC111106611,-1.58610946225126
LOC111110775,0.545719019727389
LOC111113167,-6.80568074994778
LOC111104221,1.93259127037054
LOC111128164,-0.49188730340557
LOC111118482,0.303453383760139
LOC111119932,-0.0442269309615979
LOC111099077,-2.13027838734975
LOC111114632,0.309274496100255
LOC111134031,2.60829802613202
LOC111102434,1.29054429906382
LOC111106355,-0.245378636507165
LOC111100403,-0.163823627140477
LOC111133403,-0.340585532146524
LOC111136471,0.00569554279296597
LOC111128830,0.371973925319022
LOC111128005,-0.592144695645417
LOC111102207,1.25190061207801
LOC111119229,0.114300566393225
LOC111123367,0.352809760841741
LOC111114715,0.436090141282591
LOC111105198,2.12636954327453
LOC111113239,-0.41655782989397
LOC111106157,-1.40460756631215
LOC111113825,-0.115704046596724
LOC111119448,0.530322407295171
LOC111136172,-0.364548472589968
LOC111107172,-1.42796030815786
LOC111137509,1.74895783726109
LOC111105030,1.57691894968037
LOC111132543,-0.611278228205988
LOC111127017,1.00758345997534
LOC111127016,0.935436329967583
LOC111100503,-1.24290836028423
LOC111101031,2.12201543153382
LOC111111003,0.223160440142839
LOC111110981,-4.22503885182732
LOC111123379,-1.63135111893787
LOC111111231,-0.120455018175854
LOC111126386,1.9374379803813
LOC111132340,1.15763320933669
LOC111100191,-0.0633525942317311
LOC111116906,0.0338824754945346
LOC111123086,-0.519593383394919
LOC111110628,0.118162970047608
LOC111127419,0.480720616056214
LOC111104428,1.3696101212272
LOC111126494,0.230072610118637
LOC111133010,0.538606005895115
LOC111120975,-0.171297347064109
LOC111115124,-0.047673818204724
LOC111136747,-0.755626147867494
LOC111107278,-0.0539573598558659
LOC111133658,-2.03263707175335
LOC111126444,0.893008791132995
LOC111110150,0.222572217664504
LOC111124765,0.298785031960002
LOC111111024,-0.924622637567055
LOC111120433,-0.705624723486174
LOC111135018,-0.0867883109559686
LOC111126280,-1.20267840022025
LOC111132418,0.417216104196234
LOC111109352,-10.4823115659741
LOC111100789,0.598743810081665
LOC111118587,0.735941626621088
LOC111133651,0.0105577224126172
LOC111116710,-0.0746893017507498
LOC111136951,-0.512077456900415
LOC111112810,-0.0787247966990658
LOC111120799,-0.0320607334908751
LOC111128095,-0.477427314357904
LOC111117033,-2.38346768431331
LOC111134316,-0.353897242636803
LOC111115927,-0.116997791615252
LOC111118841,0.868250932422879
LOC111120106,0.732574104491065
LOC111099863,0.512142783261205
LOC111109737,0.543531666877883
LOC111121264,-0.904892229253725
LOC111115822,-1.93365117098834
LOC111118597,-0.477502619727357
LOC111128697,0.503119283027958
LOC111127471,1.04191500813024
LOC111136613,0.0155537964730227
LOC111135093,-0.335498702911911
LOC111112141,-0.340014407521962
LOC111100088,-0.321585132096765
LOC111100809,-0.145683443491775
LOC111100003,-0.200468422558538
LOC111136696,-0.635079740188878
LOC111129962,-1.11661457949116
LOC111100171,-0.644767727568143
LOC111117930,-0.315195724483564
LOC111117059,4.44080525642934
LOC111124789,0.0229202997189483
LOC111135780,1.22152437602114
LOC111110398,0.0546790879725906
LOC111108786,0.246134283516968
LOC111134013,-0.914690337902809
LOC111129570,0.200320030126471
LOC111115731,2.26819090936949
LOC111107599,6.48834475832493
LOC111137416,-0.456247466582787
LOC111131400,0.133142855290832
LOC111113554,-0.731521417981641
LOC111099168,0.21790566090491
LOC111123644,0.490595506760145
LOC111138088,-0.257088822988564
LOC111126967,0.387254724537272
LOC111123061,-0.322047115561045
LOC111117344,-1.48943853443311
LOC111130293,0.336781337377455
LOC111137373,0.138052069570996
LOC111133229,-0.193774636140313
LOC111128708,-1.05906852576741
LOC111112629,-2.02187677458147
LOC111106980,1.93137329045916
LOC111137969,1.04106807577819
LOC111136993,-0.430819108622401
LOC111126320,0.30603197630132
LOC111126886,-0.973122141270393
LOC111101285,0.077772535119865
LOC111121257,5.41410127899575
LOC111110978,-1.49684211013879
LOC111107958,-0.219870265151035
LOC111104523,-0.37244648235886
LOC111126220,-3.23409492967899
LOC111119826,0.934950248297962
LOC111129348,0.719483655528802
LOC111127912,0.940383145444291
LOC111116881,0.163593381766279
LOC111118050,-0.295572831557996
LOC111122141,-1.35661548209996
LOC111136236,0.217667638875317
LOC111126333,-0.084046177759341
LOC111100836,-0.177178125786059
LOC111134140,-0.0546109362847057
LOC111101507,-2.04197788321729
LOC111120819,-0.772723661621923
LOC111101497,0.0988995591841497
LOC111120816,0.84830002872078
LOC111113892,-0.740650931298337
LOC111132723,1.23100248537864
LOC111100585,-0.444529768721947
LOC111111995,1.01178946843477
LOC111128601,0.00611229112996483
LOC111133545,1.17518576999526
LOC111103776,-0.249890351505192
LOC111099775,-0.626163127243019
LOC111118976,0.0364107308482732
LOC111138179,-1.6400081316899
LOC111129100,1.53098811552495
LOC111133153,1.73505240425518
LOC111109291,0.0109024615089375
LOC111109292,-0.00125287536318208
LOC111124805,0.167519172964471
LOC111112985,0.33301882376754
LOC111117732,2.75708982654076
LOC111124321,0.0189926596623219
LOC111107796,-0.138858829875047
LOC111128477,-0.92513304475769
LOC111120298,0.17110744613931
LOC111122934,0.224765262772396
LOC111124219,2.08106746501501
LOC111135681,-2.85078366179267
LOC111112446,-0.443400432289581
LOC111131865,2.17219580416759
LOC111099603,-2.61390052833562
LOC111124773,0.582422356400659
LOC111130318,1.24020559125987
LOC111103180,0.0226882496297056
LOC111111936,1.17573598958946
LOC111110414,2.28593974750537
LOC111132232,-0.254211954756592
LOC111124188,-0.409465448523463
LOC111131009,0.787956713236623
LOC111118683,0.0478360864765791
LOC111101881,-0.0980185584197675
LOC111121063,0.074571801236908
LOC111130711,0.232906496910793
LOC111118397,0.134562396743483
LOC111119605,-0.293334434764876
LOC111112866,2.74303907242421
LOC111138237,0.127671983783281
LOC111124487,0.0877078941449143
LOC111136970,1.2133936287756
LOC111112210,1.68475270257327
LOC111100363,0.661028632575682
LOC111108067,1.05640526232003
LOC111124335,-0.781431204151394
LOC111100446,0.25357464269343
LOC111123002,-0.292861110572938
LOC111130768,0.767012792941633
LOC111123731,-0.756347462420931
LOC111101396,-0.33746792250762
LOC111127392,-0.187850295375189
LOC111109149,-0.82812137433072
LOC111120400,0.253873111405381
LOC111112150,0.249594888629576
LOC111136126,0.0574151271352574
LOC111116649,0.140740765221516
LOC111120077,0.207638003847061
LOC111131751,0.0732852510389011
LOC111136955,0.314701197757305
LOC111126137,0.436855950205437
LOC111134805,-0.844369740879227
LOC111134804,0.785933536331745
LOC111107387,-0.138127209939543
LOC111130713,-1.08159707231888
LOC111119606,-0.935511957379465
LOC111101449,-2.48779896797862
LOC111111718,-0.336590319516871
LOC111120359,0.540757369967681
LOC111116804,-0.0747857090197698
LOC111126972,-0.451766723065974
LOC111122434,-0.713249719714775
LOC111137657,-0.177554742132691
LOC111131031,0.020354030818993
LOC111112133,-0.104969904885019
LOC111099580,-2.89680620080515
LOC111099650,-1.31565492859972
LOC111114341,-0.29702263829573
LOC111111096,-1.14738666238701
LOC111123562,0.452389851130345
LOC111134807,-0.391092811271166
LOC111110252,0.770224701220507
LOC111110376,-0.295259987380953
LOC111121647,0.167767228076378
LOC111114180,-0.0885104180097967
LOC111125993,0.194746296571917
LOC111109397,-1.97894470081869
LOC111109797,0.202696264763995
LOC111136004,-0.399999395941266
LOC111107588,0.260157246889728
LOC111135331,-0.0512883594993513
LOC111117072,-0.265335595247804
LOC111129942,0.883919271229202
LOC111114985,0.316478101068157
LOC111137005,-0.585297729648801
LOC111130340,1.71486545460967
LOC111128904,-1.92329637955477
LOC111115640,0.325364155946675
LOC111138317,2.06835615113569
LOC111123516,0.560579021373731
LOC111129488,-0.72314205500896
LOC111133572,1.99520006400474
LOC111108121,0.27616535527409
LOC111107210,0.792370109252256
LOC111136146,-0.556619936718957
LOC111119096,-0.536808354214947
LOC111134952,1.67523020856416
LOC111134839,-1.64002484631328
LOC111129421,-0.00121592704573697
LOC111115217,-2.13682213253251
LOC111102936,-0.144536936553822
LOC111127610,1.31669153797479
LOC111120851,-0.805511011573808
LOC111127179,0.0799634762286709
LOC111138020,-1.16334089316116
LOC111100611,-0.0782359463089996
LOC111109161,-0.291740122219243
LOC111128568,0.114055370437405
LOC111112877,-0.560748414740324
LOC111130741,0.406637768485231
LOC111128076,-0.0836108017838855
LOC111131098,-0.0579618033126986
LOC111114411,-0.0895269799785693
LOC111129451,0.0480107227026563
LOC111106697,-1.17193361994852
LOC111137948,-0.918616443333569
LOC111132911,3.12937713366614
LOC111133284,0.801563100975719
LOC111135911,-0.296591014109263
LOC111123862,-0.224757143465215
LOC111112875,0.278923778943346
LOC111136604,-0.0932591672586268
LOC111111043,-0.39310446814275
LOC111135257,-0.130122032223963
LOC111128560,3.01125048106389
LOC111137665,0.0516617390207474
LOC111128130,-0.451587281935473
LOC111106465,-1.35592291857617
LOC111126002,1.48031253151581
LOC111136927,-0.170302412654181
LOC111130086,2.13384015223606
LOC111136882,-0.306851704633718
LOC111126037,-0.450324102399039
LOC111136794,0.499679838093911
LOC111119301,-0.05282536824489
LOC111114549,0.147156193492834
LOC111111354,-2.05278408843624
LOC111099711,-0.120424180868105
LOC111100765,-2.7055573404341
LOC111129357,0.272059073802378
LOC111123633,1.60765994295416
LOC111136880,-0.0419137507182302
LOC111110674,0.394421067634179
LOC111120215,0.0376157129184633
LOC111125026,1.16400389148736
LOC111112669,-0.019434969572651
LOC111129365,0.248672956183024
LOC111112666,0.441954248685517
LOC111104550,-0.0404712375503136
LOC111124189,1.09086685265464
LOC111121248,0.0197928876380924
LOC111099845,-0.283430480972015
LOC111104347,0.0431949372254728
LOC111109540,-0.672956703761575
LOC111120137,-1.23208589501919
LOC111123242,-2.72880998429322
LOC111136910,-0.734641767496694
LOC111121346,-1.19507805065196
LOC111110314,-2.51938150954089
LOC111105029,0.441304972820276
LOC111134940,-4.2943041184853
LOC111125817,-0.706225632408987
LOC111110630,-1.92354873279144
LOC111135022,0.071682631648203
LOC111121081,-6.51426767554287
LOC111114033,-0.626351512862257
LOC111107840,0.255560067672885
LOC111125812,0.599701932113491
LOC111108653,-1.09685129235659
LOC111118002,-4.36916954272611
LOC111123029,-0.296673999981681
LOC111120345,0.547687385742433
LOC111118372,0.134448831426107
LOC111137069,0.142604074844148
LOC111112434,-0.165593937822924
LOC111108247,0.4883663251118
LOC111125499,-2.85245095074353
LOC111130274,-2.33352737572424
LOC111103914,1.36538187596344
LOC111125618,1.27026460281525
LOC111112627,0.214448937431064
LOC111118957,0.191184678102421
LOC111121266,-0.501776248092825
LOC111110393,-0.508745868874424
LOC111128435,0.475402583227117
LOC111107814,-0.306392183695812
LOC111116726,0.0331428801705247
LOC111138257,-0.428755449557146
LOC111103848,7.73798162650713
LOC111108372,-0.0106823323987154
LOC111109569,0.178231351848414
LOC111125148,0.579690087022266
LOC111126562,-2.4296209629213
LOC111100065,1.40408739146726
LOC111126883,-2.77604970731682
LOC111124613,1.04696104843495
LOC111118352,-0.388720729772928
LOC111112808,-0.46549573196497
LOC111119907,0.308042231354777
LOC111129961,-0.176467110427668
LOC111134704,0.23643231105272
LOC111100628,-0.14256374620133
LOC111114741,9.44010956146203
LOC111126226,-0.278568763361543
LOC111119116,-0.944123739817005
LOC111121657,-0.881640253912465
LOC111126706,0.425576285342226
LOC111112180,-0.292537151022446
LOC111124534,-1.04202835948352
LOC111128029,-1.83493505903716
LOC111130671,1.01555000236836
LOC111136200,-0.722017404192708
LOC111102064,0.399891498135908
LOC111105291,0.0960757752735528
LOC111131758,-0.0690581207061019
LOC111105810,-0.660963924468894
LOC111130742,0.792166027881651
LOC111105144,0.691930044395359
LOC111128872,0.263754123596195
LOC111137740,-0.741656154362382
LOC111119119,0.0890343431874075
LOC111128436,-1.66375597248465
LOC111138185,-2.93386061939745
LOC111136072,0.618974864357204
LOC111124938,0.109612518270357
LOC111107537,0.0516018704658193
LOC111122308,-0.0448542940942491
LOC111110028,-0.504206728103505
LOC111121093,0.000247858787612669
LOC111127804,-0.419812338734166
LOC111137862,0.917547089021136
LOC111135755,-0.248576901414901
LOC111136121,0.139236389664352
LOC111117384,0.244081314935293
LOC111129145,0.69323008192309
LOC111127863,1.70510993880349
LOC111136028,4.86632335960277
LOC111128278,0.938209302669744
LOC111124348,-0.200256267371377
LOC111117179,-1.59942019949656
LOC111125992,-8.59858518638886
LOC111136917,-0.703336995130749
LOC111133257,-0.24261798939538
LOC111132787,-6.71936402844977
LOC111125769,1.43122504233396
LOC111114102,1.30724221553971
LOC111134025,-0.406610131863059
LOC111113160,-2.0585691082637
LOC111105590,-1.18798951993975
LOC111109876,1.71627277242454
LOC111105378,1.08896663196258
LOC111112405,-0.042336971123601
LOC111119175,0.149677668561796
LOC111112409,-1.21906282418285
LOC111126395,-0.523391354209884
LOC111127753,0.217238238467485
LOC111128393,0.744905666429121
LOC111129400,0.634830701261466
LOC111137530,-1.36939532250725
LOC111119122,-0.0581373410426567
LOC111106516,-0.907433605555782
LOC111099794,-0.815274025143986
LOC111114851,-0.139338359875714
LOC111105708,-2.40453481328938
LOC111133006,-3.06469685531807
LOC111123563,-1.16926374373856
LOC111121082,-0.282009989558154
LOC111119536,0.363687519897248
LOC111136692,0.960757748520659
LOC111135357,3.3329368684438
LOC111129429,-2.22802262258667
LOC111136877,3.55982379564267
LOC111135386,-0.506263703038363
LOC111114162,-0.115888420433745
LOC111127888,-1.03966882893088
LOC111111028,-0.05378889105953
LOC111126357,0.0233676610870297
LOC111100418,-1.28350813882874
LOC111128375,-0.459934266442045
LOC111136826,1.29993185763306
LOC111115201,0.929584072127317
LOC111136827,0.18173651225812
LOC111117672,-0.361202955976261
LOC111137633,-1.02067245452454
LOC111126636,0.188001181271866
LOC111113023,-1.40351346058036
LOC111118413,-1.79456481359786
LOC111111831,1.02251915698239
LOC111115224,-0.53261267294139
LOC111133184,-0.950884707681573
LOC111113008,0.475784228819508
LOC111110353,2.10034374918508
LOC111134696,0.484783941466852
LOC111134304,-0.877984720962995
LOC111135112,7.62935226926742
LOC111102616,-0.0405016405717789
LOC111130353,1.70014853222963
LOC111126076,-0.0772455666032774
LOC111117194,1.84620724215143
LOC111102695,-0.215109601000912
LOC111138194,-0.345057037864546
LOC111118090,2.92240955361525
LOC111138032,0.951613654962884
LOC111125238,0.190586405145055
LOC111133496,1.28775082446965
LOC111131173,-0.882926317575591
LOC111105480,-0.31886897034196
LOC111112436,-0.543522424825409
LOC111106544,-0.646986688860184
LOC111101936,0.232247804479195
LOC111138223,-0.0109254731777838
LOC111100677,-1.88936274867928
LOC111134772,4.02143698387964
LOC111123708,0.327811927992765
LOC111099577,0.189974709045432
LOC111123701,-0.588753417991839
LOC111131769,-1.5864401387893
LOC111128978,0.184727781652379
LOC111130779,0.923157129202533
LOC111108470,-0.035950747741602
LOC111102051,3.19362569740453
LOC111118536,0.334665724991399
LOC111135094,0.227101946492438
LOC111133981,2.60702247894172
LOC111128925,0.370701858801803
LOC111118857,0.930497903718437
LOC111113018,0.308928429577319
LOC111130052,-0.00122416553092522
LOC111116981,-0.115381780113088
LOC111102837,0.531381580400966
LOC111126233,-0.436546352984739
LOC111109308,0.183277914318414
LOC111123483,-0.823109970587568
LOC111120051,-0.790450676737126
LOC111125629,-2.58155377819137
LOC111119417,-2.99640753609667
LOC111132867,0.548285412276865
LOC111136850,-0.204212894562517
LOC111119770,0.410425234019144
LOC111130996,1.68654379880548
LOC111118445,-0.196500545459775
LOC111133150,-0.0549432917707753
LOC111106495,0.419811227225004
LOC111119478,-0.861687548686457
LOC111128818,-0.996350258646455
LOC111131730,-0.624941573999679
LOC111121716,0.459659559032429
LOC111114996,-1.8219274932773
LOC111135881,-0.561436216371471
LOC111134085,0.628199965669651
LOC111130082,-0.4213291900093
LOC111132339,1.48898150877522
LOC111138342,-1.82665455178631
LOC111134311,-0.710660096921357
LOC111132556,0.0840939847848417
LOC111114797,-0.295645995332186
LOC111129264,1.95060540536655
LOC111113319,-0.332322681349906
LOC111119146,0.117728701548091
LOC111134535,-0.78263786968986
LOC111111818,1.00210511693034
LOC111128799,-0.172336874682984
LOC111123720,0.461506665936084
LOC111122503,1.07233058590195
LOC111129198,1.45092702253765
LOC111111262,-0.236919780911814
LOC111124788,-0.13965600478443
LOC111101251,-0.686718604055683
LOC111118433,-1.35429562751545
LOC111129226,-0.0580246248078571
LOC111133646,0.800286229266328
LOC111117144,0.597950462504532
LOC111119432,-0.960707257325152
LOC111101097,0.128762513395584
LOC111126103,0.509949108831453
LOC111099846,-2.75951364466659
LOC111118543,-0.396089537761393
LOC111125604,-0.907531872203557
LOC111129936,-3.98997011746397
LOC111134958,0.769182972562435
LOC111137577,0.0461010587858743
LOC111126860,0.712347033760878
LOC111104001,0.192430961730084
LOC111115575,-0.301604759084321
LOC111136417,-4.60582049757269
LOC111135941,-4.89362535384264
LOC111113423,-0.11518433140672
LOC111128791,0.419406986402732
LOC111117844,0.311802939139652
LOC111108861,0.604446404285207
LOC111104101,-4.27383904903061
LOC111125900,0.985686344207029
LOC111136435,-0.815008188840218
LOC111111782,1.73847837029844
LOC111135278,0.256017828014345
LOC111136568,-0.000352698091725275
LOC111108376,1.92116939828883
LOC111099103,0.207080427126819
LOC111126702,-0.239946442869139
LOC111123044,1.36547046170553
LOC111110279,-0.797834032634992
LOC111116790,0.117682681617904
LOC111129675,1.90341506124943
LOC111135524,-1.22773375428414
LOC111123356,-1.08542183242107
LOC111107554,-0.305397986236494
LOC111107555,0.30226429160772
LOC111132932,-0.180024537185327
LOC111114976,0.629311923619451
LOC111103388,0.1563628394641
LOC111118564,-0.124250942623486
LOC111118005,-0.256198132795138
LOC111135614,-0.0972928695896921
LOC111117124,-0.535484218813324
LOC111132086,0.103838010849191
LOC111107241,-0.0115815647065131
LOC111114484,0.0270065203904434
LOC111121328,1.73293948742474
LOC111127822,1.54395276873451
LOC111107952,-0.324293706447501
LOC111123352,-1.24414662563942
LOC111102183,-0.495139491520302
LOC111138067,-0.266589260004975
LOC111122921,1.78076302608072
LOC111137219,0.226370739062713
LOC111132221,0.220789259322206
LOC111132802,-0.236792423856927
LOC111135115,-1.70493553094525
LOC111111018,1.32528454669935
LOC111136971,0.459449972865406
LOC111105459,0.708658301988107
LOC111138325,-0.443935983276601
LOC111123293,0.113583014657216
LOC111102496,-0.733684395228923
LOC111105246,0.0624189724578033
LOC111102250,-0.0241852485328269
LOC111114602,2.29288341458988
LOC111133632,0.0230252926901248
LOC111135477,-0.416066202184943
LOC111124859,-2.26088950227787
LOC111135402,0.499704162281053
LOC111115682,0.555822296466444
LOC111107767,-0.0703137821037927
LOC111116737,-0.134720094974335
LOC111106310,1.09678739223473
LOC111111685,-23.1194898656295
LOC111124880,0.553544534440642
LOC111125636,1.80723532861182
LOC111108536,-0.271492285707231
LOC111126371,-0.436849043807618
LOC111113538,-0.45482704762008
LOC111102931,0.849911598171973
LOC111135666,0.902434666415222
LOC111105297,-0.106129129152648
LOC111106977,-0.462985001216767
LOC111131353,-0.565097248273611
LOC111113352,0.0480926078784809
LOC111125139,0.587409030010024
LOC111109717,-1.09160850033076
LOC111137456,-1.03774183140201
LOC111102932,0.385173047621404
LOC111130003,-1.10688792007131
LOC111113190,0.367402967092114
LOC111133796,-1.11087702199828
LOC111100869,1.81284436394675
LOC111110141,5.21226393120018
LOC111100709,0.00360017269387743
LOC111138049,0.372721802619287
LOC111136270,-2.23504129304815
LOC111111544,1.71506439221973
LOC111110140,-0.760169928342582
LOC111127260,4.0793554198886
LOC111137666,1.17068683943392
LOC111108119,0.178359757367256
LOC111123852,-2.33309283753981
LOC111103786,-3.71950838554421
LOC111111650,-0.0544990839188628
LOC111128231,-0.0178213519293984
LOC111125472,-0.482828470455805
LOC111122252,0.0535606449018298
LOC111100349,-0.323370407316873
LOC111103996,-0.299106237585728
LOC111129140,0.556607408894638
LOC111135988,-0.323490307112358
LOC111117623,0.333019701298983
LOC111137241,0.203843982038157
LOC111106361,-0.125187924681218
LOC111137487,0.862333571031096
LOC111126715,0.179834163535521
LOC111109534,0.761175275899428
LOC111119555,-0.0408262107975082
LOC111106835,-0.273512164932394
LOC111135884,0.577132459558396
LOC111134001,-1.64296529517324
LOC111103928,1.55651187227634
LOC111103012,2.06910680661563
LOC111105435,0.0494842642937656
LOC111103906,0.106181629213402
LOC111127659,-0.994483311385849
LOC111129876,-0.0942829549294908
LOC111120967,1.43940827067416
LOC111106381,0.67912356249973
LOC111123171,-0.0372843705668933
LOC111101222,0.31747271416715
LOC111127052,-2.13516150547363
LOC111134697,-2.64567517881587
LOC111133023,0.64668946032332
LOC111110055,0.29401183391206
LOC111109608,-0.8045595632653
LOC111137833,1.92908221632549
LOC111099564,0.625314272049917
LOC111118850,0.797680065178295
LOC111103155,-2.54481481738853
LOC111130291,-0.0627763664188464
LOC111122893,0.0718200784605316
LOC111129937,0.852546404331155
LOC111136732,-0.107036696073717
LOC111123697,0.0522982600174266
LOC111122077,-1.64093958028437
LOC111109002,-0.258146012414205
LOC111134073,0.268458434486514
LOC111117279,0.393976589948701
LOC111123966,-3.3837337776178
LOC111117684,0.708270681946269
LOC111118038,0.321282972134139
LOC111136178,3.25609947119349
LOC111127587,-0.910640298679251
LOC111136958,1.57832410345933
LOC111123198,0.172389933093206
LOC111123233,0.842387511763055
LOC111129250,-3.35049506502408
LOC111130712,-0.287294545904463
LOC111123864,0.36012152651018
LOC111113797,0.026417585491583
LOC111099985,11.7403792199515
LOC111133254,-1.32761170395287
LOC111126232,0.598783247352198
LOC111099528,-0.106279838477287
LOC111121436,0.299550209449956
LOC111132916,-0.425808020960818
LOC111109941,1.00711220896217
LOC111130070,-0.093175535809777
LOC111134133,-0.168902236695072
LOC111130569,-4.0643135628921
LOC111112553,-0.143129607365426
LOC111137023,-2.89370743662198
LOC111136864,0.694087475336975
LOC111133700,-0.607744585234871
LOC111101515,-0.923963993777344
LOC111122016,-0.587722977067748
LOC111108007,-0.432013649029071
LOC111107048,-1.24735923978732
LOC111138450,-0.470828844186966
LOC111134274,-0.0231142697949402
LOC111128638,-1.19961908992552
LOC111123140,0.324982858785326
LOC111116665,3.82276054854971
LOC111129537,1.38304076334596
LOC111136281,0.145378045569937
LOC111107039,0.130589692874553
LOC111104823,-0.149675143974208
LOC111112865,1.53278918943613
LOC111137271,-0.118467079157727
LOC111135323,0.00049183302268647
LOC111105765,0.962629214597809
LOC111133592,-1.12608684329075
LOC111129240,-0.152042781662784
LOC111116640,0.114129239236862
LOC111138183,0.847849065083273
LOC111102770,-4.42749354569722
LOC111126332,0.0413808332543463
LOC111127756,0.39533230595474
LOC111135460,0.950014507497281
LOC111108571,0.173224194399194
LOC111107420,0.146530168393174
LOC111122528,0.416937284772979
ND5,0.600709645588552
LOC111106103,0.107354014503789
LOC111110632,-0.468061119937901
LOC111125342,0.105535609721387
LOC111121622,0.796437691219227
LOC111131446,-0.230206552355272
LOC111109097,1.66327813913758
LOC111115584,0.281330529168948
LOC111131701,-0.651879646895374
LOC111135219,-3.16242189874056
LOC111108225,2.23395726789064
LOC111102366,-0.0215423848496605
LOC111099218,0.439193798032349
LOC111116431,0.0769272307937959
LOC111116749,0.208660347643225
LOC111124870,-0.552109802944791
LOC111137429,-1.39175277254057
LOC111119032,-0.454032867523888
LOC111132794,0.316197418361993
LOC111111795,-0.537719286811886
LOC111104643,0.0941059570664623
LOC111100924,0.387306433191771
LOC111126157,-0.508045475404062
LOC111133058,0.838760692455662
LOC111135336,-0.0383377484451315
LOC111106223,-0.356758104018303
LOC111120517,-0.277751743957117
LOC111118545,0.400839245451778
LOC111122394,0.901676914488141
LOC111130065,-0.258324995197945
LOC111108237,-0.666102759791296
LOC111136946,0.161680870207366
LOC111101123,-0.722724236477234
LOC111132924,0.715699773928771
LOC111119846,0.905037368507589
LOC111135819,0.317529260389917
LOC111101212,1.31783008235704
LOC111138077,-2.18125495116414
LOC111136866,0.72745619663914
LOC111103149,-1.32311433545171
LOC111118802,0.138615336494768
LOC111118844,0.113028677337541
LOC111099186,-0.16314712125909
LOC111121077,0.56569188968678
LOC111131406,0.933595569569875
LOC111099457,0.593279438945415
LOC111115955,0.984304846035356
LOC111121368,-5.82647539973155
LOC111108164,0.403851511040056
LOC111116438,0.062910166072191
LOC111131551,0.626796871118895
LOC111115171,-0.0673778088200544
LOC111116931,-0.293288222177341
LOC111137150,0.56306539608821
LOC111137725,1.31683165401543
LOC111119242,1.00727011445264
LOC111120170,0.302942242443882
LOC111136869,-0.209676888704545
LOC111126221,-0.235175325707238
LOC111105139,0.914993890863735
LOC111108199,-1.55735288544716
LOC111122487,1.32637863422556
LOC111127542,-2.31334078851644
LOC111134683,-0.718575543563581
LOC111118188,-0.324751278337838
LOC111115208,-0.934745423953643
LOC111119022,-0.212106678359967
LOC111106373,0.631692829701886
LOC111114765,0.567978955221506
LOC111122663,1.40407187852148
LOC111108139,0.0839853206494337
LOC111128396,-0.0223067173964674
LOC111122996,-0.0490216571580165
LOC111114998,0.167740391611996
LOC111132917,-1.24474543815276
LOC111134610,-0.115333131032667
LOC111123688,0.022258459103716
LOC111116586,-0.761506792038083
LOC111127746,-0.645309859766556
LOC111110099,-0.0610437937738679
LOC111112308,0.0768367380748822
LOC111138002,0.240910821666036
LOC111108575,2.11135887269738
LOC111126125,-0.0102098504763087
LOC111114456,-1.04133261583701
LOC111121992,0.0747248557511086
LOC111101629,0.387578730678638
LOC111136080,-1.91238338410192
LOC111126372,-0.39252859210929
LOC111129253,-0.221419774801134
LOC111104507,-5.5753851560907
LOC111137624,1.82340460963919
LOC111126906,-0.877184257990719
LOC111135746,-0.658454647400018
LOC111122941,0.0580126499674904
LOC111138408,-0.110016537430537
LOC111113174,1.0036047339226
LOC111126240,-2.01991975500051
LOC111111341,0.351002064370551
LOC111128597,-0.00511971477394268
LOC111136458,0.103105910635364
LOC111137139,3.56386185644526
LOC111117031,0.23490937050169
LOC111136724,-0.893028196346455
LOC111130426,0.517714079047672
LOC111134954,-0.443426280144501
LOC111128950,-1.33236203223785
LOC111119644,0.00648925753525513
LOC111103655,-1.68890158661631
LOC111113281,0.684666856409924
LOC111103954,0.00364292756318136
LOC111129900,-0.564195085572718
LOC111132869,0.047002437301986
LOC111130320,0.220733174201293
LOC111132194,0.860645478291274
LOC111131764,-2.28108722146691
LOC111133022,-0.126249049054264
LOC111134765,-0.166772807446736
LOC111121917,0.135481045032347
LOC111137251,1.00173940370206
LOC111137254,-1.33841958236292
LOC111129885,1.80617928639765
LOC111101211,0.562684491439786
LOC111105150,1.28429923158953
LOC111126616,-2.13981604007994
LOC111127345,0.252553679942562
LOC111113417,-0.627372131024868
LOC111131500,0.510590959363472
LOC111105603,-0.483614806979491
LOC111106453,-0.0011821221133601
LOC111129845,0.934671587952843
LOC111137910,-0.697178614918455
LOC111137264,0.0732055194958226
LOC111119254,-6.78877209151168
LOC111115678,-0.766616207698289
LOC111123263,0.400734045738272
LOC111111118,-1.791021416596
LOC111122076,0.292894088906377
LOC111109301,1.55511424966575
LOC111116363,1.41872599735445
LOC111130147,0.542898909570871
LOC111119700,2.02421990380937
LOC111132540,0.125970376311093
LOC111108448,-0.285878162826168
LOC111128016,-0.74925051234668
LOC111134153,-2.01548205926808
LOC111129142,0.881577414891223
LOC111118733,1.24413566733299
LOC111136902,0.406630611209184
LOC111135191,1.18407826696999
LOC111103095,-0.680023414295488
LOC111119919,0.562068455536885
LOC111103249,-0.515666246746892
LOC111104381,-0.430702900264525
LOC111130738,-1.25330499324343
LOC111117851,0.40614696741201
LOC111127664,-0.181696699652157
LOC111127166,-1.14702184019198
LOC111133340,-7.61096826234099
LOC111129525,-0.0533987255655269
LOC111101127,0.964866463943215
LOC111111367,-0.285509132045719
LOC111106088,0.766821293482201
LOC111102926,-2.33395908738993
LOC111105326,7.6839771557065
LOC111103772,-0.731648962212257
LOC111122626,0.467430059526296
LOC111102454,0.437561837651557
LOC111110321,-0.0621841035399909
LOC111119668,1.17778797271676
LOC111120224,0.0364449049139507
LOC111107770,-0.107092958694242
LOC111117132,0.147454047367563
LOC111138395,-1.76068493044588
LOC111137368,0.106462483831614
LOC111131132,0.0026424449440937
LOC111127418,0.804778529442093
LOC111118764,-1.23517946086527
LOC111118765,-6.05100282900972
LOC111118763,-5.11197340601736
LOC111115122,2.76751402561847
LOC111107980,0.617689492164956
LOC111114566,0.145760654997395
LOC111125511,0.0765561151749515
LOC111113108,0.05242969555999
LOC111137332,-0.822813913835067
LOC111136800,0.674474981498692
LOC111127592,-1.83378185826377
LOC111132292,-0.800057780716388
LOC111119112,-0.350594137856131
LOC111136837,-1.38423976074347
LOC111123099,0.388031440588669
LOC111128652,-0.863693414169156
LOC111126334,1.10935187048024
LOC111129392,0.567995833414783
LOC111106783,1.31877142190418
LOC111102596,-0.314825708358804
LOC111132034,0.0305115321378379
LOC111115635,-0.0790420326171363
LOC111111155,-0.202704898510507
LOC111102962,1.25681755190568
LOC111130693,0.387318522506446
LOC111100253,-0.103819547548797
LOC111129709,-0.555983648349208
LOC111114516,1.17388917440466
LOC111109328,-0.111481496824775
LOC111125948,0.148659239248121
LOC111125805,1.01437389319263
LOC111131024,0.181852579183706
LOC111128870,1.04615378046344
LOC111129342,-0.712629444135545
LOC111127883,-0.0433653108688204
LOC111114780,8.38344556714721
LOC111132031,-1.74968714310562
LOC111110748,-1.15778559857406
LOC111134732,-0.0350780736469461
LOC111120917,-3.96602107704751
LOC111133394,0.431111001364756
LOC111131291,0.341094557126088
LOC111119524,-1.77450179113624
LOC111127724,-0.810575059226328
LOC111125312,-0.619502118788863
LOC111138084,1.12407295249611
LOC111107225,-0.822804235629236
LOC111136981,-0.143957690819493
LOC111111716,9.44792275909666
LOC111126297,-1.12785271113898
LOC111123137,-1.62638197606458
LOC111116203,-1.26462354021714
LOC111118532,0.927602635932608
LOC111110324,-0.0546940271221281
LOC111135710,1.50759946499927
LOC111114645,-0.670356481640964
LOC111119595,-1.14806910417847
LOC111113432,0.0722719094096596
LOC111112407,-0.189695303716781
LOC111120622,-1.2558606035335
LOC111099715,2.9874238990758
LOC111111922,-0.120267879417649
LOC111114787,0.374898251313343
LOC111101316,0.0519905556828959
LOC111104845,-1.27567907649729
LOC111129502,0.523538184077868
LOC111109670,0.200308465334071
LOC111125597,0.0194119359812631
LOC111135680,-0.0414000712684009
LOC111109333,0.171391385395234
LOC111108486,0.743877750909888
LOC111106988,0.11467664107761
LOC111099067,-1.78805665209135
LOC111118363,0.773810096429603
LOC111124939,0.887436750894314
LOC111108265,0.59847048467203
LOC111130765,-0.9654391322069
LOC111113610,0.0624371019637201
LOC111132094,0.293959191703588
LOC111126502,-1.373591936529
LOC111130209,2.18994233257797
LOC111116172,0.0115778261654842
LOC111111617,-1.89749658006447
LOC111127289,-3.24353388544067
LOC111132473,0.0144181408647908
LOC111135982,-0.686271469661299
LOC111123844,0.317089416649358
LOC111130159,0.601450792748627
LOC111107913,-0.410697630728179
LOC111138359,-0.407004984042873
LOC111120879,1.64029294608869
LOC111109549,2.04258335730854
LOC111125821,-1.22356168524602
LOC111128245,-0.0546593642505489
LOC111125362,6.55216291208654
LOC111118083,-1.95067144927947
LOC111105449,0.338068213870118
LOC111129491,-2.02480133440204
LOC111110756,1.18436182892796
LOC111129260,0.792028461828233
LOC111135534,0.0663914102810565
CYTB,-3.84918184120152
LOC111135537,0.481851152193545
LOC111136774,-0.372802915691891
LOC111135496,0.684224793383427
LOC111124866,0.193955977247777
LOC111120746,-0.431799332029629
LOC111123059,-0.978594365073983
LOC111103873,0.733488552344826
LOC111136656,-1.36883843949848
LOC111138052,2.31869741996296
LOC111113446,-2.24162808005177
LOC111120281,-1.09484140883513
LOC111122030,-0.0957933960926111
LOC111106757,0.0540275800700553
LOC111120617,-0.759764621665481
LOC111099610,-3.90705278548138
LOC111104753,-1.00556970539395
LOC111134156,-0.414027521273201
LOC111114575,0.0401913376766605
LOC111132680,-0.250339211133586
LOC111106154,0.626902402118272
LOC111110785,0.189418068843613
LOC111119561,4.19147319486825
LOC111133307,-0.513540251533474
LOC111120831,-0.159447902311384
LOC111116598,0.0219171981917904
LOC111133997,-0.38440010982468
LOC111117754,7.63837568519877
LOC111120649,-0.324657159007009
LOC111111287,0.193611965629011
LOC111120216,-0.380397206116874
LOC111138092,-1.98454288357589
LOC111103373,1.59265628349832
LOC111136472,-0.562876562530566
LOC111113727,-0.376758038093346
LOC111135625,-2.66114149416341
LOC111126631,-0.158025927722608
LOC111122189,-0.88395463466808
LOC111129277,-0.453933694723822
LOC111115168,-0.0538444772418596
LOC111133440,-4.42503869245487
LOC111133785,0.341410866789868
LOC111101956,-0.171272720784859
LOC111136676,0.452495721987045
LOC111105755,-0.347020964481007
LOC111104133,1.92588040964667
LOC111130300,-0.675758738723295
LOC111099145,-1.57565304625992
LOC111113182,0.089477901120535
LOC111099942,-0.129242735811761
LOC111136014,-0.192245785761156
LOC111127597,-0.927857161567364
LOC111132856,0.0232374353892846
LOC111118193,-1.03528690217526
LOC111137311,-1.41143753934893
LOC111123583,0.476180757732183
LOC111099100,-0.477347380294699
LOC111129982,-0.166597850044894
LOC111105748,-0.41156458993902
LOC111115406,0.449863513520905
LOC111127203,0.212539166664642
LOC111121163,-0.246348445215068
LOC111106714,-0.124813619593644
LOC111099095,0.280177815276531
LOC111129644,2.2198743415861
LOC111104835,0.410898385816453
LOC111122325,0.417357157353666
LOC111134968,-1.16807944983755
LOC111133084,-0.653789786247344
LOC111103856,6.05435170138143
LOC111119285,-0.280626991298363
LOC111124864,0.152929406637349
LOC111129220,-1.99937581173077
LOC111122821,0.374994049258571
LOC111104462,0.0285546983732236
LOC111110089,0.804850473909234
LOC111115904,-0.0608963098492201
LOC111127788,-1.26994464552712
LOC111111579,-0.0268078542438992
LOC111126210,-0.526601245893307
LOC111132825,1.06239692196957
LOC111121624,-1.04208873442941
LOC111123994,1.44734138082143
LOC111101458,0.801418175724921
LOC111118556,-0.198713305681622
LOC111117530,-0.306688968000338
LOC111110854,0.498155198329828
LOC111100481,0.99333855133283
LOC111101297,0.110365616571192
LOC111104990,0.089230890863586
LOC111107490,0.763479759539795
LOC111137755,0.203690516431575
LOC111108384,-1.26736269010321
LOC111133217,-0.0441150871914303
LOC111123328,-0.00583990070042591
LOC111126301,-1.51278583829773
LOC111137444,-2.46132729101207
LOC111101830,0.0180257341976038
LOC111100620,-1.54770930574628
LOC111128244,-0.0292093890232383
LOC111110734,-1.41442822256326
LOC111110208,1.30972669529361
LOC111135356,0.305061863982403
LOC111104396,-6.06054006529416
LOC111116794,-0.929464342281402
LOC111136219,-0.869734992086615
LOC111119445,-0.743585661416453
LOC111100985,-2.12066887200045
LOC111120996,1.5038175437182
LOC111117152,-0.349953699262812
LOC111121343,-0.806921267757702
LOC111111133,-4.32077800001998
LOC111131819,-0.864817599283044
LOC111101195,0.319487882152032
LOC111117657,-0.70188174560259
LOC111125921,0.148134861102115
LOC111121210,-0.574334694406098
LOC111108878,-1.67353213049714
LOC111134970,1.79856946744365
LOC111126835,-0.767296265678855
LOC111126554,-0.0210140323594732
LOC111138019,-0.260528365857395
LOC111100498,0.241824064764801
LOC111137252,-0.054277498470025
LOC111133488,-0.745273273646334
LOC111126077,-0.495964974946558
LOC111105796,-5.60374789868713
LOC111128115,-2.0726018061284
LOC111130492,-0.261743569933616
LOC111129190,-0.774210917420394
LOC111124474,-0.12434667017663
LOC111102513,0.928247430915907
LOC111104698,0.560483066969179
LOC111109435,-3.30979836120554
LOC111113183,3.31330427422412
LOC111111334,-0.234205271881233
LOC111136760,0.183131361398938
LOC111108579,0.340401956934373
LOC111103521,-0.560674783583237
LOC111101140,-2.45653454395948
LOC111116233,0.099285650663769
LOC111130619,0.254208506590383
LOC111135691,0.217786118681731
LOC111125556,0.0479544436502461
LOC111126900,0.0540351704722392
LOC111118595,-5.30113520545304
LOC111119579,-3.52172927298332
LOC111131650,0.584879520569976
LOC111104409,-1.04301263230412
LOC111104589,-0.726244879643783
LOC111129103,1.8940991428985
LOC111103020,0.438932469128891
LOC111129958,0.501991473769846
LOC111136907,0.595254684707333
LOC111112868,-0.618052796006588
LOC111114817,-1.13648650988571
LOC111137213,-0.077392620468741
LOC111116942,0.165190492449312
LOC111129314,0.210221885931844
LOC111129952,0.0235644279498815
LOC111102820,0.744059339386196
LOC111125667,5.92406587559753
LOC111108537,-0.523482345762418
LOC111128242,0.403346206466913
LOC111106102,0.0427578341467889
LOC111110791,0.0309752926314074
LOC111130054,-0.135845415456254
LOC111107263,0.31897000187155
LOC111108394,-3.40424178849003
LOC111124975,-2.16347870974066
LOC111112471,-0.00966452638307858
LOC111108355,3.38855591530511
LOC111106649,1.57134548543075
LOC111099522,2.12907496915488
LOC111135501,0.128202566445402
LOC111121514,1.92640050663995
LOC111125479,-2.27905557238064
LOC111129477,0.562648281707453
LOC111103916,2.09540310885053
LOC111135860,-8.84492414628954
LOC111100426,-4.99962758281932
LOC111119920,0.125454654005262
LOC111124154,0.440838495538298
LOC111118267,0.507300898364148
LOC111102882,0.228260199418009
LOC111110272,0.380412672703851
LOC111122695,-1.27287302500473
LOC111124985,0.542077010605104
LOC111119676,-1.75749101436094
LOC111120551,-3.08388412258559
LOC111133352,-2.26598501795866
LOC111107423,-0.419296560636294
LOC111105807,-0.000914331225883421
LOC111124702,-1.21284852152452
LOC111132957,0.720608335776934
LOC111138023,0.594527807319972
LOC111120086,-2.92991972395964
LOC111134459,0.120592582196154
LOC111113186,1.2424916347115
LOC111135503,-0.0269609879477076
LOC111108773,-0.572895454413662
LOC111106915,-1.23251619242047
LOC111114858,0.503706550800268
LOC111131153,0.660370641853498
LOC111119533,-8.06295076849594
LOC111120664,-0.908716931575544
LOC111100548,-0.554429138857099
LOC111124376,0.363543508608131
LOC111130995,0.649680697290373
LOC111113845,0.881507306432076
LOC111126817,-0.370123540478622
LOC111123358,-0.531260071611461
LOC111103360,0.870067399905927
LOC111100975,-0.0281587862103651
LOC111112296,-1.06670540478333
LOC111114616,-0.423447113291265
LOC111118268,0.280597958519468
LOC111121235,0.631541878555995
LOC111118884,0.312063743911794
LOC111126101,-0.999875029798595
LOC111109552,-0.72330305818691
LOC111118270,0.0627848484373684
LOC111105784,-0.686486390256442
LOC111113581,-0.304327643256528
LOC111114282,-1.99490765861257
LOC111133613,0.222658273879258
LOC111106777,0.168978076004631
LOC111117879,0.547980575004864
LOC111100864,1.29938898973796
LOC111118602,-2.59015944097768
LOC111126127,0.426134386378111
LOC111133693,-1.02255436074621
LOC111124198,-2.51627069874796
LOC111136553,0.316906339136301
LOC111103995,2.25813642005304
LOC111130363,1.0980946802198
LOC111107540,0.142112053843127
LOC111133810,0.433838391843714
LOC111108504,-0.495911267984953
LOC111123141,0.992313557028679
LOC111133578,-1.66680711403941
LOC111117470,0.190607022174634
LOC111107247,-0.354628074641735
LOC111134357,1.24464380563811
LOC111120064,-0.292541837557228
LOC111100590,0.435078480237428
LOC111132428,0.702946555572973
LOC111107704,-0.677232110274878
LOC111122630,1.07689909209199
LOC111106709,-0.799441748770556
LOC111130425,0.0904703465598981
LOC111131850,-0.702698545471054
LOC111102275,0.68230413199158
LOC111128285,0.0502535147615759
LOC111138425,0.159296686485319
LOC111130730,-0.377069024907931
LOC111137631,-0.417209010198732
LOC111119459,-0.656890209122427
LOC111120082,2.51751031436977
LOC111135718,-0.764471572857659
LOC111131826,-3.26120755881607
LOC111131638,-1.7607825458844
LOC111134875,-1.15473411794792
LOC111120678,-1.30615916627401
LOC111118250,0.785148757965215
LOC111137818,-4.1391640272877
LOC111128907,-0.132062412230115
LOC111138322,-0.580480561287291
LOC111128596,0.418575726169225
LOC111115900,-0.429865240878829
LOC111128663,-0.198449518718306
LOC111117772,1.30988634951116
LOC111128080,-0.245953708094782
LOC111109905,-0.813630780524754
LOC111102422,-6.28423298437121
LOC111136176,0.758149959829115
LOC111118295,-0.354275368771624
LOC111115294,-0.430244836477196
LOC111130784,0.10502408090078
LOC111131643,0.665883725046952
LOC111121259,-0.689778993085281
LOC111110343,0.0489968700444693
LOC111100142,-1.43356567716063
LOC111136663,0.103013601497992
LOC111134614,-1.48514356946172
LOC111111609,0.914853634776063
LOC111133941,-0.381988914062818
LOC111135844,-0.975609023063747
LOC111130450,-0.176480682617202
LOC111127223,0.613295003776701
LOC111138027,-0.662868321505256
LOC111133043,0.0292393960158735
LOC111100436,0.713368986305206
LOC111130974,0.0315186212645164
LOC111100390,0.228263501588515
LOC111120954,0.585269641164457
LOC111134267,0.303237333717129
LOC111115698,-0.957829857315898
LOC111114682,-0.297052545262331
LOC111126884,0.179605033282032
LOC111129621,-2.34866728466378
LOC111111984,-0.179409504899322
LOC111128382,1.21718228280807
LOC111104100,-0.563714424558338
LOC111130100,0.147852040777588
LOC111103265,8.35201769828452
LOC111134492,0.936737445976427
LOC111111025,-0.709094806110401
LOC111122733,-0.438497161590481
LOC111119531,6.78807317557562
LOC111135135,-0.402350729317446
LOC111131077,0.094037054937385
LOC111103865,6.03540533477591
LOC111104539,0.953809999957009
LOC111100815,-0.0517138315570572
LOC111103002,-0.0678433650616738
LOC111115772,-0.00927998637107624
LOC111122833,0.377341692067158
LOC111127081,-3.73605231343129
LOC111114859,-0.216643908148641
LOC111100137,-0.61202700391388
LOC111101132,-0.138029969418825
LOC111101260,-1.22011074165071
LOC111129272,0.893138422741594
LOC111137093,0.176340172445289
LOC111118619,0.107010945675009
LOC111102920,-0.131973427910491
LOC111130788,1.04294642940198
LOC111099919,-0.251959761330452
LOC111136155,2.46835330849019
LOC111109594,-0.173111892693031
LOC111118165,0.41432493248027
LOC111131803,3.22484666455477
LOC111137242,0.291622342353448
LOC111108110,-0.0882664864206556
LOC111103325,1.48049724317027
LOC111126575,-1.95515738455982
LOC111103050,0.25720467292814
LOC111109197,0.944238379278881
LOC111136840,0.730652973485563
LOC111113720,-1.28033484996595
LOC111108689,-0.141974931068204
LOC111115495,0.228546445873876
LOC111123683,0.731176930849789
LOC111119479,2.10249037906637
LOC111112952,0.443087666911994
LOC111136116,1.50541424435935
LOC111114627,0.25684358215995
LOC111126426,-0.577588608133026
LOC111117358,0.209676514752077
LOC111132892,-1.51338371608525
LOC111135848,-0.813395776312585
LOC111131137,-2.04339503991589
LOC111128465,-0.083154146058636
LOC111107942,-0.465142111082778
LOC111101722,-0.910773032772467
LOC111137965,0.134694470493279
LOC111114302,-2.97149191073717
LOC111118404,-0.986845560679021
LOC111115492,0.00613413004486072
LOC111123079,0.185938759221002
LOC111100718,0.0314856768526384
LOC111130517,-0.491878131521982
LOC111099734,-0.368051534067945
LOC111118219,-1.78437337136034
LOC111136778,0.522359472375038
LOC111101018,0.101308665398816
LOC111107758,1.51151564414182
LOC111127241,1.22056204531889
LOC111121686,3.35197575123993
LOC111122199,2.24163462509856
LOC111106122,0.164043253729104
LOC111123666,-0.313712093503713
LOC111114547,0.493469381239497
LOC111104316,-0.275327304633589
LOC111129217,4.46685920708353
LOC111136684,0.0400279018668611
LOC111111492,1.41337221077526
LOC111136617,-2.86558056859463
LOC111132115,0.751955285726382
LOC111103826,-4.71909089566638
LOC111125509,0.0270658001012087
LOC111125421,-0.583664464092164
LOC111104565,-0.46819023419872
LOC111121095,-0.0666746072376433
LOC111134708,-0.0544143889282253
LOC111134647,1.19241661529234
LOC111115680,-1.48514416545307
LOC111114527,-0.0413219999321954
LOC111126963,0.0405830884995244
LOC111103167,2.31859619929976
LOC111109702,-0.0916108442449715
LOC111135948,-2.57807102466618
LOC111136884,0.134782536808743
LOC111116582,0.498484117631931
LOC111115757,3.29365475018078
LOC111110286,-0.00123183064379009
LOC111124942,0.967636741987974
LOC111107427,-0.943763163515152
LOC111127944,-1.18320299355356
LOC111101728,2.42829306464686
LOC111106263,0.475465180050262
LOC111123292,1.00091656440077
LOC111110788,0.186741814678982
LOC111118443,-0.00178808757955249
LOC111138416,0.0134821314289191
LOC111114902,2.63165443860851
LOC111135711,-6.0909477973656
LOC111102981,-3.01733776216395
LOC111133161,-1.60735560793899
LOC111117757,0.165744304215311
LOC111117621,-0.0525366614700969
LOC111115600,0.188022996645322
LOC111135918,1.25023391987026
LOC111120267,0.901750130419858
LOC111118906,0.414024426239569
LOC111136661,-0.456452343996481
LOC111112738,-0.100142742306428
LOC111125836,-0.88461120684153
LOC111110042,0.00467557527037283
LOC111112261,0.8210710198914
LOC111102504,4.54149093190427
LOC111107057,1.54149985537539
LOC111121670,-0.569035555621304
LOC111117043,-0.086179231718187
LOC111118012,0.891861013344767
LOC111121024,-2.35637479382226
LOC111128586,-0.45843795558806
LOC111133244,0.0131069896366844
LOC111115724,0.179526628147503
LOC111127215,-0.0926401844683983
LOC111134022,0.613878261153642
LOC111112381,-0.360547504124737
LOC111133016,1.60221787570906
LOC111114968,0.235146306610325
LOC111119888,0.962514256115623
LOC111113429,0.984967058137157
LOC111105215,-0.272135632978874
LOC111113658,-0.0542371426395895
LOC111132246,0.156864278060334
LOC111114832,-0.0848238282905448
LOC111110033,0.90034189152281
LOC111128417,1.4991820968491
LOC111121221,-2.26799532310636
LOC111120812,-0.181227517426801
LOC111135241,0.517998265956404
LOC111114173,1.56760789007493
LOC111132379,0.22644505640546
LOC111133260,-3.04471770019752
LOC111122340,1.34195319440267
LOC111109795,0.251801608606011
LOC111131585,0.297117747670349
LOC111135445,3.76877498953956
LOC111126107,-2.29402074586407
LOC111128345,-0.190420875106573
LOC111117880,-0.107787464042496
LOC111123689,-0.00250242065425192
LOC111129629,1.38549764437972
LOC111119862,-0.104127874975386
LOC111117698,-0.0506622723945842
LOC111116131,-0.104621412879034
LOC111134093,1.97084230370549
LOC111138076,0.184014605391143
LOC111124394,0.974679827860265
LOC111113318,-0.0385665143920531
LOC111115106,-3.43433168404499
LOC111132959,-1.03719124287292
LOC111115226,1.47901346850332
LOC111101863,0.854962559854858
LOC111118648,-1.71399625920416
LOC111129478,-0.732243203282418
LOC111108207,1.24546287285938
LOC111119193,-0.0802637528387032
LOC111106534,0.13607334099371
LOC111101464,-1.08003100326757
LOC111100592,-0.56670197539781
LOC111100051,0.357520646277797
LOC111130294,-0.736372773388609
LOC111130050,-0.0305403855283063
LOC111133784,-2.32477534298888
LOC111136275,0.516183737037443
LOC111125917,0.784674564188554
LOC111111521,-0.468091276199921
LOC111119484,0.187741949968754
LOC111126956,-0.100163908497195
LOC111133690,-0.0338763946595407
LOC111116954,1.54749173511521
LOC111101076,-5.07690656343658
LOC111108346,-3.83290980013897
LOC111127997,0.605730406614181
LOC111123962,-0.178411290309193
LOC111122832,-0.321442466113004
LOC111118959,-8.14276014738443
LOC111122606,-2.4766645916363
LOC111113547,1.98442718829835
LOC111125548,-6.31696045612935
LOC111137786,0.0799933518962657
LOC111133769,0.00925325096625054
LOC111110182,1.55280177964842
LOC111112605,-0.975644436899902
LOC111126053,0.097989992942803
LOC111133483,-0.712037795602183
LOC111100376,0.397700114315643
LOC111119401,-0.368909455090848
LOC111101078,0.390144002906051
LOC111110025,1.48895610540412
LOC111122902,-1.22003261197793
LOC111106665,-0.522475982488594
LOC111111308,0.466025075030443
LOC111103038,0.0487539419785771
LOC111115504,0.372036399401449
LOC111135943,-0.232134873285799
LOC111113715,0.318317396759591
LOC111126529,-2.10969253082913
LOC111135484,-0.675357828416573
LOC111104604,0.356575112061819
LOC111111208,0.322648047773632
LOC111104875,-0.364314117269176
LOC111114242,-0.211756571804242
LOC111135732,-0.862211539750189
LOC111131245,0.877918106087453
LOC111113780,5.8885812103261
LOC111126398,-0.945075871949487
LOC111103159,-0.123577909803632
LOC111122620,-0.146625991746521
LOC111109603,-0.78516999896776
LOC111136795,-0.66212188963956
LOC111107987,-0.191579749867916
LOC111124734,0.227502871485742
LOC111103668,0.749379957244965
LOC111101521,1.30266148025761
LOC111120665,2.90824604146824
LOC111134808,-0.3997669926018
LOC111099199,-0.741932664362848
LOC111133704,-0.939996363843598
LOC111133759,0.109094611803725
LOC111117646,-0.0749482867932828
LOC111132044,-0.843324951210521
LOC111132815,0.528525870238359
LOC111109599,-0.387165704566712
LOC111128424,0.311787998409537
LOC111108580,-0.0554335208366657
LOC111101082,0.255484440682936
LOC111105235,-0.312761619509937
LOC111137742,0.349961448681749
LOC111128937,-1.47509745986833
LOC111120107,-0.706161074689673
LOC111108775,0.410275324057962
LOC111130892,-0.808051025167559
LOC111115094,-1.59445498740338
LOC111136923,0.458935702551856
LOC111106506,-0.396422467982054
LOC111102610,0.592954185258862
LOC111123545,-0.134333419091782
LOC111135294,-0.00956417817519028
LOC111123778,-0.100484474975738
LOC111137942,-0.0550318552196506
LOC111126200,1.1329164949986
LOC111123894,-0.0409573926640097
LOC111102894,-0.858380791736967
LOC111099997,1.22700986990921
LOC111111786,0.897066884792054
LOC111114910,1.8334651421533
LOC111107691,-0.0481464524759454
LOC111130246,0.626209491512016
LOC111119385,0.392225878667624
LOC111137211,-2.96487750215292
LOC111126797,-4.50040774541355
LOC111113382,-0.829234622231801
LOC111114619,3.80074895931959
LOC111131806,1.22295286674177
LOC111136909,-0.0035384290445608
LOC111136295,-0.876801632126362
LOC111114347,2.27444596006481
LOC111122998,0.0820905949261802
LOC111129215,0.867291214610133
LOC111104650,0.716443392730291
LOC111135437,0.080852732858662
LOC111125492,-0.0459003234186198
LOC111104040,-0.582155651442406
LOC111123419,-1.24607140860653
LOC111136493,0.589667602381021
LOC111127980,-0.462589968021352
LOC111119480,0.333961502503326
LOC111108498,-1.92620763529096
LOC111106573,0.0566312838608342
LOC111137223,-0.445540761799298
LOC111126151,0.859992582542441
LOC111131131,-1.77429278437475
LOC111130157,-0.76571779643027
LOC111099429,-2.67929871764585
LOC111113917,0.68732478618813
LOC111120171,-0.687403792967208
LOC111120555,0.021902934351788
LOC111130452,0.658159120839092
LOC111124778,-2.86081471454389
LOC111110574,-1.11601230612974
LOC111121443,-0.44533256710217
LOC111137001,0.214455553794504
LOC111110225,2.07575577086212
LOC111112819,4.87052496812193
LOC111103550,-0.625691614335776
LOC111099870,-4.1234230904606
LOC111137480,-0.390258972794682
LOC111119142,0.509379156508298
LOC111111600,-2.49244447253307
LOC111126338,0.484325303271686
LOC111130225,5.36461747520807
LOC111110739,-0.0532132898476666
LOC111125289,0.393885643447641
LOC111102673,0.208895413965046
LOC111120757,-2.42439344866041
LOC111113512,-0.69420646523516
LOC111108797,-1.31821995090441
LOC111128901,-0.613675098465433
LOC111113103,-0.186933007642168
LOC111122329,-3.26515258731325
LOC111125288,0.483207021340794
LOC111104482,-0.77583406535498
LOC111117238,0.0749779688403063
LOC111138384,-1.06570590504213
LOC111119707,0.450190830517908
LOC111110264,-0.117803251689345
LOC111125689,-0.31085525958334
LOC111101614,-0.324385761578942
LOC111101242,3.23270122899902
LOC111132135,-0.20082353093959
LOC111117334,-2.3836962953296
LOC111112939,0.156509117034881
LOC111138115,0.200383581811378
LOC111099438,-0.29629511482429
LOC111108004,2.24064409836345
LOC111106010,-3.34194951553543
LOC111119323,0.212076310970196
LOC111101548,-3.80832224361047
LOC111121008,-2.33615746126381
LOC111130051,0.753456064854277
LOC111130143,0.407905085813227
LOC111127909,-0.214278799973371
LOC111109744,0.0486427102172501
LOC111109849,-2.28720707225786
LOC111106421,0.495048963941567
LOC111102489,-0.845391015254956
LOC111125118,-1.71302301504424
LOC111108697,0.0851648422598953
